Date,padd4&5_distillates_stocks,padd1_distillates_stocks,padd2_distillates_stocks,padd3_distillates_stocks,us_distillates_demand,us_distillates_stocks,summary_table
1982-08-20 00:00:00,0.0,,,,,149415,
1982-08-27 00:00:00,0.0,,,,,154589,
1982-09-24 00:00:00,0.0,,,,,158684,
1982-10-01 00:00:00,0.0,,,,,154461,
1982-10-08 00:00:00,0.0,,,,,158242,
1982-10-15 00:00:00,0.0,,,,,161578,
1982-10-22 00:00:00,0.0,,,,,162934,
1982-10-29 00:00:00,0.0,,,,,163615,
1982-11-05 00:00:00,0.0,,,,,167788,
1982-11-12 00:00:00,0.0,,,,,171476,
1982-11-19 00:00:00,0.0,,,,,176408,
1982-11-26 00:00:00,0.0,,,,,177220,
1982-12-03 00:00:00,0.0,,,,,183739,
1982-12-10 00:00:00,0.0,,,,,186012,
1982-12-17 00:00:00,0.0,,,,,180500,
1982-12-24 00:00:00,0.0,,,,,182191,
1982-12-31 00:00:00,0.0,,,,,181320,
1983-01-07 00:00:00,0.0,,,,,177776,
1983-01-14 00:00:00,0.0,,,,,175056,
1983-01-21 00:00:00,0.0,,,,,170674,
1983-01-28 00:00:00,0.0,,,,,169335,
1983-02-04 00:00:00,0.0,,,,,164140,
1983-02-11 00:00:00,0.0,,,,,156851,
1983-02-18 00:00:00,0.0,,,,,151762,
1983-02-25 00:00:00,0.0,,,,,147669,
1983-03-04 00:00:00,0.0,,,,,143232,
1983-03-11 00:00:00,0.0,,,,,140328,
1983-03-18 00:00:00,0.0,,,,,134386,
1983-03-25 00:00:00,0.0,,,,,130691,
1983-04-01 00:00:00,0.0,,,,,120716,
1983-04-08 00:00:00,0.0,,,,,113374,
1983-04-15 00:00:00,0.0,,,,,108005,
1983-04-29 00:00:00,0.0,,,,,103591,
1983-05-13 00:00:00,0.0,,,,,105353,
1983-05-20 00:00:00,0.0,,,,,105660,
1983-06-03 00:00:00,0.0,,,,,106526,
1983-06-10 00:00:00,0.0,,,,,110887,
1983-06-17 00:00:00,0.0,,,,,110489,
1983-06-24 00:00:00,0.0,,,,,110184,
1983-07-01 00:00:00,0.0,,,,,111977,
1983-07-08 00:00:00,0.0,,,,,118492,
1983-07-15 00:00:00,0.0,,,,,122288,
1983-07-22 00:00:00,0.0,,,,,125013,
1983-07-29 00:00:00,0.0,,,,,129243,
1983-08-05 00:00:00,0.0,,,,,131400,
1983-08-12 00:00:00,0.0,,,,,134269,
1983-08-19 00:00:00,0.0,,,,,137558,
1983-08-26 00:00:00,0.0,,,,,138537,
1983-09-02 00:00:00,0.0,,,,,142766,
1983-09-09 00:00:00,0.0,,,,,146674,
1983-09-16 00:00:00,0.0,,,,,150449,
1983-09-23 00:00:00,0.0,,,,,153838,
1983-09-30 00:00:00,0.0,,,,,153527,
1983-10-07 00:00:00,0.0,,,,,157008,
1983-10-14 00:00:00,0.0,,,,,157722,
1983-10-21 00:00:00,0.0,,,,,161612,
1983-10-28 00:00:00,0.0,,,,,163626,
1983-11-04 00:00:00,0.0,,,,,160034,
1983-11-11 00:00:00,0.0,,,,,162110,
1983-11-18 00:00:00,0.0,,,,,160733,
1983-11-25 00:00:00,0.0,,,,,160547,
1983-12-02 00:00:00,0.0,,,,,162001,
1983-12-09 00:00:00,0.0,,,,,159824,
1983-12-16 00:00:00,0.0,,,,,157021,
1983-12-23 00:00:00,0.0,,,,,157436,
1983-12-30 00:00:00,0.0,,,,,144425,
1984-01-06 00:00:00,0.0,,,,,138558,
1984-01-13 00:00:00,0.0,,,,,132425,
1984-01-20 00:00:00,0.0,,,,,124411,
1984-01-27 00:00:00,0.0,,,,,118970,
1984-02-03 00:00:00,0.0,,,,,116726,
1984-02-10 00:00:00,0.0,,,,,117705,
1984-02-17 00:00:00,0.0,,,,,125895,
1984-02-24 00:00:00,0.0,,,,,132867,
1984-03-02 00:00:00,0.0,,,,,129907,
1984-03-09 00:00:00,0.0,,,,,127991,
1984-03-16 00:00:00,0.0,,,,,121019,
1984-03-23 00:00:00,0.0,,,,,115454,
1984-03-30 00:00:00,0.0,,,,,112580,
1984-04-06 00:00:00,0.0,,,,,104946,
1984-04-13 00:00:00,0.0,,,,,101387,
1984-04-20 00:00:00,0.0,,,,,98783,
1984-04-27 00:00:00,0.0,,,,,99220,
1984-05-04 00:00:00,0.0,,,,,98671,
1984-05-11 00:00:00,0.0,,,,,97136,
1984-05-18 00:00:00,0.0,,,,,95694,
1984-05-25 00:00:00,0.0,,,,,94254,
1984-06-01 00:00:00,0.0,,,,,99267,
1984-06-08 00:00:00,0.0,,,,,102953,
1984-06-15 00:00:00,0.0,,,,,104657,
1984-06-22 00:00:00,0.0,,,,,111756,
1984-06-29 00:00:00,0.0,,,,,113277,
1984-07-06 00:00:00,0.0,,,,,115533,
1984-07-13 00:00:00,0.0,,,,,119185,
1984-07-20 00:00:00,0.0,,,,,122417,
1984-07-27 00:00:00,0.0,,,,,123507,
1984-08-03 00:00:00,0.0,,,,,126057,
1984-08-10 00:00:00,0.0,,,,,128721,
1984-08-17 00:00:00,0.0,,,,,132176,
1984-08-24 00:00:00,0.0,,,,,133575,
1984-08-31 00:00:00,0.0,,,,,136038,
1984-09-07 00:00:00,0.0,,,,,140575,
1984-09-14 00:00:00,0.0,,,,,139605,
1984-09-21 00:00:00,0.0,,,,,141027,
1984-09-28 00:00:00,0.0,,,,,141939,
1984-10-05 00:00:00,0.0,,,,,143191,
1984-10-12 00:00:00,0.0,,,,,148298,
1984-10-19 00:00:00,0.0,,,,,152974,
1984-10-26 00:00:00,0.0,,,,,155641,
1984-11-02 00:00:00,0.0,,,,,154929,
1984-11-09 00:00:00,0.0,,,,,157501,
1984-11-16 00:00:00,0.0,,,,,157133,
1984-11-23 00:00:00,0.0,,,,,159417,
1984-11-30 00:00:00,0.0,,,,,161646,
1984-12-07 00:00:00,0.0,,,,,158118,
1984-12-14 00:00:00,0.0,,,,,155273,
1984-12-21 00:00:00,0.0,,,,,155580,
1984-12-28 00:00:00,0.0,,,,,159499,
1985-01-04 00:00:00,0.0,,,,,162841,
1985-01-11 00:00:00,0.0,,,,,162711,
1985-01-18 00:00:00,0.0,,,,,155146,
1985-01-25 00:00:00,0.0,,,,,145689,
1985-02-01 00:00:00,0.0,,,,,143350,
1985-02-08 00:00:00,0.0,,,,,139186,
1985-02-15 00:00:00,0.0,,,,,133574,
1985-02-22 00:00:00,0.0,,,,,126365,
1985-03-01 00:00:00,0.0,,,,,123669,
1985-03-08 00:00:00,0.0,,,,,117561,
1985-03-15 00:00:00,0.0,,,,,109990,
1985-03-22 00:00:00,0.0,,,,,103819,
1985-03-29 00:00:00,0.0,,,,,98539,
1985-04-05 00:00:00,0.0,,,,,98195,
1985-04-12 00:00:00,0.0,,,,,97250,
1985-04-19 00:00:00,0.0,,,,,96263,
1985-04-26 00:00:00,0.0,,,,,95906,
1985-05-03 00:00:00,0.0,,,,,96584,
1985-05-10 00:00:00,0.0,,,,,97349,
1985-05-17 00:00:00,0.0,,,,,99311,
1985-05-24 00:00:00,0.0,,,,,100847,
1985-05-31 00:00:00,0.0,,,,,105001,
1985-06-07 00:00:00,0.0,,,,,105288,
1985-06-14 00:00:00,0.0,,,,,106951,
1985-06-21 00:00:00,0.0,,,,,107828,
1985-06-28 00:00:00,0.0,,,,,107941,
1985-07-05 00:00:00,0.0,,,,,110986,
1985-07-12 00:00:00,0.0,,,,,112515,
1985-07-19 00:00:00,0.0,,,,,115151,
1985-07-26 00:00:00,0.0,,,,,118360,
1985-08-02 00:00:00,0.0,,,,,115667,
1985-08-09 00:00:00,0.0,,,,,116301,
1985-08-16 00:00:00,0.0,,,,,117813,
1985-08-23 00:00:00,0.0,,,,,116902,
1985-08-30 00:00:00,0.0,,,,,114127,
1985-09-06 00:00:00,0.0,,,,,115710,
1985-09-13 00:00:00,0.0,,,,,115807,
1985-09-20 00:00:00,0.0,,,,,114625,
1985-09-27 00:00:00,0.0,,,,,115197,
1985-10-04 00:00:00,0.0,,,,,114396,
1985-10-11 00:00:00,0.0,,,,,116264,
1985-10-18 00:00:00,0.0,,,,,116398,
1985-10-25 00:00:00,0.0,,,,,120726,
1985-11-01 00:00:00,0.0,,,,,121971,
1985-11-08 00:00:00,0.0,,,,,123068,
1985-11-15 00:00:00,0.0,,,,,129291,
1985-11-22 00:00:00,0.0,,,,,131966,
1985-11-29 00:00:00,0.0,,,,,136011,
1985-12-06 00:00:00,0.0,,,,,141370,
1985-12-13 00:00:00,0.0,,,,,141618,
1985-12-20 00:00:00,0.0,,,,,139919,
1985-12-27 00:00:00,0.0,,,,,143344,
1986-01-03 00:00:00,0.0,,,,,145080,
1986-01-10 00:00:00,0.0,,,,,146695,
1986-01-17 00:00:00,0.0,,,,,145730,
1986-01-24 00:00:00,0.0,,,,,143604,
1986-01-31 00:00:00,0.0,,,,,138675,
1986-02-07 00:00:00,0.0,,,,,135529,
1986-02-14 00:00:00,0.0,,,,,129003,
1986-02-21 00:00:00,0.0,,,,,123415,
1986-02-28 00:00:00,0.0,,,,,114417,
1986-03-07 00:00:00,0.0,,,,,108817,
1986-03-14 00:00:00,0.0,,,,,100875,
1986-03-21 00:00:00,0.0,,,,,98526,
1986-03-28 00:00:00,0.0,,,,,97845,
1986-04-04 00:00:00,0.0,,,,,98896,
1986-04-11 00:00:00,0.0,,,,,97733,
1986-04-18 00:00:00,0.0,,,,,96523,
1986-04-25 00:00:00,0.0,,,,,97241,
1986-05-02 00:00:00,0.0,,,,,95321,
1986-05-09 00:00:00,0.0,,,,,94524,
1986-05-16 00:00:00,0.0,,,,,93294,
1986-05-23 00:00:00,0.0,,,,,92691,
1986-05-30 00:00:00,0.0,,,,,97589,
1986-06-06 00:00:00,0.0,,,,,98596,
1986-06-13 00:00:00,0.0,,,,,100581,
1986-06-20 00:00:00,0.0,,,,,103791,
1986-06-27 00:00:00,0.0,,,,,104308,
1986-07-04 00:00:00,0.0,,,,,106458,
1986-07-11 00:00:00,0.0,,,,,107558,
1986-07-18 00:00:00,0.0,,,,,111223,
1986-07-25 00:00:00,0.0,,,,,111673,
1986-08-01 00:00:00,0.0,,,,,118894,
1986-08-08 00:00:00,0.0,,,,,120734,
1986-08-15 00:00:00,0.0,,,,,121528,
1986-08-22 00:00:00,0.0,,,,,128999,
1986-08-29 00:00:00,0.0,,,,,132858,
1986-09-05 00:00:00,0.0,,,,,137082,
1986-09-12 00:00:00,0.0,,,,,143584,
1986-09-19 00:00:00,0.0,,,,,145849,
1986-09-26 00:00:00,0.0,,,,,148492,
1986-10-03 00:00:00,0.0,,,,,150834,
1986-10-10 00:00:00,0.0,,,,,153728,
1986-10-17 00:00:00,0.0,,,,,151815,
1986-10-24 00:00:00,0.0,,,,,152171,
1986-10-31 00:00:00,0.0,,,,,151896,
1986-11-07 00:00:00,0.0,,,,,153723,
1986-11-14 00:00:00,0.0,,,,,154088,
1986-11-21 00:00:00,0.0,,,,,152461,
1986-11-28 00:00:00,0.0,,,,,152632,
1986-12-05 00:00:00,0.0,,,,,154533,
1986-12-12 00:00:00,0.0,,,,,155991,
1986-12-19 00:00:00,0.0,,,,,154341,
1986-12-26 00:00:00,0.0,,,,,155124,
1987-01-02 00:00:00,0.0,,,,,155830,
1987-01-09 00:00:00,0.0,,,,,155298,
1987-01-16 00:00:00,0.0,,,,,151330,
1987-01-23 00:00:00,0.0,,,,,147992,
1987-01-30 00:00:00,0.0,,,,,143598,
1987-02-06 00:00:00,0.0,,,,,138733,
1987-02-13 00:00:00,0.0,,,,,136263,
1987-02-20 00:00:00,0.0,,,,,131798,
1987-02-27 00:00:00,0.0,,,,,128370,
1987-03-06 00:00:00,0.0,,,,,119593,
1987-03-13 00:00:00,0.0,,,,,112039,
1987-03-20 00:00:00,0.0,,,,,108793,
1987-03-27 00:00:00,0.0,,,,,106906,
1987-04-03 00:00:00,0.0,,,,,106854,
1987-04-10 00:00:00,0.0,,,,,105764,
1987-04-17 00:00:00,0.0,,,,,104866,
1987-04-24 00:00:00,0.0,,,,,103623,
1987-05-01 00:00:00,0.0,,,,,99823,
1987-05-08 00:00:00,0.0,,,,,97865,
1987-05-15 00:00:00,0.0,,,,,95243,
1987-05-22 00:00:00,0.0,,,,,95885,
1987-05-29 00:00:00,0.0,,,,,100667,
1987-06-05 00:00:00,0.0,,,,,99287,
1987-06-12 00:00:00,0.0,,,,,99450,
1987-06-19 00:00:00,0.0,,,,,102666,
1987-06-26 00:00:00,0.0,,,,,103561,
1987-07-03 00:00:00,0.0,,,,,104988,
1987-07-10 00:00:00,0.0,,,,,109265,
1987-07-17 00:00:00,0.0,,,,,111275,
1987-07-24 00:00:00,0.0,,,,,113447,
1987-07-31 00:00:00,0.0,,,,,113663,
1987-08-07 00:00:00,0.0,,,,,114395,
1987-08-14 00:00:00,0.0,,,,,119819,
1987-08-21 00:00:00,0.0,,,,,121360,
1987-08-28 00:00:00,0.0,,,,,122472,
1987-09-04 00:00:00,0.0,,,,,122354,
1987-09-11 00:00:00,0.0,,,,,126626,
1987-09-18 00:00:00,0.0,,,,,125585,
1987-09-25 00:00:00,0.0,,,,,128599,
1987-10-02 00:00:00,0.0,,,,,128681,
1987-10-09 00:00:00,0.0,,,,,128017,
1987-10-16 00:00:00,0.0,,,,,124975,
1987-10-23 00:00:00,0.0,,,,,123177,
1987-10-30 00:00:00,0.0,,,,,122894,
1987-11-06 00:00:00,0.0,,,,,120537,
1987-11-13 00:00:00,0.0,,,,,124785,
1987-11-20 00:00:00,0.0,,,,,123920,
1987-11-27 00:00:00,0.0,,,,,122311,
1987-12-04 00:00:00,0.0,,,,,127749,
1987-12-11 00:00:00,0.0,,,,,126770,
1987-12-18 00:00:00,0.0,,,,,127849,
1987-12-25 00:00:00,0.0,,,,,131127,
1988-01-01 00:00:00,0.0,,,,,137169,
1988-01-08 00:00:00,0.0,,,,,135783,
1988-01-15 00:00:00,0.0,,,,,132064,
1988-01-22 00:00:00,0.0,,,,,128517,
1988-01-29 00:00:00,0.0,,,,,126670,
1988-02-05 00:00:00,0.0,,,,,123132,
1988-02-12 00:00:00,0.0,,,,,117145,
1988-02-19 00:00:00,0.0,,,,,113358,
1988-02-26 00:00:00,0.0,,,,,111688,
1988-03-04 00:00:00,0.0,,,,,108209,
1988-03-11 00:00:00,0.0,,,,,102749,
1988-03-18 00:00:00,0.0,,,,,99110,
1988-03-25 00:00:00,0.0,,,,,94866,
1988-04-01 00:00:00,0.0,,,,,91965,
1988-04-08 00:00:00,0.0,,,,,92650,
1988-04-15 00:00:00,0.0,,,,,94967,
1988-04-22 00:00:00,0.0,,,,,93475,
1988-04-29 00:00:00,0.0,,,,,94899,
1988-05-06 00:00:00,0.0,,,,,95317,
1988-05-13 00:00:00,0.0,,,,,97503,
1988-05-20 00:00:00,0.0,,,,,97961,
1988-05-27 00:00:00,0.0,,,,,99817,
1988-06-03 00:00:00,0.0,,,,,103804,
1988-06-10 00:00:00,0.0,,,,,108435,
1988-06-17 00:00:00,0.0,,,,,109966,
1988-06-24 00:00:00,0.0,,,,,110636,
1988-07-01 00:00:00,0.0,,,,,112184,
1988-07-08 00:00:00,0.0,,,,,116214,
1988-07-15 00:00:00,0.0,,,,,117214,
1988-07-22 00:00:00,0.0,,,,,117481,
1988-07-29 00:00:00,0.0,,,,,118668,
1988-08-05 00:00:00,0.0,,,,,119571,
1988-08-12 00:00:00,0.0,,,,,120998,
1988-08-19 00:00:00,0.0,,,,,123661,
1988-08-26 00:00:00,0.0,,,,,122162,
1988-09-02 00:00:00,0.0,,,,,125585,
1988-09-09 00:00:00,0.0,,,,,131772,
1988-09-16 00:00:00,0.0,,,,,133801,
1988-09-23 00:00:00,0.0,,,,,134913,
1988-09-30 00:00:00,0.0,,,,,134735,
1988-10-07 00:00:00,0.0,,,,,134050,
1988-10-14 00:00:00,0.0,,,,,133318,
1988-10-21 00:00:00,0.0,,,,,128848,
1988-10-28 00:00:00,0.0,,,,,130645,
1988-11-04 00:00:00,0.0,,,,,129711,
1988-11-11 00:00:00,0.0,,,,,127212,
1988-11-18 00:00:00,0.0,,,,,128162,
1988-11-25 00:00:00,0.0,,,,,127762,
1988-12-02 00:00:00,0.0,,,,,128880,
1988-12-09 00:00:00,0.0,,,,,127340,
1988-12-16 00:00:00,0.0,,,,,126916,
1988-12-23 00:00:00,0.0,,,,,124749,
1988-12-30 00:00:00,0.0,,,,,125548,
1989-01-06 00:00:00,0.0,,,,,126817,
1989-01-13 00:00:00,0.0,,,,,125053,
1989-01-20 00:00:00,0.0,,,,,120024,
1989-01-27 00:00:00,0.0,,,,,119772,
1989-02-03 00:00:00,0.0,,,,,118010,
1989-02-10 00:00:00,0.0,,,,,116267,
1989-02-17 00:00:00,0.0,,,,,112651,
1989-02-24 00:00:00,0.0,,,,,110541,
1989-03-03 00:00:00,0.0,,,,,108402,
1989-03-10 00:00:00,0.0,,,,,102556,
1989-03-17 00:00:00,0.0,,,,,100216,
1989-03-24 00:00:00,0.0,,,,,96586,
1989-03-31 00:00:00,0.0,,,,,98147,
1989-04-07 00:00:00,0.0,,,,,97887,
1989-04-14 00:00:00,0.0,,,,,99216,
1989-04-21 00:00:00,0.0,,,,,97782,
1989-04-28 00:00:00,0.0,,,,,96738,
1989-05-05 00:00:00,0.0,,,,,95953,
1989-05-12 00:00:00,0.0,,,,,96832,
1989-05-19 00:00:00,0.0,,,,,94553,
1989-05-26 00:00:00,0.0,,,,,94986,
1989-06-02 00:00:00,0.0,,,,,99019,
1989-06-09 00:00:00,0.0,,,,,98669,
1989-06-16 00:00:00,0.0,,,,,97760,
1989-06-23 00:00:00,0.0,,,,,98421,
1989-06-30 00:00:00,0.0,,,,,100092,
1989-07-07 00:00:00,0.0,,,,,104810,
1989-07-14 00:00:00,0.0,,,,,109731,
1989-07-21 00:00:00,0.0,,,,,108828,
1989-07-28 00:00:00,0.0,,,,,113217,
1989-08-04 00:00:00,0.0,,,,,115812,
1989-08-11 00:00:00,0.0,,,,,116476,
1989-08-18 00:00:00,0.0,,,,,118002,
1989-08-25 00:00:00,0.0,,,,,116487,
1989-09-01 00:00:00,0.0,,,,,116231,
1989-09-08 00:00:00,0.0,,,,,118891,
1989-09-15 00:00:00,0.0,,,,,120684,
1989-09-22 00:00:00,0.0,,,,,121919,
1989-09-29 00:00:00,0.0,,,,,122375,
1989-10-06 00:00:00,0.0,,,,,121136,
1989-10-13 00:00:00,0.0,,,,,120163,
1989-10-20 00:00:00,0.0,,,,,119898,
1989-10-27 00:00:00,0.0,,,,,119032,
1989-11-03 00:00:00,0.0,,,,,119158,
1989-11-10 00:00:00,0.0,,,,,122191,
1989-11-17 00:00:00,0.0,,,,,118850,
1989-11-24 00:00:00,0.0,,,,,121163,
1989-12-01 00:00:00,0.0,,,,,121911,
1989-12-08 00:00:00,0.0,,,,,118134,
1989-12-15 00:00:00,0.0,,,,,115782,
1989-12-22 00:00:00,0.0,,,,,111143,
1989-12-29 00:00:00,0.0,,,,,106744,
1990-01-05 00:00:00,32514.0,37024.0,,,,109207,37024.0
1990-01-12 00:00:00,33579.0,36753.0,,,,109516,36753.0
1990-01-19 00:00:00,34838.0,40115.0,,,,114347,40115.0
1990-01-26 00:00:00,35900.0,43991.0,,,,119922,43991.0
1990-02-02 00:00:00,35239.0,47492.0,,,,122954,47492.0
1990-02-09 00:00:00,35574.0,46603.0,,,,122229,46603.0
1990-02-16 00:00:00,34729.0,45870.0,,,,120413,45870.0
1990-02-23 00:00:00,34184.0,44977.0,,,,118477,44977.0
1990-03-02 00:00:00,34059.0,42266.0,,,,115706,42266.0
1990-03-09 00:00:00,32717.0,38611.0,,,,110772,38611.0
1990-03-16 00:00:00,31418.0,36319.0,,,,107077,36319.0
1990-03-23 00:00:00,31520.0,33538.0,,,,103187,33538.0
1990-03-30 00:00:00,31688.0,33145.0,,,,102203,33145.0
1990-04-06 00:00:00,30164.0,30795.0,,,,98960,30795.0
1990-04-13 00:00:00,30542.0,29812.0,,,,98140,29812.0
1990-04-20 00:00:00,30329.0,29495.0,,,,96385,29495.0
1990-04-27 00:00:00,30508.0,28511.0,,,,96581,28511.0
1990-05-04 00:00:00,28899.0,29175.0,,,,96669,29175.0
1990-05-11 00:00:00,29435.0,28778.0,,,,97054,28778.0
1990-05-18 00:00:00,30150.0,30568.0,,,,98930,30568.0
1990-05-25 00:00:00,29760.0,31681.0,,,,100713,31681.0
1990-06-01 00:00:00,30974.0,33408.0,,,,103054,33408.0
1990-06-08 00:00:00,30845.0,34490.0,,,,105527,34490.0
1990-06-15 00:00:00,31688.0,37214.0,,,,108385,37214.0
1990-06-22 00:00:00,30949.0,38732.0,,,,109580,38732.0
1990-06-29 00:00:00,31300.0,40910.0,,,,110964,40910.0
1990-07-06 00:00:00,31240.0,43220.0,,,,113826,43220.0
1990-07-13 00:00:00,31911.0,45876.0,,,,117826,45876.0
1990-07-20 00:00:00,31355.0,49205.0,,,,120499,49205.0
1990-07-27 00:00:00,32039.0,49719.0,,,,122438,49719.0
1990-08-03 00:00:00,30914.0,51185.0,,,,122138,51185.0
1990-08-10 00:00:00,30278.0,53424.0,,,,122994,53424.0
1990-08-17 00:00:00,31082.0,54480.0,,,,124943,54480.0
1990-08-24 00:00:00,30614.0,54080.0,,,,126340,54080.0
1990-08-31 00:00:00,31481.0,56064.0,,,,129733,56064.0
1990-09-07 00:00:00,32566.0,58376.0,,,,134435,58376.0
1990-09-14 00:00:00,32254.0,60658.0,,,,135971,60658.0
1990-09-21 00:00:00,32251.0,63166.0,,,,137983,63166.0
1990-09-28 00:00:00,30886.0,63766.0,,,,136899,63766.0
1990-10-05 00:00:00,30353.0,62949.0,,,,134007,62949.0
1990-10-12 00:00:00,30153.0,65858.0,,,,136646,65858.0
1990-10-19 00:00:00,30570.0,66335.0,,,,136997,66335.0
1990-10-26 00:00:00,30577.0,66523.0,,,,138549,66523.0
1990-11-02 00:00:00,30027.0,65646.0,,,,137892,65646.0
1990-11-09 00:00:00,42846.0,65497.0,11200.0,41000.0,,136160,65497.0
1990-11-16 00:00:00,42901.0,64758.0,10600.0,40800.0,,134642,64758.0
1990-11-23 00:00:00,44611.0,63053.0,10400.0,38500.0,,134566,63053.0
1990-11-30 00:00:00,44987.0,60757.0,10900.0,36200.0,,134440,60757.0
1990-12-07 00:00:00,45395.0,58719.0,9800.0,34900.0,,133203,58719.0
1990-12-14 00:00:00,46704.0,56477.0,10200.0,32200.0,,132331,56477.0
1990-12-21 00:00:00,47103.0,54502.0,8700.0,31500.0,,129581,54502.0
1990-12-28 00:00:00,48161.0,54867.0,8600.0,31500.0,,129846,54867.0
1991-01-04 00:00:00,49367.0,53809.0,8500.0,29800.0,,129423,53809.0
1991-01-11 00:00:00,46154.0,50181.0,8600.0,28200.0,,126956,50181.0
1991-01-18 00:00:00,43815.0,46411.0,7400.0,25700.0,,117980,46411.0
1991-01-25 00:00:00,43332.0,44023.0,6800.0,24100.0,,115089,44023.0
1991-02-01 00:00:00,42394.0,40491.0,6700.0,21100.0,,110890,40491.0
1991-02-08 00:00:00,42900.0,38349.0,6600.0,19600.0,3139.0,108705,38349.0
1991-02-15 00:00:00,42029.0,35710.0,5700.0,18600.0,3121.0,105147,35710.0
1991-02-22 00:00:00,42352.0,33618.0,4200.0,18300.0,2847.0,104337,33618.0
1991-03-01 00:00:00,41333.0,32236.0,4000.0,17600.0,2964.0,102276,32236.0
1991-03-08 00:00:00,40223.0,29928.0,3900.0,16200.0,3338.0,101071,29928.0
1991-03-15 00:00:00,38962.0,28710.0,3400.0,15000.0,3699.0,96815,28710.0
1991-03-22 00:00:00,38651.0,29355.0,3600.0,15500.0,2946.0,97420,29355.0
1991-03-29 00:00:00,40543.0,29180.0,3400.0,14700.0,3026.0,97028,29180.0
1991-04-05 00:00:00,40677.0,30064.0,3600.0,15200.0,3106.0,96007,30064.0
1991-04-12 00:00:00,40172.0,30170.0,3900.0,15500.0,2789.0,96949,30170.0
1991-04-19 00:00:00,39950.0,31440.0,4800.0,16100.0,2790.0,98364,31440.0
1991-04-26 00:00:00,39957.0,32270.0,5000.0,17300.0,2610.0,100598,32270.0
1991-05-03 00:00:00,30235.0,33142.0,,,2877.0,101538,33142.0
1991-05-10 00:00:00,41249.0,34085.0,5200.0,18200.0,2891.0,103025,34085.0
1991-05-17 00:00:00,41452.0,34370.0,4700.0,18200.0,2933.0,102361,34370.0
1991-05-24 00:00:00,42190.0,34655.0,4400.0,19400.0,2806.0,102974,34655.0
1991-05-31 00:00:00,43642.0,36079.0,4700.0,20500.0,2346.0,108200,36079.0
1991-06-07 00:00:00,43041.0,37251.0,4900.0,21200.0,2916.0,108069,37251.0
1991-06-14 00:00:00,43244.0,39901.0,4700.0,23000.0,2795.0,111170,39901.0
1991-06-21 00:00:00,43709.0,42622.0,5900.0,24800.0,2675.0,113705,42622.0
1991-06-28 00:00:00,42707.0,43975.0,6600.0,26100.0,3089.0,113216,43975.0
1991-07-05 00:00:00,41851.0,44642.0,6700.0,26600.0,2914.0,113605,44642.0
1991-07-12 00:00:00,43416.0,47650.0,7300.0,28900.0,2055.0,120095,47650.0
1991-07-19 00:00:00,42892.0,47902.0,7400.0,29700.0,3121.0,120306,47902.0
1991-07-26 00:00:00,43067.0,49297.0,7900.0,30500.0,2682.0,122550,49297.0
1991-08-02 00:00:00,44029.0,51154.0,9500.0,30300.0,2787.0,125040,51154.0
1991-08-09 00:00:00,43527.0,52136.0,9100.0,31800.0,2755.0,126356,52136.0
1991-08-16 00:00:00,42550.0,52970.0,8400.0,34200.0,2959.0,126038,52970.0
1991-08-23 00:00:00,43664.0,53507.0,8700.0,33600.0,2841.0,127749,53507.0
1991-08-30 00:00:00,43136.0,55336.0,9300.0,35600.0,2876.0,129670,55336.0
1991-09-06 00:00:00,44809.0,57165.0,9200.0,36700.0,2774.0,132645,57165.0
1991-09-13 00:00:00,44787.0,58837.0,9900.0,37600.0,2826.0,135574,58837.0
1991-09-20 00:00:00,45663.0,61589.0,10700.0,38800.0,2987.0,139631,61589.0
1991-09-27 00:00:00,44648.0,62874.0,11100.0,39700.0,3053.0,140645,62874.0
1991-10-04 00:00:00,43975.0,63004.0,11000.0,39700.0,3417.0,138759,63004.0
1991-10-11 00:00:00,43285.0,64856.0,11500.0,41100.0,3086.0,139319,64856.0
1991-10-18 00:00:00,42913.0,64733.0,11400.0,41300.0,3233.0,137650,64733.0
1991-10-25 00:00:00,43342.0,66335.0,11400.0,42100.0,3054.0,137730,66335.0
1991-11-01 00:00:00,44151.0,66773.0,11900.0,42400.0,2977.0,139775,66773.0
1991-11-08 00:00:00,43661.0,64904.0,11800.0,40700.0,3408.0,137673,64904.0
1991-11-15 00:00:00,43334.0,65336.0,11800.0,41000.0,3025.0,138604,65336.0
1991-11-22 00:00:00,43608.0,65319.0,11900.0,40600.0,3087.0,140153,65319.0
1991-11-29 00:00:00,45460.0,66027.0,12000.0,40800.0,2879.0,142650,66027.0
1991-12-06 00:00:00,46393.0,66397.0,12500.0,40400.0,2915.0,143692,66397.0
1991-12-13 00:00:00,46861.0,68075.0,10700.0,42900.0,3279.0,144896,68075.0
1991-12-20 00:00:00,45594.0,65442.0,10400.0,42300.0,3616.0,142480,65442.0
1991-12-27 00:00:00,46891.0,66229.0,10200.0,42100.0,3026.0,144710,66229.0
1992-01-03 00:00:00,48309.0,65039.0,10600.0,40700.0,3188.0,145185,65039.0
1992-01-10 00:00:00,45807.0,62567.0,10300.0,40000.0,3242.0,142876,62567.0
1992-01-17 00:00:00,46673.0,60770.0,8900.0,38900.0,3727.0,137967,60770.0
1992-01-24 00:00:00,44302.0,57182.0,8100.0,37100.0,3561.0,132738,57182.0
1992-01-31 00:00:00,42468.0,54046.0,7500.0,35400.0,3665.0,127538,54046.0
1992-02-07 00:00:00,43147.0,51781.0,7400.0,32500.0,3386.0,122891,51781.0
1992-02-14 00:00:00,40932.0,46185.0,6000.0,29800.0,3723.0,115610,46185.0
1992-02-21 00:00:00,40858.0,44666.0,5900.0,28200.0,3176.0,112456,44666.0
1992-02-28 00:00:00,41269.0,41784.0,6100.0,25000.0,3266.0,109417,41784.0
1992-03-06 00:00:00,40685.0,39726.0,6200.0,23100.0,3305.0,104078,39726.0
1992-03-13 00:00:00,41334.0,38368.0,6100.0,21300.0,2629.0,104819,38368.0
1992-03-20 00:00:00,39837.0,33631.0,4900.0,19000.0,3300.0,100852,33631.0
1992-03-27 00:00:00,39245.0,30360.0,4300.0,17100.0,3226.0,98451,30360.0
1992-04-03 00:00:00,39269.0,28192.0,4200.0,14700.0,3386.0,94498,28192.0
1992-04-10 00:00:00,38544.0,26714.0,3500.0,13700.0,3418.0,91386,26714.0
1992-04-17 00:00:00,37686.0,27236.0,3300.0,14400.0,2757.0,91902,27236.0
1992-04-24 00:00:00,39007.0,28007.0,3400.0,14700.0,2819.0,92789,28007.0
1992-05-01 00:00:00,38642.0,27971.0,3400.0,15000.0,3222.0,91954,27971.0
1992-05-08 00:00:00,36293.0,26927.0,2800.0,14800.0,3208.0,89512,26927.0
1992-05-15 00:00:00,36500.0,26884.0,2900.0,14500.0,2825.0,89423,26884.0
1992-05-22 00:00:00,36122.0,28107.0,3900.0,14400.0,2744.0,90180,28107.0
1992-05-29 00:00:00,38023.0,28551.0,4100.0,14500.0,2295.0,95444,28551.0
1992-06-05 00:00:00,36918.0,29392.0,4600.0,14900.0,3170.0,95003,29392.0
1992-06-12 00:00:00,38977.0,31862.0,5800.0,15600.0,2620.0,97795,31862.0
1992-06-19 00:00:00,38924.0,33328.0,6200.0,16400.0,2842.0,98645,33328.0
1992-06-26 00:00:00,40995.0,36807.0,6500.0,18400.0,2353.0,104397,36807.0
1992-07-03 00:00:00,41677.0,38300.0,7500.0,18600.0,2814.0,106237,38300.0
1992-07-10 00:00:00,42923.0,41121.0,7900.0,20700.0,2597.0,109622,41121.0
1992-07-17 00:00:00,40819.0,42334.0,8800.0,22300.0,3069.0,110287,42334.0
1992-07-24 00:00:00,40798.0,43720.0,9500.0,23800.0,2538.0,114479,43720.0
1992-07-31 00:00:00,41558.0,46949.0,10000.0,26200.0,2912.0,116511,46949.0
1992-08-07 00:00:00,41552.0,49030.0,10900.0,27100.0,2808.0,120250,49030.0
1992-08-14 00:00:00,42326.0,52169.0,11100.0,29200.0,2519.0,123014,52169.0
1992-08-21 00:00:00,41079.0,53583.0,10900.0,31600.0,2789.0,125210,53583.0
1992-08-28 00:00:00,42182.0,55318.0,10800.0,33100.0,2747.0,126477,55318.0
1992-09-04 00:00:00,41078.0,55718.0,10800.0,34400.0,3020.0,125169,55718.0
1992-09-11 00:00:00,42610.0,61101.0,12300.0,37500.0,2179.0,131943,61101.0
1992-09-18 00:00:00,42789.0,61672.0,11900.0,38000.0,2994.0,132124,61672.0
1992-09-25 00:00:00,43037.0,62130.0,12000.0,38700.0,2917.0,133111,62130.0
1992-10-02 00:00:00,42320.0,60599.0,11900.0,38400.0,3412.0,131957,60599.0
1992-10-09 00:00:00,41632.0,61371.0,11700.0,38500.0,3226.0,131990,61371.0
1992-10-16 00:00:00,40216.0,61267.0,12000.0,38000.0,3516.0,131208,61267.0
1992-10-23 00:00:00,41049.0,62542.0,12500.0,38200.0,2989.0,134151,62542.0
1992-10-30 00:00:00,41656.0,65006.0,13100.0,39700.0,3122.0,136144,65006.0
1992-11-06 00:00:00,41029.0,65709.0,13400.0,40300.0,3179.0,137682,65709.0
1992-11-13 00:00:00,42125.0,67529.0,12900.0,41800.0,2822.0,141058,67529.0
1992-11-20 00:00:00,42253.0,67538.0,11600.0,42900.0,3628.0,138620,67538.0
1992-11-27 00:00:00,43355.0,65978.0,11800.0,40700.0,3355.0,140003,65978.0
1992-12-04 00:00:00,45975.0,68671.0,11700.0,42200.0,2649.0,144763,68671.0
1992-12-11 00:00:00,44562.0,65713.0,10400.0,41600.0,3507.0,141632,65713.0
1992-12-18 00:00:00,42882.0,63139.0,9900.0,40700.0,3740.0,137699,63139.0
1992-12-25 00:00:00,42911.0,65080.0,10400.0,41700.0,3158.0,138918,65080.0
1993-01-01 00:00:00,46191.0,65261.0,10000.0,41500.0,2832.0,141903,65261.0
1993-01-08 00:00:00,48401.0,66001.0,11300.0,39700.0,2857.0,143645,66001.0
1993-01-15 00:00:00,49292.0,65423.0,11400.0,38800.0,3194.0,141743,65423.0
1993-01-22 00:00:00,46770.0,61810.0,11100.0,37300.0,3626.0,137630,61810.0
1993-01-29 00:00:00,45961.0,60417.0,11400.0,35300.0,3815.0,131446,60417.0
1993-02-05 00:00:00,44767.0,55320.0,10300.0,32200.0,3980.0,124373,55320.0
1993-02-12 00:00:00,43041.0,51031.0,9800.0,30800.0,3392.0,120707,51031.0
1993-02-19 00:00:00,43199.0,48644.0,9300.0,27600.0,3374.0,117065,48644.0
1993-02-26 00:00:00,40614.0,44376.0,8800.0,25500.0,3735.0,111818,44376.0
1993-03-05 00:00:00,39697.0,39531.0,7500.0,21300.0,4052.0,104081,39531.0
1993-03-12 00:00:00,40417.0,36575.0,6400.0,19400.0,3159.0,102238,36575.0
1993-03-19 00:00:00,38300.0,33929.0,6600.0,18200.0,3444.0,99817,33929.0
1993-03-26 00:00:00,38448.0,32880.0,6200.0,16400.0,3694.0,96510,32880.0
1993-04-02 00:00:00,40565.0,33092.0,5300.0,16700.0,2998.0,97317,33092.0
1993-04-09 00:00:00,39434.0,33973.0,5300.0,18100.0,2915.0,98606,33973.0
1993-04-16 00:00:00,38362.0,33860.0,5100.0,19400.0,3344.0,97070,33860.0
1993-04-23 00:00:00,37772.0,34866.0,5300.0,20100.0,2713.0,100234,34866.0
1993-04-30 00:00:00,37361.0,34468.0,5600.0,19700.0,3358.0,98888,34468.0
1993-05-07 00:00:00,36061.0,36179.0,5553.0,21743.0,2997.0,101227,36179.0
1993-05-14 00:00:00,36939.0,34354.0,5801.0,19113.0,3014.0,99764,34354.0
1993-05-21 00:00:00,35833.0,36398.0,5678.0,21147.0,3098.0,100658,36398.0
1993-05-28 00:00:00,36684.0,38356.0,6402.0,21771.0,2989.0,102480,38356.0
1993-06-04 00:00:00,36014.0,38578.0,6211.0,22337.0,3058.0,101178,38578.0
1993-06-11 00:00:00,38333.0,40790.0,6849.0,22877.0,2674.0,104105,40790.0
1993-06-18 00:00:00,37927.0,41445.0,7333.0,23065.0,2752.0,106827,41445.0
1993-06-25 00:00:00,38040.0,42351.0,7400.0,24300.0,3155.0,106993,42351.0
1993-07-02 00:00:00,39551.0,43750.0,7868.0,24930.0,2865.0,110497,43750.0
1993-07-09 00:00:00,39557.0,46515.0,9289.0,26292.0,2481.0,116090,46515.0
1993-07-16 00:00:00,41283.0,47774.0,9276.0,26997.0,2843.0,118568,47774.0
1993-07-23 00:00:00,41132.0,50630.0,9956.0,28688.0,3069.0,120335,50630.0
1993-07-30 00:00:00,41403.0,51199.0,8902.0,30726.0,3152.0,121335,51199.0
1993-08-06 00:00:00,38511.0,52206.0,9657.0,31757.0,3338.0,121806,52206.0
1993-08-13 00:00:00,36826.0,54019.0,9721.0,34890.0,3061.0,122918,54019.0
1993-08-20 00:00:00,36684.0,57338.0,10683.0,36346.0,2672.0,125490,57338.0
1993-08-27 00:00:00,36541.0,57756.0,10469.0,36418.0,3305.0,124544,57756.0
1993-09-03 00:00:00,37399.0,59638.0,11093.0,37943.0,2979.0,127238,59638.0
1993-09-10 00:00:00,39493.0,63161.0,11781.0,39547.0,2855.0,130732,63161.0
1993-09-17 00:00:00,39053.0,63868.0,12607.0,39633.0,3103.0,131296,63868.0
1993-09-24 00:00:00,39634.0,65108.0,12398.0,40866.0,3341.0,131457,65108.0
1993-10-01 00:00:00,38973.0,66902.0,14572.0,40856.0,3325.0,131065,66902.0
1993-10-08 00:00:00,38182.0,67616.0,14635.0,41792.0,3227.0,132914,67616.0
1993-10-15 00:00:00,37059.0,68301.0,15057.0,42037.0,3432.0,133430,68301.0
1993-10-22 00:00:00,39703.0,68488.0,14203.0,41558.0,3485.0,134378,68488.0
1993-10-29 00:00:00,42170.0,70642.0,14656.0,43241.0,3056.0,139109,70642.0
1993-11-05 00:00:00,41851.0,69700.0,13651.0,42999.0,3796.0,137564,69700.0
1993-11-12 00:00:00,42643.0,69457.0,13437.0,42400.0,3305.0,138384,69457.0
1993-11-19 00:00:00,43270.0,68571.0,13152.0,41878.0,3429.0,138781,68571.0
1993-11-26 00:00:00,44246.0,68424.0,13367.0,41849.0,3124.0,141767,68424.0
1993-12-03 00:00:00,48115.0,69789.0,13255.0,41845.0,2965.0,146209,69789.0
1993-12-10 00:00:00,47994.0,66876.0,12612.0,40770.0,3700.0,144663,66876.0
1993-12-17 00:00:00,47591.0,64928.0,11986.0,39012.0,3865.0,140788,64928.0
1993-12-24 00:00:00,46598.0,65909.0,11814.0,41257.0,3057.0,142473,65909.0
1993-12-31 00:00:00,50111.0,66325.0,11951.0,40380.0,3103.0,144694,66325.0
1994-01-07 00:00:00,50271.0,59498.0,11140.0,34537.0,4002.0,140003,59498.0
1994-01-14 00:00:00,47801.0,55795.0,10251.0,32520.0,4212.0,134605,55795.0
1994-01-21 00:00:00,45602.0,47888.0,8298.0,27857.0,4277.0,125677,47888.0
1994-01-28 00:00:00,43316.0,43194.0,7323.0,24126.0,4436.0,116709,43194.0
1994-02-04 00:00:00,40689.0,35821.0,6624.0,19067.0,4410.0,108250,35821.0
1994-02-11 00:00:00,39602.0,34835.0,6892.0,17861.0,3965.0,104666,34835.0
1994-02-18 00:00:00,39921.0,33560.0,5032.0,18285.0,3685.0,102495,33560.0
1994-02-25 00:00:00,38640.0,34964.0,5622.0,18871.0,3432.0,101361,34964.0
1994-03-04 00:00:00,38746.0,33410.0,5110.0,17814.0,3441.0,99097,33410.0
1994-03-11 00:00:00,38397.0,34075.0,5649.0,18958.0,3395.0,99466,34075.0
1994-03-18 00:00:00,39520.0,34430.0,6120.0,17409.0,3405.0,98771,34430.0
1994-03-25 00:00:00,38538.0,34357.0,5906.0,17344.0,3314.0,97215,34357.0
1994-04-01 00:00:00,38684.0,34001.0,5418.0,17970.0,2903.0,99172,34001.0
1994-04-08 00:00:00,39853.0,32072.0,4724.0,15976.0,3527.0,97442,32072.0
1994-04-15 00:00:00,39160.0,32104.0,4576.0,16935.0,2954.0,99302,32104.0
1994-04-22 00:00:00,39185.0,32701.0,4454.0,16525.0,3649.0,97913,32701.0
1994-04-29 00:00:00,42123.0,33673.0,4285.0,17942.0,3259.0,101258,33673.0
1994-05-06 00:00:00,42871.0,34207.0,4146.0,17823.0,3219.0,102692,34207.0
1994-05-13 00:00:00,42961.0,35242.0,4367.0,19311.0,2906.0,106128,35242.0
1994-05-20 00:00:00,42225.0,36410.0,4358.0,20149.0,3423.0,104418,36410.0
1994-05-27 00:00:00,41779.0,38455.0,4451.0,21379.0,3052.0,107136,38455.0
1994-06-03 00:00:00,42819.0,40023.0,5152.0,22777.0,2870.0,111284,40023.0
1994-06-10 00:00:00,42200.0,43864.0,5719.0,26049.0,3070.0,113247,43864.0
1994-06-17 00:00:00,43135.0,47292.0,6552.0,28038.0,2850.0,116909,47292.0
1994-06-24 00:00:00,41451.0,48158.0,7501.0,29059.0,3075.0,117228,48158.0
1994-07-01 00:00:00,42034.0,50966.0,8658.0,30110.0,2788.0,120076,50966.0
1994-07-08 00:00:00,42784.0,54260.0,9139.0,32874.0,2302.0,125133,54260.0
1994-07-15 00:00:00,42988.0,56135.0,9659.0,34279.0,2754.0,127666,56135.0
1994-07-22 00:00:00,43678.0,58160.0,10971.0,34984.0,3037.0,129199,58160.0
1994-07-29 00:00:00,44356.0,59326.0,11641.0,35160.0,2780.0,132315,59326.0
1994-08-05 00:00:00,44747.0,61002.0,12692.0,35241.0,3295.0,132895,61002.0
1994-08-12 00:00:00,44721.0,61794.0,12843.0,36507.0,2970.0,134435,61794.0
1994-08-19 00:00:00,44518.0,64734.0,13620.0,38255.0,2846.0,137256,64734.0
1994-08-26 00:00:00,45066.0,63319.0,13278.0,36950.0,3579.0,134858,63319.0
1994-09-02 00:00:00,44218.0,65890.0,12717.0,41329.0,2782.0,138328,65890.0
1994-09-09 00:00:00,46351.0,69370.0,13354.0,43118.0,2624.0,141767,69370.0
1994-09-16 00:00:00,45395.0,70414.0,14298.0,43982.0,2764.0,145413,70414.0
1994-09-23 00:00:00,45083.0,71357.0,14604.0,44304.0,3394.0,144496,71357.0
1994-09-30 00:00:00,44689.0,70870.0,14451.0,44680.0,3353.0,144818,70870.0
1994-10-07 00:00:00,44007.0,72204.0,14705.0,45421.0,2997.0,146951,72204.0
1994-10-14 00:00:00,44569.0,71903.0,14108.0,45010.0,3501.0,145170,71903.0
1994-10-21 00:00:00,44641.0,71993.0,14155.0,45041.0,3092.0,146331,71993.0
1994-10-28 00:00:00,43145.0,70724.0,14654.0,43872.0,3488.0,143730,70724.0
1994-11-04 00:00:00,41409.0,69085.0,14604.0,42867.0,3369.0,141964,69085.0
1994-11-11 00:00:00,41912.0,69459.0,14158.0,43308.0,3055.0,141934,69459.0
1994-11-18 00:00:00,42015.0,68876.0,13728.0,42629.0,3647.0,140020,68876.0
1994-11-25 00:00:00,43749.0,70862.0,14065.0,43402.0,2927.0,143608,70862.0
1994-12-02 00:00:00,45005.0,70578.0,13001.0,44416.0,3132.0,145010,70578.0
1994-12-09 00:00:00,44185.0,67827.0,12018.0,42310.0,3826.0,141539,67827.0
1994-12-16 00:00:00,45052.0,66882.0,11334.0,42065.0,3152.0,141222,66882.0
1994-12-23 00:00:00,46243.0,65420.0,11490.0,40024.0,3680.0,139266,65420.0
1994-12-30 00:00:00,48012.0,66015.0,12202.0,39413.0,2921.0,142265,66015.0
1995-01-06 00:00:00,49602.0,65473.0,12250.0,38381.0,3264.0,142731,65473.0
1995-01-13 00:00:00,48029.0,62907.0,11799.0,38445.0,3404.0,141844,62907.0
1995-01-20 00:00:00,49500.0,63970.0,12365.0,37449.0,3207.0,141064,63970.0
1995-01-27 00:00:00,47593.0,62209.0,12034.0,36966.0,3648.0,136626,62209.0
1995-02-03 00:00:00,46559.0,61055.0,11547.0,36678.0,3301.0,134993,61055.0
1995-02-10 00:00:00,45673.0,56810.0,10190.0,34219.0,3811.0,129519,56810.0
1995-02-17 00:00:00,43235.0,51998.0,9292.0,31198.0,3799.0,123966,51998.0
1995-02-24 00:00:00,41363.0,49537.0,8668.0,30219.0,3436.0,121206,49537.0
1995-03-03 00:00:00,43259.0,49790.0,9017.0,28525.0,3317.0,119974,49790.0
1995-03-10 00:00:00,42367.0,46461.0,7770.0,27234.0,3580.0,117126,46461.0
1995-03-17 00:00:00,42369.0,46220.0,7604.0,26589.0,3240.0,117534,46220.0
1995-03-24 00:00:00,42446.0,46641.0,8446.0,26589.0,3224.0,117708,46641.0
1995-03-31 00:00:00,45118.0,47869.0,8076.0,26313.0,2899.0,119081,47869.0
1995-04-07 00:00:00,42698.0,44913.0,7909.0,24689.0,3813.0,115073,44913.0
1995-04-14 00:00:00,41761.0,43222.0,7543.0,24477.0,3458.0,111837,43222.0
1995-04-21 00:00:00,42733.0,42489.0,7726.0,23810.0,2928.0,113601,42489.0
1995-04-28 00:00:00,44663.0,42483.0,7180.0,23752.0,3117.0,114444,42483.0
1995-05-05 00:00:00,43253.0,41483.0,7264.0,22923.0,3304.0,112323,41483.0
1995-05-12 00:00:00,43757.0,39346.0,7016.0,21466.0,2792.0,113359,39346.0
1995-05-19 00:00:00,43560.0,40776.0,7773.0,21480.0,2997.0,112511,40776.0
1995-05-26 00:00:00,43274.0,39816.0,7901.0,21206.0,2876.0,114253,39816.0
1995-06-02 00:00:00,43341.0,40740.0,8131.0,21759.0,3013.0,116107,40740.0
1995-06-09 00:00:00,44023.0,41365.0,7738.0,21702.0,3062.0,115804,41365.0
1995-06-16 00:00:00,42992.0,40985.0,7606.0,22462.0,3048.0,117323,40985.0
1995-06-23 00:00:00,43076.0,43975.0,8582.0,23124.0,3199.0,116322,43975.0
1995-06-30 00:00:00,42659.0,45068.0,8710.0,24054.0,3092.0,116458,45068.0
1995-07-07 00:00:00,42598.0,45416.0,9182.0,24587.0,2720.0,119134,45416.0
1995-07-14 00:00:00,42970.0,49643.0,9883.0,27596.0,2788.0,122603,49643.0
1995-07-21 00:00:00,43408.0,50087.0,9939.0,28310.0,3038.0,121931,50087.0
1995-07-28 00:00:00,42887.0,51422.0,10383.0,29347.0,2925.0,122628,51422.0
1995-08-04 00:00:00,42500.0,53400.0,11300.0,30500.0,2755.0,124400,53400.0
1995-08-11 00:00:00,42213.0,53505.0,11524.0,30345.0,2920.0,124739,53505.0
1995-08-18 00:00:00,42425.0,54240.0,11411.0,30687.0,2981.0,124388,54240.0
1995-08-25 00:00:00,41382.0,54218.0,11919.0,30756.0,3228.0,124377,54218.0
1995-09-01 00:00:00,41811.0,54065.0,11788.0,31626.0,2720.0,127310,54065.0
1995-09-08 00:00:00,43820.0,56511.0,12216.0,32304.0,2908.0,129905,56511.0
1995-09-15 00:00:00,42928.0,56646.0,12674.0,32855.0,2689.0,133639,56646.0
1995-09-22 00:00:00,44608.0,57503.0,12718.0,32504.0,3413.0,131694,57503.0
1995-09-29 00:00:00,44799.0,58750.0,13240.0,32970.0,3303.0,132005,58750.0
1995-10-06 00:00:00,42374.0,57536.0,13306.0,33280.0,3234.0,131434,57536.0
1995-10-13 00:00:00,43943.0,60849.0,14012.0,34124.0,2957.0,133528,60849.0
1995-10-20 00:00:00,42139.0,60089.0,13324.0,34259.0,3422.0,131632,60089.0
1995-10-27 00:00:00,40342.0,60688.0,13452.0,35059.0,3614.0,128734,60688.0
1995-11-03 00:00:00,40770.0,60617.0,13306.0,35404.0,3158.0,130050,60617.0
1995-11-10 00:00:00,41318.0,61153.0,13130.0,35811.0,3104.0,131011,61153.0
1995-11-17 00:00:00,40171.0,60465.0,12940.0,35193.0,3686.0,130504,60465.0
1995-11-24 00:00:00,41266.0,59674.0,13003.0,34575.0,3280.0,133426,59674.0
1995-12-01 00:00:00,45142.0,60160.0,11713.0,33854.0,3186.0,134885,60160.0
1995-12-08 00:00:00,45748.0,58718.0,11354.0,32691.0,3825.0,133613,58718.0
1995-12-15 00:00:00,44447.0,54947.0,10001.0,30614.0,4032.0,129379,54947.0
1995-12-22 00:00:00,44524.0,52340.0,9117.0,28977.0,4002.0,126452,52340.0
1995-12-29 00:00:00,46394.0,52264.0,9740.0,28444.0,3235.0,128268,52264.0
1996-01-05 00:00:00,46701.0,52207.0,9068.0,29268.0,3035.0,130131,52207.0
1996-01-12 00:00:00,43162.0,48344.0,8544.0,28522.0,3877.0,125364,48344.0
1996-01-19 00:00:00,41197.0,44454.0,8894.0,25502.0,3785.0,121184,44454.0
1996-01-26 00:00:00,41046.0,44779.0,7971.0,25805.0,3714.0,116922,44779.0
1996-02-02 00:00:00,39280.0,40762.0,7544.0,23344.0,3741.0,111644,40762.0
1996-02-09 00:00:00,37022.0,37037.0,6515.0,20561.0,4328.0,102876,37037.0
1996-02-16 00:00:00,37219.0,33798.0,6019.0,17123.0,3787.0,98416,33798.0
1996-02-23 00:00:00,36897.0,31861.0,5160.0,17004.0,3312.0,98896,31861.0
1996-03-01 00:00:00,37285.0,31935.0,4778.0,17253.0,3701.0,96810,31935.0
1996-03-08 00:00:00,37588.0,31734.0,4135.0,17169.0,3193.0,96882,31734.0
1996-03-15 00:00:00,36219.0,27803.0,3218.0,15309.0,3940.0,92696,27803.0
1996-03-22 00:00:00,36469.0,26353.0,3281.0,13207.0,3650.0,88281,26353.0
1996-03-29 00:00:00,36214.0,27503.0,4588.0,13306.0,3099.0,89008,27503.0
1996-04-05 00:00:00,36020.0,27471.0,4010.0,12882.0,3027.0,87627,27471.0
1996-04-12 00:00:00,36313.0,25804.0,3463.0,12250.0,3061.0,88394,25804.0
1996-04-19 00:00:00,35946.0,24629.0,3005.0,11850.0,3611.0,87153,24629.0
1996-04-26 00:00:00,35853.0,25965.0,2995.0,13107.0,3336.0,87737,25965.0
1996-05-03 00:00:00,35852.0,26397.0,3642.0,13459.0,2999.0,89442,26397.0
1996-05-10 00:00:00,36860.0,26904.0,3531.0,13534.0,3152.0,90494,26904.0
1996-05-17 00:00:00,36247.0,27072.0,3452.0,13867.0,3213.0,90406,27072.0
1996-05-24 00:00:00,36295.0,28011.0,3561.0,14432.0,3009.0,92907,28011.0
1996-05-31 00:00:00,38962.0,29938.0,4097.0,14961.0,2824.0,96069,29938.0
1996-06-07 00:00:00,38082.0,29345.0,3813.0,14707.0,3359.0,96339,29345.0
1996-06-14 00:00:00,37837.0,30855.0,4640.0,15602.0,2909.0,99386,30855.0
1996-06-21 00:00:00,39089.0,31104.0,4329.0,15524.0,3366.0,99833,31104.0
1996-06-28 00:00:00,38966.0,32803.0,4911.0,16206.0,3138.0,100441,32803.0
1996-07-05 00:00:00,38827.0,32596.0,5642.0,16130.0,2849.0,102874,32596.0
1996-07-12 00:00:00,38418.0,33197.0,6076.0,16718.0,3030.0,104383,33197.0
1996-07-19 00:00:00,40953.0,34225.0,5987.0,15831.0,3128.0,104280,34225.0
1996-07-26 00:00:00,38656.0,33995.0,5976.0,16940.0,3189.0,102629,33995.0
1996-08-02 00:00:00,39537.0,35818.0,6045.0,17808.0,3146.0,104053,35818.0
1996-08-09 00:00:00,40275.0,36060.0,6357.0,18196.0,3197.0,103690,36060.0
1996-08-16 00:00:00,38687.0,35904.0,6116.0,19057.0,3084.0,104848,35904.0
1996-08-23 00:00:00,40572.0,37810.0,6240.0,19857.0,3148.0,105535,37810.0
1996-08-30 00:00:00,41166.0,38051.0,6568.0,20538.0,2980.0,109025,38051.0
1996-09-06 00:00:00,43280.0,38894.0,6461.0,20804.0,3061.0,111522,38894.0
1996-09-13 00:00:00,43362.0,38972.0,6374.0,20589.0,3221.0,112289,38972.0
1996-09-20 00:00:00,42845.0,37954.0,7132.0,19552.0,3455.0,111771,37954.0
1996-09-27 00:00:00,43283.0,38414.0,6750.0,19824.0,3623.0,110974,38414.0
1996-10-04 00:00:00,43341.0,38700.0,7024.0,19729.0,3215.0,112259,38700.0
1996-10-11 00:00:00,41310.0,37594.0,7002.0,19761.0,3609.0,111374,37594.0
1996-10-18 00:00:00,40828.0,39828.0,8109.0,19572.0,3687.0,111265,39828.0
1996-10-25 00:00:00,40213.0,42526.0,8415.0,21589.0,3302.0,114978,42526.0
1996-11-01 00:00:00,39287.0,43209.0,8993.0,22905.0,3678.0,114463,43209.0
1996-11-08 00:00:00,37971.0,44764.0,9616.0,23864.0,3656.0,114146,44764.0
1996-11-15 00:00:00,38622.0,46062.0,9630.0,24202.0,3685.0,113220,46062.0
1996-11-22 00:00:00,37159.0,44359.0,9204.0,25360.0,3323.0,114490,44359.0
1996-11-29 00:00:00,40268.0,44628.0,9349.0,24308.0,3073.0,118372,44628.0
1996-12-06 00:00:00,42638.0,45915.0,9030.0,24695.0,3296.0,120753,45915.0
1996-12-13 00:00:00,42840.0,45399.0,8708.0,24498.0,3530.0,120544,45399.0
1996-12-20 00:00:00,43625.0,45827.0,8413.0,24294.0,3591.0,119024,45827.0
1996-12-27 00:00:00,44649.0,48218.0,8649.0,25499.0,2868.0,123135,48218.0
1997-01-03 00:00:00,45257.0,47663.0,9445.0,25673.0,3162.0,126155,47663.0
1997-01-10 00:00:00,44572.0,47832.0,9904.0,26120.0,3342.0,125807,47832.0
1997-01-17 00:00:00,43159.0,45563.0,9509.0,24463.0,3728.0,121001,45563.0
1997-01-24 00:00:00,42189.0,43991.0,9062.0,22928.0,3449.0,118478,43991.0
1997-01-31 00:00:00,41789.0,41550.0,8321.0,21836.0,3885.0,114237,41550.0
1997-02-07 00:00:00,38974.0,40891.0,8237.0,22622.0,3703.0,109425,40891.0
1997-02-14 00:00:00,39491.0,38721.0,7718.0,21197.0,3550.0,105766,38721.0
1997-02-21 00:00:00,40483.0,38704.0,7269.0,21254.0,3228.0,105280,38704.0
1997-02-28 00:00:00,40057.0,37812.0,6650.0,21052.0,3221.0,106410,37812.0
1997-03-07 00:00:00,40647.0,38520.0,6391.0,21486.0,3353.0,106030,38520.0
1997-03-14 00:00:00,38940.0,36182.0,6016.0,19958.0,3665.0,102794,36182.0
1997-03-21 00:00:00,39580.0,33623.0,4851.0,17987.0,3728.0,100213,33623.0
1997-03-28 00:00:00,38128.0,30234.0,4551.0,15622.0,3689.0,97884,30234.0
1997-04-04 00:00:00,38447.0,29142.0,4909.0,14302.0,3565.0,96847,29142.0
1997-04-11 00:00:00,39607.0,29776.0,4804.0,14116.0,3229.0,98392,29776.0
1997-04-18 00:00:00,38373.0,27881.0,4366.0,13289.0,3647.0,95728,27881.0
1997-04-25 00:00:00,38669.0,29211.0,4231.0,13516.0,3524.0,94098,29211.0
1997-05-02 00:00:00,37251.0,29856.0,4922.0,13759.0,3341.0,96765,29856.0
1997-05-09 00:00:00,37494.0,31030.0,5025.0,14613.0,3476.0,96365,31030.0
1997-05-16 00:00:00,37255.0,33040.0,5594.0,16062.0,3267.0,98787,33040.0
1997-05-23 00:00:00,37201.0,33656.0,5364.0,17447.0,3218.0,102184,33656.0
1997-05-30 00:00:00,40662.0,35399.0,5744.0,17877.0,2842.0,108039,35399.0
1997-06-06 00:00:00,42123.0,37680.0,5563.0,19777.0,3146.0,110490,37680.0
1997-06-13 00:00:00,42099.0,37766.0,6103.0,18944.0,3391.0,111731,37766.0
1997-06-20 00:00:00,44472.0,39766.0,6718.0,19156.0,3384.0,113491,39766.0
1997-06-27 00:00:00,44674.0,41147.0,7243.0,20670.0,3379.0,116230,41147.0
1997-07-04 00:00:00,44095.0,42611.0,8519.0,20746.0,3528.0,116592,42611.0
1997-07-11 00:00:00,44978.0,45182.0,9044.0,22745.0,2819.0,121445,45182.0
1997-07-18 00:00:00,43635.0,46170.0,10007.0,23803.0,3672.0,120542,46170.0
1997-07-25 00:00:00,43928.0,47809.0,9769.0,25557.0,3393.0,120642,47809.0
1997-08-01 00:00:00,42963.0,49590.0,10713.0,27027.0,3177.0,122610,49590.0
1997-08-08 00:00:00,43336.0,51583.0,10307.0,29088.0,3411.0,121988,51583.0
1997-08-15 00:00:00,42985.0,52192.0,11002.0,29972.0,3123.0,124521,52192.0
1997-08-22 00:00:00,42775.0,52487.0,10769.0,31223.0,3182.0,126255,52487.0
1997-08-29 00:00:00,42907.0,53966.0,10850.0,31693.0,3293.0,128760,53966.0
1997-09-05 00:00:00,44554.0,57705.0,11476.0,34101.0,2751.0,133859,57705.0
1997-09-12 00:00:00,44274.0,57836.0,11433.0,34241.0,3428.0,133998,57836.0
1997-09-19 00:00:00,46059.0,61339.0,12378.0,35772.0,3082.0,135500,61339.0
1997-09-26 00:00:00,45555.0,60841.0,11464.0,36165.0,3460.0,135753,60841.0
1997-10-03 00:00:00,44839.0,61667.0,11619.0,37124.0,3475.0,135746,61667.0
1997-10-10 00:00:00,43667.0,63155.0,11932.0,38561.0,3423.0,136242,63155.0
1997-10-17 00:00:00,43878.0,63023.0,12044.0,38129.0,3634.0,136910,63023.0
1997-10-24 00:00:00,42468.0,63212.0,11859.0,38195.0,3620.0,135023,63212.0
1997-10-31 00:00:00,41714.0,63607.0,13033.0,37407.0,3599.0,134273,63607.0
1997-11-07 00:00:00,42263.0,63090.0,11569.0,38493.0,3379.0,135455,63090.0
1997-11-14 00:00:00,41135.0,62767.0,11392.0,39232.0,3560.0,134252,62767.0
1997-11-21 00:00:00,42790.0,62781.0,10915.0,38795.0,3618.0,133967,62781.0
1997-11-28 00:00:00,42605.0,61062.0,10155.0,37939.0,3517.0,133161,61062.0
1997-12-05 00:00:00,43327.0,59401.0,10275.0,37229.0,3429.0,135517,59401.0
1997-12-12 00:00:00,44909.0,59950.0,10812.0,35560.0,3752.0,135548,59950.0
1997-12-19 00:00:00,44006.0,58945.0,10569.0,35035.0,3976.0,133477,58945.0
1997-12-26 00:00:00,40906.0,57726.0,10870.0,34580.0,4088.0,131063,57726.0
1998-01-02 00:00:00,47219.0,60355.0,11309.0,33229.0,2692.0,136956,60355.0
1998-01-09 00:00:00,47176.0,60674.0,11458.0,34953.0,3271.0,139236,60674.0
1998-01-16 00:00:00,46318.0,58945.0,11389.0,33736.0,3757.0,136776,58945.0
1998-01-23 00:00:00,45571.0,56847.0,11181.0,32059.0,3974.0,133652,56847.0
1998-01-30 00:00:00,43667.0,54468.0,10178.0,32041.0,3739.0,131374,54468.0
1998-02-06 00:00:00,44349.0,55612.0,10756.0,31311.0,3796.0,129556,55612.0
1998-02-13 00:00:00,44052.0,54001.0,10360.0,30083.0,3434.0,128948,54001.0
1998-02-20 00:00:00,43706.0,53211.0,10548.0,29720.0,3654.0,127045,53211.0
1998-02-27 00:00:00,43739.0,50395.0,10114.0,27810.0,3481.0,126615,50395.0
1998-03-06 00:00:00,44287.0,49751.0,9723.0,28202.0,3510.0,126572,49751.0
1998-03-13 00:00:00,43339.0,47604.0,8917.0,27312.0,3663.0,124898,47604.0
1998-03-20 00:00:00,41146.0,44188.0,9160.0,25366.0,3575.0,123577,44188.0
1998-03-27 00:00:00,41021.0,44099.0,8543.0,25413.0,3918.0,121244,44099.0
1998-04-03 00:00:00,41070.0,44914.0,8650.0,25804.0,3700.0,120571,44914.0
1998-04-10 00:00:00,40948.0,45392.0,9070.0,26174.0,3122.0,122396,45392.0
1998-04-17 00:00:00,41282.0,46475.0,8970.0,26392.0,3428.0,122439,46475.0
1998-04-24 00:00:00,41324.0,47171.0,9891.0,26668.0,3574.0,121821,47171.0
1998-05-01 00:00:00,43054.0,48285.0,10787.0,25918.0,3448.0,122520,48285.0
1998-05-08 00:00:00,43541.0,49621.0,10235.0,26200.0,3089.0,124050,49621.0
1998-05-15 00:00:00,42163.0,50275.0,10638.0,27533.0,3750.0,123259,50275.0
1998-05-22 00:00:00,42411.0,52660.0,10837.0,29052.0,3254.0,126329,52660.0
1998-05-29 00:00:00,43619.0,55936.0,12209.0,30793.0,2954.0,131370,55936.0
1998-06-05 00:00:00,41892.0,55875.0,12961.0,31362.0,3678.0,130454,55875.0
1998-06-12 00:00:00,41793.0,58247.0,13037.0,33303.0,3366.0,131231,58247.0
1998-06-19 00:00:00,42823.0,59248.0,12687.0,34610.0,3561.0,131957,59248.0
1998-06-26 00:00:00,41242.0,59456.0,13394.0,34853.0,3815.0,131676,59456.0
1998-07-03 00:00:00,42418.0,60970.0,13533.0,35106.0,3320.0,133695,60970.0
1998-07-10 00:00:00,43968.0,62613.0,13494.0,36144.0,3320.0,135707,62613.0
1998-07-17 00:00:00,43694.0,65444.0,13864.0,38955.0,3044.0,140135,65444.0
1998-07-24 00:00:00,45481.0,66515.0,14220.0,39030.0,3231.0,143345,66515.0
1998-07-31 00:00:00,44385.0,66671.0,13976.0,39800.0,3626.0,144032,66671.0
1998-08-07 00:00:00,45283.0,68761.0,14791.0,40279.0,3486.0,144002,68761.0
1998-08-14 00:00:00,45515.0,68943.0,14842.0,40632.0,3395.0,144831,68943.0
1998-08-21 00:00:00,44983.0,69473.0,15314.0,41177.0,3606.0,144930,69473.0
1998-08-28 00:00:00,45655.0,70706.0,15146.0,41330.0,3813.0,143647,70706.0
1998-09-04 00:00:00,44409.0,71067.0,15386.0,42288.0,3251.0,144689,71067.0
1998-09-11 00:00:00,44896.0,72604.0,15518.0,44338.0,3151.0,148689,72604.0
1998-09-18 00:00:00,45237.0,74836.0,16007.0,45185.0,3364.0,149684,74836.0
1998-09-25 00:00:00,43026.0,76301.0,16716.0,46923.0,3010.0,152563,76301.0
1998-10-02 00:00:00,43639.0,76416.0,16947.0,46400.0,3395.0,152101,76416.0
1998-10-09 00:00:00,41719.0,76487.0,17192.0,46936.0,3658.0,149284,76487.0
1998-10-16 00:00:00,40766.0,76312.0,17226.0,46363.0,3521.0,147428,76312.0
1998-10-23 00:00:00,41063.0,75546.0,17193.0,45287.0,3193.0,147214,75546.0
1998-10-30 00:00:00,39429.0,74039.0,16983.0,44521.0,3614.0,145118,74039.0
1998-11-06 00:00:00,39311.0,72611.0,16299.0,44192.0,3377.0,145151,72611.0
1998-11-13 00:00:00,39947.0,73827.0,16411.0,44881.0,3554.0,145910,73827.0
1998-11-20 00:00:00,40432.0,72113.0,15986.0,43456.0,3697.0,145268,72113.0
1998-11-27 00:00:00,41498.0,74547.0,15821.0,45338.0,2955.0,147996,74547.0
1998-12-04 00:00:00,42970.0,75213.0,16360.0,45535.0,3227.0,149556,75213.0
1998-12-11 00:00:00,45845.0,77430.0,15845.0,47188.0,3198.0,152754,77430.0
1998-12-18 00:00:00,43739.0,77015.0,15761.0,47123.0,3776.0,151195,77015.0
1998-12-25 00:00:00,44246.0,76374.0,16162.0,46426.0,3248.0,152532,76374.0
1999-01-01 00:00:00,48799.0,75879.0,16303.0,43633.0,3432.0,153929,75879.0
1999-01-08 00:00:00,48717.0,74359.0,15791.0,43003.0,3296.0,154236,74359.0
1999-01-15 00:00:00,45444.0,69331.0,14961.0,41066.0,4612.0,147748,69331.0
1999-01-22 00:00:00,46608.0,68113.0,14788.0,38949.0,3724.0,144253,68113.0
1999-01-29 00:00:00,45928.0,67341.0,15388.0,38828.0,3389.0,144134,67341.0
1999-02-05 00:00:00,46449.0,65995.0,15556.0,37185.0,3642.0,142894,65995.0
1999-02-12 00:00:00,48008.0,65100.0,16213.0,35191.0,3603.0,143281,65100.0
1999-02-19 00:00:00,46800.0,63000.0,15900.0,34800.0,3642.0,141400,63000.0
1999-02-26 00:00:00,46555.0,62112.0,15821.0,33651.0,3601.0,140153,62112.0
1999-03-05 00:00:00,45059.0,59688.0,16332.0,30647.0,3738.0,136371,59688.0
1999-03-12 00:00:00,43554.0,56627.0,15481.0,29072.0,3864.0,131943,56627.0
1999-03-19 00:00:00,43423.0,52175.0,13650.0,26485.0,3849.0,126880,52175.0
1999-03-26 00:00:00,40810.0,49755.0,13624.0,24479.0,4045.0,122106,49755.0
1999-04-02 00:00:00,43177.0,50405.0,13735.0,24028.0,3038.0,124458,50405.0
1999-04-09 00:00:00,43727.0,50813.0,13187.0,25114.0,2650.0,129208,50813.0
1999-04-16 00:00:00,44341.0,49917.0,12932.0,23820.0,3714.0,125886,49917.0
1999-04-23 00:00:00,44762.0,50497.0,13405.0,24132.0,3237.0,127675,50497.0
1999-04-30 00:00:00,44710.0,49966.0,13226.0,24458.0,3469.0,127434,49966.0
1999-05-07 00:00:00,45185.0,51700.0,13164.0,25008.0,3542.0,127311,51700.0
1999-05-14 00:00:00,45493.0,53164.0,13350.0,25882.0,3451.0,128194,53164.0
1999-05-21 00:00:00,44236.0,54677.0,13496.0,28784.0,3270.0,130493,54677.0
1999-05-28 00:00:00,45463.0,57470.0,14077.0,29078.0,3447.0,131664,57470.0
1999-06-04 00:00:00,44649.0,58330.0,14243.0,30333.0,3451.0,131277,58330.0
1999-06-11 00:00:00,44355.0,58702.0,14190.0,31895.0,2915.0,133578,58702.0
1999-06-18 00:00:00,42295.0,57921.0,14406.0,31323.0,3857.0,130411,57921.0
1999-06-25 00:00:00,43194.0,59064.0,14903.0,32162.0,3460.0,130676,59064.0
1999-07-02 00:00:00,41650.0,58476.0,15195.0,32398.0,3198.0,130772,58476.0
1999-07-09 00:00:00,43761.0,60964.0,15739.0,33373.0,3038.0,134597,60964.0
1999-07-16 00:00:00,41951.0,62438.0,15284.0,35790.0,3292.0,136057,62438.0
1999-07-23 00:00:00,42587.0,63384.0,15782.0,36294.0,3325.0,136863,63384.0
1999-07-30 00:00:00,42675.0,63043.0,15527.0,36178.0,3436.0,136901,63043.0
1999-08-06 00:00:00,41021.0,64186.0,16167.0,36153.0,3595.0,135889,64186.0
1999-08-13 00:00:00,41404.0,65580.0,15318.0,38608.0,3222.0,137593,65580.0
1999-08-20 00:00:00,42302.0,67699.0,15725.0,39037.0,3177.0,139736,67699.0
1999-08-27 00:00:00,41841.0,69567.0,16306.0,40294.0,3245.0,141615,69567.0
1999-09-03 00:00:00,41825.0,68596.0,16187.0,39757.0,3455.0,141096,68596.0
1999-09-10 00:00:00,42073.0,67934.0,15989.0,39693.0,3360.0,142659,67934.0
1999-09-17 00:00:00,43420.0,69185.0,15651.0,39792.0,3532.0,143717,69185.0
1999-09-24 00:00:00,43929.0,69367.0,16025.0,40583.0,3253.0,145944,69367.0
1999-10-01 00:00:00,44025.0,69232.0,15604.0,39589.0,3755.0,144885,69232.0
1999-10-08 00:00:00,42806.0,69356.0,16008.0,39111.0,3773.0,143767,69356.0
1999-10-15 00:00:00,42243.0,68774.0,15562.0,39483.0,3747.0,143261,68774.0
1999-10-22 00:00:00,41250.0,66480.0,14839.0,38730.0,4061.0,139845,66480.0
1999-10-29 00:00:00,39985.0,64342.0,15031.0,37104.0,3821.0,137974,64342.0
1999-11-05 00:00:00,40403.0,61614.0,14519.0,35022.0,4119.0,134042,61614.0
1999-11-12 00:00:00,41801.0,60736.0,14523.0,33445.0,4037.0,132011,60736.0
1999-11-19 00:00:00,40865.0,58744.0,14024.0,32774.0,4028.0,129432,58744.0
1999-11-26 00:00:00,43154.0,58883.0,12943.0,32732.0,3501.0,131538,58883.0
1999-12-03 00:00:00,44612.0,58497.0,13114.0,32476.0,3362.0,134773,58497.0
1999-12-10 00:00:00,44099.0,57166.0,12672.0,32065.0,3914.0,131816,57166.0
1999-12-17 00:00:00,44977.0,56312.0,11807.0,30674.0,3901.0,128879,56312.0
1999-12-24 00:00:00,42226.0,51584.0,10631.0,29471.0,4105.0,123147,51584.0
1999-12-31 00:00:00,41806.0,47560.0,9267.0,27663.0,3999.0,119659,47560.0
2000-01-07 00:00:00,43456.0,47402.0,8859.0,26391.0,3007.0,122685,47402.0
2000-01-14 00:00:00,42555.0,44173.0,7984.0,24988.0,3766.0,118825,44173.0
2000-01-21 00:00:00,40994.0,38265.0,5517.0,21913.0,4364.0,110647,38265.0
2000-01-28 00:00:00,40660.0,33507.0,4459.0,18009.0,3866.0,106497,33507.0
2000-02-04 00:00:00,37681.0,27869.0,3612.0,15052.0,4192.0,99621,27869.0
2000-02-11 00:00:00,37040.0,27826.0,4037.0,15413.0,3866.0,99465,27826.0
2000-02-18 00:00:00,37283.0,29871.0,5696.0,15240.0,3716.0,99273,29871.0
2000-02-25 00:00:00,38479.0,31434.0,5894.0,16167.0,3761.0,101005,31434.0
2000-03-03 00:00:00,37354.0,32301.0,5709.0,17264.0,3386.0,102656,32301.0
2000-03-10 00:00:00,38415.0,33175.0,5739.0,18038.0,3677.0,102679,33175.0
2000-03-17 00:00:00,37528.0,30852.0,5186.0,16244.0,3798.0,101573,30852.0
2000-03-24 00:00:00,37988.0,30113.0,4391.0,16388.0,3790.0,98911,30113.0
2000-03-31 00:00:00,39659.0,29896.0,3725.0,15496.0,3593.0,97259,29896.0
2000-04-07 00:00:00,38117.0,28401.0,3314.0,15415.0,3439.0,96666,28401.0
2000-04-14 00:00:00,36681.0,26516.0,3398.0,13805.0,4197.0,92840,26516.0
2000-04-21 00:00:00,35933.0,25156.0,2786.0,12899.0,3504.0,93723,25156.0
2000-04-28 00:00:00,38044.0,25884.0,2449.0,13633.0,3445.0,96433,25884.0
2000-05-05 00:00:00,36974.0,25297.0,2595.0,12653.0,3667.0,95768,25297.0
2000-05-12 00:00:00,36236.0,26325.0,3073.0,12898.0,3783.0,96134,26325.0
2000-05-19 00:00:00,35893.0,26876.0,3167.0,13439.0,3787.0,97422,26876.0
2000-05-26 00:00:00,37338.0,27557.0,2976.0,14188.0,3657.0,98075,27557.0
2000-06-02 00:00:00,40495.0,29324.0,2933.0,15076.0,3225.0,102540,29324.0
2000-06-09 00:00:00,40299.0,30999.0,2504.0,16760.0,3276.0,104943,30999.0
2000-06-16 00:00:00,39593.0,30507.0,2758.0,16311.0,3855.0,103444,30507.0
2000-06-23 00:00:00,40744.0,31060.0,3032.0,15982.0,3496.0,103772,31060.0
2000-06-30 00:00:00,38794.0,32412.0,3580.0,17943.0,3746.0,103748,32412.0
2000-07-07 00:00:00,41656.0,34218.0,3933.0,18427.0,3025.0,108480,34218.0
2000-07-14 00:00:00,42693.0,34293.0,4232.0,18440.0,3461.0,109263,34293.0
2000-07-21 00:00:00,41345.0,35327.0,4433.0,20294.0,3420.0,110409,35327.0
2000-07-28 00:00:00,41100.0,33790.0,4796.0,18948.0,3533.0,110720,33790.0
2000-08-04 00:00:00,42616.0,35652.0,4879.0,19107.0,3610.0,110192,35652.0
2000-08-11 00:00:00,41982.0,36177.0,6343.0,18731.0,3602.0,111475,36177.0
2000-08-18 00:00:00,41706.0,37813.0,5914.0,20239.0,3655.0,112399,37813.0
2000-08-25 00:00:00,41497.0,38934.0,6061.0,21453.0,3706.0,112427,38934.0
2000-09-01 00:00:00,40952.0,39750.0,6250.0,22651.0,3878.0,112317,39750.0
2000-09-08 00:00:00,42095.0,41229.0,6012.0,23377.0,3583.0,114584,41229.0
2000-09-15 00:00:00,41624.0,40551.0,6104.0,22935.0,3654.0,115937,40551.0
2000-09-22 00:00:00,41861.0,40152.0,5555.0,23335.0,4024.0,114941,40152.0
2000-09-29 00:00:00,41085.0,40167.0,4904.0,23443.0,4001.0,114194,40167.0
2000-10-06 00:00:00,39583.0,38799.0,4709.0,23350.0,3706.0,113691,38799.0
2000-10-13 00:00:00,38146.0,37526.0,4431.0,24275.0,3996.0,112799,37526.0
2000-10-20 00:00:00,39592.0,38969.0,4494.0,24117.0,4171.0,112211,38969.0
2000-10-27 00:00:00,39588.0,39104.0,4720.0,24279.0,3681.0,113556,39104.0
2000-11-03 00:00:00,39478.0,39785.0,5244.0,24396.0,3754.0,115710,39785.0
2000-11-10 00:00:00,39248.0,39016.0,5202.0,24729.0,4240.0,115161,39016.0
2000-11-17 00:00:00,39931.0,39245.0,5597.0,23427.0,3894.0,114934,39245.0
2000-11-24 00:00:00,39903.0,40298.0,6451.0,24099.0,3729.0,116609,40298.0
2000-12-01 00:00:00,41417.0,41971.0,6339.0,24994.0,3467.0,120045,41971.0
2000-12-08 00:00:00,39008.0,40355.0,6290.0,24141.0,4687.0,115290,40355.0
2000-12-15 00:00:00,37925.0,41108.0,6375.0,24432.0,3791.0,116188,41108.0
2000-12-22 00:00:00,38014.0,40367.0,6089.0,24451.0,4177.0,114693,40367.0
2000-12-29 00:00:00,38888.0,41327.0,7199.0,23333.0,3999.0,116064,41327.0
2001-01-05 00:00:00,39177.0,40748.0,7035.0,22992.0,4577.0,116761,40748.0
2001-01-12 00:00:00,38372.0,41317.0,7738.0,23731.0,4319.0,115174,41317.0
2001-01-19 00:00:00,40466.0,44594.0,8257.0,24828.0,3748.0,116151,44594.0
2001-01-26 00:00:00,38552.0,43641.0,7976.0,25154.0,4175.0,114469,43641.0
2001-02-02 00:00:00,40442.0,44598.0,7816.0,25177.0,3858.0,115339,44598.0
2001-02-09 00:00:00,40809.0,45805.0,7801.0,25770.0,4081.0,116147,45805.0
2001-02-16 00:00:00,41416.0,44198.0,7226.0,25396.0,3883.0,117706,44198.0
2001-02-23 00:00:00,41358.0,43320.0,6683.0,24136.0,4037.0,116611,43320.0
2001-03-02 00:00:00,42003.0,41560.0,5790.0,23362.0,4146.0,115644,41560.0
2001-03-09 00:00:00,40717.0,37521.0,5387.0,21127.0,3956.0,114313,37521.0
2001-03-16 00:00:00,40322.0,35115.0,5061.0,18811.0,4315.0,110693,35115.0
2001-03-23 00:00:00,39034.0,32833.0,4582.0,17279.0,4010.0,107898,32833.0
2001-03-30 00:00:00,38098.0,30876.0,4156.0,16105.0,4130.0,104013,30876.0
2001-04-06 00:00:00,37429.0,30389.0,3825.0,15311.0,3647.0,101930,30389.0
2001-04-13 00:00:00,38235.0,29589.0,3699.0,15219.0,3502.0,102333,29589.0
2001-04-20 00:00:00,37251.0,29661.0,3580.0,16593.0,3984.0,101710,29661.0
2001-04-27 00:00:00,37814.0,32840.0,4762.0,17597.0,3566.0,102750,32840.0
2001-05-04 00:00:00,37298.0,33670.0,4768.0,18047.0,3948.0,103058,33670.0
2001-05-11 00:00:00,36698.0,34570.0,4476.0,19819.0,3594.0,102944,34570.0
2001-05-18 00:00:00,37922.0,36126.0,4703.0,19893.0,3622.0,102129,36126.0
2001-05-25 00:00:00,37082.0,36243.0,5074.0,20943.0,3537.0,104298,36243.0
2001-06-01 00:00:00,39176.0,37108.0,5044.0,21964.0,3258.0,108131,37108.0
2001-06-08 00:00:00,39141.0,38251.0,5576.0,21577.0,3892.0,107435,38251.0
2001-06-15 00:00:00,38909.0,39003.0,5957.0,22509.0,3447.0,109111,39003.0
2001-06-22 00:00:00,39491.0,39854.0,6033.0,23222.0,3358.0,111191,39854.0
2001-06-29 00:00:00,38190.0,39947.0,6877.0,22468.0,3718.0,112783,39947.0
2001-07-06 00:00:00,39186.0,42016.0,7288.0,23542.0,3387.0,116413,42016.0
2001-07-13 00:00:00,40997.0,45262.0,7357.0,25223.0,3477.0,119064,45262.0
2001-07-20 00:00:00,39562.0,45828.0,8064.0,25857.0,3641.0,120571,45828.0
2001-07-27 00:00:00,40664.0,47793.0,8425.0,26647.0,3679.0,121539,47793.0
2001-08-03 00:00:00,39690.0,48368.0,8525.0,26776.0,3960.0,121671,48368.0
2001-08-10 00:00:00,38739.0,48084.0,8352.0,27730.0,3941.0,120823,48084.0
2001-08-17 00:00:00,38279.0,49799.0,8699.0,28648.0,3716.0,120869,49799.0
2001-08-24 00:00:00,38222.0,47454.0,7504.0,28268.0,3797.0,120737,47454.0
2001-08-31 00:00:00,37994.0,47127.0,7577.0,28376.0,3714.0,120383,47127.0
2001-09-07 00:00:00,39467.0,49863.0,7890.0,29285.0,3699.0,121258,49863.0
2001-09-14 00:00:00,40145.0,50312.0,7260.0,31182.0,3292.0,123349,50312.0
2001-09-21 00:00:00,37817.0,48768.0,8120.0,30630.0,3914.0,121735,48768.0
2001-09-28 00:00:00,38759.0,50100.0,8085.0,30476.0,3726.0,122658,50100.0
2001-10-05 00:00:00,38746.0,51682.0,9296.0,31275.0,3651.0,124602,51682.0
2001-10-12 00:00:00,38550.0,51655.0,9247.0,32100.0,3716.0,126560,51655.0
2001-10-19 00:00:00,40126.0,52577.0,9455.0,31172.0,3721.0,127456,52577.0
2001-10-26 00:00:00,38042.0,53661.0,9807.0,32941.0,4041.0,127931,53661.0
2001-11-02 00:00:00,38183.0,55873.0,10673.0,33667.0,3914.0,128217,55873.0
2001-11-09 00:00:00,37813.0,57995.0,10694.0,34439.0,3639.0,130744,57995.0
2001-11-16 00:00:00,38323.0,57016.0,10774.0,33721.0,4047.0,130533,57016.0
2001-11-23 00:00:00,40855.0,59377.0,11586.0,35228.0,3601.0,135638,59377.0
2001-11-30 00:00:00,42531.0,61807.0,11312.0,36787.0,3696.0,137974,61807.0
2001-12-07 00:00:00,41754.0,62120.0,10931.0,38808.0,3684.0,140284,62120.0
2001-12-14 00:00:00,42930.0,62033.0,10917.0,38068.0,4072.0,138701,62033.0
2001-12-21 00:00:00,41632.0,60185.0,10602.0,37384.0,3994.0,137041,60185.0
2001-12-28 00:00:00,44150.0,59074.0,10169.0,36819.0,3807.0,137642,59074.0
2002-01-04 00:00:00,48038.0,62461.0,10757.0,36594.0,3160.0,142247,62461.0
2002-01-11 00:00:00,47696.0,59680.0,10487.0,35541.0,3866.0,141942,59680.0
2002-01-18 00:00:00,46351.0,57578.0,9615.0,34062.0,3997.0,139013,57578.0
2002-01-25 00:00:00,44808.0,56414.0,10253.0,33716.0,3511.0,138842,56414.0
2002-02-01 00:00:00,45736.0,54745.0,9903.0,32434.0,3894.0,137335,54745.0
2002-02-08 00:00:00,46800.0,54761.0,9782.0,31612.0,3633.0,137531,54761.0
2002-02-15 00:00:00,47162.0,53288.0,9694.0,30458.0,3891.0,135683,53288.0
2002-02-22 00:00:00,45842.0,50626.0,8877.0,29996.0,4030.0,132702,50626.0
2002-03-01 00:00:00,46718.0,49779.0,8734.0,28532.0,3828.0,130840,49779.0
2002-03-08 00:00:00,46143.0,47675.0,9298.0,26913.0,3745.0,127987,47675.0
2002-03-15 00:00:00,44417.0,46383.0,8470.0,26317.0,3715.0,125476,46383.0
2002-03-22 00:00:00,44453.0,46005.0,7537.0,26190.0,3738.0,122525,46005.0
2002-03-29 00:00:00,43973.0,43320.0,7056.0,24816.0,3980.0,119675,43320.0
2002-04-05 00:00:00,43499.0,43673.0,6823.0,25081.0,3438.0,121161,43673.0
2002-04-12 00:00:00,41966.0,41991.0,6323.0,24766.0,3838.0,120086,41991.0
2002-04-19 00:00:00,42949.0,42268.0,6929.0,24560.0,3737.0,119718,42268.0
2002-04-26 00:00:00,42532.0,42418.0,7119.0,24147.0,3610.0,120191,42418.0
2002-05-03 00:00:00,42414.0,43140.0,7485.0,24921.0,3777.0,121497,43140.0
2002-05-10 00:00:00,43218.0,44369.0,7560.0,25528.0,3756.0,122454,44369.0
2002-05-17 00:00:00,42608.0,44379.0,7487.0,25921.0,3445.0,123915,44379.0
2002-05-24 00:00:00,41584.0,44945.0,7807.0,26365.0,3694.0,124930,44945.0
2002-05-31 00:00:00,43252.0,46459.0,7732.0,27202.0,3409.0,127479,46459.0
2002-06-07 00:00:00,45064.0,48583.0,8283.0,27216.0,3400.0,129215,48583.0
2002-06-14 00:00:00,44547.0,49243.0,7803.0,28536.0,3598.0,129490,49243.0
2002-06-21 00:00:00,44398.0,51759.0,8491.0,29811.0,3806.0,128645,51759.0
2002-06-28 00:00:00,43744.0,50911.0,8318.0,29582.0,3892.0,128297,50911.0
2002-07-05 00:00:00,44964.0,52915.0,8645.0,30461.0,3404.0,131376,52915.0
2002-07-12 00:00:00,44986.0,55713.0,9191.0,32028.0,3465.0,133471,55713.0
2002-07-19 00:00:00,44735.0,55161.0,9004.0,32180.0,3624.0,133267,55161.0
2002-07-26 00:00:00,44171.0,56186.0,8829.0,33434.0,3451.0,134446,56186.0
2002-08-02 00:00:00,43088.0,57025.0,9388.0,33971.0,3462.0,135092,57025.0
2002-08-09 00:00:00,42127.0,57184.0,9651.0,34419.0,3564.0,133960,57184.0
2002-08-16 00:00:00,42390.0,57403.0,9600.0,34194.0,3586.0,133385,57403.0
2002-08-23 00:00:00,40496.0,56674.0,9782.0,34746.0,3862.0,131575,56674.0
2002-08-30 00:00:00,42106.0,55995.0,10133.0,33583.0,3872.0,129635,55995.0
2002-09-06 00:00:00,43610.0,58276.0,10196.0,34641.0,3232.0,133567,58276.0
2002-09-13 00:00:00,42390.0,56363.0,9878.0,34447.0,3831.0,131385,56363.0
2002-09-20 00:00:00,43516.0,56362.0,10046.0,34139.0,3786.0,129820,56362.0
2002-09-27 00:00:00,42053.0,56379.0,9902.0,34447.0,3481.0,130066,56379.0
2002-10-04 00:00:00,39805.0,54624.0,9923.0,34431.0,4029.0,127357,54624.0
2002-10-11 00:00:00,39803.0,55233.0,10457.0,34420.0,3473.0,125426,55233.0
2002-10-18 00:00:00,37172.0,55674.0,9856.0,35362.0,3584.0,125577,55674.0
2002-10-25 00:00:00,38162.0,55120.0,9258.0,34217.0,4098.0,123752,55120.0
2002-11-01 00:00:00,37497.0,53160.0,8433.0,33081.0,4006.0,121897,53160.0
2002-11-08 00:00:00,36353.0,52548.0,8195.0,33279.0,3786.0,121436,52548.0
2002-11-15 00:00:00,37786.0,53220.0,8173.0,32897.0,3620.0,122851,53220.0
2002-11-22 00:00:00,37922.0,52461.0,8462.0,31596.0,4416.0,119961,52461.0
2002-11-29 00:00:00,38984.0,52541.0,7961.0,31399.0,4104.0,119838,52541.0
2002-12-06 00:00:00,39502.0,51177.0,7358.0,32024.0,3778.0,123261,51177.0
2002-12-13 00:00:00,39121.0,50581.0,8064.0,31193.0,4245.0,124738,50581.0
2002-12-20 00:00:00,41437.0,49111.0,7596.0,28664.0,4133.0,124919,49111.0
2002-12-27 00:00:00,41470.0,50915.0,7922.0,30239.0,3970.0,126823,50915.0
2003-01-03 00:00:00,42455.0,51066.0,8141.0,30392.0,3697.0,129748,51066.0
2003-01-10 00:00:00,45722.0,52632.0,8223.0,30586.0,3686.0,132294,52632.0
2003-01-17 00:00:00,45359.0,50633.0,8106.0,29297.0,4022.0,129240,50633.0
2003-01-24 00:00:00,44121.0,45827.0,6675.0,26467.0,4495.0,122386,45827.0
2003-01-31 00:00:00,40825.0,39624.0,5611.0,23186.0,4926.0,112056,39624.0
2003-02-07 00:00:00,39111.0,38276.0,6442.0,21490.0,4155.0,108220,38276.0
2003-02-14 00:00:00,38732.0,35886.0,6027.0,19391.0,4639.0,103581,35886.0
2003-02-21 00:00:00,37423.0,31472.0,4831.0,17197.0,4478.0,99053,31472.0
2003-02-28 00:00:00,37303.0,29494.0,4299.0,15184.0,4319.0,96539,29494.0
2003-03-07 00:00:00,35714.0,27467.0,4152.0,14470.0,4049.0,98317,27467.0
2003-03-14 00:00:00,34976.0,26804.0,4352.0,14229.0,4526.0,97226,26804.0
2003-03-21 00:00:00,37736.0,28139.0,4547.0,13517.0,3830.0,99478,28139.0
2003-03-28 00:00:00,37151.0,30604.0,4664.0,15641.0,4065.0,97892,30604.0
2003-04-04 00:00:00,35535.0,27634.0,4441.0,14842.0,4056.0,96120,27634.0
2003-04-11 00:00:00,37342.0,27902.0,3777.0,13977.0,3650.0,95721,27902.0
2003-04-18 00:00:00,37682.0,27853.0,3600.0,13842.0,3813.0,96063,27853.0
2003-04-25 00:00:00,38012.0,26238.0,3419.0,12841.0,3841.0,95862,26238.0
2003-05-02 00:00:00,39435.0,28193.0,3257.0,13502.0,3888.0,97303,28193.0
2003-05-09 00:00:00,40160.0,27959.0,2825.0,14429.0,3637.0,99878,27959.0
2003-05-16 00:00:00,41794.0,30462.0,3340.0,14216.0,3613.0,102701,30462.0
2003-05-23 00:00:00,39672.0,30042.0,4115.0,14588.0,3953.0,101519,30042.0
2003-05-30 00:00:00,42946.0,32669.0,4364.0,15184.0,3632.0,104514,32669.0
2003-06-06 00:00:00,41394.0,33770.0,4935.0,16969.0,3608.0,107331,33770.0
2003-06-13 00:00:00,43940.0,36729.0,5457.0,17783.0,3894.0,109419,36729.0
2003-06-20 00:00:00,42891.0,36607.0,5840.0,18821.0,3835.0,109410,36607.0
2003-06-27 00:00:00,42503.0,37887.0,6330.0,19588.0,3691.0,109727,37887.0
2003-07-04 00:00:00,40599.0,37665.0,7743.0,19233.0,3941.0,109192,37665.0
2003-07-11 00:00:00,43841.0,40294.0,8069.0,20438.0,3031.0,114685,40294.0
2003-07-18 00:00:00,43635.0,41467.0,8373.0,20743.0,3645.0,115199,41467.0
2003-07-25 00:00:00,43921.0,42385.0,8024.0,21811.0,3420.0,117388,42385.0
2003-08-01 00:00:00,43610.0,43928.0,7897.0,23059.0,3874.0,119051,43928.0
2003-08-08 00:00:00,42949.0,45551.0,7936.0,24473.0,3666.0,119918,45551.0
2003-08-15 00:00:00,41627.0,47600.0,8251.0,26367.0,3645.0,121129,47600.0
2003-08-22 00:00:00,41984.0,48801.0,7959.0,27313.0,3739.0,121786,48801.0
2003-08-29 00:00:00,43351.0,49574.0,7676.0,28565.0,3503.0,124732,49574.0
2003-09-05 00:00:00,43997.0,49840.0,7039.0,29868.0,3427.0,128390,49840.0
2003-09-12 00:00:00,44702.0,53031.0,8002.0,31224.0,3576.0,131332,53031.0
2003-09-19 00:00:00,44859.0,54494.0,8294.0,32535.0,3856.0,131235,54494.0
2003-09-26 00:00:00,42502.0,55726.0,8825.0,33203.0,3857.0,131273,55726.0
2003-10-03 00:00:00,42458.0,57564.0,9108.0,33836.0,3830.0,131460,57564.0
2003-10-10 00:00:00,42294.0,56347.0,8944.0,33409.0,4004.0,129839,56347.0
2003-10-17 00:00:00,42878.0,59527.0,9155.0,34325.0,3413.0,132449,59527.0
2003-10-24 00:00:00,43269.0,59504.0,9239.0,34418.0,3637.0,134013,59504.0
2003-10-31 00:00:00,43142.0,58555.0,9479.0,33871.0,4116.0,132693,58555.0
2003-11-07 00:00:00,41492.0,58651.0,9761.0,34011.0,4042.0,131191,58651.0
2003-11-14 00:00:00,42148.0,57799.0,9762.0,33481.0,4207.0,128908,57799.0
2003-11-21 00:00:00,42834.0,56169.0,9321.0,33427.0,4051.0,128304,56169.0
2003-11-28 00:00:00,45243.0,58681.0,9580.0,34197.0,3606.0,131084,58681.0
2003-12-05 00:00:00,44236.0,58969.0,8495.0,35853.0,3804.0,132118,58969.0
2003-12-12 00:00:00,45922.0,57458.0,7530.0,34659.0,4133.0,130747,57458.0
2003-12-19 00:00:00,45144.0,55481.0,7949.0,33354.0,4205.0,128435,55481.0
2003-12-26 00:00:00,44831.0,54696.0,7743.0,33110.0,3907.0,129145,54696.0
2004-01-02 00:00:00,47173.0,57532.0,9152.0,33694.0,3249.0,135515,57532.0
2004-01-09 00:00:00,48472.0,58293.0,9877.0,33936.0,3396.0,138321,58293.0
2004-01-16 00:00:00,48641.0,55047.0,9001.0,31653.0,4392.0,135469,55047.0
2004-01-23 00:00:00,45595.0,51969.0,8856.0,29591.0,4692.0,131023,51969.0
2004-01-30 00:00:00,44839.0,46475.0,6999.0,25769.0,4716.0,124152,46475.0
2004-02-06 00:00:00,43665.0,43859.0,5913.0,24232.0,4585.0,118258,43859.0
2004-02-13 00:00:00,41881.0,42196.0,5720.0,23310.0,4704.0,112470,42196.0
2004-02-20 00:00:00,41906.0,40998.0,6103.0,22199.0,4160.0,111380,40998.0
2004-02-27 00:00:00,40323.0,41332.0,7634.0,22380.0,3917.0,111309,41332.0
2004-03-05 00:00:00,40636.0,44069.0,7512.0,24223.0,3781.0,112747,44069.0
2004-03-12 00:00:00,37460.0,42864.0,7304.0,25844.0,3929.0,111767,42864.0
2004-03-19 00:00:00,38771.0,43467.0,6683.0,25976.0,3969.0,110415,43467.0
2004-03-26 00:00:00,38757.0,41084.0,6564.0,23564.0,3715.0,109739,41084.0
2004-04-02 00:00:00,36165.0,38989.0,5752.0,22756.0,4541.0,105185,38989.0
2004-04-09 00:00:00,35370.0,39930.0,6101.0,23735.0,3863.0,103896,39930.0
2004-04-16 00:00:00,36696.0,37598.0,5051.0,22124.0,4041.0,104632,37598.0
2004-04-23 00:00:00,37170.0,37602.0,4860.0,21917.0,4048.0,104787,37602.0
2004-04-30 00:00:00,38929.0,36204.0,5160.0,21283.0,3851.0,107219,36204.0
2004-05-07 00:00:00,38737.0,36311.0,5351.0,20472.0,3936.0,107527,36311.0
2004-05-14 00:00:00,38503.0,36388.0,6433.0,19324.0,3866.0,109178,36388.0
2004-05-21 00:00:00,38101.0,35743.0,6490.0,18947.0,4060.0,108667,35743.0
2004-05-28 00:00:00,38353.0,36759.0,6311.0,19170.0,4099.0,108936,36759.0
2004-06-04 00:00:00,39095.0,35956.0,6531.0,18444.0,4104.0,108331,35956.0
2004-06-11 00:00:00,39880.0,36873.0,6472.0,19491.0,3881.0,109758,36873.0
2004-06-18 00:00:00,39094.0,37225.0,6936.0,19703.0,3885.0,110389,37225.0
2004-06-25 00:00:00,40520.0,38471.0,6993.0,20061.0,4053.0,110918,38471.0
2004-07-02 00:00:00,40608.0,41324.0,8078.0,21662.0,3928.0,114024,41324.0
2004-07-09 00:00:00,42599.0,43214.0,8582.0,21680.0,3850.0,116729,43214.0
2004-07-16 00:00:00,42242.0,44051.0,9542.0,23064.0,3867.0,118421,44051.0
2004-07-23 00:00:00,43114.0,45619.0,9708.0,22875.0,3928.0,119091,45619.0
2004-07-30 00:00:00,41584.0,47083.0,9931.0,24844.0,3917.0,121152,47083.0
2004-08-06 00:00:00,41886.0,46740.0,10320.0,25474.0,4009.0,122490,46740.0
2004-08-13 00:00:00,42997.0,48716.0,10748.0,25601.0,3992.0,124567,48716.0
2004-08-20 00:00:00,42764.0,48663.0,10490.0,26232.0,4088.0,125050,48663.0
2004-08-27 00:00:00,42679.0,49709.0,12354.0,26532.0,3950.0,126355,49709.0
2004-09-03 00:00:00,44857.0,50763.0,11926.0,26305.0,4030.0,126649,50763.0
2004-09-10 00:00:00,44603.0,51613.0,12737.0,27813.0,3771.0,128321,51613.0
2004-09-17 00:00:00,43961.0,51546.0,12910.0,27383.0,3999.0,126817,51546.0
2004-09-24 00:00:00,43931.0,51521.0,12831.0,27102.0,3737.0,125487,51521.0
2004-10-01 00:00:00,42291.0,50362.0,12746.0,27068.0,4071.0,123360,50362.0
2004-10-08 00:00:00,41203.0,50308.0,12419.0,26560.0,4237.0,120923,50308.0
2004-10-15 00:00:00,38504.0,49719.0,12060.0,26630.0,4210.0,119020,49719.0
2004-10-22 00:00:00,37022.0,48548.0,11168.0,26503.0,4368.0,116576,48548.0
2004-10-29 00:00:00,37661.0,47554.0,11057.0,25377.0,4242.0,115715,47554.0
2004-11-05 00:00:00,36192.0,46635.0,10042.0,26103.0,4038.0,115578,46635.0
2004-11-12 00:00:00,35368.0,46150.0,9776.0,26023.0,4209.0,114577,46150.0
2004-11-19 00:00:00,36581.0,47141.0,9977.0,26955.0,4207.0,115607,47141.0
2004-11-26 00:00:00,36796.0,48503.0,10822.0,27030.0,4092.0,117922,48503.0
2004-12-03 00:00:00,36391.0,48850.0,10359.0,27956.0,4080.0,119299,48850.0
2004-12-10 00:00:00,37118.0,48743.0,11295.0,26801.0,4242.0,119336,48743.0
2004-12-17 00:00:00,38436.0,49586.0,11466.0,26591.0,4381.0,119920,49586.0
2004-12-24 00:00:00,38052.0,46236.0,10751.0,25082.0,4430.0,119129,46236.0
2004-12-31 00:00:00,39608.0,47695.0,10925.0,25847.0,4176.0,121099,47695.0
2005-01-07 00:00:00,41463.0,47708.0,9724.0,26107.0,4172.0,122980,47708.0
2005-01-14 00:00:00,42583.0,47668.0,10031.0,25442.0,4051.0,123764,47668.0
2005-01-21 00:00:00,43323.0,46493.0,9319.0,24910.0,4462.0,121485,46493.0
2005-01-28 00:00:00,43407.0,44354.0,8119.0,23770.0,4528.0,118598,44354.0
2005-02-04 00:00:00,42009.0,40357.0,7715.0,21507.0,4378.0,115607,40357.0
2005-02-11 00:00:00,41786.0,38716.0,7140.0,19870.0,4357.0,112516,38716.0
2005-02-18 00:00:00,42358.0,39010.0,7046.0,19731.0,4125.0,111760,39010.0
2005-02-25 00:00:00,39405.0,36506.0,7641.0,19091.0,4155.0,110022,36506.0
2005-03-04 00:00:00,40258.0,36363.0,7044.0,18616.0,4321.0,109212,36363.0
2005-03-11 00:00:00,38952.0,34961.0,7033.0,17045.0,4373.0,107273,34961.0
2005-03-18 00:00:00,39001.0,33960.0,6273.0,16973.0,4415.0,104514,33960.0
2005-03-25 00:00:00,39293.0,33548.0,6038.0,15585.0,4234.0,103438,33548.0
2005-04-01 00:00:00,39040.0,33376.0,6143.0,15438.0,4233.0,104110,33376.0
2005-04-08 00:00:00,38348.0,33258.0,6524.0,15840.0,4248.0,103993,33258.0
2005-04-15 00:00:00,38230.0,33112.0,6138.0,16116.0,4268.0,104044,33112.0
2005-04-22 00:00:00,37282.0,32458.0,5885.0,16193.0,4090.0,102601,32458.0
2005-04-29 00:00:00,37884.0,32528.0,5671.0,16407.0,4240.0,102283,32528.0
2005-05-06 00:00:00,38780.0,33403.0,6353.0,16627.0,3913.0,103978,33403.0
2005-05-13 00:00:00,38601.0,33473.0,6356.0,16777.0,4220.0,103759,33473.0
2005-05-20 00:00:00,38206.0,34607.0,6597.0,17492.0,3929.0,105655,34607.0
2005-05-27 00:00:00,38052.0,35025.0,6443.0,18107.0,4230.0,106438,35025.0
2005-06-03 00:00:00,38075.0,35890.0,7268.0,19059.0,4057.0,107729,35890.0
2005-06-10 00:00:00,39704.0,38558.0,7966.0,19929.0,4206.0,110156,38558.0
2005-06-17 00:00:00,39365.0,39129.0,8457.0,20329.0,4010.0,111530,39129.0
2005-06-24 00:00:00,39853.0,40720.0,8769.0,21159.0,4047.0,113166,40720.0
2005-07-01 00:00:00,40639.0,43848.0,10371.0,22271.0,4110.0,117233,43848.0
2005-07-08 00:00:00,41347.0,46258.0,11066.0,23806.0,3904.0,120426,46258.0
2005-07-15 00:00:00,43305.0,50058.0,11893.0,25918.0,3911.0,122652,50058.0
2005-07-22 00:00:00,42602.0,50327.0,12268.0,26860.0,4001.0,125789,50327.0
2005-07-29 00:00:00,45485.0,51991.0,10981.0,27614.0,4140.0,127274,51991.0
2005-08-05 00:00:00,42841.0,54252.0,13233.0,29710.0,3973.0,129872,54252.0
2005-08-12 00:00:00,42812.0,56479.0,13347.0,29848.0,3982.0,131063,56479.0
2005-08-19 00:00:00,43408.0,56507.0,13654.0,29851.0,4028.0,132489,56507.0
2005-08-26 00:00:00,43858.0,58213.0,14137.0,31951.0,4051.0,135234,58213.0
2005-09-02 00:00:00,39226.0,57816.0,14238.0,33433.0,3995.0,134418,57816.0
2005-09-09 00:00:00,40237.0,57811.0,14090.0,34546.0,3906.0,133313,57811.0
2005-09-16 00:00:00,41442.0,60055.0,14333.0,34964.0,3869.0,134133,60055.0
2005-09-23 00:00:00,39461.0,59261.0,13931.0,34773.0,3835.0,133560,59261.0
2005-09-30 00:00:00,38296.0,59538.0,13955.0,34669.0,4034.0,128034,59538.0
2005-10-07 00:00:00,37589.0,59206.0,13629.0,35352.0,3909.0,124627,59206.0
2005-10-14 00:00:00,35595.0,58011.0,13271.0,34555.0,3900.0,122712,58011.0
2005-10-21 00:00:00,34156.0,56699.0,13573.0,33681.0,4293.0,121090,56699.0
2005-10-28 00:00:00,34365.0,55114.0,12966.0,33147.0,4066.0,120931,55114.0
2005-11-04 00:00:00,34570.0,55216.0,13377.0,32056.0,4205.0,120847,55216.0
2005-11-11 00:00:00,34178.0,56704.0,13818.0,33056.0,3917.0,123374,56704.0
2005-11-18 00:00:00,35879.0,58053.0,12879.0,34459.0,4156.0,124539,58053.0
2005-11-25 00:00:00,36915.0,59755.0,13504.0,34828.0,4003.0,127852,59755.0
2005-12-02 00:00:00,38383.0,60244.0,13234.0,34114.0,4094.0,130589,60244.0
2005-12-09 00:00:00,37223.0,58641.0,12869.0,34870.0,4256.0,130501,58641.0
2005-12-16 00:00:00,38463.0,57857.0,12439.0,32978.0,4650.0,127680,57857.0
2005-12-23 00:00:00,37656.0,55955.0,11042.0,33054.0,4462.0,126790,55955.0
2005-12-30 00:00:00,39541.0,56124.0,11818.0,32058.0,4017.0,128904,56124.0
2006-01-06 00:00:00,42809.0,57734.0,11781.0,33005.0,4036.0,133766,57734.0
2006-01-13 00:00:00,41327.0,58109.0,12089.0,34248.0,4131.0,134677,58109.0
2006-01-20 00:00:00,41959.0,60181.0,12119.0,36421.0,4250.0,136466,60181.0
2006-01-27 00:00:00,42340.0,62024.0,12829.0,37236.0,4167.0,136268,62024.0
2006-02-03 00:00:00,41999.0,60379.0,12550.0,36638.0,4226.0,135955,60379.0
2006-02-10 00:00:00,43044.0,61743.0,11916.0,37767.0,4226.0,136862,61743.0
2006-02-17 00:00:00,41602.0,60068.0,12147.0,36598.0,4358.0,135602,60068.0
2006-02-24 00:00:00,42284.0,57633.0,11108.0,34750.0,4255.0,134096,57633.0
2006-03-03 00:00:00,42325.0,52411.0,9918.0,31636.0,4356.0,131436,52411.0
2006-03-10 00:00:00,42939.0,48913.0,9185.0,28106.0,4438.0,127542,48913.0
2006-03-17 00:00:00,42368.0,49071.0,9676.0,28835.0,4076.0,126672,49071.0
2006-03-24 00:00:00,41941.0,46672.0,8985.0,26824.0,4078.0,124172,46672.0
2006-03-31 00:00:00,41010.0,44884.0,8728.0,25761.0,4039.0,121608,44884.0
2006-04-07 00:00:00,40062.0,43429.0,8305.0,24646.0,4269.0,117368,43429.0
2006-04-14 00:00:00,38280.0,42966.0,7722.0,25326.0,3995.0,114580,42966.0
2006-04-21 00:00:00,37066.0,43429.0,7790.0,25105.0,3899.0,115596,43429.0
2006-04-28 00:00:00,37514.0,43278.0,7748.0,24718.0,4171.0,114530,43278.0
2006-05-05 00:00:00,36965.0,41759.0,7615.0,24160.0,4199.0,114700,41759.0
2006-05-12 00:00:00,35737.0,42600.0,7953.0,24316.0,4125.0,114580,42600.0
2006-05-19 00:00:00,37012.0,43848.0,8075.0,25141.0,3940.0,117057,43848.0
2006-05-26 00:00:00,36918.0,45806.0,8431.0,26397.0,4142.0,118892,45806.0
2006-06-02 00:00:00,37454.0,46170.0,8630.0,26959.0,4016.0,120653,46170.0
2006-06-09 00:00:00,37487.0,49346.0,8736.0,29622.0,4080.0,122759,49346.0
2006-06-16 00:00:00,37043.0,50324.0,9727.0,30137.0,4087.0,124450,50324.0
2006-06-23 00:00:00,38460.0,52409.0,9845.0,31192.0,4091.0,126287,52409.0
2006-06-30 00:00:00,36741.0,53360.0,11175.0,31674.0,4122.0,127323,53360.0
2006-07-07 00:00:00,38498.0,55039.0,12329.0,31553.0,4182.0,129899,55039.0
2006-07-14 00:00:00,38488.0,57393.0,12364.0,33022.0,4160.0,131098,57393.0
2006-07-21 00:00:00,37105.0,58897.0,12996.0,34734.0,4151.0,131897,58897.0
2006-07-28 00:00:00,37524.0,58621.0,12379.0,35041.0,4073.0,132558,58621.0
2006-08-04 00:00:00,36605.0,59060.0,12321.0,34838.0,4024.0,132422,59060.0
2006-08-11 00:00:00,37276.0,59472.0,12687.0,34693.0,3906.0,133170,59472.0
2006-08-18 00:00:00,37508.0,60367.0,12625.0,36043.0,4105.0,135481,60367.0
2006-08-25 00:00:00,37304.0,61625.0,12423.0,37396.0,4236.0,136845,61625.0
2006-09-01 00:00:00,38790.0,63009.0,12206.0,38623.0,4166.0,139947,63009.0
2006-09-08 00:00:00,40476.0,64385.0,12986.0,38761.0,4049.0,144588,64385.0
2006-09-15 00:00:00,42516.0,66256.0,13404.0,39476.0,4135.0,148670,66256.0
2006-09-22 00:00:00,43514.0,68366.0,13600.0,40003.0,4141.0,151288,68366.0
2006-09-29 00:00:00,46096.0,68918.0,13763.0,40780.0,4219.0,151466,68918.0
2006-10-06 00:00:00,44609.0,68170.0,13491.0,40291.0,4323.0,149946,68170.0
2006-10-13 00:00:00,41487.0,67500.0,13274.0,40226.0,4525.0,145399,67500.0
2006-10-20 00:00:00,40319.0,67229.0,13148.0,40156.0,4279.0,143981,67229.0
2006-10-27 00:00:00,39360.0,67201.0,12892.0,40751.0,4590.0,141258,67201.0
2006-11-03 00:00:00,38279.0,66807.0,13188.0,39754.0,4364.0,138583,66807.0
2006-11-10 00:00:00,36427.0,65099.0,12956.0,39176.0,4603.0,135018,65099.0
2006-11-17 00:00:00,37463.0,63837.0,12211.0,38831.0,4210.0,133820,63837.0
2006-11-24 00:00:00,36814.0,64056.0,12575.0,38564.0,4236.0,132818,64056.0
2006-12-01 00:00:00,37773.0,63670.0,12574.0,37814.0,4275.0,132359,63670.0
2006-12-08 00:00:00,38434.0,63847.0,12825.0,37668.0,4300.0,131914,63847.0
2006-12-15 00:00:00,37970.0,62712.0,12618.0,36796.0,4325.0,133120,62712.0
2006-12-22 00:00:00,38218.0,62922.0,12639.0,36650.0,4351.0,133592,62922.0
2006-12-29 00:00:00,38472.0,63803.0,13006.0,37370.0,4147.0,135563,63803.0
2007-01-05 00:00:00,41073.0,67464.0,13291.0,39440.0,3979.0,140965,67464.0
2007-01-12 00:00:00,40905.0,66663.0,12757.0,39345.0,3978.0,141875,66663.0
2007-01-19 00:00:00,41641.0,65347.0,12551.0,38584.0,4107.0,142625,65347.0
2007-01-26 00:00:00,42627.0,63822.0,11639.0,38158.0,4540.0,139977,63822.0
2007-02-02 00:00:00,41541.0,59592.0,10413.0,35437.0,4651.0,136345,59592.0
2007-02-09 00:00:00,42771.0,57262.0,9661.0,33519.0,4709.0,133327,57262.0
2007-02-16 00:00:00,42341.0,52246.0,7893.0,31464.0,4734.0,128290,52246.0
2007-02-23 00:00:00,40298.0,48266.0,7563.0,28470.0,4710.0,124503,48266.0
2007-03-02 00:00:00,39528.0,46797.0,7822.0,27628.0,4498.0,123172,46797.0
2007-03-09 00:00:00,41287.0,45933.0,7333.0,26092.0,4476.0,120439,45933.0
2007-03-16 00:00:00,38959.0,43322.0,6529.0,25390.0,4462.0,118729,43322.0
2007-03-23 00:00:00,38434.0,41894.0,6125.0,24542.0,4348.0,118029,41894.0
2007-03-30 00:00:00,40249.0,42510.0,6390.0,23911.0,4288.0,117952,42510.0
2007-04-06 00:00:00,40709.0,40702.0,6468.0,22846.0,4308.0,118122,40702.0
2007-04-13 00:00:00,39978.0,41695.0,7123.0,22782.0,4428.0,117327,41695.0
2007-04-20 00:00:00,41234.0,40166.0,6633.0,21638.0,4260.0,117332,40166.0
2007-04-27 00:00:00,40744.0,38936.0,6851.0,20709.0,4289.0,117134,38936.0
2007-05-04 00:00:00,40185.0,40568.0,7439.0,21721.0,4134.0,118764,40568.0
2007-05-11 00:00:00,39837.0,41338.0,7737.0,22475.0,4092.0,119756,41338.0
2007-05-18 00:00:00,40312.0,41799.0,7800.0,22722.0,4161.0,120268,41799.0
2007-05-25 00:00:00,40431.0,41995.0,6901.0,23072.0,4335.0,120415,41995.0
2007-06-01 00:00:00,41620.0,42383.0,6665.0,23822.0,4084.0,122279,42383.0
2007-06-08 00:00:00,43103.0,43991.0,6964.0,24086.0,4079.0,122566,43991.0
2007-06-15 00:00:00,42120.0,44031.0,6788.0,24656.0,4086.0,122723,44031.0
2007-06-22 00:00:00,42058.0,44050.0,7149.0,23796.0,4391.0,120448,44050.0
2007-06-29 00:00:00,42998.0,44383.0,7399.0,23653.0,4010.0,121610,44383.0
2007-07-06 00:00:00,42159.0,45143.0,7325.0,24425.0,4036.0,122370,45143.0
2007-07-13 00:00:00,41574.0,46095.0,7664.0,25576.0,4109.0,122225,46095.0
2007-07-20 00:00:00,40259.0,47711.0,8162.0,26352.0,4043.0,123653,47711.0
2007-07-27 00:00:00,41485.0,48107.0,8445.0,26353.0,4110.0,126542,48107.0
2007-08-03 00:00:00,41764.0,50149.0,9043.0,27268.0,4110.0,127516,50149.0
2007-08-10 00:00:00,41157.0,52018.0,9480.0,28907.0,4158.0,127669,52018.0
2007-08-17 00:00:00,39517.0,51792.0,10420.0,29742.0,4288.0,129025,51792.0
2007-08-24 00:00:00,39334.0,53597.0,10832.0,30884.0,4199.0,129914,53597.0
2007-08-31 00:00:00,40944.0,54485.0,10865.0,31222.0,4215.0,132170,54485.0
2007-09-07 00:00:00,40871.0,55641.0,11079.0,32592.0,4067.0,133963,55641.0
2007-09-14 00:00:00,41047.0,57951.0,11810.0,33659.0,4030.0,135527,57951.0
2007-09-21 00:00:00,42702.0,58197.0,12241.0,32929.0,4067.0,137060,58197.0
2007-09-28 00:00:00,41907.0,58922.0,12528.0,33566.0,4275.0,135887,58922.0
2007-10-05 00:00:00,42472.0,59360.0,12393.0,33370.0,4467.0,135324,59360.0
2007-10-12 00:00:00,42304.0,60954.0,12755.0,34585.0,4163.0,136318,60954.0
2007-10-19 00:00:00,39900.0,60908.0,12421.0,35960.0,4276.0,134471,60908.0
2007-10-26 00:00:00,41491.0,61191.0,12423.0,35807.0,4156.0,135279,61191.0
2007-11-02 00:00:00,41766.0,61132.0,12202.0,35865.0,4238.0,135377,61132.0
2007-11-09 00:00:00,40091.0,60595.0,11929.0,36193.0,4520.0,133412,60595.0
2007-11-16 00:00:00,38899.0,60360.0,11661.0,35748.0,4603.0,131005,60360.0
2007-11-23 00:00:00,39324.0,59484.0,11008.0,36030.0,4330.0,130916,59484.0
2007-11-30 00:00:00,40140.0,58858.0,10426.0,35773.0,4252.0,132344,58858.0
2007-12-07 00:00:00,40327.0,57731.0,9998.0,34389.0,4340.0,131534,57731.0
2007-12-14 00:00:00,39673.0,54583.0,9756.0,32950.0,4692.0,129376,54583.0
2007-12-21 00:00:00,41320.0,52335.0,9461.0,29481.0,4652.0,126608,52335.0
2007-12-28 00:00:00,42193.0,50727.0,9691.0,28081.0,4340.0,127177,50727.0
2008-01-04 00:00:00,42334.0,48682.0,9126.0,27093.0,4223.0,128693,48682.0
2008-01-11 00:00:00,42902.0,50831.0,9346.0,28402.0,4216.0,129845,50831.0
2008-01-18 00:00:00,42421.0,50347.0,9607.0,27985.0,4347.0,128543,50347.0
2008-01-25 00:00:00,41928.0,49238.0,9768.0,26909.0,4206.0,127004,49238.0
2008-02-01 00:00:00,43687.0,48475.0,9491.0,26327.0,4169.0,127139,48475.0
2008-02-08 00:00:00,42506.0,47951.0,9695.0,26510.0,4196.0,126973,47951.0
2008-02-15 00:00:00,41507.0,45141.0,8926.0,24448.0,4825.0,122527,45141.0
2008-02-22 00:00:00,41782.0,43702.0,7954.0,24329.0,4249.0,119952,43702.0
2008-02-29 00:00:00,43939.0,41397.0,7212.0,22697.0,4322.0,117625,41397.0
2008-03-07 00:00:00,42567.0,38195.0,5481.0,22751.0,4020.0,116400,38195.0
2008-03-14 00:00:00,42266.0,37291.0,5562.0,20404.0,4342.0,113490,37291.0
2008-03-21 00:00:00,40611.0,35085.0,5019.0,19810.0,4227.0,111349,35085.0
2008-03-28 00:00:00,41441.0,33532.0,4700.0,18052.0,4232.0,109720,33532.0
2008-04-04 00:00:00,40002.0,31833.0,4266.0,16642.0,4465.0,106027,31833.0
2008-04-11 00:00:00,39166.0,30123.0,3952.0,15532.0,4068.0,106079,30123.0
2008-04-18 00:00:00,38845.0,29226.0,3979.0,15173.0,4360.0,104702,29226.0
2008-04-25 00:00:00,39537.0,31539.0,4410.0,16293.0,4136.0,105831,31539.0
2008-05-02 00:00:00,38425.0,31620.0,3846.0,17217.0,4188.0,105724,31620.0
2008-05-09 00:00:00,40381.0,31857.0,3733.0,16712.0,4124.0,107062,31857.0
2008-05-16 00:00:00,40132.0,32580.0,3777.0,18088.0,4185.0,107790,32580.0
2008-05-23 00:00:00,39428.0,33288.0,3887.0,18733.0,4078.0,109431,33288.0
2008-05-30 00:00:00,40876.0,35008.0,3751.0,19493.0,4114.0,111704,35008.0
2008-06-06 00:00:00,41663.0,35381.0,3751.0,20041.0,4025.0,113981,35381.0
2008-06-13 00:00:00,43090.0,37419.0,3834.0,21654.0,4070.0,116598,37419.0
2008-06-20 00:00:00,42897.0,38896.0,4179.0,22966.0,4040.0,119421,38896.0
2008-06-27 00:00:00,42935.0,41264.0,4353.0,24597.0,4287.0,120685,41264.0
2008-07-04 00:00:00,43324.0,42904.0,4843.0,25190.0,4272.0,122501,42904.0
2008-07-11 00:00:00,42946.0,44226.0,5235.0,26290.0,4126.0,125690,44226.0
2008-07-18 00:00:00,43833.0,45194.0,4918.0,27209.0,4077.0,128109,45194.0
2008-07-25 00:00:00,43391.0,47339.0,5044.0,29168.0,4199.0,130505,47339.0
2008-08-01 00:00:00,43311.0,46538.0,5359.0,28574.0,4152.0,133346,46538.0
2008-08-08 00:00:00,43566.0,48109.0,5198.0,29268.0,4406.0,131587,48109.0
2008-08-15 00:00:00,42490.0,49568.0,5942.0,30128.0,4087.0,132068,49568.0
2008-08-22 00:00:00,42831.0,49950.0,6248.0,30554.0,4188.0,132125,49950.0
2008-08-29 00:00:00,42338.0,49683.0,6242.0,31235.0,4348.0,131712,49683.0
2008-09-05 00:00:00,42103.0,49724.0,6723.0,31316.0,3895.0,130460,49724.0
2008-09-12 00:00:00,40623.0,49499.0,7262.0,31563.0,3728.0,129625,49499.0
2008-09-19 00:00:00,38795.0,48086.0,7481.0,30912.0,3732.0,125449,48086.0
2008-09-26 00:00:00,36933.0,47514.0,8267.0,30132.0,3888.0,123090,47514.0
2008-10-03 00:00:00,37453.0,47713.0,8721.0,29161.0,3928.0,122601,47713.0
2008-10-10 00:00:00,38855.0,48474.0,8301.0,28333.0,4004.0,122148,48474.0
2008-10-17 00:00:00,38454.0,48488.0,8339.0,28772.0,3976.0,124304,48488.0
2008-10-24 00:00:00,39065.0,49285.0,8190.0,28914.0,4037.0,126629,49285.0
2008-10-31 00:00:00,39646.0,50766.0,7874.0,30860.0,4030.0,127835,50766.0
2008-11-07 00:00:00,38973.0,52246.0,8878.0,30883.0,3925.0,128351,52246.0
2008-11-14 00:00:00,37709.0,51181.0,8091.0,31239.0,4056.0,126880,51181.0
2008-11-21 00:00:00,37758.0,51839.0,8914.0,30916.0,4086.0,126694,51839.0
2008-11-28 00:00:00,37836.0,49952.0,8761.0,29659.0,3892.0,124973,49952.0
2008-12-05 00:00:00,38826.0,52493.0,9728.0,30485.0,3672.0,130587,52493.0
2008-12-12 00:00:00,40763.0,53931.0,8560.0,31784.0,4090.0,133523,53931.0
2008-12-19 00:00:00,41360.0,53026.0,8822.0,31405.0,4102.0,135337,53026.0
2008-12-26 00:00:00,42538.0,53311.0,8882.0,30718.0,4310.0,136031,53311.0
2009-01-02 00:00:00,45268.0,54322.0,9349.0,29476.0,4318.0,137821,54322.0
2009-01-09 00:00:00,49521.0,54858.0,9431.0,30046.0,3654.0,144167,54858.0
2009-01-16 00:00:00,49174.0,55312.0,9211.0,30606.0,4082.0,144957,55312.0
2009-01-23 00:00:00,49975.0,54326.0,9153.0,28995.0,4258.0,143952,54326.0
2009-01-30 00:00:00,49966.0,53097.0,9863.0,28088.0,4220.0,142591,53097.0
2009-02-06 00:00:00,49563.0,50508.0,9143.0,26917.0,4115.0,141565,50508.0
2009-02-13 00:00:00,50260.0,51207.0,9272.0,26468.0,4359.0,140752,51207.0
2009-02-20 00:00:00,50487.0,50444.0,8815.0,27044.0,3988.0,141634,50444.0
2009-02-27 00:00:00,50584.0,51695.0,8951.0,27810.0,3764.0,143296,51695.0
2009-03-06 00:00:00,51736.0,53494.0,9915.0,27288.0,3784.0,145404,53494.0
2009-03-13 00:00:00,49775.0,52301.0,9673.0,27649.0,3721.0,145516,52301.0
2009-03-20 00:00:00,49024.0,53042.0,9982.0,28297.0,3928.0,143932,53042.0
2009-03-27 00:00:00,48117.0,53310.0,10200.0,28711.0,3653.0,144153,53310.0
2009-04-03 00:00:00,46904.0,52859.0,9614.0,29304.0,4065.0,140799,52859.0
2009-04-10 00:00:00,48205.0,52098.0,9220.0,28380.0,3769.0,139629,52098.0
2009-04-17 00:00:00,49196.0,52996.0,9049.0,29082.0,3452.0,142311,52996.0
2009-04-24 00:00:00,47368.0,53255.0,9245.0,30128.0,3441.0,144105,53255.0
2009-05-01 00:00:00,48358.0,55154.0,9926.0,31882.0,3446.0,146533,55154.0
2009-05-08 00:00:00,47680.0,56051.0,9815.0,32436.0,3625.0,147455,56051.0
2009-05-15 00:00:00,47709.0,57545.0,9773.0,33039.0,3641.0,148127,57545.0
2009-05-22 00:00:00,46190.0,58582.0,10402.0,33948.0,3636.0,148375,58582.0
2009-05-29 00:00:00,46410.0,59846.0,10997.0,34752.0,3455.0,150036,59846.0
2009-06-05 00:00:00,47571.0,61076.0,10326.0,34877.0,3572.0,149718,61076.0
2009-06-12 00:00:00,45892.0,60218.0,10933.0,34689.0,3384.0,150026,60218.0
2009-06-19 00:00:00,47378.0,62152.0,11230.0,36002.0,3383.0,152103,62152.0
2009-06-26 00:00:00,47253.0,64592.0,11295.0,37872.0,3257.0,154999,64592.0
2009-07-03 00:00:00,47597.0,67458.0,11816.0,39657.0,3039.0,158738,67458.0
2009-07-10 00:00:00,48844.0,67622.0,11973.0,39350.0,3439.0,159291,67622.0
2009-07-17 00:00:00,49585.0,67512.0,12582.0,39105.0,3455.0,160509,67512.0
2009-07-24 00:00:00,49498.0,67704.0,12408.0,39253.0,3265.0,162617,67704.0
2009-07-31 00:00:00,49199.0,67192.0,12126.0,39402.0,3426.0,161481,67192.0
2009-08-07 00:00:00,48476.0,68292.0,12476.0,40354.0,3198.0,162267,68292.0
2009-08-14 00:00:00,47662.0,68304.0,12863.0,40406.0,3466.0,161617,68304.0
2009-08-21 00:00:00,47269.0,68574.0,13106.0,41230.0,3412.0,162384,68574.0
2009-08-28 00:00:00,46990.0,70182.0,13241.0,42602.0,3497.0,163563,70182.0
2009-09-04 00:00:00,48152.0,71653.0,13411.0,42949.0,3482.0,165556,71653.0
2009-09-11 00:00:00,48923.0,71767.0,13362.0,43064.0,3355.0,167793,71767.0
2009-09-18 00:00:00,47968.0,74250.0,14182.0,44846.0,3303.0,170754,74250.0
2009-09-25 00:00:00,49070.0,75042.0,14837.0,44229.0,3409.0,171077,75042.0
2009-10-02 00:00:00,49161.0,75920.0,15255.0,44862.0,3527.0,171756,75920.0
2009-10-09 00:00:00,48183.0,75672.0,15407.0,45065.0,3557.0,170672,75672.0
2009-10-16 00:00:00,47641.0,74097.0,14808.0,44466.0,3487.0,169888,74097.0
2009-10-23 00:00:00,45868.0,73765.0,14408.0,44759.0,3637.0,167754,73765.0
2009-10-30 00:00:00,46871.0,73421.0,14454.0,43562.0,3570.0,167376,73421.0
2009-11-06 00:00:00,44865.0,74769.0,14618.0,44887.0,3543.0,167725,74769.0
2009-11-13 00:00:00,43387.0,74656.0,14766.0,45829.0,3602.0,167397,74656.0
2009-11-20 00:00:00,43156.0,75804.0,14509.0,46973.0,3661.0,166868,75804.0
2009-11-27 00:00:00,44074.0,75385.0,14283.0,46056.0,3579.0,165698,75385.0
2009-12-04 00:00:00,45308.0,76576.0,14119.0,46867.0,3320.0,167317,76576.0
2009-12-11 00:00:00,44868.0,74628.0,13365.0,45751.0,3792.0,164363,74628.0
2009-12-18 00:00:00,44122.0,71876.0,13010.0,44205.0,3988.0,161336,71876.0
2009-12-25 00:00:00,43970.0,68970.0,12226.0,41820.0,3656.0,159281,68970.0
2010-01-01 00:00:00,46045.0,67711.0,12427.0,39285.0,3546.0,159048,67711.0
2010-01-08 00:00:00,48845.0,65254.0,12166.0,36593.0,3614.0,160401,65254.0
2010-01-15 00:00:00,47520.0,65071.0,12013.0,36665.0,3823.0,157138,65071.0
2010-01-22 00:00:00,47415.0,62943.0,12581.0,36127.0,3725.0,157496,62943.0
2010-01-29 00:00:00,46750.0,63251.0,12593.0,36938.0,3659.0,156548,63251.0
2010-02-05 00:00:00,46929.0,64132.0,12162.0,37412.0,3696.0,156192,64132.0
2010-02-12 00:00:00,44922.0,61693.0,11182.0,37429.0,3787.0,153255,61693.0
2010-02-19 00:00:00,45558.0,62279.0,11556.0,37144.0,3662.0,152664,62279.0
2010-02-26 00:00:00,45449.0,61681.0,11511.0,36774.0,3829.0,151821,61681.0
2010-03-05 00:00:00,43404.0,60505.0,11143.0,36489.0,3645.0,149604,60505.0
2010-03-12 00:00:00,43263.0,58764.0,10413.0,35297.0,3762.0,148113,58764.0
2010-03-19 00:00:00,42092.0,57416.0,9783.0,35027.0,3809.0,145691,57416.0
2010-03-26 00:00:00,41105.0,57665.0,9629.0,35937.0,3646.0,144606,57665.0
2010-04-02 00:00:00,40935.0,57120.0,9272.0,35484.0,3637.0,145680,57120.0
2010-04-09 00:00:00,42368.0,57529.0,9141.0,35356.0,3583.0,146787,57529.0
2010-04-16 00:00:00,41860.0,58212.0,9400.0,35837.0,3466.0,148883,58212.0
2010-04-23 00:00:00,41419.0,58997.0,9759.0,36142.0,3597.0,151820,58997.0
2010-04-30 00:00:00,41899.0,59841.0,9732.0,37236.0,3895.0,152393,59841.0
2010-05-07 00:00:00,42378.0,61190.0,9819.0,37900.0,3890.0,153789,61190.0
2010-05-14 00:00:00,42089.0,59730.0,9704.0,36983.0,4086.0,152810,59730.0
2010-05-21 00:00:00,42762.0,60194.0,9532.0,37332.0,4021.0,152543,60194.0
2010-05-28 00:00:00,42527.0,59141.0,9404.0,36580.0,4031.0,152988,59141.0
2010-06-04 00:00:00,42729.0,58862.0,9485.0,36090.0,3903.0,154824,58862.0
2010-06-11 00:00:00,44381.0,60455.0,9768.0,36095.0,3845.0,156622,60455.0
2010-06-18 00:00:00,42911.0,61165.0,10387.0,36916.0,3784.0,156919,61165.0
2010-06-25 00:00:00,42052.0,62433.0,10757.0,38003.0,3550.0,159376,62433.0
2010-07-02 00:00:00,44186.0,63250.0,10715.0,38495.0,3949.0,159697,63250.0
2010-07-09 00:00:00,44681.0,64836.0,11059.0,39547.0,3527.0,162640,64836.0
2010-07-16 00:00:00,46987.0,67595.0,10901.0,41220.0,3358.0,166575,67595.0
2010-07-23 00:00:00,46366.0,68060.0,11389.0,41990.0,3599.0,167513,68060.0
2010-07-30 00:00:00,46957.0,67366.0,12234.0,41016.0,3464.0,169686,67366.0
2010-08-06 00:00:00,47625.0,70357.0,12899.0,42662.0,3400.0,173142,70357.0
2010-08-13 00:00:00,47470.0,72068.0,13090.0,43994.0,3674.0,174211,72068.0
2010-08-20 00:00:00,48887.0,72361.0,13387.0,43583.0,3628.0,175974,72361.0
2010-08-27 00:00:00,48285.0,72687.0,13027.0,44100.0,3927.0,175235,72687.0
2010-09-03 00:00:00,47963.0,72296.0,13415.0,43457.0,3932.0,174847,72296.0
2010-09-10 00:00:00,49625.0,71654.0,14041.0,41315.0,3842.0,174507,71654.0
2010-09-17 00:00:00,49286.0,72251.0,14025.0,42445.0,3689.0,174854,72251.0
2010-09-24 00:00:00,47770.0,74403.0,13865.0,44494.0,3899.0,173589,74403.0
2010-10-01 00:00:00,48575.0,73870.0,13828.0,43916.0,3724.0,172465,73870.0
2010-10-08 00:00:00,45904.0,72750.0,13706.0,44014.0,3704.0,172210,72750.0
2010-10-15 00:00:00,45156.0,75049.0,14125.0,44777.0,3954.0,170055,75049.0
2010-10-22 00:00:00,43969.0,73923.0,13497.0,44848.0,4064.0,168442,73923.0
2010-10-29 00:00:00,43181.0,72692.0,13496.0,44147.0,4106.0,164874,72692.0
2010-11-05 00:00:00,42204.0,70919.0,13067.0,42429.0,4394.0,159902,70919.0
2010-11-12 00:00:00,40303.0,70256.0,13084.0,42718.0,3780.0,158792,70256.0
2010-11-19 00:00:00,40849.0,70787.0,12997.0,42742.0,3804.0,158251,70787.0
2010-11-26 00:00:00,40679.0,70402.0,13082.0,42680.0,3668.0,158057,70402.0
2010-12-03 00:00:00,42691.0,70973.0,12850.0,42973.0,3664.0,160211,70973.0
2010-12-10 00:00:00,43030.0,67497.0,11122.0,42043.0,3771.0,161305,67497.0
2010-12-17 00:00:00,42732.0,66327.0,11306.0,40925.0,4049.0,160716,66327.0
2010-12-24 00:00:00,43175.0,64224.0,11194.0,39405.0,3991.0,160959,64224.0
2010-12-31 00:00:00,45008.0,63699.0,10677.0,38383.0,3735.0,162107,63699.0
2011-01-07 00:00:00,45418.0,63512.0,11462.0,37793.0,3569.0,164759,63512.0
2011-01-14 00:00:00,45395.0,61632.0,11192.0,36996.0,3611.0,165797,61632.0
2011-01-21 00:00:00,45933.0,60388.0,10352.0,37158.0,3710.0,165657,60388.0
2011-01-28 00:00:00,47836.0,58608.0,9456.0,34864.0,3891.0,164078,58608.0
2011-02-04 00:00:00,48358.0,57752.0,9403.0,33746.0,3682.0,164366,57752.0
2011-02-11 00:00:00,48630.0,57756.0,8506.0,34274.0,3979.0,161270,57756.0
2011-02-18 00:00:00,48754.0,58095.0,9882.0,32998.0,3654.0,159937,58095.0
2011-02-25 00:00:00,48934.0,58000.0,9855.0,32278.0,3697.0,159186,58000.0
2011-03-04 00:00:00,48348.0,56855.0,9828.0,31251.0,4206.0,155209,56855.0
2011-03-11 00:00:00,46897.0,55887.0,9029.0,31338.0,3910.0,152608,55887.0
2011-03-18 00:00:00,45185.0,54226.0,8947.0,30531.0,3771.0,152615,54226.0
2011-03-25 00:00:00,45568.0,54850.0,9232.0,30955.0,3637.0,153325,54850.0
2011-04-01 00:00:00,44683.0,51627.0,8829.0,29296.0,3672.0,153520,51627.0
2011-04-08 00:00:00,43725.0,51075.0,8180.0,29367.0,3800.0,150839,51075.0
2011-04-15 00:00:00,44393.0,52201.0,8219.0,29432.0,4112.0,148335,52201.0
2011-04-22 00:00:00,45161.0,50382.0,7729.0,28771.0,3737.0,146530,50382.0
2011-04-29 00:00:00,43414.0,49768.0,7612.0,29170.0,3893.0,145132,49768.0
2011-05-06 00:00:00,42989.0,50411.0,7952.0,28960.0,3769.0,144289,50411.0
2011-05-13 00:00:00,41508.0,50807.0,7665.0,29869.0,3620.0,143132,50807.0
2011-05-20 00:00:00,40059.0,51276.0,7716.0,30186.0,3984.0,141092,51276.0
2011-05-27 00:00:00,39435.0,51203.0,7439.0,30536.0,3846.0,140116,51203.0
2011-06-03 00:00:00,40139.0,50944.0,7813.0,30324.0,3802.0,140926,50944.0
2011-06-10 00:00:00,39601.0,51188.0,8511.0,29681.0,3604.0,140821,51188.0
2011-06-17 00:00:00,41105.0,51669.0,8639.0,29177.0,3419.0,141994,51669.0
2011-06-24 00:00:00,40988.0,50604.0,8822.0,28872.0,3552.0,142252,50604.0
2011-07-01 00:00:00,40633.0,52588.0,9398.0,29862.0,3743.0,142061,52588.0
2011-07-08 00:00:00,41235.0,53450.0,9754.0,30269.0,3324.0,145028,53450.0
2011-07-15 00:00:00,42842.0,54908.0,9589.0,31523.0,3402.0,148460,54908.0
2011-07-22 00:00:00,43871.0,57620.0,9927.0,32716.0,3458.0,151845,57620.0
2011-07-29 00:00:00,44832.0,57691.0,10435.0,32681.0,3998.0,152254,57691.0
2011-08-05 00:00:00,43555.0,59677.0,10715.0,34210.0,3946.0,151517,59677.0
2011-08-12 00:00:00,42894.0,61067.0,10802.0,36047.0,3553.0,153966,61067.0
2011-08-19 00:00:00,42353.0,61506.0,11678.0,35748.0,3850.0,155697,61506.0
2011-08-26 00:00:00,41326.0,62596.0,11976.0,36430.0,4086.0,156060,62596.0
2011-09-02 00:00:00,41765.0,62142.0,11691.0,36481.0,3853.0,156769,62142.0
2011-09-09 00:00:00,42364.0,61126.0,11922.0,35347.0,3658.0,158480,61126.0
2011-09-16 00:00:00,42151.0,61246.0,11873.0,35930.0,3875.0,157606,61246.0
2011-09-23 00:00:00,43235.0,62058.0,11866.0,36542.0,3818.0,157678,62058.0
2011-09-30 00:00:00,43383.0,61534.0,12168.0,35416.0,4100.0,156934,61534.0
2011-10-07 00:00:00,41124.0,59955.0,12158.0,34563.0,4068.0,154005,59955.0
2011-10-14 00:00:00,39741.0,59003.0,11940.0,34344.0,4183.0,149739,59003.0
2011-10-21 00:00:00,39257.0,58345.0,11861.0,33879.0,4249.0,145464,58345.0
2011-10-28 00:00:00,37407.0,57872.0,11945.0,33700.0,4374.0,141889,57872.0
2011-11-04 00:00:00,36470.0,56367.0,11435.0,32819.0,4362.0,135869,56367.0
2011-11-11 00:00:00,35808.0,56679.0,11540.0,32963.0,4189.0,133733,56679.0
2011-11-18 00:00:00,35447.0,54233.0,10955.0,31914.0,4069.0,132963,54233.0
2011-11-25 00:00:00,37873.0,56666.0,11510.0,32992.0,3240.0,138489,56666.0
2011-12-02 00:00:00,41742.0,56873.0,11228.0,32437.0,3920.0,141022,56873.0
2011-12-09 00:00:00,40231.0,55419.0,11488.0,32265.0,3953.0,141502,55419.0
2011-12-16 00:00:00,39041.0,54407.0,11574.0,32149.0,4400.0,139149,54407.0
2011-12-23 00:00:00,40106.0,53782.0,11360.0,31132.0,3804.0,140354,53782.0
2011-12-30 00:00:00,42558.0,54069.0,11976.0,30100.0,3528.0,143578,54069.0
2012-01-06 00:00:00,42984.0,54806.0,11824.0,30965.0,3279.0,147563,54806.0
2012-01-13 00:00:00,47156.0,54230.0,11045.0,29988.0,3635.0,148001,54230.0
2012-01-20 00:00:00,46256.0,52990.0,10155.0,29895.0,3886.0,145545,52990.0
2012-01-27 00:00:00,47097.0,52152.0,10093.0,28150.0,3736.0,145410,52152.0
2012-02-03 00:00:00,46760.0,51261.0,9410.0,28034.0,3436.0,146584,51261.0
2012-02-10 00:00:00,46052.0,49031.0,8891.0,27091.0,3811.0,143717,49031.0
2012-02-17 00:00:00,46476.0,49948.0,8699.0,27983.0,3324.0,143509,49948.0
2012-02-24 00:00:00,46630.0,49263.0,8445.0,27044.0,3673.0,141440,49263.0
2012-03-02 00:00:00,47295.0,47860.0,8135.0,26228.0,3545.0,139496,47860.0
2012-03-09 00:00:00,45976.0,46147.0,8204.0,25301.0,3832.0,134814,46147.0
2012-03-16 00:00:00,45091.0,45942.0,7366.0,26245.0,3217.0,136577,45942.0
2012-03-23 00:00:00,45795.0,47010.0,7422.0,26710.0,3596.0,135866,47010.0
2012-03-30 00:00:00,44405.0,46530.0,7620.0,26849.0,3597.0,135885,46530.0
2012-04-06 00:00:00,43848.0,45090.0,7038.0,26238.0,3932.0,131885,45090.0
2012-04-13 00:00:00,43967.0,44500.0,6219.0,26270.0,4016.0,128977,44500.0
2012-04-20 00:00:00,42961.0,45040.0,6236.0,27228.0,3796.0,125925,45040.0
2012-04-27 00:00:00,42925.0,43400.0,6367.0,25175.0,3550.0,124022,43400.0
2012-05-04 00:00:00,42123.0,41446.0,6004.0,23932.0,3957.0,120771,41446.0
2012-05-11 00:00:00,41441.0,41529.0,5912.0,24036.0,3648.0,119802,41529.0
2012-05-18 00:00:00,39510.0,38885.0,6069.0,22981.0,3608.0,119493,38885.0
2012-05-25 00:00:00,39943.0,38626.0,5782.0,21964.0,3860.0,117784,38626.0
2012-06-01 00:00:00,40820.0,39241.0,6347.0,21836.0,3379.0,120037,39241.0
2012-06-08 00:00:00,39986.0,38444.0,6345.0,21257.0,3685.0,119974,38444.0
2012-06-15 00:00:00,39821.0,39695.0,6351.0,21360.0,3505.0,121130,39695.0
2012-06-22 00:00:00,39101.0,39781.0,6554.0,21541.0,3827.0,118851,39781.0
2012-06-29 00:00:00,38863.0,38687.0,6802.0,20043.0,3849.0,117800,38687.0
2012-07-06 00:00:00,37782.0,40315.0,7185.0,21664.0,3244.0,120912,40315.0
2012-07-13 00:00:00,38505.0,40746.0,7244.0,21873.0,3366.0,123531,40746.0
2012-07-20 00:00:00,39623.0,42114.0,7532.0,22304.0,3482.0,125239,42114.0
2012-07-27 00:00:00,38270.0,41640.0,7282.0,22616.0,3746.0,124265,41640.0
2012-08-03 00:00:00,38948.0,41665.0,7144.0,22433.0,3790.0,123541,41665.0
2012-08-10 00:00:00,40083.0,42267.0,6863.0,23226.0,3569.0,124218,42267.0
2012-08-17 00:00:00,38482.0,42018.0,7314.0,23578.0,3561.0,125210,42018.0
2012-08-24 00:00:00,40857.0,43187.0,7297.0,23948.0,3563.0,126083,43187.0
2012-08-31 00:00:00,42156.0,43067.0,7447.0,24129.0,3221.0,127076,43067.0
2012-09-07 00:00:00,42799.0,43905.0,7715.0,24726.0,3269.0,128552,43905.0
2012-09-14 00:00:00,42918.0,43435.0,7938.0,23736.0,3685.0,128230,43435.0
2012-09-21 00:00:00,41366.0,41558.0,7994.0,23064.0,3704.0,127748,41558.0
2012-09-28 00:00:00,39827.0,41148.0,8181.0,22135.0,4092.0,124059,41148.0
2012-10-05 00:00:00,38781.0,39362.0,7832.0,20441.0,3822.0,120882,39362.0
2012-10-12 00:00:00,38730.0,38436.0,8084.0,19289.0,3879.0,118664,38436.0
2012-10-19 00:00:00,38065.0,39521.0,8632.0,20230.0,3526.0,118018,39521.0
2012-10-26 00:00:00,37497.0,38834.0,8206.0,20428.0,3543.0,117925,38834.0
2012-11-02 00:00:00,39290.0,38288.0,7457.0,20540.0,3589.0,118056,38288.0
2012-11-09 00:00:00,35443.0,36079.0,7087.0,19305.0,4106.0,115517,36079.0
2012-11-16 00:00:00,33455.0,34446.0,6782.0,19327.0,4201.0,112842,34446.0
2012-11-23 00:00:00,33265.0,36367.0,6617.0,20853.0,3837.0,112042,36367.0
2012-11-30 00:00:00,35453.0,37959.0,7336.0,20408.0,3544.0,115069,37959.0
2012-12-07 00:00:00,34096.0,38233.0,6578.0,22512.0,3500.0,118055,38233.0
2012-12-14 00:00:00,35361.0,39246.0,5769.0,23519.0,4214.0,116970,39246.0
2012-12-21 00:00:00,37196.0,39965.0,6175.0,22368.0,3711.0,119393,39965.0
2012-12-28 00:00:00,39666.0,41408.0,6398.0,23813.0,3256.0,123967,41408.0
2013-01-04 00:00:00,43407.0,43252.0,6516.0,23688.0,3086.0,130744,43252.0
2013-01-11 00:00:00,42821.0,42516.0,5689.0,24418.0,3446.0,132430,42516.0
2013-01-18 00:00:00,43859.0,42341.0,5611.0,24241.0,3372.0,132938,42341.0
2013-01-25 00:00:00,42149.0,41312.0,5646.0,23820.0,3721.0,130623,41312.0
2013-02-01 00:00:00,41668.0,40089.0,5237.0,23464.0,3624.0,129581,40089.0
2013-02-08 00:00:00,40606.0,37519.0,5079.0,22114.0,3942.0,125904,37519.0
2013-02-15 00:00:00,40360.0,36212.0,4794.0,21583.0,3808.0,123627,36212.0
2013-02-22 00:00:00,41280.0,35901.0,4861.0,20414.0,3502.0,124184,35901.0
2013-03-01 00:00:00,41401.0,35133.0,4553.0,20157.0,3857.0,120354,35133.0
2013-03-08 00:00:00,43737.0,35907.0,4512.0,19674.0,3348.0,120437,35907.0
2013-03-15 00:00:00,42350.0,34337.0,4419.0,19107.0,3580.0,119765,34337.0
2013-03-22 00:00:00,41294.0,32998.0,4548.0,17862.0,4222.0,115252,32998.0
2013-03-29 00:00:00,39528.0,32310.0,4142.0,17699.0,3881.0,112986,32310.0
2013-04-05 00:00:00,40423.0,32787.0,3862.0,17586.0,3852.0,112817,32787.0
2013-04-12 00:00:00,40939.0,34202.0,3985.0,18598.0,3626.0,115181,34202.0
2013-04-19 00:00:00,40270.0,34332.0,3830.0,19022.0,3588.0,115278,34332.0
2013-04-26 00:00:00,40607.0,33970.0,4219.0,18485.0,3665.0,115752,33970.0
2013-05-03 00:00:00,41243.0,36074.0,4638.0,19452.0,3664.0,117564,36074.0
2013-05-10 00:00:00,41229.0,35014.0,4364.0,18224.0,3577.0,119864,35014.0
2013-05-17 00:00:00,41436.0,34292.0,4429.0,17044.0,4220.0,118812,34292.0
2013-05-24 00:00:00,40488.0,35364.0,4408.0,17392.0,3816.0,120663,35364.0
2013-05-31 00:00:00,42222.0,36498.0,4524.0,18261.0,3751.0,123274,36498.0
2013-06-07 00:00:00,39631.0,35635.0,4581.0,18935.0,4078.0,122111,35635.0
2013-06-14 00:00:00,41434.0,38053.0,4295.0,19639.0,4015.0,121622,38053.0
2013-06-21 00:00:00,40321.0,38511.0,4908.0,20603.0,3894.0,123189,38511.0
2013-06-28 00:00:00,38895.0,39129.0,4809.0,22094.0,4450.0,120771,39129.0
2013-07-05 00:00:00,41011.0,41817.0,4953.0,23871.0,3843.0,123809,41817.0
2013-07-12 00:00:00,40951.0,41025.0,4987.0,24350.0,3817.0,127679,41025.0
2013-07-19 00:00:00,41660.0,41512.0,4983.0,23707.0,4309.0,126452,41512.0
2013-07-26 00:00:00,41699.0,41762.0,5198.0,23526.0,3977.0,125986,41762.0
2013-08-02 00:00:00,41936.0,40248.0,4678.0,22776.0,3874.0,126455,40248.0
2013-08-09 00:00:00,42145.0,42612.0,4610.0,24610.0,3611.0,128482,42612.0
2013-08-16 00:00:00,41770.0,42515.0,4549.0,25505.0,3612.0,129353,42515.0
2013-08-23 00:00:00,41089.0,41983.0,4940.0,25765.0,3842.0,129037,41983.0
2013-08-30 00:00:00,42738.0,43084.0,5001.0,25667.0,3804.0,129586,43084.0
2013-09-06 00:00:00,42831.0,42658.0,4794.0,25808.0,3523.0,132172,42658.0
2013-09-13 00:00:00,42905.0,42922.0,5061.0,25211.0,4051.0,131093,42922.0
2013-09-20 00:00:00,43051.0,42285.0,5113.0,25007.0,3581.0,130859,42285.0
2013-09-27 00:00:00,42798.0,41547.0,5580.0,23863.0,3831.0,129179,41547.0
2013-10-04 00:00:00,41105.0,40034.0,6002.0,22591.0,3826.0,126038,40034.0
2013-10-11 00:00:00,39479.0,39218.0,6270.0,21917.0,3731.0,124237,39218.0
2013-10-18 00:00:00,40506.0,39633.0,6512.0,21164.0,3330.0,125774,39633.0
2013-10-25 00:00:00,39141.0,39099.0,7002.0,20790.0,4156.0,122716,39099.0
2013-11-01 00:00:00,37834.0,37808.0,7426.0,18848.0,4512.0,117817,37808.0
2013-11-08 00:00:00,36523.0,37188.0,7437.0,18363.0,3790.0,117336,37188.0
2013-11-15 00:00:00,35861.0,36279.0,7125.0,17955.0,4333.0,112541,36279.0
2013-11-22 00:00:00,34273.0,34646.0,7429.0,17103.0,4024.0,110875,34646.0
2013-11-29 00:00:00,35662.0,36139.0,7213.0,18219.0,3550.0,113524,36139.0
2013-12-06 00:00:00,37605.0,37685.0,6570.0,19488.0,3304.0,118065,37685.0
2013-12-13 00:00:00,37191.0,36450.0,6143.0,19010.0,4089.0,115955,36450.0
2013-12-20 00:00:00,36008.0,34747.0,5588.0,17962.0,4171.0,114105,34747.0
2013-12-27 00:00:00,38686.0,35312.0,4998.0,18860.0,3314.0,119147,35312.0
2014-01-03 00:00:00,42234.0,37585.0,5433.0,19793.0,3022.0,124973,37585.0
2014-01-10 00:00:00,41656.0,35129.0,4854.0,18190.0,3724.0,123950,35129.0
2014-01-17 00:00:00,39122.0,33382.0,5118.0,17010.0,3779.0,120738,33382.0
2014-01-24 00:00:00,36736.0,29538.0,4697.0,15699.0,4524.0,116154,29538.0
2014-01-31 00:00:00,36822.0,27493.0,4691.0,13555.0,3940.0,113794,27493.0
2014-02-07 00:00:00,36847.0,27410.0,5181.0,12972.0,3675.0,113063,27410.0
2014-02-14 00:00:00,36560.0,27544.0,5201.0,13602.0,3623.0,112724,27544.0
2014-02-21 00:00:00,37580.0,27492.0,4749.0,13570.0,3617.0,113062,27492.0
2014-02-28 00:00:00,39011.0,28788.0,4558.0,13785.0,3546.0,114476,28788.0
2014-03-07 00:00:00,39135.0,28596.0,4329.0,14292.0,3697.0,113943,28596.0
2014-03-14 00:00:00,39170.0,29151.0,4651.0,14143.0,4159.0,110846,29151.0
2014-03-21 00:00:00,40215.0,31264.0,4685.0,14580.0,3476.0,112401,31264.0
2014-03-28 00:00:00,39757.0,30561.0,4299.0,13927.0,3795.0,112955,30561.0
2014-04-04 00:00:00,38356.0,32186.0,4546.0,16163.0,3927.0,113194,32186.0
2014-04-11 00:00:00,38167.0,32204.0,4242.0,16975.0,4165.0,111916,32204.0
2014-04-18 00:00:00,37802.0,31993.0,4073.0,16913.0,3834.0,112513,31993.0
2014-04-25 00:00:00,40002.0,33649.0,3899.0,17360.0,3909.0,114449,33649.0
2014-05-02 00:00:00,40198.0,32297.0,3467.0,17372.0,4325.0,114002,32297.0
2014-05-09 00:00:00,39631.0,31452.0,3289.0,16089.0,4271.0,112878,31452.0
2014-05-16 00:00:00,40742.0,32196.0,3412.0,16394.0,3791.0,116277,32196.0
2014-05-23 00:00:00,40982.0,32588.0,3427.0,17631.0,4201.0,116081,32588.0
2014-05-30 00:00:00,42376.0,33255.0,3387.0,17085.0,4157.0,118093,33255.0
2014-06-06 00:00:00,43353.0,34790.0,3483.0,18074.0,3883.0,118953,34790.0
2014-06-13 00:00:00,43410.0,35159.0,3401.0,18771.0,3811.0,119389,35159.0
2014-06-20 00:00:00,42964.0,36688.0,3805.0,19904.0,3646.0,120566,36688.0
2014-06-27 00:00:00,43000.0,37075.0,4295.0,19557.0,3778.0,121541,37075.0
2014-07-04 00:00:00,43063.0,36933.0,3543.0,20479.0,3966.0,121768,36933.0
2014-07-11 00:00:00,45544.0,38943.0,4083.0,20304.0,3733.0,124296,38943.0
2014-07-18 00:00:00,43322.0,39574.0,4256.0,22548.0,3917.0,125932,39574.0
2014-07-25 00:00:00,44175.0,41260.0,4185.0,23725.0,3833.0,126721,41260.0
2014-08-01 00:00:00,44027.0,41676.0,4630.0,23433.0,4034.0,124923,41676.0
2014-08-08 00:00:00,42246.0,40344.0,4992.0,22891.0,4030.0,122502,40344.0
2014-08-15 00:00:00,42340.0,40772.0,5005.0,22651.0,4002.0,121542,40772.0
2014-08-22 00:00:00,41405.0,39783.0,4936.0,22233.0,3645.0,122794,39783.0
2014-08-29 00:00:00,41721.0,40247.0,4900.0,22583.0,3947.0,123399,40247.0
2014-09-05 00:00:00,43959.0,41342.0,5091.0,22736.0,3403.0,127493,41342.0
2014-09-12 00:00:00,44460.0,41798.0,5244.0,22928.0,3830.0,127772,41798.0
2014-09-19 00:00:00,43299.0,41273.0,5113.0,23156.0,3750.0,128595,41273.0
2014-09-26 00:00:00,42694.0,42109.0,5507.0,23758.0,4117.0,125701,42109.0
2014-10-03 00:00:00,42959.0,42493.0,6600.0,23078.0,3498.0,126140,42493.0
2014-10-10 00:00:00,43052.0,43074.0,6589.0,22916.0,3710.0,124622,43074.0
2014-10-17 00:00:00,40524.0,43766.0,6831.0,24041.0,3309.0,125671,43766.0
2014-10-24 00:00:00,39513.0,41287.0,6630.0,21753.0,3926.0,120377,41287.0
2014-10-31 00:00:00,36830.0,41481.0,7219.0,22347.0,3480.0,119653,41481.0
2014-11-07 00:00:00,34429.0,40058.0,6441.0,22252.0,3967.0,116850,40058.0
2014-11-14 00:00:00,33012.0,37477.0,6227.0,21128.0,3794.0,114794,37477.0
2014-11-21 00:00:00,32604.0,36115.0,5776.0,19635.0,4120.0,113146,36115.0
2014-11-28 00:00:00,33902.0,36211.0,5746.0,20237.0,3574.0,116174,36211.0
2014-12-05 00:00:00,35732.0,37487.0,6648.0,20258.0,3466.0,121751,37487.0
2014-12-12 00:00:00,35592.0,36137.0,6213.0,19528.0,4240.0,121544,36137.0
2014-12-19 00:00:00,37111.0,34879.0,6469.0,18119.0,4304.0,123847,34879.0
2014-12-26 00:00:00,39451.0,35810.0,6779.0,18643.0,4235.0,125721,35810.0
2015-01-02 00:00:00,45869.0,38694.0,7414.0,18718.0,2865.0,136926,38694.0
2015-01-09 00:00:00,47030.0,39833.0,7113.0,19835.0,3943.0,139851,39833.0
2015-01-16 00:00:00,44357.0,37655.0,7007.0,18893.0,4524.0,136579,37655.0
2015-01-23 00:00:00,43272.0,37448.0,7059.0,18951.0,4567.0,132687,37448.0
2015-01-30 00:00:00,43933.0,39283.0,6655.0,20926.0,3684.0,134475,39283.0
2015-02-06 00:00:00,42851.0,36810.0,5753.0,20020.0,4300.0,131223,36810.0
2015-02-13 00:00:00,42817.0,35109.0,5671.0,18255.0,4250.0,127409,35109.0
2015-02-20 00:00:00,43000.0,31842.0,4771.0,16126.0,4282.0,124698,31842.0
2015-02-27 00:00:00,43074.0,28748.0,4601.0,13376.0,4053.0,122976,28748.0
2015-03-06 00:00:00,42349.0,29068.0,4769.0,14134.0,3758.0,125503,29068.0
2015-03-13 00:00:00,42698.0,27785.0,5038.0,13266.0,3774.0,125883,27785.0
2015-03-20 00:00:00,42200.0,27370.0,4886.0,13510.0,3966.0,125849,27370.0
2015-03-27 00:00:00,43010.0,27686.0,5094.0,12741.0,3820.0,127174,27686.0
2015-04-03 00:00:00,43991.0,29275.0,5312.0,13580.0,4215.0,126924,29275.0
2015-04-10 00:00:00,44786.0,30198.0,4475.0,15105.0,3807.0,128941,30198.0
2015-04-17 00:00:00,43487.0,30241.0,4688.0,15650.0,3855.0,129336,30241.0
2015-04-24 00:00:00,45267.0,32749.0,4793.0,16633.0,3993.0,129270,32749.0
2015-05-01 00:00:00,45684.0,34393.0,4532.0,18359.0,3879.0,130773,34393.0
2015-05-08 00:00:00,44435.0,35717.0,4576.0,19685.0,4524.0,128270,35717.0
2015-05-15 00:00:00,45569.0,38101.0,5233.0,20053.0,4161.0,127724,38101.0
2015-05-22 00:00:00,44779.0,38341.0,5503.0,20515.0,3955.0,128839,38341.0
2015-05-29 00:00:00,45437.0,39829.0,5820.0,21862.0,3523.0,132612,39829.0
2015-06-05 00:00:00,45486.0,40759.0,5589.0,22830.0,4115.0,133477,40759.0
2015-06-12 00:00:00,44653.0,40749.0,5320.0,23555.0,4117.0,133591,40749.0
2015-06-19 00:00:00,45237.0,43284.0,5381.0,25060.0,3608.0,135428,43284.0
2015-06-26 00:00:00,44915.0,44534.0,5301.0,26038.0,3904.0,135820,44534.0
2015-07-03 00:00:00,44612.0,46539.0,5749.0,27797.0,3794.0,137461,46539.0
2015-07-10 00:00:00,45027.0,49248.0,5908.0,29509.0,3465.0,141280,49248.0
2015-07-17 00:00:00,44373.0,49298.0,6073.0,30107.0,4004.0,141515,49298.0
2015-07-24 00:00:00,45655.0,51721.0,6094.0,30997.0,3628.0,144103,51721.0
2015-07-31 00:00:00,44682.0,51123.0,6154.0,31600.0,3780.0,144812,51123.0
2015-08-07 00:00:00,45476.0,53837.0,6129.0,33624.0,3545.0,147806,53837.0
2015-08-14 00:00:00,46217.0,54632.0,6310.0,33378.0,3895.0,148400,54632.0
2015-08-21 00:00:00,43904.0,54672.0,6529.0,34882.0,3601.0,149836,54672.0
2015-08-28 00:00:00,44985.0,57462.0,6671.0,35744.0,3761.0,149951,57462.0
2015-09-04 00:00:00,44639.0,57954.0,7549.0,36554.0,3565.0,150903,57954.0
2015-09-11 00:00:00,45906.0,57687.0,7546.0,36355.0,3482.0,153963,57687.0
2015-09-18 00:00:00,46722.0,58991.0,8173.0,36579.0,4322.0,151875,58991.0
2015-09-25 00:00:00,46295.0,58567.0,8938.0,36157.0,3762.0,151608,58567.0
2015-10-02 00:00:00,44791.0,58915.0,8993.0,36391.0,4191.0,149150,58915.0
2015-10-09 00:00:00,43846.0,59906.0,8505.0,37143.0,3618.0,147630,59906.0
2015-10-16 00:00:00,40446.0,60508.0,8835.0,38392.0,3819.0,145008,60508.0
2015-10-23 00:00:00,40475.0,58707.0,8981.0,36517.0,4261.0,142057,58707.0
2015-10-30 00:00:00,38623.0,58596.0,9595.0,36929.0,4006.0,140757,58596.0
2015-11-06 00:00:00,39744.0,61101.0,10204.0,37290.0,3813.0,141109,61101.0
2015-11-13 00:00:00,38251.0,61019.0,10546.0,37296.0,4157.0,140318,61019.0
2015-11-20 00:00:00,39280.0,61158.0,10468.0,37158.0,3700.0,141364,61158.0
2015-11-27 00:00:00,40087.0,63300.0,10788.0,38759.0,3646.0,144415,63300.0
2015-12-04 00:00:00,41723.0,63040.0,10865.0,38250.0,3268.0,149413,63040.0
2015-12-11 00:00:00,44312.0,64748.0,10733.0,38981.0,3521.0,151976,64748.0
2015-12-18 00:00:00,42015.0,63154.0,11153.0,38388.0,3995.0,151315,63154.0
2015-12-25 00:00:00,41869.0,63309.0,11543.0,38786.0,3633.0,153110,63309.0
2016-01-01 00:00:00,43842.0,64188.0,12506.0,38862.0,3034.0,159418,64188.0
2016-01-08 00:00:00,46812.0,64866.0,12226.0,39094.0,2832.0,165554,64866.0
2016-01-15 00:00:00,46511.0,65060.0,11917.0,39905.0,3678.0,164529,65060.0
2016-01-22 00:00:00,45819.0,61349.0,11278.0,37828.0,4005.0,160472,61349.0
2016-01-29 00:00:00,45947.0,60243.0,11080.0,36603.0,3524.0,159695,60243.0
2016-02-05 00:00:00,46149.0,62324.0,11720.0,37742.0,3162.0,160976,62324.0
2016-02-12 00:00:00,46143.0,60190.0,11575.0,36393.0,3482.0,162375,60190.0
2016-02-19 00:00:00,46296.0,59942.0,11397.0,35823.0,3704.0,160715,59942.0
2016-02-26 00:00:00,48268.0,60204.0,10756.0,36020.0,3364.0,163597,60204.0
2016-03-04 00:00:00,48692.0,59399.0,10699.0,35599.0,3706.0,162478,59399.0
2016-03-11 00:00:00,47977.0,58136.0,10851.0,34407.0,3870.0,161343,58136.0
2016-03-18 00:00:00,46732.0,56642.0,11119.0,34345.0,3373.0,162260,56642.0
2016-03-25 00:00:00,47384.0,56452.0,10732.0,33428.0,3848.0,161185,56452.0
2016-04-01 00:00:00,47607.0,53440.0,10236.0,31822.0,3609.0,162984,53440.0
2016-04-08 00:00:00,51078.0,55249.0,9911.0,30956.0,3853.0,163489,55249.0
2016-04-15 00:00:00,49216.0,55591.0,10015.0,31929.0,4276.0,159935,55591.0
2016-04-22 00:00:00,48099.0,55881.0,10297.0,31468.0,4122.0,158240,55881.0
2016-04-29 00:00:00,48196.0,56335.0,10018.0,32172.0,3946.0,156979,56335.0
2016-05-06 00:00:00,45751.0,55188.0,9115.0,33497.0,4014.0,155332,55188.0
2016-05-13 00:00:00,45765.0,54662.0,8789.0,32550.0,4326.0,152162,54662.0
2016-05-20 00:00:00,46253.0,55940.0,8934.0,33034.0,4088.0,150878,55940.0
2016-05-27 00:00:00,44008.0,54875.0,9130.0,32676.0,3827.0,149623,54875.0
2016-06-03 00:00:00,45615.0,55843.0,9508.0,31813.0,3576.0,151377,55843.0
2016-06-10 00:00:00,44892.0,57138.0,9734.0,33557.0,3817.0,152163,57138.0
2016-06-17 00:00:00,43583.0,57834.0,9831.0,34685.0,3902.0,152314,57834.0
2016-06-24 00:00:00,44140.0,57934.0,9753.0,33623.0,3998.0,150513,57934.0
2016-07-01 00:00:00,42229.0,58004.0,10045.0,34306.0,3933.0,148939,58004.0
2016-07-08 00:00:00,43632.0,59176.0,10028.0,35240.0,3206.0,152997,59176.0
2016-07-15 00:00:00,45680.0,60757.0,10057.0,35214.0,3920.0,152783,60757.0
2016-07-22 00:00:00,42905.0,59251.0,10224.0,35871.0,3856.0,152003,59251.0
2016-07-29 00:00:00,43583.0,58175.0,10627.0,34602.0,3605.0,153155,58175.0
2016-08-05 00:00:00,43362.0,60720.0,11547.0,35869.0,3937.0,151196,60720.0
2016-08-12 00:00:00,42929.0,61919.0,11412.0,37219.0,3488.0,153135,61919.0
2016-08-19 00:00:00,42790.0,61846.0,11329.0,37396.0,3790.0,153257,61846.0
2016-08-26 00:00:00,43963.0,63491.0,11828.0,37908.0,3838.0,154753,63491.0
2016-09-02 00:00:00,44905.0,63077.0,11763.0,37951.0,3688.0,158135,63077.0
2016-09-09 00:00:00,48426.0,66589.0,12144.0,39706.0,3276.0,162754,66589.0
2016-09-16 00:00:00,48055.0,66317.0,12297.0,39814.0,3431.0,164992,66317.0
2016-09-23 00:00:00,46651.0,66055.0,12718.0,40131.0,3772.0,163077,66055.0
2016-09-30 00:00:00,46117.0,64354.0,12861.0,39407.0,3875.0,160718,64354.0
2016-10-07 00:00:00,47017.0,67073.0,12875.0,40330.0,4266.0,156972,67073.0
2016-10-14 00:00:00,44892.0,66391.0,12828.0,40422.0,3987.0,155732,66391.0
2016-10-21 00:00:00,45526.0,64764.0,12753.0,39313.0,4166.0,152378,64764.0
2016-10-28 00:00:00,45291.0,65721.0,12790.0,40033.0,3863.0,150550,65721.0
2016-11-04 00:00:00,42907.0,64801.0,13008.0,39994.0,4043.0,148602,64801.0
2016-11-11 00:00:00,43000.0,64939.0,12791.0,39737.0,3944.0,148912,64939.0
2016-11-18 00:00:00,43293.0,65209.0,12998.0,38844.0,4121.0,149239,65209.0
2016-11-25 00:00:00,42707.0,66779.0,13322.0,40983.0,3841.0,154196,66779.0
2016-12-02 00:00:00,43760.0,66808.0,13163.0,40905.0,3704.0,156697,66808.0
2016-12-09 00:00:00,43658.0,67697.0,12802.0,41268.0,4030.0,155935,67697.0
2016-12-16 00:00:00,42375.0,65639.0,11850.0,41201.0,4549.0,153515,65639.0
2016-12-23 00:00:00,43208.0,66710.0,11748.0,41172.0,3967.0,151634,66710.0
2016-12-30 00:00:00,46362.0,68014.0,12031.0,41113.0,2792.0,161685,68014.0
2017-01-06 00:00:00,46533.0,66909.0,11979.0,41244.0,3198.0,170041,66909.0
2017-01-13 00:00:00,46453.0,65749.0,11850.0,39979.0,4095.0,169073,65749.0
2017-01-20 00:00:00,47902.0,67141.0,12538.0,40055.0,3645.0,169149,67141.0
2017-01-27 00:00:00,46899.0,66705.0,12487.0,41645.0,3809.0,170717,66705.0
2017-02-03 00:00:00,48280.0,68212.0,13320.0,40980.0,3910.0,170746,68212.0
2017-02-10 00:00:00,48741.0,65826.0,12804.0,39059.0,3853.0,170057,65826.0
2017-02-17 00:00:00,48380.0,63458.0,11810.0,38341.0,4292.0,165133,63458.0
2017-02-24 00:00:00,48388.0,63775.0,12070.0,38288.0,3813.0,164208,63775.0
2017-03-03 00:00:00,48881.0,61724.0,11324.0,36594.0,4091.0,161532,61724.0
2017-03-10 00:00:00,45999.0,58627.0,10907.0,36098.0,4409.0,157303,58627.0
2017-03-17 00:00:00,46383.0,57273.0,9865.0,34802.0,4012.0,155393,57273.0
2017-03-24 00:00:00,47443.0,55861.0,8824.0,32963.0,4222.0,152910,55861.0
2017-03-31 00:00:00,45157.0,52489.0,8536.0,32523.0,4098.0,152374,52489.0
2017-04-07 00:00:00,46304.0,53430.0,8039.0,32050.0,4635.0,150221,53430.0
2017-04-14 00:00:00,46693.0,51897.0,7320.0,31015.0,4177.0,148266,51897.0
2017-04-21 00:00:00,46702.0,53774.0,7947.0,32631.0,3667.0,150917,53774.0
2017-04-28 00:00:00,47846.0,54109.0,7783.0,33107.0,4256.0,150355,54109.0
2017-05-05 00:00:00,46205.0,54034.0,7875.0,33861.0,4139.0,148768,54034.0
2017-05-12 00:00:00,45892.0,54086.0,8223.0,32961.0,4215.0,146824,54086.0
2017-05-19 00:00:00,44676.0,53739.0,8058.0,33478.0,4359.0,146339,53739.0
2017-05-26 00:00:00,45430.0,54401.0,8008.0,33052.0,4025.0,146733,54401.0
2017-06-02 00:00:00,46385.0,54742.0,8466.0,33361.0,3505.0,151088,54742.0
2017-06-09 00:00:00,45419.0,54099.0,8291.0,32697.0,4045.0,151416,54099.0
2017-06-16 00:00:00,46086.0,56003.0,8088.0,33909.0,4158.0,152495,56003.0
2017-06-23 00:00:00,44376.0,54851.0,8362.0,33491.0,4029.0,152272,54851.0
2017-06-30 00:00:00,44569.0,54339.0,8632.0,32727.0,4322.0,150422,54339.0
2017-07-07 00:00:00,46620.0,56668.0,9067.0,34525.0,3858.0,153553,56668.0
2017-07-14 00:00:00,45293.0,54708.0,8589.0,33206.0,4334.0,151416,54708.0
2017-07-21 00:00:00,45508.0,54632.0,8849.0,32339.0,4376.0,149564,54632.0
2017-07-28 00:00:00,44415.0,54122.0,8778.0,32734.0,4140.0,149414,54122.0
2017-08-04 00:00:00,45966.0,55086.0,8526.0,32791.0,4510.0,147685,55086.0
2017-08-11 00:00:00,43681.0,53339.0,8388.0,33000.0,4222.0,148387,53339.0
2017-08-18 00:00:00,43416.0,54248.0,8586.0,33296.0,4077.0,148415,54248.0
2017-08-25 00:00:00,44275.0,53669.0,8504.0,32714.0,3910.0,149163,53669.0
2017-09-01 00:00:00,43392.0,51678.0,8883.0,31229.0,4063.0,147767,51678.0
2017-09-08 00:00:00,44026.0,49232.0,9081.0,28649.0,4057.0,144552,49232.0
2017-09-15 00:00:00,43085.0,47953.0,8926.0,27417.0,4264.0,138859,47953.0
2017-09-22 00:00:00,43148.0,48017.0,8830.0,27257.0,3746.0,138045,48017.0
2017-09-29 00:00:00,40417.0,45822.0,8389.0,27086.0,4007.0,135439,45822.0
2017-10-06 00:00:00,42169.0,47729.0,8510.0,26812.0,3648.0,133959,47729.0
2017-10-13 00:00:00,39840.0,46130.0,8692.0,26037.0,3477.0,134487,46130.0
2017-10-20 00:00:00,38791.0,45352.0,8371.0,26111.0,4101.0,129241,45352.0
2017-10-27 00:00:00,39089.0,46579.0,8620.0,26474.0,3534.0,128921,46579.0
2017-11-03 00:00:00,35317.0,46069.0,8520.0,26953.0,4486.0,125562,46069.0
2017-11-10 00:00:00,36365.0,47384.0,7555.0,27780.0,4029.0,124763,47384.0
2017-11-17 00:00:00,35988.0,49842.0,7554.0,29184.0,4057.0,125032,49842.0
2017-11-24 00:00:00,35859.0,49648.0,8129.0,29581.0,3882.0,127779,49648.0
2017-12-01 00:00:00,38272.0,49773.0,7701.0,29006.0,3737.0,129446,49773.0
2017-12-08 00:00:00,36199.0,49047.0,7541.0,29576.0,4380.0,128076,49047.0
2017-12-15 00:00:00,35599.0,49858.0,8297.0,29848.0,3926.0,128845,49858.0
2017-12-22 00:00:00,36882.0,50235.0,8280.0,29093.0,4326.0,129935,50235.0
2017-12-29 00:00:00,39719.0,51192.0,7993.0,30724.0,3588.0,138834,51192.0
2018-01-05 00:00:00,41347.0,49650.0,7537.0,29168.0,3655.0,143088,49650.0
2018-01-12 00:00:00,42456.0,46312.0,6736.0,26498.0,4738.0,139201,46312.0
2018-01-19 00:00:00,41965.0,44028.0,6354.0,25535.0,3847.0,139840,44028.0
2018-01-26 00:00:00,40994.0,44928.0,7166.0,26517.0,4470.0,137900,44928.0
2018-02-02 00:00:00,43742.0,47101.0,8093.0,26369.0,3778.0,141826,47101.0
2018-02-09 00:00:00,42898.0,46718.0,8286.0,27318.0,4082.0,141367,46718.0
2018-02-16 00:00:00,44252.0,48539.0,8540.0,27323.0,4224.0,138945,48539.0
2018-02-23 00:00:00,44201.0,47336.0,8082.0,27079.0,3921.0,137985,47336.0
2018-03-02 00:00:00,43810.0,47488.0,7839.0,27601.0,3926.0,137426,47488.0
2018-03-09 00:00:00,43623.0,47254.0,7183.0,28098.0,3832.0,133066,47254.0
2018-03-16 00:00:00,42268.0,44933.0,6747.0,27449.0,3917.0,131044,44933.0
2018-03-23 00:00:00,41764.0,42180.0,6022.0,25258.0,4375.0,128954,42180.0
2018-03-30 00:00:00,43999.0,42009.0,6068.0,23465.0,3887.0,129491,42009.0
2018-04-06 00:00:00,43689.0,40073.0,5923.0,22181.0,4170.0,128447,40073.0
2018-04-13 00:00:00,43106.0,37682.0,5596.0,20551.0,4356.0,125340,37682.0
2018-04-20 00:00:00,42908.0,35882.0,5246.0,19209.0,3749.0,122729,35882.0
2018-04-27 00:00:00,40836.0,32838.0,4931.0,17821.0,4485.0,118829,32838.0
2018-05-04 00:00:00,40714.0,32148.0,4473.0,16812.0,4307.0,115038,32148.0
2018-05-11 00:00:00,41493.0,32131.0,4616.0,15666.0,4222.0,114946,32131.0
2018-05-18 00:00:00,40148.0,29952.0,4078.0,15333.0,3637.0,113995,29952.0
2018-05-25 00:00:00,42453.0,31716.0,4297.0,15314.0,4319.0,114629,31716.0
2018-06-01 00:00:00,43314.0,32241.0,4470.0,16035.0,3502.0,116794,32241.0
2018-06-08 00:00:00,41905.0,30758.0,4336.0,14672.0,4404.0,114693,30758.0
2018-06-15 00:00:00,42887.0,32561.0,4820.0,15182.0,3825.0,117408,32561.0
2018-06-22 00:00:00,41528.0,31716.0,4691.0,15577.0,3612.0,117423,31716.0
2018-06-29 00:00:00,42483.0,33825.0,4930.0,15611.0,4126.0,117557,33825.0
2018-07-06 00:00:00,42878.0,33845.0,5345.0,17428.0,3805.0,121682,33845.0
2018-07-13 00:00:00,43612.0,35990.0,5457.0,18478.0,4141.0,121311,35990.0
2018-07-20 00:00:00,43030.0,36019.0,5126.0,19245.0,4167.0,121210,36019.0
2018-07-27 00:00:00,43444.0,37294.0,5347.0,20356.0,3611.0,124193,37294.0
2018-08-03 00:00:00,45265.0,39742.0,5877.0,21028.0,4002.0,125423,39742.0
2018-08-10 00:00:00,44096.0,39923.0,5809.0,22789.0,3959.0,128989,39923.0
2018-08-17 00:00:00,46361.0,42202.0,6383.0,22055.0,4065.0,130838,42202.0
2018-08-24 00:00:00,44535.0,41647.0,6060.0,23830.0,4437.0,130001,41647.0
2018-08-31 00:00:00,45820.0,41742.0,6281.0,24088.0,4290.0,133120,41742.0
2018-09-07 00:00:00,48768.0,44148.0,6066.0,25596.0,3288.0,139283,44148.0
2018-09-14 00:00:00,48998.0,42958.0,6379.0,25213.0,4152.0,140122,42958.0
2018-09-21 00:00:00,49278.0,43570.0,6650.0,24871.0,4291.0,137881,43570.0
2018-09-28 00:00:00,47498.0,43060.0,7363.0,23562.0,3877.0,136131,43060.0
2018-10-05 00:00:00,45229.0,43312.0,7584.0,23136.0,4629.0,133465,43312.0
2018-10-12 00:00:00,43244.0,42360.0,7456.0,22818.0,3793.0,132638,42360.0
2018-10-19 00:00:00,40850.0,41744.0,7822.0,22452.0,4006.0,130376,41744.0
2018-10-26 00:00:00,40121.0,41439.0,7499.0,22110.0,4426.0,126322,41439.0
2018-11-02 00:00:00,38755.0,40585.0,7631.0,21796.0,4318.0,122857,40585.0
2018-11-09 00:00:00,36747.0,40249.0,7504.0,22152.0,4633.0,119268,40249.0
2018-11-16 00:00:00,36480.0,40278.0,8077.0,21030.0,4270.0,119191,40278.0
2018-11-23 00:00:00,38260.0,40126.0,7481.0,21179.0,3569.0,121801,40126.0
2018-11-30 00:00:00,40411.0,41983.0,7273.0,22516.0,4037.0,125612,41983.0
2018-12-07 00:00:00,40320.0,39961.0,6581.0,21869.0,4469.0,124137,39961.0
2018-12-14 00:00:00,39173.0,38891.0,6732.0,21387.0,4886.0,119900,38891.0
2018-12-21 00:00:00,38777.0,38284.0,6760.0,21111.0,4242.0,119902,38284.0
2018-12-28 00:00:00,42553.0,40437.0,7646.0,21925.0,3203.0,129431,40437.0
2019-01-04 00:00:00,47544.0,43116.0,7992.0,22546.0,2955.0,140042,43116.0
2019-01-11 00:00:00,47205.0,46808.0,8884.0,25166.0,4449.0,143009,46808.0
2019-01-18 00:00:00,46588.0,46054.0,8918.0,25614.0,4668.0,142392,46054.0
2019-01-25 00:00:00,47950.0,46917.0,8643.0,25553.0,4122.0,141270,46917.0
2019-02-01 00:00:00,46186.0,43938.0,8623.0,24086.0,4673.0,139013,43938.0
2019-02-08 00:00:00,44122.0,43890.0,8627.0,24628.0,3767.0,140200,43890.0
2019-02-15 00:00:00,46413.0,44429.0,8059.0,23570.0,4216.0,138683,44429.0
2019-02-22 00:00:00,44745.0,45022.0,8425.0,24707.0,4076.0,138379,45022.0
2019-03-01 00:00:00,44575.0,42434.0,7463.0,22988.0,4145.0,135986,42434.0
2019-03-08 00:00:00,45736.0,42721.0,7060.0,22979.0,3953.0,136369,42721.0
2019-03-15 00:00:00,44323.0,39748.0,6008.0,22350.0,4706.0,132242,39748.0
2019-03-22 00:00:00,44510.0,39449.0,6562.0,21905.0,4216.0,130167,39449.0
2019-03-29 00:00:00,46083.0,39567.0,6182.0,20710.0,4156.0,128169,39567.0
2019-04-05 00:00:00,45788.0,38166.0,6315.0,20266.0,3779.0,128053,38166.0
2019-04-12 00:00:00,45347.0,37204.0,5951.0,20287.0,3353.0,127691,37204.0
2019-04-19 00:00:00,44689.0,36946.0,5816.0,20036.0,3796.0,127029,36946.0
2019-04-26 00:00:00,44585.0,37204.0,5535.0,20521.0,4215.0,125722,37204.0
2019-05-03 00:00:00,45098.0,37979.0,5027.0,21118.0,3896.0,125563,37979.0
2019-05-10 00:00:00,44789.0,36348.0,4898.0,20509.0,4094.0,125647,36348.0
2019-05-17 00:00:00,46181.0,38158.0,5080.0,20493.0,3787.0,126415,38158.0
2019-05-24 00:00:00,43735.0,37211.0,4605.0,21463.0,4282.0,124800,37211.0
2019-05-31 00:00:00,47273.0,40812.0,5356.0,21511.0,3387.0,129372,40812.0
2019-06-07 00:00:00,45449.0,41536.0,5085.0,23461.0,4368.0,128372,41536.0
2019-06-14 00:00:00,44961.0,42276.0,5633.0,23806.0,4061.0,127821,42276.0
2019-06-21 00:00:00,45063.0,43074.0,5595.0,23789.0,3968.0,125380,43074.0
2019-06-28 00:00:00,43843.0,42751.0,5627.0,24948.0,3828.0,126788,42751.0
2019-07-05 00:00:00,46262.0,44364.0,5957.0,24770.0,3551.0,130517,44364.0
2019-07-12 00:00:00,47137.0,45072.0,6433.0,25912.0,3565.0,136203,45072.0
2019-07-19 00:00:00,46637.0,44685.0,6459.0,25555.0,4264.0,136816,44685.0
2019-07-26 00:00:00,45330.0,45158.0,6275.0,26400.0,3885.0,135922,45158.0
2019-08-02 00:00:00,44766.0,46297.0,6675.0,27070.0,3886.0,137451,46297.0
2019-08-09 00:00:00,46328.0,47241.0,7401.0,26122.0,3859.0,135513,47241.0
2019-08-16 00:00:00,46229.0,46972.0,7852.0,26570.0,3758.0,138123,46972.0
2019-08-23 00:00:00,46727.0,46241.0,7698.0,25692.0,4048.0,136060,46241.0
2019-08-30 00:00:00,44978.0,44585.0,7849.0,25411.0,4134.0,133522,44585.0
2019-09-06 00:00:00,45748.0,44110.0,7757.0,25473.0,3804.0,136226,44110.0
2019-09-13 00:00:00,46953.0,44703.0,7849.0,24521.0,3859.0,136663,44703.0
2019-09-20 00:00:00,42234.0,41739.0,7488.0,23897.0,3897.0,133685,41739.0
2019-09-27 00:00:00,43545.0,40434.0,6998.0,21835.0,3960.0,131267,40434.0
2019-10-04 00:00:00,42000.0,38569.0,6893.0,20938.0,4036.0,127324,38569.0
2019-10-11 00:00:00,40974.0,37331.0,7157.0,19290.0,4366.0,123501,37331.0
2019-10-18 00:00:00,40480.0,36131.0,7000.0,17975.0,4076.0,120786,36131.0
2019-10-25 00:00:00,37808.0,33952.0,6738.0,17344.0,4263.0,119754,33952.0
2019-11-01 00:00:00,39054.0,36582.0,7522.0,16640.0,4296.0,119132,36582.0
2019-11-08 00:00:00,38174.0,37695.0,7127.0,17238.0,4534.0,116655,37695.0
2019-11-15 00:00:00,35495.0,36218.0,7370.0,17967.0,4323.0,115681,36218.0
2019-11-22 00:00:00,34855.0,38324.0,8114.0,19609.0,4393.0,116406,38324.0
2019-11-29 00:00:00,36492.0,39238.0,8102.0,19802.0,3556.0,119469,39238.0
2019-12-06 00:00:00,37786.0,41089.0,7990.0,21750.0,3731.0,123587,41089.0
2019-12-13 00:00:00,38617.0,42640.0,8117.0,22620.0,4120.0,125096,42640.0
2019-12-20 00:00:00,37550.0,39390.0,7644.0,20834.0,4214.0,124944,39390.0
2019-12-27 00:00:00,42424.0,43296.0,7712.0,23154.0,3055.0,133720,43296.0
2020-01-03 00:00:00,43897.0,42904.0,8290.0,23165.0,3373.0,139050,42904.0
2020-01-10 00:00:00,47618.0,46762.0,7864.0,25353.0,3185.0,147221,46762.0
2020-01-17 00:00:00,47502.0,46895.0,8148.0,25166.0,4389.0,146036,46895.0
2020-01-24 00:00:00,46004.0,44126.0,7052.0,24639.0,3901.0,144747,44126.0
2020-01-31 00:00:00,46699.0,43128.0,7308.0,23102.0,4211.0,143235,43128.0
2020-02-07 00:00:00,46399.0,42890.0,7104.0,22333.0,3820.0,141222,42890.0
2020-02-14 00:00:00,46215.0,42125.0,6955.0,22102.0,3728.0,140587,42125.0
2020-02-21 00:00:00,43870.0,39448.0,6502.0,21886.0,4119.0,138472,39448.0
2020-02-28 00:00:00,45187.0,39367.0,6368.0,20568.0,3919.0,134464,39367.0
2020-03-06 00:00:00,44298.0,36613.0,6742.0,17956.0,4398.0,128060,36613.0
2020-03-13 00:00:00,43781.0,36531.0,6587.0,17360.0,4013.0,125120,36531.0
2020-03-20 00:00:00,41592.0,34972.0,6666.0,17639.0,3795.0,124442,34972.0
2020-03-27 00:00:00,40896.0,32967.0,6125.0,16164.0,3907.0,122248,32967.0
2020-04-03 00:00:00,42938.0,35546.0,6191.0,16227.0,3807.0,122724,35546.0
2020-04-10 00:00:00,44243.0,37703.0,6483.0,16902.0,2757.0,129004,37703.0
2020-04-17 00:00:00,45211.0,41384.0,7150.0,19237.0,3128.0,136880,41384.0
2020-04-24 00:00:00,46089.0,44403.0,8181.0,20914.0,3164.0,141972,44403.0
2020-05-01 00:00:00,49185.0,48807.0,8830.0,23087.0,3129.0,151490,48807.0
2020-05-08 00:00:00,50000.0,52086.0,9408.0,26803.0,3818.0,155001,52086.0
2020-05-15 00:00:00,50395.0,53975.0,9733.0,29529.0,3668.0,158832,53975.0
2020-05-22 00:00:00,50313.0,57868.0,10320.0,32910.0,3266.0,164327,57868.0
2020-05-29 00:00:00,53283.0,62191.0,11803.0,35037.0,2718.0,174261,62191.0
2020-06-05 00:00:00,52464.0,65232.0,12405.0,37501.0,3302.0,175829,65232.0
2020-06-12 00:00:00,50351.0,65672.0,12725.0,38172.0,3555.0,174471,65672.0
2020-06-19 00:00:00,48593.0,66401.0,13247.0,38425.0,3466.0,174720,66401.0
2020-06-26 00:00:00,47661.0,66422.0,13095.0,39179.0,3778.0,174127,66422.0
2020-07-03 00:00:00,48802.0,66813.0,12961.0,39178.0,3019.0,177262,66813.0
2020-07-10 00:00:00,48010.0,66035.0,12767.0,39323.0,3692.0,176809,66035.0
2020-07-17 00:00:00,48232.0,65537.0,12741.0,38592.0,3223.0,177883,65537.0
2020-07-24 00:00:00,48975.0,66239.0,12964.0,38370.0,3635.0,178386,66239.0
2020-07-31 00:00:00,50044.0,66249.0,13292.0,37786.0,3700.0,179977,66249.0
2020-08-07 00:00:00,50208.0,65863.0,12570.0,37928.0,3862.0,177655,65863.0
2020-08-14 00:00:00,49079.0,65732.0,12321.0,38957.0,3253.0,177807,65732.0
2020-08-21 00:00:00,48917.0,64961.0,12319.0,38119.0,3958.0,179195,64961.0
2020-08-28 00:00:00,48211.0,64773.0,12306.0,38444.0,3918.0,177520,64773.0
2020-09-04 00:00:00,48433.0,64723.0,12720.0,38423.0,3713.0,175845,64723.0
2020-09-11 00:00:00,49069.0,65365.0,12737.0,38169.0,2809.0,179306,65365.0
2020-09-18 00:00:00,47470.0,63753.0,12513.0,37179.0,3959.0,175942,63753.0
2020-09-25 00:00:00,47124.0,62854.0,12661.0,35864.0,3655.0,172758,62854.0
2020-10-02 00:00:00,46002.0,62926.0,12242.0,36578.0,3868.0,171796,62926.0
2020-10-09 00:00:00,45580.0,63145.0,11650.0,35926.0,4175.0,164551,63145.0
2020-10-16 00:00:00,42477.0,60620.0,11859.0,35070.0,3588.0,160719,60620.0
2020-10-23 00:00:00,42140.0,61088.0,12755.0,34314.0,4240.0,156228,61088.0
2020-10-30 00:00:00,42501.0,63875.0,12920.0,35698.0,3762.0,154644,63875.0
2020-11-06 00:00:00,39834.0,61604.0,12948.0,34850.0,4054.0,149289,61604.0
2020-11-13 00:00:00,37608.0,59774.0,12579.0,34336.0,4225.0,144073,59774.0
2020-11-20 00:00:00,36196.0,57682.0,12312.0,33177.0,4175.0,142632,57682.0
2020-11-27 00:00:00,37509.0,57624.0,11794.0,33270.0,3789.0,145870,57624.0
2020-12-04 00:00:00,38221.0,60380.0,12894.0,34110.0,3389.0,151092,60380.0
2020-12-11 00:00:00,38768.0,60938.0,11974.0,34337.0,4002.0,151259,60938.0
2020-12-18 00:00:00,36804.0,59320.0,12090.0,34004.0,4174.0,148934,59320.0
2020-12-25 00:00:00,40108.0,61140.0,11853.0,34091.0,3594.0,152029,61140.0
2021-01-01 00:00:00,42743.0,61120.0,12095.0,33625.0,2941.0,158419,61120.0
2021-01-08 00:00:00,44868.0,62413.0,12139.0,34358.0,3609.0,163205,62413.0
2021-01-15 00:00:00,44353.0,60408.0,11923.0,34298.0,3821.0,163662,60408.0
2021-01-22 00:00:00,43940.0,58622.0,11302.0,33375.0,4300.0,162847,58622.0
2021-01-29 00:00:00,44265.0,57850.0,11509.0,32196.0,4198.0,162838,57850.0
2021-02-05 00:00:00,43565.0,55890.0,11132.0,31064.0,4308.0,161106,55890.0
2021-02-12 00:00:00,43249.0,54313.0,10841.0,29713.0,4454.0,157684,54313.0
2021-02-19 00:00:00,42092.0,49918.0,10537.0,26440.0,3932.0,152715,49918.0
2021-02-26 00:00:00,40162.0,50355.0,9684.0,26896.0,3788.0,142996,50355.0
2021-03-05 00:00:00,38058.0,47168.0,9023.0,25936.0,4487.0,137492,47168.0
2021-03-12 00:00:00,37956.0,46271.0,9810.0,24288.0,4028.0,137747,46271.0
2021-03-19 00:00:00,39952.0,46842.0,9082.0,25196.0,3592.0,141553,46842.0
2021-03-26 00:00:00,42685.0,46548.0,9340.0,23326.0,4113.0,144095,46548.0
2021-04-02 00:00:00,42762.0,46984.0,9231.0,23887.0,3664.0,145547,46984.0
2021-04-09 00:00:00,42181.0,46737.0,9463.0,23398.0,4128.0,143464,46737.0
2021-04-16 00:00:00,41400.0,45159.0,8875.0,22604.0,3854.0,142391,45159.0
2021-04-23 00:00:00,40693.0,42835.0,8573.0,21952.0,4330.0,139049,42835.0
2021-04-30 00:00:00,38760.0,41451.0,8237.0,20904.0,4125.0,136153,41451.0
2021-05-07 00:00:00,40326.0,39752.0,8071.0,18920.0,3968.0,134419,39752.0
2021-05-14 00:00:00,37793.0,36848.0,8077.0,17643.0,4058.0,132095,36848.0
2021-05-21 00:00:00,37558.0,35700.0,7521.0,17190.0,4461.0,129082,35700.0
2021-05-28 00:00:00,39971.0,37176.0,6948.0,18480.0,3813.0,132802,37176.0
2021-06-04 00:00:00,43300.0,39026.0,6669.0,19094.0,3413.0,137214,39026.0
2021-06-11 00:00:00,43302.0,40534.0,6912.0,20372.0,4336.0,136191,40534.0
2021-06-18 00:00:00,43710.0,40401.0,7653.0,20050.0,3947.0,137945,40401.0
2021-06-25 00:00:00,43709.0,40452.0,7560.0,20265.0,4170.0,137076,40452.0
2021-07-02 00:00:00,44809.0,40444.0,7031.0,20544.0,3840.0,138692,40444.0
2021-07-09 00:00:00,48050.0,41283.0,6906.0,20023.0,3164.0,142349,41283.0
2021-07-16 00:00:00,47088.0,40444.0,6694.0,19839.0,3925.0,141000,40444.0
2021-07-23 00:00:00,46092.0,39620.0,6743.0,19723.0,4356.0,137912,39620.0
2021-07-30 00:00:00,47521.0,41716.0,6412.0,20029.0,3618.0,138744,41716.0
2021-08-06 00:00:00,45882.0,40428.0,6213.0,20545.0,3734.0,140511,40428.0
2021-08-13 00:00:00,45963.0,41218.0,6843.0,20318.0,4323.0,137814,41218.0
2021-08-20 00:00:00,46394.0,42063.0,7528.0,19997.0,4104.0,138459,42063.0
2021-08-27 00:00:00,46629.0,41825.0,7092.0,20476.0,4390.0,136727,41825.0
2021-09-03 00:00:00,43219.0,41754.0,7462.0,22583.0,3685.0,133586,41754.0
2021-09-10 00:00:00,44392.0,42700.0,7835.0,22627.0,3795.0,131897,42700.0
2021-09-17 00:00:00,41956.0,39848.0,7508.0,21615.0,4424.0,129343,39848.0
2021-09-24 00:00:00,42198.0,39122.0,7067.0,20945.0,3973.0,129727,39122.0
2021-10-01 00:00:00,42799.0,39351.0,6871.0,20518.0,4365.0,129331,39351.0
2021-10-08 00:00:00,43091.0,37869.0,6617.0,19211.0,3932.0,129307,37869.0
2021-10-15 00:00:00,44128.0,38737.0,6717.0,18936.0,4278.0,125394,38737.0
2021-10-22 00:00:00,41793.0,38495.0,7142.0,19609.0,3869.0,124962,38495.0
2021-10-29 00:00:00,42327.0,40510.0,7778.0,19779.0,3686.0,127122,40510.0
2021-11-05 00:00:00,41884.0,39442.0,7471.0,19204.0,4280.0,124509,39442.0
2021-11-12 00:00:00,40162.0,39907.0,7750.0,19466.0,4350.0,123685,39907.0
2021-11-19 00:00:00,39001.0,40225.0,7646.0,19771.0,4391.0,121717,40225.0
2021-11-26 00:00:00,39620.0,41616.0,7239.0,21312.0,4209.0,123877,41616.0
2021-12-03 00:00:00,40858.0,44483.0,7656.0,23052.0,3578.0,126610,44483.0
2021-12-10 00:00:00,39365.0,43082.0,7129.0,22897.0,4896.0,123758,43082.0
2021-12-17 00:00:00,38883.0,42745.0,6842.0,23215.0,3822.0,124154,42745.0
2021-12-24 00:00:00,38293.0,42116.0,6797.0,22619.0,4051.0,122428,42116.0
2021-12-31 00:00:00,42396.0,42021.0,6719.0,21464.0,3739.0,126846,42021.0
2022-01-07 00:00:00,44316.0,41892.0,6730.0,21325.0,3749.0,129383,41892.0
2022-01-14 00:00:00,44003.0,40967.0,6117.0,21906.0,4556.0,127952,40967.0
2022-01-21 00:00:00,43123.0,37152.0,5478.0,19675.0,4754.0,125154,37152.0
2022-01-28 00:00:00,44998.0,35649.0,5209.0,17128.0,4669.0,122744,35649.0
2022-02-04 00:00:00,43266.0,32837.0,4992.0,16626.0,4296.0,121814,32837.0
2022-02-11 00:00:00,42903.0,33862.0,5537.0,17078.0,4321.0,120262,33862.0
2022-02-18 00:00:00,43025.0,33622.0,5887.0,16608.0,4233.0,119678,33622.0
2022-02-25 00:00:00,41607.0,33193.0,6016.0,16462.0,4450.0,119104,33193.0
2022-03-04 00:00:00,41509.0,31534.0,5504.0,15006.0,4587.0,113874,31534.0
2022-03-11 00:00:00,40539.0,31549.0,5726.0,14928.0,3704.0,114206,31549.0
2022-03-18 00:00:00,39647.0,28505.0,5614.0,12292.0,4516.0,112135,28505.0
2022-03-25 00:00:00,40535.0,28633.0,5651.0,11785.0,3804.0,113530,28633.0
2022-04-01 00:00:00,41596.0,27296.0,4942.0,10618.0,3647.0,114301,27296.0
2022-04-08 00:00:00,40166.0,27373.0,4525.0,11132.0,3484.0,111399,27373.0
2022-04-15 00:00:00,37176.0,24726.0,4264.0,10902.0,3822.0,108735,24726.0
2022-04-22 00:00:00,38298.0,24724.0,3858.0,10742.0,3834.0,107286,24724.0
2022-04-29 00:00:00,36771.0,22395.0,3386.0,9117.0,3956.0,104942,22395.0
2022-05-06 00:00:00,35578.0,21330.0,3251.0,9170.0,3777.0,104029,21330.0
2022-05-13 00:00:00,36013.0,22462.0,3291.0,9219.0,3816.0,105264,22462.0
2022-05-20 00:00:00,35502.0,21559.0,2917.0,8479.0,3867.0,106921,21559.0
2022-05-27 00:00:00,34105.0,20966.0,3056.0,8771.0,3969.0,106392,20966.0
2022-06-03 00:00:00,38744.0,25464.0,3000.0,9501.0,3650.0,108984,25464.0
2022-06-10 00:00:00,38812.0,26644.0,3195.0,10589.0,3619.0,109709,26644.0
2022-06-17 00:00:00,38536.0,26646.0,3246.0,11278.0,3862.0,109842,26646.0
2022-06-24 00:00:00,40094.0,29081.0,3246.0,11597.0,3568.0,112401,29081.0
2022-07-01 00:00:00,36721.0,26487.0,2808.0,12084.0,4382.0,111135,26487.0
2022-07-08 00:00:00,38114.0,27454.0,3322.0,12775.0,3368.0,113803,27454.0
2022-07-15 00:00:00,37959.0,28177.0,3257.0,12981.0,3697.0,112508,28177.0
2022-07-22 00:00:00,37444.0,27044.0,3443.0,12553.0,3750.0,111724,27044.0
2022-07-29 00:00:00,37669.0,26122.0,3312.0,11406.0,3877.0,109324,26122.0
2022-08-05 00:00:00,36857.0,26395.0,3056.0,12375.0,3724.0,111490,26395.0
2022-08-12 00:00:00,37660.0,26164.0,3012.0,11837.0,3925.0,112256,26164.0
2022-08-19 00:00:00,39094.0,27498.0,3121.0,11537.0,3888.0,111594,27498.0
2022-08-26 00:00:00,38802.0,27725.0,3246.0,12927.0,3566.0,111706,27725.0
2022-09-02 00:00:00,39824.0,28954.0,3220.0,12933.0,3624.0,111801,28954.0
2022-09-09 00:00:00,39011.0,28068.0,3402.0,13196.0,3132.0,116020,28068.0
2022-09-16 00:00:00,39800.0,27917.0,3741.0,12489.0,3409.0,117250,27917.0
2022-09-23 00:00:00,38764.0,27210.0,3458.0,12125.0,4178.0,114359,27210.0
2022-09-30 00:00:00,38146.0,25513.0,3564.0,11086.0,4105.0,110916,25513.0
2022-10-07 00:00:00,36524.0,25550.0,3426.0,11221.0,4370.0,106063,25550.0
2022-10-14 00:00:00,35965.0,25560.0,3485.0,11578.0,4072.0,106187,25560.0
2022-10-21 00:00:00,33961.0,23956.0,3263.0,11362.0,3878.0,106357,23956.0
2022-10-28 00:00:00,35845.0,25370.0,3571.0,10812.0,4257.0,106784,25370.0
2022-11-04 00:00:00,34168.0,24874.0,3523.0,11711.0,4161.0,106263,24874.0
2022-11-11 00:00:00,34993.0,25889.0,3686.0,11557.0,3863.0,107383,25889.0
2022-11-18 00:00:00,36045.0,27248.0,3802.0,11911.0,3846.0,109101,27248.0
2022-11-25 00:00:00,37269.0,27701.0,4141.0,12003.0,3656.0,112648,27701.0
2022-12-02 00:00:00,39927.0,30105.0,4131.0,13481.0,3550.0,118807,30105.0
2022-12-09 00:00:00,39278.0,32412.0,4462.0,14812.0,3768.0,120171,32412.0
2022-12-16 00:00:00,40141.0,33682.0,4277.0,16071.0,4015.0,119929,33682.0
2022-12-23 00:00:00,40342.0,34086.0,4018.0,16940.0,3880.0,120212,34086.0
2022-12-30 00:00:00,41217.0,33801.0,3346.0,17013.0,2799.0,118785,33801.0
2023-01-06 00:00:00,41806.0,34332.0,4196.0,17066.0,3821.0,117716,34332.0
2023-01-13 00:00:00,40449.0,32687.0,4289.0,15748.0,4024.0,115777,32687.0
2023-01-20 00:00:00,39599.0,31989.0,4439.0,15895.0,3878.0,115270,31989.0
2023-01-27 00:00:00,38791.0,31760.0,4784.0,15772.0,3692.0,117590,31760.0
2023-02-03 00:00:00,41406.0,34282.0,5170.0,15895.0,3762.0,120522,34282.0
2023-02-10 00:00:00,43422.0,36580.0,4601.0,16703.0,3894.0,119237,36580.0
2023-02-17 00:00:00,42035.0,36574.0,4613.0,19117.0,3771.0,121935,36574.0
2023-02-24 00:00:00,41657.0,36269.0,4465.0,19410.0,3835.0,122114,36269.0
2023-03-03 00:00:00,42688.0,36556.0,4344.0,18980.0,3514.0,122252,36556.0
2023-03-10 00:00:00,41890.0,33815.0,4605.0,17338.0,3736.0,119715,33815.0
2023-03-17 00:00:00,40846.0,31579.0,4315.0,15974.0,3974.0,116402,31579.0
2023-03-24 00:00:00,41202.0,30088.0,4350.0,14160.0,3713.0,116683,30088.0
2023-03-31 00:00:00,39664.0,27293.0,4238.0,12488.0,4240.0,113051,27293.0
2023-04-07 00:00:00,39880.0,27464.0,3927.0,12391.0,3763.0,112445,27464.0
2023-04-14 00:00:00,38468.0,26878.0,3878.0,12324.0,3765.0,112090,26878.0
2023-04-21 00:00:00,37465.0,27075.0,4048.0,12585.0,3728.0,111513,27075.0
2023-04-28 00:00:00,37559.0,27049.0,3783.0,12115.0,3872.0,110323,27049.0
2023-05-05 00:00:00,36561.0,27032.0,3570.0,11917.0,4035.0,106153,27032.0
2023-05-12 00:00:00,35835.0,27068.0,3073.0,12305.0,3736.0,106233,27068.0
2023-05-19 00:00:00,34257.0,25140.0,3512.0,11497.0,4198.0,105672,25140.0
2023-05-26 00:00:00,36124.0,25851.0,3373.0,11182.0,3646.0,106657,25851.0
2023-06-02 00:00:00,38239.0,27203.0,3549.0,11815.0,3814.0,111731,27203.0
2023-06-09 00:00:00,37195.0,26612.0,3316.0,12252.0,3574.0,113854,26612.0
2023-06-16 00:00:00,38689.0,27579.0,3700.0,11804.0,3978.0,114288,27579.0
2023-06-23 00:00:00,38286.0,26484.0,3471.0,11949.0,3314.0,114411,26484.0
2023-06-30 00:00:00,40246.0,26732.0,3417.0,11387.0,3811.0,113366,26732.0
2023-07-07 00:00:00,43095.0,28930.0,3465.0,12671.0,2969.0,118181,28930.0
2023-07-14 00:00:00,41322.0,27872.0,3244.0,14201.0,3669.0,118194,27872.0
2023-07-21 00:00:00,41947.0,28149.0,3461.0,13245.0,3718.0,117949,28149.0
2023-07-28 00:00:00,43337.0,29071.0,3367.0,13204.0,3826.0,117153,29071.0
2023-08-04 00:00:00,41352.0,27766.0,3147.0,14038.0,3762.0,115447,27766.0
2023-08-11 00:00:00,42558.0,28535.0,3101.0,13820.0,3648.0,115743,28535.0
2023-08-18 00:00:00,42274.0,28310.0,2986.0,15074.0,3836.0,116688,28310.0
2023-08-25 00:00:00,42964.0,29728.0,3348.0,15961.0,3702.0,117923,29728.0
2023-09-01 00:00:00,43341.0,28897.0,3164.0,15551.0,3866.0,118602,28897.0
2023-09-08 00:00:00,44087.0,29356.0,3681.0,15630.0,3578.0,122533,29356.0
2023-09-15 00:00:00,43548.0,29211.0,3582.0,15703.0,4166.0,119666,29211.0
2023-09-22 00:00:00,42193.0,28397.0,3201.0,15391.0,3972.0,120064,28397.0
2023-09-29 00:00:00,42397.0,28164.0,3157.0,13957.0,3815.0,118795,28164.0
2023-10-06 00:00:00,41061.0,27133.0,2961.0,13964.0,3670.0,116958,27133.0
2023-10-13 00:00:00,38675.0,25926.0,2823.0,13713.0,4416.0,113773,25926.0
2023-10-20 00:00:00,37998.0,26884.0,3431.0,13142.0,4069.0,112087,26884.0
2023-10-27 00:00:00,37348.0,24801.0,3202.0,12002.0,3682.0,111295,24801.0
2023-11-03 00:00:00,36891.0,25242.0,3325.0,11134.0,4298.0,108001,25242.0
2023-11-10 00:00:00,35494.0,26314.0,3744.0,12055.0,4109.0,106579,26314.0
2023-11-17 00:00:00,34086.0,24283.0,3445.0,11610.0,4110.0,105561,24283.0
2023-11-24 00:00:00,37091.0,26592.0,3502.0,11883.0,3014.0,110778,26592.0
2023-12-01 00:00:00,38171.0,26310.0,3047.0,12536.0,3756.0,112045,26310.0
2023-12-08 00:00:00,38668.0,27184.0,3868.0,12471.0,3770.0,113539,27184.0
2023-12-15 00:00:00,38613.0,28607.0,3784.0,13368.0,3823.0,115024,28607.0
2023-12-22 00:00:00,39741.0,30204.0,4267.0,14814.0,3977.0,115765,30204.0
2023-12-29 00:00:00,43295.0,32017.0,4927.0,15981.0,2658.0,125855,32017.0
2024-01-05 00:00:00,45830.0,34591.0,5789.0,17069.0,3432.0,132383,34591.0
2024-01-12 00:00:00,47651.0,33889.0,5181.0,16484.0,3645.0,134753,33889.0
2024-01-19 00:00:00,47435.0,33816.0,4782.0,16145.0,3784.0,133336,33816.0
2024-01-26 00:00:00,46984.0,32623.0,4767.0,15806.0,3757.0,130795,32623.0
2024-02-02 00:00:00,46568.0,32693.0,4919.0,15606.0,3817.0,127574,32693.0
2024-02-09 00:00:00,46037.0,33414.0,4992.0,16394.0,3514.0,125659,33414.0
2024-02-16 00:00:00,43893.0,32623.0,4818.0,17529.0,3940.0,121651,32623.0
2024-02-23 00:00:00,43416.0,32359.0,5089.0,16862.0,3536.0,121141,32359.0
2024-03-01 00:00:00,42847.0,31108.0,4789.0,16096.0,4074.0,117010,31108.0
2024-03-08 00:00:00,41098.0,27536.0,4285.0,14408.0,3375.0,117898,27536.0
2024-03-15 00:00:00,41930.0,28981.0,4549.0,13837.0,3786.0,118522,28981.0
2024-03-22 00:00:00,42292.0,29173.0,4784.0,13942.0,4028.0,117337,29173.0
2024-03-29 00:00:00,42663.0,29205.0,4227.0,14404.0,3495.0,116069,29205.0
2024-04-05 00:00:00,43031.0,30213.0,4151.0,14507.0,2985.0,117728,30213.0
2024-04-12 00:00:00,41832.0,27668.0,3950.0,14199.0,3666.0,114968,27668.0
2024-04-19 00:00:00,41419.0,27548.0,3943.0,13627.0,3552.0,116582,27548.0
2024-04-26 00:00:00,40250.0,27168.0,3463.0,13603.0,3678.0,115850,27168.0
2024-05-03 00:00:00,39622.0,26258.0,3447.0,13561.0,3489.0,116410,26258.0
2024-05-10 00:00:00,42186.0,26829.0,3307.0,12416.0,3831.0,116365,26829.0
2024-05-17 00:00:00,41486.0,26445.0,3506.0,13029.0,3883.0,116744,26445.0
2024-05-24 00:00:00,43723.0,28393.0,3924.0,13302.0,3795.0,119288,28393.0
2024-05-31 00:00:00,45782.0,31215.0,4258.0,14680.0,3367.0,122485,31215.0
2024-06-07 00:00:00,43762.0,29695.0,4285.0,15286.0,3649.0,123366,29695.0
2024-06-14 00:00:00,43276.0,30944.0,3883.0,15530.0,3977.0,121640,30944.0
2024-06-21 00:00:00,42891.0,32957.0,4127.0,17078.0,3536.0,121263,32957.0
2024-06-28 00:00:00,42931.0,33334.0,4177.0,16709.0,3715.0,119728,33334.0
2024-07-05 00:00:00,43786.0,32488.0,4064.0,16444.0,3466.0,124612,32488.0
2024-07-12 00:00:00,44961.0,34076.0,4589.0,17312.0,3585.0,128066,34076.0
2024-07-19 00:00:00,44205.0,33384.0,4110.0,17006.0,3861.0,125313,33384.0
2024-07-26 00:00:00,45303.0,35309.0,4210.0,17689.0,3725.0,126847,35309.0
2024-08-02 00:00:00,43416.0,34843.0,3926.0,18892.0,3469.0,127796,34843.0
2024-08-09 00:00:00,43280.0,35348.0,4146.0,17878.0,3549.0,126123,35348.0
2024-08-16 00:00:00,43242.0,34433.0,3932.0,18392.0,3576.0,122811,34433.0
2024-08-23 00:00:00,42599.0,34557.0,4435.0,18575.0,3822.0,123086,34557.0
2024-08-30 00:00:00,43114.0,35409.0,4825.0,18506.0,3997.0,122715,35409.0
2024-09-06 00:00:00,44744.0,37222.0,5278.0,19491.0,3558.0,125023,37222.0
2024-09-13 00:00:00,42964.0,35187.0,5202.0,18247.0,3798.0,125148,35187.0
2024-09-20 00:00:00,43574.0,36652.0,5205.0,18923.0,4022.0,122921,36652.0
2024-09-27 00:00:00,42454.0,34972.0,4971.0,18337.0,3638.0,121637,34972.0
2024-10-04 00:00:00,41014.0,33625.0,5106.0,17485.0,4031.0,118513,33625.0
2024-10-11 00:00:00,37914.0,33282.0,5298.0,18034.0,4212.0,114979,33282.0
2024-10-18 00:00:00,37712.0,32372.0,5270.0,16997.0,4131.0,113839,32372.0
2024-10-25 00:00:00,37007.0,32069.0,5381.0,16104.0,3881.0,112862,32069.0
2024-11-01 00:00:00,35875.0,32219.0,5665.0,16980.0,3406.0,115809,32219.0
2024-11-08 00:00:00,36660.0,33284.0,5695.0,16649.0,4098.0,114415,33284.0
2024-11-15 00:00:00,35940.0,33303.0,5252.0,17422.0,3775.0,114301,33303.0
2024-11-22 00:00:00,36967.0,33527.0,5765.0,16593.0,3718.0,114717,33527.0
2024-11-29 00:00:00,39309.0,34868.0,6044.0,16914.0,3398.0,118100,34868.0
2024-12-06 00:00:00,40247.0,35780.0,5615.0,18242.0,3450.0,121335,35780.0
2024-12-13 00:00:00,40025.0,35847.0,4908.0,18070.0,4498.0,118155,35847.0
2024-12-20 00:00:00,38081.0,34295.0,4774.0,18590.0,4253.0,116461,34295.0
2024-12-27 00:00:00,43258.0,36627.0,5299.0,18219.0,3232.0,122867,36627.0
2025-01-03 00:00:00,45644.0,37233.0,5073.0,19567.0,3178.0,128938,37233.0
2025-01-10 00:00:00,46278.0,34995.0,4777.0,18306.0,3839.0,132015,34995.0
2025-01-17 00:00:00,47280.0,34808.0,5453.0,16414.0,4108.0,128945,34808.0
2025-01-24 00:00:00,46056.0,32252.0,5368.0,15450.0,4506.0,123951,32252.0
2025-01-31 00:00:00,44626.0,29902.0,5037.0,13601.0,4599.0,118480,29902.0
2025-02-07 00:00:00,44131.0,29964.0,5244.0,14578.0,3685.0,118615,29964.0
2025-02-14 00:00:00,44611.0,28505.0,4282.0,13576.0,4364.0,116564,28505.0
2025-02-21 00:00:00,45551.0,28765.0,4338.0,13600.0,4097.0,120472,28765.0
2025-02-28 00:00:00,44837.0,29377.0,4004.0,14935.0,3991.0,119154,
