Date,us_gasoline_demand,us_gasoline_stocks,padd2_gasoline_stocks,padd3_gasoline_stocks,summary_table,padd1_gasoline_stocks,padd4&5_gasoline_stocks
1983-01-07 00:00:00,,,,,,,0.0
1983-01-14 00:00:00,,,,,,,0.0
1983-01-21 00:00:00,,,,,,,0.0
1983-01-28 00:00:00,,,,,,,0.0
1983-02-04 00:00:00,,,,,,,0.0
1983-02-11 00:00:00,,,,,,,0.0
1983-02-18 00:00:00,,,,,,,0.0
1983-02-25 00:00:00,,,,,,,0.0
1983-03-04 00:00:00,,,,,,,0.0
1983-03-11 00:00:00,,,,,,,0.0
1983-03-18 00:00:00,,,,,,,0.0
1983-03-25 00:00:00,,,,,,,0.0
1983-04-01 00:00:00,,,,,,,0.0
1983-04-08 00:00:00,,,,,,,0.0
1983-04-15 00:00:00,,,,,,,0.0
1983-04-29 00:00:00,,,,,,,0.0
1983-05-13 00:00:00,,,,,,,0.0
1983-05-20 00:00:00,,,,,,,0.0
1983-06-03 00:00:00,,,,,,,0.0
1983-06-10 00:00:00,,,,,,,0.0
1983-06-17 00:00:00,,,,,,,0.0
1983-06-24 00:00:00,,,,,,,0.0
1983-07-01 00:00:00,,,,,,,0.0
1983-07-08 00:00:00,,,,,,,0.0
1983-07-15 00:00:00,,,,,,,0.0
1983-07-22 00:00:00,,,,,,,0.0
1983-07-29 00:00:00,,,,,,,0.0
1983-08-05 00:00:00,,,,,,,0.0
1983-08-12 00:00:00,,,,,,,0.0
1983-08-19 00:00:00,,,,,,,0.0
1983-08-26 00:00:00,,,,,,,0.0
1983-09-02 00:00:00,,,,,,,0.0
1983-09-09 00:00:00,,,,,,,0.0
1983-09-16 00:00:00,,,,,,,0.0
1983-09-23 00:00:00,,,,,,,0.0
1983-09-30 00:00:00,,,,,,,0.0
1983-10-07 00:00:00,,,,,,,0.0
1983-10-14 00:00:00,,,,,,,0.0
1983-10-21 00:00:00,,,,,,,0.0
1983-10-28 00:00:00,,,,,,,0.0
1983-11-04 00:00:00,,,,,,,0.0
1983-11-11 00:00:00,,,,,,,0.0
1983-11-18 00:00:00,,,,,,,0.0
1983-11-25 00:00:00,,,,,,,0.0
1983-12-02 00:00:00,,,,,,,0.0
1983-12-09 00:00:00,,,,,,,0.0
1983-12-16 00:00:00,,,,,,,0.0
1983-12-23 00:00:00,,,,,,,0.0
1983-12-30 00:00:00,,,,,,,0.0
1984-01-06 00:00:00,,,,,,,0.0
1984-01-13 00:00:00,,,,,,,0.0
1984-01-20 00:00:00,,,,,,,0.0
1984-01-27 00:00:00,,,,,,,0.0
1984-02-03 00:00:00,,,,,,,0.0
1984-02-10 00:00:00,,,,,,,0.0
1984-02-17 00:00:00,,,,,,,0.0
1984-02-24 00:00:00,,,,,,,0.0
1984-03-02 00:00:00,,,,,,,0.0
1984-03-09 00:00:00,,,,,,,0.0
1984-03-16 00:00:00,,,,,,,0.0
1984-03-23 00:00:00,,,,,,,0.0
1984-03-30 00:00:00,,,,,,,0.0
1984-04-06 00:00:00,,,,,,,0.0
1984-04-13 00:00:00,,,,,,,0.0
1984-04-20 00:00:00,,,,,,,0.0
1984-04-27 00:00:00,,,,,,,0.0
1984-05-04 00:00:00,,,,,,,0.0
1984-05-11 00:00:00,,,,,,,0.0
1984-05-18 00:00:00,,,,,,,0.0
1984-05-25 00:00:00,,,,,,,0.0
1984-06-01 00:00:00,,,,,,,0.0
1984-06-08 00:00:00,,,,,,,0.0
1984-06-15 00:00:00,,,,,,,0.0
1984-06-22 00:00:00,,,,,,,0.0
1984-06-29 00:00:00,,,,,,,0.0
1984-07-06 00:00:00,,,,,,,0.0
1984-07-13 00:00:00,,,,,,,0.0
1984-07-20 00:00:00,,,,,,,0.0
1984-07-27 00:00:00,,,,,,,0.0
1984-08-03 00:00:00,,,,,,,0.0
1984-08-10 00:00:00,,,,,,,0.0
1984-08-17 00:00:00,,,,,,,0.0
1984-08-24 00:00:00,,,,,,,0.0
1984-08-31 00:00:00,,,,,,,0.0
1984-09-07 00:00:00,,,,,,,0.0
1984-09-14 00:00:00,,,,,,,0.0
1984-09-21 00:00:00,,,,,,,0.0
1984-09-28 00:00:00,,,,,,,0.0
1984-10-05 00:00:00,,,,,,,0.0
1984-10-12 00:00:00,,,,,,,0.0
1984-10-19 00:00:00,,,,,,,0.0
1984-10-26 00:00:00,,,,,,,0.0
1984-11-02 00:00:00,,,,,,,0.0
1984-11-09 00:00:00,,,,,,,0.0
1984-11-16 00:00:00,,,,,,,0.0
1984-11-23 00:00:00,,,,,,,0.0
1984-11-30 00:00:00,,,,,,,0.0
1984-12-07 00:00:00,,,,,,,0.0
1984-12-14 00:00:00,,,,,,,0.0
1984-12-21 00:00:00,,,,,,,0.0
1984-12-28 00:00:00,,,,,,,0.0
1985-01-04 00:00:00,,,,,,,0.0
1985-01-11 00:00:00,,,,,,,0.0
1985-01-18 00:00:00,,,,,,,0.0
1985-01-25 00:00:00,,,,,,,0.0
1985-02-01 00:00:00,,,,,,,0.0
1985-02-08 00:00:00,,,,,,,0.0
1985-02-15 00:00:00,,,,,,,0.0
1985-02-22 00:00:00,,,,,,,0.0
1985-03-01 00:00:00,,,,,,,0.0
1985-03-08 00:00:00,,,,,,,0.0
1985-03-15 00:00:00,,,,,,,0.0
1985-03-22 00:00:00,,,,,,,0.0
1985-03-29 00:00:00,,,,,,,0.0
1985-04-05 00:00:00,,,,,,,0.0
1985-04-12 00:00:00,,,,,,,0.0
1985-04-19 00:00:00,,,,,,,0.0
1985-04-26 00:00:00,,,,,,,0.0
1985-05-03 00:00:00,,,,,,,0.0
1985-05-10 00:00:00,,,,,,,0.0
1985-05-17 00:00:00,,,,,,,0.0
1985-05-24 00:00:00,,,,,,,0.0
1985-05-31 00:00:00,,,,,,,0.0
1985-06-07 00:00:00,,,,,,,0.0
1985-06-14 00:00:00,,,,,,,0.0
1985-06-21 00:00:00,,,,,,,0.0
1985-06-28 00:00:00,,,,,,,0.0
1985-07-05 00:00:00,,,,,,,0.0
1985-07-12 00:00:00,,,,,,,0.0
1985-07-19 00:00:00,,,,,,,0.0
1985-07-26 00:00:00,,,,,,,0.0
1985-08-02 00:00:00,,,,,,,0.0
1985-08-09 00:00:00,,,,,,,0.0
1985-08-16 00:00:00,,,,,,,0.0
1985-08-23 00:00:00,,,,,,,0.0
1985-08-30 00:00:00,,,,,,,0.0
1985-09-06 00:00:00,,,,,,,0.0
1985-09-13 00:00:00,,,,,,,0.0
1985-09-20 00:00:00,,,,,,,0.0
1985-09-27 00:00:00,,,,,,,0.0
1985-10-04 00:00:00,,,,,,,0.0
1985-10-11 00:00:00,,,,,,,0.0
1985-10-18 00:00:00,,,,,,,0.0
1985-10-25 00:00:00,,,,,,,0.0
1985-11-01 00:00:00,,,,,,,0.0
1985-11-08 00:00:00,,,,,,,0.0
1985-11-15 00:00:00,,,,,,,0.0
1985-11-22 00:00:00,,,,,,,0.0
1985-11-29 00:00:00,,,,,,,0.0
1985-12-06 00:00:00,,,,,,,0.0
1985-12-13 00:00:00,,,,,,,0.0
1986-01-03 00:00:00,,,,,,,0.0
1986-01-10 00:00:00,,,,,,,0.0
1986-01-17 00:00:00,,,,,,,0.0
1986-01-24 00:00:00,,,,,,,0.0
1986-01-31 00:00:00,,,,,,,0.0
1986-02-07 00:00:00,,,,,,,0.0
1986-02-14 00:00:00,,,,,,,0.0
1986-02-21 00:00:00,,,,,,,0.0
1986-02-28 00:00:00,,,,,,,0.0
1986-03-07 00:00:00,,,,,,,0.0
1986-03-14 00:00:00,,,,,,,0.0
1986-03-21 00:00:00,,,,,,,0.0
1986-03-28 00:00:00,,,,,,,0.0
1986-04-04 00:00:00,,,,,,,0.0
1986-04-11 00:00:00,,,,,,,0.0
1986-04-18 00:00:00,,,,,,,0.0
1986-04-25 00:00:00,,,,,,,0.0
1986-05-02 00:00:00,,,,,,,0.0
1986-05-09 00:00:00,,,,,,,0.0
1986-05-16 00:00:00,,,,,,,0.0
1986-05-23 00:00:00,,,,,,,0.0
1986-05-30 00:00:00,,,,,,,0.0
1986-06-06 00:00:00,,,,,,,0.0
1986-06-13 00:00:00,,,,,,,0.0
1986-06-20 00:00:00,,,,,,,0.0
1986-06-27 00:00:00,,,,,,,0.0
1986-07-04 00:00:00,,,,,,,0.0
1986-07-11 00:00:00,,,,,,,0.0
1986-07-18 00:00:00,,,,,,,0.0
1986-07-25 00:00:00,,,,,,,0.0
1986-08-01 00:00:00,,,,,,,0.0
1986-08-08 00:00:00,,,,,,,0.0
1986-08-15 00:00:00,,,,,,,0.0
1986-08-22 00:00:00,,,,,,,0.0
1986-08-29 00:00:00,,,,,,,0.0
1986-09-05 00:00:00,,,,,,,0.0
1986-09-12 00:00:00,,,,,,,0.0
1986-09-19 00:00:00,,,,,,,0.0
1986-09-26 00:00:00,,,,,,,0.0
1986-10-03 00:00:00,,,,,,,0.0
1986-10-10 00:00:00,,,,,,,0.0
1986-10-17 00:00:00,,,,,,,0.0
1986-10-24 00:00:00,,,,,,,0.0
1986-10-31 00:00:00,,,,,,,0.0
1986-11-07 00:00:00,,,,,,,0.0
1986-11-14 00:00:00,,,,,,,0.0
1986-11-21 00:00:00,,,,,,,0.0
1986-11-28 00:00:00,,,,,,,0.0
1986-12-05 00:00:00,,,,,,,0.0
1986-12-12 00:00:00,,,,,,,0.0
1986-12-19 00:00:00,,,,,,,0.0
1986-12-26 00:00:00,,,,,,,0.0
1987-01-02 00:00:00,,,,,,,0.0
1987-01-09 00:00:00,,,,,,,0.0
1987-01-16 00:00:00,,,,,,,0.0
1987-01-23 00:00:00,,,,,,,0.0
1987-01-30 00:00:00,,,,,,,0.0
1987-02-06 00:00:00,,,,,,,0.0
1987-02-13 00:00:00,,,,,,,0.0
1987-02-20 00:00:00,,,,,,,0.0
1987-02-27 00:00:00,,,,,,,0.0
1987-03-06 00:00:00,,,,,,,0.0
1987-03-13 00:00:00,,,,,,,0.0
1987-03-20 00:00:00,,,,,,,0.0
1987-03-27 00:00:00,,,,,,,0.0
1987-04-03 00:00:00,,,,,,,0.0
1987-04-10 00:00:00,,,,,,,0.0
1987-04-17 00:00:00,,,,,,,0.0
1987-04-24 00:00:00,,,,,,,0.0
1987-05-01 00:00:00,,,,,,,0.0
1987-05-08 00:00:00,,,,,,,0.0
1987-05-15 00:00:00,,,,,,,0.0
1987-05-22 00:00:00,,,,,,,0.0
1987-05-29 00:00:00,,,,,,,0.0
1987-06-05 00:00:00,,,,,,,0.0
1987-06-12 00:00:00,,,,,,,0.0
1987-06-19 00:00:00,,,,,,,0.0
1987-06-26 00:00:00,,,,,,,0.0
1987-07-03 00:00:00,,,,,,,0.0
1987-07-10 00:00:00,,,,,,,0.0
1987-07-17 00:00:00,,,,,,,0.0
1987-07-24 00:00:00,,,,,,,0.0
1987-07-31 00:00:00,,,,,,,0.0
1987-08-07 00:00:00,,,,,,,0.0
1987-08-14 00:00:00,,,,,,,0.0
1987-08-21 00:00:00,,,,,,,0.0
1987-08-28 00:00:00,,,,,,,0.0
1987-09-04 00:00:00,,,,,,,0.0
1987-09-11 00:00:00,,,,,,,0.0
1987-09-18 00:00:00,,,,,,,0.0
1987-09-25 00:00:00,,,,,,,0.0
1987-10-02 00:00:00,,,,,,,0.0
1987-10-09 00:00:00,,,,,,,0.0
1987-10-16 00:00:00,,,,,,,0.0
1987-10-23 00:00:00,,,,,,,0.0
1987-10-30 00:00:00,,,,,,,0.0
1987-11-06 00:00:00,,,,,,,0.0
1987-11-13 00:00:00,,,,,,,0.0
1987-11-20 00:00:00,,,,,,,0.0
1987-11-27 00:00:00,,,,,,,0.0
1987-12-04 00:00:00,,,,,,,0.0
1987-12-11 00:00:00,,,,,,,0.0
1987-12-18 00:00:00,,,,,,,0.0
1987-12-25 00:00:00,,,,,,,0.0
1988-01-01 00:00:00,,,,,,,0.0
1988-01-08 00:00:00,,,,,,,0.0
1988-01-15 00:00:00,,,,,,,0.0
1988-01-22 00:00:00,,,,,,,0.0
1988-01-29 00:00:00,,,,,,,0.0
1988-02-05 00:00:00,,,,,,,0.0
1988-02-12 00:00:00,,,,,,,0.0
1988-02-19 00:00:00,,,,,,,0.0
1988-02-26 00:00:00,,,,,,,0.0
1988-03-04 00:00:00,,,,,,,0.0
1988-03-11 00:00:00,,,,,,,0.0
1988-03-18 00:00:00,,,,,,,0.0
1988-03-25 00:00:00,,,,,,,0.0
1988-04-01 00:00:00,,,,,,,0.0
1988-04-08 00:00:00,,,,,,,0.0
1988-04-15 00:00:00,,,,,,,0.0
1988-04-22 00:00:00,,,,,,,0.0
1988-04-29 00:00:00,,,,,,,0.0
1988-05-06 00:00:00,,,,,,,0.0
1988-05-13 00:00:00,,,,,,,0.0
1988-05-20 00:00:00,,,,,,,0.0
1988-05-27 00:00:00,,,,,,,0.0
1988-06-03 00:00:00,,,,,,,0.0
1988-06-10 00:00:00,,,,,,,0.0
1988-06-17 00:00:00,,,,,,,0.0
1988-06-24 00:00:00,,,,,,,0.0
1988-07-01 00:00:00,,,,,,,0.0
1988-07-08 00:00:00,,,,,,,0.0
1988-07-15 00:00:00,,,,,,,0.0
1988-07-22 00:00:00,,,,,,,0.0
1988-07-29 00:00:00,,,,,,,0.0
1988-08-05 00:00:00,,,,,,,0.0
1988-08-12 00:00:00,,,,,,,0.0
1988-08-19 00:00:00,,,,,,,0.0
1988-08-26 00:00:00,,,,,,,0.0
1988-09-02 00:00:00,,,,,,,0.0
1988-09-09 00:00:00,,,,,,,0.0
1988-09-16 00:00:00,,,,,,,0.0
1988-09-23 00:00:00,,,,,,,0.0
1988-09-30 00:00:00,,,,,,,0.0
1988-10-07 00:00:00,,,,,,,0.0
1988-10-14 00:00:00,,,,,,,0.0
1988-10-21 00:00:00,,,,,,,0.0
1988-10-28 00:00:00,,,,,,,0.0
1988-11-04 00:00:00,,,,,,,0.0
1988-11-11 00:00:00,,,,,,,0.0
1988-11-18 00:00:00,,,,,,,0.0
1988-11-25 00:00:00,,,,,,,0.0
1988-12-02 00:00:00,,,,,,,0.0
1988-12-09 00:00:00,,,,,,,0.0
1988-12-16 00:00:00,,,,,,,0.0
1988-12-23 00:00:00,,,,,,,0.0
1988-12-30 00:00:00,,,,,,,0.0
1989-01-06 00:00:00,,,,,,,0.0
1989-01-13 00:00:00,,,,,,,0.0
1989-01-20 00:00:00,,,,,,,0.0
1989-01-27 00:00:00,,,,,,,0.0
1989-02-03 00:00:00,,,,,,,0.0
1989-02-10 00:00:00,,,,,,,0.0
1989-02-17 00:00:00,,,,,,,0.0
1989-02-24 00:00:00,,,,,,,0.0
1989-03-03 00:00:00,,,,,,,0.0
1989-03-10 00:00:00,,,,,,,0.0
1989-03-17 00:00:00,,,,,,,0.0
1989-03-24 00:00:00,,,,,,,0.0
1989-03-31 00:00:00,,,,,,,0.0
1989-04-07 00:00:00,,,,,,,0.0
1989-04-14 00:00:00,,,,,,,0.0
1989-04-21 00:00:00,,,,,,,0.0
1989-04-28 00:00:00,,,,,,,0.0
1989-05-05 00:00:00,,,,,,,0.0
1989-05-12 00:00:00,,,,,,,0.0
1989-05-19 00:00:00,,,,,,,0.0
1989-05-26 00:00:00,,,,,,,0.0
1989-06-02 00:00:00,,,,,,,0.0
1989-06-09 00:00:00,,,,,,,0.0
1989-06-16 00:00:00,,,,,,,0.0
1989-06-23 00:00:00,,,,,,,0.0
1989-06-30 00:00:00,,,,,,,0.0
1989-07-07 00:00:00,,,,,,,0.0
1989-07-14 00:00:00,,,,,,,0.0
1989-07-21 00:00:00,,,,,,,0.0
1989-07-28 00:00:00,,,,,,,0.0
1989-08-04 00:00:00,,,,,,,0.0
1989-08-11 00:00:00,,,,,,,0.0
1989-08-18 00:00:00,,,,,,,0.0
1989-08-25 00:00:00,,,,,,,0.0
1989-09-01 00:00:00,,,,,,,0.0
1989-09-08 00:00:00,,,,,,,0.0
1989-09-15 00:00:00,,,,,,,0.0
1989-09-22 00:00:00,,,,,,,0.0
1989-09-29 00:00:00,,,,,,,0.0
1989-10-06 00:00:00,,,,,,,0.0
1989-10-13 00:00:00,,,,,,,0.0
1989-10-20 00:00:00,,,,,,,0.0
1989-10-27 00:00:00,,,,,,,0.0
1989-11-03 00:00:00,,,,,,,0.0
1989-11-10 00:00:00,,,,,,,0.0
1989-11-17 00:00:00,,,,,,,0.0
1989-11-24 00:00:00,,,,,,,0.0
1989-12-01 00:00:00,,,,,,,0.0
1989-12-08 00:00:00,,,,,,,0.0
1989-12-15 00:00:00,,,,,,,0.0
1989-12-22 00:00:00,,,,,,,0.0
1989-12-29 00:00:00,,,,,,,0.0
1990-01-05 00:00:00,,210982.0,57281.0,59964.0,55589.0,55589.0,38148.0
1990-01-12 00:00:00,,215395.0,59116.0,61189.0,56182.0,56182.0,38908.0
1990-01-19 00:00:00,,219221.0,60650.0,62515.0,56536.0,56536.0,39520.0
1990-01-26 00:00:00,,229695.0,64820.0,63570.0,60451.0,60451.0,40854.0
1990-02-02 00:00:00,,234249.0,64568.0,67196.0,61442.0,61442.0,41043.0
1990-02-09 00:00:00,,242038.0,66771.0,69627.0,64515.0,64515.0,41125.0
1990-02-16 00:00:00,,243212.0,67849.0,68996.0,64716.0,64716.0,41651.0
1990-02-23 00:00:00,,249028.0,70232.0,69379.0,68821.0,68821.0,40596.0
1990-03-02 00:00:00,,251074.0,69455.0,71592.0,69075.0,69075.0,40952.0
1990-03-09 00:00:00,,247348.0,67161.0,69902.0,69841.0,69841.0,40444.0
1990-03-16 00:00:00,,245224.0,67950.0,68475.0,68903.0,68903.0,39896.0
1990-03-23 00:00:00,,236805.0,64833.0,65725.0,67175.0,67175.0,39072.0
1990-03-30 00:00:00,,230975.0,62980.0,64515.0,64081.0,64081.0,39399.0
1990-04-06 00:00:00,,227448.0,63311.0,61415.0,64139.0,64139.0,38583.0
1990-04-13 00:00:00,,226077.0,63250.0,59624.0,63359.0,63359.0,39844.0
1990-04-20 00:00:00,,224206.0,62956.0,59821.0,63397.0,63397.0,38032.0
1990-04-27 00:00:00,,223250.0,62678.0,59275.0,62020.0,62020.0,39277.0
1990-05-04 00:00:00,,222618.0,62432.0,57918.0,63187.0,63187.0,39081.0
1990-05-11 00:00:00,,217528.0,59547.0,57797.0,62899.0,62899.0,37285.0
1990-05-18 00:00:00,,217047.0,59502.0,57670.0,62285.0,62285.0,37590.0
1990-05-25 00:00:00,,218532.0,60978.0,58394.0,62763.0,62763.0,36397.0
1990-06-01 00:00:00,,222014.0,61424.0,60509.0,62912.0,62912.0,37169.0
1990-06-08 00:00:00,,219308.0,60369.0,62235.0,61845.0,61845.0,34859.0
1990-06-15 00:00:00,,220061.0,62394.0,62274.0,60526.0,60526.0,34867.0
1990-06-22 00:00:00,,218970.0,62326.0,60978.0,60893.0,60893.0,34773.0
1990-06-29 00:00:00,,218597.0,61882.0,61952.0,60722.0,60722.0,34041.0
1990-07-06 00:00:00,,217055.0,61221.0,61225.0,59965.0,59965.0,34644.0
1990-07-13 00:00:00,,218063.0,60874.0,63049.0,59379.0,59379.0,34761.0
1990-07-20 00:00:00,,218705.0,59714.0,64087.0,60023.0,60023.0,34881.0
1990-07-27 00:00:00,,217799.0,59564.0,64050.0,59896.0,59896.0,34289.0
1990-08-03 00:00:00,,220195.0,58871.0,66608.0,61387.0,61387.0,33329.0
1990-08-10 00:00:00,,213725.0,56031.0,65313.0,59432.0,59432.0,32949.0
1990-08-17 00:00:00,,216819.0,57340.0,64015.0,62845.0,62845.0,32619.0
1990-08-24 00:00:00,,211198.0,57008.0,62403.0,60420.0,60420.0,31367.0
1990-08-31 00:00:00,,210922.0,56645.0,61261.0,60226.0,60226.0,32790.0
1990-09-07 00:00:00,,212665.0,57220.0,60898.0,60606.0,60606.0,33941.0
1990-09-14 00:00:00,,219164.0,58704.0,63250.0,61405.0,61405.0,35805.0
1990-09-21 00:00:00,,222160.0,58601.0,64900.0,61306.0,61306.0,37353.0
1990-09-28 00:00:00,,222735.0,60479.0,63472.0,62042.0,62042.0,36742.0
1990-10-05 00:00:00,,225934.0,62698.0,63994.0,61688.0,61688.0,37554.0
1990-10-12 00:00:00,,225997.0,62736.0,63866.0,61724.0,61724.0,37671.0
1990-10-19 00:00:00,,221043.0,61155.0,61798.0,60727.0,60727.0,37363.0
1990-10-26 00:00:00,,222384.0,61173.0,65075.0,58401.0,58401.0,37735.0
1990-11-02 00:00:00,,222223.0,58987.0,66010.0,59343.0,59343.0,37883.0
1990-11-09 00:00:00,,219499.0,57426.0,65701.0,58449.0,58449.0,37923.0
1990-11-16 00:00:00,,217040.0,57235.0,65657.0,56908.0,56908.0,37240.0
1990-11-23 00:00:00,,217639.0,57455.0,66111.0,56438.0,56438.0,37635.0
1990-11-30 00:00:00,,218889.0,56841.0,66602.0,57548.0,57548.0,37898.0
1990-12-07 00:00:00,,220010.0,57104.0,67672.0,58074.0,58074.0,37160.0
1990-12-14 00:00:00,,224219.0,58799.0,68112.0,58955.0,58955.0,38353.0
1990-12-21 00:00:00,,222043.0,57425.0,68102.0,57798.0,57798.0,38718.0
1990-12-28 00:00:00,,221695.0,57400.0,65966.0,59629.0,59629.0,38700.0
1991-01-04 00:00:00,,221194.0,56892.0,65884.0,59851.0,59851.0,38567.0
1991-01-11 00:00:00,,217923.0,55051.0,63662.0,60534.0,60534.0,38676.0
1991-01-18 00:00:00,,216098.0,54599.0,61573.0,61348.0,61348.0,38578.0
1991-01-25 00:00:00,,219581.0,55870.0,62728.0,61870.0,61870.0,39113.0
1991-02-01 00:00:00,,222223.0,56869.0,63794.0,61961.0,61961.0,39599.0
1991-02-08 00:00:00,6621.0,224079.0,59731.0,63168.0,61174.0,61174.0,40006.0
1991-02-15 00:00:00,6433.0,226459.0,61132.0,63281.0,61127.0,61127.0,40919.0
1991-02-22 00:00:00,6582.0,226026.0,62815.0,64579.0,58459.0,58459.0,40173.0
1991-03-01 00:00:00,7224.0,221438.0,62004.0,64278.0,55480.0,55480.0,39676.0
1991-03-08 00:00:00,6875.0,218986.0,59690.0,64295.0,55465.0,55465.0,39536.0
1991-03-15 00:00:00,6947.0,215670.0,59251.0,64177.0,53206.0,53206.0,39036.0
1991-03-22 00:00:00,7328.0,211379.0,58624.0,62190.0,52325.0,52325.0,38240.0
1991-03-29 00:00:00,6777.0,212087.0,58674.0,60498.0,55021.0,55021.0,37894.0
1991-04-05 00:00:00,7503.0,207908.0,57088.0,59597.0,54215.0,54215.0,37008.0
1991-04-12 00:00:00,6916.0,205510.0,55495.0,58372.0,55555.0,55555.0,36088.0
1991-04-19 00:00:00,7045.0,205046.0,55761.0,56533.0,56866.0,56866.0,35886.0
1991-04-26 00:00:00,6956.0,205660.0,56683.0,56916.0,55976.0,55976.0,36085.0
1991-05-03 00:00:00,6976.0,207496.0,57971.0,54991.0,58290.0,58290.0,36244.0
1991-05-10 00:00:00,7185.0,208673.0,57187.0,58657.0,57067.0,57067.0,35762.0
1991-05-17 00:00:00,6899.0,211690.0,58128.0,57902.0,59362.0,59362.0,36298.0
1991-05-24 00:00:00,7396.0,213387.0,56823.0,60610.0,59744.0,59744.0,36210.0
1991-05-31 00:00:00,7287.0,215678.0,56813.0,60441.0,61843.0,61843.0,36581.0
1991-06-07 00:00:00,7220.0,217713.0,57082.0,61374.0,61309.0,61309.0,37948.0
1991-06-14 00:00:00,7651.0,220528.0,57272.0,62672.0,61832.0,61832.0,38752.0
1991-06-21 00:00:00,7720.0,219835.0,56175.0,63133.0,61178.0,61178.0,39349.0
1991-06-28 00:00:00,7543.0,218757.0,54312.0,64528.0,61795.0,61795.0,38122.0
1991-07-05 00:00:00,7961.0,215024.0,54408.0,62619.0,59189.0,59189.0,38808.0
1991-07-12 00:00:00,7327.0,213411.0,54022.0,63300.0,58948.0,58948.0,37141.0
1991-07-19 00:00:00,7380.0,213887.0,56185.0,62413.0,58238.0,58238.0,37051.0
1991-07-26 00:00:00,7501.0,212122.0,57157.0,61989.0,56445.0,56445.0,36531.0
1991-08-02 00:00:00,7605.0,210814.0,57822.0,62854.0,54858.0,54858.0,35280.0
1991-08-09 00:00:00,7584.0,208356.0,59406.0,60724.0,53932.0,53932.0,34294.0
1991-08-16 00:00:00,7401.0,207689.0,60568.0,59934.0,53665.0,53665.0,33522.0
1991-08-23 00:00:00,7505.0,210098.0,61575.0,61187.0,54435.0,54435.0,32901.0
1991-08-30 00:00:00,7427.0,211068.0,61439.0,61144.0,55182.0,55182.0,33303.0
1991-09-06 00:00:00,6993.0,214680.0,61419.0,61746.0,57116.0,57116.0,34399.0
1991-09-13 00:00:00,7402.0,215242.0,60498.0,62782.0,57069.0,57069.0,34893.0
1991-09-20 00:00:00,7391.0,214984.0,60146.0,62454.0,57885.0,57885.0,34499.0
1991-09-27 00:00:00,7088.0,215217.0,60412.0,60124.0,58423.0,58423.0,36258.0
1991-10-04 00:00:00,6949.0,217173.0,59981.0,63195.0,58614.0,58614.0,35383.0
1991-10-11 00:00:00,7506.0,213971.0,58156.0,61536.0,57925.0,57925.0,36354.0
1991-10-18 00:00:00,7396.0,209834.0,56611.0,61172.0,57099.0,57099.0,34952.0
1991-10-25 00:00:00,7421.0,205774.0,56572.0,60504.0,53949.0,53949.0,34749.0
1991-11-01 00:00:00,7159.0,204354.0,55215.0,60889.0,53812.0,53812.0,34438.0
1991-11-08 00:00:00,7379.0,199744.0,54329.0,59102.0,52192.0,52192.0,34121.0
1991-11-15 00:00:00,7369.0,198464.0,54307.0,57567.0,51346.0,51346.0,35244.0
1991-11-22 00:00:00,6652.0,203568.0,54341.0,60628.0,52688.0,52688.0,35911.0
1991-11-29 00:00:00,6769.0,207008.0,55103.0,60551.0,54847.0,54847.0,36507.0
1991-12-06 00:00:00,6828.0,212278.0,54808.0,61801.0,57153.0,57153.0,38516.0
1991-12-13 00:00:00,7344.0,215414.0,54865.0,64010.0,58229.0,58229.0,38310.0
1991-12-20 00:00:00,7447.0,216625.0,56621.0,64742.0,56488.0,56488.0,38774.0
1991-12-27 00:00:00,7186.0,217337.0,58250.0,64322.0,55396.0,55396.0,39369.0
1992-01-03 00:00:00,6642.0,222483.0,58950.0,66583.0,56439.0,56439.0,40511.0
1992-01-10 00:00:00,6788.0,225305.0,59536.0,66974.0,57984.0,57984.0,40811.0
1992-01-17 00:00:00,6783.0,228580.0,60333.0,67131.0,60851.0,60851.0,40265.0
1992-01-24 00:00:00,7037.0,228073.0,60391.0,67070.0,61107.0,61107.0,39505.0
1992-01-31 00:00:00,7112.0,227909.0,61185.0,66167.0,61842.0,61842.0,38715.0
1992-02-07 00:00:00,7039.0,227243.0,62599.0,63810.0,61800.0,61800.0,39034.0
1992-02-14 00:00:00,6576.0,230868.0,63485.0,66515.0,62443.0,62443.0,38425.0
1992-02-21 00:00:00,7002.0,230336.0,61894.0,66971.0,62829.0,62829.0,38642.0
1992-02-28 00:00:00,6770.0,231955.0,62156.0,66162.0,66211.0,66211.0,37426.0
1992-03-06 00:00:00,7002.0,227662.0,60688.0,65938.0,64765.0,64765.0,36271.0
1992-03-13 00:00:00,6806.0,227891.0,60759.0,66453.0,65659.0,65659.0,35020.0
1992-03-20 00:00:00,7221.0,224373.0,60140.0,65906.0,63156.0,63156.0,35171.0
1992-03-27 00:00:00,7379.0,222766.0,60231.0,64917.0,63864.0,63864.0,33754.0
1992-04-03 00:00:00,7027.0,222186.0,59082.0,65342.0,63769.0,63769.0,33993.0
1992-04-10 00:00:00,7744.0,217422.0,57163.0,63105.0,63850.0,63850.0,33304.0
1992-04-17 00:00:00,6464.0,221157.0,58201.0,63053.0,66821.0,66821.0,33082.0
1992-04-24 00:00:00,7376.0,221128.0,58071.0,64043.0,66939.0,66939.0,32075.0
1992-05-01 00:00:00,7899.0,218510.0,58612.0,62325.0,66102.0,66102.0,31471.0
1992-05-08 00:00:00,7318.0,218142.0,58587.0,60839.0,66386.0,66386.0,32330.0
1992-05-15 00:00:00,7174.0,219307.0,59031.0,60171.0,67441.0,67441.0,32664.0
1992-05-22 00:00:00,7086.0,220760.0,59151.0,60499.0,67012.0,67012.0,34098.0
1992-05-29 00:00:00,7774.0,217988.0,57979.0,59657.0,66053.0,66053.0,34299.0
1992-06-05 00:00:00,7104.0,221738.0,60877.0,61582.0,64970.0,64970.0,34309.0
1992-06-12 00:00:00,7129.0,225535.0,59846.0,63044.0,66813.0,66813.0,35832.0
1992-06-19 00:00:00,7407.0,227811.0,61414.0,62745.0,68090.0,68090.0,35562.0
1992-06-26 00:00:00,7701.0,228449.0,62348.0,63502.0,67903.0,67903.0,34696.0
1992-07-03 00:00:00,7572.0,227444.0,61861.0,62866.0,67189.0,67189.0,35528.0
1992-07-10 00:00:00,7813.0,226355.0,62812.0,63099.0,66012.0,66012.0,34432.0
1992-07-17 00:00:00,7422.0,225184.0,63092.0,61542.0,64518.0,64518.0,36032.0
1992-07-24 00:00:00,7792.0,222592.0,63309.0,60612.0,62673.0,62673.0,35998.0
1992-07-31 00:00:00,7433.0,221461.0,61456.0,62044.0,60717.0,60717.0,37244.0
1992-08-07 00:00:00,7796.0,217173.0,61009.0,60834.0,60040.0,60040.0,35290.0
1992-08-14 00:00:00,7700.0,213430.0,60448.0,59597.0,58232.0,58232.0,35153.0
1992-08-21 00:00:00,7365.0,210106.0,58139.0,61450.0,56002.0,56002.0,34515.0
1992-08-28 00:00:00,7814.0,206548.0,58857.0,59876.0,54217.0,54217.0,33598.0
1992-09-04 00:00:00,7326.0,202427.0,59041.0,56863.0,53422.0,53422.0,33101.0
1992-09-11 00:00:00,7473.0,204731.0,59687.0,58980.0,52930.0,52930.0,33134.0
1992-09-18 00:00:00,7181.0,206719.0,58044.0,59863.0,54664.0,54664.0,34148.0
1992-09-25 00:00:00,7286.0,207727.0,59729.0,58696.0,55287.0,55287.0,34015.0
1992-10-02 00:00:00,7293.0,209718.0,59565.0,60172.0,56065.0,56065.0,33916.0
1992-10-09 00:00:00,7514.0,207854.0,58312.0,58110.0,57463.0,57463.0,33969.0
1992-10-16 00:00:00,7204.0,208652.0,61028.0,56954.0,56044.0,56044.0,34626.0
1992-10-23 00:00:00,7276.0,208033.0,59397.0,56632.0,57075.0,57075.0,34929.0
1992-10-30 00:00:00,7509.0,204650.0,57886.0,56611.0,55396.0,55396.0,34757.0
1992-11-06 00:00:00,6923.0,209557.0,60567.0,58103.0,55649.0,55649.0,35238.0
1992-11-13 00:00:00,7056.0,209701.0,59832.0,59262.0,54723.0,54723.0,35884.0
1992-11-20 00:00:00,7240.0,210574.0,58192.0,59589.0,56891.0,56891.0,35902.0
1992-11-27 00:00:00,7138.0,212692.0,60065.0,59379.0,56971.0,56971.0,36277.0
1992-12-04 00:00:00,7432.0,212367.0,57752.0,59417.0,59658.0,59658.0,35540.0
1992-12-11 00:00:00,7354.0,213282.0,57181.0,58588.0,61376.0,61376.0,36137.0
1992-12-18 00:00:00,7400.0,213169.0,56819.0,58214.0,61092.0,61092.0,37044.0
1992-12-25 00:00:00,7596.0,212969.0,55840.0,59969.0,60024.0,60024.0,37136.0
1993-01-01 00:00:00,7358.0,216561.0,56512.0,62794.0,59870.0,59870.0,37385.0
1993-01-08 00:00:00,6852.0,221306.0,56820.0,65071.0,62547.0,62547.0,36868.0
1993-01-15 00:00:00,6726.0,226954.0,58933.0,66662.0,63411.0,63411.0,37948.0
1993-01-22 00:00:00,7131.0,229754.0,59045.0,67883.0,64989.0,64989.0,37837.0
1993-01-29 00:00:00,6603.0,236128.0,61169.0,66831.0,67213.0,67213.0,40915.0
1993-02-05 00:00:00,7322.0,234121.0,61788.0,65412.0,67701.0,67701.0,39220.0
1993-02-12 00:00:00,6779.0,236870.0,63327.0,67670.0,66979.0,66979.0,38894.0
1993-02-19 00:00:00,7325.0,239134.0,63739.0,68532.0,68152.0,68152.0,38711.0
1993-02-26 00:00:00,6961.0,239086.0,63597.0,66970.0,68448.0,68448.0,40071.0
1993-03-05 00:00:00,7188.0,237243.0,62145.0,67983.0,68555.0,68555.0,38560.0
1993-03-12 00:00:00,7100.0,236477.0,61340.0,68203.0,67548.0,67548.0,39386.0
1993-03-19 00:00:00,7239.0,232213.0,61290.0,67220.0,65481.0,65481.0,38222.0
1993-03-26 00:00:00,7194.0,229323.0,60375.0,64702.0,64983.0,64983.0,39263.0
1993-04-02 00:00:00,6964.0,228289.0,61471.0,64989.0,63958.0,63958.0,37871.0
1993-04-09 00:00:00,6797.0,227603.0,61043.0,65173.0,64316.0,64316.0,37071.0
1993-04-16 00:00:00,7561.0,225814.0,60547.0,65327.0,63460.0,63460.0,36480.0
1993-04-23 00:00:00,7392.0,224438.0,60001.0,64701.0,64075.0,64075.0,35661.0
1993-04-30 00:00:00,7470.0,221834.0,58715.0,63710.0,63235.0,63235.0,36174.0
1993-05-07 00:00:00,7657.0,221330.0,60550.0,61552.0,63585.0,63585.0,35643.0
1993-05-14 00:00:00,7649.0,218162.0,58744.0,63886.0,61319.0,61319.0,34213.0
1993-05-21 00:00:00,7295.0,218431.0,56094.0,61761.0,65629.0,65629.0,34947.0
1993-05-28 00:00:00,7364.0,229887.0,59437.0,64664.0,68463.0,68463.0,37323.0
1993-06-04 00:00:00,7018.0,226781.0,58998.0,64127.0,66887.0,66887.0,36769.0
1993-06-11 00:00:00,7740.0,224637.0,57798.0,62938.0,66459.0,66459.0,37442.0
1993-06-18 00:00:00,7392.0,224796.0,59364.0,61807.0,66479.0,66479.0,37146.0
1993-06-25 00:00:00,7804.0,222719.0,59946.0,61534.0,65348.0,65348.0,35891.0
1993-07-02 00:00:00,7868.0,220348.0,58586.0,63385.0,63228.0,63228.0,35149.0
1993-07-09 00:00:00,7578.0,220802.0,59243.0,62804.0,63241.0,63241.0,35514.0
1993-07-16 00:00:00,8113.0,216794.0,57480.0,61802.0,62728.0,62728.0,34784.0
1993-07-23 00:00:00,7916.0,214341.0,56431.0,63257.0,60618.0,60618.0,34035.0
1993-07-30 00:00:00,7336.0,214965.0,55130.0,62817.0,62785.0,62785.0,34233.0
1993-08-06 00:00:00,8033.0,209070.0,54658.0,61441.0,60856.0,60856.0,32115.0
1993-08-13 00:00:00,7581.0,207716.0,53092.0,63360.0,59358.0,59358.0,31906.0
1993-08-20 00:00:00,8187.0,202045.0,54110.0,57706.0,58154.0,58154.0,32075.0
1993-08-27 00:00:00,7629.0,201221.0,53528.0,58751.0,57817.0,57817.0,31125.0
1993-09-03 00:00:00,7386.0,202354.0,52777.0,60249.0,57756.0,57756.0,31572.0
1993-09-10 00:00:00,7889.0,201269.0,52323.0,60631.0,56938.0,56938.0,31377.0
1993-09-17 00:00:00,7478.0,204378.0,53424.0,61154.0,57733.0,57733.0,32067.0
1993-09-24 00:00:00,7485.0,208036.0,54981.0,63884.0,56983.0,56983.0,32188.0
1993-10-01 00:00:00,7387.0,208245.0,54513.0,61963.0,58887.0,58887.0,32882.0
1993-10-08 00:00:00,7276.0,209116.0,53367.0,64563.0,57072.0,57072.0,34114.0
1993-10-15 00:00:00,7613.0,208432.0,54563.0,63673.0,56388.0,56388.0,33808.0
1993-10-22 00:00:00,7704.0,207949.0,53383.0,63069.0,57099.0,57099.0,34398.0
1993-10-29 00:00:00,7788.0,209067.0,52508.0,63540.0,58620.0,58620.0,34399.0
1993-11-05 00:00:00,7640.0,208140.0,52951.0,62930.0,57744.0,57744.0,34515.0
1993-11-12 00:00:00,7552.0,210759.0,54124.0,62511.0,59546.0,59546.0,34578.0
1993-11-19 00:00:00,7992.0,213301.0,54573.0,64237.0,59854.0,59854.0,34637.0
1993-11-26 00:00:00,6845.0,217591.0,55550.0,64814.0,62495.0,62495.0,34732.0
1993-12-03 00:00:00,7430.0,222584.0,57687.0,64323.0,62765.0,62765.0,37809.0
1993-12-10 00:00:00,8074.0,222110.0,56877.0,64040.0,63509.0,63509.0,37684.0
1993-12-17 00:00:00,7684.0,223106.0,57373.0,61828.0,65667.0,65667.0,38238.0
1993-12-24 00:00:00,7411.0,224655.0,56441.0,64558.0,64979.0,64979.0,38677.0
1993-12-31 00:00:00,7567.0,225013.0,55721.0,64425.0,65574.0,65574.0,39293.0
1994-01-07 00:00:00,7124.0,228804.0,57464.0,65134.0,65729.0,65729.0,40477.0
1994-01-14 00:00:00,7124.0,230806.0,58617.0,64607.0,66703.0,66703.0,40879.0
1994-01-21 00:00:00,7157.0,230603.0,57984.0,64821.0,65174.0,65174.0,42624.0
1994-01-28 00:00:00,6321.0,234542.0,59825.0,65250.0,65594.0,65594.0,43873.0
1994-02-04 00:00:00,6953.0,233869.0,60399.0,64567.0,65010.0,65010.0,43893.0
1994-02-11 00:00:00,7487.0,230508.0,61266.0,62271.0,63282.0,63282.0,43689.0
1994-02-18 00:00:00,6993.0,229691.0,60451.0,61420.0,63437.0,63437.0,44383.0
1994-02-25 00:00:00,7372.0,229471.0,59832.0,62718.0,64076.0,64076.0,42845.0
1994-03-04 00:00:00,7286.0,226080.0,59055.0,60857.0,64264.0,64264.0,41904.0
1994-03-11 00:00:00,7214.0,224966.0,59098.0,59220.0,64749.0,64749.0,41899.0
1994-03-18 00:00:00,7521.0,221918.0,58167.0,57179.0,65131.0,65131.0,41441.0
1994-03-25 00:00:00,7481.0,216977.0,57687.0,55492.0,63490.0,63490.0,40308.0
1994-04-01 00:00:00,7398.0,213868.0,56368.0,57160.0,60414.0,60414.0,39926.0
1994-04-08 00:00:00,7187.0,211837.0,55854.0,56690.0,60937.0,60937.0,38356.0
1994-04-15 00:00:00,7720.0,210367.0,57096.0,56706.0,58696.0,58696.0,37869.0
1994-04-22 00:00:00,7042.0,215827.0,55732.0,59996.0,61956.0,61956.0,38143.0
1994-04-29 00:00:00,7892.0,215173.0,55749.0,60137.0,60605.0,60605.0,38682.0
1994-05-06 00:00:00,6824.0,220806.0,56885.0,61407.0,63925.0,63925.0,38589.0
1994-05-13 00:00:00,7552.0,221215.0,56699.0,62431.0,63574.0,63574.0,38511.0
1994-05-20 00:00:00,7938.0,217833.0,57435.0,59705.0,63442.0,63442.0,37251.0
1994-05-27 00:00:00,8028.0,214405.0,55914.0,58124.0,63154.0,63154.0,37213.0
1994-06-03 00:00:00,7461.0,216725.0,56906.0,58719.0,63542.0,63542.0,37558.0
1994-06-10 00:00:00,7770.0,216815.0,56594.0,58604.0,63994.0,63994.0,37623.0
1994-06-17 00:00:00,7650.0,215440.0,54492.0,59207.0,64495.0,64495.0,37246.0
1994-06-24 00:00:00,7909.0,214928.0,55219.0,58716.0,64179.0,64179.0,36814.0
1994-07-01 00:00:00,7930.0,213577.0,54626.0,57951.0,64486.0,64486.0,36514.0
1994-07-08 00:00:00,7562.0,213607.0,56242.0,58156.0,63063.0,63063.0,36146.0
1994-07-15 00:00:00,8006.0,210786.0,55227.0,59465.0,60885.0,60885.0,35209.0
1994-07-22 00:00:00,7523.0,210340.0,54814.0,61300.0,59182.0,59182.0,35044.0
1994-07-29 00:00:00,7581.0,208515.0,54499.0,59504.0,58532.0,58532.0,35980.0
1994-08-05 00:00:00,7638.0,208802.0,54758.0,59735.0,58130.0,58130.0,36179.0
1994-08-12 00:00:00,8187.0,204759.0,54007.0,60776.0,55634.0,55634.0,34342.0
1994-08-19 00:00:00,7836.0,204822.0,55913.0,57657.0,56791.0,56791.0,34461.0
1994-08-26 00:00:00,7750.0,206501.0,54775.0,61494.0,56841.0,56841.0,33391.0
1994-09-02 00:00:00,8061.0,203398.0,54247.0,61611.0,55227.0,55227.0,32313.0
1994-09-09 00:00:00,6955.0,207682.0,55608.0,63936.0,56160.0,56160.0,31978.0
1994-09-16 00:00:00,7601.0,207967.0,56911.0,62392.0,55442.0,55442.0,33222.0
1994-09-23 00:00:00,7763.0,207262.0,56746.0,62105.0,54833.0,54833.0,33578.0
1994-09-30 00:00:00,7733.0,208167.0,57332.0,62324.0,55509.0,55509.0,33002.0
1994-10-07 00:00:00,7515.0,208597.0,57667.0,62028.0,55820.0,55820.0,33082.0
1994-10-14 00:00:00,7562.0,206013.0,55402.0,61494.0,55159.0,55159.0,33958.0
1994-10-21 00:00:00,8143.0,202644.0,53804.0,62258.0,53329.0,53329.0,33253.0
1994-10-28 00:00:00,8204.0,197671.0,53046.0,63064.0,49003.0,49003.0,32558.0
1994-11-04 00:00:00,7432.0,200812.0,51826.0,65841.0,50008.0,50008.0,33137.0
1994-11-11 00:00:00,7377.0,202319.0,52117.0,64603.0,52106.0,52106.0,33493.0
1994-11-18 00:00:00,7929.0,206074.0,53643.0,65460.0,53572.0,53572.0,33399.0
1994-11-25 00:00:00,7431.0,208845.0,53700.0,64842.0,56244.0,56244.0,34059.0
1994-12-02 00:00:00,7593.0,214685.0,53603.0,65767.0,59403.0,59403.0,35912.0
1994-12-09 00:00:00,8229.0,212280.0,55503.0,61504.0,58523.0,58523.0,36750.0
1994-12-16 00:00:00,7933.0,212555.0,56323.0,62745.0,56501.0,56501.0,36986.0
1994-12-23 00:00:00,8278.0,210269.0,54944.0,60924.0,56529.0,56529.0,37872.0
1994-12-30 00:00:00,7718.0,210379.0,55852.0,60044.0,55814.0,55814.0,38669.0
1995-01-06 00:00:00,7134.0,213545.0,56256.0,59991.0,57570.0,57570.0,39728.0
1995-01-13 00:00:00,7534.0,215577.0,58268.0,60182.0,55678.0,55678.0,41449.0
1995-01-20 00:00:00,7260.0,217341.0,59002.0,59367.0,56887.0,56887.0,42085.0
1995-01-27 00:00:00,6976.0,220092.0,61584.0,58956.0,57352.0,57352.0,42200.0
1995-02-03 00:00:00,7267.0,222808.0,61673.0,62171.0,56063.0,56063.0,42901.0
1995-02-10 00:00:00,7132.0,224086.0,61394.0,64406.0,55560.0,55560.0,42726.0
1995-02-17 00:00:00,7398.0,225627.0,61789.0,64315.0,57133.0,57133.0,42390.0
1995-02-24 00:00:00,7670.0,224867.0,61695.0,64672.0,56430.0,56430.0,42070.0
1995-03-03 00:00:00,7194.0,226427.0,60671.0,66032.0,57773.0,57773.0,41951.0
1995-03-10 00:00:00,7548.0,225052.0,61414.0,63021.0,60635.0,60635.0,39982.0
1995-03-17 00:00:00,7834.0,221863.0,59963.0,64267.0,58439.0,58439.0,39194.0
1995-03-24 00:00:00,7797.0,219388.0,57942.0,63255.0,60201.0,60201.0,37990.0
1995-03-31 00:00:00,8195.0,212188.0,56988.0,60178.0,58151.0,58151.0,36871.0
1995-04-07 00:00:00,7588.0,211126.0,57616.0,59452.0,58364.0,58364.0,35694.0
1995-04-14 00:00:00,7543.0,209230.0,56989.0,60239.0,55976.0,55976.0,36026.0
1995-04-21 00:00:00,8156.0,207445.0,56452.0,59678.0,55876.0,55876.0,35439.0
1995-04-28 00:00:00,7731.0,208167.0,57919.0,57287.0,56255.0,56255.0,36706.0
1995-05-05 00:00:00,7539.0,208961.0,59174.0,56136.0,57019.0,57019.0,36632.0
1995-05-12 00:00:00,8052.0,209092.0,57784.0,58076.0,55462.0,55462.0,37770.0
1995-05-19 00:00:00,8183.0,207135.0,56623.0,56511.0,55653.0,55653.0,38348.0
1995-05-26 00:00:00,7797.0,209982.0,56100.0,58389.0,57725.0,57725.0,37768.0
1995-06-02 00:00:00,8460.0,208602.0,56931.0,57355.0,56076.0,56076.0,38240.0
1995-06-09 00:00:00,8055.0,207887.0,56181.0,58826.0,55398.0,55398.0,37482.0
1995-06-16 00:00:00,7971.0,210280.0,54551.0,61377.0,56830.0,56830.0,37522.0
1995-06-23 00:00:00,8489.0,208332.0,55674.0,60020.0,55702.0,55702.0,36936.0
1995-06-30 00:00:00,8238.0,207619.0,53765.0,61734.0,56232.0,56232.0,35888.0
1995-07-07 00:00:00,7996.0,207854.0,54547.0,61659.0,55882.0,55882.0,35766.0
1995-07-14 00:00:00,7866.0,208280.0,55690.0,60143.0,56001.0,56001.0,36446.0
1995-07-21 00:00:00,8483.0,207955.0,54413.0,61448.0,56373.0,56373.0,35721.0
1995-07-28 00:00:00,8213.0,207406.0,54380.0,59978.0,56218.0,56218.0,36830.0
1995-08-04 00:00:00,8402.0,204700.0,54000.0,58400.0,56200.0,56200.0,36100.0
1995-08-11 00:00:00,7628.0,203559.0,54084.0,58879.0,56790.0,56790.0,33806.0
1995-08-18 00:00:00,8411.0,199666.0,54015.0,58721.0,53226.0,53226.0,33704.0
1995-08-25 00:00:00,8206.0,196058.0,53917.0,57924.0,51979.0,51979.0,32238.0
1995-09-01 00:00:00,7825.0,197186.0,53845.0,59132.0,51666.0,51666.0,32543.0
1995-09-08 00:00:00,8078.0,196620.0,52502.0,59804.0,51755.0,51755.0,32559.0
1995-09-15 00:00:00,8249.0,194930.0,51809.0,59695.0,50421.0,50421.0,33005.0
1995-09-22 00:00:00,7821.0,196796.0,52569.0,60543.0,50727.0,50727.0,32957.0
1995-09-29 00:00:00,7257.0,202806.0,54272.0,61322.0,54590.0,54590.0,32622.0
1995-10-06 00:00:00,8106.0,201137.0,54672.0,59911.0,53681.0,53681.0,32873.0
1995-10-13 00:00:00,7879.0,198720.0,53464.0,58813.0,53818.0,53818.0,32625.0
1995-10-20 00:00:00,7712.0,199377.0,52946.0,59607.0,54496.0,54496.0,32328.0
1995-10-27 00:00:00,8103.0,197584.0,51790.0,58257.0,53990.0,53990.0,33547.0
1995-11-03 00:00:00,7449.0,195596.0,50757.0,58256.0,54291.0,54291.0,32292.0
1995-11-10 00:00:00,8477.0,190148.0,49282.0,56889.0,52174.0,52174.0,31803.0
1995-11-17 00:00:00,8021.0,192278.0,50224.0,56806.0,52367.0,52367.0,32881.0
1995-11-24 00:00:00,7840.0,193076.0,49087.0,59601.0,50978.0,50978.0,33410.0
1995-12-01 00:00:00,7439.0,196904.0,50776.0,59834.0,52731.0,52731.0,33563.0
1995-12-08 00:00:00,7949.0,196587.0,49425.0,60080.0,52693.0,52693.0,34389.0
1995-12-15 00:00:00,7489.0,198690.0,51132.0,60779.0,52983.0,52983.0,33796.0
1995-12-22 00:00:00,8115.0,197873.0,51011.0,61431.0,51457.0,51457.0,33974.0
1995-12-29 00:00:00,7035.0,203744.0,52522.0,61863.0,55769.0,55769.0,33590.0
1996-01-05 00:00:00,7958.0,203560.0,53043.0,61065.0,54970.0,54970.0,34482.0
1996-01-12 00:00:00,7513.0,205546.0,53619.0,58407.0,58547.0,58547.0,34973.0
1996-01-19 00:00:00,6949.0,210659.0,54303.0,59616.0,60333.0,60333.0,36407.0
1996-01-26 00:00:00,7393.0,211887.0,54933.0,60064.0,60022.0,60022.0,36868.0
1996-02-02 00:00:00,7513.0,214405.0,54985.0,60403.0,61848.0,61848.0,37169.0
1996-02-09 00:00:00,7520.0,213627.0,54579.0,61486.0,60718.0,60718.0,36844.0
1996-02-16 00:00:00,7868.0,212443.0,54778.0,60988.0,59298.0,59298.0,37379.0
1996-02-23 00:00:00,7826.0,210443.0,54838.0,60265.0,57909.0,57909.0,37431.0
1996-03-01 00:00:00,7338.0,213605.0,55418.0,61677.0,59075.0,59075.0,37435.0
1996-03-08 00:00:00,7877.0,209769.0,55377.0,58043.0,56785.0,56785.0,39564.0
1996-03-15 00:00:00,7757.0,209171.0,53864.0,59609.0,56266.0,56266.0,39432.0
1996-03-22 00:00:00,7900.0,205883.0,53895.0,57695.0,55826.0,55826.0,38467.0
1996-03-29 00:00:00,7568.0,203802.0,53191.0,57239.0,55832.0,55832.0,37540.0
1996-04-05 00:00:00,7280.0,201988.0,53418.0,57355.0,54797.0,54797.0,36418.0
1996-04-12 00:00:00,7804.0,201051.0,54019.0,57499.0,53918.0,53918.0,35615.0
1996-04-19 00:00:00,7433.0,203880.0,54685.0,59651.0,54281.0,54281.0,35263.0
1996-04-26 00:00:00,8079.0,204218.0,54769.0,59971.0,53455.0,53455.0,36023.0
1996-05-03 00:00:00,7592.0,204185.0,52118.0,61422.0,55468.0,55468.0,35177.0
1996-05-10 00:00:00,8267.0,202692.0,51898.0,59328.0,55995.0,55995.0,35471.0
1996-05-17 00:00:00,7512.0,204906.0,52771.0,57660.0,58096.0,58096.0,36379.0
1996-05-24 00:00:00,8080.0,205722.0,51090.0,59880.0,58891.0,58891.0,35861.0
1996-05-31 00:00:00,7836.0,206134.0,52260.0,58691.0,59669.0,59669.0,35514.0
1996-06-07 00:00:00,7946.0,205584.0,52297.0,58076.0,58893.0,58893.0,36318.0
1996-06-14 00:00:00,7957.0,205494.0,52552.0,57335.0,59970.0,59970.0,35637.0
1996-06-21 00:00:00,7956.0,206541.0,52465.0,58822.0,60000.0,60000.0,35254.0
1996-06-28 00:00:00,8563.0,202987.0,53692.0,56219.0,58029.0,58029.0,35047.0
1996-07-05 00:00:00,8015.0,201677.0,52302.0,58788.0,56263.0,56263.0,34324.0
1996-07-12 00:00:00,7968.0,200373.0,51785.0,57082.0,55742.0,55742.0,35764.0
1996-07-19 00:00:00,8152.0,198977.0,52601.0,55462.0,56075.0,56075.0,34839.0
1996-07-26 00:00:00,8067.0,197609.0,52606.0,55605.0,54170.0,54170.0,35228.0
1996-08-02 00:00:00,8279.0,196821.0,51713.0,55029.0,54184.0,54184.0,35895.0
1996-08-09 00:00:00,7722.0,198222.0,51785.0,56373.0,55030.0,55030.0,35034.0
1996-08-16 00:00:00,7818.0,198433.0,53186.0,56867.0,55030.0,55030.0,33350.0
1996-08-23 00:00:00,8364.0,196254.0,52869.0,56644.0,53833.0,53833.0,32908.0
1996-08-30 00:00:00,8369.0,192908.0,49646.0,57203.0,53306.0,53306.0,32753.0
1996-09-06 00:00:00,7843.0,191733.0,50139.0,56572.0,52280.0,52280.0,32742.0
1996-09-13 00:00:00,7537.0,192000.0,49631.0,58743.0,51288.0,51288.0,32338.0
1996-09-20 00:00:00,8000.0,193526.0,49689.0,57606.0,51919.0,51919.0,34312.0
1996-09-27 00:00:00,7619.0,197717.0,52566.0,57609.0,53197.0,53197.0,34345.0
1996-10-04 00:00:00,7935.0,197019.0,53149.0,54671.0,54056.0,54056.0,35143.0
1996-10-11 00:00:00,7637.0,194410.0,51473.0,55142.0,52266.0,52266.0,35529.0
1996-10-18 00:00:00,7958.0,190525.0,48369.0,54730.0,52257.0,52257.0,35169.0
1996-10-25 00:00:00,7991.0,189283.0,49452.0,54623.0,50318.0,50318.0,34890.0
1996-11-01 00:00:00,7682.0,191956.0,49555.0,54523.0,52598.0,52598.0,35280.0
1996-11-08 00:00:00,7804.0,190180.0,49555.0,53561.0,51154.0,51154.0,35910.0
1996-11-15 00:00:00,8073.0,188595.0,49772.0,54297.0,48945.0,48945.0,35581.0
1996-11-22 00:00:00,7883.0,187261.0,49167.0,53966.0,48764.0,48764.0,35364.0
1996-11-29 00:00:00,7370.0,190483.0,50333.0,54554.0,49895.0,49895.0,35701.0
1996-12-06 00:00:00,7706.0,194748.0,51686.0,54648.0,52117.0,52117.0,36297.0
1996-12-13 00:00:00,8355.0,191420.0,50946.0,52766.0,51258.0,51258.0,36450.0
1996-12-20 00:00:00,8051.0,191053.0,50562.0,55317.0,49511.0,49511.0,35663.0
1996-12-27 00:00:00,7740.0,192014.0,49821.0,57515.0,48728.0,48728.0,35950.0
1997-01-03 00:00:00,7122.0,198239.0,52408.0,56350.0,52680.0,52680.0,36801.0
1997-01-10 00:00:00,7440.0,199994.0,52288.0,55561.0,55010.0,55010.0,37135.0
1997-01-17 00:00:00,7408.0,201457.0,53292.0,57231.0,52802.0,52802.0,38132.0
1997-01-24 00:00:00,7265.0,203639.0,53512.0,58860.0,52758.0,52758.0,38509.0
1997-01-31 00:00:00,7125.0,206951.0,53567.0,59752.0,54633.0,54633.0,38999.0
1997-02-07 00:00:00,7013.0,210991.0,55260.0,59019.0,57300.0,57300.0,39412.0
1997-02-14 00:00:00,7530.0,209302.0,56099.0,56805.0,58796.0,58796.0,37602.0
1997-02-21 00:00:00,8011.0,205464.0,55671.0,56959.0,56292.0,56292.0,36542.0
1997-02-28 00:00:00,7779.0,203206.0,55981.0,55536.0,55134.0,55134.0,36555.0
1997-03-07 00:00:00,7417.0,203693.0,56893.0,55366.0,56364.0,56364.0,35070.0
1997-03-14 00:00:00,8125.0,199745.0,55870.0,55257.0,55711.0,55711.0,32907.0
1997-03-21 00:00:00,7729.0,198774.0,54762.0,55167.0,55464.0,55464.0,33381.0
1997-03-28 00:00:00,7492.0,196930.0,53688.0,55131.0,55152.0,55152.0,32959.0
1997-04-04 00:00:00,8115.0,195697.0,52978.0,54405.0,54879.0,54879.0,33435.0
1997-04-11 00:00:00,7791.0,195928.0,51925.0,54995.0,56017.0,56017.0,32991.0
1997-04-18 00:00:00,7914.0,195927.0,51558.0,57354.0,53844.0,53844.0,33171.0
1997-04-25 00:00:00,7922.0,196025.0,49739.0,58471.0,53257.0,53257.0,34558.0
1997-05-02 00:00:00,8224.0,193561.0,49278.0,57462.0,51894.0,51894.0,34927.0
1997-05-09 00:00:00,7765.0,198261.0,49524.0,58646.0,53861.0,53861.0,36230.0
1997-05-16 00:00:00,8253.0,198672.0,49777.0,57440.0,56087.0,56087.0,35368.0
1997-05-23 00:00:00,8088.0,199831.0,51324.0,55623.0,57458.0,57458.0,35426.0
1997-05-30 00:00:00,8154.0,200728.0,50657.0,56054.0,59002.0,59002.0,35015.0
1997-06-06 00:00:00,7590.0,203327.0,52165.0,55974.0,59468.0,59468.0,35720.0
1997-06-13 00:00:00,8009.0,205177.0,52265.0,55848.0,61065.0,61065.0,35999.0
1997-06-20 00:00:00,8557.0,205512.0,52530.0,56332.0,61043.0,61043.0,35607.0
1997-06-27 00:00:00,8234.0,204006.0,54431.0,56251.0,59428.0,59428.0,33896.0
1997-07-04 00:00:00,8489.0,203747.0,54505.0,55304.0,59611.0,59611.0,34327.0
1997-07-11 00:00:00,8606.0,199751.0,53884.0,54710.0,57136.0,57136.0,34021.0
1997-07-18 00:00:00,8595.0,197484.0,51716.0,56325.0,55258.0,55258.0,34185.0
1997-07-25 00:00:00,8600.0,193695.0,52183.0,55852.0,52972.0,52972.0,32688.0
1997-08-01 00:00:00,8290.0,190575.0,50944.0,54854.0,53233.0,53233.0,31544.0
1997-08-08 00:00:00,8253.0,189078.0,50332.0,54563.0,53154.0,53154.0,31029.0
1997-08-15 00:00:00,8539.0,186197.0,50392.0,53379.0,51834.0,51834.0,30592.0
1997-08-22 00:00:00,7922.0,187035.0,51549.0,53020.0,51691.0,51691.0,30775.0
1997-08-29 00:00:00,8695.0,185563.0,51455.0,52112.0,51172.0,51172.0,30824.0
1997-09-05 00:00:00,8053.0,187167.0,52104.0,52665.0,51669.0,51669.0,30729.0
1997-09-12 00:00:00,8215.0,189628.0,52291.0,54256.0,52288.0,52288.0,30793.0
1997-09-19 00:00:00,7746.0,194289.0,50921.0,57893.0,54311.0,54311.0,31164.0
1997-09-26 00:00:00,8140.0,195544.0,51959.0,58611.0,53671.0,53671.0,31303.0
1997-10-03 00:00:00,8379.0,197648.0,52540.0,60167.0,54079.0,54079.0,30862.0
1997-10-10 00:00:00,8221.0,196796.0,51502.0,60301.0,53482.0,53482.0,31511.0
1997-10-17 00:00:00,8315.0,196969.0,52192.0,59035.0,54701.0,54701.0,31041.0
1997-10-24 00:00:00,7741.0,197561.0,52718.0,58669.0,55449.0,55449.0,30725.0
1997-10-31 00:00:00,8355.0,197629.0,50152.0,59750.0,56083.0,56083.0,31644.0
1997-11-07 00:00:00,8025.0,196540.0,51511.0,59692.0,54369.0,54369.0,30968.0
1997-11-14 00:00:00,7793.0,197638.0,50985.0,59655.0,55260.0,55260.0,31738.0
1997-11-21 00:00:00,8043.0,196590.0,50354.0,59461.0,53899.0,53899.0,32876.0
1997-11-28 00:00:00,7578.0,199440.0,50782.0,57743.0,56200.0,56200.0,34715.0
1997-12-05 00:00:00,8437.0,198579.0,51517.0,57647.0,55232.0,55232.0,34183.0
1997-12-12 00:00:00,7955.0,201916.0,52743.0,59108.0,55346.0,55346.0,34719.0
1997-12-19 00:00:00,8151.0,201609.0,52548.0,59558.0,55327.0,55327.0,34176.0
1997-12-26 00:00:00,8201.0,204930.0,52991.0,60661.0,55318.0,55318.0,35960.0
1998-01-02 00:00:00,7832.0,210220.0,53364.0,62554.0,56812.0,56812.0,37490.0
1998-01-09 00:00:00,7673.0,216176.0,55093.0,64110.0,57217.0,57217.0,39756.0
1998-01-16 00:00:00,7779.0,217925.0,55832.0,63459.0,57382.0,57382.0,41252.0
1998-01-23 00:00:00,7940.0,217464.0,55197.0,63148.0,58902.0,58902.0,40217.0
1998-01-30 00:00:00,7670.0,217934.0,54614.0,62495.0,60506.0,60506.0,40319.0
1998-02-06 00:00:00,7673.0,220625.0,55639.0,63815.0,61379.0,61379.0,39792.0
1998-02-13 00:00:00,8201.0,218239.0,56331.0,61860.0,60830.0,60830.0,39218.0
1998-02-20 00:00:00,8005.0,218785.0,55042.0,62437.0,61364.0,61364.0,39942.0
1998-02-27 00:00:00,7662.0,219852.0,57271.0,63185.0,59591.0,59591.0,39805.0
1998-03-06 00:00:00,7744.0,218013.0,57489.0,63368.0,60380.0,60380.0,36776.0
1998-03-13 00:00:00,8103.0,214200.0,56596.0,64537.0,57314.0,57314.0,35753.0
1998-03-20 00:00:00,7753.0,215334.0,56053.0,66330.0,56160.0,56160.0,36791.0
1998-03-27 00:00:00,7996.0,214760.0,55336.0,64621.0,58674.0,58674.0,36129.0
1998-04-03 00:00:00,8992.0,210823.0,53267.0,64392.0,57531.0,57531.0,35633.0
1998-04-10 00:00:00,8031.0,210377.0,52406.0,64933.0,57179.0,57179.0,35859.0
1998-04-17 00:00:00,8303.0,211207.0,52947.0,66173.0,58212.0,58212.0,33875.0
1998-04-24 00:00:00,8118.0,212209.0,52791.0,65591.0,59570.0,59570.0,34257.0
1998-05-01 00:00:00,8190.0,212269.0,53858.0,62939.0,61011.0,61011.0,34461.0
1998-05-08 00:00:00,7503.0,216119.0,54645.0,64177.0,63021.0,63021.0,34276.0
1998-05-15 00:00:00,8524.0,213223.0,52198.0,64082.0,61579.0,61579.0,35364.0
1998-05-22 00:00:00,8337.0,215208.0,52505.0,62716.0,64790.0,64790.0,35197.0
1998-05-29 00:00:00,8205.0,218181.0,52778.0,63641.0,65105.0,65105.0,36657.0
1998-06-05 00:00:00,8312.0,219566.0,54029.0,63455.0,64802.0,64802.0,37280.0
1998-06-12 00:00:00,8103.0,220053.0,53787.0,64544.0,65201.0,65201.0,36521.0
1998-06-19 00:00:00,8160.0,222740.0,54209.0,65596.0,66327.0,66327.0,36608.0
1998-06-26 00:00:00,8644.0,222381.0,54926.0,65367.0,65172.0,65172.0,36916.0
1998-07-03 00:00:00,8755.0,218243.0,54550.0,62192.0,65572.0,65572.0,35929.0
1998-07-10 00:00:00,8234.0,221489.0,55256.0,64618.0,65414.0,65414.0,36201.0
1998-07-17 00:00:00,8749.0,218840.0,55041.0,63133.0,64803.0,64803.0,35863.0
1998-07-24 00:00:00,8125.0,219060.0,56954.0,63033.0,63960.0,63960.0,35113.0
1998-07-31 00:00:00,8997.0,215752.0,56165.0,63518.0,61957.0,61957.0,34112.0
1998-08-07 00:00:00,8317.0,212407.0,55692.0,62840.0,59924.0,59924.0,33951.0
1998-08-14 00:00:00,8981.0,210064.0,56900.0,60799.0,58626.0,58626.0,33739.0
1998-08-21 00:00:00,8288.0,208848.0,56942.0,59968.0,57979.0,57979.0,33959.0
1998-08-28 00:00:00,8607.0,209179.0,56946.0,61231.0,57223.0,57223.0,33779.0
1998-09-04 00:00:00,8713.0,207008.0,55512.0,60787.0,56554.0,56554.0,34155.0
1998-09-11 00:00:00,8722.0,205691.0,54438.0,60795.0,57082.0,57082.0,33376.0
1998-09-18 00:00:00,7873.0,208649.0,55700.0,61586.0,57188.0,57188.0,34175.0
1998-09-25 00:00:00,8359.0,207493.0,56305.0,62113.0,54823.0,54823.0,34252.0
1998-10-02 00:00:00,8058.0,207114.0,56677.0,59984.0,55698.0,55698.0,34755.0
1998-10-09 00:00:00,8797.0,199486.0,50940.0,57983.0,56128.0,56128.0,34435.0
1998-10-16 00:00:00,8049.0,201383.0,52603.0,59944.0,54575.0,54575.0,34261.0
1998-10-23 00:00:00,8099.0,199734.0,51247.0,61564.0,53109.0,53109.0,33814.0
1998-10-30 00:00:00,8360.0,200204.0,50345.0,62669.0,52941.0,52941.0,34249.0
1998-11-06 00:00:00,8195.0,201825.0,52214.0,61316.0,54089.0,54089.0,34206.0
1998-11-13 00:00:00,7711.0,206343.0,52629.0,62696.0,56326.0,56326.0,34692.0
1998-11-20 00:00:00,8381.0,205683.0,51189.0,62725.0,57429.0,57429.0,34340.0
1998-11-27 00:00:00,8313.0,205697.0,51142.0,60742.0,58541.0,58541.0,35272.0
1998-12-04 00:00:00,8162.0,208189.0,51961.0,60861.0,60611.0,60611.0,34756.0
1998-12-11 00:00:00,8314.0,210252.0,52896.0,59485.0,62869.0,62869.0,35002.0
1998-12-18 00:00:00,8588.0,208330.0,52687.0,59774.0,60955.0,60955.0,34914.0
1998-12-25 00:00:00,8153.0,209868.0,51911.0,62647.0,60171.0,60171.0,35139.0
1999-01-01 00:00:00,8519.0,210839.0,52317.0,63173.0,60780.0,60780.0,34569.0
1999-01-08 00:00:00,7385.0,217574.0,55194.0,63618.0,61888.0,61888.0,36874.0
1999-01-15 00:00:00,7810.0,221987.0,56006.0,64276.0,63580.0,63580.0,38125.0
1999-01-22 00:00:00,8186.0,220885.0,57245.0,63157.0,63031.0,63031.0,37452.0
1999-01-29 00:00:00,7866.0,223083.0,57537.0,64121.0,64487.0,64487.0,36938.0
1999-02-05 00:00:00,7532.0,228189.0,61281.0,63344.0,66285.0,66285.0,37279.0
1999-02-12 00:00:00,8756.0,226045.0,59530.0,63831.0,66524.0,66524.0,36160.0
1999-02-19 00:00:00,7948.0,229300.0,60000.0,66400.0,66900.0,66900.0,36000.0
1999-02-26 00:00:00,8316.0,227413.0,61096.0,66765.0,64790.0,64790.0,34762.0
1999-03-05 00:00:00,8273.0,226726.0,59114.0,66507.0,66522.0,66522.0,34583.0
1999-03-12 00:00:00,8451.0,222905.0,56758.0,66177.0,66227.0,66227.0,33743.0
1999-03-19 00:00:00,8367.0,219788.0,55711.0,64832.0,66317.0,66317.0,32928.0
1999-03-26 00:00:00,8337.0,214520.0,54946.0,62279.0,65780.0,65780.0,31515.0
1999-04-02 00:00:00,7959.0,214306.0,54466.0,63785.0,64198.0,64198.0,31857.0
1999-04-09 00:00:00,7878.0,217386.0,54939.0,63836.0,65827.0,65827.0,32784.0
1999-04-16 00:00:00,8066.0,216866.0,53728.0,64604.0,64575.0,64575.0,33959.0
1999-04-23 00:00:00,8923.0,214741.0,52571.0,63092.0,65747.0,65747.0,33331.0
1999-04-30 00:00:00,7825.0,218406.0,54750.0,64148.0,64355.0,64355.0,35153.0
1999-05-07 00:00:00,8059.0,222885.0,55212.0,65125.0,67913.0,67913.0,34635.0
1999-05-14 00:00:00,8761.0,221972.0,54025.0,64304.0,68533.0,68533.0,35110.0
1999-05-21 00:00:00,8275.0,221589.0,55221.0,64826.0,66167.0,66167.0,35375.0
1999-05-28 00:00:00,8401.0,223026.0,54986.0,65218.0,68109.0,68109.0,34713.0
1999-06-04 00:00:00,8193.0,226048.0,54488.0,64750.0,70708.0,70708.0,36102.0
1999-06-11 00:00:00,8827.0,221080.0,55905.0,61043.0,70024.0,70024.0,34108.0
1999-06-18 00:00:00,8522.0,220647.0,55836.0,61855.0,69656.0,69656.0,33300.0
1999-06-25 00:00:00,9045.0,217966.0,56632.0,61908.0,67435.0,67435.0,31991.0
1999-07-02 00:00:00,9076.0,214637.0,55800.0,61093.0,66490.0,66490.0,31254.0
1999-07-09 00:00:00,8679.0,211022.0,56693.0,60109.0,63796.0,63796.0,30424.0
1999-07-16 00:00:00,8622.0,208902.0,57270.0,58993.0,61312.0,61312.0,31327.0
1999-07-23 00:00:00,8639.0,205424.0,55083.0,60740.0,59080.0,59080.0,30521.0
1999-07-30 00:00:00,8537.0,204179.0,56576.0,59925.0,57679.0,57679.0,29999.0
1999-08-06 00:00:00,8644.0,201096.0,52681.0,60817.0,56530.0,56530.0,31068.0
1999-08-13 00:00:00,8519.0,202026.0,54686.0,60305.0,56038.0,56038.0,30997.0
1999-08-20 00:00:00,8415.0,202168.0,55357.0,58187.0,56104.0,56104.0,32520.0
1999-08-27 00:00:00,8810.0,200462.0,55431.0,56968.0,55699.0,55699.0,32364.0
1999-09-03 00:00:00,8778.0,198532.0,54033.0,56583.0,54275.0,54275.0,33641.0
1999-09-10 00:00:00,8593.0,200464.0,56117.0,57002.0,53596.0,53596.0,33749.0
1999-09-17 00:00:00,8504.0,201304.0,56962.0,56874.0,53253.0,53253.0,34215.0
1999-09-24 00:00:00,8865.0,199923.0,55236.0,58500.0,53355.0,53355.0,32832.0
1999-10-01 00:00:00,8557.0,201114.0,56245.0,59170.0,53350.0,53350.0,32349.0
1999-10-08 00:00:00,8433.0,203234.0,56191.0,59312.0,54239.0,54239.0,33492.0
1999-10-15 00:00:00,8406.0,202656.0,54438.0,60090.0,55645.0,55645.0,32483.0
1999-10-22 00:00:00,8521.0,199785.0,53563.0,56678.0,57156.0,57156.0,32388.0
1999-10-29 00:00:00,8532.0,197816.0,51652.0,58311.0,56266.0,56266.0,31587.0
1999-11-05 00:00:00,8333.0,195514.0,49306.0,57897.0,55975.0,55975.0,32336.0
1999-11-12 00:00:00,8416.0,191450.0,49342.0,56409.0,53930.0,53930.0,31769.0
1999-11-19 00:00:00,8404.0,190202.0,49593.0,55259.0,53806.0,53806.0,31544.0
1999-11-26 00:00:00,8416.0,191068.0,49423.0,55227.0,52679.0,52679.0,33739.0
1999-12-03 00:00:00,7670.0,196648.0,52041.0,56123.0,54943.0,54943.0,33541.0
1999-12-10 00:00:00,8557.0,195581.0,51328.0,56507.0,52815.0,52815.0,34931.0
1999-12-17 00:00:00,8638.0,194295.0,50921.0,55337.0,53097.0,53097.0,34940.0
1999-12-24 00:00:00,8590.0,192797.0,50081.0,57148.0,51659.0,51659.0,33909.0
1999-12-31 00:00:00,8851.0,191997.0,49517.0,57019.0,51309.0,51309.0,34152.0
2000-01-07 00:00:00,7907.0,194173.0,49411.0,56650.0,52955.0,52955.0,35157.0
2000-01-14 00:00:00,7543.0,198240.0,49992.0,56237.0,56099.0,56099.0,35912.0
2000-01-21 00:00:00,7919.0,200815.0,50743.0,57225.0,56457.0,56457.0,36390.0
2000-01-28 00:00:00,8385.0,201447.0,50843.0,56800.0,57506.0,57506.0,36298.0
2000-02-04 00:00:00,7642.0,200937.0,51824.0,55762.0,57275.0,57275.0,36076.0
2000-02-11 00:00:00,8375.0,199593.0,53413.0,56654.0,54908.0,54908.0,34618.0
2000-02-18 00:00:00,8524.0,196688.0,54268.0,55379.0,52257.0,52257.0,34784.0
2000-02-25 00:00:00,8072.0,196523.0,54986.0,55735.0,51864.0,51864.0,33938.0
2000-03-03 00:00:00,7608.0,200970.0,56652.0,55946.0,53589.0,53589.0,34783.0
2000-03-10 00:00:00,8662.0,198819.0,55755.0,56497.0,52693.0,52693.0,33874.0
2000-03-17 00:00:00,8201.0,199255.0,53529.0,57589.0,54903.0,54903.0,33234.0
2000-03-24 00:00:00,8384.0,201120.0,53074.0,56548.0,56685.0,56685.0,34813.0
2000-03-31 00:00:00,7896.0,203808.0,51826.0,57678.0,57654.0,57654.0,36650.0
2000-04-07 00:00:00,8655.0,203566.0,49798.0,59260.0,57222.0,57222.0,37286.0
2000-04-14 00:00:00,8557.0,202022.0,49637.0,57440.0,57337.0,57337.0,37608.0
2000-04-21 00:00:00,8616.0,200684.0,47865.0,58384.0,57137.0,57137.0,37298.0
2000-04-28 00:00:00,8302.0,202506.0,47296.0,58851.0,59159.0,59159.0,37200.0
2000-05-05 00:00:00,8679.0,200770.0,47087.0,59168.0,57064.0,57064.0,37451.0
2000-05-12 00:00:00,8242.0,202479.0,47051.0,60793.0,58299.0,58299.0,36336.0
2000-05-19 00:00:00,8408.0,203561.0,47700.0,60914.0,57808.0,57808.0,37139.0
2000-05-26 00:00:00,9075.0,201075.0,45713.0,61573.0,56791.0,56791.0,36998.0
2000-06-02 00:00:00,8863.0,201348.0,46789.0,60237.0,57779.0,57779.0,36543.0
2000-06-09 00:00:00,8403.0,202699.0,48220.0,61131.0,57404.0,57404.0,35944.0
2000-06-16 00:00:00,8895.0,202768.0,48891.0,60632.0,57856.0,57856.0,35389.0
2000-06-23 00:00:00,8475.0,204280.0,51552.0,61942.0,56430.0,56430.0,34356.0
2000-06-30 00:00:00,8620.0,204522.0,53843.0,60805.0,56531.0,56531.0,33343.0
2000-07-07 00:00:00,8519.0,205147.0,55313.0,59934.0,56755.0,56755.0,33145.0
2000-07-14 00:00:00,8844.0,205638.0,55848.0,59925.0,55561.0,55561.0,34304.0
2000-07-21 00:00:00,8361.0,206907.0,58224.0,57550.0,56530.0,56530.0,34603.0
2000-07-28 00:00:00,8614.0,206253.0,56889.0,60144.0,55009.0,55009.0,34211.0
2000-08-04 00:00:00,8759.0,204582.0,55133.0,59728.0,54695.0,54695.0,35026.0
2000-08-11 00:00:00,8813.0,202442.0,54035.0,61261.0,53345.0,53345.0,33801.0
2000-08-18 00:00:00,8786.0,201200.0,54319.0,61650.0,51617.0,51617.0,33614.0
2000-08-25 00:00:00,8960.0,196372.0,52027.0,60197.0,50976.0,50976.0,33172.0
2000-09-01 00:00:00,8644.0,195498.0,49719.0,61270.0,51332.0,51332.0,33177.0
2000-09-08 00:00:00,8573.0,191795.0,50447.0,59830.0,48795.0,48795.0,32723.0
2000-09-15 00:00:00,8814.0,187566.0,48507.0,57823.0,48563.0,48563.0,32673.0
2000-09-22 00:00:00,8153.0,190559.0,48288.0,60396.0,48753.0,48753.0,33122.0
2000-09-29 00:00:00,7819.0,195621.0,50002.0,59927.0,52386.0,52386.0,33306.0
2000-10-06 00:00:00,8340.0,195840.0,48343.0,60648.0,52144.0,52144.0,34705.0
2000-10-13 00:00:00,8663.0,193261.0,46833.0,62002.0,50571.0,50571.0,33855.0
2000-10-20 00:00:00,8604.0,192240.0,47505.0,61128.0,48731.0,48731.0,34876.0
2000-10-27 00:00:00,8942.0,188097.0,47053.0,59773.0,46508.0,46508.0,34763.0
2000-11-03 00:00:00,8780.0,186147.0,46983.0,59194.0,45514.0,45514.0,34456.0
2000-11-10 00:00:00,8216.0,189003.0,46515.0,60989.0,47156.0,47156.0,34343.0
2000-11-17 00:00:00,8419.0,188941.0,47028.0,60120.0,46920.0,46920.0,34873.0
2000-11-24 00:00:00,8063.0,191190.0,45746.0,61641.0,48752.0,48752.0,35051.0
2000-12-01 00:00:00,8233.0,195234.0,48102.0,61229.0,50242.0,50242.0,35661.0
2000-12-08 00:00:00,8711.0,196568.0,47706.0,60298.0,53708.0,53708.0,34856.0
2000-12-15 00:00:00,8475.0,198983.0,48646.0,58517.0,55844.0,55844.0,35976.0
2000-12-22 00:00:00,8400.0,196401.0,46446.0,57194.0,56503.0,56503.0,36258.0
2000-12-29 00:00:00,8693.0,193771.0,47734.0,56118.0,53366.0,53366.0,36553.0
2001-01-05 00:00:00,7825.0,195663.0,48478.0,55967.0,54269.0,54269.0,36949.0
2001-01-12 00:00:00,8225.0,198713.0,48525.0,58076.0,54195.0,54195.0,37917.0
2001-01-19 00:00:00,7894.0,200703.0,48842.0,58856.0,54934.0,54934.0,38071.0
2001-01-26 00:00:00,7338.0,205882.0,50852.0,60253.0,56036.0,56036.0,38741.0
2001-02-02 00:00:00,8589.0,203783.0,51107.0,58874.0,56109.0,56109.0,37693.0
2001-02-09 00:00:00,8032.0,202920.0,51315.0,59144.0,54964.0,54964.0,37497.0
2001-02-16 00:00:00,7850.0,204595.0,53121.0,59264.0,55119.0,55119.0,37091.0
2001-02-23 00:00:00,8187.0,204546.0,52742.0,58856.0,56154.0,56154.0,36794.0
2001-03-02 00:00:00,8489.0,203021.0,50450.0,58190.0,57024.0,57024.0,37357.0
2001-03-09 00:00:00,8425.0,201582.0,48708.0,60523.0,55983.0,55983.0,36368.0
2001-03-16 00:00:00,8484.0,198193.0,47636.0,60294.0,53275.0,53275.0,36988.0
2001-03-23 00:00:00,8475.0,196272.0,48047.0,58114.0,53823.0,53823.0,36288.0
2001-03-30 00:00:00,8507.0,193035.0,46042.0,58357.0,52573.0,52573.0,36063.0
2001-04-06 00:00:00,8306.0,193855.0,47121.0,59195.0,51447.0,51447.0,36092.0
2001-04-13 00:00:00,8438.0,192831.0,45033.0,59352.0,51931.0,51931.0,36515.0
2001-04-20 00:00:00,8708.0,193913.0,46378.0,59059.0,52781.0,52781.0,35695.0
2001-04-27 00:00:00,8404.0,198975.0,48018.0,61932.0,52457.0,52457.0,36568.0
2001-05-04 00:00:00,8665.0,200025.0,47806.0,63363.0,52923.0,52923.0,35933.0
2001-05-11 00:00:00,8275.0,204069.0,47884.0,63654.0,54608.0,54608.0,37923.0
2001-05-18 00:00:00,8917.0,203706.0,48284.0,63351.0,53775.0,53775.0,38296.0
2001-05-25 00:00:00,8270.0,208032.0,49567.0,64711.0,54769.0,54769.0,38985.0
2001-06-01 00:00:00,8809.0,210265.0,51051.0,63833.0,56344.0,56344.0,39037.0
2001-06-08 00:00:00,8428.0,216010.0,52181.0,65772.0,58603.0,58603.0,39454.0
2001-06-15 00:00:00,8393.0,219666.0,52223.0,66335.0,61495.0,61495.0,39613.0
2001-06-22 00:00:00,8921.0,220745.0,52709.0,66153.0,62795.0,62795.0,39088.0
2001-06-29 00:00:00,9036.0,221633.0,52985.0,67290.0,60735.0,60735.0,40623.0
2001-07-06 00:00:00,8622.0,221549.0,51185.0,67420.0,61975.0,61975.0,40969.0
2001-07-13 00:00:00,9095.0,217832.0,49355.0,63732.0,63280.0,63280.0,41465.0
2001-07-20 00:00:00,9176.0,214521.0,50474.0,61474.0,62212.0,62212.0,40361.0
2001-07-27 00:00:00,9007.0,211313.0,50355.0,59736.0,61212.0,61212.0,40010.0
2001-08-03 00:00:00,8959.0,207789.0,48954.0,58676.0,60789.0,60789.0,39370.0
2001-08-10 00:00:00,8671.0,204627.0,49504.0,56852.0,60308.0,60308.0,37963.0
2001-08-17 00:00:00,9035.0,202069.0,49343.0,59305.0,56795.0,56795.0,36626.0
2001-08-24 00:00:00,8943.0,195874.0,48282.0,57741.0,54886.0,54886.0,34965.0
2001-08-31 00:00:00,8612.0,194690.0,48776.0,56786.0,54013.0,54013.0,35115.0
2001-09-07 00:00:00,8529.0,195380.0,49936.0,57544.0,53724.0,53724.0,34176.0
2001-09-14 00:00:00,8969.0,192331.0,47994.0,60583.0,49835.0,49835.0,33919.0
2001-09-21 00:00:00,7834.0,200823.0,51667.0,63278.0,51753.0,51753.0,34125.0
2001-09-28 00:00:00,8514.0,203912.0,52636.0,62524.0,53959.0,53959.0,34793.0
2001-10-05 00:00:00,8500.0,206117.0,52690.0,62482.0,55475.0,55475.0,35470.0
2001-10-12 00:00:00,8766.0,208339.0,53460.0,65113.0,52755.0,52755.0,37011.0
2001-10-19 00:00:00,8619.0,208908.0,54427.0,63174.0,53692.0,53692.0,37615.0
2001-10-26 00:00:00,8702.0,208308.0,53227.0,63796.0,53730.0,53730.0,37555.0
2001-11-02 00:00:00,8797.0,206944.0,52372.0,61554.0,55545.0,55545.0,37473.0
2001-11-09 00:00:00,8771.0,205335.0,50701.0,62175.0,54031.0,54031.0,38428.0
2001-11-16 00:00:00,8612.0,206682.0,50151.0,63842.0,54117.0,54117.0,38572.0
2001-11-23 00:00:00,8868.0,207701.0,51074.0,63145.0,54248.0,54248.0,39234.0
2001-11-30 00:00:00,8517.0,212099.0,51401.0,63506.0,56079.0,56079.0,41113.0
2001-12-07 00:00:00,8327.0,211201.0,49134.0,63748.0,56329.0,56329.0,41990.0
2001-12-14 00:00:00,8622.0,210320.0,49293.0,63698.0,56994.0,56994.0,40335.0
2001-12-21 00:00:00,8888.0,207036.0,49936.0,61537.0,55911.0,55911.0,39652.0
2001-12-28 00:00:00,8860.0,207914.0,50903.0,61414.0,55614.0,55614.0,39983.0
2002-01-04 00:00:00,8288.0,207726.0,50072.0,59002.0,58180.0,58180.0,40472.0
2002-01-11 00:00:00,8359.0,210500.0,52378.0,60272.0,57673.0,57673.0,40177.0
2002-01-18 00:00:00,8049.0,214055.0,53238.0,61620.0,58995.0,58995.0,40202.0
2002-01-25 00:00:00,8184.0,216656.0,53361.0,63590.0,59960.0,59960.0,39745.0
2002-02-01 00:00:00,8223.0,216355.0,53694.0,62813.0,60501.0,60501.0,39347.0
2002-02-08 00:00:00,8117.0,217358.0,55129.0,64240.0,58057.0,58057.0,39932.0
2002-02-15 00:00:00,8428.0,216883.0,54745.0,63714.0,58592.0,58592.0,39832.0
2002-02-22 00:00:00,8729.0,215753.0,56151.0,64069.0,57142.0,57142.0,38391.0
2002-03-01 00:00:00,8782.0,212674.0,54289.0,63568.0,56084.0,56084.0,38733.0
2002-03-08 00:00:00,8277.0,211544.0,53597.0,64940.0,56052.0,56052.0,36955.0
2002-03-15 00:00:00,8713.0,209080.0,52446.0,63564.0,57245.0,57245.0,35825.0
2002-03-22 00:00:00,8621.0,207157.0,50274.0,63402.0,56119.0,56119.0,37362.0
2002-03-29 00:00:00,8386.0,211521.0,51222.0,64565.0,57613.0,57613.0,38121.0
2002-04-05 00:00:00,8865.0,212602.0,52137.0,62470.0,59563.0,59563.0,38432.0
2002-04-12 00:00:00,8840.0,211127.0,52466.0,62915.0,57006.0,57006.0,38740.0
2002-04-19 00:00:00,8684.0,210555.0,52329.0,61250.0,58994.0,58994.0,37982.0
2002-04-26 00:00:00,8699.0,211946.0,52805.0,61593.0,58727.0,58727.0,38821.0
2002-05-03 00:00:00,8521.0,214108.0,52560.0,61087.0,61162.0,61162.0,39299.0
2002-05-10 00:00:00,8548.0,217207.0,51638.0,63009.0,62728.0,62728.0,39832.0
2002-05-17 00:00:00,9190.0,216094.0,52472.0,62558.0,61675.0,61675.0,39389.0
2002-05-24 00:00:00,8685.0,218100.0,52788.0,63363.0,63231.0,63231.0,38718.0
2002-05-31 00:00:00,8778.0,215916.0,52032.0,64160.0,62963.0,62963.0,36761.0
2002-06-07 00:00:00,9004.0,214362.0,51726.0,64295.0,61299.0,61299.0,37042.0
2002-06-14 00:00:00,8771.0,215229.0,52582.0,63393.0,62867.0,62867.0,36387.0
2002-06-21 00:00:00,8752.0,216405.0,52901.0,62898.0,63928.0,63928.0,36678.0
2002-06-28 00:00:00,9172.0,216434.0,52325.0,63870.0,63976.0,63976.0,36263.0
2002-07-05 00:00:00,9004.0,214720.0,53382.0,62585.0,62181.0,62181.0,36572.0
2002-07-12 00:00:00,8985.0,213232.0,52584.0,63312.0,60006.0,60006.0,37330.0
2002-07-19 00:00:00,9056.0,212591.0,52893.0,62725.0,59629.0,59629.0,37344.0
2002-07-26 00:00:00,9093.0,211591.0,53887.0,62048.0,59292.0,59292.0,36364.0
2002-08-02 00:00:00,9297.0,212470.0,53996.0,63823.0,57986.0,57986.0,36665.0
2002-08-09 00:00:00,9270.0,207965.0,51868.0,63286.0,56152.0,56152.0,36659.0
2002-08-16 00:00:00,8939.0,208743.0,52105.0,63266.0,57354.0,57354.0,36018.0
2002-08-23 00:00:00,9173.0,206761.0,51384.0,62564.0,56003.0,56003.0,36810.0
2002-08-30 00:00:00,9135.0,205330.0,49741.0,62810.0,56070.0,56070.0,36709.0
2002-09-06 00:00:00,8844.0,205598.0,50202.0,61487.0,56422.0,56422.0,37487.0
2002-09-13 00:00:00,8899.0,204987.0,51180.0,61797.0,54850.0,54850.0,37160.0
2002-09-20 00:00:00,8625.0,207222.0,51266.0,62088.0,56183.0,56183.0,37685.0
2002-09-27 00:00:00,8582.0,208421.0,52682.0,62214.0,55903.0,55903.0,37622.0
2002-10-04 00:00:00,8895.0,205280.0,50766.0,62061.0,53805.0,53805.0,38648.0
2002-10-11 00:00:00,9090.0,198979.0,49390.0,59735.0,51606.0,51606.0,38248.0
2002-10-18 00:00:00,8653.0,195357.0,49083.0,59054.0,50214.0,50214.0,37006.0
2002-10-25 00:00:00,9022.0,194311.0,48581.0,60022.0,50346.0,50346.0,35362.0
2002-11-01 00:00:00,9324.0,192146.0,49453.0,60279.0,48433.0,48433.0,33981.0
2002-11-08 00:00:00,8759.0,194044.0,49743.0,60259.0,49932.0,49932.0,34110.0
2002-11-15 00:00:00,8540.0,193499.0,49603.0,60186.0,48402.0,48402.0,35308.0
2002-11-22 00:00:00,8667.0,197419.0,51036.0,60770.0,49189.0,49189.0,36424.0
2002-11-29 00:00:00,9060.0,199962.0,50116.0,62680.0,50580.0,50580.0,36586.0
2002-12-06 00:00:00,8616.0,203240.0,49657.0,64421.0,51451.0,51451.0,37711.0
2002-12-13 00:00:00,8854.0,203149.0,48518.0,64069.0,52688.0,52688.0,37874.0
2002-12-20 00:00:00,9063.0,205370.0,48480.0,64631.0,52718.0,52718.0,39541.0
2002-12-27 00:00:00,8989.0,204956.0,48846.0,62690.0,53340.0,53340.0,40080.0
2003-01-03 00:00:00,8411.0,209828.0,49168.0,64057.0,55744.0,55744.0,40859.0
2003-01-10 00:00:00,8335.0,215582.0,51437.0,64836.0,59460.0,59460.0,39849.0
2003-01-17 00:00:00,8645.0,216270.0,52472.0,64898.0,58908.0,58908.0,39992.0
2003-01-24 00:00:00,8793.0,212980.0,52557.0,61797.0,59316.0,59316.0,39310.0
2003-01-31 00:00:00,8551.0,209613.0,50698.0,60673.0,58678.0,58678.0,39564.0
2003-02-07 00:00:00,8106.0,212649.0,51588.0,61158.0,59664.0,59664.0,40239.0
2003-02-14 00:00:00,8454.0,211206.0,50579.0,63290.0,58967.0,58967.0,38370.0
2003-02-21 00:00:00,8619.0,208095.0,51049.0,61829.0,57503.0,57503.0,37714.0
2003-02-28 00:00:00,8421.0,206086.0,50065.0,62911.0,55573.0,55573.0,37537.0
2003-03-07 00:00:00,9020.0,202008.0,50909.0,60789.0,53268.0,53268.0,37042.0
2003-03-14 00:00:00,8596.0,201083.0,50116.0,61197.0,51215.0,51215.0,38555.0
2003-03-21 00:00:00,8666.0,198977.0,49438.0,61372.0,50225.0,50225.0,37942.0
2003-03-28 00:00:00,8284.0,200721.0,48890.0,61473.0,52055.0,52055.0,38303.0
2003-04-04 00:00:00,8458.0,202182.0,50092.0,59437.0,54187.0,54187.0,38466.0
2003-04-11 00:00:00,8640.0,201947.0,48981.0,59413.0,53255.0,53255.0,40298.0
2003-04-18 00:00:00,8737.0,201174.0,47888.0,59585.0,53169.0,53169.0,40532.0
2003-04-25 00:00:00,8358.0,205592.0,48545.0,60613.0,55653.0,55653.0,40781.0
2003-05-02 00:00:00,8834.0,207794.0,48341.0,60630.0,56666.0,56666.0,42157.0
2003-05-09 00:00:00,8894.0,208644.0,48362.0,63071.0,57752.0,57752.0,39459.0
2003-05-16 00:00:00,8992.0,208377.0,49569.0,62226.0,58325.0,58325.0,38257.0
2003-05-23 00:00:00,9299.0,205034.0,49627.0,61671.0,56099.0,56099.0,37637.0
2003-05-30 00:00:00,8516.0,207281.0,50575.0,62847.0,56649.0,56649.0,37210.0
2003-06-06 00:00:00,8529.0,209853.0,52114.0,63894.0,58733.0,58733.0,35112.0
2003-06-13 00:00:00,8880.0,209124.0,52343.0,62372.0,59860.0,59860.0,34549.0
2003-06-20 00:00:00,8833.0,208204.0,51684.0,61940.0,60306.0,60306.0,34274.0
2003-06-27 00:00:00,9476.0,204960.0,52201.0,60094.0,57878.0,57878.0,34787.0
2003-07-04 00:00:00,9050.0,205486.0,52187.0,60781.0,57515.0,57515.0,35003.0
2003-07-11 00:00:00,8763.0,209422.0,52193.0,60203.0,60280.0,60280.0,36746.0
2003-07-18 00:00:00,9177.0,207820.0,51795.0,60953.0,59124.0,59124.0,35948.0
2003-07-25 00:00:00,9563.0,204496.0,53258.0,59191.0,56035.0,56035.0,36012.0
2003-08-01 00:00:00,9303.0,201784.0,51954.0,59996.0,56026.0,56026.0,33808.0
2003-08-08 00:00:00,9381.0,198147.0,50015.0,61442.0,52814.0,52814.0,33876.0
2003-08-15 00:00:00,9325.0,196850.0,51048.0,61334.0,51745.0,51745.0,32723.0
2003-08-22 00:00:00,9668.0,191179.0,50284.0,59064.0,49475.0,49475.0,32356.0
2003-08-29 00:00:00,9337.0,191898.0,49619.0,59759.0,49496.0,49496.0,33024.0
2003-09-05 00:00:00,8886.0,192579.0,50860.0,57792.0,50560.0,50560.0,33367.0
2003-09-12 00:00:00,8974.0,195322.0,50308.0,59195.0,51167.0,51167.0,34652.0
2003-09-19 00:00:00,9166.0,196822.0,50963.0,59779.0,50619.0,50619.0,35461.0
2003-09-26 00:00:00,8690.0,199174.0,51545.0,61561.0,50847.0,50847.0,35221.0
2003-10-03 00:00:00,9190.0,197986.0,49255.0,61163.0,52007.0,52007.0,35561.0
2003-10-10 00:00:00,9156.0,194579.0,47959.0,61445.0,49568.0,49568.0,35607.0
2003-10-17 00:00:00,8754.0,195986.0,48140.0,62969.0,50854.0,50854.0,34023.0
2003-10-24 00:00:00,9413.0,193809.0,48249.0,61938.0,49614.0,49614.0,34008.0
2003-10-31 00:00:00,9316.0,191334.0,47872.0,61369.0,49387.0,49387.0,32706.0
2003-11-07 00:00:00,8995.0,192267.0,49707.0,61786.0,48349.0,48349.0,32425.0
2003-11-14 00:00:00,9232.0,192194.0,49300.0,61637.0,47784.0,47784.0,33473.0
2003-11-21 00:00:00,8725.0,193653.0,49676.0,62650.0,47655.0,47655.0,33672.0
2003-11-28 00:00:00,8979.0,197110.0,51962.0,60622.0,50020.0,50020.0,34506.0
2003-12-05 00:00:00,8776.0,200472.0,52278.0,61283.0,51441.0,51441.0,35470.0
2003-12-12 00:00:00,8930.0,202377.0,52261.0,61555.0,52532.0,52532.0,36029.0
2003-12-19 00:00:00,9166.0,202987.0,51363.0,61374.0,54840.0,54840.0,35410.0
2003-12-26 00:00:00,8726.0,203619.0,52103.0,60338.0,54597.0,54597.0,36581.0
2004-01-02 00:00:00,8686.0,206308.0,54617.0,58478.0,55067.0,55067.0,38146.0
2004-01-09 00:00:00,8411.0,208416.0,52890.0,61140.0,54187.0,54187.0,40199.0
2004-01-16 00:00:00,8426.0,209484.0,54578.0,61015.0,53660.0,53660.0,40231.0
2004-01-23 00:00:00,8543.0,206040.0,55018.0,60309.0,51062.0,51062.0,39651.0
2004-01-30 00:00:00,8514.0,205593.0,53501.0,60739.0,52157.0,52157.0,39196.0
2004-02-06 00:00:00,8627.0,204417.0,53840.0,60443.0,52189.0,52189.0,37945.0
2004-02-13 00:00:00,8727.0,205023.0,54751.0,62639.0,50631.0,50631.0,37002.0
2004-02-20 00:00:00,8796.0,203378.0,54742.0,63012.0,49275.0,49275.0,36349.0
2004-02-27 00:00:00,8970.0,202014.0,55510.0,63472.0,48234.0,48234.0,34798.0
2004-03-05 00:00:00,8968.0,200420.0,55424.0,61499.0,48658.0,48658.0,34839.0
2004-03-12 00:00:00,9044.0,199626.0,55109.0,60139.0,49027.0,49027.0,35351.0
2004-03-19 00:00:00,8818.0,199523.0,53274.0,60328.0,51065.0,51065.0,34856.0
2004-03-26 00:00:00,8731.0,200885.0,53021.0,59956.0,54435.0,54435.0,33473.0
2004-04-02 00:00:00,9249.0,200057.0,52504.0,58312.0,54884.0,54884.0,34357.0
2004-04-09 00:00:00,9338.0,197451.0,51365.0,57335.0,53549.0,53549.0,35202.0
2004-04-16 00:00:00,8973.0,199083.0,47624.0,61688.0,54656.0,54656.0,35115.0
2004-04-23 00:00:00,9255.0,199958.0,50031.0,60102.0,55903.0,55903.0,33922.0
2004-04-30 00:00:00,8926.0,203996.0,49927.0,63331.0,55084.0,55084.0,35654.0
2004-05-07 00:00:00,9373.0,202450.0,51942.0,62208.0,55326.0,55326.0,32974.0
2004-05-14 00:00:00,9119.0,203674.0,50733.0,62941.0,55978.0,55978.0,34022.0
2004-05-21 00:00:00,9154.0,203017.0,50296.0,63545.0,54517.0,54517.0,34659.0
2004-05-28 00:00:00,9259.0,204279.0,52733.0,63388.0,54378.0,54378.0,33780.0
2004-06-04 00:00:00,9045.0,206432.0,51049.0,65005.0,54372.0,54372.0,36006.0
2004-06-11 00:00:00,9219.0,205943.0,50467.0,64538.0,54368.0,54368.0,36570.0
2004-06-18 00:00:00,9194.0,205134.0,52501.0,63842.0,52714.0,52714.0,36077.0
2004-06-25 00:00:00,9199.0,205148.0,50529.0,63202.0,55823.0,55823.0,35594.0
2004-07-02 00:00:00,9398.0,206108.0,50429.0,65541.0,54800.0,54800.0,35338.0
2004-07-09 00:00:00,9300.0,205903.0,51350.0,64511.0,55266.0,55266.0,34776.0
2004-07-16 00:00:00,8840.0,208420.0,51096.0,65201.0,56791.0,56791.0,35332.0
2004-07-23 00:00:00,9310.0,207651.0,52786.0,63759.0,55858.0,55858.0,35248.0
2004-07-30 00:00:00,9263.0,210108.0,52500.0,64578.0,56638.0,56638.0,36392.0
2004-08-06 00:00:00,9472.0,208296.0,51865.0,64380.0,54858.0,54858.0,37193.0
2004-08-13 00:00:00,9521.0,205742.0,52328.0,63070.0,54991.0,54991.0,35353.0
2004-08-20 00:00:00,9424.0,205743.0,52226.0,62747.0,54463.0,54463.0,36307.0
2004-08-27 00:00:00,9267.0,206552.0,52854.0,62095.0,54287.0,54287.0,37316.0
2004-09-03 00:00:00,9453.0,204073.0,51822.0,62180.0,52493.0,52493.0,37578.0
2004-09-10 00:00:00,9234.0,202493.0,52128.0,59854.0,52606.0,52606.0,37905.0
2004-09-17 00:00:00,9005.0,199654.0,50921.0,60045.0,50638.0,50638.0,38050.0
2004-09-24 00:00:00,8922.0,198846.0,50714.0,59300.0,52235.0,52235.0,36597.0
2004-10-01 00:00:00,8915.0,199429.0,50231.0,59787.0,51554.0,51554.0,37857.0
2004-10-08 00:00:00,8917.0,200616.0,50341.0,61532.0,51330.0,51330.0,37413.0
2004-10-15 00:00:00,9177.0,199883.0,48176.0,63070.0,51460.0,51460.0,37177.0
2004-10-22 00:00:00,8883.0,201163.0,48223.0,63114.0,53465.0,53465.0,36361.0
2004-10-29 00:00:00,8977.0,201677.0,48391.0,63367.0,53794.0,53794.0,36125.0
2004-11-05 00:00:00,9217.0,201270.0,51755.0,62366.0,52921.0,52921.0,34228.0
2004-11-12 00:00:00,9237.0,200879.0,50394.0,62274.0,54273.0,54273.0,33938.0
2004-11-19 00:00:00,8988.0,202741.0,50379.0,65045.0,51825.0,51825.0,35492.0
2004-11-26 00:00:00,9204.0,205741.0,49971.0,64957.0,54884.0,54884.0,35929.0
2004-12-03 00:00:00,9107.0,208096.0,50508.0,66168.0,55568.0,55568.0,35852.0
2004-12-10 00:00:00,9268.0,209616.0,49995.0,68468.0,54798.0,54798.0,36355.0
2004-12-17 00:00:00,9068.0,211381.0,51400.0,68702.0,54254.0,54254.0,37025.0
2004-12-24 00:00:00,9329.0,212251.0,50852.0,67726.0,56875.0,56875.0,36798.0
2004-12-31 00:00:00,9287.0,214327.0,52393.0,66038.0,58781.0,58781.0,37115.0
2005-01-07 00:00:00,8710.0,215333.0,52818.0,65569.0,59113.0,59113.0,37833.0
2005-01-14 00:00:00,8695.0,216969.0,54648.0,63920.0,59453.0,59453.0,38948.0
2005-01-21 00:00:00,8881.0,214712.0,54121.0,62556.0,58483.0,58483.0,39552.0
2005-01-28 00:00:00,8848.0,216342.0,54723.0,64310.0,58289.0,58289.0,39020.0
2005-02-04 00:00:00,8837.0,216757.0,55604.0,66044.0,56816.0,56816.0,38293.0
2005-02-11 00:00:00,8825.0,221678.0,55505.0,68800.0,58469.0,58469.0,38904.0
2005-02-18 00:00:00,8898.0,223510.0,55283.0,70401.0,59689.0,59689.0,38137.0
2005-02-25 00:00:00,8884.0,224483.0,55604.0,71247.0,59379.0,59379.0,38253.0
2005-03-04 00:00:00,9014.0,224282.0,56909.0,69605.0,59691.0,59691.0,38077.0
2005-03-11 00:00:00,9131.0,221352.0,55957.0,67981.0,60351.0,60351.0,37063.0
2005-03-18 00:00:00,9069.0,217293.0,54003.0,67020.0,59054.0,59054.0,37216.0
2005-03-25 00:00:00,9075.0,214358.0,53766.0,65854.0,58242.0,58242.0,36496.0
2005-04-01 00:00:00,9095.0,212252.0,53236.0,66084.0,57076.0,57076.0,35856.0
2005-04-08 00:00:00,9089.0,213100.0,51227.0,66477.0,59062.0,59062.0,36334.0
2005-04-15 00:00:00,9170.0,211636.0,51782.0,66320.0,58618.0,58618.0,34916.0
2005-04-22 00:00:00,9306.0,211306.0,51376.0,64865.0,59594.0,59594.0,35471.0
2005-04-29 00:00:00,9024.0,213507.0,51921.0,65423.0,60119.0,60119.0,36044.0
2005-05-06 00:00:00,9175.0,213694.0,51683.0,65011.0,59973.0,59973.0,37027.0
2005-05-13 00:00:00,9269.0,214765.0,53016.0,64006.0,60949.0,60949.0,36794.0
2005-05-20 00:00:00,9443.0,215374.0,52236.0,65718.0,61582.0,61582.0,35838.0
2005-05-27 00:00:00,9461.0,216678.0,51770.0,67324.0,60750.0,60750.0,36834.0
2005-06-03 00:00:00,9451.0,216647.0,53329.0,65194.0,60973.0,60973.0,37151.0
2005-06-10 00:00:00,9528.0,215742.0,52729.0,63927.0,62203.0,62203.0,36883.0
2005-06-17 00:00:00,9313.0,215939.0,51247.0,66223.0,60519.0,60519.0,37950.0
2005-06-24 00:00:00,9367.0,216240.0,51329.0,65140.0,62108.0,62108.0,37663.0
2005-07-01 00:00:00,9721.0,215266.0,50830.0,67050.0,59744.0,59744.0,37642.0
2005-07-08 00:00:00,9391.0,212641.0,50272.0,67165.0,57690.0,57690.0,37514.0
2005-07-15 00:00:00,9415.0,211322.0,50702.0,63740.0,59571.0,59571.0,37309.0
2005-07-22 00:00:00,9449.0,209194.0,51492.0,62562.0,58778.0,58778.0,36362.0
2005-07-29 00:00:00,9586.0,205177.0,50610.0,63009.0,56042.0,56042.0,35516.0
2005-08-05 00:00:00,9483.0,203091.0,49405.0,61987.0,56378.0,56378.0,35321.0
2005-08-12 00:00:00,9408.0,198122.0,48827.0,59239.0,55170.0,55170.0,34886.0
2005-08-19 00:00:00,9471.0,194877.0,46317.0,61509.0,52214.0,52214.0,34837.0
2005-08-26 00:00:00,9406.0,194369.0,45598.0,61004.0,53378.0,53378.0,34389.0
2005-09-02 00:00:00,9027.0,190067.0,47221.0,60233.0,49235.0,49235.0,33378.0
2005-09-09 00:00:00,8636.0,191959.0,49475.0,59476.0,50017.0,50017.0,32991.0
2005-09-16 00:00:00,8819.0,195431.0,50513.0,60090.0,51154.0,51154.0,33674.0
2005-09-23 00:00:00,8836.0,199831.0,52370.0,59816.0,53634.0,53634.0,34011.0
2005-09-30 00:00:00,8840.0,195454.0,50916.0,57196.0,52535.0,52535.0,34807.0
2005-10-07 00:00:00,8783.0,192803.0,50861.0,55344.0,51882.0,51882.0,34716.0
2005-10-14 00:00:00,8961.0,195710.0,51030.0,57617.0,52524.0,52524.0,34539.0
2005-10-21 00:00:00,8981.0,195869.0,49488.0,59790.0,52664.0,52664.0,33927.0
2005-10-28 00:00:00,9045.0,196904.0,49130.0,61007.0,52520.0,52520.0,34247.0
2005-11-04 00:00:00,9246.0,201127.0,49795.0,61816.0,54988.0,54988.0,34528.0
2005-11-11 00:00:00,9151.0,200175.0,50375.0,63137.0,54032.0,54032.0,32631.0
2005-11-18 00:00:00,9124.0,200413.0,50523.0,61112.0,55566.0,55566.0,33212.0
2005-11-25 00:00:00,9189.0,199868.0,51631.0,60325.0,54567.0,54567.0,33345.0
2005-12-02 00:00:00,9221.0,202609.0,53282.0,60220.0,54513.0,54513.0,34594.0
2005-12-09 00:00:00,9268.0,204375.0,53530.0,62120.0,54241.0,54241.0,34484.0
2005-12-16 00:00:00,9326.0,204074.0,52849.0,63090.0,53132.0,53132.0,35003.0
2005-12-23 00:00:00,9249.0,202853.0,52870.0,63380.0,51848.0,51848.0,34755.0
2005-12-30 00:00:00,9358.0,204259.0,53798.0,64000.0,51000.0,51000.0,35461.0
2006-01-06 00:00:00,8950.0,208778.0,55147.0,63471.0,53147.0,53147.0,37013.0
2006-01-13 00:00:00,8859.0,211635.0,55650.0,65016.0,53044.0,53044.0,37925.0
2006-01-20 00:00:00,8826.0,214763.0,55697.0,65456.0,54774.0,54774.0,38836.0
2006-01-27 00:00:00,8879.0,219044.0,55439.0,66725.0,56807.0,56807.0,40073.0
2006-02-03 00:00:00,8967.0,223344.0,57439.0,68520.0,56582.0,56582.0,40803.0
2006-02-10 00:00:00,9083.0,225459.0,57054.0,69704.0,57408.0,57408.0,41293.0
2006-02-17 00:00:00,9046.0,225648.0,55254.0,72083.0,57355.0,57355.0,40956.0
2006-02-24 00:00:00,8951.0,225867.0,55241.0,71372.0,59347.0,59347.0,39907.0
2006-03-03 00:00:00,9057.0,224765.0,54149.0,71976.0,58382.0,58382.0,40258.0
2006-03-10 00:00:00,9106.0,223884.0,54351.0,70891.0,59687.0,59687.0,38955.0
2006-03-17 00:00:00,9100.0,221563.0,54031.0,68886.0,60019.0,60019.0,38627.0
2006-03-24 00:00:00,9054.0,216226.0,54161.0,66394.0,58859.0,58859.0,36812.0
2006-03-31 00:00:00,9063.0,211782.0,54194.0,66396.0,55759.0,55759.0,35433.0
2006-04-07 00:00:00,9297.0,207927.0,53672.0,65605.0,51922.0,51922.0,36728.0
2006-04-14 00:00:00,9100.0,202482.0,52910.0,65951.0,48429.0,48429.0,35192.0
2006-04-21 00:00:00,9012.0,200594.0,52530.0,66034.0,47468.0,47468.0,34562.0
2006-04-28 00:00:00,9099.0,202708.0,52032.0,68723.0,48609.0,48609.0,33344.0
2006-05-05 00:00:00,9346.0,205050.0,51278.0,69604.0,50838.0,50838.0,33330.0
2006-05-12 00:00:00,9327.0,206375.0,50760.0,68790.0,52406.0,52406.0,34419.0
2006-05-19 00:00:00,9193.0,208483.0,50552.0,66623.0,56069.0,56069.0,35239.0
2006-05-26 00:00:00,9430.0,209277.0,50203.0,67363.0,56778.0,56778.0,34933.0
2006-06-02 00:00:00,9367.0,210331.0,51318.0,66878.0,56162.0,56162.0,35973.0
2006-06-09 00:00:00,9413.0,213146.0,51861.0,65490.0,59212.0,59212.0,36583.0
2006-06-16 00:00:00,9429.0,213440.0,51555.0,65689.0,58853.0,58853.0,37343.0
2006-06-23 00:00:00,9540.0,212350.0,51745.0,66314.0,57439.0,57439.0,36852.0
2006-06-30 00:00:00,9645.0,213077.0,51345.0,66997.0,57376.0,57376.0,37359.0
2006-07-07 00:00:00,9621.0,212651.0,51423.0,67890.0,54592.0,54592.0,38746.0
2006-07-14 00:00:00,9569.0,214194.0,51718.0,68867.0,55724.0,55724.0,37885.0
2006-07-21 00:00:00,9573.0,211030.0,51778.0,67186.0,54724.0,54724.0,37342.0
2006-07-28 00:00:00,9639.0,210868.0,49836.0,69437.0,54406.0,54406.0,37189.0
2006-08-04 00:00:00,9697.0,207659.0,48812.0,70243.0,53195.0,53195.0,35409.0
2006-08-11 00:00:00,9530.0,205393.0,47726.0,69477.0,52754.0,52754.0,35436.0
2006-08-18 00:00:00,9571.0,205795.0,48562.0,67879.0,53098.0,53098.0,36256.0
2006-08-25 00:00:00,9610.0,206162.0,49850.0,66832.0,54395.0,54395.0,35085.0
2006-09-01 00:00:00,9622.0,206880.0,50675.0,65847.0,54380.0,54380.0,35978.0
2006-09-08 00:00:00,9368.0,206994.0,49382.0,67101.0,55730.0,55730.0,34781.0
2006-09-15 00:00:00,9229.0,207554.0,50953.0,67592.0,54474.0,54474.0,34535.0
2006-09-22 00:00:00,9287.0,213899.0,52402.0,68648.0,58188.0,58188.0,34661.0
2006-09-29 00:00:00,9081.0,215052.0,53296.0,66632.0,59381.0,59381.0,35743.0
2006-10-06 00:00:00,9242.0,215397.0,54876.0,65845.0,58817.0,58817.0,35859.0
2006-10-13 00:00:00,9298.0,210175.0,54448.0,64327.0,56959.0,56959.0,34441.0
2006-10-20 00:00:00,9511.0,207416.0,51835.0,65540.0,55483.0,55483.0,34558.0
2006-10-27 00:00:00,9499.0,204617.0,50264.0,66880.0,53515.0,53515.0,33958.0
2006-11-03 00:00:00,9256.0,204033.0,51762.0,65417.0,53112.0,53112.0,33742.0
2006-11-10 00:00:00,9110.0,200252.0,49494.0,65012.0,53045.0,53045.0,32701.0
2006-11-17 00:00:00,9149.0,201658.0,49604.0,65229.0,54025.0,54025.0,32800.0
2006-11-24 00:00:00,9320.0,201069.0,49923.0,64248.0,53930.0,53930.0,32968.0
2006-12-01 00:00:00,9477.0,200031.0,52979.0,63369.0,50814.0,50814.0,32869.0
2006-12-08 00:00:00,9394.0,199857.0,51306.0,63832.0,51264.0,51264.0,33455.0
2006-12-15 00:00:00,9491.0,200915.0,51876.0,64984.0,50544.0,50544.0,33511.0
2006-12-22 00:00:00,9229.0,203853.0,52891.0,65720.0,51781.0,51781.0,33461.0
2006-12-29 00:00:00,9247.0,209532.0,52887.0,66997.0,54538.0,54538.0,35110.0
2007-01-05 00:00:00,9201.0,213295.0,54556.0,67543.0,54803.0,54803.0,36393.0
2007-01-12 00:00:00,9060.0,216786.0,54989.0,67574.0,56374.0,56374.0,37849.0
2007-01-19 00:00:00,9008.0,220795.0,54854.0,69231.0,57939.0,57939.0,38771.0
2007-01-26 00:00:00,9090.0,224614.0,54554.0,70933.0,60231.0,60231.0,38896.0
2007-02-02 00:00:00,9136.0,227214.0,55527.0,71064.0,62353.0,62353.0,38270.0
2007-02-09 00:00:00,9061.0,225156.0,54291.0,70790.0,60455.0,60455.0,39620.0
2007-02-16 00:00:00,9198.0,222115.0,54235.0,68202.0,60944.0,60944.0,38734.0
2007-02-23 00:00:00,9121.0,220175.0,55488.0,69263.0,57660.0,57660.0,37764.0
2007-03-02 00:00:00,9191.0,216425.0,54696.0,68546.0,56080.0,56080.0,37103.0
2007-03-09 00:00:00,9158.0,213939.0,53508.0,68321.0,56781.0,56781.0,35329.0
2007-03-16 00:00:00,9240.0,210489.0,52483.0,67861.0,55281.0,55281.0,34864.0
2007-03-23 00:00:00,9250.0,210231.0,52769.0,67673.0,56539.0,56539.0,33250.0
2007-03-30 00:00:00,9491.0,205201.0,50664.0,64306.0,56765.0,56765.0,33466.0
2007-04-06 00:00:00,9472.0,199725.0,48027.0,65550.0,54328.0,54328.0,31820.0
2007-04-13 00:00:00,9247.0,197007.0,47636.0,63102.0,52837.0,52837.0,33432.0
2007-04-20 00:00:00,9163.0,194214.0,46658.0,62445.0,52690.0,52690.0,32421.0
2007-04-27 00:00:00,9260.0,193099.0,46351.0,61766.0,53247.0,53247.0,31735.0
2007-05-04 00:00:00,9344.0,193471.0,46684.0,61411.0,52573.0,52573.0,32803.0
2007-05-11 00:00:00,9404.0,195235.0,46361.0,62845.0,51898.0,51898.0,34131.0
2007-05-18 00:00:00,9433.0,196666.0,46075.0,63679.0,52489.0,52489.0,34423.0
2007-05-25 00:00:00,9485.0,198027.0,46860.0,63815.0,52286.0,52286.0,35066.0
2007-06-01 00:00:00,9495.0,201537.0,48066.0,65398.0,51548.0,51548.0,36525.0
2007-06-08 00:00:00,9487.0,201540.0,49049.0,67207.0,49845.0,49845.0,35439.0
2007-06-15 00:00:00,9591.0,203331.0,49440.0,66410.0,50621.0,50621.0,36860.0
2007-06-22 00:00:00,9575.0,202582.0,49611.0,65018.0,50735.0,50735.0,37218.0
2007-06-29 00:00:00,9557.0,204433.0,49137.0,65780.0,52875.0,52875.0,36641.0
2007-07-06 00:00:00,9663.0,205576.0,49747.0,64195.0,54533.0,54533.0,37101.0
2007-07-13 00:00:00,9710.0,203341.0,48916.0,61839.0,56403.0,56403.0,36183.0
2007-07-20 00:00:00,9688.0,204134.0,48931.0,62978.0,55319.0,55319.0,36906.0
2007-07-27 00:00:00,9662.0,204720.0,48264.0,63653.0,55204.0,55204.0,37599.0
2007-08-03 00:00:00,9575.0,202997.0,47883.0,63437.0,54295.0,54295.0,37382.0
2007-08-10 00:00:00,9572.0,201940.0,47799.0,64038.0,53596.0,53596.0,36507.0
2007-08-17 00:00:00,9762.0,196231.0,46431.0,62087.0,52155.0,52155.0,35558.0
2007-08-24 00:00:00,9626.0,192564.0,45279.0,60561.0,50064.0,50064.0,36660.0
2007-08-31 00:00:00,9577.0,191083.0,46268.0,59579.0,49599.0,49599.0,35637.0
2007-09-07 00:00:00,9393.0,190417.0,47718.0,58188.0,49175.0,49175.0,35336.0
2007-09-14 00:00:00,9247.0,190834.0,48663.0,58752.0,48676.0,48676.0,34743.0
2007-09-21 00:00:00,9235.0,191366.0,47969.0,58615.0,50788.0,50788.0,33994.0
2007-09-28 00:00:00,9120.0,191325.0,47082.0,59800.0,50418.0,50418.0,34025.0
2007-10-05 00:00:00,9200.0,193000.0,47864.0,60746.0,50177.0,50177.0,34213.0
2007-10-12 00:00:00,9253.0,195768.0,48129.0,62699.0,50244.0,50244.0,34696.0
2007-10-19 00:00:00,9373.0,193837.0,47704.0,62724.0,49852.0,49852.0,33557.0
2007-10-26 00:00:00,9355.0,195132.0,47437.0,64015.0,49989.0,49989.0,33691.0
2007-11-02 00:00:00,9367.0,194313.0,47282.0,63421.0,49459.0,49459.0,34151.0
2007-11-09 00:00:00,9187.0,195027.0,47087.0,64177.0,49126.0,49126.0,34637.0
2007-11-16 00:00:00,9222.0,195190.0,47377.0,64629.0,49393.0,49393.0,33791.0
2007-11-23 00:00:00,9356.0,196628.0,47787.0,64495.0,50752.0,50752.0,33594.0
2007-11-30 00:00:00,9266.0,200623.0,48541.0,66258.0,51593.0,51593.0,34231.0
2007-12-07 00:00:00,9348.0,202241.0,48666.0,66046.0,52740.0,52740.0,34789.0
2007-12-14 00:00:00,9287.0,205221.0,49396.0,66824.0,52989.0,52989.0,36012.0
2007-12-21 00:00:00,9446.0,205857.0,48421.0,66620.0,53905.0,53905.0,36911.0
2007-12-28 00:00:00,9286.0,207842.0,49347.0,65361.0,54746.0,54746.0,38388.0
2008-01-04 00:00:00,9304.0,213063.0,50806.0,64351.0,57970.0,57970.0,39936.0
2008-01-11 00:00:00,9116.0,215256.0,51104.0,65397.0,57916.0,57916.0,40839.0
2008-01-18 00:00:00,8964.0,220341.0,51805.0,64664.0,61807.0,61807.0,42065.0
2008-01-25 00:00:00,8940.0,223899.0,53784.0,66894.0,62053.0,62053.0,41168.0
2008-02-01 00:00:00,8916.0,227487.0,54383.0,67612.0,64096.0,64096.0,41396.0
2008-02-08 00:00:00,9020.0,229236.0,53985.0,67923.0,65889.0,65889.0,41439.0
2008-02-15 00:00:00,9125.0,230264.0,56017.0,69622.0,63884.0,63884.0,40741.0
2008-02-22 00:00:00,9045.0,232619.0,57040.0,72040.0,63873.0,63873.0,39666.0
2008-02-29 00:00:00,9071.0,234276.0,57067.0,71623.0,66191.0,66191.0,39395.0
2008-03-07 00:00:00,9131.0,235967.0,59637.0,72036.0,64427.0,64427.0,39867.0
2008-03-14 00:00:00,9071.0,232520.0,59004.0,69799.0,65000.0,65000.0,38717.0
2008-03-21 00:00:00,9116.0,229235.0,56376.0,70743.0,62622.0,62622.0,39494.0
2008-03-28 00:00:00,9330.0,224710.0,54760.0,70418.0,61453.0,61453.0,38079.0
2008-04-04 00:00:00,9286.0,221268.0,51762.0,72436.0,60102.0,60102.0,36968.0
2008-04-11 00:00:00,9338.0,215751.0,49929.0,70002.0,58993.0,58993.0,36827.0
2008-04-18 00:00:00,9215.0,212572.0,49262.0,72643.0,55622.0,55622.0,35045.0
2008-04-25 00:00:00,9189.0,211089.0,49632.0,70495.0,56326.0,56326.0,34636.0
2008-05-02 00:00:00,9311.0,211883.0,49873.0,69094.0,58401.0,58401.0,34515.0
2008-05-09 00:00:00,9343.0,210168.0,47685.0,69882.0,58264.0,58264.0,34337.0
2008-05-16 00:00:00,9359.0,209413.0,48202.0,69400.0,58089.0,58089.0,33722.0
2008-05-23 00:00:00,9373.0,206155.0,48644.0,69216.0,55313.0,55313.0,32982.0
2008-05-30 00:00:00,9129.0,209090.0,49288.0,70932.0,55310.0,55310.0,33560.0
2008-06-06 00:00:00,9411.0,210088.0,49792.0,70150.0,57086.0,57086.0,33060.0
2008-06-13 00:00:00,9251.0,208910.0,51443.0,67891.0,56550.0,56550.0,33026.0
2008-06-20 00:00:00,9334.0,208757.0,49923.0,66720.0,58257.0,58257.0,33857.0
2008-06-27 00:00:00,9357.0,210857.0,50585.0,67296.0,58996.0,58996.0,33980.0
2008-07-04 00:00:00,9347.0,211766.0,50512.0,67720.0,59141.0,59141.0,34393.0
2008-07-11 00:00:00,9344.0,214238.0,51260.0,68205.0,59912.0,59912.0,34861.0
2008-07-18 00:00:00,9342.0,217085.0,51069.0,69962.0,60972.0,60972.0,35082.0
2008-07-25 00:00:00,9468.0,213560.0,50075.0,69917.0,59808.0,59808.0,33760.0
2008-08-01 00:00:00,9484.0,209216.0,50812.0,65904.0,58833.0,58833.0,33667.0
2008-08-08 00:00:00,9446.0,202822.0,47968.0,65036.0,57647.0,57647.0,32171.0
2008-08-15 00:00:00,9423.0,196620.0,47678.0,61786.0,55332.0,55332.0,31824.0
2008-08-22 00:00:00,9411.0,195441.0,48566.0,60853.0,53906.0,53906.0,32116.0
2008-08-29 00:00:00,9424.0,194404.0,48587.0,61510.0,51880.0,51880.0,32427.0
2008-09-05 00:00:00,9090.0,187942.0,49155.0,57740.0,49608.0,49608.0,31439.0
2008-09-12 00:00:00,8907.0,184634.0,48559.0,57884.0,46388.0,46388.0,31803.0
2008-09-19 00:00:00,8741.0,178739.0,47134.0,54657.0,44803.0,44803.0,32145.0
2008-09-26 00:00:00,8730.0,179640.0,47457.0,55739.0,43919.0,43919.0,32525.0
2008-10-03 00:00:00,8691.0,186815.0,47806.0,60419.0,45347.0,45347.0,33243.0
2008-10-10 00:00:00,8894.0,193788.0,48747.0,64722.0,46978.0,46978.0,33341.0
2008-10-17 00:00:00,9065.0,196497.0,48131.0,65439.0,49805.0,49805.0,33122.0
2008-10-24 00:00:00,9057.0,194990.0,48296.0,65146.0,48980.0,48980.0,32568.0
2008-10-31 00:00:00,9095.0,196113.0,47890.0,66590.0,48645.0,48645.0,32988.0
2008-11-07 00:00:00,9002.0,198095.0,48487.0,66154.0,49970.0,49970.0,33484.0
2008-11-14 00:00:00,8962.0,198634.0,48339.0,64857.0,51595.0,51595.0,33843.0
2008-11-21 00:00:00,8844.0,200476.0,48773.0,64109.0,52044.0,52044.0,35550.0
2008-11-28 00:00:00,8933.0,198942.0,47821.0,64447.0,51764.0,51764.0,34910.0
2008-12-05 00:00:00,9015.0,202664.0,47288.0,64359.0,55539.0,55539.0,35478.0
2008-12-12 00:00:00,9175.0,203959.0,47279.0,66164.0,56057.0,56057.0,34459.0
2008-12-19 00:00:00,8867.0,207295.0,46783.0,69143.0,58169.0,58169.0,33200.0
2008-12-26 00:00:00,9106.0,208103.0,46810.0,66910.0,60488.0,60488.0,33895.0
2009-01-02 00:00:00,8990.0,211437.0,48057.0,66565.0,62863.0,62863.0,33952.0
2009-01-09 00:00:00,8758.0,213505.0,48904.0,69197.0,61191.0,61191.0,34213.0
2009-01-16 00:00:00,8641.0,219980.0,50550.0,71823.0,63029.0,63029.0,34578.0
2009-01-23 00:00:00,8650.0,219859.0,51661.0,72437.0,61234.0,61234.0,34527.0
2009-01-30 00:00:00,9015.0,220221.0,52507.0,71774.0,61840.0,61840.0,34100.0
2009-02-06 00:00:00,9006.0,217559.0,53863.0,69995.0,59494.0,59494.0,34207.0
2009-02-13 00:00:00,8908.0,218664.0,54489.0,69231.0,59953.0,59953.0,34991.0
2009-02-20 00:00:00,9010.0,215342.0,53919.0,68489.0,58837.0,58837.0,34097.0
2009-02-27 00:00:00,9204.0,215510.0,55346.0,69946.0,55452.0,55452.0,34766.0
2009-03-06 00:00:00,8972.0,212517.0,55024.0,69438.0,53309.0,53309.0,34746.0
2009-03-13 00:00:00,8955.0,215712.0,53970.0,71090.0,55796.0,55796.0,34856.0
2009-03-20 00:00:00,9100.0,214568.0,51469.0,72177.0,55907.0,55907.0,35015.0
2009-03-27 00:00:00,9125.0,216793.0,51919.0,71158.0,58107.0,58107.0,35609.0
2009-04-03 00:00:00,9024.0,217449.0,53304.0,71895.0,56197.0,56197.0,36053.0
2009-04-10 00:00:00,8944.0,216505.0,53104.0,71607.0,56659.0,56659.0,35135.0
2009-04-17 00:00:00,9136.0,217307.0,52632.0,73350.0,56836.0,56836.0,34489.0
2009-04-24 00:00:00,9151.0,212612.0,52215.0,70754.0,55615.0,55615.0,34028.0
2009-05-01 00:00:00,8923.0,212445.0,50096.0,71848.0,57149.0,57149.0,33352.0
2009-05-08 00:00:00,8911.0,208291.0,49263.0,71332.0,54477.0,54477.0,33219.0
2009-05-15 00:00:00,9232.0,203954.0,47587.0,70061.0,53702.0,53702.0,32604.0
2009-05-22 00:00:00,9538.0,203417.0,46623.0,70092.0,52684.0,52684.0,34018.0
2009-05-29 00:00:00,9020.0,203202.0,47182.0,70246.0,52575.0,52575.0,33199.0
2009-06-05 00:00:00,9141.0,201649.0,47462.0,68710.0,52120.0,52120.0,33357.0
2009-06-12 00:00:00,9354.0,205034.0,48638.0,68289.0,53860.0,53860.0,34247.0
2009-06-19 00:00:00,9129.0,208905.0,49756.0,69899.0,54761.0,54761.0,34489.0
2009-06-26 00:00:00,9053.0,211238.0,49981.0,70581.0,55178.0,55178.0,35498.0
2009-07-03 00:00:00,9229.0,213140.0,50804.0,71095.0,55142.0,55142.0,36099.0
2009-07-10 00:00:00,9163.0,214578.0,50833.0,71996.0,55685.0,55685.0,36064.0
2009-07-17 00:00:00,9255.0,215391.0,51767.0,71703.0,56512.0,56512.0,35409.0
2009-07-24 00:00:00,9171.0,213076.0,52559.0,70016.0,56059.0,56059.0,34442.0
2009-07-31 00:00:00,9199.0,212858.0,52953.0,70365.0,56163.0,56163.0,33377.0
2009-08-07 00:00:00,8951.0,211931.0,52561.0,69367.0,56505.0,56505.0,33498.0
2009-08-14 00:00:00,9205.0,209754.0,51739.0,69073.0,55545.0,55545.0,33397.0
2009-08-21 00:00:00,9105.0,208054.0,51529.0,69928.0,54201.0,54201.0,32396.0
2009-08-28 00:00:00,9478.0,205085.0,49900.0,68918.0,53465.0,53465.0,32802.0
2009-09-04 00:00:00,9283.0,207153.0,50550.0,70067.0,54592.0,54592.0,31944.0
2009-09-11 00:00:00,9001.0,207700.0,50231.0,71174.0,54061.0,54061.0,32234.0
2009-09-18 00:00:00,8790.0,213109.0,51444.0,71404.0,56537.0,56537.0,33724.0
2009-09-25 00:00:00,9126.0,211452.0,50022.0,71326.0,55556.0,55556.0,34548.0
2009-10-02 00:00:00,9269.0,214389.0,50736.0,70299.0,58662.0,58662.0,34692.0
2009-10-09 00:00:00,9256.0,209159.0,49370.0,68036.0,57827.0,57827.0,33926.0
2009-10-16 00:00:00,8950.0,206945.0,49646.0,67900.0,55656.0,55656.0,33743.0
2009-10-23 00:00:00,8858.0,208564.0,49454.0,69504.0,55788.0,55788.0,33818.0
2009-10-30 00:00:00,9015.0,208277.0,48014.0,69472.0,55966.0,55966.0,34825.0
2009-11-06 00:00:00,8844.0,210837.0,49023.0,69273.0,56624.0,56624.0,35917.0
2009-11-13 00:00:00,9015.0,209082.0,49272.0,68934.0,55191.0,55191.0,35685.0
2009-11-20 00:00:00,9092.0,210085.0,49882.0,68114.0,56191.0,56191.0,35898.0
2009-11-27 00:00:00,8943.0,214081.0,50262.0,71298.0,56184.0,56184.0,36337.0
2009-12-04 00:00:00,9012.0,216334.0,51753.0,70252.0,57876.0,57876.0,36453.0
2009-12-11 00:00:00,8963.0,217213.0,50896.0,70595.0,59626.0,59626.0,36096.0
2009-12-18 00:00:00,9045.0,216330.0,50189.0,71824.0,58855.0,58855.0,35462.0
2009-12-25 00:00:00,9074.0,215964.0,50721.0,70558.0,59283.0,59283.0,35402.0
2010-01-01 00:00:00,8741.0,219701.0,52545.0,70325.0,59250.0,59250.0,37581.0
2010-01-08 00:00:00,8740.0,223492.0,51766.0,72063.0,61067.0,61067.0,38596.0
2010-01-15 00:00:00,8602.0,227442.0,54294.0,72313.0,61357.0,61357.0,39478.0
2010-01-22 00:00:00,8619.0,229427.0,54751.0,73685.0,61666.0,61666.0,39325.0
2010-01-29 00:00:00,8613.0,228121.0,55994.0,74418.0,58798.0,58798.0,38911.0
2010-02-05 00:00:00,8766.0,230445.0,56707.0,74483.0,60487.0,60487.0,38768.0
2010-02-12 00:00:00,8521.0,232065.0,56648.0,74249.0,62079.0,62079.0,39089.0
2010-02-19 00:00:00,9064.0,231170.0,56908.0,73955.0,61863.0,61863.0,38444.0
2010-02-26 00:00:00,8882.0,231943.0,58905.0,73326.0,60305.0,60305.0,39407.0
2010-03-05 00:00:00,8992.0,228984.0,56896.0,71098.0,60320.0,60320.0,40670.0
2010-03-12 00:00:00,8849.0,227274.0,56369.0,70829.0,59951.0,59951.0,40125.0
2010-03-19 00:00:00,9087.0,224559.0,55322.0,70727.0,59235.0,59235.0,39275.0
2010-03-26 00:00:00,9060.0,224872.0,55327.0,72204.0,58536.0,58536.0,38805.0
2010-04-02 00:00:00,9076.0,222374.0,55020.0,72351.0,55501.0,55501.0,39502.0
2010-04-09 00:00:00,9325.0,221338.0,53858.0,72381.0,56140.0,56140.0,38959.0
2010-04-16 00:00:00,9152.0,224925.0,54511.0,73365.0,56292.0,56292.0,40757.0
2010-04-23 00:00:00,9290.0,223685.0,53406.0,73331.0,56377.0,56377.0,40571.0
2010-04-30 00:00:00,9282.0,224942.0,52059.0,73932.0,58534.0,58534.0,40417.0
2010-05-07 00:00:00,9140.0,222128.0,52720.0,73218.0,57725.0,57725.0,38465.0
2010-05-14 00:00:00,9092.0,221834.0,51100.0,73613.0,58522.0,58522.0,38599.0
2010-05-21 00:00:00,9099.0,221631.0,51559.0,73780.0,59570.0,59570.0,36722.0
2010-05-28 00:00:00,9174.0,218984.0,50404.0,72889.0,59653.0,59653.0,36038.0
2010-06-04 00:00:00,9194.0,218976.0,49661.0,73402.0,60666.0,60666.0,35247.0
2010-06-11 00:00:00,9338.0,218340.0,49352.0,73929.0,59393.0,59393.0,35666.0
2010-06-18 00:00:00,9241.0,217578.0,49620.0,73531.0,58676.0,58676.0,35751.0
2010-06-25 00:00:00,9462.0,218115.0,50076.0,72870.0,60218.0,60218.0,34952.0
2010-07-02 00:00:00,9449.0,219435.0,49740.0,73682.0,60820.0,60820.0,35192.0
2010-07-09 00:00:00,9080.0,221036.0,49559.0,75285.0,61118.0,61118.0,35074.0
2010-07-16 00:00:00,9435.0,222154.0,49772.0,76546.0,61568.0,61568.0,34267.0
2010-07-23 00:00:00,9632.0,222245.0,49692.0,76582.0,61329.0,61329.0,34641.0
2010-07-30 00:00:00,9477.0,222974.0,49966.0,77437.0,61624.0,61624.0,33947.0
2010-08-06 00:00:00,9236.0,223383.0,50959.0,76621.0,61356.0,61356.0,34446.0
2010-08-13 00:00:00,9459.0,223344.0,50795.0,75840.0,61951.0,61951.0,34758.0
2010-08-20 00:00:00,9375.0,225617.0,49698.0,77560.0,62673.0,62673.0,35685.0
2010-08-27 00:00:00,9386.0,225405.0,49541.0,76829.0,64005.0,64005.0,35030.0
2010-09-03 00:00:00,9263.0,225162.0,49725.0,76552.0,62439.0,62439.0,36445.0
2010-09-10 00:00:00,9019.0,224468.0,50221.0,76086.0,61476.0,61476.0,36685.0
2010-09-17 00:00:00,8847.0,226058.0,50686.0,76399.0,61828.0,61828.0,37144.0
2010-09-24 00:00:00,9383.0,222589.0,51981.0,75250.0,57872.0,57872.0,37486.0
2010-10-01 00:00:00,8989.0,219943.0,52634.0,73994.0,55612.0,55612.0,37704.0
2010-10-08 00:00:00,8812.0,218174.0,53138.0,73309.0,54042.0,54042.0,37685.0
2010-10-15 00:00:00,8891.0,219329.0,54449.0,74384.0,53491.0,53491.0,37004.0
2010-10-22 00:00:00,9358.0,214942.0,52861.0,73758.0,52609.0,52609.0,35713.0
2010-10-29 00:00:00,9015.0,212253.0,52057.0,73544.0,51705.0,51705.0,34948.0
2010-11-05 00:00:00,9056.0,210336.0,51020.0,73555.0,50464.0,50464.0,35297.0
2010-11-12 00:00:00,8952.0,207679.0,49030.0,73702.0,50239.0,50239.0,34709.0
2010-11-19 00:00:00,8829.0,209592.0,48358.0,74112.0,51700.0,51700.0,35422.0
2010-11-26 00:00:00,8867.0,210153.0,48835.0,74475.0,50763.0,50763.0,36081.0
2010-12-03 00:00:00,9171.0,213964.0,49693.0,74979.0,52407.0,52407.0,36885.0
2010-12-10 00:00:00,9349.0,214773.0,49211.0,73959.0,54285.0,54285.0,37318.0
2010-12-17 00:00:00,9213.0,217173.0,49318.0,76395.0,54397.0,54397.0,37063.0
2010-12-24 00:00:00,9399.0,214857.0,48269.0,75939.0,52650.0,52650.0,37999.0
2010-12-31 00:00:00,8853.0,218146.0,49429.0,77021.0,53346.0,53346.0,38350.0
2011-01-07 00:00:00,8819.0,223227.0,50615.0,78677.0,53429.0,53429.0,40506.0
2011-01-14 00:00:00,8775.0,227670.0,51598.0,79959.0,55452.0,55452.0,40661.0
2011-01-21 00:00:00,8632.0,230074.0,52418.0,78596.0,57556.0,57556.0,41505.0
2011-01-28 00:00:00,8549.0,236228.0,53228.0,80874.0,60033.0,60033.0,42094.0
2011-02-04 00:00:00,8524.0,240891.0,53995.0,81359.0,64439.0,64439.0,41098.0
2011-02-11 00:00:00,8810.0,241096.0,56015.0,79317.0,64636.0,64636.0,41128.0
2011-02-18 00:00:00,9101.0,238298.0,55091.0,77673.0,64817.0,64817.0,40716.0
2011-02-25 00:00:00,9162.0,234708.0,54844.0,76707.0,63860.0,63860.0,39297.0
2011-03-04 00:00:00,9192.0,229214.0,54141.0,73134.0,63005.0,63005.0,38934.0
2011-03-11 00:00:00,8830.0,225040.0,52730.0,70612.0,62442.0,62442.0,39256.0
2011-03-18 00:00:00,9074.0,219720.0,51485.0,69753.0,60405.0,60405.0,38077.0
2011-03-25 00:00:00,8866.0,217036.0,51173.0,68652.0,58457.0,58457.0,38755.0
2011-04-01 00:00:00,8853.0,216679.0,50403.0,71538.0,55548.0,55548.0,39189.0
2011-04-08 00:00:00,9181.0,209679.0,48610.0,68405.0,52543.0,52543.0,40121.0
2011-04-15 00:00:00,9062.0,208096.0,47144.0,69099.0,51337.0,51337.0,40516.0
2011-04-22 00:00:00,9148.0,205588.0,47523.0,69354.0,49674.0,49674.0,39037.0
2011-04-29 00:00:00,8943.0,204542.0,47643.0,69329.0,47999.0,47999.0,39572.0
2011-05-06 00:00:00,8826.0,205817.0,47638.0,68991.0,51507.0,51507.0,37681.0
2011-05-13 00:00:00,9048.0,205936.0,48087.0,69047.0,50842.0,50842.0,37961.0
2011-05-20 00:00:00,9025.0,209730.0,48630.0,69885.0,53109.0,53109.0,38107.0
2011-05-27 00:00:00,9431.0,212283.0,48174.0,71984.0,53326.0,53326.0,38800.0
2011-06-03 00:00:00,9163.0,214492.0,48578.0,73613.0,54731.0,54731.0,37570.0
2011-06-10 00:00:00,9370.0,215065.0,48179.0,72509.0,56573.0,56573.0,37804.0
2011-06-17 00:00:00,9319.0,214601.0,49794.0,71820.0,56250.0,56250.0,36737.0
2011-06-24 00:00:00,9261.0,213173.0,50527.0,70710.0,55278.0,55278.0,36658.0
2011-07-01 00:00:00,9309.0,212539.0,49592.0,71185.0,55346.0,55346.0,36416.0
2011-07-08 00:00:00,9016.0,211699.0,49137.0,71652.0,55800.0,55800.0,35111.0
2011-07-15 00:00:00,9028.0,212456.0,49041.0,71853.0,55696.0,55696.0,35866.0
2011-07-22 00:00:00,8999.0,213478.0,50273.0,70925.0,55880.0,55880.0,36399.0
2011-07-29 00:00:00,9215.0,215179.0,50014.0,73003.0,55434.0,55434.0,36728.0
2011-08-05 00:00:00,9244.0,213591.0,48675.0,72364.0,55438.0,55438.0,37113.0
2011-08-12 00:00:00,9195.0,210081.0,47652.0,72174.0,55044.0,55044.0,35211.0
2011-08-19 00:00:00,9009.0,211436.0,47330.0,74110.0,55026.0,55026.0,34970.0
2011-08-26 00:00:00,9229.0,208641.0,46457.0,74186.0,54206.0,54206.0,33792.0
2011-09-02 00:00:00,8956.0,208840.0,46861.0,75044.0,53371.0,53371.0,33564.0
2011-09-09 00:00:00,8848.0,210780.0,46657.0,76014.0,54098.0,54098.0,34010.0
2011-09-16 00:00:00,8858.0,214075.0,47875.0,77704.0,53912.0,53912.0,34583.0
2011-09-23 00:00:00,8964.0,214866.0,48867.0,75610.0,56333.0,56333.0,34055.0
2011-09-30 00:00:00,8959.0,213729.0,49261.0,74885.0,55329.0,55329.0,34254.0
2011-10-07 00:00:00,9010.0,209595.0,48864.0,73265.0,53758.0,53758.0,33708.0
2011-10-14 00:00:00,8598.0,206271.0,49011.0,72012.0,51638.0,51638.0,33610.0
2011-10-21 00:00:00,8501.0,204918.0,48220.0,70347.0,52882.0,52882.0,33469.0
2011-10-28 00:00:00,8518.0,206274.0,47740.0,72512.0,52826.0,52826.0,33197.0
2011-11-04 00:00:00,8671.0,204167.0,47059.0,71743.0,51101.0,51101.0,34264.0
2011-11-11 00:00:00,8625.0,205159.0,46396.0,72932.0,51332.0,51332.0,34498.0
2011-11-18 00:00:00,8592.0,209634.0,47229.0,74137.0,54248.0,54248.0,34019.0
2011-11-25 00:00:00,8769.0,209847.0,47033.0,73351.0,54620.0,54620.0,34844.0
2011-12-02 00:00:00,8574.0,214994.0,48520.0,73570.0,57223.0,57223.0,35681.0
2011-12-09 00:00:00,8666.0,218818.0,50274.0,73675.0,59102.0,59102.0,35767.0
2011-12-16 00:00:00,8879.0,218406.0,49902.0,75090.0,57759.0,57759.0,35654.0
2011-12-23 00:00:00,8923.0,217714.0,50041.0,74504.0,57751.0,57751.0,35418.0
2011-12-30 00:00:00,8556.0,220193.0,51538.0,75846.0,56738.0,56738.0,36071.0
2012-01-06 00:00:00,8179.0,223803.0,53455.0,74855.0,57985.0,57985.0,37507.0
2012-01-13 00:00:00,7996.0,227520.0,54697.0,74962.0,59092.0,59092.0,38770.0
2012-01-20 00:00:00,8098.0,227130.0,54784.0,73034.0,59926.0,59926.0,39386.0
2012-01-27 00:00:00,8018.0,230147.0,56022.0,72323.0,62626.0,62626.0,39176.0
2012-02-03 00:00:00,8039.0,231776.0,56448.0,73402.0,62633.0,62633.0,39293.0
2012-02-10 00:00:00,8167.0,232176.0,57244.0,74041.0,61903.0,61903.0,38989.0
2012-02-17 00:00:00,8628.0,231527.0,56380.0,72999.0,64093.0,64093.0,38055.0
2012-02-24 00:00:00,8363.0,229927.0,55832.0,73791.0,62573.0,62573.0,37731.0
2012-03-02 00:00:00,8262.0,229531.0,55563.0,74591.0,61484.0,61484.0,37893.0
2012-03-09 00:00:00,8415.0,228121.0,54750.0,73804.0,62123.0,62123.0,37444.0
2012-03-16 00:00:00,8379.0,226907.0,54150.0,75080.0,60499.0,60499.0,37178.0
2012-03-23 00:00:00,8710.0,223370.0,53214.0,73828.0,58691.0,58691.0,37637.0
2012-03-30 00:00:00,8783.0,221913.0,53504.0,72172.0,58856.0,58856.0,37380.0
2012-04-06 00:00:00,8681.0,217636.0,52360.0,70893.0,56937.0,56937.0,37447.0
2012-04-13 00:00:00,8775.0,213965.0,51452.0,71544.0,54633.0,54633.0,36337.0
2012-04-20 00:00:00,8496.0,211730.0,51790.0,69942.0,54298.0,54298.0,35700.0
2012-04-27 00:00:00,8692.0,209721.0,50136.0,71569.0,53453.0,53453.0,34563.0
2012-05-04 00:00:00,8864.0,207108.0,49876.0,71317.0,53729.0,53729.0,32185.0
2012-05-11 00:00:00,8971.0,204311.0,48630.0,70806.0,53680.0,53680.0,31196.0
2012-05-18 00:00:00,8633.0,201012.0,48486.0,69170.0,53606.0,53606.0,29752.0
2012-05-25 00:00:00,8931.0,200179.0,47830.0,68047.0,53831.0,53831.0,30473.0
2012-06-01 00:00:00,8648.0,203525.0,47192.0,69819.0,54787.0,54787.0,31727.0
2012-06-08 00:00:00,9130.0,201801.0,47170.0,68022.0,53774.0,53774.0,32836.0
2012-06-15 00:00:00,8693.0,202744.0,47684.0,67190.0,54299.0,54299.0,33571.0
2012-06-22 00:00:00,8846.0,204822.0,48664.0,68708.0,54108.0,54108.0,33342.0
2012-06-29 00:00:00,9001.0,204973.0,48878.0,69623.0,52361.0,52361.0,34110.0
2012-07-06 00:00:00,8917.0,207725.0,49335.0,70439.0,53459.0,53459.0,34492.0
2012-07-13 00:00:00,8628.0,205910.0,49110.0,70884.0,52219.0,52219.0,33696.0
2012-07-20 00:00:00,8660.0,210044.0,49956.0,72581.0,54100.0,54100.0,33408.0
2012-07-27 00:00:00,8820.0,207870.0,49820.0,72119.0,52811.0,52811.0,33120.0
2012-08-03 00:00:00,8839.0,206069.0,49563.0,71270.0,51676.0,51676.0,33559.0
2012-08-10 00:00:00,9308.0,203698.0,48780.0,72358.0,49896.0,49896.0,32665.0
2012-08-17 00:00:00,9081.0,202736.0,49461.0,70171.0,49575.0,49575.0,33530.0
2012-08-24 00:00:00,9064.0,201227.0,48393.0,68908.0,49463.0,49463.0,34462.0
2012-08-31 00:00:00,9177.0,198893.0,48991.0,66497.0,49842.0,49842.0,33563.0
2012-09-07 00:00:00,8695.0,197716.0,48819.0,65104.0,50071.0,50071.0,33722.0
2012-09-14 00:00:00,8632.0,196309.0,48963.0,65571.0,47768.0,47768.0,34007.0
2012-09-21 00:00:00,8770.0,195828.0,48645.0,67234.0,46811.0,46811.0,33139.0
2012-09-28 00:00:00,8633.0,195942.0,48978.0,67409.0,46146.0,46146.0,33409.0
2012-10-05 00:00:00,8587.0,195408.0,48544.0,69407.0,45118.0,45118.0,32339.0
2012-10-12 00:00:00,8729.0,197128.0,47600.0,70405.0,46753.0,46753.0,32371.0
2012-10-19 00:00:00,8493.0,198567.0,47407.0,69016.0,48094.0,48094.0,34049.0
2012-10-26 00:00:00,8844.0,199502.0,46688.0,70476.0,47892.0,47892.0,34446.0
2012-11-02 00:00:00,8307.0,202377.0,45619.0,75095.0,46643.0,46643.0,35021.0
2012-11-09 00:00:00,8908.0,201937.0,44549.0,76017.0,45107.0,45107.0,36264.0
2012-11-16 00:00:00,8898.0,200390.0,44600.0,73932.0,46110.0,46110.0,35747.0
2012-11-23 00:00:00,8427.0,204255.0,44942.0,74834.0,47361.0,47361.0,37117.0
2012-11-30 00:00:00,8354.0,212115.0,47153.0,77299.0,47873.0,47873.0,39790.0
2012-12-07 00:00:00,8488.0,217115.0,48915.0,78393.0,49572.0,49572.0,40235.0
2012-12-14 00:00:00,8618.0,219322.0,49862.0,80578.0,49127.0,49127.0,39754.0
2012-12-21 00:00:00,8608.0,223104.0,50329.0,81341.0,51108.0,51108.0,40326.0
2012-12-28 00:00:00,8518.0,225673.0,52211.0,80270.0,51971.0,51971.0,41222.0
2013-01-04 00:00:00,8010.0,233085.0,55344.0,81423.0,52933.0,52933.0,43385.0
2013-01-11 00:00:00,8320.0,234995.0,54375.0,83800.0,53454.0,53454.0,43365.0
2013-01-18 00:00:00,8431.0,233257.0,53648.0,82814.0,53948.0,53948.0,42847.0
2013-01-25 00:00:00,8501.0,232301.0,53370.0,82098.0,55191.0,55191.0,41643.0
2013-02-01 00:00:00,8415.0,234039.0,53584.0,80490.0,58069.0,58069.0,41896.0
2013-02-08 00:00:00,8404.0,233236.0,53096.0,79979.0,59773.0,59773.0,40389.0
2013-02-15 00:00:00,8437.0,230352.0,53311.0,77371.0,59548.0,59548.0,40122.0
2013-02-22 00:00:00,8597.0,228495.0,53583.0,75507.0,59812.0,59812.0,39593.0
2013-03-01 00:00:00,8364.0,227879.0,54691.0,73404.0,60463.0,60463.0,39321.0
2013-03-08 00:00:00,8627.0,224308.0,53761.0,72902.0,59914.0,59914.0,37731.0
2013-03-15 00:00:00,8324.0,222832.0,53918.0,72126.0,59798.0,59798.0,36990.0
2013-03-22 00:00:00,8399.0,221236.0,53219.0,73367.0,58934.0,58934.0,35715.0
2013-03-29 00:00:00,8523.0,220664.0,53476.0,74246.0,57765.0,57765.0,35177.0
2013-04-05 00:00:00,8477.0,222363.0,53578.0,74169.0,59306.0,59306.0,35310.0
2013-04-12 00:00:00,8383.0,221730.0,53638.0,73604.0,59980.0,59980.0,34508.0
2013-04-19 00:00:00,8750.0,217802.0,52542.0,71859.0,60550.0,60550.0,32851.0
2013-04-26 00:00:00,8415.0,215984.0,50032.0,71691.0,61725.0,61725.0,32536.0
2013-05-03 00:00:00,8445.0,215074.0,48690.0,72610.0,61543.0,61543.0,32231.0
2013-05-10 00:00:00,8341.0,217662.0,47792.0,74387.0,63348.0,63348.0,32135.0
2013-05-17 00:00:00,8790.0,220677.0,47633.0,76576.0,63581.0,63581.0,32887.0
2013-05-24 00:00:00,8956.0,219163.0,48028.0,75990.0,62740.0,62740.0,32406.0
2013-05-31 00:00:00,8822.0,218797.0,48377.0,76994.0,60914.0,60914.0,32513.0
2013-06-07 00:00:00,8648.0,221545.0,49232.0,75558.0,63778.0,63778.0,32977.0
2013-06-14 00:00:00,8840.0,221728.0,49739.0,75548.0,62273.0,62273.0,34168.0
2013-06-21 00:00:00,8894.0,225381.0,49945.0,76137.0,63835.0,63835.0,35465.0
2013-06-28 00:00:00,9294.0,223662.0,48389.0,77871.0,62991.0,62991.0,34411.0
2013-07-05 00:00:00,9299.0,221028.0,47778.0,76110.0,62639.0,62639.0,34500.0
2013-07-12 00:00:00,8729.0,224083.0,48035.0,78168.0,62480.0,62480.0,35399.0
2013-07-19 00:00:00,8982.0,222694.0,49120.0,76899.0,61068.0,61068.0,35605.0
2013-07-26 00:00:00,9147.0,223464.0,48282.0,78394.0,60290.0,60290.0,36498.0
2013-08-02 00:00:00,9246.0,223599.0,48629.0,77232.0,61661.0,61661.0,36075.0
2013-08-09 00:00:00,9190.0,222430.0,48804.0,76660.0,61284.0,61284.0,35681.0
2013-08-16 00:00:00,9200.0,218401.0,48031.0,75628.0,58542.0,58542.0,36200.0
2013-08-23 00:00:00,9031.0,217814.0,47782.0,76557.0,58296.0,58296.0,35179.0
2013-08-30 00:00:00,9094.0,215987.0,46785.0,75571.0,58260.0,58260.0,35371.0
2013-09-06 00:00:00,8605.0,217645.0,47699.0,77880.0,56820.0,56820.0,35246.0
2013-09-13 00:00:00,9028.0,216018.0,47776.0,77738.0,56074.0,56074.0,34431.0
2013-09-20 00:00:00,8846.0,216235.0,48261.0,79391.0,54406.0,54406.0,34177.0
2013-09-27 00:00:00,8527.0,219730.0,50111.0,79518.0,55968.0,55968.0,34134.0
2013-10-04 00:00:00,8846.0,219879.0,49276.0,78579.0,58364.0,58364.0,33661.0
2013-10-11 00:00:00,9077.0,217309.0,49499.0,76457.0,57070.0,57070.0,34283.0
2013-10-18 00:00:00,8797.0,215504.0,49735.0,74223.0,57168.0,57168.0,34378.0
2013-10-25 00:00:00,9054.0,213791.0,49176.0,74196.0,56058.0,56058.0,34362.0
2013-11-01 00:00:00,9292.0,210036.0,48385.0,72367.0,54021.0,54021.0,35263.0
2013-11-08 00:00:00,9032.0,209198.0,48493.0,72711.0,52813.0,52813.0,35181.0
2013-11-15 00:00:00,8924.0,208853.0,48601.0,71980.0,52419.0,52419.0,35852.0
2013-11-22 00:00:00,8909.0,210604.0,48413.0,72125.0,53515.0,53515.0,36551.0
2013-11-29 00:00:00,8873.0,212432.0,48550.0,72233.0,54267.0,54267.0,37383.0
2013-12-06 00:00:00,8348.0,219149.0,48980.0,74920.0,57309.0,57309.0,37940.0
2013-12-13 00:00:00,9016.0,220486.0,50300.0,76294.0,56534.0,56534.0,37358.0
2013-12-20 00:00:00,9176.0,219872.0,49717.0,76601.0,56234.0,56234.0,37319.0
2013-12-27 00:00:00,8893.0,220716.0,50648.0,75617.0,57249.0,57249.0,37203.0
2014-01-03 00:00:00,8274.0,226959.0,52115.0,75987.0,59425.0,59425.0,39432.0
2014-01-10 00:00:00,8021.0,233142.0,52729.0,76551.0,62787.0,62787.0,41075.0
2014-01-17 00:00:00,8059.0,235265.0,53044.0,77084.0,62731.0,62731.0,42406.0
2014-01-24 00:00:00,8584.0,234446.0,53391.0,75325.0,63728.0,63728.0,42002.0
2014-01-31 00:00:00,8452.0,234951.0,52538.0,76787.0,64602.0,64602.0,41023.0
2014-02-07 00:00:00,8325.0,233098.0,53785.0,76493.0,63545.0,63545.0,39276.0
2014-02-14 00:00:00,8030.0,233407.0,54049.0,76993.0,63036.0,63036.0,39328.0
2014-02-21 00:00:00,8535.0,230600.0,52940.0,77505.0,61234.0,61234.0,38922.0
2014-02-28 00:00:00,8411.0,228996.0,53288.0,77839.0,59541.0,59541.0,38328.0
2014-03-07 00:00:00,8949.0,223766.0,52364.0,75684.0,58362.0,58362.0,37354.0
2014-03-14 00:00:00,8512.0,222299.0,50674.0,77953.0,56505.0,56505.0,37167.0
2014-03-21 00:00:00,9002.0,217198.0,47382.0,76305.0,57058.0,57058.0,36453.0
2014-03-28 00:00:00,8713.0,215624.0,47350.0,76807.0,55119.0,55119.0,36349.0
2014-04-04 00:00:00,8996.0,210436.0,47249.0,74540.0,53899.0,53899.0,34749.0
2014-04-11 00:00:00,8616.0,210282.0,48317.0,73781.0,54158.0,54158.0,34026.0
2014-04-18 00:00:00,8430.0,210008.0,48751.0,73354.0,54059.0,54059.0,33844.0
2014-04-25 00:00:00,8693.0,211572.0,49759.0,74457.0,54153.0,54153.0,33202.0
2014-05-02 00:00:00,8719.0,213180.0,50260.0,74736.0,54466.0,54466.0,33718.0
2014-05-09 00:00:00,9191.0,212408.0,49822.0,74198.0,55513.0,55513.0,32875.0
2014-05-16 00:00:00,9174.0,213378.0,49228.0,74353.0,56766.0,56766.0,33031.0
2014-05-23 00:00:00,9310.0,211575.0,47181.0,72921.0,59235.0,59235.0,32237.0
2014-05-30 00:00:00,9104.0,211785.0,45657.0,72379.0,60606.0,60606.0,33142.0
2014-06-06 00:00:00,8624.0,213482.0,46840.0,72125.0,60821.0,60821.0,33697.0
2014-06-13 00:00:00,9258.0,214267.0,47869.0,69571.0,62175.0,62175.0,34653.0
2014-06-20 00:00:00,8813.0,214977.0,47993.0,70911.0,62035.0,62035.0,34038.0
2014-06-27 00:00:00,9168.0,213742.0,48200.0,70663.0,60733.0,60733.0,34146.0
2014-07-04 00:00:00,8935.0,214321.0,48059.0,70513.0,61992.0,61992.0,33756.0
2014-07-11 00:00:00,9057.0,214492.0,49357.0,70913.0,60591.0,60591.0,33631.0
2014-07-18 00:00:00,8792.0,217871.0,49535.0,73530.0,60232.0,60232.0,34574.0
2014-07-25 00:00:00,9006.0,218236.0,48840.0,75471.0,60008.0,60008.0,33916.0
2014-08-01 00:00:00,9359.0,213849.0,47503.0,74814.0,58417.0,58417.0,33116.0
2014-08-08 00:00:00,8922.0,212689.0,47409.0,74148.0,57969.0,57969.0,33161.0
2014-08-15 00:00:00,8775.0,213274.0,47042.0,74251.0,58644.0,58644.0,33338.0
2014-08-22 00:00:00,9100.0,212314.0,46033.0,75196.0,57553.0,57553.0,33533.0
2014-08-29 00:00:00,9480.0,209992.0,46353.0,73461.0,56963.0,56963.0,33215.0
2014-09-05 00:00:00,8611.0,212373.0,47445.0,74019.0,57147.0,57147.0,33762.0
2014-09-12 00:00:00,8707.0,210738.0,47215.0,74485.0,54603.0,54603.0,34435.0
2014-09-19 00:00:00,8781.0,210324.0,47013.0,72360.0,55454.0,55454.0,35498.0
2014-09-26 00:00:00,8660.0,208488.0,47324.0,72606.0,53550.0,53550.0,35009.0
2014-10-03 00:00:00,8645.0,209668.0,47111.0,72378.0,54909.0,54909.0,35270.0
2014-10-10 00:00:00,9043.0,205673.0,46669.0,71795.0,52331.0,52331.0,34878.0
2014-10-17 00:00:00,8836.0,204374.0,45364.0,72742.0,52156.0,52156.0,34113.0
2014-10-24 00:00:00,8867.0,203138.0,45001.0,73637.0,50771.0,50771.0,33727.0
2014-10-31 00:00:00,9162.0,201760.0,43831.0,73299.0,51129.0,51129.0,33501.0
2014-11-07 00:00:00,9005.0,203565.0,43638.0,75812.0,50337.0,50337.0,33780.0
2014-11-14 00:00:00,9194.0,204599.0,44486.0,75213.0,49894.0,49894.0,35006.0
2014-11-21 00:00:00,9254.0,206424.0,43253.0,77796.0,49461.0,49461.0,35914.0
2014-11-28 00:00:00,9425.0,208567.0,43868.0,78525.0,50150.0,50150.0,36023.0
2014-12-05 00:00:00,8549.0,216764.0,45327.0,81350.0,52355.0,52355.0,37732.0
2014-12-12 00:00:00,9373.0,222014.0,47414.0,82021.0,53717.0,53717.0,38862.0
2014-12-19 00:00:00,9518.0,226097.0,48414.0,79851.0,57118.0,57118.0,40715.0
2014-12-26 00:00:00,9614.0,229048.0,50983.0,80262.0,57653.0,57653.0,40151.0
2015-01-02 00:00:00,8809.0,237163.0,52674.0,81492.0,62390.0,62390.0,40608.0
2015-01-09 00:00:00,8875.0,240334.0,54071.0,80567.0,64150.0,64150.0,41546.0
2015-01-16 00:00:00,8851.0,240922.0,52503.0,81321.0,66008.0,66008.0,41090.0
2015-01-23 00:00:00,9022.0,238335.0,52770.0,80968.0,64278.0,64278.0,40319.0
2015-01-30 00:00:00,8442.0,240670.0,53517.0,78283.0,68533.0,68533.0,40337.0
2015-02-06 00:00:00,8282.0,242647.0,53161.0,79498.0,69407.0,69407.0,40580.0
2015-02-13 00:00:00,8809.0,243132.0,54320.0,78183.0,70441.0,70441.0,40187.0
2015-02-20 00:00:00,8915.0,240014.0,53586.0,77911.0,69590.0,69590.0,38926.0
2015-02-27 00:00:00,8630.0,240060.0,54285.0,79056.0,67574.0,67574.0,39144.0
2015-03-06 00:00:00,8515.0,239873.0,54184.0,79740.0,68006.0,68006.0,37943.0
2015-03-13 00:00:00,9260.0,235400.0,53988.0,78613.0,67054.0,67054.0,35745.0
2015-03-20 00:00:00,8619.0,233386.0,51869.0,80163.0,66076.0,66076.0,35278.0
2015-03-27 00:00:00,9435.0,229128.0,52322.0,77888.0,64353.0,64353.0,34564.0
2015-04-03 00:00:00,8610.0,229945.0,52015.0,78584.0,64377.0,64377.0,34968.0
2015-04-10 00:00:00,8914.0,227873.0,52491.0,77827.0,62952.0,62952.0,34603.0
2015-04-17 00:00:00,9185.0,225738.0,53162.0,74864.0,63348.0,63348.0,34365.0
2015-04-24 00:00:00,8920.0,227451.0,53453.0,75971.0,63725.0,63725.0,34302.0
2015-05-01 00:00:00,8785.0,227852.0,52626.0,76312.0,64424.0,64424.0,34489.0
2015-05-08 00:00:00,9201.0,226710.0,51856.0,76706.0,63239.0,63239.0,34908.0
2015-05-15 00:00:00,9261.0,223936.0,50948.0,76516.0,62288.0,62288.0,34184.0
2015-05-22 00:00:00,9734.0,220627.0,49097.0,76750.0,60450.0,60450.0,34331.0
2015-05-29 00:00:00,8978.0,220293.0,49015.0,74999.0,61277.0,61277.0,35001.0
2015-06-05 00:00:00,9600.0,217354.0,48937.0,74556.0,58696.0,58696.0,35166.0
2015-06-12 00:00:00,9176.0,217814.0,48455.0,74409.0,59111.0,59111.0,35839.0
2015-06-19 00:00:00,9655.0,218494.0,48186.0,75010.0,59578.0,59578.0,35720.0
2015-06-26 00:00:00,9731.0,216737.0,48846.0,72382.0,59856.0,59856.0,35652.0
2015-07-03 00:00:00,9532.0,217952.0,48341.0,74489.0,60474.0,60474.0,34648.0
2015-07-10 00:00:00,9404.0,218010.0,49237.0,72993.0,62075.0,62075.0,33706.0
2015-07-17 00:00:00,9749.0,216285.0,48300.0,73547.0,60803.0,60803.0,33635.0
2015-07-24 00:00:00,9339.0,215922.0,48834.0,73776.0,59980.0,59980.0,33332.0
2015-07-31 00:00:00,9687.0,216733.0,48474.0,75413.0,59821.0,59821.0,33026.0
2015-08-07 00:00:00,9686.0,215482.0,47569.0,75264.0,59213.0,59213.0,33436.0
2015-08-14 00:00:00,9705.0,212774.0,46820.0,73407.0,59535.0,59535.0,33013.0
2015-08-21 00:00:00,9189.0,214434.0,47343.0,74523.0,60401.0,60401.0,32167.0
2015-08-28 00:00:00,9438.0,214163.0,47399.0,73612.0,59818.0,59818.0,33334.0
2015-09-04 00:00:00,9017.0,214547.0,49120.0,73853.0,57409.0,57409.0,34164.0
2015-09-11 00:00:00,8983.0,217387.0,47962.0,73551.0,60780.0,60780.0,35094.0
2015-09-18 00:00:00,9215.0,218756.0,47528.0,76968.0,58232.0,58232.0,36028.0
2015-09-25 00:00:00,9021.0,222010.0,47676.0,77329.0,60251.0,60251.0,36754.0
2015-10-02 00:00:00,8958.0,223920.0,46781.0,76860.0,63237.0,63237.0,37042.0
2015-10-09 00:00:00,9137.0,221302.0,46810.0,74731.0,63547.0,63547.0,36213.0
2015-10-16 00:00:00,9157.0,219784.0,46999.0,75521.0,61800.0,61800.0,35464.0
2015-10-23 00:00:00,9343.0,218647.0,45175.0,75951.0,62438.0,62438.0,35083.0
2015-10-30 00:00:00,9184.0,215347.0,45839.0,73641.0,60850.0,60850.0,35016.0
2015-11-06 00:00:00,9388.0,213245.0,46892.0,73243.0,58282.0,58282.0,34827.0
2015-11-13 00:00:00,9054.0,214254.0,47423.0,75083.0,57628.0,57628.0,34120.0
2015-11-20 00:00:00,8921.0,216732.0,47664.0,75941.0,58339.0,58339.0,34788.0
2015-11-27 00:00:00,9281.0,216867.0,48607.0,76024.0,57303.0,57303.0,34933.0
2015-12-04 00:00:00,9420.0,217653.0,49991.0,75107.0,57360.0,57360.0,35194.0
2015-12-11 00:00:00,9220.0,219384.0,50712.0,75460.0,58726.0,58726.0,34486.0
2015-12-18 00:00:00,9185.0,220495.0,52090.0,76896.0,56908.0,56908.0,34601.0
2015-12-25 00:00:00,9395.0,221420.0,50027.0,80297.0,57293.0,57293.0,33802.0
2016-01-01 00:00:00,8159.0,231996.0,53950.0,83114.0,59768.0,59768.0,35164.0
2016-01-08 00:00:00,8500.0,240434.0,57552.0,82612.0,62906.0,62906.0,37365.0
2016-01-15 00:00:00,9079.0,244997.0,58438.0,86276.0,61998.0,61998.0,38285.0
2016-01-22 00:00:00,8941.0,248461.0,58871.0,84657.0,64945.0,64945.0,39988.0
2016-01-29 00:00:00,8341.0,254399.0,61332.0,83608.0,67701.0,67701.0,41756.0
2016-02-05 00:00:00,9122.0,255657.0,62851.0,83717.0,68763.0,68763.0,40326.0
2016-02-12 00:00:00,9203.0,258693.0,61349.0,85464.0,70473.0,70473.0,41406.0
2016-02-19 00:00:00,9576.0,256457.0,59942.0,82510.0,72233.0,72233.0,41773.0
2016-02-26 00:00:00,9121.0,254989.0,59909.0,83497.0,70855.0,70855.0,40728.0
2016-03-04 00:00:00,9411.0,250463.0,59759.0,81289.0,68510.0,68510.0,40905.0
2016-03-11 00:00:00,9458.0,249716.0,58542.0,81271.0,69247.0,69247.0,40656.0
2016-03-18 00:00:00,9503.0,245074.0,58109.0,80730.0,66708.0,66708.0,39528.0
2016-03-25 00:00:00,9244.0,242560.0,57201.0,82038.0,64871.0,64871.0,38450.0
2016-04-01 00:00:00,9224.0,243998.0,56715.0,83548.0,65906.0,65906.0,37829.0
2016-04-08 00:00:00,9633.0,239761.0,55970.0,83334.0,63544.0,63544.0,36915.0
2016-04-15 00:00:00,9444.0,239651.0,54867.0,82636.0,65139.0,65139.0,37009.0
2016-04-22 00:00:00,9315.0,241259.0,54426.0,83215.0,66437.0,66437.0,37181.0
2016-04-29 00:00:00,9502.0,241795.0,54029.0,81249.0,68816.0,68816.0,37700.0
2016-05-06 00:00:00,9658.0,240564.0,53880.0,83214.0,66646.0,66646.0,36824.0
2016-05-13 00:00:00,9755.0,238068.0,52691.0,83061.0,66044.0,66044.0,36272.0
2016-05-20 00:00:00,9516.0,240111.0,52047.0,82218.0,68276.0,68276.0,37569.0
2016-05-27 00:00:00,9716.0,238619.0,52298.0,81826.0,67636.0,67636.0,36860.0
2016-06-03 00:00:00,9568.0,239629.0,53133.0,81032.0,68378.0,68378.0,37087.0
2016-06-10 00:00:00,9762.0,237004.0,50998.0,80841.0,69664.0,69664.0,35501.0
2016-06-17 00:00:00,9815.0,237631.0,53118.0,79602.0,68624.0,68624.0,36288.0
2016-06-24 00:00:00,9709.0,238998.0,52837.0,78047.0,72465.0,72465.0,35648.0
2016-07-01 00:00:00,9755.0,238876.0,51963.0,79815.0,71852.0,71852.0,35246.0
2016-07-08 00:00:00,9671.0,240089.0,52500.0,79301.0,72064.0,72064.0,36224.0
2016-07-15 00:00:00,9785.0,241000.0,53781.0,78853.0,72003.0,72003.0,36363.0
2016-07-22 00:00:00,9797.0,241452.0,51746.0,80235.0,72493.0,72493.0,36979.0
2016-07-29 00:00:00,9752.0,238190.0,51564.0,78585.0,71316.0,71316.0,36725.0
2016-08-05 00:00:00,9769.0,235383.0,50969.0,77267.0,70915.0,70915.0,36232.0
2016-08-12 00:00:00,9762.0,232659.0,48618.0,76595.0,70125.0,70125.0,37320.0
2016-08-19 00:00:00,9659.0,232695.0,48362.0,77958.0,69114.0,69114.0,37260.0
2016-08-26 00:00:00,9511.0,232004.0,49859.0,78513.0,67178.0,67178.0,36454.0
2016-09-02 00:00:00,9595.0,227793.0,51009.0,76586.0,64894.0,64894.0,35305.0
2016-09-09 00:00:00,9406.0,228360.0,50406.0,78916.0,64010.0,64010.0,35028.0
2016-09-16 00:00:00,9650.0,225156.0,50346.0,83681.0,55535.0,55535.0,35594.0
2016-09-23 00:00:00,8880.0,227183.0,50569.0,84995.0,56250.0,56250.0,35368.0
2016-09-30 00:00:00,9390.0,227405.0,49099.0,83876.0,59797.0,59797.0,34634.0
2016-10-07 00:00:00,9264.0,225498.0,50495.0,82177.0,57932.0,57932.0,34893.0
2016-10-14 00:00:00,8798.0,227967.0,51757.0,79958.0,60907.0,60907.0,35346.0
2016-10-21 00:00:00,9118.0,226011.0,51236.0,77124.0,62874.0,62874.0,34777.0
2016-10-28 00:00:00,9183.0,223804.0,49500.0,78912.0,60969.0,60969.0,34423.0
2016-11-04 00:00:00,9213.0,220963.0,48655.0,82580.0,55592.0,55592.0,34136.0
2016-11-11 00:00:00,9359.0,221709.0,48379.0,82222.0,56167.0,56167.0,34941.0
2016-11-18 00:00:00,9024.0,224026.0,48280.0,80681.0,58973.0,58973.0,36092.0
2016-11-25 00:00:00,9080.0,226123.0,48425.0,82323.0,59429.0,59429.0,35946.0
2016-12-02 00:00:00,8757.0,229548.0,49251.0,81697.0,61557.0,61557.0,37043.0
2016-12-09 00:00:00,8874.0,230045.0,49838.0,79953.0,63146.0,63146.0,37108.0
2016-12-16 00:00:00,9269.0,228736.0,51109.0,79509.0,61985.0,61985.0,36133.0
2016-12-23 00:00:00,9278.0,227143.0,50228.0,79098.0,61516.0,61516.0,36301.0
2016-12-30 00:00:00,8465.0,235450.0,51266.0,82453.0,65177.0,65177.0,36555.0
2017-01-06 00:00:00,8470.0,240473.0,51995.0,82741.0,67292.0,67292.0,38445.0
2017-01-13 00:00:00,8069.0,246424.0,53001.0,83665.0,70693.0,70693.0,39064.0
2017-01-20 00:00:00,8039.0,253220.0,56196.0,85990.0,71597.0,71597.0,39436.0
2017-01-27 00:00:00,8310.0,257086.0,59609.0,85188.0,73540.0,73540.0,38749.0
2017-02-03 00:00:00,8941.0,256217.0,60251.0,83203.0,73845.0,73845.0,38918.0
2017-02-10 00:00:00,8433.0,259063.0,59729.0,83391.0,76285.0,76285.0,39659.0
2017-02-17 00:00:00,8663.0,256435.0,60087.0,81702.0,75488.0,75488.0,39158.0
2017-02-24 00:00:00,8686.0,255889.0,60227.0,81631.0,75041.0,75041.0,38990.0
2017-03-03 00:00:00,9268.0,249334.0,60006.0,79307.0,71217.0,71217.0,38804.0
2017-03-10 00:00:00,9254.0,246279.0,59869.0,79956.0,69442.0,69442.0,37011.0
2017-03-17 00:00:00,9200.0,243468.0,58894.0,79988.0,68184.0,68184.0,36403.0
2017-03-24 00:00:00,9524.0,239721.0,58554.0,78489.0,65648.0,65648.0,37030.0
2017-03-31 00:00:00,9245.0,239103.0,57529.0,78514.0,65929.0,65929.0,37133.0
2017-04-07 00:00:00,9275.0,236130.0,56021.0,76676.0,65760.0,65760.0,37672.0
2017-04-14 00:00:00,9223.0,237672.0,55885.0,79184.0,64484.0,64484.0,38118.0
2017-04-21 00:00:00,9206.0,241041.0,55330.0,79259.0,67909.0,67909.0,38543.0
2017-04-28 00:00:00,9156.0,241232.0,56046.0,80126.0,67206.0,67206.0,37854.0
2017-05-05 00:00:00,9408.0,241082.0,55028.0,79184.0,69766.0,69766.0,37104.0
2017-05-12 00:00:00,9452.0,240669.0,53467.0,80249.0,70157.0,70157.0,36795.0
2017-05-19 00:00:00,9704.0,239882.0,53263.0,80047.0,69980.0,69980.0,36593.0
2017-05-26 00:00:00,9822.0,237024.0,52899.0,80080.0,68426.0,68426.0,35620.0
2017-06-02 00:00:00,9317.0,240348.0,54834.0,80884.0,69196.0,69196.0,35433.0
2017-06-09 00:00:00,9269.0,242444.0,55209.0,81270.0,68969.0,68969.0,36996.0
2017-06-16 00:00:00,9816.0,241866.0,54987.0,82794.0,67605.0,67605.0,36481.0
2017-06-23 00:00:00,9538.0,240972.0,54376.0,82341.0,68202.0,68202.0,36054.0
2017-06-30 00:00:00,9705.0,237303.0,53238.0,82644.0,66184.0,66184.0,35237.0
2017-07-07 00:00:00,9786.0,235656.0,53263.0,80934.0,66271.0,66271.0,35188.0
2017-07-14 00:00:00,9592.0,231211.0,54530.0,78766.0,64349.0,64349.0,33565.0
2017-07-21 00:00:00,9821.0,230196.0,52793.0,81636.0,62163.0,62163.0,33604.0
2017-07-28 00:00:00,9842.0,227679.0,51621.0,80387.0,62597.0,62597.0,33074.0
2017-08-04 00:00:00,9797.0,231103.0,52400.0,81772.0,63983.0,63983.0,32948.0
2017-08-11 00:00:00,9522.0,231125.0,51403.0,81958.0,64847.0,64847.0,32917.0
2017-08-18 00:00:00,9629.0,229902.0,52716.0,81779.0,63034.0,63034.0,32374.0
2017-08-25 00:00:00,9846.0,229937.0,52205.0,82411.0,62718.0,62718.0,32603.0
2017-09-01 00:00:00,9163.0,226738.0,51245.0,82351.0,60488.0,60488.0,32654.0
2017-09-08 00:00:00,9619.0,218310.0,51172.0,78701.0,54833.0,54833.0,33603.0
2017-09-15 00:00:00,9441.0,216185.0,52422.0,76301.0,53448.0,53448.0,34013.0
2017-09-22 00:00:00,9522.0,217292.0,51943.0,74214.0,55808.0,55808.0,35327.0
2017-09-29 00:00:00,9241.0,218936.0,50397.0,76092.0,56936.0,56936.0,35511.0
2017-10-06 00:00:00,9480.0,221426.0,49766.0,77071.0,58210.0,58210.0,36380.0
2017-10-13 00:00:00,9136.0,222334.0,48376.0,80053.0,57912.0,57912.0,35993.0
2017-10-20 00:00:00,9314.0,216869.0,46586.0,77653.0,56880.0,56880.0,35750.0
2017-10-27 00:00:00,9461.0,212849.0,45544.0,78803.0,53990.0,53990.0,34511.0
2017-11-03 00:00:00,9496.0,209537.0,44557.0,77992.0,52416.0,52416.0,34571.0
2017-11-10 00:00:00,9172.0,210431.0,45856.0,76577.0,52941.0,52941.0,35057.0
2017-11-17 00:00:00,9595.0,210475.0,45076.0,77016.0,53487.0,53487.0,34896.0
2017-11-24 00:00:00,8724.0,214102.0,45571.0,76897.0,56069.0,56069.0,35564.0
2017-12-01 00:00:00,8895.0,220882.0,47247.0,78399.0,58450.0,58450.0,36786.0
2017-12-08 00:00:00,9091.0,226546.0,47871.0,81563.0,59200.0,59200.0,37912.0
2017-12-15 00:00:00,9426.0,227783.0,47845.0,83992.0,57820.0,57820.0,38126.0
2017-12-22 00:00:00,9485.0,228374.0,48104.0,84270.0,58155.0,58155.0,37844.0
2017-12-29 00:00:00,8650.0,233187.0,50793.0,84071.0,58210.0,58210.0,40114.0
2018-01-05 00:00:00,8814.0,237322.0,52970.0,81711.0,61447.0,61447.0,41194.0
2018-01-12 00:00:00,8668.0,240942.0,53281.0,84334.0,60968.0,60968.0,42360.0
2018-01-19 00:00:00,8697.0,244040.0,55086.0,83520.0,63219.0,63219.0,42214.0
2018-01-26 00:00:00,9044.0,242060.0,55961.0,81074.0,63317.0,63317.0,41709.0
2018-02-02 00:00:00,9110.0,245474.0,56913.0,81220.0,64900.0,64900.0,42440.0
2018-02-09 00:00:00,9059.0,249073.0,57525.0,83460.0,66041.0,66041.0,42048.0
2018-02-16 00:00:00,9002.0,249334.0,58265.0,83428.0,65293.0,65293.0,42347.0
2018-02-23 00:00:00,8860.0,251817.0,60007.0,85265.0,65244.0,65244.0,41302.0
2018-03-02 00:00:00,9276.0,251029.0,60888.0,85708.0,61856.0,61856.0,42577.0
2018-03-09 00:00:00,9642.0,244758.0,60071.0,84869.0,59462.0,59462.0,40355.0
2018-03-16 00:00:00,9324.0,243065.0,58775.0,83784.0,59668.0,59668.0,40838.0
2018-03-23 00:00:00,9208.0,239593.0,58297.0,84202.0,56349.0,56349.0,40745.0
2018-03-30 00:00:00,9203.0,238477.0,57849.0,83232.0,57423.0,57423.0,39974.0
2018-04-06 00:00:00,9273.0,238935.0,57823.0,81692.0,60524.0,60524.0,38896.0
2018-04-13 00:00:00,9857.0,235967.0,57022.0,81011.0,60254.0,60254.0,37680.0
2018-04-20 00:00:00,9083.0,236807.0,56591.0,82478.0,60798.0,60798.0,36941.0
2018-04-27 00:00:00,9090.0,237978.0,56251.0,81875.0,62055.0,62055.0,37798.0
2018-05-04 00:00:00,9775.0,235804.0,55923.0,79143.0,63897.0,63897.0,36842.0
2018-05-11 00:00:00,9531.0,232014.0,54338.0,78149.0,63223.0,63223.0,36304.0
2018-05-18 00:00:00,9689.0,233897.0,52645.0,78918.0,65235.0,65235.0,37100.0
2018-05-25 00:00:00,9689.0,234431.0,52712.0,78894.0,64712.0,64712.0,38114.0
2018-06-01 00:00:00,8976.0,239034.0,52198.0,81989.0,66936.0,66936.0,37911.0
2018-06-08 00:00:00,9879.0,236763.0,52497.0,80217.0,65676.0,65676.0,38372.0
2018-06-15 00:00:00,9326.0,240040.0,52578.0,83603.0,65925.0,65925.0,37935.0
2018-06-22 00:00:00,9731.0,241196.0,53221.0,83125.0,67094.0,67094.0,37756.0
2018-06-29 00:00:00,9869.0,239691.0,53658.0,82672.0,65510.0,65510.0,37852.0
2018-07-06 00:00:00,9275.0,238997.0,53119.0,81585.0,66471.0,66471.0,37822.0
2018-07-13 00:00:00,9708.0,235832.0,52248.0,79920.0,66323.0,66323.0,37340.0
2018-07-20 00:00:00,9846.0,233504.0,51559.0,79020.0,65225.0,65225.0,37700.0
2018-07-27 00:00:00,9878.0,230968.0,51439.0,78319.0,64049.0,64049.0,37161.0
2018-08-03 00:00:00,9346.0,233868.0,53127.0,79610.0,64055.0,64055.0,37075.0
2018-08-10 00:00:00,9512.0,233128.0,52892.0,80155.0,63267.0,63267.0,36813.0
2018-08-17 00:00:00,9453.0,234328.0,53383.0,81493.0,63234.0,63234.0,36218.0
2018-08-24 00:00:00,9899.0,232774.0,52968.0,80869.0,64071.0,64071.0,34866.0
2018-08-31 00:00:00,9734.0,234619.0,53059.0,80629.0,66088.0,66088.0,34843.0
2018-09-07 00:00:00,9649.0,235869.0,53050.0,81229.0,66754.0,66754.0,34837.0
2018-09-14 00:00:00,9534.0,234150.0,52376.0,80556.0,65792.0,65792.0,35425.0
2018-09-21 00:00:00,8987.0,235680.0,52215.0,81477.0,67407.0,67407.0,34582.0
2018-09-28 00:00:00,9102.0,235221.0,51554.0,79573.0,69262.0,69262.0,34833.0
2018-10-05 00:00:00,9078.0,236172.0,52151.0,78362.0,70625.0,70625.0,35034.0
2018-10-12 00:00:00,9182.0,234156.0,51695.0,78133.0,70023.0,70023.0,34306.0
2018-10-19 00:00:00,9324.0,229330.0,49801.0,77875.0,67707.0,67707.0,33947.0
2018-10-26 00:00:00,9262.0,226169.0,47277.0,80574.0,64581.0,64581.0,33737.0
2018-11-02 00:00:00,9099.0,228021.0,46421.0,82933.0,64418.0,64418.0,34248.0
2018-11-09 00:00:00,9192.0,226610.0,46639.0,81823.0,64688.0,64688.0,33460.0
2018-11-16 00:00:00,9185.0,225315.0,46175.0,83759.0,61702.0,61702.0,33679.0
2018-11-23 00:00:00,9188.0,224551.0,46854.0,82817.0,61070.0,61070.0,33809.0
2018-11-30 00:00:00,8877.0,226250.0,49407.0,80781.0,61392.0,61392.0,34670.0
2018-12-07 00:00:00,9036.0,228337.0,49757.0,83809.0,59490.0,59490.0,35281.0
2018-12-14 00:00:00,9243.0,230103.0,51416.0,83552.0,60508.0,60508.0,34626.0
2018-12-21 00:00:00,9348.0,233106.0,53060.0,85668.0,60334.0,60334.0,34045.0
2018-12-28 00:00:00,8623.0,239996.0,54260.0,89177.0,61058.0,61058.0,35501.0
2019-01-04 00:00:00,8735.0,248062.0,56990.0,89374.0,63547.0,63547.0,38152.0
2019-01-11 00:00:00,8565.0,255565.0,59933.0,90960.0,66002.0,66002.0,38669.0
2019-01-18 00:00:00,8868.0,259615.0,61245.0,90585.0,68079.0,68079.0,39706.0
2019-01-25 00:00:00,9564.0,257380.0,61541.0,86630.0,69028.0,69028.0,40181.0
2019-02-01 00:00:00,9073.0,257893.0,61894.0,84756.0,71295.0,71295.0,39947.0
2019-02-08 00:00:00,8648.0,258301.0,58673.0,90480.0,69520.0,69520.0,39629.0
2019-02-15 00:00:00,8800.0,256847.0,59446.0,89558.0,67588.0,67588.0,40254.0
2019-02-22 00:00:00,8981.0,254941.0,58535.0,87436.0,68555.0,68555.0,40415.0
2019-03-01 00:00:00,9062.0,250714.0,58390.0,87216.0,64986.0,64986.0,40121.0
2019-03-08 00:00:00,9140.0,246090.0,56860.0,85514.0,63528.0,63528.0,40188.0
2019-03-15 00:00:00,9409.0,241503.0,55785.0,83071.0,63970.0,63970.0,38676.0
2019-03-22 00:00:00,9124.0,238620.0,54866.0,80844.0,64542.0,64542.0,38368.0
2019-03-29 00:00:00,9131.0,236839.0,53812.0,81449.0,63589.0,63589.0,37989.0
2019-04-05 00:00:00,9806.0,229129.0,52281.0,80724.0,60292.0,60292.0,35833.0
2019-04-12 00:00:00,9420.0,227955.0,51866.0,82083.0,59203.0,59203.0,34803.0
2019-04-19 00:00:00,9409.0,225826.0,50576.0,80255.0,60064.0,60064.0,34931.0
2019-04-26 00:00:00,9228.0,226743.0,50754.0,81986.0,59508.0,59508.0,34494.0
2019-05-03 00:00:00,9871.0,226147.0,50247.0,81449.0,60601.0,60601.0,33850.0
2019-05-10 00:00:00,9148.0,225024.0,49463.0,82952.0,59924.0,59924.0,32685.0
2019-05-17 00:00:00,9429.0,228740.0,47388.0,83466.0,63745.0,63745.0,34141.0
2019-05-24 00:00:00,9394.0,230944.0,47842.0,84713.0,63218.0,63218.0,35172.0
2019-05-31 00:00:00,9441.0,234149.0,48148.0,82896.0,65107.0,65107.0,37998.0
2019-06-07 00:00:00,9877.0,234913.0,48337.0,84560.0,63528.0,63528.0,38487.0
2019-06-14 00:00:00,9928.0,233221.0,48953.0,83470.0,62148.0,62148.0,38650.0
2019-06-21 00:00:00,9466.0,232225.0,49294.0,83685.0,60884.0,60884.0,38364.0
2019-06-28 00:00:00,9492.0,230642.0,49263.0,84658.0,58557.0,58557.0,38165.0
2019-07-05 00:00:00,9754.0,229187.0,49746.0,81746.0,59271.0,59271.0,38424.0
2019-07-12 00:00:00,9214.0,232752.0,50074.0,83814.0,59532.0,59532.0,39331.0
2019-07-19 00:00:00,9673.0,232526.0,50066.0,82992.0,59941.0,59941.0,39526.0
2019-07-26 00:00:00,9559.0,230735.0,49000.0,83849.0,59111.0,59111.0,38776.0
2019-08-02 00:00:00,9651.0,235172.0,50111.0,84758.0,61048.0,61048.0,39257.0
2019-08-09 00:00:00,9932.0,233760.0,50146.0,84372.0,61588.0,61588.0,37655.0
2019-08-16 00:00:00,9626.0,234072.0,51156.0,83277.0,62369.0,62369.0,37269.0
2019-08-23 00:00:00,9900.0,231982.0,51213.0,80317.0,63958.0,63958.0,36495.0
2019-08-30 00:00:00,9471.0,229586.0,51483.0,77177.0,65000.0,65000.0,35929.0
2019-09-06 00:00:00,9807.0,228904.0,53046.0,76008.0,63655.0,63655.0,36194.0
2019-09-13 00:00:00,8939.0,229685.0,52507.0,78649.0,62350.0,62350.0,36176.0
2019-09-20 00:00:00,9346.0,230204.0,50709.0,80323.0,64372.0,64372.0,34798.0
2019-09-27 00:00:00,9137.0,229976.0,51002.0,79388.0,64908.0,64908.0,34677.0
2019-10-04 00:00:00,9460.0,228763.0,50977.0,80353.0,63465.0,63465.0,33968.0
2019-10-11 00:00:00,9354.0,226201.0,50556.0,79090.0,62921.0,62921.0,33631.0
2019-10-18 00:00:00,9590.0,223094.0,48574.0,78620.0,62371.0,62371.0,33531.0
2019-10-25 00:00:00,9784.0,220057.0,47999.0,79059.0,59639.0,59639.0,33360.0
2019-11-01 00:00:00,9145.0,217229.0,46536.0,78428.0,59326.0,59326.0,32937.0
2019-11-08 00:00:00,9321.0,219090.0,46917.0,78505.0,60129.0,60129.0,33541.0
2019-11-15 00:00:00,9192.0,220846.0,46411.0,80656.0,58349.0,58349.0,35429.0
2019-11-22 00:00:00,9204.0,225978.0,48002.0,82867.0,59147.0,59147.0,35962.0
2019-11-29 00:00:00,9032.0,229363.0,48804.0,82982.0,60709.0,60709.0,36870.0
2019-12-06 00:00:00,8882.0,234768.0,50273.0,83473.0,62380.0,62380.0,38644.0
2019-12-13 00:00:00,9411.0,237297.0,51637.0,83449.0,62945.0,62945.0,39265.0
2019-12-20 00:00:00,9303.0,239260.0,52028.0,85696.0,62347.0,62347.0,39190.0
2019-12-27 00:00:00,8961.0,242472.0,53511.0,85595.0,63895.0,63895.0,39472.0
2020-01-03 00:00:00,8133.0,251609.0,55085.0,90969.0,64604.0,64604.0,40951.0
2020-01-10 00:00:00,8558.0,258287.0,56544.0,94337.0,65229.0,65229.0,42176.0
2020-01-17 00:00:00,8662.0,260032.0,58202.0,95307.0,65338.0,65338.0,41185.0
2020-01-24 00:00:00,8793.0,261235.0,57933.0,95781.0,66006.0,66006.0,41516.0
2020-01-31 00:00:00,8933.0,261144.0,58655.0,93984.0,66984.0,66984.0,41521.0
2020-02-07 00:00:00,8722.0,261049.0,58776.0,93255.0,67350.0,67350.0,41667.0
2020-02-14 00:00:00,8918.0,259078.0,59197.0,92978.0,66502.0,66502.0,40402.0
2020-02-21 00:00:00,9035.0,256387.0,59079.0,91558.0,65148.0,65148.0,40602.0
2020-02-28 00:00:00,9186.0,252048.0,60099.0,87758.0,63526.0,63526.0,40665.0
2020-03-06 00:00:00,9449.0,246999.0,58231.0,84019.0,63992.0,63992.0,40757.0
2020-03-13 00:00:00,9696.0,240819.0,57047.0,82698.0,62050.0,62050.0,39024.0
2020-03-20 00:00:00,8837.0,239282.0,56278.0,82322.0,60803.0,60803.0,39879.0
2020-03-27 00:00:00,6659.0,246806.0,57947.0,79800.0,65929.0,65929.0,43130.0
2020-04-03 00:00:00,5065.0,257303.0,60549.0,81897.0,70512.0,70512.0,44344.0
2020-04-10 00:00:00,5081.0,262217.0,60199.0,85907.0,71893.0,71893.0,44217.0
2020-04-17 00:00:00,5311.0,263234.0,58491.0,87145.0,73895.0,73895.0,43702.0
2020-04-24 00:00:00,5860.0,259565.0,57571.0,88106.0,72531.0,72531.0,41357.0
2020-05-01 00:00:00,6664.0,256407.0,56440.0,89541.0,70836.0,70836.0,39590.0
2020-05-08 00:00:00,7398.0,252894.0,54770.0,88342.0,70961.0,70961.0,38823.0
2020-05-15 00:00:00,6790.0,255724.0,54776.0,90253.0,71873.0,71873.0,38823.0
2020-05-22 00:00:00,7253.0,255000.0,55045.0,89162.0,73781.0,73781.0,37012.0
2020-05-29 00:00:00,7549.0,257795.0,54415.0,91648.0,74215.0,74215.0,37518.0
2020-06-05 00:00:00,7900.0,258661.0,54033.0,91742.0,75110.0,75110.0,37777.0
2020-06-12 00:00:00,7870.0,256995.0,54488.0,90842.0,74138.0,74138.0,37526.0
2020-06-19 00:00:00,8608.0,255322.0,52592.0,90147.0,75435.0,75435.0,37148.0
2020-06-26 00:00:00,8561.0,256521.0,52470.0,91085.0,75209.0,75209.0,37756.0
2020-07-03 00:00:00,8766.0,251682.0,50591.0,91586.0,72380.0,72380.0,37125.0
2020-07-10 00:00:00,8648.0,248535.0,51209.0,87694.0,71092.0,71092.0,38540.0
2020-07-17 00:00:00,8550.0,246733.0,50680.0,89723.0,67688.0,67688.0,38641.0
2020-07-24 00:00:00,8809.0,247387.0,51140.0,91045.0,67999.0,67999.0,37203.0
2020-07-31 00:00:00,8617.0,247806.0,50691.0,91896.0,68498.0,68498.0,36721.0
2020-08-07 00:00:00,8883.0,247084.0,50324.0,92884.0,68255.0,68255.0,35622.0
2020-08-14 00:00:00,8630.0,243762.0,50201.0,89325.0,68156.0,68156.0,36079.0
2020-08-21 00:00:00,9161.0,239179.0,49677.0,90046.0,63717.0,63717.0,35738.0
2020-08-28 00:00:00,8786.0,234859.0,49060.0,87164.0,63224.0,63224.0,35410.0
2020-09-04 00:00:00,8390.0,231905.0,48165.0,86554.0,60427.0,60427.0,36759.0
2020-09-11 00:00:00,8478.0,231524.0,48100.0,84382.0,62182.0,62182.0,36859.0
2020-09-18 00:00:00,8515.0,227499.0,46498.0,84211.0,59395.0,59395.0,37395.0
2020-09-25 00:00:00,8529.0,228182.0,45581.0,84187.0,59773.0,59773.0,38641.0
2020-10-02 00:00:00,8896.0,226747.0,46196.0,80449.0,61459.0,61459.0,38643.0
2020-10-09 00:00:00,8576.0,225121.0,47560.0,80049.0,59547.0,59547.0,37964.0
2020-10-16 00:00:00,8289.0,227016.0,48280.0,81674.0,60090.0,60090.0,36973.0
2020-10-23 00:00:00,8545.0,226124.0,48188.0,80010.0,60534.0,60534.0,37392.0
2020-10-30 00:00:00,8336.0,227665.0,48238.0,81574.0,61664.0,61664.0,36189.0
2020-11-06 00:00:00,8762.0,225356.0,48353.0,78954.0,61783.0,61783.0,36267.0
2020-11-13 00:00:00,8258.0,227967.0,48858.0,80094.0,62596.0,62596.0,36420.0
2020-11-20 00:00:00,8129.0,230147.0,49959.0,79406.0,63714.0,63714.0,37068.0
2020-11-27 00:00:00,7973.0,233638.0,50199.0,82059.0,64506.0,64506.0,36874.0
2020-12-04 00:00:00,7600.0,237859.0,51781.0,80735.0,66478.0,66478.0,38865.0
2020-12-11 00:00:00,7975.0,238879.0,51742.0,81063.0,67133.0,67133.0,38940.0
2020-12-18 00:00:00,8022.0,237754.0,49027.0,80733.0,68789.0,68789.0,39205.0
2020-12-25 00:00:00,8128.0,236562.0,49208.0,81953.0,66616.0,66616.0,38785.0
2021-01-01 00:00:00,7441.0,241081.0,51133.0,82087.0,67784.0,67784.0,40076.0
2021-01-08 00:00:00,7532.0,245476.0,53047.0,82743.0,68132.0,68132.0,41555.0
2021-01-15 00:00:00,8112.0,245217.0,53251.0,82777.0,68094.0,68094.0,41095.0
2021-01-22 00:00:00,7833.0,247686.0,53668.0,83633.0,68274.0,68274.0,42110.0
2021-01-29 00:00:00,7770.0,252153.0,55152.0,87701.0,66659.0,66659.0,42640.0
2021-02-05 00:00:00,7857.0,256412.0,54733.0,89700.0,70085.0,70085.0,41894.0
2021-02-12 00:00:00,8407.0,257084.0,54072.0,90073.0,71095.0,71095.0,41845.0
2021-02-19 00:00:00,7207.0,257096.0,53635.0,90877.0,70981.0,70981.0,41603.0
2021-02-26 00:00:00,8148.0,243472.0,51337.0,79849.0,71184.0,71184.0,41101.0
2021-03-05 00:00:00,8726.0,231603.0,51149.0,76187.0,63691.0,63691.0,40576.0
2021-03-12 00:00:00,8442.0,232075.0,51903.0,76954.0,63072.0,63072.0,40147.0
2021-03-19 00:00:00,8616.0,232279.0,51827.0,77836.0,62958.0,62958.0,39657.0
2021-03-26 00:00:00,8891.0,230544.0,49471.0,79605.0,61392.0,61392.0,40076.0
2021-04-02 00:00:00,8781.0,234588.0,50461.0,80443.0,63993.0,63993.0,39691.0
2021-04-09 00:00:00,8944.0,234897.0,48560.0,82713.0,63571.0,63571.0,40052.0
2021-04-16 00:00:00,9104.0,234982.0,48457.0,81764.0,64791.0,64791.0,39970.0
2021-04-23 00:00:00,8877.0,235074.0,47995.0,83600.0,64143.0,64143.0,39336.0
2021-04-30 00:00:00,8864.0,235811.0,47143.0,85708.0,64586.0,64586.0,38374.0
2021-05-07 00:00:00,8800.0,236189.0,47287.0,85684.0,64600.0,64600.0,38618.0
2021-05-14 00:00:00,9224.0,234226.0,45560.0,91417.0,60021.0,60021.0,37228.0
2021-05-21 00:00:00,9479.0,232481.0,46273.0,89156.0,60362.0,60362.0,36690.0
2021-05-28 00:00:00,9146.0,233980.0,46132.0,88823.0,62391.0,62391.0,36635.0
2021-06-04 00:00:00,8480.0,241026.0,48361.0,90709.0,65794.0,65794.0,36163.0
2021-06-11 00:00:00,9360.0,242980.0,48626.0,89805.0,68347.0,68347.0,36201.0
2021-06-18 00:00:00,9440.0,240050.0,49606.0,85523.0,68894.0,68894.0,36028.0
2021-06-25 00:00:00,9173.0,241572.0,50175.0,85189.0,70701.0,70701.0,35508.0
2021-07-02 00:00:00,10043.0,235497.0,51010.0,80484.0,69031.0,69031.0,34971.0
2021-07-09 00:00:00,9283.0,236535.0,51783.0,81104.0,68846.0,68846.0,34802.0
2021-07-16 00:00:00,9295.0,236414.0,51564.0,81531.0,67886.0,67886.0,35434.0
2021-07-23 00:00:00,9325.0,234161.0,51115.0,82445.0,64704.0,64704.0,35897.0
2021-07-30 00:00:00,9775.0,228870.0,49457.0,82068.0,61197.0,61197.0,36148.0
2021-08-06 00:00:00,9430.0,227469.0,47970.0,82575.0,61610.0,61610.0,35314.0
2021-08-13 00:00:00,9333.0,228165.0,49118.0,84690.0,58696.0,58696.0,35661.0
2021-08-20 00:00:00,9572.0,225924.0,48984.0,84903.0,56381.0,56381.0,35655.0
2021-08-27 00:00:00,9578.0,227214.0,47889.0,84961.0,57662.0,57662.0,36703.0
2021-09-03 00:00:00,9608.0,219999.0,46878.0,81805.0,54080.0,54080.0,37236.0
2021-09-10 00:00:00,8892.0,218142.0,46781.0,79996.0,53797.0,53797.0,37567.0
2021-09-17 00:00:00,8896.0,221616.0,46933.0,81522.0,53907.0,53907.0,39254.0
2021-09-24 00:00:00,9399.0,221809.0,46537.0,82341.0,55439.0,55439.0,37493.0
2021-10-01 00:00:00,9427.0,225065.0,47223.0,82035.0,57792.0,57792.0,38015.0
2021-10-08 00:00:00,9186.0,223107.0,46173.0,82448.0,57218.0,57218.0,37269.0
2021-10-15 00:00:00,9634.0,217739.0,45663.0,80912.0,54500.0,54500.0,36664.0
2021-10-22 00:00:00,9323.0,215746.0,45391.0,79910.0,54071.0,54071.0,36373.0
2021-10-29 00:00:00,9504.0,214258.0,44338.0,81460.0,52311.0,52311.0,36148.0
2021-11-05 00:00:00,9259.0,212703.0,44448.0,79645.0,52926.0,52926.0,35684.0
2021-11-12 00:00:00,9241.0,211996.0,43780.0,79168.0,53831.0,53831.0,35216.0
2021-11-19 00:00:00,9334.0,211393.0,44263.0,78690.0,53814.0,53814.0,34625.0
2021-11-26 00:00:00,8796.0,215422.0,44860.0,81079.0,54717.0,54717.0,34766.0
2021-12-03 00:00:00,8963.0,219304.0,46449.0,81143.0,56969.0,56969.0,34742.0
2021-12-10 00:00:00,9472.0,218585.0,47871.0,78956.0,56879.0,56879.0,34879.0
2021-12-17 00:00:00,8986.0,224118.0,49582.0,80299.0,58208.0,58208.0,36029.0
2021-12-24 00:00:00,9724.0,222659.0,48881.0,80512.0,58221.0,58221.0,35045.0
2021-12-31 00:00:00,8172.0,232787.0,50859.0,81903.0,63178.0,63178.0,36846.0
2022-01-07 00:00:00,7906.0,240748.0,54669.0,82854.0,63912.0,63912.0,39313.0
2022-01-14 00:00:00,8224.0,246621.0,56572.0,85719.0,64497.0,64497.0,39833.0
2022-01-21 00:00:00,8505.0,247918.0,57483.0,85313.0,64403.0,64403.0,40719.0
2022-01-28 00:00:00,8226.0,250037.0,57915.0,85300.0,65781.0,65781.0,41041.0
2022-02-04 00:00:00,9126.0,248393.0,58668.0,86052.0,62985.0,62985.0,40687.0
2022-02-11 00:00:00,8570.0,247061.0,59872.0,84313.0,63083.0,63083.0,39793.0
2022-02-18 00:00:00,8657.0,246479.0,60926.0,84905.0,62156.0,62156.0,38491.0
2022-02-25 00:00:00,8743.0,246011.0,61313.0,85570.0,60788.0,60788.0,38341.0
2022-03-04 00:00:00,8962.0,244606.0,59844.0,85713.0,60627.0,60627.0,38422.0
2022-03-11 00:00:00,8944.0,240991.0,58534.0,84883.0,60652.0,60652.0,36921.0
2022-03-18 00:00:00,8637.0,238043.0,57847.0,85415.0,57206.0,57206.0,37574.0
2022-03-25 00:00:00,8499.0,238828.0,57655.0,86701.0,57696.0,57696.0,36776.0
2022-04-01 00:00:00,8562.0,236787.0,56666.0,86107.0,56361.0,56361.0,37654.0
2022-04-08 00:00:00,8736.0,233139.0,53813.0,85979.0,55540.0,55540.0,37806.0
2022-04-15 00:00:00,8868.0,232378.0,54015.0,86905.0,53831.0,53831.0,37626.0
2022-04-22 00:00:00,8739.0,230805.0,52277.0,89280.0,50654.0,50654.0,38595.0
2022-04-29 00:00:00,8856.0,228575.0,50327.0,87155.0,52295.0,52295.0,38797.0
2022-05-06 00:00:00,8702.0,224968.0,49694.0,85578.0,51767.0,51767.0,37928.0
2022-05-13 00:00:00,9027.0,220189.0,47357.0,83908.0,51408.0,51408.0,37517.0
2022-05-20 00:00:00,8798.0,219707.0,46600.0,83803.0,52070.0,52070.0,37233.0
2022-05-27 00:00:00,8977.0,218996.0,44996.0,86634.0,51336.0,51336.0,36030.0
2022-06-03 00:00:00,9199.0,218184.0,44586.0,83222.0,53171.0,53171.0,37205.0
2022-06-10 00:00:00,9093.0,217474.0,45033.0,82661.0,52540.0,52540.0,37241.0
2022-06-17 00:00:00,8505.0,218963.0,46324.0,83315.0,52349.0,52349.0,36975.0
2022-06-24 00:00:00,8922.0,221608.0,46792.0,83862.0,53375.0,53375.0,37580.0
2022-07-01 00:00:00,9413.0,219112.0,47161.0,82995.0,52548.0,52548.0,36407.0
2022-07-08 00:00:00,8062.0,224937.0,47324.0,85499.0,55238.0,55238.0,36875.0
2022-07-15 00:00:00,8521.0,228435.0,49068.0,86244.0,54664.0,54664.0,38460.0
2022-07-22 00:00:00,9245.0,225131.0,48579.0,86759.0,52720.0,52720.0,37073.0
2022-07-29 00:00:00,8541.0,225294.0,48620.0,88155.0,51677.0,51677.0,36841.0
2022-08-05 00:00:00,9123.0,220316.0,47955.0,85940.0,50735.0,50735.0,35685.0
2022-08-12 00:00:00,9348.0,215674.0,46724.0,83781.0,50853.0,50853.0,34316.0
2022-08-19 00:00:00,8434.0,215647.0,46776.0,81398.0,53592.0,53592.0,33882.0
2022-08-26 00:00:00,8591.0,214475.0,46220.0,83388.0,51853.0,51853.0,33014.0
2022-09-02 00:00:00,8727.0,214808.0,44591.0,84615.0,53379.0,53379.0,32223.0
2022-09-09 00:00:00,8494.0,213040.0,42550.0,82670.0,55966.0,55966.0,31855.0
2022-09-16 00:00:00,8322.0,214610.0,43664.0,82435.0,56437.0,56437.0,32074.0
2022-09-23 00:00:00,8825.0,212188.0,43576.0,82388.0,55174.0,55174.0,31050.0
2022-09-30 00:00:00,9465.0,207460.0,43941.0,78611.0,54240.0,54240.0,30668.0
2022-10-07 00:00:00,8276.0,209482.0,45032.0,79068.0,54551.0,54551.0,30832.0
2022-10-14 00:00:00,8678.0,209368.0,45490.0,78065.0,54182.0,54182.0,31632.0
2022-10-21 00:00:00,8930.0,207890.0,45559.0,78719.0,51104.0,51104.0,32509.0
2022-10-28 00:00:00,8660.0,206633.0,44816.0,78943.0,50212.0,50212.0,32661.0
2022-11-04 00:00:00,9011.0,205733.0,44924.0,77621.0,49141.0,49141.0,34048.0
2022-11-11 00:00:00,8742.0,207940.0,44543.0,79597.0,49253.0,49253.0,34547.0
2022-11-18 00:00:00,8327.0,210998.0,45112.0,82721.0,47069.0,47069.0,36096.0
2022-11-25 00:00:00,8317.0,213768.0,44791.0,82949.0,49201.0,49201.0,36826.0
2022-12-02 00:00:00,8358.0,219087.0,47357.0,83358.0,50551.0,50551.0,37821.0
2022-12-09 00:00:00,8255.0,223583.0,47521.0,85679.0,52510.0,52510.0,37873.0
2022-12-16 00:00:00,8714.0,226113.0,46847.0,85234.0,55855.0,55855.0,38177.0
2022-12-23 00:00:00,9327.0,223008.0,46425.0,84096.0,53833.0,53833.0,38654.0
2022-12-30 00:00:00,7514.0,222662.0,45649.0,80038.0,56912.0,56912.0,40063.0
2023-01-06 00:00:00,7558.0,226776.0,47201.0,80860.0,57331.0,57331.0,41384.0
2023-01-13 00:00:00,8054.0,230259.0,46617.0,85307.0,56873.0,56873.0,41462.0
2023-01-20 00:00:00,8142.0,232022.0,47360.0,84416.0,59195.0,59195.0,41050.0
2023-01-27 00:00:00,8491.0,234598.0,48607.0,85249.0,60577.0,60577.0,40163.0
2023-02-03 00:00:00,8428.0,239606.0,50302.0,87715.0,61333.0,61333.0,40256.0
2023-02-10 00:00:00,8274.0,241922.0,49902.0,88242.0,64363.0,64363.0,39415.0
2023-02-17 00:00:00,8910.0,240066.0,51292.0,86805.0,63550.0,63550.0,38419.0
2023-02-24 00:00:00,9112.0,239192.0,51794.0,86951.0,62526.0,62526.0,37922.0
2023-03-03 00:00:00,8562.0,238058.0,51667.0,84874.0,62620.0,62620.0,38897.0
2023-03-10 00:00:00,8594.0,235997.0,51965.0,85110.0,60888.0,60888.0,38035.0
2023-03-17 00:00:00,8960.0,229598.0,50982.0,81982.0,58750.0,58750.0,37884.0
2023-03-24 00:00:00,9145.0,226694.0,50320.0,81979.0,55950.0,55950.0,38445.0
2023-03-31 00:00:00,9295.0,222575.0,49511.0,81585.0,53319.0,53319.0,38160.0
2023-04-07 00:00:00,8936.0,222245.0,48251.0,83938.0,51189.0,51189.0,38866.0
2023-04-14 00:00:00,8519.0,223544.0,47091.0,84735.0,52447.0,52447.0,39272.0
2023-04-21 00:00:00,9511.0,221136.0,46606.0,83735.0,51376.0,51376.0,39419.0
2023-04-28 00:00:00,8618.0,222878.0,45597.0,86015.0,52966.0,52966.0,38300.0
2023-05-05 00:00:00,9303.0,219711.0,45178.0,85125.0,52662.0,52662.0,36745.0
2023-05-12 00:00:00,8908.0,218330.0,44388.0,85750.0,52346.0,52346.0,35846.0
2023-05-19 00:00:00,9437.0,216277.0,43749.0,85045.0,53097.0,53097.0,34386.0
2023-05-26 00:00:00,9098.0,216070.0,44155.0,83898.0,53234.0,53234.0,34782.0
2023-06-02 00:00:00,9218.0,218815.0,44463.0,83190.0,54686.0,54686.0,36476.0
2023-06-09 00:00:00,9193.0,220923.0,42935.0,84996.0,57097.0,57097.0,35896.0
2023-06-16 00:00:00,9375.0,221402.0,43948.0,82525.0,59066.0,59066.0,35863.0
2023-06-23 00:00:00,9306.0,222005.0,44376.0,86245.0,55664.0,55664.0,35720.0
2023-06-30 00:00:00,9599.0,219456.0,44844.0,84076.0,56459.0,56459.0,34077.0
2023-07-07 00:00:00,8756.0,219452.0,46110.0,82514.0,55200.0,55200.0,35627.0
2023-07-14 00:00:00,8855.0,218386.0,45530.0,81469.0,55775.0,55775.0,35613.0
2023-07-21 00:00:00,8939.0,217600.0,47597.0,79576.0,55889.0,55889.0,34539.0
2023-07-28 00:00:00,8838.0,219081.0,46902.0,81356.0,55729.0,55729.0,35094.0
2023-08-04 00:00:00,9302.0,216420.0,46332.0,79886.0,55045.0,55045.0,35157.0
2023-08-11 00:00:00,8851.0,216158.0,45473.0,81535.0,54452.0,54452.0,34697.0
2023-08-18 00:00:00,8910.0,217626.0,46356.0,81855.0,54875.0,54875.0,34539.0
2023-08-25 00:00:00,9068.0,217412.0,46743.0,80949.0,56077.0,56077.0,33644.0
2023-09-01 00:00:00,9321.0,214746.0,45684.0,79550.0,56286.0,56286.0,33226.0
2023-09-08 00:00:00,8307.0,220307.0,45538.0,82050.0,57781.0,57781.0,34937.0
2023-09-15 00:00:00,8410.0,219476.0,45385.0,81278.0,57623.0,57623.0,35190.0
2023-09-22 00:00:00,8619.0,220503.0,45314.0,84603.0,56041.0,56041.0,34545.0
2023-09-29 00:00:00,8014.0,226984.0,45782.0,85732.0,59348.0,59348.0,36122.0
2023-10-06 00:00:00,8581.0,225671.0,46035.0,85104.0,57942.0,57942.0,36590.0
2023-10-13 00:00:00,8943.0,223301.0,44314.0,85117.0,57051.0,57051.0,36818.0
2023-10-20 00:00:00,8864.0,223457.0,44592.0,86964.0,56065.0,56065.0,35835.0
2023-10-27 00:00:00,8697.0,223522.0,44207.0,87023.0,56567.0,56567.0,35725.0
2023-11-03 00:00:00,9492.0,217210.0,43153.0,85062.0,53453.0,53453.0,35543.0
2023-11-10 00:00:00,8949.0,215670.0,43776.0,84731.0,52581.0,52581.0,34582.0
2023-11-17 00:00:00,8480.0,216420.0,44930.0,84949.0,52195.0,52195.0,34347.0
2023-11-24 00:00:00,8206.0,218184.0,46517.0,84953.0,51538.0,51538.0,35176.0
2023-12-01 00:00:00,8466.0,223604.0,48384.0,87533.0,53873.0,53873.0,33814.0
2023-12-08 00:00:00,8859.0,224013.0,48109.0,84600.0,57045.0,57045.0,34258.0
2023-12-15 00:00:00,8754.0,226723.0,50566.0,86404.0,55863.0,55863.0,33890.0
2023-12-22 00:00:00,9168.0,226054.0,52387.0,83573.0,55368.0,55368.0,34726.0
2023-12-29 00:00:00,7954.0,236954.0,54338.0,87607.0,58393.0,58393.0,36615.0
2024-01-05 00:00:00,8325.0,244982.0,56481.0,90192.0,60873.0,60873.0,37436.0
2024-01-12 00:00:00,8269.0,248065.0,58459.0,90999.0,60021.0,60021.0,38585.0
2024-01-19 00:00:00,7880.0,252977.0,59764.0,90589.0,62325.0,62325.0,40300.0
2024-01-26 00:00:00,8144.0,254134.0,60700.0,89801.0,62846.0,62846.0,40786.0
2024-02-02 00:00:00,8807.0,250988.0,61697.0,84656.0,63447.0,63447.0,41189.0
2024-02-09 00:00:00,8168.0,247330.0,59184.0,84398.0,62998.0,62998.0,40750.0
2024-02-16 00:00:00,8200.0,247037.0,58703.0,82982.0,64366.0,64366.0,40986.0
2024-02-23 00:00:00,8467.0,244205.0,58221.0,82475.0,63600.0,63600.0,39909.0
2024-03-01 00:00:00,9013.0,239745.0,56904.0,78987.0,64530.0,64530.0,39323.0
2024-03-08 00:00:00,9044.0,234083.0,55229.0,78399.0,61131.0,61131.0,39324.0
2024-03-15 00:00:00,8809.0,230773.0,54649.0,76580.0,60913.0,60913.0,38632.0
2024-03-22 00:00:00,8715.0,232072.0,55102.0,80510.0,58246.0,58246.0,38214.0
2024-03-29 00:00:00,9236.0,227816.0,54268.0,81127.0,54815.0,54815.0,37605.0
2024-04-05 00:00:00,8612.0,228531.0,53028.0,84779.0,53143.0,53143.0,37582.0
2024-04-12 00:00:00,8662.0,227377.0,53324.0,84441.0,53163.0,53163.0,36448.0
2024-04-19 00:00:00,8423.0,226743.0,52631.0,85929.0,51925.0,51925.0,36257.0
2024-04-26 00:00:00,8618.0,227087.0,51316.0,84983.0,53604.0,53604.0,37184.0
2024-05-03 00:00:00,8797.0,228002.0,51713.0,83752.0,54674.0,54674.0,37864.0
2024-05-10 00:00:00,8875.0,227767.0,49823.0,84610.0,55534.0,55534.0,37800.0
2024-05-17 00:00:00,9315.0,226822.0,49007.0,83789.0,56056.0,56056.0,37969.0
2024-05-24 00:00:00,9148.0,228844.0,48212.0,87046.0,55295.0,55295.0,38291.0
2024-05-31 00:00:00,8946.0,230946.0,47812.0,86870.0,57109.0,57109.0,39155.0
2024-06-07 00:00:00,9040.0,233512.0,48451.0,87201.0,58810.0,58810.0,39050.0
2024-06-14 00:00:00,9386.0,231232.0,47834.0,88749.0,56141.0,56141.0,38508.0
2024-06-21 00:00:00,8969.0,233886.0,47854.0,90003.0,55990.0,55990.0,40038.0
2024-06-28 00:00:00,9424.0,231672.0,48098.0,86820.0,56973.0,56973.0,39781.0
2024-07-05 00:00:00,9398.0,229666.0,47889.0,86062.0,56466.0,56466.0,39248.0
2024-07-12 00:00:00,8783.0,232994.0,48171.0,88889.0,56418.0,56418.0,39516.0
2024-07-19 00:00:00,9456.0,227422.0,46171.0,87058.0,54859.0,54859.0,39334.0
2024-07-26 00:00:00,9250.0,223757.0,45807.0,83030.0,56288.0,56288.0,38632.0
2024-08-02 00:00:00,8967.0,225097.0,46223.0,83228.0,58004.0,58004.0,37642.0
2024-08-09 00:00:00,9045.0,222203.0,46164.0,80091.0,58224.0,58224.0,37724.0
2024-08-16 00:00:00,9193.0,220597.0,47429.0,79103.0,57571.0,57571.0,36494.0
2024-08-23 00:00:00,9307.0,218394.0,47403.0,76302.0,56867.0,56867.0,37822.0
2024-08-30 00:00:00,8938.0,219242.0,47194.0,76952.0,58208.0,58208.0,36888.0
2024-09-06 00:00:00,8478.0,221552.0,46501.0,78621.0,60995.0,60995.0,35436.0
2024-09-13 00:00:00,8776.0,221621.0,46032.0,82889.0,58363.0,58363.0,34337.0
2024-09-20 00:00:00,9205.0,220083.0,45826.0,81190.0,60082.0,60082.0,32985.0
2024-09-27 00:00:00,8521.0,221202.0,45577.0,80586.0,60988.0,60988.0,34050.0
2024-10-04 00:00:00,9654.0,214898.0,44958.0,76949.0,59659.0,59659.0,33332.0
2024-10-11 00:00:00,8620.0,212697.0,45647.0,76242.0,58530.0,58530.0,32278.0
2024-10-18 00:00:00,8838.0,213575.0,45492.0,79325.0,56582.0,56582.0,32176.0
2024-10-25 00:00:00,9159.0,210868.0,44407.0,79062.0,54778.0,54778.0,32620.0
2024-11-01 00:00:00,8828.0,211280.0,44299.0,80566.0,54088.0,54088.0,32326.0
2024-11-08 00:00:00,9383.0,206873.0,43481.0,78760.0,51275.0,51275.0,33357.0
2024-11-15 00:00:00,8419.0,208927.0,44509.0,79198.0,51807.0,51807.0,33413.0
2024-11-22 00:00:00,8506.0,212241.0,45132.0,81971.0,50635.0,50635.0,34503.0
2024-11-29 00:00:00,8738.0,214603.0,45290.0,81787.0,53033.0,53033.0,34493.0
2024-12-06 00:00:00,8810.0,219689.0,46298.0,82755.0,54302.0,54302.0,36334.0
2024-12-13 00:00:00,8927.0,222037.0,47376.0,82660.0,55687.0,55687.0,36314.0
2024-12-20 00:00:00,9008.0,223667.0,47713.0,83346.0,56682.0,56682.0,35924.0
2024-12-27 00:00:00,8168.0,231384.0,49773.0,86358.0,58568.0,58568.0,36685.0
2025-01-03 00:00:00,8481.0,237714.0,52619.0,85430.0,61383.0,61383.0,38282.0
2025-01-10 00:00:00,8325.0,243566.0,53844.0,87341.0,63350.0,63350.0,39032.0
2025-01-17 00:00:00,8086.0,245898.0,56226.0,90794.0,60300.0,60300.0,38579.0
2025-01-24 00:00:00,8302.0,248855.0,56114.0,91617.0,62100.0,62100.0,39025.0
2025-01-31 00:00:00,8328.0,251088.0,57136.0,89654.0,65510.0,65510.0,38788.0
2025-02-07 00:00:00,8576.0,248053.0,56811.0,86898.0,66742.0,66742.0,37603.0
2025-02-14 00:00:00,8239.0,247902.0,58123.0,85590.0,66517.0,66517.0,37672.0
2025-02-21 00:00:00,8454.0,248271.0,60206.0,82588.0,67019.0,67019.0,38458.0
