REF_AREA,TIME_PERIOD,OBS_VALUE
AE,2002-01-31,1955.0
AE,2002-02-28,1941.0
AE,2002-03-31,1921.0
AE,2002-04-30,1769.0
AE,2002-05-31,1894.0
AE,2002-06-30,1902.0
AE,2002-07-31,1904.0
AE,2002-08-31,1903.0
AE,2002-09-30,1906.0
AE,2002-10-31,1903.0
AE,2002-11-30,1912.0
AE,2002-12-31,1913.0
AE,2003-01-31,2103.0
AE,2003-02-28,2210.0
AE,2003-03-31,2228.0
AE,2003-04-30,2341.0
AE,2003-05-31,2384.0
AE,2003-06-30,2250.0
AE,2003-07-31,2328.0
AE,2003-08-31,2267.0
AE,2003-09-30,2178.0
AE,2003-10-31,2217.0
AE,2003-11-30,2124.0
AE,2003-12-31,2198.0
AE,2004-01-31,2283.0
AE,2004-02-29,2305.0
AE,2004-03-31,2184.0
AE,2004-04-30,2133.0
AE,2004-05-31,2266.0
AE,2004-06-30,2385.0
AE,2004-07-31,2392.0
AE,2004-08-31,2442.0
AE,2004-09-30,2449.0
AE,2004-10-31,2424.0
AE,2004-11-30,2415.0
AE,2004-12-31,2517.0
AE,2005-01-31,2386.0
AE,2005-02-28,2380.0
AE,2005-03-31,2452.0
AE,2005-04-30,2406.0
AE,2005-05-31,2300.0
AE,2005-06-30,2100.0
AE,2005-07-31,2461.0
AE,2005-08-31,2549.0
AE,2005-09-30,2547.0
AE,2005-10-31,2502.0
AE,2005-11-30,2516.0
AE,2005-12-31,2634.0
AE,2006-01-31,2602.0
AE,2006-02-28,2632.0
AE,2006-03-31,2651.0
AE,2006-04-30,2685.0
AE,2006-05-31,2621.0
AE,2006-06-30,2644.0
AE,2006-07-31,2693.0
AE,2006-08-31,2669.0
AE,2006-09-30,2660.0
AE,2006-10-31,2664.0
AE,2006-11-30,2542.0
AE,2006-12-31,2544.0
AE,2007-01-31,2570.0
AE,2007-02-28,2547.0
AE,2007-03-31,2559.0
AE,2007-04-30,2561.0
AE,2007-05-31,2496.0
AE,2007-06-30,2572.0
AE,2007-07-31,2567.0
AE,2007-08-31,2565.0
AE,2007-09-30,2590.0
AE,2007-10-31,2544.0
AE,2007-11-30,2070.0
AE,2007-12-31,2742.0
AE,2008-01-31,2700.0
AE,2008-02-29,2716.0
AE,2008-03-31,2559.0
AE,2008-04-30,2676.0
AE,2008-05-31,2680.0
AE,2008-06-30,2567.0
AE,2008-07-31,2590.0
AE,2008-08-31,2567.0
AE,2008-09-30,2686.0
AE,2008-10-31,2562.0
AE,2008-11-30,2297.0
AE,2008-12-31,2513.0
AE,2009-01-31,2333.0
AE,2009-02-28,2223.0
AE,2009-03-31,2169.0
AE,2009-04-30,2217.0
AE,2009-05-31,2235.0
AE,2009-06-30,2232.0
AE,2009-07-31,2257.0
AE,2009-08-31,2239.0
AE,2009-09-30,2250.0
AE,2009-10-31,2233.0
AE,2009-11-30,2236.0
AE,2009-12-31,2229.0
AE,2010-01-31,2240.0
AE,2010-02-28,2243.0
AE,2010-03-31,2243.0
AE,2010-04-30,2292.0
AE,2010-05-31,2342.0
AE,2010-06-30,2340.0
AE,2010-07-31,2334.0
AE,2010-08-31,2339.0
AE,2010-09-30,2366.0
AE,2010-10-31,2328.0
AE,2010-11-30,2339.0
AE,2010-12-31,2470.0
AE,2011-01-31,2454.0
AE,2011-02-28,2486.0
AE,2011-03-31,2608.0
AE,2011-04-30,2596.0
AE,2011-05-31,2646.0
AE,2011-06-30,2611.0
AE,2011-07-31,2603.0
AE,2011-08-31,2595.0
AE,2011-09-30,2514.0
AE,2011-10-31,2515.0
AE,2011-11-30,2584.0
AE,2011-12-31,2550.0
AE,2012-01-31,2521.0
AE,2012-02-29,2608.0
AE,2012-03-31,2679.0
AE,2012-04-30,2715.0
AE,2012-05-31,2383.0
AE,2012-06-30,2753.0
AE,2012-07-31,2776.0
AE,2012-08-31,2713.0
AE,2012-09-30,2690.0
AE,2012-10-31,2701.0
AE,2012-11-30,2674.0
AE,2012-12-31,2675.0
AE,2013-01-31,3056.0
AE,2013-02-28,3113.0
AE,2013-03-31,3007.0
AE,2013-04-30,3034.0
AE,2013-05-31,3024.0
AE,2013-06-30,3102.0
AE,2013-07-31,3153.0
AE,2013-08-31,3092.0
AE,2013-09-30,3152.0
AE,2013-10-31,3067.0
AE,2013-11-30,2804.0
AE,2013-12-31,2974.0
AE,2014-01-31,2970.0
AE,2014-02-28,3043.0
AE,2014-03-31,3003.0
AE,2014-04-30,2830.0
AE,2014-05-31,3090.0
AE,2014-06-30,3108.0
AE,2014-07-31,3148.0
AE,2014-08-31,3171.0
AE,2014-09-30,3072.0
AE,2014-10-31,2908.0
AE,2014-11-30,2938.0
AE,2014-12-31,3156.0
AE,2015-01-31,3186.0
AE,2015-02-28,3215.0
AE,2015-03-31,3126.0
AE,2015-04-30,3152.0
AE,2015-05-31,3248.0
AE,2015-06-30,3204.0
AE,2015-07-31,3309.0
AE,2015-08-31,3270.0
AE,2015-09-30,3250.0
AE,2015-10-31,3212.0
AE,2015-11-30,3271.0
AE,2015-12-31,3239.0
AE,2016-01-31,3369.0
AE,2016-02-29,3003.0
AE,2016-03-31,3131.0
AE,2016-04-30,3040.0
AE,2016-05-31,3355.0
AE,2016-06-30,3418.0
AE,2016-07-31,3418.0
AE,2016-08-31,3396.0
AE,2016-09-30,3415.0
AE,2016-10-31,3414.0
AE,2016-11-30,3410.0
AE,2016-12-31,3441.0
AE,2017-01-31,3272.0
AE,2017-02-28,3176.0
AE,2017-03-31,3168.0
AE,2017-04-30,3208.0
AE,2017-05-31,3206.0
AE,2017-06-30,3206.0
AE,2017-07-31,3217.0
AE,2017-08-31,3195.0
AE,2017-09-30,3185.0
AE,2017-10-31,3174.0
AE,2017-11-30,3120.0
AE,2017-12-31,3087.0
AE,2018-01-31,3057.0
AE,2018-02-28,2955.0
AE,2018-03-31,3075.0
AE,2018-04-30,3110.0
AE,2018-05-31,3119.0
AE,2018-06-30,3198.0
AE,2018-07-31,3223.0
AE,2018-08-31,3214.0
AE,2018-09-30,3322.0
AE,2018-10-31,3509.0
AE,2018-11-30,3566.0
AE,2018-12-31,3520.0
AE,2019-01-31,
AE,2019-02-28,
AE,2019-03-31,
AE,2019-04-30,
AE,2019-05-31,
AE,2019-06-30,
AE,2019-07-31,
AE,2019-08-31,
AE,2019-09-30,
AE,2019-10-31,
AE,2019-11-30,
AE,2019-12-31,
AE,2020-01-31,
AE,2020-02-29,
AE,2020-03-31,
AE,2020-04-30,
AE,2020-05-31,
AE,2020-06-30,
AE,2020-07-31,
AE,2020-08-31,
AE,2020-09-30,
AE,2020-10-31,
AE,2020-11-30,
AE,2020-12-31,
AE,2021-01-31,
AE,2021-02-28,
AE,2021-03-31,
AE,2021-04-30,
AE,2021-05-31,
AE,2021-06-30,
AE,2021-07-31,
AE,2021-08-31,
AE,2021-09-30,
AE,2021-10-31,
AE,2021-11-30,
AE,2021-12-31,
AE,2022-01-31,
AE,2022-02-28,
AE,2022-03-31,
AE,2022-04-30,
AE,2022-05-31,
AE,2022-06-30,
AE,2022-07-31,
AE,2022-08-31,
AE,2022-09-30,
AE,2022-10-31,
AE,2022-11-30,
AE,2022-12-31,
AE,2023-01-31,
AE,2023-02-28,
AE,2023-03-31,
AE,2023-04-30,
AE,2023-05-31,
AE,2023-06-30,
AE,2023-07-31,
AE,2023-08-31,
AE,2023-09-30,
AE,2023-10-31,
AE,2023-11-30,
AE,2023-12-31,
AE,2024-01-31,
AE,2024-02-29,
AE,2024-03-31,
AE,2024-04-30,
AE,2024-05-31,
AE,2024-06-30,
AE,2024-07-31,
AE,2024-08-31,
AE,2024-09-30,
AE,2024-10-31,
AE,2024-11-30,
AE,2024-12-31,
AE,2025-01-31,
AE,2025-02-28,
AE,2025-03-31,
AL,2002-01-31,
AL,2002-02-28,
AL,2002-03-31,
AL,2002-04-30,
AL,2002-05-31,
AL,2002-06-30,
AL,2002-07-31,
AL,2002-08-31,
AL,2002-09-30,
AL,2002-10-31,
AL,2002-11-30,
AL,2002-12-31,
AL,2003-01-31,
AL,2003-02-28,
AL,2003-03-31,
AL,2003-04-30,
AL,2003-05-31,
AL,2003-06-30,
AL,2003-07-31,
AL,2003-08-31,
AL,2003-09-30,
AL,2003-10-31,
AL,2003-11-30,
AL,2003-12-31,
AL,2004-01-31,
AL,2004-02-29,
AL,2004-03-31,
AL,2004-04-30,
AL,2004-05-31,
AL,2004-06-30,
AL,2004-07-31,
AL,2004-08-31,
AL,2004-09-30,
AL,2004-10-31,
AL,2004-11-30,
AL,2004-12-31,
AL,2005-01-31,
AL,2005-02-28,
AL,2005-03-31,
AL,2005-04-30,
AL,2005-05-31,
AL,2005-06-30,
AL,2005-07-31,
AL,2005-08-31,
AL,2005-09-30,
AL,2005-10-31,
AL,2005-11-30,
AL,2005-12-31,
AL,2006-01-31,
AL,2006-02-28,
AL,2006-03-31,
AL,2006-04-30,
AL,2006-05-31,
AL,2006-06-30,
AL,2006-07-31,
AL,2006-08-31,
AL,2006-09-30,
AL,2006-10-31,
AL,2006-11-30,
AL,2006-12-31,
AL,2007-01-31,
AL,2007-02-28,
AL,2007-03-31,
AL,2007-04-30,
AL,2007-05-31,
AL,2007-06-30,
AL,2007-07-31,
AL,2007-08-31,
AL,2007-09-30,
AL,2007-10-31,
AL,2007-11-30,
AL,2007-12-31,
AL,2008-01-31,
AL,2008-02-29,
AL,2008-03-31,
AL,2008-04-30,
AL,2008-05-31,
AL,2008-06-30,
AL,2008-07-31,
AL,2008-08-31,
AL,2008-09-30,
AL,2008-10-31,
AL,2008-11-30,
AL,2008-12-31,
AL,2009-01-31,
AL,2009-02-28,
AL,2009-03-31,
AL,2009-04-30,
AL,2009-05-31,
AL,2009-06-30,
AL,2009-07-31,
AL,2009-08-31,
AL,2009-09-30,
AL,2009-10-31,
AL,2009-11-30,
AL,2009-12-31,
AL,2010-01-31,
AL,2010-02-28,
AL,2010-03-31,
AL,2010-04-30,
AL,2010-05-31,
AL,2010-06-30,
AL,2010-07-31,
AL,2010-08-31,
AL,2010-09-30,
AL,2010-10-31,
AL,2010-11-30,
AL,2010-12-31,
AL,2011-01-31,
AL,2011-02-28,
AL,2011-03-31,
AL,2011-04-30,
AL,2011-05-31,
AL,2011-06-30,
AL,2011-07-31,
AL,2011-08-31,
AL,2011-09-30,
AL,2011-10-31,
AL,2011-11-30,
AL,2011-12-31,
AL,2012-01-31,
AL,2012-02-29,
AL,2012-03-31,
AL,2012-04-30,
AL,2012-05-31,
AL,2012-06-30,
AL,2012-07-31,
AL,2012-08-31,
AL,2012-09-30,
AL,2012-10-31,
AL,2012-11-30,
AL,2012-12-31,
AL,2013-01-31,
AL,2013-02-28,
AL,2013-03-31,
AL,2013-04-30,
AL,2013-05-31,
AL,2013-06-30,
AL,2013-07-31,
AL,2013-08-31,
AL,2013-09-30,
AL,2013-10-31,
AL,2013-11-30,
AL,2013-12-31,
AL,2014-01-31,
AL,2014-02-28,
AL,2014-03-31,
AL,2014-04-30,
AL,2014-05-31,
AL,2014-06-30,
AL,2014-07-31,
AL,2014-08-31,
AL,2014-09-30,
AL,2014-10-31,
AL,2014-11-30,
AL,2014-12-31,
AL,2015-01-31,
AL,2015-02-28,
AL,2015-03-31,
AL,2015-04-30,
AL,2015-05-31,
AL,2015-06-30,
AL,2015-07-31,
AL,2015-08-31,
AL,2015-09-30,
AL,2015-10-31,
AL,2015-11-30,
AL,2015-12-31,
AL,2016-01-31,
AL,2016-02-29,
AL,2016-03-31,
AL,2016-04-30,
AL,2016-05-31,
AL,2016-06-30,
AL,2016-07-31,
AL,2016-08-31,
AL,2016-09-30,
AL,2016-10-31,
AL,2016-11-30,
AL,2016-12-31,
AL,2017-01-31,
AL,2017-02-28,
AL,2017-03-31,
AL,2017-04-30,
AL,2017-05-31,
AL,2017-06-30,
AL,2017-07-31,
AL,2017-08-31,
AL,2017-09-30,
AL,2017-10-31,
AL,2017-11-30,
AL,2017-12-31,
AL,2018-01-31,
AL,2018-02-28,
AL,2018-03-31,
AL,2018-04-30,
AL,2018-05-31,
AL,2018-06-30,
AL,2018-07-31,
AL,2018-08-31,
AL,2018-09-30,
AL,2018-10-31,
AL,2018-11-30,
AL,2018-12-31,
AL,2019-01-31,
AL,2019-02-28,
AL,2019-03-31,
AL,2019-04-30,
AL,2019-05-31,
AL,2019-06-30,
AL,2019-07-31,
AL,2019-08-31,
AL,2019-09-30,
AL,2019-10-31,
AL,2019-11-30,
AL,2019-12-31,
AL,2020-01-31,
AL,2020-02-29,
AL,2020-03-31,
AL,2020-04-30,
AL,2020-05-31,
AL,2020-06-30,
AL,2020-07-31,
AL,2020-08-31,
AL,2020-09-30,
AL,2020-10-31,
AL,2020-11-30,
AL,2020-12-31,
AL,2021-01-31,
AL,2021-02-28,
AL,2021-03-31,
AL,2021-04-30,
AL,2021-05-31,
AL,2021-06-30,
AL,2021-07-31,
AL,2021-08-31,
AL,2021-09-30,
AL,2021-10-31,
AL,2021-11-30,
AL,2021-12-31,
AL,2022-01-31,
AL,2022-02-28,
AL,2022-03-31,
AL,2022-04-30,
AL,2022-05-31,
AL,2022-06-30,
AL,2022-07-31,
AL,2022-08-31,
AL,2022-09-30,
AL,2022-10-31,
AL,2022-11-30,
AL,2022-12-31,
AL,2023-01-31,
AL,2023-02-28,
AL,2023-03-31,
AL,2023-04-30,
AL,2023-05-31,
AL,2023-06-30,
AL,2023-07-31,
AL,2023-08-31,
AL,2023-09-30,
AL,2023-10-31,
AL,2023-11-30,
AL,2023-12-31,
AL,2024-01-31,
AL,2024-02-29,
AL,2024-03-31,
AL,2024-04-30,
AL,2024-05-31,
AL,2024-06-30,
AL,2024-07-31,
AL,2024-08-31,
AL,2024-09-30,
AL,2024-10-31,
AL,2024-11-30,
AL,2024-12-31,
AL,2025-01-31,
AL,2025-02-28,
AL,2025-03-31,
AM,2002-01-31,
AM,2002-02-28,
AM,2002-03-31,
AM,2002-04-30,
AM,2002-05-31,
AM,2002-06-30,
AM,2002-07-31,
AM,2002-08-31,
AM,2002-09-30,
AM,2002-10-31,
AM,2002-11-30,
AM,2002-12-31,
AM,2003-01-31,
AM,2003-02-28,
AM,2003-03-31,
AM,2003-04-30,
AM,2003-05-31,
AM,2003-06-30,
AM,2003-07-31,
AM,2003-08-31,
AM,2003-09-30,
AM,2003-10-31,
AM,2003-11-30,
AM,2003-12-31,
AM,2004-01-31,
AM,2004-02-29,
AM,2004-03-31,
AM,2004-04-30,
AM,2004-05-31,
AM,2004-06-30,
AM,2004-07-31,
AM,2004-08-31,
AM,2004-09-30,
AM,2004-10-31,
AM,2004-11-30,
AM,2004-12-31,
AM,2005-01-31,
AM,2005-02-28,
AM,2005-03-31,
AM,2005-04-30,
AM,2005-05-31,
AM,2005-06-30,
AM,2005-07-31,
AM,2005-08-31,
AM,2005-09-30,
AM,2005-10-31,
AM,2005-11-30,
AM,2005-12-31,
AM,2006-01-31,
AM,2006-02-28,
AM,2006-03-31,
AM,2006-04-30,
AM,2006-05-31,
AM,2006-06-30,
AM,2006-07-31,
AM,2006-08-31,
AM,2006-09-30,
AM,2006-10-31,
AM,2006-11-30,
AM,2006-12-31,
AM,2007-01-31,
AM,2007-02-28,
AM,2007-03-31,
AM,2007-04-30,
AM,2007-05-31,
AM,2007-06-30,
AM,2007-07-31,
AM,2007-08-31,
AM,2007-09-30,
AM,2007-10-31,
AM,2007-11-30,
AM,2007-12-31,
AM,2008-01-31,
AM,2008-02-29,
AM,2008-03-31,
AM,2008-04-30,
AM,2008-05-31,
AM,2008-06-30,
AM,2008-07-31,
AM,2008-08-31,
AM,2008-09-30,
AM,2008-10-31,
AM,2008-11-30,
AM,2008-12-31,
AM,2009-01-31,
AM,2009-02-28,
AM,2009-03-31,
AM,2009-04-30,
AM,2009-05-31,
AM,2009-06-30,
AM,2009-07-31,
AM,2009-08-31,
AM,2009-09-30,
AM,2009-10-31,
AM,2009-11-30,
AM,2009-12-31,
AM,2010-01-31,
AM,2010-02-28,
AM,2010-03-31,
AM,2010-04-30,
AM,2010-05-31,
AM,2010-06-30,
AM,2010-07-31,
AM,2010-08-31,
AM,2010-09-30,
AM,2010-10-31,
AM,2010-11-30,
AM,2010-12-31,
AM,2011-01-31,
AM,2011-02-28,
AM,2011-03-31,
AM,2011-04-30,
AM,2011-05-31,
AM,2011-06-30,
AM,2011-07-31,
AM,2011-08-31,
AM,2011-09-30,
AM,2011-10-31,
AM,2011-11-30,
AM,2011-12-31,
AM,2012-01-31,
AM,2012-02-29,
AM,2012-03-31,
AM,2012-04-30,
AM,2012-05-31,
AM,2012-06-30,
AM,2012-07-31,
AM,2012-08-31,
AM,2012-09-30,
AM,2012-10-31,
AM,2012-11-30,
AM,2012-12-31,
AM,2013-01-31,
AM,2013-02-28,
AM,2013-03-31,
AM,2013-04-30,
AM,2013-05-31,
AM,2013-06-30,
AM,2013-07-31,
AM,2013-08-31,
AM,2013-09-30,
AM,2013-10-31,
AM,2013-11-30,
AM,2013-12-31,
AM,2014-01-31,
AM,2014-02-28,
AM,2014-03-31,
AM,2014-04-30,
AM,2014-05-31,
AM,2014-06-30,
AM,2014-07-31,
AM,2014-08-31,
AM,2014-09-30,
AM,2014-10-31,
AM,2014-11-30,
AM,2014-12-31,
AM,2015-01-31,
AM,2015-02-28,
AM,2015-03-31,
AM,2015-04-30,
AM,2015-05-31,
AM,2015-06-30,
AM,2015-07-31,
AM,2015-08-31,
AM,2015-09-30,
AM,2015-10-31,
AM,2015-11-30,
AM,2015-12-31,
AM,2016-01-31,
AM,2016-02-29,
AM,2016-03-31,
AM,2016-04-30,
AM,2016-05-31,
AM,2016-06-30,
AM,2016-07-31,
AM,2016-08-31,
AM,2016-09-30,
AM,2016-10-31,
AM,2016-11-30,
AM,2016-12-31,
AM,2017-01-31,
AM,2017-02-28,
AM,2017-03-31,
AM,2017-04-30,
AM,2017-05-31,
AM,2017-06-30,
AM,2017-07-31,
AM,2017-08-31,
AM,2017-09-30,
AM,2017-10-31,
AM,2017-11-30,
AM,2017-12-31,
AM,2018-01-31,
AM,2018-02-28,
AM,2018-03-31,
AM,2018-04-30,
AM,2018-05-31,
AM,2018-06-30,
AM,2018-07-31,
AM,2018-08-31,
AM,2018-09-30,
AM,2018-10-31,
AM,2018-11-30,
AM,2018-12-31,
AM,2019-01-31,
AM,2019-02-28,
AM,2019-03-31,
AM,2019-04-30,
AM,2019-05-31,
AM,2019-06-30,
AM,2019-07-31,
AM,2019-08-31,
AM,2019-09-30,
AM,2019-10-31,
AM,2019-11-30,
AM,2019-12-31,
AM,2020-01-31,
AM,2020-02-29,
AM,2020-03-31,
AM,2020-04-30,
AM,2020-05-31,
AM,2020-06-30,
AM,2020-07-31,
AM,2020-08-31,
AM,2020-09-30,
AM,2020-10-31,
AM,2020-11-30,
AM,2020-12-31,
AM,2021-01-31,
AM,2021-02-28,
AM,2021-03-31,
AM,2021-04-30,
AM,2021-05-31,
AM,2021-06-30,
AM,2021-07-31,
AM,2021-08-31,
AM,2021-09-30,
AM,2021-10-31,
AM,2021-11-30,
AM,2021-12-31,
AM,2022-01-31,
AM,2022-02-28,
AM,2022-03-31,
AM,2022-04-30,
AM,2022-05-31,
AM,2022-06-30,
AM,2022-07-31,
AM,2022-08-31,
AM,2022-09-30,
AM,2022-10-31,
AM,2022-11-30,
AM,2022-12-31,
AM,2023-01-31,
AM,2023-02-28,
AM,2023-03-31,
AM,2023-04-30,
AM,2023-05-31,
AM,2023-06-30,
AM,2023-07-31,
AM,2023-08-31,
AM,2023-09-30,
AM,2023-10-31,
AM,2023-11-30,
AM,2023-12-31,
AM,2024-01-31,
AM,2024-02-29,
AM,2024-03-31,
AM,2024-04-30,
AM,2024-05-31,
AM,2024-06-30,
AM,2024-07-31,
AM,2024-08-31,
AM,2024-09-30,
AM,2024-10-31,
AM,2024-11-30,
AM,2024-12-31,
AM,2025-01-31,
AM,2025-02-28,
AM,2025-03-31,
AO,2002-01-31,
AO,2002-02-28,
AO,2002-03-31,
AO,2002-04-30,
AO,2002-05-31,
AO,2002-06-30,
AO,2002-07-31,
AO,2002-08-31,
AO,2002-09-30,
AO,2002-10-31,887.7658
AO,2002-11-30,911.43
AO,2002-12-31,959.2365
AO,2003-01-31,834.2226
AO,2003-02-28,835.7421
AO,2003-03-31,869.3603
AO,2003-04-30,884.26
AO,2003-05-31,911.43
AO,2003-06-30,876.603
AO,2003-07-31,899.7174
AO,2003-08-31,893.0245
AO,2003-09-30,869.193
AO,2003-10-31,887.7658
AO,2003-11-30,911.43
AO,2003-12-31,959.2365
AO,2004-01-31,958.7584
AO,2004-02-29,948.7355
AO,2004-03-31,931.2697
AO,2004-04-30,939.341
AO,2004-05-31,940.831
AO,2004-06-30,927.238
AO,2004-07-31,937.0065
AO,2004-08-31,974.2955
AO,2004-09-30,1094.951
AO,2004-10-31,1110.5439
AO,2004-11-30,1121.627
AO,2004-12-31,1126.559
AO,2005-01-31,1124.4077
AO,2005-02-28,1137.9643
AO,2005-03-31,1159.5455
AO,2005-04-30,1149.044
AO,2005-05-31,1179.6242
AO,2005-06-30,1159.418
AO,2005-07-31,1237.9481
AO,2005-08-31,1409.0952
AO,2005-09-30,1372.826
AO,2005-10-31,1368.4597
AO,2005-11-30,1439.516
AO,2005-12-31,1429.6519
AO,2006-01-31,1439.9303
AO,2006-02-28,1431.9825
AO,2006-03-31,1466.7019
AO,2006-04-30,1453.348
AO,2006-05-31,1303.6819
AO,2006-06-30,1244.633
AO,2006-07-31,1483.9123
AO,2006-08-31,1472.9168
AO,2006-09-30,
AO,2006-10-31,1396.9045
AO,2006-11-30,1474.343
AO,2006-12-31,1493.2345
AO,2007-01-31,1583.0
AO,2007-02-28,1638.0
AO,2007-03-31,1658.0
AO,2007-04-30,1704.0
AO,2007-05-31,1714.0
AO,2007-06-30,1664.0
AO,2007-07-31,1667.0
AO,2007-08-31,1761.0
AO,2007-09-30,1744.0
AO,2007-10-31,1830.0
AO,2007-11-30,1836.0
AO,2007-12-31,1816.0
AO,2008-01-31,1895.0
AO,2008-02-29,1919.0
AO,2008-03-31,1861.0
AO,2008-04-30,1932.0
AO,2008-05-31,1944.0
AO,2008-06-30,1965.0
AO,2008-07-31,1948.0
AO,2008-08-31,1926.0
AO,2008-09-30,1788.0
AO,2008-10-31,1861.0
AO,2008-11-30,1811.0
AO,2008-12-31,1934.0
AO,2009-01-31,1767.0
AO,2009-02-28,1662.0
AO,2009-03-31,1646.0
AO,2009-04-30,1660.0
AO,2009-05-31,1681.0
AO,2009-06-30,1717.0
AO,2009-07-31,1786.0
AO,2009-08-31,1792.0
AO,2009-09-30,1788.0
AO,2009-10-31,1824.0
AO,2009-11-30,1758.0
AO,2009-12-31,1760.0
AO,2010-01-31,1749.0
AO,2010-02-28,1798.0
AO,2010-03-31,1781.0
AO,2010-04-30,1769.0
AO,2010-05-31,1753.0
AO,2010-06-30,1731.0
AO,2010-07-31,1685.0
AO,2010-08-31,1773.0
AO,2010-09-30,1611.0
AO,2010-10-31,
AO,2010-11-30,1551.0
AO,2010-12-31,1601.0
AO,2011-01-31,1647.0
AO,2011-02-28,1563.0
AO,2011-03-31,1563.0
AO,2011-04-30,1545.0
AO,2011-05-31,1564.0
AO,2011-06-30,1468.0
AO,2011-07-31,1619.0
AO,2011-08-31,1656.0
AO,2011-09-30,1664.0
AO,2011-10-31,1741.0
AO,2011-11-30,1649.0
AO,2011-12-31,1720.0
AO,2012-01-31,1727.0
AO,2012-02-29,1721.0
AO,2012-03-31,1754.0
AO,2012-04-30,1710.0
AO,2012-05-31,1762.0
AO,2012-06-30,1614.0
AO,2012-07-31,1576.0
AO,2012-08-31,1744.0
AO,2012-09-30,1714.0
AO,2012-10-31,1674.0
AO,2012-11-30,1640.0
AO,2012-12-31,1753.0
AO,2013-01-31,1736.0
AO,2013-02-28,1714.0
AO,2013-03-31,1749.0
AO,2013-04-30,1711.0
AO,2013-05-31,1730.0
AO,2013-06-30,1748.0
AO,2013-07-31,1713.0
AO,2013-08-31,1678.0
AO,2013-09-30,1712.0
AO,2013-10-31,1734.0
AO,2013-11-30,1568.0
AO,2013-12-31,1626.0
AO,2014-01-31,1616.0
AO,2014-02-28,1600.0
AO,2014-03-31,1446.0
AO,2014-04-30,1599.0
AO,2014-05-31,1605.0
AO,2014-06-30,1645.0
AO,2014-07-31,1714.0
AO,2014-08-31,1709.0
AO,2014-09-30,1703.0
AO,2014-10-31,1751.0
AO,2014-11-30,1691.0
AO,2014-12-31,1735.0
AO,2015-01-31,1761.0
AO,2015-02-28,1790.0
AO,2015-03-31,1748.0
AO,2015-04-30,1760.0
AO,2015-05-31,1807.0
AO,2015-06-30,1727.0
AO,2015-07-31,1797.0
AO,2015-08-31,1729.0
AO,2015-09-30,1806.0
AO,2015-10-31,1762.0
AO,2015-11-30,1722.0
AO,2015-12-31,1740.0
AO,2016-01-31,1801.0
AO,2016-02-29,1765.0
AO,2016-03-31,1800.0
AO,2016-04-30,1765.0
AO,2016-05-31,1722.0
AO,2016-06-30,1770.0
AO,2016-07-31,1778.0
AO,2016-08-31,1762.0
AO,2016-09-30,1666.0
AO,2016-10-31,1507.0
AO,2016-11-30,1688.0
AO,2016-12-31,1639.0
AO,2017-01-31,1615.0
AO,2017-02-28,1649.0
AO,2017-03-31,1652.0
AO,2017-04-30,1651.0
AO,2017-05-31,1593.0
AO,2017-06-30,1662.0
AO,2017-07-31,1668.0
AO,2017-08-31,1680.0
AO,2017-09-30,1657.0
AO,2017-10-31,1609.0
AO,2017-11-30,1607.0
AO,2017-12-31,1548.0
AO,2018-01-31,1562.0
AO,2018-02-28,1498.0
AO,2018-03-31,1496.0
AO,2018-04-30,1498.0
AO,2018-05-31,1486.0
AO,2018-06-30,1448.0
AO,2018-07-31,1455.0
AO,2018-08-31,1481.0
AO,2018-09-30,1489.0
AO,2018-10-31,1457.0
AO,2018-11-30,1417.0
AO,2018-12-31,1445.0
AO,2019-01-31,1470.0
AO,2019-02-28,1419.0
AO,2019-03-31,1373.0
AO,2019-04-30,1392.0
AO,2019-05-31,1462.0
AO,2019-06-30,1418.0
AO,2019-07-31,1289.0
AO,2019-08-31,1328.0
AO,2019-09-30,1369.0
AO,2019-10-31,1391.0
AO,2019-11-30,1273.0
AO,2019-12-31,1369.0
AO,2020-01-31,1414.0
AO,2020-02-29,1387.0
AO,2020-03-31,1404.0
AO,2020-04-30,1352.0
AO,2020-05-31,1222.0
AO,2020-06-30,1230.0
AO,2020-07-31,1275.0
AO,2020-08-31,1266.0
AO,2020-09-30,1216.0
AO,2020-10-31,1194.0
AO,2020-11-30,1219.0
AO,2020-12-31,1145.0
AO,2021-01-31,1133.0
AO,2021-02-28,1137.0
AO,2021-03-31,1138.0
AO,2021-04-30,1177.0
AO,2021-05-31,1125.0
AO,2021-06-30,1073.0
AO,2021-07-31,1103.0
AO,2021-08-31,1129.0
AO,2021-09-30,1110.0
AO,2021-10-31,1106.0
AO,2021-11-30,1110.0
AO,2021-12-31,1150.0
AO,2022-01-31,1193.0
AO,2022-02-28,1158.0
AO,2022-03-31,1133.0
AO,2022-04-30,1183.0
AO,2022-05-31,1162.0
AO,2022-06-30,1175.0
AO,2022-07-31,1180.0
AO,2022-08-31,1179.0
AO,2022-09-30,1091.0
AO,2022-10-31,1051.0
AO,2022-11-30,1088.0
AO,2022-12-31,1088.0
AO,2023-01-31,1105.0
AO,2023-02-28,1064.0
AO,2023-03-31,972.0
AO,2023-04-30,1063.0
AO,2023-05-31,1111.0
AO,2023-06-30,1119.0
AO,2023-07-31,1149.0
AO,2023-08-31,1129.0
AO,2023-09-30,1113.0
AO,2023-10-31,1147.0
AO,2023-11-30,1084.0
AO,2023-12-31,
AO,2024-01-31,
AO,2024-02-29,
AO,2024-03-31,
AO,2024-04-30,
AO,2024-05-31,
AO,2024-06-30,
AO,2024-07-31,
AO,2024-08-31,
AO,2024-09-30,
AO,2024-10-31,
AO,2024-11-30,
AO,2024-12-31,
AO,2025-01-31,
AO,2025-02-28,
AO,2025-03-31,
AR,2002-01-31,768.3548
AR,2002-02-28,757.7857
AR,2002-03-31,765.0
AR,2002-04-30,765.4667
AR,2002-05-31,755.4839
AR,2002-06-30,753.4333
AR,2002-07-31,761.6129
AR,2002-08-31,747.9355
AR,2002-09-30,752.6667
AR,2002-10-31,739.7742
AR,2002-11-30,747.3667
AR,2002-12-31,745.5484
AR,2003-01-31,678.6452
AR,2003-02-28,683.25
AR,2003-03-31,686.8065
AR,2003-04-30,692.1333
AR,2003-05-31,692.9355
AR,2003-06-30,686.5333
AR,2003-07-31,680.9355
AR,2003-08-31,679.4839
AR,2003-09-30,674.6333
AR,2003-10-31,671.9032
AR,2003-11-30,664.2
AR,2003-12-31,657.0968
AR,2004-01-31,661.1613
AR,2004-02-29,664.1379
AR,2004-03-31,646.0968
AR,2004-04-30,642.7333
AR,2004-05-31,670.3548
AR,2004-06-30,666.2333
AR,2004-07-31,655.4839
AR,2004-08-31,649.0323
AR,2004-09-30,664.2667
AR,2004-10-31,657.1935
AR,2004-11-30,634.6
AR,2004-12-31,641.871
AR,2005-01-31,638.9032
AR,2005-02-28,638.3929
AR,2005-03-31,637.2581
AR,2005-04-30,637.4667
AR,2005-05-31,642.5484
AR,2005-06-30,633.1667
AR,2005-07-31,633.5484
AR,2005-08-31,630.0
AR,2005-09-30,611.1667
AR,2005-10-31,594.5484
AR,2005-11-30,613.1667
AR,2005-12-31,614.1613
AR,2006-01-31,646.6452
AR,2006-02-28,627.2143
AR,2006-03-31,657.2903
AR,2006-04-30,656.4667
AR,2006-05-31,666.0968
AR,2006-06-30,671.9
AR,2006-07-31,668.8065
AR,2006-08-31,661.8387
AR,2006-09-30,674.5333
AR,2006-10-31,671.4839
AR,2006-11-30,620.6333
AR,2006-12-31,655.1613
AR,2007-01-31,643.7419
AR,2007-02-28,645.6429
AR,2007-03-31,648.3226
AR,2007-04-30,653.6667
AR,2007-05-31,649.2581
AR,2007-06-30,642.4333
AR,2007-07-31,620.0968
AR,2007-08-31,641.4839
AR,2007-09-30,647.3667
AR,2007-10-31,646.129
AR,2007-11-30,609.6333
AR,2007-12-31,639.9677
AR,2008-01-31,632.871
AR,2008-02-29,641.7241
AR,2008-03-31,641.8065
AR,2008-04-30,639.1667
AR,2008-05-31,520.2581
AR,2008-06-30,602.3667
AR,2008-07-31,634.4194
AR,2008-08-31,648.4194
AR,2008-09-30,648.7667
AR,2008-10-31,647.0323
AR,2008-11-30,649.3
AR,2008-12-31,627.5484
AR,2009-01-31,617.8065
AR,2009-02-28,633.8929
AR,2009-03-31,631.4194
AR,2009-04-30,628.2
AR,2009-05-31,623.129
AR,2009-06-30,608.3
AR,2009-07-31,588.6774
AR,2009-08-31,534.6452
AR,2009-09-30,609.8
AR,2009-10-31,619.2581
AR,2009-11-30,598.3
AR,2009-12-31,598.2903
AR,2010-01-31,608.129
AR,2010-02-28,607.3214
AR,2010-03-31,608.6129
AR,2010-04-30,608.1333
AR,2010-05-31,606.129
AR,2010-06-30,609.3
AR,2010-07-31,606.1613
AR,2010-08-31,578.6452
AR,2010-09-30,598.0333
AR,2010-10-31,591.3871
AR,2010-11-30,591.2667
AR,2010-12-31,572.1935
AR,2011-01-31,572.2258
AR,2011-02-28,588.9643
AR,2011-03-31,585.8065
AR,2011-04-30,582.6667
AR,2011-05-31,511.3226
AR,2011-06-30,520.0
AR,2011-07-31,546.3548
AR,2011-08-31,577.0323
AR,2011-09-30,579.0667
AR,2011-10-31,583.7742
AR,2011-11-30,579.4667
AR,2011-12-31,574.871
AR,2012-01-31,559.4194
AR,2012-02-29,598.0
AR,2012-03-31,563.5806
AR,2012-04-30,582.3667
AR,2012-05-31,561.9355
AR,2012-06-30,538.5333
AR,2012-07-31,549.3226
AR,2012-08-31,565.4516
AR,2012-09-30,565.5333
AR,2012-10-31,559.7742
AR,2012-11-30,521.7
AR,2012-12-31,551.2581
AR,2013-01-31,494.9355
AR,2013-02-28,518.8214
AR,2013-03-31,577.871
AR,2013-04-30,502.1667
AR,2013-05-31,494.4839
AR,2013-06-30,510.5
AR,2013-07-31,514.7419
AR,2013-08-31,538.8387
AR,2013-09-30,542.1
AR,2013-10-31,543.129
AR,2013-11-30,543.7
AR,2013-12-31,537.0
AR,2014-01-31,537.0
AR,2014-02-28,534.2857
AR,2014-03-31,531.1935
AR,2014-04-30,511.3
AR,2014-05-31,501.0645
AR,2014-06-30,532.3333
AR,2014-07-31,522.0645
AR,2014-08-31,525.4194
AR,2014-09-30,528.8667
AR,2014-10-31,535.2258
AR,2014-11-30,530.2667
AR,2014-12-31,521.3871
AR,2015-01-31,533.2581
AR,2015-02-28,528.8214
AR,2015-03-31,531.4839
AR,2015-04-30,533.3
AR,2015-05-31,536.3548
AR,2015-06-30,533.6333
AR,2015-07-31,532.1935
AR,2015-08-31,529.2258
AR,2015-09-30,530.1333
AR,2015-10-31,535.4194
AR,2015-11-30,532.1667
AR,2015-12-31,532.2258
AR,2016-01-31,524.9355
AR,2016-02-29,517.8966
AR,2016-03-31,521.6452
AR,2016-04-30,520.9667
AR,2016-05-31,499.129
AR,2016-06-30,500.5333
AR,2016-07-31,499.9032
AR,2016-08-31,515.7419
AR,2016-09-30,542.4333
AR,2016-10-31,507.3871
AR,2016-11-30,498.8
AR,2016-12-31,491.5161
AR,2017-01-31,486.5484
AR,2017-02-28,482.25
AR,2017-03-31,495.0323
AR,2017-04-30,489.1
AR,2017-05-31,487.4516
AR,2017-06-30,458.4667
AR,2017-07-31,470.2903
AR,2017-08-31,475.7097
AR,2017-09-30,477.2333
AR,2017-10-31,468.0968
AR,2017-11-30,487.0667
AR,2017-12-31,523.1935
AR,2018-01-31,476.9355
AR,2018-02-28,468.7857
AR,2018-03-31,483.9677
AR,2018-04-30,500.1
AR,2018-05-31,481.7742
AR,2018-06-30,481.7
AR,2018-07-31,480.4194
AR,2018-08-31,487.9677
AR,2018-09-30,495.3667
AR,2018-10-31,495.0323
AR,2018-11-30,492.6667
AR,2018-12-31,493.0968
AR,2019-01-31,493.0968
AR,2019-02-28,498.3929
AR,2019-03-31,499.2903
AR,2019-04-30,509.7333
AR,2019-05-31,594.871
AR,2019-06-30,584.6667
AR,2019-07-31,599.0323
AR,2019-08-31,599.0323
AR,2019-09-30,513.7333
AR,2019-10-31,510.8065
AR,2019-11-30,514.7667
AR,2019-12-31,498.1613
AR,2020-01-31,517.2903
AR,2020-02-29,512.8621
AR,2020-03-31,421.5484
AR,2020-04-30,458.0
AR,2020-05-31,507.9677
AR,2020-06-30,584.6667
AR,2020-07-31,599.0323
AR,2020-08-31,
AR,2020-09-30,
AR,2020-10-31,
AR,2020-11-30,
AR,2020-12-31,
AR,2021-01-31,
AR,2021-02-28,
AR,2021-03-31,
AR,2021-04-30,
AR,2021-05-31,
AR,2021-06-30,
AR,2021-07-31,
AR,2021-08-31,
AR,2021-09-30,
AR,2021-10-31,
AR,2021-11-30,
AR,2021-12-31,
AR,2022-01-31,
AR,2022-02-28,
AR,2022-03-31,
AR,2022-04-30,
AR,2022-05-31,
AR,2022-06-30,
AR,2022-07-31,
AR,2022-08-31,
AR,2022-09-30,
AR,2022-10-31,
AR,2022-11-30,
AR,2022-12-31,
AR,2023-01-31,
AR,2023-02-28,
AR,2023-03-31,
AR,2023-04-30,
AR,2023-05-31,
AR,2023-06-30,
AR,2023-07-31,
AR,2023-08-31,
AR,2023-09-30,
AR,2023-10-31,
AR,2023-11-30,
AR,2023-12-31,
AR,2024-01-31,
AR,2024-02-29,
AR,2024-03-31,
AR,2024-04-30,
AR,2024-05-31,
AR,2024-06-30,
AR,2024-07-31,
AR,2024-08-31,
AR,2024-09-30,
AR,2024-10-31,
AR,2024-11-30,
AR,2024-12-31,
AR,2025-01-31,
AT,2002-01-31,17.2667
AT,2002-02-28,18.1106
AT,2002-03-31,18.1755
AT,2002-04-30,19.2509
AT,2002-05-31,18.4027
AT,2002-06-30,19.2509
AT,2002-07-31,18.4027
AT,2002-08-31,18.1755
AT,2002-09-30,17.8423
AT,2002-10-31,18.1755
AT,2002-11-30,18.077
AT,2002-12-31,18.1755
AT,2003-01-31,17.2667
AT,2003-02-28,17.859
AT,2003-03-31,18.1755
AT,2003-04-30,17.8423
AT,2003-05-31,17.4939
AT,2003-06-30,17.8423
AT,2003-07-31,17.7211
AT,2003-08-31,17.7211
AT,2003-09-30,17.8423
AT,2003-10-31,17.7211
AT,2003-11-30,17.6075
AT,2003-12-31,17.2667
AT,2004-01-31,17.7211
AT,2004-02-29,17.4861
AT,2004-03-31,17.7211
AT,2004-04-30,17.6075
AT,2004-05-31,17.2667
AT,2004-06-30,16.4337
AT,2004-07-31,17.7211
AT,2004-08-31,17.0395
AT,2004-09-30,17.3727
AT,2004-10-31,17.2667
AT,2004-11-30,16.6684
AT,2004-12-31,16.5851
AT,2005-01-31,16.5851
AT,2005-02-28,16.8529
AT,2005-03-31,16.8123
AT,2005-04-30,16.9032
AT,2005-05-31,16.5851
AT,2005-06-30,16.4337
AT,2005-07-31,16.1307
AT,2005-08-31,15.9035
AT,2005-09-30,16.4337
AT,2005-10-31,16.5851
AT,2005-11-30,16.4337
AT,2005-12-31,16.3579
AT,2006-01-31,16.1307
AT,2006-02-28,16.0983
AT,2006-03-31,16.1307
AT,2006-04-30,16.4337
AT,2006-05-31,16.8123
AT,2006-06-30,16.9032
AT,2006-07-31,16.8123
AT,2006-08-31,16.5851
AT,2006-09-30,16.4337
AT,2006-10-31,16.8123
AT,2006-11-30,16.1989
AT,2006-12-31,17.0395
AT,2007-01-31,16.3579
AT,2007-02-28,16.3498
AT,2007-03-31,16.3579
AT,2007-04-30,16.4337
AT,2007-05-31,16.3579
AT,2007-06-30,16.4337
AT,2007-07-31,16.8123
AT,2007-08-31,16.8123
AT,2007-09-30,16.6684
AT,2007-10-31,16.3579
AT,2007-11-30,16.4337
AT,2007-12-31,16.1307
AT,2008-01-31,16.1307
AT,2008-02-29,16.2718
AT,2008-03-31,16.1307
AT,2008-04-30,15.9641
AT,2008-05-31,15.9035
AT,2008-06-30,16.4337
AT,2008-07-31,16.1307
AT,2008-08-31,16.3579
AT,2008-09-30,17.138
AT,2008-10-31,17.7211
AT,2008-11-30,17.6075
AT,2008-12-31,17.2667
AT,2009-01-31,17.0395
AT,2009-02-28,17.6075
AT,2009-03-31,17.7211
AT,2009-04-30,17.8423
AT,2009-05-31,17.7211
AT,2009-06-30,18.5466
AT,2009-07-31,17.4939
AT,2009-08-31,17.9483
AT,2009-09-30,17.6075
AT,2009-10-31,17.2667
AT,2009-11-30,17.138
AT,2009-12-31,16.8123
AT,2010-01-31,16.8123
AT,2010-02-28,16.8529
AT,2010-03-31,17.0395
AT,2010-04-30,17.138
AT,2010-05-31,17.0395
AT,2010-06-30,16.9032
AT,2010-07-31,16.8123
AT,2010-08-31,17.0395
AT,2010-09-30,16.9032
AT,2010-10-31,16.5851
AT,2010-11-30,16.9032
AT,2010-12-31,16.3579
AT,2011-01-31,16.1307
AT,2011-02-28,16.6014
AT,2011-03-31,16.1307
AT,2011-04-30,15.9641
AT,2011-05-31,15.9035
AT,2011-06-30,16.1989
AT,2011-07-31,15.9035
AT,2011-08-31,16.3579
AT,2011-09-30,16.6684
AT,2011-10-31,16.1307
AT,2011-11-30,15.9641
AT,2011-12-31,16.1307
AT,2012-01-31,17.0395
AT,2012-02-29,15.3003
AT,2012-03-31,16.1307
AT,2012-04-30,16.6684
AT,2012-05-31,15.4492
AT,2012-06-30,16.9032
AT,2012-07-31,16.1307
AT,2012-08-31,16.1307
AT,2012-09-30,15.9641
AT,2012-10-31,15.6764
AT,2012-11-30,16.1989
AT,2012-12-31,16.1307
AT,2013-01-31,16.5851
AT,2013-02-28,16.0983
AT,2013-03-31,16.3579
AT,2013-04-30,16.9032
AT,2013-05-31,16.1307
AT,2013-06-30,15.4946
AT,2013-07-31,16.1307
AT,2013-08-31,16.5851
AT,2013-09-30,15.0251
AT,2013-10-31,16.5851
AT,2013-11-30,17.138
AT,2013-12-31,16.3579
AT,2014-01-31,17.4939
AT,2014-02-28,17.356
AT,2014-03-31,18.6299
AT,2014-04-30,17.6075
AT,2014-05-31,18.1755
AT,2014-06-30,16.6684
AT,2014-07-31,17.0395
AT,2014-08-31,16.5851
AT,2014-09-30,16.4337
AT,2014-10-31,16.5851
AT,2014-11-30,16.9032
AT,2014-12-31,16.1307
AT,2015-01-31,17.0395
AT,2015-02-28,16.6014
AT,2015-03-31,16.1307
AT,2015-04-30,17.138
AT,2015-05-31,16.5851
AT,2015-06-30,17.138
AT,2015-07-31,17.0395
AT,2015-08-31,16.3579
AT,2015-09-30,15.9641
AT,2015-10-31,16.5851
AT,2015-11-30,16.4337
AT,2015-12-31,14.5404
AT,2016-01-31,16.1307
AT,2016-02-29,15.3003
AT,2016-03-31,17.7211
AT,2016-04-30,13.3817
AT,2016-05-31,14.086
AT,2016-06-30,19.0161
AT,2016-07-31,14.3132
AT,2016-08-31,14.7676
AT,2016-09-30,15.4946
AT,2016-10-31,14.3132
AT,2016-11-30,15.0251
AT,2016-12-31,13.8588
AT,2017-01-31,14.7676
AT,2017-02-28,14.5891
AT,2017-03-31,16.5851
AT,2017-04-30,12.4426
AT,2017-05-31,14.7676
AT,2017-06-30,13.1469
AT,2017-07-31,18.6299
AT,2017-08-31,10.9053
AT,2017-09-30,13.8512
AT,2017-10-31,13.6316
AT,2017-11-30,13.3817
AT,2017-12-31,13.4044
AT,2018-01-31,13.6316
AT,2018-02-28,14.8406
AT,2018-03-31,12.7228
AT,2018-04-30,13.3817
AT,2018-05-31,13.4044
AT,2018-06-30,13.3817
AT,2018-07-31,12.95
AT,2018-08-31,12.7228
AT,2018-09-30,13.6165
AT,2018-10-31,13.1772
AT,2018-11-30,13.3817
AT,2018-12-31,12.2685
AT,2019-01-31,12.7228
AT,2019-02-28,13.0799
AT,2019-03-31,12.7228
AT,2019-04-30,12.6774
AT,2019-05-31,12.4956
AT,2019-06-30,12.2079
AT,2019-07-31,12.0413
AT,2019-08-31,12.7228
AT,2019-09-30,12.6774
AT,2019-10-31,12.4956
AT,2019-11-30,12.6774
AT,2019-12-31,12.0413
AT,2020-01-31,12.0413
AT,2020-02-29,12.1431
AT,2020-03-31,2.4991
AT,2020-04-30,11.034
AT,2020-05-31,11.5869
AT,2020-06-30,11.7383
AT,2020-07-31,11.8141
AT,2020-08-31,11.3597
AT,2020-09-30,11.034
AT,2020-10-31,11.8141
AT,2020-11-30,11.2688
AT,2020-12-31,11.3597
AT,2021-01-31,10.9053
AT,2021-02-28,10.816
AT,2021-03-31,11.5869
AT,2021-04-30,10.7993
AT,2021-05-31,10.9053
AT,2021-06-30,11.034
AT,2021-07-31,10.6781
AT,2021-08-31,10.9053
AT,2021-09-30,11.2688
AT,2021-10-31,10.4509
AT,2021-11-30,10.3297
AT,2021-12-31,10.2237
AT,2022-01-31,10.2237
AT,2022-02-28,10.313
AT,2022-03-31,9.9965
AT,2022-04-30,10.5645
AT,2022-05-31,10.2237
AT,2022-06-30,10.5645
AT,2022-07-31,9.9965
AT,2022-08-31,9.3149
AT,2022-09-30,8.9211
AT,2022-10-31,10.2237
AT,2022-11-30,9.3907
AT,2022-12-31,9.3149
AT,2023-01-31,9.3149
AT,2023-02-28,9.3068
AT,2023-03-31,9.0877
AT,2023-04-30,9.3907
AT,2023-05-31,9.3149
AT,2023-06-30,9.1559
AT,2023-07-31,9.3149
AT,2023-08-31,8.179
AT,2023-09-30,8.2168
AT,2023-10-31,8.8605
AT,2023-11-30,8.9211
AT,2023-12-31,8.8605
AT,2024-01-31,8.8605
AT,2024-02-29,9.2288
AT,2024-03-31,9.0877
AT,2024-04-30,8.6864
AT,2024-05-31,8.4062
AT,2024-06-30,9.1559
AT,2024-07-31,8.8605
AT,2024-08-31,9.5421
AT,2024-09-30,7.9821
AT,2024-10-31,9.0877
AT,2024-11-30,8.4516
AT,2024-12-31,9.0877
AT,2025-01-31,8.8605
AT,2025-02-28,9.0553
AT,2025-03-31,8.6334
AU,2002-01-31,626.7303
AU,2002-02-28,644.3171
AU,2002-03-31,617.0648
AU,2002-04-30,619.761
AU,2002-05-31,586.5423
AU,2002-06-30,646.3072
AU,2002-07-31,644.7895
AU,2002-08-31,649.8766
AU,2002-09-30,620.0238
AU,2002-10-31,574.0789
AU,2002-11-30,603.2025
AU,2002-12-31,581.9639
AU,2003-01-31,561.8698
AU,2003-02-28,547.7259
AU,2003-03-31,515.3229
AU,2003-04-30,498.332
AU,2003-05-31,515.8316
AU,2003-06-30,518.3073
AU,2003-07-31,604.3471
AU,2003-08-31,531.0929
AU,2003-09-30,478.0938
AU,2003-10-31,416.3789
AU,2003-11-30,485.9788
AU,2003-12-31,486.8352
AU,2004-01-31,473.3544
AU,2004-02-29,462.2241
AU,2004-03-31,437.236
AU,2004-04-30,434.2007
AU,2004-05-31,418.1594
AU,2004-06-30,457.33
AU,2004-07-31,449.445
AU,2004-08-31,463.9432
AU,2004-09-30,423.9502
AU,2004-10-31,382.804
AU,2004-11-30,417.1165
AU,2004-12-31,386.365
AU,2005-01-31,418.6681
AU,2005-02-28,373.1295
AU,2005-03-31,410.02
AU,2005-04-30,412.3855
AU,2005-05-31,420.9573
AU,2005-06-30,473.8885
AU,2005-07-31,462.4171
AU,2005-08-31,434.1837
AU,2005-09-30,433.675
AU,2005-10-31,389.6716
AU,2005-11-30,489.6585
AU,2005-12-31,406.9677
AU,2006-01-31,299.63
AU,2006-02-28,384.6754
AU,2006-03-31,362.4556
AU,2006-04-30,348.7798
AU,2006-05-31,364.4905
AU,2006-06-30,349.0427
AU,2006-07-31,487.5982
AU,2006-08-31,516.5947
AU,2006-09-30,494.3895
AU,2006-10-31,491.6679
AU,2006-11-30,451.2848
AU,2006-12-31,482.5111
AU,2007-01-31,447.6645
AU,2007-02-28,515.6227
AU,2007-03-31,399.3371
AU,2007-04-30,492.024
AU,2007-05-31,458.3474
AU,2007-06-30,490.447
AU,2007-07-31,488.1069
AU,2007-08-31,469.2847
AU,2007-09-30,423.9502
AU,2007-10-31,453.006
AU,2007-11-30,438.6688
AU,2007-12-31,451.7342
AU,2008-01-31,407.2221
AU,2008-02-29,397.5128
AU,2008-03-31,412.8179
AU,2008-04-30,456.8043
AU,2008-05-31,450.2081
AU,2008-06-30,449.1822
AU,2008-07-31,466.9955
AU,2008-08-31,473.6087
AU,2008-09-30,485.4532
AU,2008-10-31,511.2532
AU,2008-11-30,519.6215
AU,2008-12-31,505.4031
AU,2009-01-31,478.1871
AU,2009-02-28,483.2379
AU,2009-03-31,471.3195
AU,2009-04-30,477.5682
AU,2009-05-31,397.0479
AU,2009-06-30,449.7078
AU,2009-07-31,473.3544
AU,2009-08-31,473.3544
AU,2009-09-30,448.6565
AU,2009-10-31,465.7237
AU,2009-11-30,449.9707
AU,2009-12-31,443.0861
AU,2010-01-31,396.2848
AU,2010-02-28,382.4225
AU,2010-03-31,529.8211
AU,2010-04-30,583.7528
AU,2010-05-31,531.0929
AU,2010-06-30,517.7817
AU,2010-07-31,560.5981
AU,2010-08-31,510.2358
AU,2010-09-30,511.2108
AU,2010-10-31,482.7655
AU,2010-11-30,476.7797
AU,2010-12-31,452.7516
AU,2011-01-31,373.1385
AU,2011-02-28,397.0661
AU,2011-03-31,454.5321
AU,2011-04-30,449.445
AU,2011-05-31,444.8666
AU,2011-06-30,406.3403
AU,2011-07-31,381.0235
AU,2011-08-31,430.3684
AU,2011-09-30,432.3608
AU,2011-10-31,455.0408
AU,2011-11-30,472.3115
AU,2011-12-31,470.0477
AU,2012-01-31,402.6437
AU,2012-02-29,373.8578
AU,2012-03-31,417.3963
AU,2012-04-30,455.4902
AU,2012-05-31,420.7029
AU,2012-06-30,402.135
AU,2012-07-31,439.0165
AU,2012-08-31,443.5948
AU,2012-09-30,427.8927
AU,2012-10-31,412.3092
AU,2012-11-30,383.211
AU,2012-12-31,377.2082
AU,2013-01-31,278.5185
AU,2013-02-28,310.0495
AU,2013-03-31,330.1526
AU,2013-04-30,346.4143
AU,2013-05-31,340.0724
AU,2013-06-30,356.1392
AU,2013-07-31,361.4382
AU,2013-08-31,354.3163
AU,2013-09-30,353.248
AU,2013-10-31,280.299
AU,2013-11-30,338.0037
AU,2013-12-31,341.5985
AU,2014-01-31,329.1352
AU,2014-02-28,359.0491
AU,2014-03-31,341.3442
AU,2014-04-30,321.4452
AU,2014-05-31,313.6195
AU,2014-06-30,348.7798
AU,2014-07-31,335.7484
AU,2014-08-31,352.0271
AU,2014-09-30,336.1638
AU,2014-10-31,347.4487
AU,2014-11-30,361.133
AU,2014-12-31,356.3511
AU,2015-01-31,337.7832
AU,2015-02-28,318.7793
AU,2015-03-31,250.5395
AU,2015-04-30,296.7388
AU,2015-05-31,264.7834
AU,2015-06-30,336.4267
AU,2015-07-31,368.8145
AU,2015-08-31,369.5776
AU,2015-09-30,346.6772
AU,2015-10-31,338.0376
AU,2015-11-30,357.1905
AU,2015-12-31,342.8703
AU,2016-01-31,316.1631
AU,2016-02-29,304.5241
AU,2016-03-31,295.306
AU,2016-04-30,287.2768
AU,2016-05-31,270.6335
AU,2016-06-30,284.1228
AU,2016-07-31,307.2606
AU,2016-08-31,296.8321
AU,2016-09-30,293.8477
AU,2016-10-31,294.0342
AU,2016-11-30,289.9052
AU,2016-12-31,269.6161
AU,2017-01-31,258.4245
AU,2017-02-28,254.8545
AU,2017-03-31,272.6684
AU,2017-04-30,258.1023
AU,2017-05-31,274.7032
AU,2017-06-30,273.6095
AU,2017-07-31,278.7729
AU,2017-08-31,279.536
AU,2017-09-30,255.7368
AU,2017-10-31,268.5987
AU,2017-11-30,256.5253
AU,2017-12-31,243.6719
AU,2018-01-31,275.2119
AU,2018-02-28,278.5095
AU,2018-03-31,273.4315
AU,2018-04-30,261.5192
AU,2018-05-31,228.1563
AU,2018-06-30,258.628
AU,2018-07-31,261.4768
AU,2018-08-31,258.9332
AU,2018-09-30,273.3467
AU,2018-10-31,294.2885
AU,2018-11-30,304.361
AU,2018-12-31,300.3931
AU,2019-01-31,293.0168
AU,2019-02-28,317.0896
AU,2019-03-31,297.8495
AU,2019-04-30,331.17
AU,2019-05-31,303.954
AU,2019-06-30,335.1125
AU,2019-07-31,339.055
AU,2019-08-31,357.1142
AU,2019-09-30,349.8312
AU,2019-10-31,388.1455
AU,2019-11-30,368.2295
AU,2019-12-31,366.271
AU,2020-01-31,323.5394
AU,2020-02-29,297.9986
AU,2020-03-31,356.3511
AU,2020-04-30,358.5047
AU,2020-05-31,308.2781
AU,2020-06-30,326.439
AU,2020-07-31,311.5847
AU,2020-08-31,336.5115
AU,2020-09-30,316.1885
AU,2020-10-31,329.3895
AU,2020-11-30,321.4452
AU,2020-12-31,314.8913
AU,2021-01-31,310.0585
AU,2021-02-28,281.8888
AU,2021-03-31,345.6682
AU,2021-04-30,306.4637
AU,2021-05-31,288.4384
AU,2021-06-30,232.0818
AU,2021-07-31,311.076
AU,2021-08-31,343.6334
AU,2021-09-30,322.2337
AU,2021-10-31,314.8913
AU,2021-11-30,339.055
AU,2021-12-31,305.7345
AU,2022-01-31,289.9645
AU,2022-02-28,285.268
AU,2022-03-31,287.6753
AU,2022-04-30,306.7265
AU,2022-05-31,323.285
AU,2022-06-30,315.1372
AU,2022-07-31,236.55
AU,2022-08-31,255.6266
AU,2022-09-30,288.3282
AU,2022-10-31,295.5603
AU,2022-11-30,283.0715
AU,2022-12-31,288.184
AU,2023-01-31,271.1423
AU,2023-02-28,277.6646
AU,2023-03-31,258.6789
AU,2023-04-30,241.0182
AU,2023-05-31,256.3897
AU,2023-06-30,262.3077
AU,2023-07-31,239.6023
AU,2023-08-31,266.0552
AU,2023-09-30,250.743
AU,2023-10-31,249.2677
AU,2023-11-30,244.9607
AU,2023-12-31,270.8879
AU,2024-01-31,266.0552
AU,2024-02-29,253.9514
AU,2024-03-31,238.5848
AU,2024-04-30,233.6588
AU,2024-05-31,244.9437
AU,2024-06-30,254.1598
AU,2024-07-31,261.4768
AU,2024-08-31,250.7939
AU,2024-09-30,219.9915
AU,2024-10-31,230.9542
AU,2024-11-30,241.0182
AU,2024-12-31,265.0377
AU,2025-01-31,219.2539
AU,2025-02-28,212.3318
AU,2025-03-31,245.1981
AZ,2002-01-31,289.3319
AZ,2002-02-28,308.4871
AZ,2002-03-31,297.8906
AZ,2002-04-30,288.4127
AZ,2002-05-31,309.7777
AZ,2002-06-30,315.9273
AZ,2002-07-31,305.7361
AZ,2002-08-31,315.2458
AZ,2002-09-30,314.699
AZ,2002-10-31,305.2606
AZ,2002-11-30,316.6643
AZ,2002-12-31,298.8416
AZ,2003-01-31,309.54
AZ,2003-02-28,307.4343
AZ,2003-03-31,309.54
AZ,2003-04-30,318.6297
AZ,2003-05-31,313.1061
AZ,2003-06-30,294.063
AZ,2003-07-31,309.0645
AZ,2003-08-31,309.3023
AZ,2003-09-30,308.803
AZ,2003-10-31,305.7361
AZ,2003-11-30,306.592
AZ,2003-12-31,309.0645
AZ,2004-01-31,303.121
AZ,2004-02-29,295.0541
AZ,2004-03-31,315.4835
AZ,2004-04-30,303.644
AZ,2004-05-31,304.7852
AZ,2004-06-30,322.3147
AZ,2004-07-31,251.2932
AZ,2004-08-31,324.9932
AZ,2004-09-30,326.7367
AZ,2004-10-31,325.231
AZ,2004-11-30,320.3493
AZ,2004-12-31,311.9174
AZ,2005-01-31,327.8461
AZ,2005-02-28,333.4925
AZ,2005-03-31,388.9458
AZ,2005-04-30,387.1707
AZ,2005-05-31,407.0142
AZ,2005-06-30,428.6883
AZ,2005-07-31,417.7126
AZ,2005-08-31,477.3858
AZ,2005-09-30,489.6137
AZ,2005-10-31,526.5984
AZ,2005-11-30,514.426
AZ,2005-12-31,532.7797
AZ,2006-01-31,503.0619
AZ,2006-02-28,602.7607
AZ,2006-03-31,580.3281
AZ,2006-04-30,601.392
AZ,2006-05-31,616.9403
AZ,2006-06-30,624.4847
AZ,2006-07-31,644.5184
AZ,2006-08-31,702.7652
AZ,2006-09-30,710.2223
AZ,2006-10-31,697.0594
AZ,2006-11-30,772.1303
AZ,2006-12-31,726.3016
AZ,2007-01-31,807.8471
AZ,2007-02-28,859.3946
AZ,2007-03-31,862.5277
AZ,2007-04-30,809.7173
AZ,2007-05-31,876.079
AZ,2007-06-30,880.9607
AZ,2007-07-31,894.8606
AZ,2007-08-31,883.2113
AZ,2007-09-30,548.0823
AZ,2007-10-31,878.9319
AZ,2007-11-30,875.556
AZ,2007-12-31,891.5323
AZ,2008-01-31,939.0806
AZ,2008-02-29,932.9403
AZ,2008-03-31,971.4135
AZ,2008-04-30,993.2303
AZ,2008-05-31,1002.0823
AZ,2008-06-30,1047.5227
AZ,2008-07-31,1081.7258
AZ,2008-08-31,664.0132
AZ,2008-09-30,818.07
AZ,2008-10-31,691.829
AZ,2008-11-30,773.6043
AZ,2008-12-31,844.9348
AZ,2009-01-31,862.7655
AZ,2009-02-28,932.305
AZ,2009-03-31,1002.32
AZ,2009-04-30,1059.3147
AZ,2009-05-31,1075.5445
AZ,2009-06-30,1080.6877
AZ,2009-07-31,1050.5816
AZ,2009-08-31,1023.7168
AZ,2009-09-30,1059.5603
AZ,2009-10-31,1055.8119
AZ,2009-11-30,1009.9357
AZ,2009-12-31,956.4358
AZ,2010-01-31,954.2961
AZ,2010-02-28,925.4614
AZ,2010-03-31,972.84
AZ,2010-04-30,1020.745
AZ,2010-05-31,1010.641
AZ,2010-06-30,1005.5137
AZ,2010-07-31,1009.9277
AZ,2010-08-31,1016.109
AZ,2010-09-30,1004.2853
AZ,2010-10-31,1003.5087
AZ,2010-11-30,987.58
AZ,2010-12-31,861.5768
AZ,2011-01-31,940.5071
AZ,2011-02-28,955.2046
AZ,2011-03-31,927.1935
AZ,2011-04-30,910.6863
AZ,2011-05-31,916.7329
AZ,2011-06-30,907.4927
AZ,2011-07-31,859.1994
AZ,2011-08-31,924.3406
AZ,2011-09-30,871.871
AZ,2011-10-31,815.6926
AZ,2011-11-30,744.8613
AZ,2011-12-31,699.199
AZ,2012-01-31,875.8413
AZ,2012-02-29,851.6162
AZ,2012-03-31,868.2335
AZ,2012-04-30,792.7663
AZ,2012-05-31,857.0597
AZ,2012-06-30,847.55
AZ,2012-07-31,823.7758
AZ,2012-08-31,824.0135
AZ,2012-09-30,795.223
AZ,2012-10-31,696.5839
AZ,2012-11-30,764.5147
AZ,2012-12-31,808.7981
AZ,2013-01-31,844.2216
AZ,2013-02-28,837.8111
AZ,2013-03-31,798.3374
AZ,2013-04-30,810.9457
AZ,2013-05-31,852.5426
AZ,2013-06-30,850.7437
AZ,2013-07-31,818.7832
AZ,2013-08-31,815.9303
AZ,2013-09-30,786.379
AZ,2013-10-31,795.2468
AZ,2013-11-30,785.1507
AZ,2013-12-31,784.5484
AZ,2014-01-31,793.3448
AZ,2014-02-28,804.1196
AZ,2014-03-31,807.8471
AZ,2014-04-30,836.2493
AZ,2014-05-31,827.5797
AZ,2014-06-30,801.3647
AZ,2014-07-31,827.8174
AZ,2014-08-31,814.5039
AZ,2014-09-30,797.1883
AZ,2014-10-31,798.8129
AZ,2014-11-30,625.4673
AZ,2014-12-31,781.9332
AZ,2015-01-31,817.8323
AZ,2015-02-28,811.4896
AZ,2015-03-31,830.4326
AZ,2015-04-30,816.1047
AZ,2015-05-31,759.11
AZ,2015-06-30,758.6187
AZ,2015-07-31,784.7861
AZ,2015-08-31,786.4503
AZ,2015-09-30,804.067
AZ,2015-10-31,789.3032
AZ,2015-11-30,748.5463
AZ,2015-12-31,736.049
AZ,2016-01-31,778.8426
AZ,2016-02-29,791.8938
AZ,2016-03-31,810.4623
AZ,2016-04-30,795.7143
AZ,2016-05-31,794.2958
AZ,2016-06-30,807.752
AZ,2016-07-31,807.1339
AZ,2016-08-31,773.85
AZ,2016-09-30,708.7483
AZ,2016-10-31,758.8723
AZ,2016-11-30,678.2857
AZ,2016-12-31,730.1055
AZ,2017-01-31,743.419
AZ,2017-02-28,728.8404
AZ,2017-03-31,694.2065
AZ,2017-04-30,725.4537
AZ,2017-05-31,726.5394
AZ,2017-06-30,737.4913
AZ,2017-07-31,739.6152
AZ,2017-08-31,696.3461
AZ,2017-09-30,735.7717
AZ,2017-10-31,762.2006
AZ,2017-11-30,721.2773
AZ,2017-12-31,741.7548
AZ,2018-01-31,743.8945
AZ,2018-02-28,736.4736
AZ,2018-03-31,726.3016
AZ,2018-04-30,744.37
AZ,2018-05-31,737.0
AZ,2018-06-30,728.4017
AZ,2018-07-31,718.4561
AZ,2018-08-31,710.3729
AZ,2018-09-30,715.8727
AZ,2018-10-31,707.2823
AZ,2018-11-30,724.2253
AZ,2018-12-31,712.2748
AZ,2019-01-31,711.0861
AZ,2019-02-28,716.2061
AZ,2019-03-31,707.52
AZ,2019-04-30,598.9353
AZ,2019-05-31,686.1232
AZ,2019-06-30,687.621
AZ,2019-07-31,696.3461
AZ,2019-08-31,678.7532
AZ,2019-09-30,674.1093
AZ,2019-10-31,636.1974
AZ,2019-11-30,673.8637
AZ,2019-12-31,671.621
AZ,2020-01-31,669.719
AZ,2020-02-29,658.7255
AZ,2020-03-31,675.1871
AZ,2020-04-30,684.1817
AZ,2020-05-31,573.1958
AZ,2020-06-30,564.2963
AZ,2020-07-31,562.7352
AZ,2020-08-31,586.0339
AZ,2020-09-30,596.233
AZ,2020-10-31,578.9016
AZ,2020-11-30,595.0047
AZ,2020-12-31,595.7813
AZ,2021-01-31,593.8794
AZ,2021-02-28,590.9161
AZ,2021-03-31,581.9923
AZ,2021-04-30,580.019
AZ,2021-05-31,573.909
AZ,2021-06-30,618.0973
AZ,2021-07-31,592.9284
AZ,2021-08-31,597.6832
AZ,2021-09-30,586.1607
AZ,2021-10-31,584.8452
AZ,2021-11-30,587.8803
AZ,2021-12-31,596.4945
AZ,2022-01-31,581.279
AZ,2022-02-28,566.9636
AZ,2022-03-31,580.0903
AZ,2022-04-30,578.7907
AZ,2022-05-31,570.8184
AZ,2022-06-30,526.218
AZ,2022-07-31,551.0858
AZ,2022-08-31,554.6519
AZ,2022-09-30,544.1517
AZ,2022-10-31,547.7574
AZ,2022-11-30,549.5563
AZ,2022-12-31,547.7574
AZ,2023-01-31,533.2552
AZ,2023-02-28,532.4825
AZ,2023-03-31,515.6623
AZ,2023-04-30,512.7063
AZ,2023-05-31,500.209
AZ,2023-06-30,500.9143
AZ,2023-07-31,499.9713
AZ,2023-08-31,497.8316
AZ,2023-09-30,490.842
AZ,2023-10-31,494.741
AZ,2023-11-30,493.053
AZ,2023-12-31,481.4274
AZ,2024-01-31,474.5329
AZ,2024-02-29,476.0003
AZ,2024-03-31,480.9519
AZ,2024-04-30,476.3477
AZ,2024-05-31,457.891
AZ,2024-06-30,483.472
AZ,2024-07-31,484.0426
AZ,2024-08-31,480.9519
AZ,2024-09-30,479.5413
AZ,2024-10-31,482.6161
AZ,2024-11-30,485.683
AZ,2024-12-31,486.42
AZ,2025-01-31,454.5626
AZ,2025-02-28,464.8364
AZ,2025-03-31,461.6948
BB,2002-01-31,1.129
BB,2002-02-28,1.1429
BB,2002-03-31,1.1613
BB,2002-04-30,1.1
BB,2002-05-31,1.0323
BB,2002-06-30,1.0667
BB,2002-07-31,1.0645
BB,2002-08-31,1.0
BB,2002-09-30,1.0667
BB,2002-10-31,1.0645
BB,2002-11-30,1.0
BB,2002-12-31,1.0323
BB,2003-01-31,1.129
BB,2003-02-28,1.0714
BB,2003-03-31,0.9677
BB,2003-04-30,1.0
BB,2003-05-31,0.9032
BB,2003-06-30,0.9667
BB,2003-07-31,0.9355
BB,2003-08-31,1.0968
BB,2003-09-30,0.9667
BB,2003-10-31,0.9677
BB,2003-11-30,1.1
BB,2003-12-31,1.0645
BB,2004-01-31,0.0
BB,2004-02-29,0.0
BB,2004-03-31,0.0
BB,2004-04-30,0.0
BB,2004-05-31,0.0
BB,2004-06-30,0.0
BB,2004-07-31,0.0
BB,2004-08-31,0.0
BB,2004-09-30,0.0
BB,2004-10-31,0.0
BB,2004-11-30,0.0
BB,2004-12-31,0.0
BB,2005-01-31,0.0
BB,2005-02-28,0.0
BB,2005-03-31,0.0
BB,2005-04-30,0.0
BB,2005-05-31,0.0
BB,2005-06-30,0.0
BB,2005-07-31,0.0
BB,2005-08-31,0.0
BB,2005-09-30,0.0
BB,2005-10-31,0.0
BB,2005-11-30,0.0
BB,2005-12-31,0.0
BB,2006-01-31,0.0
BB,2006-02-28,0.0
BB,2006-03-31,0.0
BB,2006-04-30,0.0
BB,2006-05-31,0.0
BB,2006-06-30,0.0
BB,2006-07-31,0.0
BB,2006-08-31,0.0
BB,2006-09-30,0.0
BB,2006-10-31,0.0
BB,2006-11-30,0.0
BB,2006-12-31,0.0
BB,2007-01-31,0.0
BB,2007-02-28,0.0
BB,2007-03-31,0.0
BB,2007-04-30,0.0
BB,2007-05-31,0.0
BB,2007-06-30,0.0
BB,2007-07-31,0.0
BB,2007-08-31,0.0
BB,2007-09-30,0.0
BB,2007-10-31,0.0
BB,2007-11-30,0.0
BB,2007-12-31,0.0
BB,2008-01-31,0.0
BB,2008-02-29,0.0
BB,2008-03-31,0.0
BB,2008-04-30,0.0
BB,2008-05-31,0.0
BB,2008-06-30,0.0
BB,2008-07-31,0.0
BB,2008-08-31,0.0
BB,2008-09-30,0.0
BB,2008-10-31,0.0
BB,2008-11-30,0.0
BB,2008-12-31,0.0
BB,2009-01-31,0.0
BB,2009-02-28,0.0
BB,2009-03-31,0.0
BB,2009-04-30,0.0
BB,2009-05-31,0.0
BB,2009-06-30,0.0
BB,2009-07-31,0.0
BB,2009-08-31,0.0
BB,2009-09-30,0.0
BB,2009-10-31,0.7097
BB,2009-11-30,0.6667
BB,2009-12-31,0.7419
BB,2010-01-31,0.8065
BB,2010-02-28,0.8929
BB,2010-03-31,0.9032
BB,2010-04-30,0.0
BB,2010-05-31,0.0
BB,2010-06-30,0.0
BB,2010-07-31,0.0
BB,2010-08-31,0.0
BB,2010-09-30,0.0
BB,2010-10-31,0.0
BB,2010-11-30,0.0
BB,2010-12-31,0.0
BB,2011-01-31,0.7742
BB,2011-02-28,0.7857
BB,2011-03-31,0.7419
BB,2011-04-30,0.7333
BB,2011-05-31,0.8065
BB,2011-06-30,0.8667
BB,2011-07-31,0.871
BB,2011-08-31,0.8387
BB,2011-09-30,0.8667
BB,2011-10-31,0.8065
BB,2011-11-30,0.8
BB,2011-12-31,0.8065
BB,2012-01-31,0.7742
BB,2012-02-29,0.8276
BB,2012-03-31,0.7742
BB,2012-04-30,0.8
BB,2012-05-31,0.7742
BB,2012-06-30,0.8
BB,2012-07-31,0.7742
BB,2012-08-31,0.7742
BB,2012-09-30,0.8
BB,2012-10-31,0.7742
BB,2012-11-30,0.8
BB,2012-12-31,0.7742
BB,2013-01-31,0.0
BB,2013-02-28,0.0
BB,2013-03-31,0.0
BB,2013-04-30,0.0
BB,2013-05-31,0.0
BB,2013-06-30,0.0
BB,2013-07-31,0.0
BB,2013-08-31,0.0
BB,2013-09-30,0.0
BB,2013-10-31,0.0
BB,2013-11-30,0.0
BB,2013-12-31,0.0
BB,2014-01-31,0.0
BB,2014-02-28,0.0
BB,2014-03-31,0.0
BB,2014-04-30,0.0
BB,2014-05-31,0.0
BB,2014-06-30,0.0
BB,2014-07-31,0.0
BB,2014-08-31,0.0
BB,2014-09-30,0.0
BB,2014-10-31,0.0
BB,2014-11-30,0.0
BB,2014-12-31,0.0
BB,2015-01-31,0.6129
BB,2015-02-28,0.6429
BB,2015-03-31,0.6452
BB,2015-04-30,0.6333
BB,2015-05-31,0.6452
BB,2015-06-30,0.7333
BB,2015-07-31,0.7742
BB,2015-08-31,0.5806
BB,2015-09-30,0.7
BB,2015-10-31,0.7419
BB,2015-11-30,0.7
BB,2015-12-31,0.6774
BB,2016-01-31,0.6774
BB,2016-02-29,0.7241
BB,2016-03-31,0.6774
BB,2016-04-30,0.6333
BB,2016-05-31,0.6129
BB,2016-06-30,0.0
BB,2016-07-31,0.0
BB,2016-08-31,
BB,2016-09-30,
BB,2016-10-31,
BB,2016-11-30,
BB,2016-12-31,
BB,2017-01-31,0.6129
BB,2017-02-28,0.6786
BB,2017-03-31,0.6452
BB,2017-04-30,0.6667
BB,2017-05-31,0.6129
BB,2017-06-30,0.5667
BB,2017-07-31,0.5806
BB,2017-08-31,0.6129
BB,2017-09-30,0.6667
BB,2017-10-31,0.6774
BB,2017-11-30,0.7
BB,2017-12-31,0.6774
BB,2018-01-31,
BB,2018-02-28,
BB,2018-03-31,
BB,2018-04-30,
BB,2018-05-31,
BB,2018-06-30,
BB,2018-07-31,
BB,2018-08-31,
BB,2018-09-30,
BB,2018-10-31,
BB,2018-11-30,
BB,2018-12-31,
BB,2019-01-31,
BB,2019-02-28,
BB,2019-03-31,
BB,2019-04-30,
BB,2019-05-31,
BB,2019-06-30,
BB,2019-07-31,
BB,2019-08-31,
BB,2019-09-30,
BB,2019-10-31,
BB,2019-11-30,
BB,2019-12-31,
BB,2020-01-31,0.5484
BB,2020-02-29,0.5517
BB,2020-03-31,0.4839
BB,2020-04-30,0.5
BB,2020-05-31,0.4839
BB,2020-06-30,0.5
BB,2020-07-31,0.4516
BB,2020-08-31,0.4516
BB,2020-09-30,0.4667
BB,2020-10-31,0.4194
BB,2020-11-30,0.4333
BB,2020-12-31,0.4194
BB,2021-01-31,0.4516
BB,2021-02-28,0.5
BB,2021-03-31,0.4194
BB,2021-04-30,0.4333
BB,2021-05-31,0.4194
BB,2021-06-30,0.4333
BB,2021-07-31,0.3548
BB,2021-08-31,0.4194
BB,2021-09-30,0.4
BB,2021-10-31,
BB,2021-11-30,
BB,2021-12-31,
BB,2022-01-31,
BB,2022-02-28,
BB,2022-03-31,
BB,2022-04-30,
BB,2022-05-31,
BB,2022-06-30,
BB,2022-07-31,
BB,2022-08-31,
BB,2022-09-30,
BB,2022-10-31,
BB,2022-11-30,
BB,2022-12-31,
BB,2023-01-31,
BB,2023-02-28,
BB,2023-03-31,
BB,2023-04-30,
BB,2023-05-31,
BB,2023-06-30,
BB,2023-07-31,
BB,2023-08-31,
BB,2023-09-30,
BB,2023-10-31,
BB,2023-11-30,
BB,2023-12-31,
BB,2024-01-31,
BB,2024-02-29,
BB,2024-03-31,
BB,2024-04-30,
BB,2024-05-31,
BB,2024-06-30,
BB,2024-07-31,
BB,2024-08-31,
BB,2024-09-30,
BB,2024-10-31,
BB,2024-11-30,
BB,2024-12-31,
BB,2025-01-31,
BD,2002-01-31,
BD,2002-02-28,
BD,2002-03-31,
BD,2002-04-30,
BD,2002-05-31,
BD,2002-06-30,
BD,2002-07-31,
BD,2002-08-31,
BD,2002-09-30,
BD,2002-10-31,
BD,2002-11-30,
BD,2002-12-31,
BD,2003-01-31,
BD,2003-02-28,
BD,2003-03-31,
BD,2003-04-30,
BD,2003-05-31,
BD,2003-06-30,
BD,2003-07-31,
BD,2003-08-31,
BD,2003-09-30,
BD,2003-10-31,
BD,2003-11-30,
BD,2003-12-31,
BD,2004-01-31,
BD,2004-02-29,
BD,2004-03-31,
BD,2004-04-30,
BD,2004-05-31,
BD,2004-06-30,
BD,2004-07-31,
BD,2004-08-31,
BD,2004-09-30,
BD,2004-10-31,
BD,2004-11-30,
BD,2004-12-31,
BD,2005-01-31,
BD,2005-02-28,
BD,2005-03-31,
BD,2005-04-30,
BD,2005-05-31,
BD,2005-06-30,
BD,2005-07-31,
BD,2005-08-31,
BD,2005-09-30,
BD,2005-10-31,
BD,2005-11-30,
BD,2005-12-31,
BD,2006-01-31,
BD,2006-02-28,
BD,2006-03-31,
BD,2006-04-30,
BD,2006-05-31,
BD,2006-06-30,
BD,2006-07-31,
BD,2006-08-31,
BD,2006-09-30,
BD,2006-10-31,
BD,2006-11-30,
BD,2006-12-31,
BD,2007-01-31,
BD,2007-02-28,
BD,2007-03-31,
BD,2007-04-30,
BD,2007-05-31,
BD,2007-06-30,
BD,2007-07-31,
BD,2007-08-31,
BD,2007-09-30,
BD,2007-10-31,
BD,2007-11-30,
BD,2007-12-31,
BD,2008-01-31,
BD,2008-02-29,
BD,2008-03-31,
BD,2008-04-30,
BD,2008-05-31,
BD,2008-06-30,
BD,2008-07-31,
BD,2008-08-31,
BD,2008-09-30,
BD,2008-10-31,
BD,2008-11-30,
BD,2008-12-31,
BD,2009-01-31,
BD,2009-02-28,
BD,2009-03-31,
BD,2009-04-30,
BD,2009-05-31,
BD,2009-06-30,
BD,2009-07-31,
BD,2009-08-31,
BD,2009-09-30,
BD,2009-10-31,
BD,2009-11-30,
BD,2009-12-31,
BD,2010-01-31,
BD,2010-02-28,
BD,2010-03-31,
BD,2010-04-30,
BD,2010-05-31,
BD,2010-06-30,
BD,2010-07-31,
BD,2010-08-31,
BD,2010-09-30,
BD,2010-10-31,
BD,2010-11-30,
BD,2010-12-31,
BD,2011-01-31,
BD,2011-02-28,
BD,2011-03-31,
BD,2011-04-30,
BD,2011-05-31,
BD,2011-06-30,
BD,2011-07-31,
BD,2011-08-31,
BD,2011-09-30,
BD,2011-10-31,
BD,2011-11-30,
BD,2011-12-31,
BD,2012-01-31,
BD,2012-02-29,
BD,2012-03-31,
BD,2012-04-30,
BD,2012-05-31,
BD,2012-06-30,
BD,2012-07-31,
BD,2012-08-31,
BD,2012-09-30,
BD,2012-10-31,
BD,2012-11-30,
BD,2012-12-31,
BD,2013-01-31,
BD,2013-02-28,
BD,2013-03-31,
BD,2013-04-30,
BD,2013-05-31,
BD,2013-06-30,
BD,2013-07-31,
BD,2013-08-31,
BD,2013-09-30,
BD,2013-10-31,
BD,2013-11-30,
BD,2013-12-31,
BD,2014-01-31,
BD,2014-02-28,
BD,2014-03-31,
BD,2014-04-30,
BD,2014-05-31,
BD,2014-06-30,
BD,2014-07-31,
BD,2014-08-31,
BD,2014-09-30,
BD,2014-10-31,
BD,2014-11-30,
BD,2014-12-31,
BD,2015-01-31,
BD,2015-02-28,
BD,2015-03-31,
BD,2015-04-30,
BD,2015-05-31,
BD,2015-06-30,
BD,2015-07-31,
BD,2015-08-31,
BD,2015-09-30,
BD,2015-10-31,
BD,2015-11-30,
BD,2015-12-31,
BD,2016-01-31,
BD,2016-02-29,
BD,2016-03-31,
BD,2016-04-30,
BD,2016-05-31,
BD,2016-06-30,
BD,2016-07-31,
BD,2016-08-31,
BD,2016-09-30,
BD,2016-10-31,
BD,2016-11-30,
BD,2016-12-31,
BD,2017-01-31,
BD,2017-02-28,
BD,2017-03-31,
BD,2017-04-30,
BD,2017-05-31,
BD,2017-06-30,
BD,2017-07-31,
BD,2017-08-31,
BD,2017-09-30,
BD,2017-10-31,
BD,2017-11-30,
BD,2017-12-31,
BD,2018-01-31,
BD,2018-02-28,
BD,2018-03-31,
BD,2018-04-30,
BD,2018-05-31,
BD,2018-06-30,
BD,2018-07-31,
BD,2018-08-31,
BD,2018-09-30,
BD,2018-10-31,
BD,2018-11-30,
BD,2018-12-31,
BD,2019-01-31,
BD,2019-02-28,
BD,2019-03-31,
BD,2019-04-30,
BD,2019-05-31,
BD,2019-06-30,
BD,2019-07-31,
BD,2019-08-31,
BD,2019-09-30,
BD,2019-10-31,
BD,2019-11-30,
BD,2019-12-31,
BD,2020-01-31,
BD,2020-02-29,
BD,2020-03-31,
BD,2020-04-30,
BD,2020-05-31,
BD,2020-06-30,
BD,2020-07-31,
BD,2020-08-31,
BD,2020-09-30,
BD,2020-10-31,
BD,2020-11-30,
BD,2020-12-31,
BD,2021-01-31,
BD,2021-02-28,
BD,2021-03-31,
BD,2021-04-30,
BD,2021-05-31,
BD,2021-06-30,
BD,2021-07-31,
BD,2021-08-31,
BD,2021-09-30,
BD,2021-10-31,
BD,2021-11-30,
BD,2021-12-31,
BD,2022-01-31,
BD,2022-02-28,
BD,2022-03-31,
BD,2022-04-30,
BD,2022-05-31,
BD,2022-06-30,
BD,2022-07-31,
BD,2022-08-31,
BD,2022-09-30,
BD,2022-10-31,
BD,2022-11-30,
BD,2022-12-31,
BD,2023-01-31,
BD,2023-02-28,
BD,2023-03-31,
BD,2023-04-30,
BD,2023-05-31,
BD,2023-06-30,
BD,2023-07-31,
BD,2023-08-31,
BD,2023-09-30,
BD,2023-10-31,
BD,2023-11-30,
BD,2023-12-31,
BD,2024-01-31,
BD,2024-02-29,
BD,2024-03-31,
BD,2024-04-30,
BD,2024-05-31,
BD,2024-06-30,
BD,2024-07-31,
BD,2024-08-31,
BD,2024-09-30,
BD,2024-10-31,
BD,2024-11-30,
BD,2024-12-31,
BD,2025-01-31,
BD,2025-02-28,
BD,2025-03-31,
BH,2002-01-31,
BH,2002-02-28,
BH,2002-03-31,
BH,2002-04-30,
BH,2002-05-31,
BH,2002-06-30,
BH,2002-07-31,
BH,2002-08-31,
BH,2002-09-30,
BH,2002-10-31,
BH,2002-11-30,
BH,2002-12-31,
BH,2003-01-31,
BH,2003-02-28,
BH,2003-03-31,
BH,2003-04-30,
BH,2003-05-31,
BH,2003-06-30,
BH,2003-07-31,
BH,2003-08-31,
BH,2003-09-30,
BH,2003-10-31,
BH,2003-11-30,
BH,2003-12-31,
BH,2004-01-31,189.8706
BH,2004-02-29,189.569
BH,2004-03-31,190.8165
BH,2004-04-30,193.0233
BH,2004-05-31,190.8165
BH,2004-06-30,176.4087
BH,2004-07-31,188.6884
BH,2004-08-31,179.9397
BH,2004-09-30,187.4037
BH,2004-10-31,187.5061
BH,2004-11-30,186.6707
BH,2004-12-31,189.8706
BH,2005-01-31,264.8258
BH,2005-02-28,269.1157
BH,2005-03-31,269.3184
BH,2005-04-30,267.3007
BH,2005-05-31,270.9735
BH,2005-06-30,267.545
BH,2005-07-31,267.1903
BH,2005-08-31,269.7913
BH,2005-09-30,269.011
BH,2005-10-31,269.0819
BH,2005-11-30,269.2553
BH,2005-12-31,269.5548
BH,2006-01-31,264.5894
BH,2006-02-28,270.1629
BH,2006-03-31,270.0277
BH,2006-04-30,237.7363
BH,2006-05-31,261.7519
BH,2006-06-30,268.278
BH,2006-07-31,269.5548
BH,2006-08-31,269.7913
BH,2006-09-30,267.7893
BH,2006-10-31,267.4268
BH,2006-11-30,255.817
BH,2006-12-31,227.23
BH,2007-01-31,255.8406
BH,2007-02-28,225.9211
BH,2007-03-31,268.8455
BH,2007-04-30,258.9933
BH,2007-05-31,269.0819
BH,2007-06-30,268.0337
BH,2007-07-31,264.1165
BH,2007-08-31,266.0081
BH,2007-09-30,267.3007
BH,2007-10-31,271.21
BH,2007-11-30,267.545
BH,2007-12-31,268.609
BH,2008-01-31,269.3184
BH,2008-02-29,262.6162
BH,2008-03-31,271.4465
BH,2008-04-30,263.6357
BH,2008-05-31,272.3923
BH,2008-06-30,265.8347
BH,2008-07-31,262.9342
BH,2008-08-31,26.9555
BH,2008-09-30,33.718
BH,2008-10-31,30.5023
BH,2008-11-30,32.4963
BH,2008-12-31,32.3939
BH,2009-01-31,33.2839
BH,2009-02-28,37.1132
BH,2009-03-31,34.9481
BH,2009-04-30,33.6563
BH,2009-05-31,33.2839
BH,2009-06-30,32.6737
BH,2009-07-31,32.3329
BH,2009-08-31,32.3329
BH,2009-09-30,33.165
BH,2009-10-31,30.6687
BH,2009-11-30,30.7083
BH,2009-12-31,31.3819
BH,2010-01-31,30.431
BH,2010-02-28,32.1121
BH,2010-03-31,30.1932
BH,2010-04-30,30.4627
BH,2010-05-31,28.7668
BH,2010-06-30,32.6737
BH,2010-07-31,32.5706
BH,2010-08-31,31.1442
BH,2010-09-30,31.691
BH,2010-10-31,33.5216
BH,2010-11-30,34.1477
BH,2010-12-31,36.6123
BH,2011-01-31,39.7029
BH,2011-02-28,40.2718
BH,2011-03-31,39.9406
BH,2011-04-30,38.5697
BH,2011-05-31,40.8916
BH,2011-06-30,41.7633
BH,2011-07-31,46.3597
BH,2011-08-31,44.9332
BH,2011-09-30,46.431
BH,2011-10-31,47.0729
BH,2011-11-30,45.9397
BH,2011-12-31,45.4087
BH,2012-01-31,45.4087
BH,2012-02-29,48.2862
BH,2012-03-31,45.6465
BH,2012-04-30,45.9397
BH,2012-05-31,43.9823
BH,2012-06-30,46.6767
BH,2012-07-31,43.9823
BH,2012-08-31,48.7371
BH,2012-09-30,46.431
BH,2012-10-31,45.4087
BH,2012-11-30,46.1853
BH,2012-12-31,46.5974
BH,2013-01-31,43.9823
BH,2013-02-28,43.4304
BH,2013-03-31,51.1145
BH,2013-04-30,46.431
BH,2013-05-31,47.7861
BH,2013-06-30,48.8877
BH,2013-07-31,48.0239
BH,2013-08-31,49.6881
BH,2013-09-30,52.327
BH,2013-10-31,51.3523
BH,2013-11-30,50.3617
BH,2013-12-31,47.0729
BH,2014-01-31,49.2126
BH,2014-02-28,49.4843
BH,2014-03-31,50.8768
BH,2014-04-30,48.642
BH,2014-05-31,49.4503
BH,2014-06-30,49.1333
BH,2014-07-31,49.9258
BH,2014-08-31,50.639
BH,2014-09-30,50.3617
BH,2014-10-31,48.7371
BH,2014-11-30,50.3617
BH,2014-12-31,48.2616
BH,2015-01-31,49.2126
BH,2015-02-28,48.1682
BH,2015-03-31,49.2126
BH,2015-04-30,49.1333
BH,2015-05-31,52.3032
BH,2015-06-30,56.2577
BH,2015-07-31,51.59
BH,2015-08-31,50.4013
BH,2015-09-30,51.0987
BH,2015-10-31,52.541
BH,2015-11-30,52.0813
BH,2015-12-31,53.7297
BH,2016-01-31,51.3523
BH,2016-02-29,48.5403
BH,2016-03-31,51.3523
BH,2016-04-30,49.8703
BH,2016-05-31,47.5484
BH,2016-06-30,50.116
BH,2016-07-31,48.7371
BH,2016-08-31,48.9748
BH,2016-09-30,48.1507
BH,2016-10-31,212.779
BH,2016-11-30,184.0043
BH,2016-12-31,143.3584
BH,2017-01-31,206.8355
BH,2017-02-28,204.2543
BH,2017-03-31,205.6468
BH,2017-04-30,207.834
BH,2017-05-31,208.2619
BH,2017-06-30,207.097
BH,2017-07-31,208.7374
BH,2017-08-31,208.0242
BH,2017-09-30,210.5363
BH,2017-10-31,207.7865
BH,2017-11-30,208.8167
BH,2017-12-31,119.8219
BH,2018-01-31,143.1206
BH,2018-02-28,161.6136
BH,2018-03-31,209.2129
BH,2018-04-30,210.045
BH,2018-05-31,210.1639
BH,2018-06-30,206.8513
BH,2018-07-31,209.2129
BH,2018-08-31,206.1223
BH,2018-09-30,203.9033
BH,2018-10-31,205.8845
BH,2018-11-30,201.6923
BH,2018-12-31,195.4239
BH,2019-01-31,190.4313
BH,2019-02-28,204.5175
BH,2019-03-31,161.9023
BH,2019-04-30,203.1663
BH,2019-05-31,193.9974
BH,2019-06-30,199.727
BH,2019-07-31,196.6126
BH,2019-08-31,201.3674
BH,2019-09-30,204.886
BH,2019-10-31,205.8845
BH,2019-11-30,206.1143
BH,2019-12-31,198.5145
BH,2020-01-31,144.5471
BH,2020-02-29,201.2772
BH,2020-03-31,207.5487
BH,2020-04-30,214.2213
BH,2020-05-31,208.2619
BH,2020-06-30,210.045
BH,2020-07-31,208.0242
BH,2020-08-31,210.6394
BH,2020-09-30,209.0623
BH,2020-10-31,210.4016
BH,2020-11-30,204.3947
BH,2020-12-31,139.7923
BH,2021-01-31,176.1668
BH,2021-02-28,202.1486
BH,2021-03-31,197.0881
BH,2021-04-30,205.8687
BH,2021-05-31,202.3184
BH,2021-06-30,203.412
BH,2021-07-31,200.8919
BH,2021-08-31,198.7523
BH,2021-09-30,189.6547
BH,2021-10-31,195.4239
BH,2021-11-30,195.5507
BH,2021-12-31,185.4387
BH,2022-01-31,159.7626
BH,2022-02-28,190.8304
BH,2022-03-31,194.4729
BH,2022-04-30,192.357
BH,2022-05-31,199.941
BH,2022-06-30,198.253
BH,2022-07-31,200.4165
BH,2022-08-31,196.6126
BH,2022-09-30,198.7443
BH,2022-10-31,198.039
BH,2022-11-30,198.0073
BH,2022-12-31,183.7745
BH,2023-01-31,105.0819
BH,2023-02-28,195.8314
BH,2023-03-31,206.36
BH,2023-04-30,204.149
BH,2023-05-31,203.5071
BH,2023-06-30,199.4813
BH,2023-07-31,151.9171
BH,2023-08-31,194.4729
BH,2023-09-30,202.675
BH,2023-10-31,204.6958
BH,2023-11-30,202.675
BH,2023-12-31,168.559
BH,2024-01-31,200.4165
BH,2024-02-29,148.9248
BH,2024-03-31,161.189
BH,2024-04-30,189.6547
BH,2024-05-31,187.5784
BH,2024-06-30,181.5477
BH,2024-07-31,180.6839
BH,2024-08-31,154.77
BH,2024-09-30,158.7007
BH,2024-10-31,177.831
BH,2024-11-30,188.9177
BH,2024-12-31,189.0048
BH,2025-01-31,191.1445
BH,2025-02-28,186.0925
BH,2025-03-31,184.0123
BM,2002-01-31,
BM,2002-02-28,
BM,2002-03-31,
BM,2002-04-30,
BM,2002-05-31,
BM,2002-06-30,
BM,2002-07-31,
BM,2002-08-31,
BM,2002-09-30,
BM,2002-10-31,
BM,2002-11-30,
BM,2002-12-31,
BM,2003-01-31,
BM,2003-02-28,
BM,2003-03-31,
BM,2003-04-30,
BM,2003-05-31,
BM,2003-06-30,
BM,2003-07-31,
BM,2003-08-31,
BM,2003-09-30,
BM,2003-10-31,
BM,2003-11-30,
BM,2003-12-31,
BM,2004-01-31,
BM,2004-02-29,
BM,2004-03-31,
BM,2004-04-30,
BM,2004-05-31,
BM,2004-06-30,
BM,2004-07-31,
BM,2004-08-31,
BM,2004-09-30,
BM,2004-10-31,
BM,2004-11-30,
BM,2004-12-31,
BM,2005-01-31,
BM,2005-02-28,
BM,2005-03-31,
BM,2005-04-30,
BM,2005-05-31,
BM,2005-06-30,
BM,2005-07-31,
BM,2005-08-31,
BM,2005-09-30,
BM,2005-10-31,
BM,2005-11-30,
BM,2005-12-31,
BM,2006-01-31,
BM,2006-02-28,
BM,2006-03-31,
BM,2006-04-30,
BM,2006-05-31,
BM,2006-06-30,
BM,2006-07-31,
BM,2006-08-31,
BM,2006-09-30,
BM,2006-10-31,
BM,2006-11-30,
BM,2006-12-31,
BM,2007-01-31,
BM,2007-02-28,
BM,2007-03-31,
BM,2007-04-30,
BM,2007-05-31,
BM,2007-06-30,
BM,2007-07-31,
BM,2007-08-31,
BM,2007-09-30,
BM,2007-10-31,
BM,2007-11-30,
BM,2007-12-31,
BM,2008-01-31,
BM,2008-02-29,
BM,2008-03-31,
BM,2008-04-30,
BM,2008-05-31,
BM,2008-06-30,
BM,2008-07-31,
BM,2008-08-31,
BM,2008-09-30,
BM,2008-10-31,
BM,2008-11-30,
BM,2008-12-31,
BM,2009-01-31,
BM,2009-02-28,
BM,2009-03-31,
BM,2009-04-30,
BM,2009-05-31,
BM,2009-06-30,
BM,2009-07-31,
BM,2009-08-31,
BM,2009-09-30,
BM,2009-10-31,
BM,2009-11-30,
BM,2009-12-31,
BM,2010-01-31,
BM,2010-02-28,
BM,2010-03-31,
BM,2010-04-30,
BM,2010-05-31,
BM,2010-06-30,
BM,2010-07-31,
BM,2010-08-31,
BM,2010-09-30,
BM,2010-10-31,
BM,2010-11-30,
BM,2010-12-31,
BM,2011-01-31,
BM,2011-02-28,
BM,2011-03-31,
BM,2011-04-30,
BM,2011-05-31,
BM,2011-06-30,
BM,2011-07-31,
BM,2011-08-31,
BM,2011-09-30,
BM,2011-10-31,
BM,2011-11-30,
BM,2011-12-31,
BM,2012-01-31,
BM,2012-02-29,
BM,2012-03-31,
BM,2012-04-30,
BM,2012-05-31,
BM,2012-06-30,
BM,2012-07-31,
BM,2012-08-31,
BM,2012-09-30,
BM,2012-10-31,
BM,2012-11-30,
BM,2012-12-31,
BM,2013-01-31,
BM,2013-02-28,
BM,2013-03-31,
BM,2013-04-30,
BM,2013-05-31,
BM,2013-06-30,
BM,2013-07-31,
BM,2013-08-31,
BM,2013-09-30,
BM,2013-10-31,
BM,2013-11-30,
BM,2013-12-31,
BM,2014-01-31,
BM,2014-02-28,
BM,2014-03-31,
BM,2014-04-30,
BM,2014-05-31,
BM,2014-06-30,
BM,2014-07-31,
BM,2014-08-31,
BM,2014-09-30,
BM,2014-10-31,
BM,2014-11-30,
BM,2014-12-31,
BM,2015-01-31,
BM,2015-02-28,
BM,2015-03-31,
BM,2015-04-30,
BM,2015-05-31,
BM,2015-06-30,
BM,2015-07-31,
BM,2015-08-31,
BM,2015-09-30,
BM,2015-10-31,
BM,2015-11-30,
BM,2015-12-31,
BM,2016-01-31,
BM,2016-02-29,
BM,2016-03-31,
BM,2016-04-30,
BM,2016-05-31,
BM,2016-06-30,
BM,2016-07-31,
BM,2016-08-31,
BM,2016-09-30,
BM,2016-10-31,
BM,2016-11-30,
BM,2016-12-31,
BM,2017-01-31,
BM,2017-02-28,
BM,2017-03-31,
BM,2017-04-30,
BM,2017-05-31,
BM,2017-06-30,
BM,2017-07-31,
BM,2017-08-31,
BM,2017-09-30,
BM,2017-10-31,
BM,2017-11-30,
BM,2017-12-31,
BM,2018-01-31,
BM,2018-02-28,
BM,2018-03-31,
BM,2018-04-30,
BM,2018-05-31,
BM,2018-06-30,
BM,2018-07-31,
BM,2018-08-31,
BM,2018-09-30,
BM,2018-10-31,
BM,2018-11-30,
BM,2018-12-31,
BM,2019-01-31,
BM,2019-02-28,
BM,2019-03-31,
BM,2019-04-30,
BM,2019-05-31,
BM,2019-06-30,
BM,2019-07-31,
BM,2019-08-31,
BM,2019-09-30,
BM,2019-10-31,
BM,2019-11-30,
BM,2019-12-31,
BM,2020-01-31,
BM,2020-02-29,
BM,2020-03-31,
BM,2020-04-30,
BM,2020-05-31,
BM,2020-06-30,
BM,2020-07-31,
BM,2020-08-31,
BM,2020-09-30,
BM,2020-10-31,
BM,2020-11-30,
BM,2020-12-31,
BM,2021-01-31,
BM,2021-02-28,
BM,2021-03-31,
BM,2021-04-30,
BM,2021-05-31,
BM,2021-06-30,
BM,2021-07-31,
BM,2021-08-31,
BM,2021-09-30,
BM,2021-10-31,
BM,2021-11-30,
BM,2021-12-31,
BM,2022-01-31,
BM,2022-02-28,
BM,2022-03-31,
BM,2022-04-30,
BM,2022-05-31,
BM,2022-06-30,
BM,2022-07-31,
BM,2022-08-31,
BM,2022-09-30,
BM,2022-10-31,
BM,2022-11-30,
BM,2022-12-31,
BM,2023-01-31,
BM,2023-02-28,
BM,2023-03-31,
BM,2023-04-30,
BM,2023-05-31,
BM,2023-06-30,
BM,2023-07-31,
BM,2023-08-31,
BM,2023-09-30,
BM,2023-10-31,
BM,2023-11-30,
BM,2023-12-31,
BM,2024-01-31,
BM,2024-02-29,
BM,2024-03-31,
BM,2024-04-30,
BM,2024-05-31,
BM,2024-06-30,
BM,2024-07-31,
BM,2024-08-31,
BM,2024-09-30,
BM,2024-10-31,
BM,2024-11-30,
BM,2024-12-31,
BM,2025-01-31,
BM,2025-02-28,
BM,2025-03-31,
BN,2002-01-31,222.78
BN,2002-02-28,211.6038
BN,2002-03-31,207.9622
BN,2002-04-30,194.3447
BN,2002-05-31,199.0325
BN,2002-06-30,209.8793
BN,2002-07-31,210.0106
BN,2002-08-31,223.7889
BN,2002-09-30,199.8108
BN,2002-10-31,206.9573
BN,2002-11-30,218.2653
BN,2002-12-31,214.0693
BN,2003-01-31,213.6576
BN,2003-02-28,206.2127
BN,2003-03-31,204.1125
BN,2003-04-30,218.4805
BN,2003-05-31,210.0106
BN,2003-06-30,220.35
BN,2003-07-31,209.3849
BN,2003-08-31,210.2106
BN,2003-09-30,218.2653
BN,2003-10-31,204.531
BN,2003-11-30,219.7351
BN,2003-12-31,218.7212
BN,2004-01-31,218.9284
BN,2004-02-29,217.1165
BN,2004-03-31,204.1125
BN,2004-04-30,218.4732
BN,2004-05-31,207.7641
BN,2004-06-30,196.0314
BN,2004-07-31,200.4747
BN,2004-08-31,219.3444
BN,2004-09-30,212.1838
BN,2004-10-31,198.843
BN,2004-11-30,211.536
BN,2004-12-31,220.35
BN,2005-01-31,193.5763
BN,2005-02-28,218.3406
BN,2005-03-31,216.0833
BN,2005-04-30,207.3456
BN,2005-05-31,183.6128
BN,2005-06-30,204.6307
BN,2005-07-31,190.1257
BN,2005-08-31,199.0325
BN,2005-09-30,215.7275
BN,2005-10-31,212.6469
BN,2005-11-30,217.002
BN,2005-12-31,216.0852
BN,2006-01-31,217.9216
BN,2006-02-28,223.2963
BN,2006-03-31,242.247
BN,2006-04-30,219.0896
BN,2006-05-31,220.5569
BN,2006-06-30,206.9405
BN,2006-07-31,210.8077
BN,2006-08-31,221.5648
BN,2006-09-30,231.462
BN,2006-10-31,229.89
BN,2006-11-30,220.775
BN,2006-12-31,204.3218
BN,2007-01-31,202.0785
BN,2007-02-28,206.4373
BN,2007-03-31,183.0138
BN,2007-04-30,183.2351
BN,2007-05-31,183.0138
BN,2007-06-30,164.1723
BN,2007-07-31,166.7799
BN,2007-08-31,170.4262
BN,2007-09-30,182.6208
BN,2007-10-31,180.5694
BN,2007-11-30,167.7337
BN,2007-12-31,174.4795
BN,2008-01-31,166.5883
BN,2008-02-29,178.5004
BN,2008-03-31,169.004
BN,2008-04-30,145.0873
BN,2008-05-31,150.1353
BN,2008-06-30,142.3644
BN,2008-07-31,146.2887
BN,2008-08-31,161.3091
BN,2008-09-30,148.0203
BN,2008-10-31,165.5611
BN,2008-11-30,159.3431
BN,2008-12-31,161.7168
BN,2009-01-31,161.0942
BN,2009-02-28,158.1368
BN,2009-03-31,153.7921
BN,2009-04-30,136.8991
BN,2009-05-31,134.9264
BN,2009-06-30,143.403
BN,2009-07-31,159.6747
BN,2009-08-31,144.8661
BN,2009-09-30,142.3644
BN,2009-10-31,163.3375
BN,2009-11-30,176.1071
BN,2009-12-31,181.1912
BN,2010-01-31,165.9677
BN,2010-02-28,163.7554
BN,2010-03-31,158.6609
BN,2010-04-30,129.36
BN,2010-05-31,151.5561
BN,2010-06-30,153.4687
BN,2010-07-31,156.4413
BN,2010-08-31,153.7921
BN,2010-09-30,177.38
BN,2010-10-31,160.9011
BN,2010-11-30,164.9972
BN,2010-12-31,177.1354
BN,2011-01-31,163.7447
BN,2011-02-28,161.7421
BN,2011-03-31,150.7525
BN,2011-04-30,158.7168
BN,2011-05-31,124.984
BN,2011-06-30,149.8992
BN,2011-07-31,166.3857
BN,2011-08-31,166.994
BN,2011-09-30,153.6777
BN,2011-10-31,138.9765
BN,2011-11-30,163.7489
BN,2011-12-31,176.7332
BN,2012-01-31,158.0575
BN,2012-02-29,152.4675
BN,2012-03-31,143.4435
BN,2012-04-30,140.6874
BN,2012-05-31,112.2004
BN,2012-06-30,140.8942
BN,2012-07-31,157.0435
BN,2012-08-31,146.703
BN,2012-09-30,125.7929
BN,2012-10-31,137.1538
BN,2012-11-30,168.56
BN,2012-12-31,171.4443
BN,2013-01-31,150.1435
BN,2013-02-28,162.8607
BN,2013-03-31,152.1747
BN,2013-04-30,131.8753
BN,2013-05-31,130.6637
BN,2013-06-30,103.5786
BN,2013-07-31,103.8766
BN,2013-08-31,117.2671
BN,2013-09-30,81.7632
BN,2013-10-31,104.697
BN,2013-11-30,118.6607
BN,2013-12-31,108.9606
BN,2014-01-31,119.0974
BN,2014-02-28,131.1786
BN,2014-03-31,130.8596
BN,2014-04-30,119.5112
BN,2014-05-31,108.7534
BN,2014-06-30,123.2853
BN,2014-07-31,108.546
BN,2014-08-31,90.6969
BN,2014-09-30,107.3392
BN,2014-10-31,109.1529
BN,2014-11-30,107.7707
BN,2014-12-31,117.8852
BN,2015-01-31,107.3318
BN,2015-02-28,116.5817
BN,2015-03-31,114.028
BN,2015-04-30,128.1001
BN,2015-05-31,119.1035
BN,2015-06-30,126.2093
BN,2015-07-31,127.2222
BN,2015-08-31,84.0008
BN,2015-09-30,118.6607
BN,2015-10-31,100.6427
BN,2015-11-30,116.3592
BN,2015-12-31,127.217
BN,2016-01-31,130.0599
BN,2016-02-29,123.1926
BN,2016-03-31,112.6056
BN,2016-04-30,91.202
BN,2016-05-31,107.3318
BN,2016-06-30,104.8315
BN,2016-07-31,99.6213
BN,2016-08-31,85.0135
BN,2016-09-30,114.8894
BN,2016-10-31,124.5772
BN,2016-11-30,115.5299
BN,2016-12-31,100.2318
BN,2017-01-31,105.7164
BN,2017-02-28,122.6542
BN,2017-03-31,112.6056
BN,2017-04-30,89.1072
BN,2017-05-31,106.1182
BN,2017-06-30,88.0627
BN,2017-07-31,93.3272
BN,2017-08-31,89.0685
BN,2017-09-30,87.4293
BN,2017-10-31,98.1981
BN,2017-11-30,109.8553
BN,2017-12-31,105.7164
BN,2018-01-31,110.7845
BN,2018-02-28,114.5564
BN,2018-03-31,111.39
BN,2018-04-30,70.0223
BN,2018-05-31,84.8114
BN,2018-06-30,102.5293
BN,2018-07-31,94.3517
BN,2018-08-31,94.7561
BN,2018-09-30,92.8803
BN,2018-10-31,102.8685
BN,2018-11-30,103.159
BN,2018-12-31,112.3992
BN,2019-01-31,113.6206
BN,2019-02-28,116.8125
BN,2019-03-31,112.6056
BN,2019-04-30,88.8987
BN,2019-05-31,103.6818
BN,2019-06-30,114.2632
BN,2019-07-31,94.7484
BN,2019-08-31,107.7323
BN,2019-09-30,105.2497
BN,2019-10-31,119.7013
BN,2019-11-30,118.2507
BN,2019-12-31,119.3084
BN,2020-01-31,109.968
BN,2020-02-29,105.8461
BN,2020-03-31,101.8545
BN,2020-04-30,109.4405
BN,2020-05-31,109.5685
BN,2020-06-30,105.2497
BN,2020-07-31,80.1496
BN,2020-08-31,105.2996
BN,2020-09-30,89.3155
BN,2020-10-31,95.761
BN,2020-11-30,86.1705
BN,2020-12-31,103.8872
BN,2021-01-31,109.5685
BN,2021-02-28,109.1703
BN,2021-03-31,99.2143
BN,2021-04-30,102.942
BN,2021-05-31,105.2996
BN,2021-06-30,98.5335
BN,2021-07-31,74.8716
BN,2021-08-31,102.6629
BN,2021-09-30,89.1072
BN,2021-10-31,90.6969
BN,2021-11-30,96.2326
BN,2021-12-31,99.8313
BN,2022-01-31,91.9185
BN,2022-02-28,95.025
BN,2022-03-31,93.7424
BN,2022-04-30,96.6565
BN,2022-05-31,83.5927
BN,2022-06-30,81.3511
BN,2022-07-31,80.751
BN,2022-08-31,88.4612
BN,2022-09-30,63.7347
BN,2022-10-31,63.7096
BN,2022-11-30,87.4293
BN,2022-12-31,84.609
BN,2023-01-31,85.222
BN,2023-02-28,83.7945
BN,2023-03-31,79.1257
BN,2023-04-30,86.3791
BN,2023-05-31,52.1471
BN,2023-06-30,74.0101
BN,2023-07-31,88.6621
BN,2023-08-31,78.7268
BN,2023-09-30,71.9124
BN,2023-10-31,84.0008
BN,2023-11-30,95.602
BN,2023-12-31,97.3937
BN,2024-01-31,100.6427
BN,2024-02-29,89.5768
BN,2024-03-31,89.276
BN,2024-04-30,81.7632
BN,2024-05-31,58.84
BN,2024-06-30,78.4107
BN,2024-07-31,104.0855
BN,2024-08-31,105.5081
BN,2024-09-30,92.2519
BN,2024-10-31,84.0008
BN,2024-11-30,95.602
BN,2024-12-31,102.2582
BN,2025-01-31,103.2757
BN,2025-02-28,106.0211
BN,2025-03-31,97.9978
BO,2002-01-31,31.5484
BO,2002-02-28,30.6429
BO,2002-03-31,30.5806
BO,2002-04-30,30.2667
BO,2002-05-31,29.9032
BO,2002-06-30,29.6333
BO,2002-07-31,29.8387
BO,2002-08-31,31.3226
BO,2002-09-30,32.3667
BO,2002-10-31,27.5484
BO,2002-11-30,31.2667
BO,2002-12-31,32.8065
BO,2003-01-31,32.8065
BO,2003-02-28,31.8214
BO,2003-03-31,31.2903
BO,2003-04-30,32.1333
BO,2003-05-31,32.7419
BO,2003-06-30,33.1
BO,2003-07-31,32.4839
BO,2003-08-31,32.4194
BO,2003-09-30,33.3667
BO,2003-10-31,35.7097
BO,2003-11-30,36.9333
BO,2003-12-31,35.3871
BO,2004-01-31,35.1613
BO,2004-02-29,37.5862
BO,2004-03-31,39.9677
BO,2004-04-30,39.6
BO,2004-05-31,40.0968
BO,2004-06-30,39.6333
BO,2004-07-31,38.5484
BO,2004-08-31,38.6774
BO,2004-09-30,40.2
BO,2004-10-31,39.871
BO,2004-11-30,38.7667
BO,2004-12-31,37.6774
BO,2005-01-31,39.8387
BO,2005-02-28,40.9643
BO,2005-03-31,41.9032
BO,2005-04-30,42.8333
BO,2005-05-31,42.4194
BO,2005-06-30,42.3333
BO,2005-07-31,43.4194
BO,2005-08-31,43.8065
BO,2005-09-30,43.9333
BO,2005-10-31,42.7742
BO,2005-11-30,43.4667
BO,2005-12-31,42.3226
BO,2006-01-31,41.7097
BO,2006-02-28,42.7143
BO,2006-03-31,43.0323
BO,2006-04-30,33.2667
BO,2006-05-31,40.2258
BO,2006-06-30,41.6667
BO,2006-07-31,42.1613
BO,2006-08-31,43.3548
BO,2006-09-30,42.9333
BO,2006-10-31,42.6129
BO,2006-11-30,37.7
BO,2006-12-31,37.7742
BO,2007-01-31,46.7419
BO,2007-02-28,48.5357
BO,2007-03-31,49.0968
BO,2007-04-30,49.3333
BO,2007-05-31,50.0
BO,2007-06-30,51.0333
BO,2007-07-31,51.129
BO,2007-08-31,49.7419
BO,2007-09-30,49.1333
BO,2007-10-31,49.0968
BO,2007-11-30,48.8333
BO,2007-12-31,49.0323
BO,2008-01-31,48.8065
BO,2008-02-29,46.7586
BO,2008-03-31,48.0
BO,2008-04-30,47.4667
BO,2008-05-31,47.3871
BO,2008-06-30,47.4
BO,2008-07-31,48.1935
BO,2008-08-31,46.5806
BO,2008-09-30,45.9667
BO,2008-10-31,46.2903
BO,2008-11-30,46.1
BO,2008-12-31,43.7742
BO,2009-01-31,40.2903
BO,2009-02-28,41.5
BO,2009-03-31,40.0645
BO,2009-04-30,40.1333
BO,2009-05-31,44.8387
BO,2009-06-30,45.4
BO,2009-07-31,43.5484
BO,2009-08-31,41.2903
BO,2009-09-30,39.8333
BO,2009-10-31,40.9032
BO,2009-11-30,38.6
BO,2009-12-31,36.1935
BO,2010-01-31,36.8065
BO,2010-02-28,41.5
BO,2010-03-31,0.0
BO,2010-04-30,39.6333
BO,2010-05-31,44.7097
BO,2010-06-30,45.4
BO,2010-07-31,44.9355
BO,2010-08-31,45.4516
BO,2010-09-30,44.9333
BO,2010-10-31,44.2581
BO,2010-11-30,44.0
BO,2010-12-31,41.0
BO,2011-01-31,38.9677
BO,2011-02-28,45.8214
BO,2011-03-31,43.9677
BO,2011-04-30,39.7667
BO,2011-05-31,41.9355
BO,2011-06-30,47.4
BO,2011-07-31,47.3548
BO,2011-08-31,47.0968
BO,2011-09-30,46.7
BO,2011-10-31,46.4839
BO,2011-11-30,46.1
BO,2011-12-31,42.7419
BO,2012-01-31,39.9032
BO,2012-02-29,47.069
BO,2012-03-31,49.129
BO,2012-04-30,48.7333
BO,2012-05-31,51.4839
BO,2012-06-30,51.0667
BO,2012-07-31,49.6129
BO,2012-08-31,50.9677
BO,2012-09-30,55.4333
BO,2012-10-31,57.5484
BO,2012-11-30,58.5667
BO,2012-12-31,56.6774
BO,2013-01-31,55.8065
BO,2013-02-28,58.9286
BO,2013-03-31,59.2258
BO,2013-04-30,55.3
BO,2013-05-31,54.4839
BO,2013-06-30,57.2333
BO,2013-07-31,60.0
BO,2013-08-31,60.8387
BO,2013-09-30,60.2667
BO,2013-10-31,62.0968
BO,2013-11-30,58.8667
BO,2013-12-31,60.6452
BO,2014-01-31,63.4516
BO,2014-02-28,65.3214
BO,2014-03-31,62.1935
BO,2014-04-30,63.4333
BO,2014-05-31,65.2258
BO,2014-06-30,64.8333
BO,2014-07-31,65.1935
BO,2014-08-31,63.5806
BO,2014-09-30,63.4
BO,2014-10-31,62.5161
BO,2014-11-30,58.1333
BO,2014-12-31,58.129
BO,2015-01-31,61.0645
BO,2015-02-28,61.8929
BO,2015-03-31,62.1935
BO,2015-04-30,62.4333
BO,2015-05-31,68.2258
BO,2015-06-30,61.0667
BO,2015-07-31,62.1935
BO,2015-08-31,60.9032
BO,2015-09-30,60.3667
BO,2015-10-31,61.0645
BO,2015-11-30,0.0
BO,2015-12-31,0.0
BO,2016-01-31,58.9032
BO,2016-02-29,57.7241
BO,2016-03-31,58.129
BO,2016-04-30,56.9
BO,2016-05-31,56.2903
BO,2016-06-30,56.4333
BO,2016-07-31,55.0323
BO,2016-08-31,57.4194
BO,2016-09-30,59.5333
BO,2016-10-31,57.8387
BO,2016-11-30,56.2333
BO,2016-12-31,48.4516
BO,2017-01-31,
BO,2017-02-28,
BO,2017-03-31,
BO,2017-04-30,
BO,2017-05-31,
BO,2017-06-30,
BO,2017-07-31,
BO,2017-08-31,
BO,2017-09-30,
BO,2017-10-31,
BO,2017-11-30,
BO,2017-12-31,
BO,2018-01-31,
BO,2018-02-28,
BO,2018-03-31,
BO,2018-04-30,
BO,2018-05-31,
BO,2018-06-30,
BO,2018-07-31,
BO,2018-08-31,
BO,2018-09-30,
BO,2018-10-31,
BO,2018-11-30,
BO,2018-12-31,
BO,2019-01-31,
BO,2019-02-28,
BO,2019-03-31,
BO,2019-04-30,
BO,2019-05-31,
BO,2019-06-30,
BO,2019-07-31,
BO,2019-08-31,
BO,2019-09-30,
BO,2019-10-31,
BO,2019-11-30,
BO,2019-12-31,
BO,2020-01-31,
BO,2020-02-29,
BO,2020-03-31,
BO,2020-04-30,
BO,2020-05-31,
BO,2020-06-30,
BO,2020-07-31,
BO,2020-08-31,
BO,2020-09-30,
BO,2020-10-31,
BO,2020-11-30,
BO,2020-12-31,
BO,2021-01-31,
BO,2021-02-28,
BO,2021-03-31,
BO,2021-04-30,
BO,2021-05-31,
BO,2021-06-30,
BO,2021-07-31,
BO,2021-08-31,
BO,2021-09-30,
BO,2021-10-31,
BO,2021-11-30,
BO,2021-12-31,
BO,2022-01-31,
BO,2022-02-28,
BO,2022-03-31,
BO,2022-04-30,
BO,2022-05-31,
BO,2022-06-30,
BO,2022-07-31,
BO,2022-08-31,
BO,2022-09-30,
BO,2022-10-31,
BO,2022-11-30,
BO,2022-12-31,
BO,2023-01-31,
BO,2023-02-28,
BO,2023-03-31,
BO,2023-04-30,
BO,2023-05-31,
BO,2023-06-30,
BO,2023-07-31,
BO,2023-08-31,
BO,2023-09-30,
BO,2023-10-31,
BO,2023-11-30,
BO,2023-12-31,
BO,2024-01-31,
BO,2024-02-29,
BO,2024-03-31,
BO,2024-04-30,
BO,2024-05-31,
BO,2024-06-30,
BO,2024-07-31,
BO,2024-08-31,
BO,2024-09-30,
BO,2024-10-31,
BO,2024-11-30,
BO,2024-12-31,
BO,2025-01-31,
BR,2002-01-31,1445.9677
BR,2002-02-28,1439.25
BR,2002-03-31,1460.9355
BR,2002-04-30,1474.0333
BR,2002-05-31,1486.0323
BR,2002-06-30,1506.3333
BR,2002-07-31,1457.3226
BR,2002-08-31,1508.5806
BR,2002-09-30,1489.4667
BR,2002-10-31,1482.4194
BR,2002-11-30,1403.4333
BR,2002-12-31,1346.0968
BR,2003-01-31,1506.6774
BR,2003-02-28,1547.75
BR,2003-03-31,1516.0323
BR,2003-04-30,1523.7333
BR,2003-05-31,1489.8065
BR,2003-06-30,1374.8667
BR,2003-07-31,1495.4194
BR,2003-08-31,1544.6452
BR,2003-09-30,1526.7667
BR,2003-10-31,1503.6129
BR,2003-11-30,1484.1667
BR,2003-12-31,1484.4194
BR,2004-01-31,1461.2258
BR,2004-02-29,1455.3793
BR,2004-03-31,1484.0645
BR,2004-04-30,1453.1
BR,2004-05-31,1424.7742
BR,2004-06-30,1486.0
BR,2004-07-31,1518.129
BR,2004-08-31,1507.0645
BR,2004-09-30,1527.4667
BR,2004-10-31,1504.7419
BR,2004-11-30,1455.6667
BR,2004-12-31,1497.6452
BR,2005-01-31,1500.3871
BR,2005-02-28,1495.5714
BR,2005-03-31,1542.9032
BR,2005-04-30,1680.4667
BR,2005-05-31,1693.1613
BR,2005-06-30,1702.9
BR,2005-07-31,1685.0968
BR,2005-08-31,1629.6774
BR,2005-09-30,1668.0333
BR,2005-10-31,1671.2258
BR,2005-11-30,1678.3333
BR,2005-12-31,1688.6452
BR,2006-01-31,1671.9032
BR,2006-02-28,1695.3571
BR,2006-03-31,1700.0323
BR,2006-04-30,1742.1667
BR,2006-05-31,1752.6452
BR,2006-06-30,1634.6333
BR,2006-07-31,1729.6774
BR,2006-08-31,1707.1613
BR,2006-09-30,1736.8333
BR,2006-10-31,1765.5161
BR,2006-11-30,1769.5667
BR,2006-12-31,1789.0968
BR,2007-01-31,1739.8065
BR,2007-02-28,1762.25
BR,2007-03-31,1772.5806
BR,2007-04-30,1743.1667
BR,2007-05-31,1729.0645
BR,2007-06-30,1787.4
BR,2007-07-31,1777.3548
BR,2007-08-31,1762.5484
BR,2007-09-30,1729.1
BR,2007-10-31,1690.8387
BR,2007-11-30,1715.1
BR,2007-12-31,1810.4194
BR,2008-01-31,1778.5484
BR,2008-02-29,1775.5862
BR,2008-03-31,1753.2581
BR,2008-04-30,1800.4333
BR,2008-05-31,1816.0968
BR,2008-06-30,1831.2667
BR,2008-07-31,1827.0323
BR,2008-08-31,1845.0
BR,2008-09-30,1864.4
BR,2008-10-31,1840.4194
BR,2008-11-30,1814.4333
BR,2008-12-31,1746.0
BR,2009-01-31,1896.6774
BR,2009-02-28,1915.1071
BR,2009-03-31,1950.6774
BR,2009-04-30,1948.8333
BR,2009-05-31,1962.5484
BR,2009-06-30,1924.9667
BR,2009-07-31,1925.7742
BR,2009-08-31,1966.9677
BR,2009-09-30,1996.4333
BR,2009-10-31,1996.871
BR,2009-11-30,1993.6667
BR,2009-12-31,2006.0323
BR,2010-01-31,2003.3226
BR,2010-02-28,2023.2143
BR,2010-03-31,2043.6452
BR,2010-04-30,2084.7667
BR,2010-05-31,2081.5806
BR,2010-06-30,2058.3
BR,2010-07-31,2063.6129
BR,2010-08-31,2085.5484
BR,2010-09-30,2004.3667
BR,2010-10-31,2004.129
BR,2010-11-30,2095.4667
BR,2010-12-31,2187.0968
BR,2011-01-31,2128.4194
BR,2011-02-28,2067.5
BR,2011-03-31,2087.6129
BR,2011-04-30,2059.2333
BR,2011-05-31,2072.9355
BR,2011-06-30,2139.9
BR,2011-07-31,2083.5161
BR,2011-08-31,2057.4516
BR,2011-09-30,2105.4333
BR,2011-10-31,2139.4194
BR,2011-11-30,2195.2
BR,2011-12-31,2221.129
BR,2012-01-31,2236.7742
BR,2012-02-29,2211.4138
BR,2012-03-31,2093.4839
BR,2012-04-30,2028.2333
BR,2012-05-31,2054.129
BR,2012-06-30,2039.6667
BR,2012-07-31,2029.2581
BR,2012-08-31,2012.2258
BR,2012-09-30,1928.8
BR,2012-10-31,2017.4516
BR,2012-11-30,2050.7333
BR,2012-12-31,2111.6129
BR,2013-01-31,2058.1613
BR,2013-02-28,2022.7857
BR,2013-03-31,1858.5806
BR,2013-04-30,1930.1333
BR,2013-05-31,1994.0968
BR,2013-06-30,2104.1667
BR,2013-07-31,1980.4194
BR,2013-08-31,2070.5161
BR,2013-09-30,1976.4333
BR,2013-10-31,2084.9677
BR,2013-11-30,2153.6667
BR,2013-12-31,2115.3226
BR,2014-01-31,2058.7097
BR,2014-02-28,2096.25
BR,2014-03-31,2124.2258
BR,2014-04-30,2152.7667
BR,2014-05-31,2195.0968
BR,2014-06-30,2251.5
BR,2014-07-31,2272.2581
BR,2014-08-31,2332.2258
BR,2014-09-30,2364.4333
BR,2014-10-31,2398.0
BR,2014-11-30,2363.3333
BR,2014-12-31,2503.2258
BR,2015-01-31,2475.0
BR,2015-02-28,2436.9286
BR,2015-03-31,2418.9355
BR,2015-04-30,2400.4667
BR,2015-05-31,2417.6774
BR,2015-06-30,2401.0333
BR,2015-07-31,2471.0
BR,2015-08-31,2552.0323
BR,2015-09-30,2399.0667
BR,2015-10-31,2411.6774
BR,2015-11-30,2384.8
BR,2015-12-31,2537.6774
BR,2016-01-31,2357.7742
BR,2016-02-29,2337.5517
BR,2016-03-31,2267.2581
BR,2016-04-30,2296.2333
BR,2016-05-31,2493.0968
BR,2016-06-30,2563.9667
BR,2016-07-31,2586.0968
BR,2016-08-31,2615.0
BR,2016-09-30,2677.4
BR,2016-10-31,2629.8387
BR,2016-11-30,2614.2333
BR,2016-12-31,2735.871
BR,2017-01-31,2692.0968
BR,2017-02-28,2680.8929
BR,2017-03-31,2555.6452
BR,2017-04-30,2550.5667
BR,2017-05-31,2653.0968
BR,2017-06-30,2679.2667
BR,2017-07-31,2632.5484
BR,2017-08-31,2586.3226
BR,2017-09-30,2663.0667
BR,2017-10-31,2637.3226
BR,2017-11-30,2605.8333
BR,2017-12-31,2622.9355
BR,2018-01-31,2626.3548
BR,2018-02-28,2628.6429
BR,2018-03-31,2566.871
BR,2018-04-30,2607.8
BR,2018-05-31,2615.871
BR,2018-06-30,2598.9
BR,2018-07-31,2583.3226
BR,2018-08-31,2525.4516
BR,2018-09-30,2489.4667
BR,2018-10-31,2618.0323
BR,2018-11-30,2571.4333
BR,2018-12-31,2694.6452
BR,2019-01-31,2634.9677
BR,2019-02-28,2493.75
BR,2019-03-31,2563.4839
BR,2019-04-30,2606.9667
BR,2019-05-31,2734.2258
BR,2019-06-30,2557.2333
BR,2019-07-31,2777.0323
BR,2019-08-31,2993.8065
BR,2019-09-30,2931.5333
BR,2019-10-31,2967.7419
BR,2019-11-30,3095.0667
BR,2019-12-31,3110.9677
BR,2020-01-31,3172.2258
BR,2020-02-29,2975.7931
BR,2020-03-31,2977.7097
BR,2020-04-30,2963.4333
BR,2020-05-31,2767.871
BR,2020-06-30,3017.9
BR,2020-07-31,3082.4516
BR,2020-08-31,3091.6452
BR,2020-09-30,2912.1333
BR,2020-10-31,2879.1935
BR,2020-11-30,2759.2
BR,2020-12-31,2730.6129
BR,2021-01-31,2878.129
BR,2021-02-28,2822.6429
BR,2021-03-31,2848.2903
BR,2021-04-30,2979.2
BR,2021-05-31,2936.5806
BR,2021-06-30,2907.1667
BR,2021-07-31,3049.4194
BR,2021-08-31,3001.6774
BR,2021-09-30,3004.9333
BR,2021-10-31,2781.6774
BR,2021-11-30,2854.3
BR,2021-12-31,2762.2258
BR,2022-01-31,3034.0645
BR,2022-02-28,2920.8571
BR,2022-03-31,3036.5806
BR,2022-04-30,3084.9333
BR,2022-05-31,2882.7097
BR,2022-06-30,2832.5667
BR,2022-07-31,2966.9677
BR,2022-08-31,3090.5161
BR,2022-09-30,3151.1667
BR,2022-10-31,3246.9677
BR,2022-11-30,3098.9
BR,2022-12-31,3077.2903
BR,2023-01-31,
BR,2023-02-28,
BR,2023-03-31,
BR,2023-04-30,
BR,2023-05-31,
BR,2023-06-30,
BR,2023-07-31,
BR,2023-08-31,
BR,2023-09-30,
BR,2023-10-31,
BR,2023-11-30,
BR,2023-12-31,
BR,2024-01-31,
BR,2024-02-29,
BR,2024-03-31,
BR,2024-04-30,
BR,2024-05-31,
BR,2024-06-30,
BR,2024-07-31,
BR,2024-08-31,
BR,2024-09-30,
BR,2024-10-31,
BR,2024-11-30,
BR,2024-12-31,
BR,2025-01-31,
BY,2002-01-31,
BY,2002-02-28,
BY,2002-03-31,
BY,2002-04-30,
BY,2002-05-31,
BY,2002-06-30,
BY,2002-07-31,
BY,2002-08-31,
BY,2002-09-30,
BY,2002-10-31,
BY,2002-11-30,
BY,2002-12-31,
BY,2003-01-31,
BY,2003-02-28,
BY,2003-03-31,
BY,2003-04-30,
BY,2003-05-31,
BY,2003-06-30,
BY,2003-07-31,
BY,2003-08-31,
BY,2003-09-30,
BY,2003-10-31,
BY,2003-11-30,
BY,2003-12-31,
BY,2004-01-31,
BY,2004-02-29,
BY,2004-03-31,
BY,2004-04-30,
BY,2004-05-31,
BY,2004-06-30,
BY,2004-07-31,
BY,2004-08-31,
BY,2004-09-30,
BY,2004-10-31,
BY,2004-11-30,
BY,2004-12-31,
BY,2005-01-31,
BY,2005-02-28,
BY,2005-03-31,
BY,2005-04-30,
BY,2005-05-31,
BY,2005-06-30,
BY,2005-07-31,
BY,2005-08-31,
BY,2005-09-30,
BY,2005-10-31,
BY,2005-11-30,
BY,2005-12-31,
BY,2006-01-31,
BY,2006-02-28,
BY,2006-03-31,
BY,2006-04-30,
BY,2006-05-31,
BY,2006-06-30,
BY,2006-07-31,
BY,2006-08-31,
BY,2006-09-30,
BY,2006-10-31,
BY,2006-11-30,
BY,2006-12-31,
BY,2007-01-31,
BY,2007-02-28,
BY,2007-03-31,
BY,2007-04-30,
BY,2007-05-31,
BY,2007-06-30,
BY,2007-07-31,
BY,2007-08-31,
BY,2007-09-30,
BY,2007-10-31,
BY,2007-11-30,
BY,2007-12-31,
BY,2008-01-31,
BY,2008-02-29,
BY,2008-03-31,
BY,2008-04-30,
BY,2008-05-31,
BY,2008-06-30,
BY,2008-07-31,
BY,2008-08-31,
BY,2008-09-30,
BY,2008-10-31,
BY,2008-11-30,
BY,2008-12-31,
BY,2009-01-31,
BY,2009-02-28,
BY,2009-03-31,
BY,2009-04-30,
BY,2009-05-31,
BY,2009-06-30,
BY,2009-07-31,
BY,2009-08-31,
BY,2009-09-30,
BY,2009-10-31,
BY,2009-11-30,
BY,2009-12-31,
BY,2010-01-31,
BY,2010-02-28,
BY,2010-03-31,
BY,2010-04-30,
BY,2010-05-31,
BY,2010-06-30,
BY,2010-07-31,
BY,2010-08-31,
BY,2010-09-30,
BY,2010-10-31,
BY,2010-11-30,
BY,2010-12-31,
BY,2011-01-31,
BY,2011-02-28,
BY,2011-03-31,
BY,2011-04-30,
BY,2011-05-31,
BY,2011-06-30,
BY,2011-07-31,
BY,2011-08-31,
BY,2011-09-30,
BY,2011-10-31,
BY,2011-11-30,
BY,2011-12-31,
BY,2012-01-31,
BY,2012-02-29,
BY,2012-03-31,
BY,2012-04-30,
BY,2012-05-31,
BY,2012-06-30,
BY,2012-07-31,
BY,2012-08-31,
BY,2012-09-30,
BY,2012-10-31,
BY,2012-11-30,
BY,2012-12-31,
BY,2013-01-31,
BY,2013-02-28,
BY,2013-03-31,
BY,2013-04-30,
BY,2013-05-31,
BY,2013-06-30,
BY,2013-07-31,
BY,2013-08-31,
BY,2013-09-30,
BY,2013-10-31,
BY,2013-11-30,
BY,2013-12-31,
BY,2014-01-31,33.2252
BY,2014-02-28,33.3693
BY,2014-03-31,33.4625
BY,2014-04-30,33.1065
BY,2014-05-31,33.2252
BY,2014-06-30,33.8422
BY,2014-07-31,32.9878
BY,2014-08-31,33.2252
BY,2014-09-30,32.616
BY,2014-10-31,33.2252
BY,2014-11-30,32.8613
BY,2014-12-31,32.7505
BY,2015-01-31,33.4625
BY,2015-02-28,33.632
BY,2015-03-31,33.4625
BY,2015-04-30,33.3517
BY,2015-05-31,33.4625
BY,2015-06-30,33.8422
BY,2015-07-31,31.5639
BY,2015-08-31,31.8012
BY,2015-09-30,34.0874
BY,2015-10-31,33.2252
BY,2015-11-30,33.1065
BY,2015-12-31,32.9878
BY,2016-01-31,33.4625
BY,2016-02-29,32.9797
BY,2016-03-31,32.9878
BY,2016-04-30,32.3708
BY,2016-05-31,33.9371
BY,2016-06-30,34.3327
BY,2016-07-31,32.7505
BY,2016-08-31,32.7505
BY,2016-09-30,32.616
BY,2016-10-31,32.9878
BY,2016-11-30,32.8613
BY,2016-12-31,32.7505
BY,2017-01-31,33.2252
BY,2017-02-28,34.4203
BY,2017-03-31,32.9878
BY,2017-04-30,33.3517
BY,2017-05-31,33.6998
BY,2017-06-30,32.8613
BY,2017-07-31,33.6998
BY,2017-08-31,32.9878
BY,2017-09-30,32.616
BY,2017-10-31,33.4625
BY,2017-11-30,33.1065
BY,2017-12-31,32.7505
BY,2018-01-31,33.4625
BY,2018-02-28,34.4203
BY,2018-03-31,33.4625
BY,2018-04-30,32.616
BY,2018-05-31,33.9371
BY,2018-06-30,34.3327
BY,2018-07-31,33.2252
BY,2018-08-31,33.2252
BY,2018-09-30,34.3327
BY,2018-10-31,34.4118
BY,2018-11-30,33.597
BY,2018-12-31,32.9878
BY,2019-01-31,33.4625
BY,2019-02-28,34.4203
BY,2019-03-31,34.1745
BY,2019-04-30,33.597
BY,2019-05-31,33.6998
BY,2019-06-30,34.8231
BY,2019-07-31,34.4118
BY,2019-08-31,33.4625
BY,2019-09-30,34.0874
BY,2019-10-31,34.4118
BY,2019-11-30,34.3327
BY,2019-12-31,33.6998
BY,2020-01-31,33.2252
BY,2020-02-29,34.2481
BY,2020-03-31,35.3611
BY,2020-04-30,33.1065
BY,2020-05-31,33.9371
BY,2020-06-30,34.8231
BY,2020-07-31,34.4118
BY,2020-08-31,34.4118
BY,2020-09-30,34.8231
BY,2020-10-31,34.6491
BY,2020-11-30,34.8231
BY,2020-12-31,34.6491
BY,2021-01-31,33.9371
BY,2021-02-28,34.9458
BY,2021-03-31,35.1237
BY,2021-04-30,34.3327
BY,2021-05-31,
BY,2021-06-30,
BY,2021-07-31,
BY,2021-08-31,
BY,2021-09-30,
BY,2021-10-31,
BY,2021-11-30,
BY,2021-12-31,
BY,2022-01-31,
BY,2022-02-28,
BY,2022-03-31,
BY,2022-04-30,
BY,2022-05-31,
BY,2022-06-30,
BY,2022-07-31,
BY,2022-08-31,
BY,2022-09-30,
BY,2022-10-31,
BY,2022-11-30,
BY,2022-12-31,
BY,2023-01-31,
BY,2023-02-28,
BY,2023-03-31,
BY,2023-04-30,
BY,2023-05-31,
BY,2023-06-30,
BY,2023-07-31,
BY,2023-08-31,
BY,2023-09-30,
BY,2023-10-31,
BY,2023-11-30,
BY,2023-12-31,
BY,2024-01-31,
BY,2024-02-29,
BY,2024-03-31,
BY,2024-04-30,
BY,2024-05-31,
BY,2024-06-30,
BY,2024-07-31,
BY,2024-08-31,
BY,2024-09-30,
BY,2024-10-31,
BY,2024-11-30,
BY,2024-12-31,
BY,2025-01-31,
BY,2025-02-28,
BY,2025-03-31,
BZ,2002-01-31,0.0
BZ,2002-02-28,0.0
BZ,2002-03-31,0.0
BZ,2002-04-30,0.0
BZ,2002-05-31,0.0
BZ,2002-06-30,0.0
BZ,2002-07-31,0.0
BZ,2002-08-31,0.0
BZ,2002-09-30,0.0
BZ,2002-10-31,0.0
BZ,2002-11-30,0.0
BZ,2002-12-31,0.0
BZ,2003-01-31,0.0
BZ,2003-02-28,0.0
BZ,2003-03-31,0.0
BZ,2003-04-30,0.0
BZ,2003-05-31,0.0
BZ,2003-06-30,0.0
BZ,2003-07-31,0.0
BZ,2003-08-31,0.0
BZ,2003-09-30,0.0
BZ,2003-10-31,0.0
BZ,2003-11-30,0.0
BZ,2003-12-31,0.0
BZ,2004-01-31,0.0
BZ,2004-02-29,0.0
BZ,2004-03-31,0.0
BZ,2004-04-30,0.0
BZ,2004-05-31,0.0
BZ,2004-06-30,0.0
BZ,2004-07-31,0.0
BZ,2004-08-31,0.0
BZ,2004-09-30,0.0
BZ,2004-10-31,0.0
BZ,2004-11-30,0.0
BZ,2004-12-31,0.0
BZ,2005-01-31,0.0
BZ,2005-02-28,0.0
BZ,2005-03-31,0.0
BZ,2005-04-30,0.0
BZ,2005-05-31,0.0
BZ,2005-06-30,0.0
BZ,2005-07-31,0.0
BZ,2005-08-31,0.0
BZ,2005-09-30,0.0
BZ,2005-10-31,0.0
BZ,2005-11-30,0.0
BZ,2005-12-31,0.0
BZ,2006-01-31,0.0
BZ,2006-02-28,0.0
BZ,2006-03-31,0.0
BZ,2006-04-30,0.0
BZ,2006-05-31,0.0
BZ,2006-06-30,0.0
BZ,2006-07-31,0.0
BZ,2006-08-31,0.0
BZ,2006-09-30,0.0
BZ,2006-10-31,0.0
BZ,2006-11-30,0.0
BZ,2006-12-31,0.0
BZ,2007-01-31,0.0
BZ,2007-02-28,0.0
BZ,2007-03-31,0.0
BZ,2007-04-30,0.0
BZ,2007-05-31,0.0
BZ,2007-06-30,0.0
BZ,2007-07-31,0.0
BZ,2007-08-31,0.0
BZ,2007-09-30,0.0
BZ,2007-10-31,0.0
BZ,2007-11-30,0.0
BZ,2007-12-31,0.0
BZ,2008-01-31,0.0
BZ,2008-02-29,0.0
BZ,2008-03-31,0.0
BZ,2008-04-30,0.0
BZ,2008-05-31,0.0
BZ,2008-06-30,0.0
BZ,2008-07-31,0.0
BZ,2008-08-31,0.0
BZ,2008-09-30,0.0
BZ,2008-10-31,0.0
BZ,2008-11-30,0.0
BZ,2008-12-31,0.0
BZ,2009-01-31,0.0
BZ,2009-02-28,0.0
BZ,2009-03-31,0.0
BZ,2009-04-30,0.0
BZ,2009-05-31,0.0
BZ,2009-06-30,0.0
BZ,2009-07-31,0.0
BZ,2009-08-31,0.0
BZ,2009-09-30,0.0
BZ,2009-10-31,0.0
BZ,2009-11-30,0.0
BZ,2009-12-31,0.0
BZ,2010-01-31,0.0
BZ,2010-02-28,0.0
BZ,2010-03-31,0.0
BZ,2010-04-30,0.0
BZ,2010-05-31,0.0
BZ,2010-06-30,0.0
BZ,2010-07-31,0.0
BZ,2010-08-31,0.0
BZ,2010-09-30,0.0
BZ,2010-10-31,0.0
BZ,2010-11-30,0.0
BZ,2010-12-31,0.0
BZ,2011-01-31,0.0
BZ,2011-02-28,0.0
BZ,2011-03-31,0.0
BZ,2011-04-30,0.0
BZ,2011-05-31,0.0
BZ,2011-06-30,0.0
BZ,2011-07-31,0.0
BZ,2011-08-31,0.0
BZ,2011-09-30,0.0
BZ,2011-10-31,3.3871
BZ,2011-11-30,3.6667
BZ,2011-12-31,3.4516
BZ,2012-01-31,2.3548
BZ,2012-02-29,3.069
BZ,2012-03-31,2.9032
BZ,2012-04-30,3.0333
BZ,2012-05-31,2.9032
BZ,2012-06-30,2.8333
BZ,2012-07-31,2.7097
BZ,2012-08-31,2.7419
BZ,2012-09-30,2.6667
BZ,2012-10-31,2.6774
BZ,2012-11-30,2.5667
BZ,2012-12-31,0.0
BZ,2013-01-31,2.4839
BZ,2013-02-28,2.4643
BZ,2013-03-31,2.4194
BZ,2013-04-30,2.2333
BZ,2013-05-31,2.1613
BZ,2013-06-30,2.1333
BZ,2013-07-31,2.0645
BZ,2013-08-31,2.129
BZ,2013-09-30,0.0
BZ,2013-10-31,0.0
BZ,2013-11-30,0.0
BZ,2013-12-31,0.0
BZ,2014-01-31,0.0
BZ,2014-02-28,0.0
BZ,2014-03-31,0.0
BZ,2014-04-30,0.0
BZ,2014-05-31,0.0
BZ,2014-06-30,0.0
BZ,2014-07-31,0.0
BZ,2014-08-31,0.0
BZ,2014-09-30,0.0
BZ,2014-10-31,0.0
BZ,2014-11-30,0.0
BZ,2014-12-31,1.6774
BZ,2015-01-31,0.0
BZ,2015-02-28,0.0
BZ,2015-03-31,0.0
BZ,2015-04-30,0.0
BZ,2015-05-31,0.0
BZ,2015-06-30,0.0
BZ,2015-07-31,0.0
BZ,2015-08-31,0.0
BZ,2015-09-30,0.0
BZ,2015-10-31,0.0
BZ,2015-11-30,0.0
BZ,2015-12-31,0.0
BZ,2016-01-31,0.0
BZ,2016-02-29,0.0
BZ,2016-03-31,0.0
BZ,2016-04-30,0.0
BZ,2016-05-31,0.0
BZ,2016-06-30,0.0
BZ,2016-07-31,0.0
BZ,2016-08-31,
BZ,2016-09-30,
BZ,2016-10-31,
BZ,2016-11-30,
BZ,2016-12-31,
BZ,2017-01-31,
BZ,2017-02-28,
BZ,2017-03-31,
BZ,2017-04-30,
BZ,2017-05-31,
BZ,2017-06-30,
BZ,2017-07-31,
BZ,2017-08-31,
BZ,2017-09-30,
BZ,2017-10-31,
BZ,2017-11-30,
BZ,2017-12-31,
BZ,2018-01-31,
BZ,2018-02-28,
BZ,2018-03-31,
BZ,2018-04-30,
BZ,2018-05-31,
BZ,2018-06-30,
BZ,2018-07-31,
BZ,2018-08-31,
BZ,2018-09-30,
BZ,2018-10-31,
BZ,2018-11-30,
BZ,2018-12-31,
BZ,2019-01-31,
BZ,2019-02-28,
BZ,2019-03-31,
BZ,2019-04-30,
BZ,2019-05-31,
BZ,2019-06-30,
BZ,2019-07-31,
BZ,2019-08-31,
BZ,2019-09-30,
BZ,2019-10-31,
BZ,2019-11-30,
BZ,2019-12-31,
BZ,2020-01-31,
BZ,2020-02-29,
BZ,2020-03-31,
BZ,2020-04-30,
BZ,2020-05-31,
BZ,2020-06-30,
BZ,2020-07-31,
BZ,2020-08-31,
BZ,2020-09-30,
BZ,2020-10-31,
BZ,2020-11-30,
BZ,2020-12-31,
BZ,2021-01-31,
BZ,2021-02-28,
BZ,2021-03-31,
BZ,2021-04-30,
BZ,2021-05-31,
BZ,2021-06-30,
BZ,2021-07-31,
BZ,2021-08-31,
BZ,2021-09-30,
BZ,2021-10-31,
BZ,2021-11-30,
BZ,2021-12-31,
BZ,2022-01-31,
BZ,2022-02-28,
BZ,2022-03-31,
BZ,2022-04-30,
BZ,2022-05-31,
BZ,2022-06-30,
BZ,2022-07-31,
BZ,2022-08-31,
BZ,2022-09-30,
BZ,2022-10-31,
BZ,2022-11-30,
BZ,2022-12-31,
BZ,2023-01-31,
BZ,2023-02-28,
BZ,2023-03-31,
BZ,2023-04-30,
BZ,2023-05-31,
BZ,2023-06-30,
BZ,2023-07-31,
BZ,2023-08-31,
BZ,2023-09-30,
BZ,2023-10-31,
BZ,2023-11-30,
BZ,2023-12-31,
BZ,2024-01-31,
BZ,2024-02-29,
BZ,2024-03-31,
BZ,2024-04-30,
BZ,2024-05-31,
BZ,2024-06-30,
BZ,2024-07-31,
BZ,2024-08-31,
BZ,2024-09-30,
BZ,2024-10-31,
BZ,2024-11-30,
BZ,2024-12-31,
BZ,2025-01-31,
CA,2002-01-31,1691.7006
CA,2002-02-28,1768.075
CA,2002-03-31,1789.4413
CA,2002-04-30,1822.0447
CA,2002-05-31,1798.2426
CA,2002-06-30,1799.5473
CA,2002-07-31,1823.0252
CA,2002-08-31,1749.3723
CA,2002-09-30,1723.2
CA,2002-10-31,1839.4697
CA,2002-11-30,1877.57
CA,2002-12-31,1823.4884
CA,2003-01-31,1834.3742
CA,2003-02-28,1776.2807
CA,2003-03-31,1885.329
CA,2003-04-30,1867.0393
CA,2003-05-31,1911.5013
CA,2003-06-30,2008.246
CA,2003-07-31,2038.6568
CA,2003-08-31,1964.0774
CA,2003-09-30,1981.4407
CA,2003-10-31,2034.4877
CA,2003-11-30,2045.3427
CA,2003-12-31,2056.2594
CA,2004-01-31,1981.2168
CA,2004-02-29,2041.8434
CA,2004-03-31,2021.9806
CA,2004-04-30,2009.9213
CA,2004-05-31,1993.7239
CA,2004-06-30,2065.2073
CA,2004-07-31,2010.1684
CA,2004-08-31,2025.6865
CA,2004-09-30,1984.552
CA,2004-10-31,1996.04
CA,2004-11-30,2042.4707
CA,2004-12-31,1970.0994
CA,2005-01-31,2032.6348
CA,2005-02-28,2069.635
CA,2005-03-31,1971.2574
CA,2005-04-30,2003.4593
CA,2005-05-31,2039.3516
CA,2005-06-30,2000.8267
CA,2005-07-31,2065.0606
CA,2005-08-31,2053.9432
CA,2005-09-30,1919.932
CA,2005-10-31,2082.8948
CA,2005-11-30,2163.0947
CA,2005-12-31,2215.1458
CA,2006-01-31,2121.5742
CA,2006-02-28,2085.0207
CA,2006-03-31,2060.66
CA,2006-04-30,2113.074
CA,2006-05-31,1856.3774
CA,2006-06-30,1896.7167
CA,2006-07-31,2084.9794
CA,2006-08-31,2087.9903
CA,2006-09-30,2032.658
CA,2006-10-31,2103.0452
CA,2006-11-30,2186.5493
CA,2006-12-31,2246.4135
CA,2007-01-31,2156.0845
CA,2007-02-28,2122.4593
CA,2007-03-31,2213.9877
CA,2007-04-30,2203.542
CA,2007-05-31,2197.7748
CA,2007-06-30,2174.3433
CA,2007-07-31,2182.0252
CA,2007-08-31,2259.3839
CA,2007-09-30,2178.8907
CA,2007-10-31,2172.9923
CA,2007-11-30,2164.5307
CA,2007-12-31,2029.1606
CA,2008-01-31,2101.8871
CA,2008-02-29,2148.8007
CA,2008-03-31,2235.2961
CA,2008-04-30,2146.3413
CA,2008-05-31,2130.3755
CA,2008-06-30,2114.7493
CA,2008-07-31,2219.0832
CA,2008-08-31,2216.3039
CA,2008-09-30,2178.412
CA,2008-10-31,2177.6245
CA,2008-11-30,2263.854
CA,2008-12-31,2205.1865
CA,2009-01-31,2183.6465
CA,2009-02-28,2254.7764
CA,2009-03-31,2170.9077
CA,2009-04-30,2150.1707
CA,2009-05-31,2018.2748
CA,2009-06-30,2072.3873
CA,2009-07-31,2129.449
CA,2009-08-31,1906.4058
CA,2009-09-30,1765.0833
CA,2009-10-31,1789.4413
CA,2009-11-30,1907.9653
CA,2009-12-31,1890.6561
CA,2010-01-31,1968.9413
CA,2010-02-28,2063.7371
CA,2010-03-31,2096.56
CA,2010-04-30,2032.1793
CA,2010-05-31,2059.5019
CA,2010-06-30,2033.1367
CA,2010-07-31,1994.4187
CA,2010-08-31,2030.3187
CA,2010-09-30,1960.858
CA,2010-10-31,2011.3265
CA,2010-11-30,2109.7233
CA,2010-12-31,2087.9903
CA,2011-01-31,2086.6006
CA,2011-02-28,2103.2271
CA,2011-03-31,2098.1813
CA,2011-04-30,2102.5433
CA,2011-05-31,2027.0761
CA,2011-06-30,1974.7393
CA,2011-07-31,2104.4348
CA,2011-08-31,2169.5181
CA,2011-09-30,2138.6827
CA,2011-10-31,2195.6903
CA,2011-11-30,2228.672
CA,2011-12-31,2294.589
CA,2012-01-31,2279.7658
CA,2012-02-29,2318.3972
CA,2012-03-31,2390.4768
CA,2012-04-30,2406.9753
CA,2012-05-31,2337.9006
CA,2012-06-30,2273.906
CA,2012-07-31,2231.3587
CA,2012-08-31,2210.0503
CA,2012-09-30,2217.4233
CA,2012-10-31,2393.4877
CA,2012-11-30,2505.3413
CA,2012-12-31,2509.2942
CA,2013-01-31,2462.9716
CA,2013-02-28,2514.2821
CA,2013-03-31,2521.1065
CA,2013-04-30,2446.944
CA,2013-05-31,2426.84
CA,2013-06-30,2397.8807
CA,2013-07-31,2474.7839
CA,2013-08-31,2605.8768
CA,2013-09-30,2548.182
CA,2013-10-31,2519.4852
CA,2013-11-30,2560.388
CA,2013-12-31,2572.0613
CA,2014-01-31,2650.5781
CA,2014-02-28,2686.0893
CA,2014-03-31,2831.2361
CA,2014-04-30,2787.276
CA,2014-05-31,2768.469
CA,2014-06-30,2739.4093
CA,2014-07-31,2761.7523
CA,2014-08-31,2782.1342
CA,2014-09-30,2735.1013
CA,2014-10-31,2887.5181
CA,2014-11-30,2788.712
CA,2014-12-31,2915.5432
CA,2015-01-31,2917.1645
CA,2015-02-28,2923.0293
CA,2015-03-31,2835.4052
CA,2015-04-30,2786.0793
CA,2015-05-31,2637.8394
CA,2015-06-30,2674.7893
CA,2015-07-31,2898.4039
CA,2015-08-31,2925.0394
CA,2015-09-30,2758.3167
CA,2015-10-31,2878.7168
CA,2015-11-30,2927.0467
CA,2015-12-31,3019.769
CA,2016-01-31,3208.7652
CA,2016-02-29,3103.7407
CA,2016-03-31,3131.1748
CA,2016-04-30,3159.4393
CA,2016-05-31,2770.7852
CA,2016-06-30,2846.3913
CA,2016-07-31,3110.3297
CA,2016-08-31,3145.5348
CA,2016-09-30,3130.48
CA,2016-10-31,3121.6787
CA,2016-11-30,3278.388
CA,2016-12-31,3206.2174
CA,2017-01-31,3328.2774
CA,2017-02-28,3363.3171
CA,2017-03-31,3338.9316
CA,2017-04-30,3198.2113
CA,2017-05-31,3163.369
CA,2017-06-30,3201.8013
CA,2017-07-31,3320.171
CA,2017-08-31,3377.611
CA,2017-09-30,3449.99
CA,2017-10-31,3401.4671
CA,2017-11-30,3610.5827
CA,2017-12-31,3496.66
CA,2018-01-31,3516.8103
CA,2018-02-28,3605.3857
CA,2018-03-31,3656.9361
CA,2018-04-30,3592.6327
CA,2018-05-31,3660.4103
CA,2018-06-30,3562.9553
CA,2018-07-31,3746.5703
CA,2018-08-31,3867.009
CA,2018-09-30,3711.1027
CA,2018-10-31,3782.0071
CA,2018-11-30,3719.24
CA,2018-12-31,3815.591
CA,2019-01-31,3489.9432
CA,2019-02-28,3494.865
CA,2019-03-31,3634.7013
CA,2019-04-30,3634.0373
CA,2019-05-31,3609.4555
CA,2019-06-30,3867.6267
CA,2019-07-31,3742.1697
CA,2019-08-31,3671.7594
CA,2019-09-30,3792.476
CA,2019-10-31,3772.2794
CA,2019-11-30,3761.602
CA,2019-12-31,3976.7935
CA,2020-01-31,3767.6471
CA,2020-02-29,3785.0979
CA,2020-03-31,3908.4677
CA,2020-04-30,3214.9647
CA,2020-05-31,2942.8735
CA,2020-06-30,3157.046
CA,2020-07-31,3467.2452
CA,2020-08-31,3411.6581
CA,2020-09-30,3320.9893
CA,2020-10-31,3534.4129
CA,2020-11-30,3641.9353
CA,2020-12-31,3628.4477
CA,2021-01-31,3731.0523
CA,2021-02-28,3463.5807
CA,2021-03-31,3713.2181
CA,2021-04-30,3735.2753
CA,2021-05-31,3561.7432
CA,2021-06-30,3732.4033
CA,2021-07-31,3730.1258
CA,2021-08-31,3830.1826
CA,2021-09-30,3739.344
CA,2021-10-31,3722.0194
CA,2021-11-30,3961.6847
CA,2021-12-31,3896.8871
CA,2022-01-31,3819.0652
CA,2022-02-28,3814.8879
CA,2022-03-31,3794.5142
CA,2022-04-30,3747.0027
CA,2022-05-31,3824.1606
CA,2022-06-30,3734.0787
CA,2022-07-31,3951.7794
CA,2022-08-31,3961.7387
CA,2022-09-30,4046.648
CA,2022-10-31,4021.9581
CA,2022-11-30,3926.742
CA,2022-12-31,3906.3832
CA,2023-01-31,3916.111
CA,2023-02-28,3847.9671
CA,2023-03-31,3819.76
CA,2023-04-30,3710.3847
CA,2023-05-31,3781.5439
CA,2023-06-30,3910.7067
CA,2023-07-31,3832.2671
CA,2023-08-31,3895.729
CA,2023-09-30,4016.9707
CA,2023-10-31,4150.04
CA,2023-11-30,4131.8507
CA,2023-12-31,4106.7284
CA,2024-01-31,3941.1252
CA,2024-02-29,3974.0062
CA,2024-03-31,4039.7923
CA,2024-04-30,3868.3447
CA,2024-05-31,3986.5213
CA,2024-06-30,4103.37
CA,2024-07-31,4096.0742
CA,2024-08-31,4210.0277
CA,2024-09-30,3928.6567
CA,2024-10-31,4205.6271
CA,2024-11-30,4174.452
CA,2024-12-31,4220.9135
CA,2025-01-31,4081.251
CA,2025-02-28,3874.8921
CA,2025-03-31,3825.0871
CL,2002-01-31,4.2842
CL,2002-02-28,4.2439
CL,2002-03-31,4.2842
CL,2002-04-30,3.961
CL,2002-05-31,4.0587
CL,2002-06-30,3.961
CL,2002-07-31,4.2842
CL,2002-08-31,4.0587
CL,2002-09-30,3.961
CL,2002-10-31,3.8332
CL,2002-11-30,3.961
CL,2002-12-31,4.0587
CL,2003-01-31,3.6077
CL,2003-02-28,3.495
CL,2003-03-31,3.3823
CL,2003-04-30,3.262
CL,2003-05-31,3.1568
CL,2003-06-30,3.262
CL,2003-07-31,3.3823
CL,2003-08-31,3.3823
CL,2003-09-30,3.262
CL,2003-10-31,3.1568
CL,2003-11-30,3.262
CL,2003-12-31,3.1568
CL,2004-01-31,3.3823
CL,2004-02-29,3.3745
CL,2004-03-31,3.3823
CL,2004-04-30,3.262
CL,2004-05-31,3.1568
CL,2004-06-30,3.262
CL,2004-07-31,3.3823
CL,2004-08-31,3.1568
CL,2004-09-30,3.262
CL,2004-10-31,3.1568
CL,2004-11-30,3.262
CL,2004-12-31,3.1568
CL,2005-01-31,3.1568
CL,2005-02-28,3.2454
CL,2005-03-31,3.1568
CL,2005-04-30,3.029
CL,2005-05-31,2.9313
CL,2005-06-30,3.029
CL,2005-07-31,3.1568
CL,2005-08-31,3.1568
CL,2005-09-30,3.029
CL,2005-10-31,2.9313
CL,2005-11-30,3.029
CL,2005-12-31,2.9313
CL,2006-01-31,2.7058
CL,2006-02-28,2.7461
CL,2006-03-31,2.7058
CL,2006-04-30,2.796
CL,2006-05-31,2.9313
CL,2006-06-30,2.563
CL,2006-07-31,2.4803
CL,2006-08-31,2.4803
CL,2006-09-30,2.563
CL,2006-10-31,2.7058
CL,2006-11-30,2.563
CL,2006-12-31,2.2548
CL,2007-01-31,2.2548
CL,2007-02-28,2.2468
CL,2007-03-31,2.2548
CL,2007-04-30,2.097
CL,2007-05-31,2.2548
CL,2007-06-30,2.097
CL,2007-07-31,2.4803
CL,2007-08-31,2.4803
CL,2007-09-30,2.563
CL,2007-10-31,2.4803
CL,2007-11-30,2.33
CL,2007-12-31,2.4803
CL,2008-01-31,2.4803
CL,2008-02-29,2.4103
CL,2008-03-31,2.7058
CL,2008-04-30,2.563
CL,2008-05-31,2.4803
CL,2008-06-30,2.33
CL,2008-07-31,2.4803
CL,2008-08-31,2.2548
CL,2008-09-30,2.33
CL,2008-10-31,2.4803
CL,2008-11-30,2.33
CL,2008-12-31,2.4803
CL,2009-01-31,2.4803
CL,2009-02-28,2.4964
CL,2009-03-31,2.7058
CL,2009-04-30,3.029
CL,2009-05-31,3.1568
CL,2009-06-30,3.029
CL,2009-07-31,3.1568
CL,2009-08-31,3.1568
CL,2009-09-30,3.495
CL,2009-10-31,3.3823
CL,2009-11-30,3.495
CL,2009-12-31,3.6077
CL,2010-01-31,4.0587
CL,2010-02-28,3.9943
CL,2010-03-31,4.0587
CL,2010-04-30,4.194
CL,2010-05-31,3.8332
CL,2010-06-30,3.495
CL,2010-07-31,3.6077
CL,2010-08-31,3.3823
CL,2010-09-30,3.961
CL,2010-10-31,4.0587
CL,2010-11-30,4.194
CL,2010-12-31,3.8332
CL,2011-01-31,3.1568
CL,2011-02-28,3.2454
CL,2011-03-31,3.1568
CL,2011-04-30,3.495
CL,2011-05-31,3.3823
CL,2011-06-30,3.262
CL,2011-07-31,4.2842
CL,2011-08-31,4.9606
CL,2011-09-30,4.66
CL,2011-10-31,5.1861
CL,2011-11-30,4.893
CL,2011-12-31,5.4116
CL,2012-01-31,5.1861
CL,2012-02-29,5.7848
CL,2012-03-31,6.7645
CL,2012-04-30,6.291
CL,2012-05-31,5.4116
CL,2012-06-30,5.359
CL,2012-07-31,5.1861
CL,2012-08-31,4.9606
CL,2012-09-30,5.126
CL,2012-10-31,4.7352
CL,2012-11-30,5.359
CL,2012-12-31,6.3135
CL,2013-01-31,6.539
CL,2013-02-28,6.7404
CL,2013-03-31,7.441
CL,2013-04-30,6.99
CL,2013-05-31,6.3135
CL,2013-06-30,5.825
CL,2013-07-31,5.6371
CL,2013-08-31,5.6371
CL,2013-09-30,5.825
CL,2013-10-31,5.8626
CL,2013-11-30,5.825
CL,2013-12-31,6.539
CL,2014-01-31,6.539
CL,2014-02-28,6.7404
CL,2014-03-31,6.7645
CL,2014-04-30,6.291
CL,2014-05-31,6.7645
CL,2014-06-30,5.825
CL,2014-07-31,6.0881
CL,2014-08-31,6.3135
CL,2014-09-30,6.524
CL,2014-10-31,5.4116
CL,2014-11-30,5.126
CL,2014-12-31,4.5097
CL,2015-01-31,4.9606
CL,2015-02-28,4.7432
CL,2015-03-31,4.9606
CL,2015-04-30,4.66
CL,2015-05-31,4.5097
CL,2015-06-30,4.427
CL,2015-07-31,4.2842
CL,2015-08-31,4.5097
CL,2015-09-30,4.427
CL,2015-10-31,4.2842
CL,2015-11-30,4.194
CL,2015-12-31,4.2842
CL,2016-01-31,4.2842
CL,2016-02-29,4.0976
CL,2016-03-31,4.2842
CL,2016-04-30,3.961
CL,2016-05-31,3.8332
CL,2016-06-30,3.961
CL,2016-07-31,3.6077
CL,2016-08-31,3.3823
CL,2016-09-30,3.728
CL,2016-10-31,3.8332
CL,2016-11-30,3.495
CL,2016-12-31,3.3823
CL,2017-01-31,2.4803
CL,2017-02-28,3.7446
CL,2017-03-31,3.3823
CL,2017-04-30,3.495
CL,2017-05-31,3.1568
CL,2017-06-30,3.029
CL,2017-07-31,3.1568
CL,2017-08-31,3.1568
CL,2017-09-30,2.796
CL,2017-10-31,2.9313
CL,2017-11-30,2.796
CL,2017-12-31,2.7058
CL,2018-01-31,2.9313
CL,2018-02-28,2.9957
CL,2018-03-31,2.9313
CL,2018-04-30,2.796
CL,2018-05-31,2.7058
CL,2018-06-30,3.029
CL,2018-07-31,2.9313
CL,2018-08-31,2.9313
CL,2018-09-30,2.796
CL,2018-10-31,2.7058
CL,2018-11-30,2.796
CL,2018-12-31,2.7058
CL,2019-01-31,2.9313
CL,2019-02-28,3.2454
CL,2019-03-31,3.3823
CL,2019-04-30,3.262
CL,2019-05-31,2.9313
CL,2019-06-30,3.029
CL,2019-07-31,2.9313
CL,2019-08-31,2.9313
CL,2019-09-30,3.262
CL,2019-10-31,3.1568
CL,2019-11-30,2.33
CL,2019-12-31,2.2548
CL,2020-01-31,1.8039
CL,2020-02-29,1.6872
CL,2020-03-31,1.5784
CL,2020-04-30,1.631
CL,2020-05-31,1.3529
CL,2020-06-30,1.631
CL,2020-07-31,1.3529
CL,2020-08-31,1.5784
CL,2020-09-30,1.398
CL,2020-10-31,1.1274
CL,2020-11-30,1.165
CL,2020-12-31,1.3529
CL,2021-01-31,1.1274
CL,2021-02-28,1.4979
CL,2021-03-31,1.5784
CL,2021-04-30,1.631
CL,2021-05-31,1.8039
CL,2021-06-30,1.631
CL,2021-07-31,2.0294
CL,2021-08-31,2.0294
CL,2021-09-30,1.864
CL,2021-10-31,1.5784
CL,2021-11-30,1.631
CL,2021-12-31,1.8039
CL,2022-01-31,1.5784
CL,2022-02-28,1.7475
CL,2022-03-31,1.8039
CL,2022-04-30,1.864
CL,2022-05-31,2.2548
CL,2022-06-30,2.33
CL,2022-07-31,2.2548
CL,2022-08-31,2.2548
CL,2022-09-30,2.097
CL,2022-10-31,2.0294
CL,2022-11-30,1.631
CL,2022-12-31,1.5784
CL,2023-01-31,1.5784
CL,2023-02-28,1.7475
CL,2023-03-31,1.8039
CL,2023-04-30,1.864
CL,2023-05-31,2.0294
CL,2023-06-30,2.33
CL,2023-07-31,2.2548
CL,2023-08-31,2.2548
CL,2023-09-30,2.33
CL,2023-10-31,1.8039
CL,2023-11-30,1.864
CL,2023-12-31,2.0294
CL,2024-01-31,2.0294
CL,2024-02-29,2.1693
CL,2024-03-31,2.0294
CL,2024-04-30,2.097
CL,2024-05-31,2.2548
CL,2024-06-30,2.097
CL,2024-07-31,2.0294
CL,2024-08-31,2.0294
CL,2024-09-30,2.097
CL,2024-10-31,1.8039
CL,2024-11-30,1.631
CL,2024-12-31,1.8039
CL,2025-01-31,1.8039
CL,2025-02-28,1.9971
CL,2025-03-31,
CN,2002-01-31,3374.2839
CN,2002-02-28,3338.7043
CN,2002-03-31,3358.4632
CN,2002-04-30,3341.58
CN,2002-05-31,3377.1174
CN,2002-06-30,3612.908
CN,2002-07-31,3406.3974
CN,2002-08-31,3497.5432
CN,2002-09-30,3440.156
CN,2002-10-31,3456.2206
CN,2002-11-30,3394.528
CN,2002-12-31,3379.951
CN,2003-01-31,3385.6181
CN,2003-02-28,3428.8971
CN,2003-03-31,3437.5665
CN,2003-04-30,3454.796
CN,2003-05-31,3441.1084
CN,2003-06-30,3463.336
CN,2003-07-31,3392.7019
CN,2003-08-31,3398.369
CN,2003-09-30,3379.644
CN,2003-10-31,3397.1884
CN,2003-11-30,3395.26
CN,2003-12-31,3445.3587
CN,2004-01-31,3449.8452
CN,2004-02-29,3483.3103
CN,2004-03-31,3402.6194
CN,2004-04-30,3445.28
CN,2004-05-31,3480.5419
CN,2004-06-30,3516.04
CN,2004-07-31,3501.7935
CN,2004-08-31,3553.7419
CN,2004-09-30,3579.48
CN,2004-10-31,3480.5419
CN,2004-11-30,3542.88
CN,2004-12-31,3523.0452
CN,2005-01-31,3577.3548
CN,2005-02-28,3610.3286
CN,2005-03-31,3683.6129
CN,2005-04-30,3596.56
CN,2005-05-31,3622.2194
CN,2005-06-30,3655.12
CN,2005-07-31,3650.5548
CN,2005-08-31,3667.0839
CN,2005-09-30,3625.84
CN,2005-10-31,3648.1935
CN,2005-11-30,3620.96
CN,2005-12-31,3525.4065
CN,2006-01-31,3702.5032
CN,2006-02-28,3673.0714
CN,2006-03-31,3711.9484
CN,2006-04-30,3835.68
CN,2006-05-31,3711.9484
CN,2006-06-30,3735.64
CN,2006-07-31,3716.671
CN,2006-08-31,3669.4452
CN,2006-09-30,3657.56
CN,2006-10-31,3660.0
CN,2006-11-30,3681.96
CN,2006-12-31,3600.9677
CN,2007-01-31,3799.3161
CN,2007-02-28,3748.8857
CN,2007-03-31,3695.4194
CN,2007-04-30,3760.04
CN,2007-05-31,3789.871
CN,2007-06-30,3835.68
CN,2007-07-31,3652.9161
CN,2007-08-31,3756.8129
CN,2007-09-30,3725.88
CN,2007-10-31,3733.2
CN,2007-11-30,3735.64
CN,2007-12-31,3700.1419
CN,2008-01-31,3753.9794
CN,2008-02-29,3757.1793
CN,2008-03-31,3779.009
CN,2008-04-30,3761.016
CN,2008-05-31,3821.04
CN,2008-06-30,3894.972
CN,2008-07-31,3818.2065
CN,2008-08-31,3784.2039
CN,2008-09-30,3798.104
CN,2008-10-31,3860.7097
CN,2008-11-30,3869.84
CN,2008-12-31,3708.6426
CN,2009-01-31,3765.5497
CN,2009-02-28,3743.1343
CN,2009-03-31,3736.2697
CN,2009-04-30,3804.936
CN,2009-05-31,3785.6206
CN,2009-06-30,3834.216
CN,2009-07-31,3811.831
CN,2009-08-31,3854.0981
CN,2009-09-30,3836.656
CN,2009-10-31,3838.2774
CN,2009-11-30,3823.236
CN,2009-12-31,3793.4129
CN,2010-01-31,3983.0245
CN,2010-02-28,3950.97
CN,2010-03-31,3994.3587
CN,2010-04-30,3967.928
CN,2010-05-31,4050.3213
CN,2010-06-30,4119.452
CN,2010-07-31,4067.0865
CN,2010-08-31,4115.2568
CN,2010-09-30,4194.848
CN,2010-10-31,4192.471
CN,2010-11-30,4274.88
CN,2010-12-31,4136.5084
CN,2011-01-31,4206.8748
CN,2011-02-28,4158.2829
CN,2011-03-31,4149.7316
CN,2011-04-30,4138.24
CN,2011-05-31,4115.4929
CN,2011-06-30,4183.624
CN,2011-07-31,4084.7961
CN,2011-08-31,4040.8761
CN,2011-09-30,3975.004
CN,2011-10-31,3936.271
CN,2011-11-30,4016.728
CN,2011-12-31,4009.471
CN,2012-01-31,4099.9084
CN,2012-02-29,4120.6552
CN,2012-03-31,4077.7123
CN,2012-04-30,4121.404
CN,2012-05-31,4116.2013
CN,2012-06-30,4025.756
CN,2012-07-31,4020.3329
CN,2012-08-31,4138.8697
CN,2012-09-30,4253.408
CN,2012-10-31,4228.1265
CN,2012-11-30,4243.404
CN,2012-12-31,4235.2103
CN,2013-01-31,4155.3987
CN,2013-02-28,4184.1643
CN,2013-03-31,4174.9974
CN,2013-04-30,4185.088
CN,2013-05-31,4185.3871
CN,2013-06-30,4256.092
CN,2013-07-31,4054.3355
CN,2013-08-31,4085.7406
CN,2013-09-30,4118.232
CN,2013-10-31,4266.6155
CN,2013-11-30,4216.076
CN,2013-12-31,4226.4735
CN,2014-01-31,4152.0929
CN,2014-02-28,4212.66
CN,2014-03-31,4164.8439
CN,2014-04-30,4142.876
CN,2014-05-31,4192.7071
CN,2014-06-30,4270.488
CN,2014-07-31,4094.9497
CN,2014-08-31,4129.4245
CN,2014-09-30,4186.796
CN,2014-10-31,4235.2103
CN,2014-11-30,4301.72
CN,2014-12-31,4326.5923
CN,2015-01-31,4236.8632
CN,2015-02-28,4236.9729
CN,2015-03-31,4265.671
CN,2015-04-30,4270.0
CN,2015-05-31,4282.4361
CN,2015-06-30,4420.304
CN,2015-07-31,4274.6439
CN,2015-08-31,4289.7561
CN,2015-09-30,4328.804
CN,2015-10-31,4270.8658
CN,2015-11-30,4309.04
CN,2015-12-31,4286.6865
CN,2016-01-31,4161.0658
CN,2016-02-29,4161.0414
CN,2016-03-31,4101.5613
CN,2016-04-30,4047.96
CN,2016-05-31,3983.7329
CN,2016-06-30,4045.52
CN,2016-07-31,3948.7858
CN,2016-08-31,3884.3226
CN,2016-09-30,3897.9
CN,2016-10-31,3790.1071
CN,2016-11-30,3925.96
CN,2016-12-31,3960.3561
CN,2017-01-31,3901.0877
CN,2017-02-28,3901.2986
CN,2017-03-31,3913.8387
CN,2017-04-30,3901.56
CN,2017-05-31,3840.1665
CN,2017-06-30,3955.728
CN,2017-07-31,3836.8606
CN,2017-08-31,3767.911
CN,2017-09-30,3789.076
CN,2017-10-31,3779.4813
CN,2017-11-30,3830.556
CN,2017-12-31,3774.2865
CN,2018-01-31,3768.6194
CN,2018-02-28,3768.4929
CN,2018-03-31,3767.6748
CN,2018-04-30,3784.44
CN,2018-05-31,3771.689
CN,2018-06-30,3866.424
CN,2018-07-31,3743.8258
CN,2018-08-31,3777.3561
CN,2018-09-30,3702.944
CN,2018-10-31,3799.08
CN,2018-11-30,3790.296
CN,2018-12-31,3856.6955
CN,2019-01-31,3836.8606
CN,2019-02-28,3775.8129
CN,2019-03-31,3906.0465
CN,2019-04-30,3833.484
CN,2019-05-31,3832.3742
CN,2019-06-30,3928.4
CN,2019-07-31,3845.8335
CN,2019-08-31,3821.04
CN,2019-09-30,3816.892
CN,2019-10-31,3804.7471
CN,2019-11-30,3831.776
CN,2019-12-31,3793.4129
CN,2020-01-31,3873.4606
CN,2020-02-29,3937.1503
CN,2020-03-31,3911.0052
CN,2020-04-30,3873.5
CN,2020-05-31,3886.6839
CN,2020-06-30,3963.048
CN,2020-07-31,3887.3923
CN,2020-08-31,3931.7845
CN,2020-09-30,3927.424
CN,2020-10-31,3875.3497
CN,2020-11-30,3895.46
CN,2020-12-31,3841.3471
CN,2021-01-31,3843.9445
CN,2021-02-28,4131.3557
CN,2021-03-31,4036.3897
CN,2021-04-30,4003.308
CN,2021-05-31,4020.8052
CN,2021-06-30,4066.992
CN,2021-07-31,3983.969
CN,2021-08-31,4020.8052
CN,2021-09-30,4052.84
CN,2021-10-31,3973.1071
CN,2021-11-30,3979.884
CN,2021-12-31,3888.5729
CN,2022-01-31,3937.6877
CN,2022-02-28,4391.4771
CN,2022-03-31,4182.5535
CN,2022-04-30,4147.024
CN,2022-05-31,4148.0787
CN,2022-06-30,4195.58
CN,2022-07-31,4043.9458
CN,2022-08-31,4000.2619
CN,2022-09-30,4101.396
CN,2022-10-31,4066.1419
CN,2022-11-30,4095.052
CN,2022-12-31,3983.2606
CN,2023-01-31,4035.9174
CN,2023-02-28,4465.7229
CN,2023-03-31,4293.5342
CN,2023-04-30,4215.588
CN,2023-05-31,4267.7961
CN,2023-06-30,4276.1
CN,2023-07-31,4088.1019
CN,2023-08-31,4125.4103
CN,2023-09-30,4116.768
CN,2023-10-31,4090.9355
CN,2023-11-30,4197.044
CN,2023-12-31,4166.969
CN,2024-01-31,4411.3626
CN,2024-02-29,4146.4014
CN,2024-03-31,4337.9265
CN,2024-04-30,4261.948
CN,2024-05-31,4285.0335
CN,2024-06-30,4378.824
CN,2024-07-31,4226.9458
CN,2024-08-31,4211.3613
CN,2024-09-30,4165.324
CN,2024-10-31,4195.5406
CN,2024-11-30,4208.512
CN,2024-12-31,4227.1819
CN,2025-01-31,4337.4542
CN,2025-02-28,4357.7529
CN,2025-03-31,
CO,2002-01-31,591.0
CO,2002-02-28,618.8214
CO,2002-03-31,596.9677
CO,2002-04-30,590.4
CO,2002-05-31,584.5484
CO,2002-06-30,573.5
CO,2002-07-31,540.8065
CO,2002-08-31,559.8065
CO,2002-09-30,585.2333
CO,2002-10-31,573.0645
CO,2002-11-30,561.7333
CO,2002-12-31,565.6774
CO,2003-01-31,562.2581
CO,2003-02-28,545.8214
CO,2003-03-31,552.5806
CO,2003-04-30,533.1667
CO,2003-05-31,535.6452
CO,2003-06-30,548.2
CO,2003-07-31,548.9355
CO,2003-08-31,543.4516
CO,2003-09-30,535.6667
CO,2003-10-31,537.4194
CO,2003-11-30,531.5333
CO,2003-12-31,518.7097
CO,2004-01-31,524.6452
CO,2004-02-29,522.5517
CO,2004-03-31,517.871
CO,2004-04-30,535.0333
CO,2004-05-31,534.7419
CO,2004-06-30,533.2333
CO,2004-07-31,536.5484
CO,2004-08-31,535.9032
CO,2004-09-30,543.6
CO,2004-10-31,531.5161
CO,2004-11-30,540.6333
CO,2004-12-31,519.7097
CO,2005-01-31,516.2581
CO,2005-02-28,509.1071
CO,2005-03-31,518.2258
CO,2005-04-30,530.5667
CO,2005-05-31,530.2258
CO,2005-06-30,530.1333
CO,2005-07-31,517.129
CO,2005-08-31,527.7742
CO,2005-09-30,535.8333
CO,2005-10-31,523.871
CO,2005-11-30,546.3333
CO,2005-12-31,523.4516
CO,2006-01-31,521.9355
CO,2006-02-28,532.5
CO,2006-03-31,534.7097
CO,2006-04-30,536.3
CO,2006-05-31,541.2903
CO,2006-06-30,540.8667
CO,2006-07-31,540.871
CO,2006-08-31,509.0645
CO,2006-09-30,527.9
CO,2006-10-31,530.0323
CO,2006-11-30,540.8333
CO,2006-12-31,517.0645
CO,2007-01-31,523.2581
CO,2007-02-28,516.5
CO,2007-03-31,515.4516
CO,2007-04-30,525.1
CO,2007-05-31,523.0
CO,2007-06-30,523.6667
CO,2007-07-31,523.1935
CO,2007-08-31,531.4194
CO,2007-09-30,536.6
CO,2007-10-31,528.0
CO,2007-11-30,555.1667
CO,2007-12-31,552.4516
CO,2008-01-31,543.4516
CO,2008-02-29,548.931
CO,2008-03-31,549.7742
CO,2008-04-30,552.0667
CO,2008-05-31,578.9355
CO,2008-06-30,581.1333
CO,2008-07-31,586.7742
CO,2008-08-31,600.6129
CO,2008-09-30,611.9333
CO,2008-10-31,623.0
CO,2008-11-30,624.0
CO,2008-12-31,594.0
CO,2009-01-31,617.3226
CO,2009-02-28,646.3571
CO,2009-03-31,646.5161
CO,2009-04-30,649.2667
CO,2009-05-31,652.8387
CO,2009-06-30,661.1333
CO,2009-07-31,656.4839
CO,2009-08-31,668.3226
CO,2009-09-30,680.1667
CO,2009-10-31,707.3871
CO,2009-11-30,725.1
CO,2009-12-31,735.0645
CO,2010-01-31,741.9032
CO,2010-02-28,759.3929
CO,2010-03-31,766.2581
CO,2010-04-30,777.4667
CO,2010-05-31,777.0968
CO,2010-06-30,783.5333
CO,2010-07-31,782.871
CO,2010-08-31,789.4516
CO,2010-09-30,800.0333
CO,2010-10-31,800.4516
CO,2010-11-30,821.2
CO,2010-12-31,829.4839
CO,2011-01-31,839.9032
CO,2011-02-28,862.2143
CO,2011-03-31,887.2581
CO,2011-04-30,906.4
CO,2011-05-31,927.3871
CO,2011-06-30,939.3
CO,2011-07-31,925.7742
CO,2011-08-31,953.4194
CO,2011-09-30,893.8
CO,2011-10-31,952.3548
CO,2011-11-30,961.9667
CO,2011-12-31,929.5806
CO,2012-01-31,939.5806
CO,2012-02-29,862.2069
CO,2012-03-31,946.5161
CO,2012-04-30,955.8667
CO,2012-05-31,935.6774
CO,2012-06-30,934.8333
CO,2012-07-31,936.129
CO,2012-08-31,910.7742
CO,2012-09-30,957.4667
CO,2012-10-31,961.6129
CO,2012-11-30,969.6333
CO,2012-12-31,980.5484
CO,2013-01-31,1008.7097
CO,2013-02-28,991.3571
CO,2013-03-31,1005.7742
CO,2013-04-30,1004.1333
CO,2013-05-31,1011.9355
CO,2013-06-30,973.0
CO,2013-07-31,1015.9677
CO,2013-08-31,1027.0323
CO,2013-09-30,992.8
CO,2013-10-31,980.2903
CO,2013-11-30,1007.1333
CO,2013-12-31,1004.6452
CO,2014-01-31,1014.8065
CO,2014-02-28,1003.9643
CO,2014-03-31,979.0323
CO,2014-04-30,938.3667
CO,2014-05-31,951.9355
CO,2014-06-30,1011.1333
CO,2014-07-31,971.0
CO,2014-08-31,1001.9355
CO,2014-09-30,995.7667
CO,2014-10-31,1004.3548
CO,2014-11-30,1003.9333
CO,2014-12-31,1009.2258
CO,2015-01-31,1035.4194
CO,2015-02-28,1029.5714
CO,2015-03-31,1022.5161
CO,2015-04-30,1028.9
CO,2015-05-31,1026.9355
CO,2015-06-30,1009.5
CO,2015-07-31,953.1935
CO,2015-08-31,961.6129
CO,2015-09-30,0.0
CO,2015-10-31,1004.6452
CO,2015-11-30,989.7
CO,2015-12-31,998.7419
CO,2016-01-31,985.7419
CO,2016-02-29,922.0345
CO,2016-03-31,917.1935
CO,2016-04-30,915.1
CO,2016-05-31,905.6452
CO,2016-06-30,888.2667
CO,2016-07-31,842.5484
CO,2016-08-31,827.129
CO,2016-09-30,858.6333
CO,2016-10-31,
CO,2016-11-30,
CO,2016-12-31,
CO,2017-01-31,
CO,2017-02-28,
CO,2017-03-31,
CO,2017-04-30,
CO,2017-05-31,
CO,2017-06-30,
CO,2017-07-31,
CO,2017-08-31,
CO,2017-09-30,
CO,2017-10-31,
CO,2017-11-30,
CO,2017-12-31,
CO,2018-01-31,
CO,2018-02-28,
CO,2018-03-31,
CO,2018-04-30,
CO,2018-05-31,
CO,2018-06-30,
CO,2018-07-31,
CO,2018-08-31,
CO,2018-09-30,
CO,2018-10-31,
CO,2018-11-30,
CO,2018-12-31,
CO,2019-01-31,
CO,2019-02-28,
CO,2019-03-31,
CO,2019-04-30,
CO,2019-05-31,
CO,2019-06-30,
CO,2019-07-31,
CO,2019-08-31,
CO,2019-09-30,
CO,2019-10-31,
CO,2019-11-30,
CO,2019-12-31,
CO,2020-01-31,
CO,2020-02-29,
CO,2020-03-31,
CO,2020-04-30,
CO,2020-05-31,
CO,2020-06-30,
CO,2020-07-31,
CO,2020-08-31,
CO,2020-09-30,
CO,2020-10-31,
CO,2020-11-30,
CO,2020-12-31,
CO,2021-01-31,
CO,2021-02-28,
CO,2021-03-31,
CO,2021-04-30,
CO,2021-05-31,
CO,2021-06-30,
CO,2021-07-31,
CO,2021-08-31,
CO,2021-09-30,
CO,2021-10-31,
CO,2021-11-30,
CO,2021-12-31,
CO,2022-01-31,
CO,2022-02-28,
CO,2022-03-31,
CO,2022-04-30,
CO,2022-05-31,
CO,2022-06-30,
CO,2022-07-31,
CO,2022-08-31,
CO,2022-09-30,
CO,2022-10-31,
CO,2022-11-30,
CO,2022-12-31,
CO,2023-01-31,
CO,2023-02-28,
CO,2023-03-31,
CO,2023-04-30,
CO,2023-05-31,
CO,2023-06-30,
CO,2023-07-31,
CO,2023-08-31,
CO,2023-09-30,
CO,2023-10-31,
CO,2023-11-30,
CO,2023-12-31,
CO,2024-01-31,
CO,2024-02-29,
CO,2024-03-31,
CO,2024-04-30,
CO,2024-05-31,
CO,2024-06-30,
CO,2024-07-31,
CO,2024-08-31,
CO,2024-09-30,
CO,2024-10-31,
CO,2024-11-30,
CO,2024-12-31,
CO,2025-01-31,
CR,2002-01-31,0.0
CR,2002-02-28,0.0
CR,2002-03-31,0.0
CR,2002-04-30,0.0
CR,2002-05-31,0.0
CR,2002-06-30,0.0
CR,2002-07-31,0.0
CR,2002-08-31,0.0
CR,2002-09-30,0.0
CR,2002-10-31,0.0
CR,2002-11-30,0.0
CR,2002-12-31,0.0
CR,2003-01-31,0.0
CR,2003-02-28,0.0
CR,2003-03-31,0.0
CR,2003-04-30,0.0
CR,2003-05-31,0.0
CR,2003-06-30,0.0
CR,2003-07-31,0.0
CR,2003-08-31,0.0
CR,2003-09-30,0.0
CR,2003-10-31,0.0
CR,2003-11-30,0.0
CR,2003-12-31,0.0
CR,2004-01-31,0.0
CR,2004-02-29,0.0
CR,2004-03-31,0.0
CR,2004-04-30,0.0
CR,2004-05-31,0.0
CR,2004-06-30,0.0
CR,2004-07-31,0.0
CR,2004-08-31,0.0
CR,2004-09-30,0.0
CR,2004-10-31,0.0
CR,2004-11-30,0.0
CR,2004-12-31,0.0
CR,2005-01-31,0.0
CR,2005-02-28,0.0
CR,2005-03-31,0.0
CR,2005-04-30,0.0
CR,2005-05-31,0.0
CR,2005-06-30,0.0
CR,2005-07-31,0.0
CR,2005-08-31,0.0
CR,2005-09-30,0.0
CR,2005-10-31,0.0
CR,2005-11-30,0.0
CR,2005-12-31,0.0
CR,2006-01-31,0.0
CR,2006-02-28,0.0
CR,2006-03-31,0.0
CR,2006-04-30,0.0
CR,2006-05-31,0.0
CR,2006-06-30,0.0
CR,2006-07-31,0.0
CR,2006-08-31,0.0
CR,2006-09-30,0.0
CR,2006-10-31,0.0
CR,2006-11-30,0.0
CR,2006-12-31,0.0
CR,2007-01-31,0.0
CR,2007-02-28,0.0
CR,2007-03-31,0.0
CR,2007-04-30,0.0
CR,2007-05-31,0.0
CR,2007-06-30,0.0
CR,2007-07-31,0.0
CR,2007-08-31,0.0
CR,2007-09-30,0.0
CR,2007-10-31,0.0
CR,2007-11-30,0.0
CR,2007-12-31,0.0
CR,2008-01-31,0.0
CR,2008-02-29,0.0
CR,2008-03-31,0.0
CR,2008-04-30,0.0
CR,2008-05-31,0.0
CR,2008-06-30,0.0
CR,2008-07-31,0.0
CR,2008-08-31,0.0
CR,2008-09-30,0.0
CR,2008-10-31,0.0
CR,2008-11-30,0.0
CR,2008-12-31,0.0
CR,2009-01-31,0.0
CR,2009-02-28,0.0
CR,2009-03-31,0.0
CR,2009-04-30,0.0
CR,2009-05-31,0.0
CR,2009-06-30,0.0
CR,2009-07-31,0.0
CR,2009-08-31,0.0
CR,2009-09-30,0.0
CR,2009-10-31,0.0
CR,2009-11-30,0.0
CR,2009-12-31,0.0
CR,2010-01-31,0.0
CR,2010-02-28,0.0
CR,2010-03-31,0.0
CR,2010-04-30,0.0
CR,2010-05-31,0.0
CR,2010-06-30,0.0
CR,2010-07-31,0.0
CR,2010-08-31,0.0
CR,2010-09-30,0.0
CR,2010-10-31,0.0
CR,2010-11-30,0.0
CR,2010-12-31,0.0
CR,2011-01-31,0.0
CR,2011-02-28,0.0
CR,2011-03-31,0.0
CR,2011-04-30,0.0
CR,2011-05-31,0.0
CR,2011-06-30,0.0
CR,2011-07-31,0.0
CR,2011-08-31,0.0
CR,2011-09-30,0.0
CR,2011-10-31,0.0
CR,2011-11-30,0.0
CR,2011-12-31,0.0
CR,2012-01-31,0.0
CR,2012-02-29,0.0
CR,2012-03-31,0.0
CR,2012-04-30,0.0
CR,2012-05-31,0.0
CR,2012-06-30,0.0
CR,2012-07-31,0.0
CR,2012-08-31,0.0
CR,2012-09-30,0.0
CR,2012-10-31,0.0
CR,2012-11-30,0.0
CR,2012-12-31,0.0
CR,2013-01-31,0.0
CR,2013-02-28,0.0
CR,2013-03-31,0.0
CR,2013-04-30,0.0
CR,2013-05-31,0.0
CR,2013-06-30,0.0
CR,2013-07-31,0.0
CR,2013-08-31,0.0
CR,2013-09-30,0.0
CR,2013-10-31,0.0
CR,2013-11-30,0.0
CR,2013-12-31,0.0
CR,2014-01-31,0.0
CR,2014-02-28,0.0
CR,2014-03-31,0.0
CR,2014-04-30,0.0
CR,2014-05-31,0.0
CR,2014-06-30,0.0
CR,2014-07-31,0.0
CR,2014-08-31,0.0
CR,2014-09-30,0.0
CR,2014-10-31,0.0
CR,2014-11-30,0.0
CR,2014-12-31,0.0
CR,2015-01-31,0.0
CR,2015-02-28,0.0
CR,2015-03-31,0.0
CR,2015-04-30,0.0
CR,2015-05-31,0.0
CR,2015-06-30,0.0
CR,2015-07-31,0.0
CR,2015-08-31,0.0
CR,2015-09-30,0.0
CR,2015-10-31,0.0
CR,2015-11-30,0.0
CR,2015-12-31,0.0
CR,2016-01-31,0.0
CR,2016-02-29,0.0
CR,2016-03-31,0.0
CR,2016-04-30,0.0
CR,2016-05-31,0.0
CR,2016-06-30,0.0
CR,2016-07-31,0.0
CR,2016-08-31,
CR,2016-09-30,
CR,2016-10-31,
CR,2016-11-30,
CR,2016-12-31,
CR,2017-01-31,
CR,2017-02-28,
CR,2017-03-31,
CR,2017-04-30,
CR,2017-05-31,
CR,2017-06-30,
CR,2017-07-31,
CR,2017-08-31,
CR,2017-09-30,
CR,2017-10-31,
CR,2017-11-30,
CR,2017-12-31,
CR,2018-01-31,
CR,2018-02-28,
CR,2018-03-31,
CR,2018-04-30,
CR,2018-05-31,
CR,2018-06-30,
CR,2018-07-31,
CR,2018-08-31,
CR,2018-09-30,
CR,2018-10-31,
CR,2018-11-30,
CR,2018-12-31,
CR,2019-01-31,
CR,2019-02-28,
CR,2019-03-31,
CR,2019-04-30,
CR,2019-05-31,
CR,2019-06-30,
CR,2019-07-31,
CR,2019-08-31,
CR,2019-09-30,
CR,2019-10-31,
CR,2019-11-30,
CR,2019-12-31,
CR,2020-01-31,
CR,2020-02-29,
CR,2020-03-31,
CR,2020-04-30,
CR,2020-05-31,
CR,2020-06-30,
CR,2020-07-31,
CR,2020-08-31,
CR,2020-09-30,
CR,2020-10-31,
CR,2020-11-30,
CR,2020-12-31,
CR,2021-01-31,
CR,2021-02-28,
CR,2021-03-31,
CR,2021-04-30,
CR,2021-05-31,
CR,2021-06-30,
CR,2021-07-31,
CR,2021-08-31,
CR,2021-09-30,
CR,2021-10-31,
CR,2021-11-30,
CR,2021-12-31,
CR,2022-01-31,
CR,2022-02-28,
CR,2022-03-31,
CR,2022-04-30,
CR,2022-05-31,
CR,2022-06-30,
CR,2022-07-31,
CR,2022-08-31,
CR,2022-09-30,
CR,2022-10-31,
CR,2022-11-30,
CR,2022-12-31,
CR,2023-01-31,
CR,2023-02-28,
CR,2023-03-31,
CR,2023-04-30,
CR,2023-05-31,
CR,2023-06-30,
CR,2023-07-31,
CR,2023-08-31,
CR,2023-09-30,
CR,2023-10-31,
CR,2023-11-30,
CR,2023-12-31,
CR,2024-01-31,
CR,2024-02-29,
CR,2024-03-31,
CR,2024-04-30,
CR,2024-05-31,
CR,2024-06-30,
CR,2024-07-31,
CR,2024-08-31,
CR,2024-09-30,
CR,2024-10-31,
CR,2024-11-30,
CR,2024-12-31,
CR,2025-01-31,
CU,2002-01-31,65.2258
CU,2002-02-28,66.8929
CU,2002-03-31,62.5484
CU,2002-04-30,64.5
CU,2002-05-31,64.5484
CU,2002-06-30,70.5
CU,2002-07-31,74.7419
CU,2002-08-31,79.1613
CU,2002-09-30,80.8
CU,2002-10-31,84.1613
CU,2002-11-30,82.7333
CU,2002-12-31,83.1935
CU,2003-01-31,0.0
CU,2003-02-28,0.0
CU,2003-03-31,0.0
CU,2003-04-30,0.0
CU,2003-05-31,0.0
CU,2003-06-30,0.0
CU,2003-07-31,0.0
CU,2003-08-31,0.0
CU,2003-09-30,0.0
CU,2003-10-31,0.0
CU,2003-11-30,0.0
CU,2003-12-31,0.0
CU,2004-01-31,67.5806
CU,2004-02-29,67.0
CU,2004-03-31,66.2258
CU,2004-04-30,66.0
CU,2004-05-31,68.8387
CU,2004-06-30,67.2333
CU,2004-07-31,66.6774
CU,2004-08-31,65.0323
CU,2004-09-30,64.9667
CU,2004-10-31,62.9677
CU,2004-11-30,63.2333
CU,2004-12-31,60.7419
CU,2005-01-31,62.0
CU,2005-02-28,61.0
CU,2005-03-31,60.5484
CU,2005-04-30,63.1
CU,2005-05-31,63.3548
CU,2005-06-30,58.6333
CU,2005-07-31,54.9355
CU,2005-08-31,59.9355
CU,2005-09-30,55.0667
CU,2005-10-31,56.129
CU,2005-11-30,57.4333
CU,2005-12-31,59.4194
CU,2006-01-31,57.9355
CU,2006-02-28,57.25
CU,2006-03-31,58.1613
CU,2006-04-30,58.9333
CU,2006-05-31,58.2581
CU,2006-06-30,58.4333
CU,2006-07-31,58.7742
CU,2006-08-31,59.3226
CU,2006-09-30,59.1333
CU,2006-10-31,59.1935
CU,2006-11-30,56.2
CU,2006-12-31,61.1935
CU,2007-01-31,58.9355
CU,2007-02-28,57.1071
CU,2007-03-31,56.871
CU,2007-04-30,58.0667
CU,2007-05-31,58.6774
CU,2007-06-30,56.0667
CU,2007-07-31,55.8065
CU,2007-08-31,60.1613
CU,2007-09-30,59.7
CU,2007-10-31,60.1935
CU,2007-11-30,61.4667
CU,2007-12-31,61.0645
CU,2008-01-31,59.6774
CU,2008-02-29,61.1379
CU,2008-03-31,61.0645
CU,2008-04-30,63.2667
CU,2008-05-31,64.9032
CU,2008-06-30,61.3
CU,2008-07-31,60.5806
CU,2008-08-31,57.6774
CU,2008-09-30,53.7667
CU,2008-10-31,60.1613
CU,2008-11-30,61.2
CU,2008-12-31,61.1613
CU,2009-01-31,56.9355
CU,2009-02-28,54.8571
CU,2009-03-31,55.0
CU,2009-04-30,55.1
CU,2009-05-31,53.7742
CU,2009-06-30,53.6
CU,2009-07-31,53.6774
CU,2009-08-31,51.5484
CU,2009-09-30,55.9667
CU,2009-10-31,56.2903
CU,2009-11-30,56.9667
CU,2009-12-31,58.3871
CU,2010-01-31,58.2581
CU,2010-02-28,57.3929
CU,2010-03-31,57.4516
CU,2010-04-30,59.8667
CU,2010-05-31,61.5484
CU,2010-06-30,62.5
CU,2010-07-31,61.3226
CU,2010-08-31,63.5161
CU,2010-09-30,62.3
CU,2010-10-31,61.8387
CU,2010-11-30,62.8333
CU,2010-12-31,64.129
CU,2011-01-31,61.2903
CU,2011-02-28,60.3929
CU,2011-03-31,59.6129
CU,2011-04-30,59.6333
CU,2011-05-31,60.0968
CU,2011-06-30,59.9333
CU,2011-07-31,60.9355
CU,2011-08-31,60.1613
CU,2011-09-30,61.6
CU,2011-10-31,60.9032
CU,2011-11-30,63.7333
CU,2011-12-31,61.7419
CU,2012-01-31,61.5806
CU,2012-02-29,59.2759
CU,2012-03-31,60.8065
CU,2012-04-30,60.2667
CU,2012-05-31,61.1613
CU,2012-06-30,61.2667
CU,2012-07-31,61.2581
CU,2012-08-31,59.9355
CU,2012-09-30,56.4667
CU,2012-10-31,60.2258
CU,2012-11-30,62.7
CU,2012-12-31,59.9355
CU,2013-01-31,57.9032
CU,2013-02-28,65.4643
CU,2013-03-31,54.4516
CU,2013-04-30,58.3333
CU,2013-05-31,59.2903
CU,2013-06-30,57.9333
CU,2013-07-31,58.5484
CU,2013-08-31,58.0968
CU,2013-09-30,58.8667
CU,2013-10-31,57.6452
CU,2013-11-30,58.2333
CU,2013-12-31,58.1613
CU,2014-01-31,0.0
CU,2014-02-28,0.0
CU,2014-03-31,0.0
CU,2014-04-30,0.0
CU,2014-05-31,0.0
CU,2014-06-30,0.0
CU,2014-07-31,0.0
CU,2014-08-31,0.0
CU,2014-09-30,0.0
CU,2014-10-31,0.0
CU,2014-11-30,0.0
CU,2014-12-31,0.0
CU,2015-01-31,0.0
CU,2015-02-28,0.0
CU,2015-03-31,0.0
CU,2015-04-30,0.0
CU,2015-05-31,0.0
CU,2015-06-30,0.0
CU,2015-07-31,0.0
CU,2015-08-31,0.0
CU,2015-09-30,0.0
CU,2015-10-31,0.0
CU,2015-11-30,0.0
CU,2015-12-31,0.0
CU,2016-01-31,0.0
CU,2016-02-29,0.0
CU,2016-03-31,0.0
CU,2016-04-30,0.0
CU,2016-05-31,0.0
CU,2016-06-30,0.0
CU,2016-07-31,0.0
CU,2016-08-31,
CU,2016-09-30,
CU,2016-10-31,
CU,2016-11-30,
CU,2016-12-31,
CU,2017-01-31,
CU,2017-02-28,
CU,2017-03-31,
CU,2017-04-30,
CU,2017-05-31,
CU,2017-06-30,
CU,2017-07-31,
CU,2017-08-31,
CU,2017-09-30,
CU,2017-10-31,
CU,2017-11-30,
CU,2017-12-31,
CU,2018-01-31,
CU,2018-02-28,
CU,2018-03-31,
CU,2018-04-30,
CU,2018-05-31,
CU,2018-06-30,
CU,2018-07-31,
CU,2018-08-31,
CU,2018-09-30,
CU,2018-10-31,
CU,2018-11-30,
CU,2018-12-31,
CU,2019-01-31,
CU,2019-02-28,
CU,2019-03-31,
CU,2019-04-30,
CU,2019-05-31,
CU,2019-06-30,
CU,2019-07-31,
CU,2019-08-31,
CU,2019-09-30,
CU,2019-10-31,
CU,2019-11-30,
CU,2019-12-31,
CU,2020-01-31,
CU,2020-02-29,
CU,2020-03-31,
CU,2020-04-30,
CU,2020-05-31,
CU,2020-06-30,
CU,2020-07-31,
CU,2020-08-31,
CU,2020-09-30,
CU,2020-10-31,
CU,2020-11-30,
CU,2020-12-31,
CU,2021-01-31,
CU,2021-02-28,
CU,2021-03-31,
CU,2021-04-30,
CU,2021-05-31,
CU,2021-06-30,
CU,2021-07-31,
CU,2021-08-31,
CU,2021-09-30,
CU,2021-10-31,
CU,2021-11-30,
CU,2021-12-31,
CU,2022-01-31,
CU,2022-02-28,
CU,2022-03-31,
CU,2022-04-30,
CU,2022-05-31,
CU,2022-06-30,
CU,2022-07-31,
CU,2022-08-31,
CU,2022-09-30,
CU,2022-10-31,
CU,2022-11-30,
CU,2022-12-31,
CU,2023-01-31,
CU,2023-02-28,
CU,2023-03-31,
CU,2023-04-30,
CU,2023-05-31,
CU,2023-06-30,
CU,2023-07-31,
CU,2023-08-31,
CU,2023-09-30,
CU,2023-10-31,
CU,2023-11-30,
CU,2023-12-31,
CU,2024-01-31,
CU,2024-02-29,
CU,2024-03-31,
CU,2024-04-30,
CU,2024-05-31,
CU,2024-06-30,
CU,2024-07-31,
CU,2024-08-31,
CU,2024-09-30,
CU,2024-10-31,
CU,2024-11-30,
CU,2024-12-31,
CU,2025-01-31,
CZ,2002-01-31,4.2561
CZ,2002-02-28,4.4504
CZ,2002-03-31,4.729
CZ,2002-04-30,4.398
CZ,2002-05-31,4.9655
CZ,2002-06-30,5.3753
CZ,2002-07-31,5.9113
CZ,2002-08-31,5.6748
CZ,2002-09-30,5.864
CZ,2002-10-31,5.6748
CZ,2002-11-30,5.864
CZ,2002-12-31,6.6206
CZ,2003-01-31,5.4384
CZ,2003-02-28,6.0211
CZ,2003-03-31,5.9113
CZ,2003-04-30,5.864
CZ,2003-05-31,6.6206
CZ,2003-06-30,6.597
CZ,2003-07-31,6.6206
CZ,2003-08-31,6.8571
CZ,2003-09-30,6.597
CZ,2003-10-31,6.3842
CZ,2003-11-30,6.8413
CZ,2003-12-31,6.6206
CZ,2004-01-31,6.3842
CZ,2004-02-29,6.5717
CZ,2004-03-31,6.3842
CZ,2004-04-30,5.6197
CZ,2004-05-31,6.1477
CZ,2004-06-30,6.1083
CZ,2004-07-31,6.1477
CZ,2004-08-31,6.3842
CZ,2004-09-30,6.3527
CZ,2004-10-31,5.9113
CZ,2004-11-30,5.6197
CZ,2004-12-31,5.9113
CZ,2005-01-31,6.6206
CZ,2005-02-28,6.2829
CZ,2005-03-31,6.1477
CZ,2005-04-30,6.1083
CZ,2005-05-31,6.8571
CZ,2005-06-30,6.8413
CZ,2005-07-31,6.3842
CZ,2005-08-31,6.1477
CZ,2005-09-30,6.3527
CZ,2005-10-31,5.4384
CZ,2005-11-30,6.1083
CZ,2005-12-31,6.1477
CZ,2006-01-31,5.9113
CZ,2006-02-28,6.0211
CZ,2006-03-31,5.6748
CZ,2006-04-30,5.6197
CZ,2006-05-31,5.4384
CZ,2006-06-30,5.131
CZ,2006-07-31,5.2019
CZ,2006-08-31,4.729
CZ,2006-09-30,5.131
CZ,2006-10-31,5.2019
CZ,2006-11-30,5.131
CZ,2006-12-31,4.729
CZ,2007-01-31,5.2019
CZ,2007-02-28,4.7121
CZ,2007-03-31,4.729
CZ,2007-04-30,4.6423
CZ,2007-05-31,4.9655
CZ,2007-06-30,4.8867
CZ,2007-07-31,4.9655
CZ,2007-08-31,5.2019
CZ,2007-09-30,4.6423
CZ,2007-10-31,4.729
CZ,2007-11-30,5.3753
CZ,2007-12-31,5.2019
CZ,2008-01-31,4.9655
CZ,2008-02-29,5.0552
CZ,2008-03-31,4.729
CZ,2008-04-30,4.8867
CZ,2008-05-31,4.9655
CZ,2008-06-30,4.8867
CZ,2008-07-31,4.729
CZ,2008-08-31,4.9655
CZ,2008-09-30,4.8867
CZ,2008-10-31,4.4926
CZ,2008-11-30,4.6423
CZ,2008-12-31,4.9655
CZ,2009-01-31,4.4926
CZ,2009-02-28,4.4504
CZ,2009-03-31,4.4926
CZ,2009-04-30,4.398
CZ,2009-05-31,4.729
CZ,2009-06-30,4.6423
CZ,2009-07-31,4.729
CZ,2009-08-31,4.4926
CZ,2009-09-30,4.398
CZ,2009-10-31,4.2561
CZ,2009-11-30,4.398
CZ,2009-12-31,4.0197
CZ,2010-01-31,3.7832
CZ,2010-02-28,3.4032
CZ,2010-03-31,3.5468
CZ,2010-04-30,3.4207
CZ,2010-05-31,3.5468
CZ,2010-06-30,3.665
CZ,2010-07-31,3.3103
CZ,2010-08-31,3.5468
CZ,2010-09-30,3.4207
CZ,2010-10-31,3.7832
CZ,2010-11-30,3.4207
CZ,2010-12-31,3.5468
CZ,2011-01-31,3.5468
CZ,2011-02-28,3.4032
CZ,2011-03-31,3.3103
CZ,2011-04-30,3.1763
CZ,2011-05-31,3.0739
CZ,2011-06-30,3.1763
CZ,2011-07-31,3.3103
CZ,2011-08-31,3.3103
CZ,2011-09-30,3.4207
CZ,2011-10-31,3.3103
CZ,2011-11-30,3.4207
CZ,2011-12-31,3.3103
CZ,2012-01-31,3.0739
CZ,2012-02-29,3.0331
CZ,2012-03-31,3.0739
CZ,2012-04-30,3.1763
CZ,2012-05-31,3.0739
CZ,2012-06-30,2.932
CZ,2012-07-31,3.3103
CZ,2012-08-31,3.3103
CZ,2012-09-30,3.1763
CZ,2012-10-31,3.3103
CZ,2012-11-30,3.1763
CZ,2012-12-31,2.8374
CZ,2013-01-31,3.0739
CZ,2013-02-28,3.1414
CZ,2013-03-31,3.0739
CZ,2013-04-30,3.1763
CZ,2013-05-31,3.3103
CZ,2013-06-30,3.1763
CZ,2013-07-31,3.3103
CZ,2013-08-31,3.0739
CZ,2013-09-30,2.932
CZ,2013-10-31,2.8374
CZ,2013-11-30,2.932
CZ,2013-12-31,3.0739
CZ,2014-01-31,2.8374
CZ,2014-02-28,2.8796
CZ,2014-03-31,2.8374
CZ,2014-04-30,3.1763
CZ,2014-05-31,3.3103
CZ,2014-06-30,3.1763
CZ,2014-07-31,3.0739
CZ,2014-08-31,3.0739
CZ,2014-09-30,3.1763
CZ,2014-10-31,3.0739
CZ,2014-11-30,2.932
CZ,2014-12-31,2.601
CZ,2015-01-31,2.601
CZ,2015-02-28,2.8796
CZ,2015-03-31,2.601
CZ,2015-04-30,2.4433
CZ,2015-05-31,2.601
CZ,2015-06-30,2.4433
CZ,2015-07-31,2.601
CZ,2015-08-31,2.601
CZ,2015-09-30,2.4433
CZ,2015-10-31,2.601
CZ,2015-11-30,2.4433
CZ,2015-12-31,2.601
CZ,2016-01-31,2.601
CZ,2016-02-29,2.5276
CZ,2016-03-31,2.601
CZ,2016-04-30,2.4433
CZ,2016-05-31,2.601
CZ,2016-06-30,2.4433
CZ,2016-07-31,2.3645
CZ,2016-08-31,2.1281
CZ,2016-09-30,2.199
CZ,2016-10-31,2.1281
CZ,2016-11-30,1.9547
CZ,2016-12-31,2.1281
CZ,2017-01-31,2.1281
CZ,2017-02-28,2.0943
CZ,2017-03-31,2.1281
CZ,2017-04-30,2.199
CZ,2017-05-31,2.1281
CZ,2017-06-30,2.199
CZ,2017-07-31,2.3645
CZ,2017-08-31,2.3645
CZ,2017-09-30,2.4433
CZ,2017-10-31,1.8916
CZ,2017-11-30,1.9547
CZ,2017-12-31,2.1281
CZ,2018-01-31,1.6552
CZ,2018-02-28,1.8325
CZ,2018-03-31,2.3645
CZ,2018-04-30,2.4433
CZ,2018-05-31,2.601
CZ,2018-06-30,2.4433
CZ,2018-07-31,2.3645
CZ,2018-08-31,2.3645
CZ,2018-09-30,2.199
CZ,2018-10-31,2.1281
CZ,2018-11-30,1.9547
CZ,2018-12-31,2.1281
CZ,2019-01-31,1.8916
CZ,2019-02-28,1.8325
CZ,2019-03-31,1.6552
CZ,2019-04-30,1.9547
CZ,2019-05-31,1.6552
CZ,2019-06-30,1.7103
CZ,2019-07-31,1.4187
CZ,2019-08-31,1.6552
CZ,2019-09-30,1.2217
CZ,2019-10-31,1.4187
CZ,2019-11-30,1.466
CZ,2019-12-31,1.6552
CZ,2020-01-31,1.6552
CZ,2020-02-29,1.7693
CZ,2020-03-31,1.8916
CZ,2020-04-30,1.9547
CZ,2020-05-31,1.8916
CZ,2020-06-30,1.9547
CZ,2020-07-31,1.8916
CZ,2020-08-31,1.8916
CZ,2020-09-30,1.7103
CZ,2020-10-31,1.8916
CZ,2020-11-30,1.7103
CZ,2020-12-31,1.8916
CZ,2021-01-31,1.6552
CZ,2021-02-28,1.8325
CZ,2021-03-31,1.6552
CZ,2021-04-30,1.466
CZ,2021-05-31,1.6552
CZ,2021-06-30,1.466
CZ,2021-07-31,1.6552
CZ,2021-08-31,1.8916
CZ,2021-09-30,1.7103
CZ,2021-10-31,1.8916
CZ,2021-11-30,1.7103
CZ,2021-12-31,1.6552
CZ,2022-01-31,1.6552
CZ,2022-02-28,1.5707
CZ,2022-03-31,1.4187
CZ,2022-04-30,1.466
CZ,2022-05-31,1.4187
CZ,2022-06-30,1.466
CZ,2022-07-31,1.6552
CZ,2022-08-31,1.4187
CZ,2022-09-30,1.466
CZ,2022-10-31,1.6552
CZ,2022-11-30,1.466
CZ,2022-12-31,1.6552
CZ,2023-01-31,1.6552
CZ,2023-02-28,1.5707
CZ,2023-03-31,1.6552
CZ,2023-04-30,1.2217
CZ,2023-05-31,1.1823
CZ,2023-06-30,1.2217
CZ,2023-07-31,1.4187
CZ,2023-08-31,1.1823
CZ,2023-09-30,1.2217
CZ,2023-10-31,1.4187
CZ,2023-11-30,1.466
CZ,2023-12-31,1.4187
CZ,2024-01-31,1.4187
CZ,2024-02-29,1.5166
CZ,2024-03-31,1.1823
CZ,2024-04-30,1.2217
CZ,2024-05-31,1.6552
CZ,2024-06-30,1.466
CZ,2024-07-31,1.4187
CZ,2024-08-31,1.1823
CZ,2024-09-30,1.2217
CZ,2024-10-31,1.4187
CZ,2024-11-30,1.466
CZ,2024-12-31,1.4187
CZ,2025-01-31,1.4187
CZ,2025-02-28,1.3089
CZ,2025-03-31,1.1823
DE,2002-01-31,66.1935
DE,2002-02-28,57.8571
DE,2002-03-31,67.3548
DE,2002-04-30,72.0
DE,2002-05-31,72.4645
DE,2002-06-30,73.44
DE,2002-07-31,70.6065
DE,2002-08-31,72.929
DE,2002-09-30,66.96
DE,2002-10-31,68.7484
DE,2002-11-30,73.44
DE,2002-12-31,68.0516
DE,2003-01-31,72.6968
DE,2003-02-28,72.5143
DE,2003-03-31,70.1419
DE,2003-04-30,70.56
DE,2003-05-31,72.929
DE,2003-06-30,71.52
DE,2003-07-31,85.471
DE,2003-08-31,72.2323
DE,2003-09-30,75.36
DE,2003-10-31,72.4645
DE,2003-11-30,70.08
DE,2003-12-31,67.5871
DE,2004-01-31,69.2129
DE,2004-02-29,67.2828
DE,2004-03-31,73.1613
DE,2004-04-30,67.44
DE,2004-05-31,79.6645
DE,2004-06-30,70.08
DE,2004-07-31,68.0516
DE,2004-08-31,65.2645
DE,2004-09-30,62.88
DE,2004-10-31,66.4258
DE,2004-11-30,63.6
DE,2004-12-31,64.3355
DE,2005-01-31,56.2065
DE,2005-02-28,62.4857
DE,2005-03-31,66.8903
DE,2005-04-30,63.36
DE,2005-05-31,71.071
DE,2005-06-30,83.52
DE,2005-07-31,64.3355
DE,2005-08-31,69.9097
DE,2005-09-30,69.84
DE,2005-10-31,58.0645
DE,2005-11-30,75.84
DE,2005-12-31,79.8968
DE,2006-01-31,68.9806
DE,2006-02-28,62.2286
DE,2006-03-31,69.6774
DE,2006-04-30,64.56
DE,2006-05-31,67.5871
DE,2006-06-30,70.8
DE,2006-07-31,71.3032
DE,2006-08-31,63.4065
DE,2006-09-30,66.48
DE,2006-10-31,64.5677
DE,2006-11-30,65.04
DE,2006-12-31,65.4968
DE,2007-01-31,71.5355
DE,2007-02-28,67.8857
DE,2007-03-31,65.9613
DE,2007-04-30,72.72
DE,2007-05-31,67.3548
DE,2007-06-30,64.8
DE,2007-07-31,66.4258
DE,2007-08-31,65.0323
DE,2007-09-30,64.56
DE,2007-10-31,64.3355
DE,2007-11-30,63.36
DE,2007-12-31,61.7806
DE,2008-01-31,67.1226
DE,2008-02-29,63.3103
DE,2008-03-31,60.1548
DE,2008-04-30,58.8
DE,2008-05-31,57.3677
DE,2008-06-30,58.56
DE,2008-07-31,56.2065
DE,2008-08-31,53.8839
DE,2008-09-30,60.24
DE,2008-10-31,30.6581
DE,2008-11-30,86.88
DE,2008-12-31,61.5484
DE,2009-01-31,57.8323
DE,2009-02-28,58.3714
DE,2009-03-31,61.3161
DE,2009-04-30,56.16
DE,2009-05-31,49.471
DE,2009-06-30,55.2
DE,2009-07-31,55.0452
DE,2009-08-31,52.9548
DE,2009-09-30,52.56
DE,2009-10-31,50.1677
DE,2009-11-30,55.68
DE,2009-12-31,50.6323
DE,2010-01-31,39.9484
DE,2010-02-28,57.0857
DE,2010-03-31,52.9548
DE,2010-04-30,46.8
DE,2010-05-31,49.0065
DE,2010-06-30,49.92
DE,2010-07-31,47.6129
DE,2010-08-31,47.1484
DE,2010-09-30,48.48
DE,2010-10-31,48.5419
DE,2010-11-30,52.08
DE,2010-12-31,49.471
DE,2011-01-31,51.7935
DE,2011-02-28,53.4857
DE,2011-03-31,51.5613
DE,2011-04-30,54.0
DE,2011-05-31,55.0452
DE,2011-06-30,54.72
DE,2011-07-31,51.0968
DE,2011-08-31,53.1871
DE,2011-09-30,51.84
DE,2011-10-31,50.4
DE,2011-11-30,50.88
DE,2011-12-31,44.3613
DE,2012-01-31,53.4194
DE,2012-02-29,52.8828
DE,2012-03-31,49.2387
DE,2012-04-30,49.68
DE,2012-05-31,49.7032
DE,2012-06-30,48.96
DE,2012-07-31,54.3484
DE,2012-08-31,51.329
DE,2012-09-30,49.44
DE,2012-10-31,53.1871
DE,2012-11-30,50.88
DE,2012-12-31,50.8645
DE,2013-01-31,53.4194
DE,2013-02-28,56.5714
DE,2013-03-31,51.7935
DE,2013-04-30,52.08
DE,2013-05-31,53.6516
DE,2013-06-30,52.8
DE,2013-07-31,52.4903
DE,2013-08-31,50.1677
DE,2013-09-30,47.52
DE,2013-10-31,53.4194
DE,2013-11-30,50.64
DE,2013-12-31,49.7032
DE,2014-01-31,49.7032
DE,2014-02-28,46.8
DE,2014-03-31,48.5419
DE,2014-04-30,48.0
DE,2014-05-31,46.9161
DE,2014-06-30,49.92
DE,2014-07-31,47.8452
DE,2014-08-31,44.8258
DE,2014-09-30,50.4
DE,2014-10-31,46.9161
DE,2014-11-30,45.84
DE,2014-12-31,50.4
DE,2015-01-31,42.5032
DE,2015-02-28,49.6286
DE,2015-03-31,45.9871
DE,2015-04-30,46.32
DE,2015-05-31,45.9871
DE,2015-06-30,43.92
DE,2015-07-31,46.2194
DE,2015-08-31,53.6516
DE,2015-09-30,53.76
DE,2015-10-31,50.6323
DE,2015-11-30,49.92
DE,2015-12-31,46.6839
DE,2016-01-31,46.4516
DE,2016-02-29,46.9241
DE,2016-03-31,47.3806
DE,2016-04-30,46.08
DE,2016-05-31,46.9161
DE,2016-06-30,46.32
DE,2016-07-31,47.8452
DE,2016-08-31,47.3806
DE,2016-09-30,47.04
DE,2016-10-31,44.8258
DE,2016-11-30,44.4
DE,2016-12-31,45.2903
DE,2017-01-31,45.0581
DE,2017-02-28,43.7143
DE,2017-03-31,43.8968
DE,2017-04-30,44.64
DE,2017-05-31,42.0387
DE,2017-06-30,42.96
DE,2017-07-31,44.3613
DE,2017-08-31,45.0581
DE,2017-09-30,42.72
DE,2017-10-31,42.0387
DE,2017-11-30,42.24
DE,2017-12-31,42.7355
DE,2018-01-31,43.8968
DE,2018-02-28,42.9429
DE,2018-03-31,39.4839
DE,2018-04-30,41.52
DE,2018-05-31,42.5032
DE,2018-06-30,41.28
DE,2018-07-31,40.8774
DE,2018-08-31,40.8774
DE,2018-09-30,39.84
DE,2018-10-31,39.0194
DE,2018-11-30,38.4
DE,2018-12-31,37.3935
DE,2019-01-31,38.7871
DE,2019-02-28,37.5429
DE,2019-03-31,38.5548
DE,2019-04-30,38.64
DE,2019-05-31,37.1613
DE,2019-06-30,36.96
DE,2019-07-31,38.7871
DE,2019-08-31,37.8581
DE,2019-09-30,36.96
DE,2019-10-31,37.3935
DE,2019-11-30,36.96
DE,2019-12-31,36.6968
DE,2020-01-31,37.3935
DE,2020-02-29,35.5034
DE,2020-03-31,36.6968
DE,2020-04-30,37.68
DE,2020-05-31,34.3742
DE,2020-06-30,35.76
DE,2020-07-31,39.0194
DE,2020-08-31,39.4839
DE,2020-09-30,37.92
DE,2020-10-31,37.6258
DE,2020-11-30,38.16
DE,2020-12-31,39.2516
DE,2021-01-31,38.7871
DE,2021-02-28,38.0571
DE,2021-03-31,37.6258
DE,2021-04-30,37.68
DE,2021-05-31,34.6065
DE,2021-06-30,35.04
DE,2021-07-31,36.4645
DE,2021-08-31,33.6774
DE,2021-09-30,34.56
DE,2021-10-31,33.6774
DE,2021-11-30,34.08
DE,2021-12-31,37.8581
DE,2022-01-31,33.4452
DE,2022-02-28,33.4286
DE,2022-03-31,34.1419
DE,2022-04-30,34.32
DE,2022-05-31,32.9806
DE,2022-06-30,33.12
DE,2022-07-31,31.5871
DE,2022-08-31,33.2129
DE,2022-09-30,33.84
DE,2022-10-31,33.2129
DE,2022-11-30,33.36
DE,2022-12-31,32.5161
DE,2023-01-31,33.2129
DE,2023-02-28,32.6571
DE,2023-03-31,32.9806
DE,2023-04-30,31.92
DE,2023-05-31,30.4258
DE,2023-06-30,33.12
DE,2023-07-31,32.7484
DE,2023-08-31,32.0516
DE,2023-09-30,33.12
DE,2023-10-31,30.8903
DE,2023-11-30,31.44
DE,2023-12-31,31.5871
DE,2024-01-31,31.1226
DE,2024-02-29,31.531
DE,2024-03-31,31.5871
DE,2024-04-30,21.84
DE,2024-05-31,29.729
DE,2024-06-30,31.2
DE,2024-07-31,24.6194
DE,2024-08-31,31.3548
DE,2024-09-30,32.4
DE,2024-10-31,32.5161
DE,2024-11-30,16.08
DE,2024-12-31,30.6581
DE,2025-01-31,18.8129
DE,2025-02-28,31.8857
DE,2025-03-31,16.7226
DK,2002-01-31,388.3806
DK,2002-02-28,385.0643
DK,2002-03-31,366.6581
DK,2002-04-30,384.8
DK,2002-05-31,375.9677
DK,2002-06-30,352.98
DK,2002-07-31,374.0581
DK,2002-08-31,302.4452
DK,2002-09-30,350.5133
DK,2002-10-31,386.471
DK,2002-11-30,377.6467
DK,2002-12-31,380.0258
DK,2003-01-31,385.9935
DK,2003-02-28,381.8929
DK,2003-03-31,381.4581
DK,2003-04-30,361.12
DK,2003-05-31,353.7677
DK,2003-06-30,370.4933
DK,2003-07-31,333.2387
DK,2003-08-31,358.5419
DK,2003-09-30,381.1
DK,2003-10-31,373.3419
DK,2003-11-30,384.06
DK,2003-12-31,370.0
DK,2004-01-31,370.4774
DK,2004-02-29,340.6552
DK,2004-03-31,388.1419
DK,2004-04-30,404.5333
DK,2004-05-31,402.2258
DK,2004-06-30,398.86
DK,2004-07-31,409.3871
DK,2004-08-31,351.1419
DK,2004-09-30,396.3933
DK,2004-10-31,412.0129
DK,2004-11-30,380.6067
DK,2004-12-31,413.2065
DK,2005-01-31,376.4452
DK,2005-02-28,405.9429
DK,2005-03-31,389.5742
DK,2005-04-30,395.9
DK,2005-05-31,374.2968
DK,2005-06-30,380.1133
DK,2005-07-31,362.3613
DK,2005-08-31,379.7871
DK,2005-09-30,359.8867
DK,2005-10-31,366.6581
DK,2005-11-30,366.3
DK,2005-12-31,350.9032
DK,2006-01-31,348.2774
DK,2006-02-28,357.05
DK,2006-03-31,351.1419
DK,2006-04-30,328.0667
DK,2006-05-31,362.3613
DK,2006-06-30,339.66
DK,2006-07-31,369.2839
DK,2006-08-31,325.6
DK,2006-09-30,267.88
DK,2006-10-31,347.5613
DK,2006-11-30,352.4867
DK,2006-12-31,346.129
DK,2007-01-31,302.2065
DK,2007-02-28,315.5571
DK,2007-03-31,307.9355
DK,2007-04-30,309.8133
DK,2007-05-31,307.9355
DK,2007-06-30,310.3067
DK,2007-07-31,296.0
DK,2007-08-31,319.871
DK,2007-09-30,285.8867
DK,2007-10-31,329.8968
DK,2007-11-30,311.7867
DK,2007-12-31,293.8516
DK,2008-01-31,299.5806
DK,2008-02-29,261.2966
DK,2008-03-31,296.4774
DK,2008-04-30,271.58
DK,2008-05-31,304.3548
DK,2008-06-30,280.7067
DK,2008-07-31,302.6839
DK,2008-08-31,272.3677
DK,2008-09-30,267.6333
DK,2008-10-31,285.4968
DK,2008-11-30,284.9
DK,2008-12-31,275.9484
DK,2009-01-31,286.6903
DK,2009-02-28,281.9929
DK,2009-03-31,272.129
DK,2009-04-30,273.8
DK,2009-05-31,258.0452
DK,2009-06-30,262.9467
DK,2009-07-31,265.4452
DK,2009-08-31,253.271
DK,2009-09-30,278.4867
DK,2009-10-31,250.8839
DK,2009-11-30,228.1667
DK,2009-12-31,226.0581
DK,2010-01-31,259.2387
DK,2010-02-28,247.6357
DK,2010-03-31,242.0516
DK,2010-04-30,275.28
DK,2010-05-31,253.271
DK,2010-06-30,223.48
DK,2010-07-31,264.9677
DK,2010-08-31,169.0065
DK,2010-09-30,250.12
DK,2010-10-31,257.8065
DK,2010-11-30,248.8867
DK,2010-12-31,264.0129
DK,2011-01-31,235.6065
DK,2011-02-28,209.05
DK,2011-03-31,230.1161
DK,2011-04-30,228.1667
DK,2011-05-31,260.1935
DK,2011-06-30,215.0933
DK,2011-07-31,223.671
DK,2011-08-31,216.271
DK,2011-09-30,212.38
DK,2011-10-31,205.0516
DK,2011-11-30,229.4
DK,2011-12-31,195.2645
DK,2012-01-31,197.1742
DK,2012-02-29,211.7931
DK,2012-03-31,203.8581
DK,2012-04-30,213.86
DK,2012-05-31,206.7226
DK,2012-06-30,212.1333
DK,2012-07-31,203.6194
DK,2012-08-31,195.7419
DK,2012-09-30,178.5867
DK,2012-10-31,196.6968
DK,2012-11-30,202.02
DK,2012-12-31,200.0387
DK,2013-01-31,187.8645
DK,2013-02-28,198.7429
DK,2013-03-31,192.8774
DK,2013-04-30,188.4533
DK,2013-05-31,180.4645
DK,2013-06-30,168.2267
DK,2013-07-31,176.8839
DK,2013-08-31,162.0839
DK,2013-09-30,156.6333
DK,2013-10-31,171.871
DK,2013-11-30,169.46
DK,2013-12-31,160.1742
DK,2014-01-31,161.129
DK,2014-02-28,168.35
DK,2014-03-31,164.9484
DK,2014-04-30,162.5533
DK,2014-05-31,171.871
DK,2014-06-30,108.78
DK,2014-07-31,159.2194
DK,2014-08-31,174.0194
DK,2014-09-30,163.54
DK,2014-10-31,174.7355
DK,2014-11-30,187.96
DK,2014-12-31,179.9871
DK,2015-01-31,158.2645
DK,2015-02-28,159.8929
DK,2015-03-31,153.0129
DK,2015-04-30,160.58
DK,2015-05-31,160.6516
DK,2015-06-30,156.88
DK,2015-07-31,154.2065
DK,2015-08-31,156.8323
DK,2015-09-30,154.9067
DK,2015-10-31,156.3548
DK,2015-11-30,150.96
DK,2015-12-31,148.7161
DK,2016-01-31,136.5419
DK,2016-02-29,110.7448
DK,2016-03-31,149.1935
DK,2016-04-30,147.26
DK,2016-05-31,143.4645
DK,2016-06-30,153.4267
DK,2016-07-31,140.6
DK,2016-08-31,148.7161
DK,2016-09-30,123.3333
DK,2016-10-31,146.0903
DK,2016-11-30,144.5467
DK,2016-12-31,134.871
DK,2017-01-31,131.529
DK,2017-02-28,142.7143
DK,2017-03-31,134.6323
DK,2017-04-30,143.56
DK,2017-05-31,132.9613
DK,2017-06-30,142.08
DK,2017-07-31,138.2129
DK,2017-08-31,139.1677
DK,2017-09-30,138.38
DK,2017-10-31,130.8129
DK,2017-11-30,134.1867
DK,2017-12-31,131.0516
DK,2018-01-31,127.2323
DK,2018-02-28,118.4
DK,2018-03-31,111.2387
DK,2018-04-30,113.96
DK,2018-05-31,114.8194
DK,2018-06-30,106.0667
DK,2018-07-31,122.9355
DK,2018-08-31,68.9871
DK,2018-09-30,122.84
DK,2018-10-31,121.5032
DK,2018-11-30,125.5533
DK,2018-12-31,125.3226
DK,2019-01-31,108.1355
DK,2019-02-28,116.55
DK,2019-03-31,118.4
DK,2019-04-30,118.1533
DK,2019-05-31,117.2065
DK,2019-06-30,111.0
DK,2019-07-31,105.9871
DK,2019-08-31,97.1548
DK,2019-09-30,88.06
DK,2019-10-31,83.7871
DK,2019-11-30,74.4933
DK,2019-12-31,83.3097
DK,2020-01-31,83.3097
DK,2020-02-29,79.869
DK,2020-03-31,74.9548
DK,2020-04-30,68.08
DK,2020-05-31,77.3419
DK,2020-06-30,64.6267
DK,2020-07-31,71.3742
DK,2020-08-31,70.1806
DK,2020-09-30,67.8333
DK,2020-10-31,71.1355
DK,2020-11-30,64.8733
DK,2020-12-31,60.3935
DK,2021-01-31,65.4065
DK,2021-02-28,58.9357
DK,2021-03-31,62.5419
DK,2021-04-30,66.3533
DK,2021-05-31,68.7484
DK,2021-06-30,64.8733
DK,2021-07-31,67.3161
DK,2021-08-31,69.2258
DK,2021-09-30,63.8867
DK,2021-10-31,59.6774
DK,2021-11-30,68.3267
DK,2021-12-31,72.0903
DK,2022-01-31,65.6452
DK,2022-02-28,68.9786
DK,2022-03-31,69.9419
DK,2022-04-30,70.5467
DK,2022-05-31,62.5419
DK,2022-06-30,65.12
DK,2022-07-31,63.4968
DK,2022-08-31,63.9742
DK,2022-09-30,57.2267
DK,2022-10-31,64.2129
DK,2022-11-30,64.6267
DK,2022-12-31,59.2
DK,2023-01-31,64.4516
DK,2023-02-28,58.4071
DK,2023-03-31,59.6774
DK,2023-04-30,56.4867
DK,2023-05-31,53.9484
DK,2023-06-30,63.1467
DK,2023-07-31,53.471
DK,2023-08-31,63.9742
DK,2023-09-30,60.9267
DK,2023-10-31,60.6323
DK,2023-11-30,57.4733
DK,2023-12-31,58.0065
DK,2024-01-31,57.0516
DK,2024-02-29,54.8621
DK,2024-03-31,58.9613
DK,2024-04-30,60.9267
DK,2024-05-31,64.6903
DK,2024-06-30,55.0067
DK,2024-07-31,57.7677
DK,2024-08-31,58.0065
DK,2024-09-30,61.6667
DK,2024-10-31,61.8258
DK,2024-11-30,64.1333
DK,2024-12-31,63.9742
DK,2025-01-31,66.6
DK,2025-02-28,70.0357
DK,2025-03-31,54.6645
DO,2002-01-31,0.0
DO,2002-02-28,0.0
DO,2002-03-31,0.0
DO,2002-04-30,0.0
DO,2002-05-31,0.0
DO,2002-06-30,0.0
DO,2002-07-31,0.0
DO,2002-08-31,0.0
DO,2002-09-30,0.0
DO,2002-10-31,0.0
DO,2002-11-30,0.0
DO,2002-12-31,0.0
DO,2003-01-31,0.0
DO,2003-02-28,0.0
DO,2003-03-31,0.0
DO,2003-04-30,0.0
DO,2003-05-31,0.0
DO,2003-06-30,0.0
DO,2003-07-31,0.0
DO,2003-08-31,0.0
DO,2003-09-30,0.0
DO,2003-10-31,0.0
DO,2003-11-30,0.0
DO,2003-12-31,0.0
DO,2004-01-31,0.0
DO,2004-02-29,0.0
DO,2004-03-31,0.0
DO,2004-04-30,0.0
DO,2004-05-31,0.0
DO,2004-06-30,0.0
DO,2004-07-31,0.0
DO,2004-08-31,0.0
DO,2004-09-30,0.0
DO,2004-10-31,0.0
DO,2004-11-30,0.0
DO,2004-12-31,0.0
DO,2005-01-31,0.0
DO,2005-02-28,0.0
DO,2005-03-31,0.0
DO,2005-04-30,0.0
DO,2005-05-31,0.0
DO,2005-06-30,0.0
DO,2005-07-31,0.0
DO,2005-08-31,0.0
DO,2005-09-30,0.0
DO,2005-10-31,0.0
DO,2005-11-30,0.0
DO,2005-12-31,0.0
DO,2006-01-31,0.0
DO,2006-02-28,0.0
DO,2006-03-31,0.0
DO,2006-04-30,0.0
DO,2006-05-31,0.0
DO,2006-06-30,0.0
DO,2006-07-31,0.0
DO,2006-08-31,0.0
DO,2006-09-30,0.0
DO,2006-10-31,0.0
DO,2006-11-30,0.0
DO,2006-12-31,0.0
DO,2007-01-31,0.0
DO,2007-02-28,0.0
DO,2007-03-31,0.0
DO,2007-04-30,0.0
DO,2007-05-31,0.0
DO,2007-06-30,0.0
DO,2007-07-31,0.0
DO,2007-08-31,0.0
DO,2007-09-30,0.0
DO,2007-10-31,0.0
DO,2007-11-30,0.0
DO,2007-12-31,0.0
DO,2008-01-31,0.0
DO,2008-02-29,0.0
DO,2008-03-31,0.0
DO,2008-04-30,0.0
DO,2008-05-31,0.0
DO,2008-06-30,0.0
DO,2008-07-31,0.0
DO,2008-08-31,0.0
DO,2008-09-30,0.0
DO,2008-10-31,0.0
DO,2008-11-30,0.0
DO,2008-12-31,0.0
DO,2009-01-31,0.0
DO,2009-02-28,0.0
DO,2009-03-31,0.0
DO,2009-04-30,0.0
DO,2009-05-31,0.0
DO,2009-06-30,0.0
DO,2009-07-31,0.0
DO,2009-08-31,0.0
DO,2009-09-30,0.0
DO,2009-10-31,0.0
DO,2009-11-30,0.0
DO,2009-12-31,0.0
DO,2010-01-31,0.0
DO,2010-02-28,0.0
DO,2010-03-31,0.0
DO,2010-04-30,0.0
DO,2010-05-31,0.0
DO,2010-06-30,0.0
DO,2010-07-31,0.0
DO,2010-08-31,0.0
DO,2010-09-30,0.0
DO,2010-10-31,0.0
DO,2010-11-30,0.0
DO,2010-12-31,0.0
DO,2011-01-31,0.0
DO,2011-02-28,0.0
DO,2011-03-31,0.0
DO,2011-04-30,0.0
DO,2011-05-31,0.0
DO,2011-06-30,0.0
DO,2011-07-31,0.0
DO,2011-08-31,0.0
DO,2011-09-30,0.0
DO,2011-10-31,0.0
DO,2011-11-30,0.0
DO,2011-12-31,0.0
DO,2012-01-31,0.0
DO,2012-02-29,0.0
DO,2012-03-31,0.0
DO,2012-04-30,0.0
DO,2012-05-31,0.0
DO,2012-06-30,0.0
DO,2012-07-31,0.0
DO,2012-08-31,0.0
DO,2012-09-30,0.0
DO,2012-10-31,0.0
DO,2012-11-30,0.0
DO,2012-12-31,0.0
DO,2013-01-31,0.0
DO,2013-02-28,0.0
DO,2013-03-31,0.0
DO,2013-04-30,0.0
DO,2013-05-31,0.0
DO,2013-06-30,0.0
DO,2013-07-31,0.0
DO,2013-08-31,0.0
DO,2013-09-30,0.0
DO,2013-10-31,0.0
DO,2013-11-30,0.0
DO,2013-12-31,0.0
DO,2014-01-31,0.0
DO,2014-02-28,0.0
DO,2014-03-31,0.0
DO,2014-04-30,0.0
DO,2014-05-31,0.0
DO,2014-06-30,0.0
DO,2014-07-31,0.0
DO,2014-08-31,0.0
DO,2014-09-30,0.0
DO,2014-10-31,0.0
DO,2014-11-30,0.0
DO,2014-12-31,0.0
DO,2015-01-31,0.0
DO,2015-02-28,0.0
DO,2015-03-31,0.0
DO,2015-04-30,0.0
DO,2015-05-31,0.0
DO,2015-06-30,0.0
DO,2015-07-31,0.0
DO,2015-08-31,0.0
DO,2015-09-30,0.0
DO,2015-10-31,0.0
DO,2015-11-30,0.0
DO,2015-12-31,0.0
DO,2016-01-31,0.0
DO,2016-02-29,0.0
DO,2016-03-31,0.0
DO,2016-04-30,0.0
DO,2016-05-31,0.0
DO,2016-06-30,0.0
DO,2016-07-31,0.0
DO,2016-08-31,0.0
DO,2016-09-30,0.0
DO,2016-10-31,
DO,2016-11-30,
DO,2016-12-31,
DO,2017-01-31,
DO,2017-02-28,
DO,2017-03-31,
DO,2017-04-30,
DO,2017-05-31,
DO,2017-06-30,
DO,2017-07-31,
DO,2017-08-31,
DO,2017-09-30,
DO,2017-10-31,
DO,2017-11-30,
DO,2017-12-31,
DO,2018-01-31,
DO,2018-02-28,
DO,2018-03-31,
DO,2018-04-30,
DO,2018-05-31,
DO,2018-06-30,
DO,2018-07-31,
DO,2018-08-31,
DO,2018-09-30,
DO,2018-10-31,
DO,2018-11-30,
DO,2018-12-31,
DO,2019-01-31,
DO,2019-02-28,
DO,2019-03-31,
DO,2019-04-30,
DO,2019-05-31,
DO,2019-06-30,
DO,2019-07-31,
DO,2019-08-31,
DO,2019-09-30,
DO,2019-10-31,
DO,2019-11-30,
DO,2019-12-31,
DO,2020-01-31,
DO,2020-02-29,
DO,2020-03-31,
DO,2020-04-30,
DO,2020-05-31,
DO,2020-06-30,
DO,2020-07-31,
DO,2020-08-31,
DO,2020-09-30,
DO,2020-10-31,
DO,2020-11-30,
DO,2020-12-31,
DO,2021-01-31,
DO,2021-02-28,
DO,2021-03-31,
DO,2021-04-30,
DO,2021-05-31,
DO,2021-06-30,
DO,2021-07-31,
DO,2021-08-31,
DO,2021-09-30,
DO,2021-10-31,
DO,2021-11-30,
DO,2021-12-31,
DO,2022-01-31,
DO,2022-02-28,
DO,2022-03-31,
DO,2022-04-30,
DO,2022-05-31,
DO,2022-06-30,
DO,2022-07-31,
DO,2022-08-31,
DO,2022-09-30,
DO,2022-10-31,
DO,2022-11-30,
DO,2022-12-31,
DO,2023-01-31,
DO,2023-02-28,
DO,2023-03-31,
DO,2023-04-30,
DO,2023-05-31,
DO,2023-06-30,
DO,2023-07-31,
DO,2023-08-31,
DO,2023-09-30,
DO,2023-10-31,
DO,2023-11-30,
DO,2023-12-31,
DO,2024-01-31,
DO,2024-02-29,
DO,2024-03-31,
DO,2024-04-30,
DO,2024-05-31,
DO,2024-06-30,
DO,2024-07-31,
DO,2024-08-31,
DO,2024-09-30,
DO,2024-10-31,
DO,2024-11-30,
DO,2024-12-31,
DO,2025-01-31,
DZ,2002-01-31,699.0
DZ,2002-02-28,699.0
DZ,2002-03-31,699.0
DZ,2002-04-30,699.0
DZ,2002-05-31,702.0
DZ,2002-06-30,699.0
DZ,2002-07-31,702.0
DZ,2002-08-31,704.0
DZ,2002-09-30,755.0
DZ,2002-10-31,805.0
DZ,2002-11-30,815.0
DZ,2002-12-31,815.0
DZ,2003-01-31,820.0
DZ,2003-02-28,777.0
DZ,2003-03-31,860.0
DZ,2003-04-30,889.0
DZ,2003-05-31,777.0
DZ,2003-06-30,860.0
DZ,2003-07-31,860.0
DZ,2003-08-31,920.0
DZ,2003-09-30,980.0
DZ,2003-10-31,1116.0
DZ,2003-11-30,1130.0
DZ,2003-12-31,1190.0
DZ,2004-01-31,1316.0
DZ,2004-02-29,1278.0
DZ,2004-03-31,1263.0
DZ,2004-04-30,1254.0
DZ,2004-05-31,1258.0
DZ,2004-06-30,1276.0
DZ,2004-07-31,1270.0
DZ,2004-08-31,1355.0
DZ,2004-09-30,1360.0
DZ,2004-10-31,1370.0
DZ,2004-11-30,1350.0
DZ,2004-12-31,1360.0
DZ,2005-01-31,1330.0
DZ,2005-02-28,1310.0
DZ,2005-03-31,1350.0
DZ,2005-04-30,1350.0
DZ,2005-05-31,1370.0
DZ,2005-06-30,1370.0
DZ,2005-07-31,1360.0
DZ,2005-08-31,1380.0
DZ,2005-09-30,1410.0
DZ,2005-10-31,1430.0
DZ,2005-11-30,1450.0
DZ,2005-12-31,1420.0
DZ,2006-01-31,1420.0
DZ,2006-02-28,1440.0
DZ,2006-03-31,1430.0
DZ,2006-04-30,1440.0
DZ,2006-05-31,1467.0
DZ,2006-06-30,1400.0
DZ,2006-07-31,1410.0
DZ,2006-08-31,1400.0
DZ,2006-09-30,1460.0
DZ,2006-10-31,1450.0
DZ,2006-11-30,1390.0
DZ,2006-12-31,1410.0
DZ,2007-01-31,1410.0
DZ,2007-02-28,1380.0
DZ,2007-03-31,1380.0
DZ,2007-04-30,1390.0
DZ,2007-05-31,1410.0
DZ,2007-06-30,1410.0
DZ,2007-07-31,1420.0
DZ,2007-08-31,1390.0
DZ,2007-09-30,1390.0
DZ,2007-10-31,1400.0
DZ,2007-11-30,1400.0
DZ,2007-12-31,1380.0
DZ,2008-01-31,1360.0
DZ,2008-02-29,1390.0
DZ,2008-03-31,1370.0
DZ,2008-04-30,1360.0
DZ,2008-05-31,1370.0
DZ,2008-06-30,1370.0
DZ,2008-07-31,1360.0
DZ,2008-08-31,1360.0
DZ,2008-09-30,1360.0
DZ,2008-10-31,1391.0
DZ,2008-11-30,1310.0
DZ,2008-12-31,1273.0
DZ,2009-01-31,1293.0
DZ,2009-02-28,1222.0
DZ,2009-03-31,1192.0
DZ,2009-04-30,1197.0
DZ,2009-05-31,1219.0
DZ,2009-06-30,1212.0
DZ,2009-07-31,1207.0
DZ,2009-08-31,1235.0
DZ,2009-09-30,1200.0
DZ,2009-10-31,1227.0
DZ,2009-11-30,1222.0
DZ,2009-12-31,1203.0
DZ,2010-01-31,1237.0
DZ,2010-02-28,1219.0
DZ,2010-03-31,1184.0
DZ,2010-04-30,1194.0
DZ,2010-05-31,1189.0
DZ,2010-06-30,1193.0
DZ,2010-07-31,1191.0
DZ,2010-08-31,1198.0
DZ,2010-09-30,1179.0
DZ,2010-10-31,1210.0
DZ,2010-11-30,1234.0
DZ,2010-12-31,1219.0
DZ,2011-01-31,1205.0
DZ,2011-02-28,1219.0
DZ,2011-03-31,1153.0
DZ,2011-04-30,1174.0
DZ,2011-05-31,1193.0
DZ,2011-06-30,1202.0
DZ,2011-07-31,1178.0
DZ,2011-08-31,1183.0
DZ,2011-09-30,1175.0
DZ,2011-10-31,1194.0
DZ,2011-11-30,1182.0
DZ,2011-12-31,1106.0
DZ,2012-01-31,1239.0
DZ,2012-02-29,1221.0
DZ,2012-03-31,1187.0
DZ,2012-04-30,1234.0
DZ,2012-05-31,1220.0
DZ,2012-06-30,1226.0
DZ,2012-07-31,1219.0
DZ,2012-08-31,1216.0
DZ,2012-09-30,
DZ,2012-10-31,1221.0
DZ,2012-11-30,1188.0
DZ,2012-12-31,1183.0
DZ,2013-01-31,1209.0
DZ,2013-02-28,1212.0
DZ,2013-03-31,1217.0
DZ,2013-04-30,1209.0
DZ,2013-05-31,1217.0
DZ,2013-06-30,1221.0
DZ,2013-07-31,1224.0
DZ,2013-08-31,1212.0
DZ,2013-09-30,1212.0
DZ,2013-10-31,1217.0
DZ,2013-11-30,1227.0
DZ,2013-12-31,1221.0
DZ,2014-01-31,1206.0
DZ,2014-02-28,1269.0
DZ,2014-03-31,1217.0
DZ,2014-04-30,1204.0
DZ,2014-05-31,1204.0
DZ,2014-06-30,1204.0
DZ,2014-07-31,1217.0
DZ,2014-08-31,1216.0
DZ,2014-09-30,1197.0
DZ,2014-10-31,1188.0
DZ,2014-11-30,1204.0
DZ,2014-12-31,1186.0
DZ,2015-01-31,1178.0
DZ,2015-02-28,1144.0
DZ,2015-03-31,1138.0
DZ,2015-04-30,1133.0
DZ,2015-05-31,1184.0
DZ,2015-06-30,1163.0
DZ,2015-07-31,1173.0
DZ,2015-08-31,
DZ,2015-09-30,1176.0
DZ,2015-10-31,1185.0
DZ,2015-11-30,1195.0
DZ,2015-12-31,1199.0
DZ,2016-01-31,1123.0
DZ,2016-02-29,1125.0
DZ,2016-03-31,1137.0
DZ,2016-04-30,1141.0
DZ,2016-05-31,1133.0
DZ,2016-06-30,1104.0
DZ,2016-07-31,1145.0
DZ,2016-08-31,1161.0
DZ,2016-09-30,1182.0
DZ,2016-10-31,1171.0
DZ,2016-11-30,1184.0
DZ,2016-12-31,1149.0
DZ,2017-01-31,1091.0
DZ,2017-02-28,1084.0
DZ,2017-03-31,1085.0
DZ,2017-04-30,1075.0
DZ,2017-05-31,1069.0
DZ,2017-06-30,1071.0
DZ,2017-07-31,1065.0
DZ,2017-08-31,1067.0
DZ,2017-09-30,1063.0
DZ,2017-10-31,997.0
DZ,2017-11-30,1002.0
DZ,2017-12-31,1037.0
DZ,2018-01-31,1013.0
DZ,2018-02-28,1036.0
DZ,2018-03-31,966.0
DZ,2018-04-30,979.0
DZ,2018-05-31,1040.0
DZ,2018-06-30,1054.0
DZ,2018-07-31,1064.0
DZ,2018-08-31,1062.0
DZ,2018-09-30,1072.0
DZ,2018-10-31,1070.0
DZ,2018-11-30,1068.0
DZ,2018-12-31,1075.0
DZ,2019-01-31,1033.0
DZ,2019-02-28,1025.0
DZ,2019-03-31,1023.0
DZ,2019-04-30,
DZ,2019-05-31,1027.0
DZ,2019-06-30,1033.0
DZ,2019-07-31,
DZ,2019-08-31,
DZ,2019-09-30,1024.0
DZ,2019-10-31,1023.0
DZ,2019-11-30,1026.0
DZ,2019-12-31,1021.0
DZ,2020-01-31,1011.0
DZ,2020-02-29,1009.0
DZ,2020-03-31,1033.0
DZ,2020-04-30,1004.0
DZ,2020-05-31,812.0
DZ,2020-06-30,807.0
DZ,2020-07-31,809.0
DZ,2020-08-31,859.0
DZ,2020-09-30,861.0
DZ,2020-10-31,860.0
DZ,2020-11-30,862.0
DZ,2020-12-31,863.0
DZ,2021-01-31,874.0
DZ,2021-02-28,878.0
DZ,2021-03-31,870.0
DZ,2021-04-30,867.0
DZ,2021-05-31,891.0
DZ,2021-06-30,901.0
DZ,2021-07-31,915.0
DZ,2021-08-31,921.0
DZ,2021-09-30,937.0
DZ,2021-10-31,949.0
DZ,2021-11-30,959.0
DZ,2021-12-31,966.0
DZ,2022-01-31,977.0
DZ,2022-02-28,978.0
DZ,2022-03-31,996.0
DZ,2022-04-30,1006.0
DZ,2022-05-31,1015.0
DZ,2022-06-30,1027.0
DZ,2022-07-31,1040.0
DZ,2022-08-31,1053.0
DZ,2022-09-30,1058.0
DZ,2022-10-31,1060.0
DZ,2022-11-30,1021.0
DZ,2022-12-31,1009.0
DZ,2023-01-31,1012.0
DZ,2023-02-28,1014.0
DZ,2023-03-31,1008.0
DZ,2023-04-30,999.0
DZ,2023-05-31,962.0
DZ,2023-06-30,953.0
DZ,2023-07-31,955.0
DZ,2023-08-31,939.0
DZ,2023-09-30,960.0
DZ,2023-10-31,961.0
DZ,2023-11-30,960.0
DZ,2023-12-31,954.0
DZ,2024-01-31,907.0
DZ,2024-02-29,906.0
DZ,2024-03-31,
DZ,2024-04-30,907.0
DZ,2024-05-31,901.0
DZ,2024-06-30,906.0
DZ,2024-07-31,909.0
DZ,2024-08-31,910.0
DZ,2024-09-30,908.0
DZ,2024-10-31,909.0
DZ,2024-11-30,908.0
DZ,2024-12-31,906.0
DZ,2025-01-31,907.0
DZ,2025-02-28,912.0
DZ,2025-03-31,909.0
EC,2002-01-31,394.5806
EC,2002-02-28,378.5
EC,2002-03-31,384.3871
EC,2002-04-30,394.2333
EC,2002-05-31,395.3871
EC,2002-06-30,396.5333
EC,2002-07-31,395.871
EC,2002-08-31,389.0
EC,2002-09-30,400.1
EC,2002-10-31,388.3548
EC,2002-11-30,394.2333
EC,2002-12-31,389.2581
EC,2003-01-31,393.1935
EC,2003-02-28,384.7143
EC,2003-03-31,387.7419
EC,2003-04-30,384.8
EC,2003-05-31,330.5484
EC,2003-06-30,365.7333
EC,2003-07-31,401.0968
EC,2003-08-31,423.4194
EC,2003-09-30,484.8
EC,2003-10-31,494.0645
EC,2003-11-30,496.7667
EC,2003-12-31,499.0645
EC,2004-01-31,507.6452
EC,2004-02-29,522.8276
EC,2004-03-31,490.5484
EC,2004-04-30,533.0333
EC,2004-05-31,529.0645
EC,2004-06-30,537.2
EC,2004-07-31,532.1935
EC,2004-08-31,531.3871
EC,2004-09-30,526.6
EC,2004-10-31,529.1935
EC,2004-11-30,534.3667
EC,2004-12-31,538.2581
EC,2005-01-31,531.6129
EC,2005-02-28,535.9643
EC,2005-03-31,527.3548
EC,2005-04-30,521.0
EC,2005-05-31,524.4516
EC,2005-06-30,540.2333
EC,2005-07-31,548.8387
EC,2005-08-31,477.2258
EC,2005-09-30,540.4333
EC,2005-10-31,533.3871
EC,2005-11-30,535.2
EC,2005-12-31,555.5161
EC,2006-01-31,552.5161
EC,2006-02-28,550.75
EC,2006-03-31,528.1935
EC,2006-04-30,546.3
EC,2006-05-31,547.0968
EC,2006-06-30,535.7667
EC,2006-07-31,542.871
EC,2006-08-31,544.4194
EC,2006-09-30,536.3333
EC,2006-10-31,523.0
EC,2006-11-30,515.0667
EC,2006-12-31,518.9677
EC,2007-01-31,517.4839
EC,2007-02-28,507.75
EC,2007-03-31,482.2258
EC,2007-04-30,502.6333
EC,2007-05-31,512.2258
EC,2007-06-30,514.8
EC,2007-07-31,509.7419
EC,2007-08-31,509.1613
EC,2007-09-30,517.0
EC,2007-10-31,514.0323
EC,2007-11-30,518.0
EC,2007-12-31,531.9355
EC,2008-01-31,520.0
EC,2008-02-29,517.0
EC,2008-03-31,508.0
EC,2008-04-30,510.0
EC,2008-05-31,499.0
EC,2008-06-30,495.0
EC,2008-07-31,498.0
EC,2008-08-31,504.0
EC,2008-09-30,498.0
EC,2008-10-31,496.0
EC,2008-11-30,483.0
EC,2008-12-31,485.0
EC,2009-01-31,481.0
EC,2009-02-28,477.0
EC,2009-03-31,478.0
EC,2009-04-30,474.0
EC,2009-05-31,470.0
EC,2009-06-30,465.0
EC,2009-07-31,464.0
EC,2009-08-31,457.0
EC,2009-09-30,454.0
EC,2009-10-31,455.0
EC,2009-11-30,457.0
EC,2009-12-31,451.0
EC,2010-01-31,450.0
EC,2010-02-28,471.0
EC,2010-03-31,457.0
EC,2010-04-30,462.0
EC,2010-05-31,456.0
EC,2010-06-30,472.0
EC,2010-07-31,487.0
EC,2010-08-31,487.0
EC,2010-09-30,491.0
EC,2010-10-31,500.0
EC,2010-11-30,501.0
EC,2010-12-31,494.0
EC,2011-01-31,501.0
EC,2011-02-28,509.0
EC,2011-03-31,505.0
EC,2011-04-30,504.0
EC,2011-05-31,500.0
EC,2011-06-30,495.0
EC,2011-07-31,492.0
EC,2011-08-31,495.0
EC,2011-09-30,495.0
EC,2011-10-31,502.0
EC,2011-11-30,504.0
EC,2011-12-31,503.0
EC,2012-01-31,504.0
EC,2012-02-29,503.0
EC,2012-03-31,499.0
EC,2012-04-30,500.0
EC,2012-05-31,498.0
EC,2012-06-30,502.0
EC,2012-07-31,508.0
EC,2012-08-31,512.0
EC,2012-09-30,506.0
EC,2012-10-31,503.0
EC,2012-11-30,504.0
EC,2012-12-31,503.0
EC,2013-01-31,505.0
EC,2013-02-28,509.0
EC,2013-03-31,504.0
EC,2013-04-30,516.0
EC,2013-05-31,522.0
EC,2013-06-30,524.0
EC,2013-07-31,530.0
EC,2013-08-31,537.0
EC,2013-09-30,535.0
EC,2013-10-31,540.0
EC,2013-11-30,545.0
EC,2013-12-31,548.0
EC,2014-01-31,550.0
EC,2014-02-28,551.0
EC,2014-03-31,557.0
EC,2014-04-30,560.0
EC,2014-05-31,554.0
EC,2014-06-30,555.0
EC,2014-07-31,558.0
EC,2014-08-31,561.0
EC,2014-09-30,551.0
EC,2014-10-31,557.0
EC,2014-11-30,563.0
EC,2014-12-31,558.0
EC,2015-01-31,558.0
EC,2015-02-28,553.0
EC,2015-03-31,553.0
EC,2015-04-30,548.0
EC,2015-05-31,543.0
EC,2015-06-30,541.0
EC,2015-07-31,538.0
EC,2015-08-31,537.0
EC,2015-09-30,539.0
EC,2015-10-31,538.0
EC,2015-11-30,537.0
EC,2015-12-31,533.0
EC,2016-01-31,534.0
EC,2016-02-29,540.0
EC,2016-03-31,552.0
EC,2016-04-30,555.0
EC,2016-05-31,556.0
EC,2016-06-30,550.0
EC,2016-07-31,545.0
EC,2016-08-31,549.0
EC,2016-09-30,571.0
EC,2016-10-31,552.0
EC,2016-11-30,544.0
EC,2016-12-31,544.0
EC,2017-01-31,534.0
EC,2017-02-28,535.0
EC,2017-03-31,531.0
EC,2017-04-30,528.0
EC,2017-05-31,533.0
EC,2017-06-30,540.0
EC,2017-07-31,541.0
EC,2017-08-31,536.0
EC,2017-09-30,529.0
EC,2017-10-31,526.0
EC,2017-11-30,521.0
EC,2017-12-31,520.0
EC,2018-01-31,513.0
EC,2018-02-28,513.0
EC,2018-03-31,511.0
EC,2018-04-30,517.0
EC,2018-05-31,516.0
EC,2018-06-30,517.0
EC,2018-07-31,523.0
EC,2018-08-31,530.0
EC,2018-09-30,519.0
EC,2018-10-31,513.0
EC,2018-11-30,515.0
EC,2018-12-31,519.0
EC,2019-01-31,524.0
EC,2019-02-28,533.0
EC,2019-03-31,530.0
EC,2019-04-30,529.0
EC,2019-05-31,532.0
EC,2019-06-30,531.0
EC,2019-07-31,541.0
EC,2019-08-31,550.0
EC,2019-09-30,547.0
EC,2019-10-31,467.0
EC,2019-11-30,546.0
EC,2019-12-31,542.0
EC,2020-01-31,
EC,2020-02-29,
EC,2020-03-31,
EC,2020-04-30,
EC,2020-05-31,
EC,2020-06-30,
EC,2020-07-31,
EC,2020-08-31,
EC,2020-09-30,
EC,2020-10-31,
EC,2020-11-30,
EC,2020-12-31,
EC,2021-01-31,
EC,2021-02-28,
EC,2021-03-31,
EC,2021-04-30,
EC,2021-05-31,
EC,2021-06-30,
EC,2021-07-31,
EC,2021-08-31,
EC,2021-09-30,
EC,2021-10-31,
EC,2021-11-30,
EC,2021-12-31,
EC,2022-01-31,
EC,2022-02-28,
EC,2022-03-31,
EC,2022-04-30,
EC,2022-05-31,
EC,2022-06-30,
EC,2022-07-31,
EC,2022-08-31,
EC,2022-09-30,
EC,2022-10-31,
EC,2022-11-30,
EC,2022-12-31,
EC,2023-01-31,
EC,2023-02-28,
EC,2023-03-31,
EC,2023-04-30,
EC,2023-05-31,
EC,2023-06-30,
EC,2023-07-31,
EC,2023-08-31,
EC,2023-09-30,
EC,2023-10-31,
EC,2023-11-30,
EC,2023-12-31,
EC,2024-01-31,
EC,2024-02-29,
EC,2024-03-31,
EC,2024-04-30,
EC,2024-05-31,
EC,2024-06-30,
EC,2024-07-31,
EC,2024-08-31,
EC,2024-09-30,
EC,2024-10-31,
EC,2024-11-30,
EC,2024-12-31,
EC,2025-01-31,
EC,2025-02-28,
EC,2025-03-31,
EG,2002-01-31,693.9155
EG,2002-02-28,726.5186
EG,2002-03-31,690.871
EG,2002-04-30,709.544
EG,2002-05-31,692.0419
EG,2002-06-30,718.498
EG,2002-07-31,686.6555
EG,2002-08-31,684.5477
EG,2002-09-30,700.832
EG,2002-10-31,681.7374
EG,2002-11-30,695.024
EG,2002-12-31,695.789
EG,2003-01-31,705.8594
EG,2003-02-28,717.4436
EG,2003-03-31,699.0677
EG,2003-04-30,698.654
EG,2003-05-31,696.0232
EG,2003-06-30,710.028
EG,2003-07-31,684.7819
EG,2003-08-31,678.9271
EG,2003-09-30,695.024
EG,2003-10-31,685.0161
EG,2003-11-30,702.042
EG,2003-12-31,681.9716
EG,2004-01-31,676.1168
EG,2004-02-29,673.4276
EG,2004-03-31,660.8942
EG,2004-04-30,653.158
EG,2004-05-31,671.1987
EG,2004-06-30,659.208
EG,2004-07-31,670.2619
EG,2004-08-31,647.0768
EG,2004-09-30,668.162
EG,2004-10-31,654.571
EG,2004-11-30,646.624
EG,2004-12-31,641.9245
EG,2005-01-31,644.2665
EG,2005-02-28,655.4743
EG,2005-03-31,656.9129
EG,2005-04-30,657.272
EG,2005-05-31,652.4632
EG,2005-06-30,653.4
EG,2005-07-31,651.9948
EG,2005-08-31,648.2477
EG,2005-09-30,623.634
EG,2005-10-31,657.6155
EG,2005-11-30,658.724
EG,2005-12-31,639.3484
EG,2006-01-31,644.969
EG,2006-02-28,650.2886
EG,2006-03-31,617.1
EG,2006-04-30,655.336
EG,2006-05-31,647.311
EG,2006-06-30,642.752
EG,2006-07-31,624.36
EG,2006-08-31,616.3974
EG,2006-09-30,634.524
EG,2006-10-31,631.62
EG,2006-11-30,621.456
EG,2006-12-31,622.2523
EG,2007-01-31,625.9994
EG,2007-02-28,630.0643
EG,2007-03-31,647.0768
EG,2007-04-30,629.926
EG,2007-05-31,631.62
EG,2007-06-30,631.378
EG,2007-07-31,633.4935
EG,2007-08-31,629.5123
EG,2007-09-30,629.2
EG,2007-10-31,629.0439
EG,2007-11-30,633.314
EG,2007-12-31,644.0323
EG,2008-01-31,654.571
EG,2008-02-29,650.1455
EG,2008-03-31,640.9877
EG,2008-04-30,641.3
EG,2008-05-31,649.1845
EG,2008-06-30,662.596
EG,2008-07-31,671.9013
EG,2008-08-31,676.8194
EG,2008-09-30,671.792
EG,2008-10-31,671.9013
EG,2008-11-30,659.208
EG,2008-12-31,666.9832
EG,2009-01-31,667.4516
EG,2009-02-28,683.2179
EG,2009-03-31,679.1613
EG,2009-04-30,686.312
EG,2009-05-31,671.6671
EG,2009-06-30,656.546
EG,2009-07-31,566.0458
EG,2009-08-31,670.2619
EG,2009-09-30,671.792
EG,2009-10-31,662.7677
EG,2009-11-30,652.19
EG,2009-12-31,648.2477
EG,2010-01-31,657.1471
EG,2010-02-28,653.6593
EG,2010-03-31,643.7981
EG,2010-04-30,650.254
EG,2010-05-31,676.351
EG,2010-06-30,685.344
EG,2010-07-31,676.351
EG,2010-08-31,682.6742
EG,2010-09-30,697.202
EG,2010-10-31,685.4845
EG,2010-11-30,673.244
EG,2010-12-31,676.351
EG,2011-01-31,676.1168
EG,2011-02-28,662.9936
EG,2011-03-31,669.7935
EG,2011-04-30,657.998
EG,2011-05-31,666.749
EG,2011-06-30,661.386
EG,2011-07-31,666.2806
EG,2011-08-31,675.8826
EG,2011-09-30,679.052
EG,2011-10-31,663.0019
EG,2011-11-30,668.646
EG,2011-12-31,664.4071
EG,2012-01-31,677.0535
EG,2012-02-29,674.9297
EG,2012-03-31,676.1168
EG,2012-04-30,673.486
EG,2012-05-31,670.4961
EG,2012-06-30,665.984
EG,2012-07-31,668.1542
EG,2012-08-31,662.7677
EG,2012-09-30,672.276
EG,2012-10-31,668.3884
EG,2012-11-30,681.23
EG,2012-12-31,667.2174
EG,2013-01-31,657.6155
EG,2013-02-28,652.1036
EG,2013-03-31,655.5077
EG,2013-04-30,668.888
EG,2013-05-31,672.8381
EG,2013-06-30,676.874
EG,2013-07-31,673.3065
EG,2013-08-31,673.0723
EG,2013-09-30,680.746
EG,2013-10-31,683.8452
EG,2013-11-30,666.468
EG,2013-12-31,672.3697
EG,2014-01-31,669.7935
EG,2014-02-28,664.29
EG,2014-03-31,666.5148
EG,2014-04-30,657.756
EG,2014-05-31,667.6858
EG,2014-06-30,666.468
EG,2014-07-31,669.091
EG,2014-08-31,661.1284
EG,2014-09-30,675.18
EG,2014-10-31,677.9903
EG,2014-11-30,698.896
EG,2014-12-31,687.3581
EG,2015-01-31,669.7935
EG,2015-02-28,678.5507
EG,2015-03-31,693.2129
EG,2015-04-30,685.102
EG,2015-05-31,676.1168
EG,2015-06-30,688.49
EG,2015-07-31,692.0419
EG,2015-08-31,695.789
EG,2015-09-30,684.134
EG,2015-10-31,681.0348
EG,2015-11-30,674.212
EG,2015-12-31,669.5594
EG,2016-01-31,666.749
EG,2016-02-29,659.6586
EG,2016-03-31,658.7865
EG,2016-04-30,663.564
EG,2016-05-31,662.0652
EG,2016-06-30,662.112
EG,2016-07-31,653.8684
EG,2016-08-31,649.1845
EG,2016-09-30,642.51
EG,2016-10-31,641.4561
EG,2016-11-30,632.104
EG,2016-12-31,624.1258
EG,2017-01-31,625.7652
EG,2017-02-28,619.9521
EG,2017-03-31,610.5426
EG,2017-04-30,617.342
EG,2017-05-31,624.36
EG,2017-06-30,627.99
EG,2017-07-31,625.7652
EG,2017-08-31,631.3858
EG,2017-09-30,639.848
EG,2017-10-31,634.1961
EG,2017-11-30,631.862
EG,2017-12-31,633.2594
EG,2018-01-31,631.62
EG,2018-02-28,636.2871
EG,2018-03-31,637.709
EG,2018-04-30,642.026
EG,2018-05-31,644.969
EG,2018-06-30,636.46
EG,2018-07-31,634.4303
EG,2018-08-31,643.0955
EG,2018-09-30,641.3
EG,2018-10-31,635.6013
EG,2018-11-30,639.122
EG,2018-12-31,643.5639
EG,2019-01-31,639.1142
EG,2019-02-28,631.8793
EG,2019-03-31,623.4232
EG,2019-04-30,631.136
EG,2019-05-31,625.7652
EG,2019-06-30,624.602
EG,2019-07-31,619.4419
EG,2019-08-31,612.6503
EG,2019-09-30,629.2
EG,2019-10-31,602.58
EG,2019-11-30,617.584
EG,2019-12-31,614.5239
EG,2020-01-31,612.4161
EG,2020-02-29,612.3434
EG,2020-03-31,594.6174
EG,2020-04-30,598.95
EG,2020-05-31,595.0858
EG,2020-06-30,602.338
EG,2020-07-31,589.231
EG,2020-08-31,585.0155
EG,2020-09-30,572.088
EG,2020-10-31,561.8303
EG,2020-11-30,559.746
EG,2020-12-31,558.7858
EG,2021-01-31,559.7226
EG,2021-02-28,555.9086
EG,2021-03-31,562.2987
EG,2021-04-30,572.33
EG,2021-05-31,571.1981
EG,2021-06-30,567.248
EG,2021-07-31,557.3806
EG,2021-08-31,552.2284
EG,2021-09-30,555.148
EG,2021-10-31,558.0832
EG,2021-11-30,558.536
EG,2021-12-31,556.4439
EG,2022-01-31,555.0387
EG,2022-02-28,554.6121
EG,2022-03-31,557.849
EG,2022-04-30,556.116
EG,2022-05-31,590.1677
EG,2022-06-30,589.512
EG,2022-07-31,564.1723
EG,2022-08-31,573.54
EG,2022-09-30,566.764
EG,2022-10-31,563.9381
EG,2022-11-30,570.152
EG,2022-12-31,568.1535
EG,2023-01-31,556.4439
EG,2023-02-28,559.5386
EG,2023-03-31,560.8935
EG,2023-04-30,581.768
EG,2023-05-31,564.8748
EG,2023-06-30,568.458
EG,2023-07-31,565.5774
EG,2023-08-31,570.4955
EG,2023-09-30,558.052
EG,2023-10-31,563.0013
EG,2023-11-30,563.376
EG,2023-12-31,559.02
EG,2024-01-31,559.4884
EG,2024-02-29,552.0103
EG,2024-03-31,548.0129
EG,2024-04-30,544.016
EG,2024-05-31,540.5187
EG,2024-06-30,545.226
EG,2024-07-31,537.0058
EG,2024-08-31,525.9987
EG,2024-09-30,526.592
EG,2024-10-31,516.3968
EG,2024-11-30,525.624
EG,2024-12-31,521.549
EG,2025-01-31,514.9916
EG,2025-02-28,507.6814
EG,2025-03-31,507.029
FR,2002-01-31,27.4284
FR,2002-02-28,27.2257
FR,2002-03-31,28.1377
FR,2002-04-30,27.6097
FR,2002-05-31,26.719
FR,2002-06-30,25.655
FR,2002-07-31,25.5368
FR,2002-08-31,25.5368
FR,2002-09-30,26.1437
FR,2002-10-31,26.0097
FR,2002-11-30,25.4107
FR,2002-12-31,25.0639
FR,2003-01-31,26.0097
FR,2003-02-28,25.1314
FR,2003-03-31,25.5368
FR,2003-04-30,25.4107
FR,2003-05-31,25.7732
FR,2003-06-30,24.6777
FR,2003-07-31,24.1181
FR,2003-08-31,22.9358
FR,2003-09-30,23.456
FR,2003-10-31,23.6452
FR,2003-11-30,23.456
FR,2003-12-31,24.591
FR,2004-01-31,23.6452
FR,2004-02-29,23.7593
FR,2004-03-31,23.6452
FR,2004-04-30,23.456
FR,2004-05-31,24.591
FR,2004-06-30,22.9673
FR,2004-07-31,22.6994
FR,2004-08-31,21.99
FR,2004-09-30,21.99
FR,2004-10-31,21.5171
FR,2004-11-30,22.2343
FR,2004-12-31,22.4629
FR,2005-01-31,22.4629
FR,2005-02-28,21.2046
FR,2005-03-31,21.5171
FR,2005-04-30,20.524
FR,2005-05-31,21.0442
FR,2005-06-30,21.0127
FR,2005-07-31,21.2806
FR,2005-08-31,21.99
FR,2005-09-30,22.2343
FR,2005-10-31,22.4629
FR,2005-11-30,21.99
FR,2005-12-31,21.99
FR,2006-01-31,21.5171
FR,2006-02-28,21.7282
FR,2006-03-31,20.8077
FR,2006-04-30,23.7003
FR,2006-05-31,20.8077
FR,2006-06-30,21.0127
FR,2006-07-31,20.5713
FR,2006-08-31,20.8077
FR,2006-09-30,21.7457
FR,2006-10-31,21.7535
FR,2006-11-30,21.5013
FR,2006-12-31,21.0442
FR,2007-01-31,18.6797
FR,2007-02-28,17.5396
FR,2007-03-31,19.389
FR,2007-04-30,19.3023
FR,2007-05-31,20.0984
FR,2007-06-30,20.0353
FR,2007-07-31,19.8619
FR,2007-08-31,19.6255
FR,2007-09-30,19.791
FR,2007-10-31,20.0984
FR,2007-11-30,19.791
FR,2007-12-31,20.3348
FR,2008-01-31,19.8619
FR,2008-02-29,19.9679
FR,2008-03-31,20.0984
FR,2008-04-30,20.0353
FR,2008-05-31,19.389
FR,2008-06-30,19.791
FR,2008-07-31,20.0984
FR,2008-08-31,19.6255
FR,2008-09-30,19.058
FR,2008-10-31,18.9161
FR,2008-11-30,18.325
FR,2008-12-31,18.9161
FR,2009-01-31,17.261
FR,2009-02-28,19.6339
FR,2009-03-31,18.4432
FR,2009-04-30,18.325
FR,2009-05-31,18.2068
FR,2009-06-30,18.8137
FR,2009-07-31,17.9703
FR,2009-08-31,17.9703
FR,2009-09-30,17.8363
FR,2009-10-31,17.9703
FR,2009-11-30,17.8363
FR,2009-12-31,17.7339
FR,2010-01-31,17.0245
FR,2010-02-28,16.4925
FR,2010-03-31,17.4974
FR,2010-04-30,17.592
FR,2010-05-31,16.5516
FR,2010-06-30,18.8137
FR,2010-07-31,18.6797
FR,2010-08-31,18.4432
FR,2010-09-30,18.8137
FR,2010-10-31,18.9161
FR,2010-11-30,18.5693
FR,2010-12-31,18.4432
FR,2011-01-31,18.4432
FR,2011-02-28,18.325
FR,2011-03-31,18.4432
FR,2011-04-30,18.8137
FR,2011-05-31,18.4432
FR,2011-06-30,18.325
FR,2011-07-31,17.7339
FR,2011-08-31,17.9703
FR,2011-09-30,18.325
FR,2011-10-31,17.4974
FR,2011-11-30,17.3477
FR,2011-12-31,16.7881
FR,2012-01-31,15.6058
FR,2012-02-29,16.1766
FR,2012-03-31,16.7881
FR,2012-04-30,17.1033
FR,2012-05-31,16.5516
FR,2012-06-30,16.3703
FR,2012-07-31,15.8423
FR,2012-08-31,16.3152
FR,2012-09-30,16.126
FR,2012-10-31,15.8423
FR,2012-11-30,16.126
FR,2012-12-31,15.6058
FR,2013-01-31,15.8423
FR,2013-02-28,15.7071
FR,2013-03-31,15.3694
FR,2013-04-30,15.6373
FR,2013-05-31,15.6058
FR,2013-06-30,15.8817
FR,2013-07-31,16.5516
FR,2013-08-31,17.4974
FR,2013-09-30,16.3703
FR,2013-10-31,15.6058
FR,2013-11-30,15.393
FR,2013-12-31,15.6058
FR,2014-01-31,15.1329
FR,2014-02-28,14.9218
FR,2014-03-31,15.3694
FR,2014-04-30,15.393
FR,2014-05-31,15.6058
FR,2014-06-30,15.1487
FR,2014-07-31,15.6058
FR,2014-08-31,15.3694
FR,2014-09-30,15.6373
FR,2014-10-31,15.6058
FR,2014-11-30,15.393
FR,2014-12-31,15.3694
FR,2015-01-31,15.3694
FR,2015-02-28,15.9689
FR,2015-03-31,16.5516
FR,2015-04-30,16.859
FR,2015-05-31,17.4974
FR,2015-06-30,17.3477
FR,2015-07-31,17.4974
FR,2015-08-31,16.5516
FR,2015-09-30,16.3703
FR,2015-10-31,16.7881
FR,2015-11-30,17.3477
FR,2015-12-31,16.5516
FR,2016-01-31,16.5516
FR,2016-02-29,17.1876
FR,2016-03-31,16.7881
FR,2016-04-30,17.3477
FR,2016-05-31,16.5516
FR,2016-06-30,16.3703
FR,2016-07-31,16.5516
FR,2016-08-31,16.0787
FR,2016-09-30,15.6373
FR,2016-10-31,15.8423
FR,2016-11-30,15.393
FR,2016-12-31,15.6058
FR,2017-01-31,14.8965
FR,2017-02-28,14.66
FR,2017-03-31,15.1329
FR,2017-04-30,15.8817
FR,2017-05-31,15.6058
FR,2017-06-30,15.1487
FR,2017-07-31,14.8965
FR,2017-08-31,14.8965
FR,2017-09-30,15.393
FR,2017-10-31,15.3694
FR,2017-11-30,15.393
FR,2017-12-31,15.1329
FR,2018-01-31,14.8965
FR,2018-02-28,15.1836
FR,2018-03-31,15.8423
FR,2018-04-30,16.126
FR,2018-05-31,15.3694
FR,2018-06-30,15.8817
FR,2018-07-31,15.6058
FR,2018-08-31,15.6058
FR,2018-09-30,15.6373
FR,2018-10-31,15.8423
FR,2018-11-30,15.393
FR,2018-12-31,15.3694
FR,2019-01-31,15.3694
FR,2019-02-28,15.7071
FR,2019-03-31,15.3694
FR,2019-04-30,15.1487
FR,2019-05-31,11.8226
FR,2019-06-30,12.461
FR,2019-07-31,13.7142
FR,2019-08-31,14.8965
FR,2019-09-30,15.1487
FR,2019-10-31,15.6058
FR,2019-11-30,15.1487
FR,2019-12-31,14.4235
FR,2020-01-31,14.4235
FR,2020-02-29,14.9128
FR,2020-03-31,14.1871
FR,2020-04-30,9.529
FR,2020-05-31,9.6945
FR,2020-06-30,12.461
FR,2020-07-31,13.4777
FR,2020-08-31,13.9506
FR,2020-09-30,13.927
FR,2020-10-31,11.5861
FR,2020-11-30,13.6827
FR,2020-12-31,13.4777
FR,2021-01-31,13.7142
FR,2021-02-28,13.6129
FR,2021-03-31,13.4777
FR,2021-04-30,13.4383
FR,2021-05-31,13.4777
FR,2021-06-30,13.4383
FR,2021-07-31,13.0048
FR,2021-08-31,13.2413
FR,2021-09-30,13.194
FR,2021-10-31,10.4039
FR,2021-11-30,12.7053
FR,2021-12-31,12.7684
FR,2022-01-31,12.7684
FR,2022-02-28,12.5657
FR,2022-03-31,13.0048
FR,2022-04-30,12.7053
FR,2022-05-31,12.5319
FR,2022-06-30,12.461
FR,2022-07-31,11.3497
FR,2022-08-31,10.8768
FR,2022-09-30,10.995
FR,2022-10-31,11.3497
FR,2022-11-30,11.4837
FR,2022-12-31,11.5861
FR,2023-01-31,11.8226
FR,2023-02-28,11.7804
FR,2023-03-31,11.1132
FR,2023-04-30,11.9723
FR,2023-05-31,12.5319
FR,2023-06-30,11.728
FR,2023-07-31,11.8226
FR,2023-08-31,12.059
FR,2023-09-30,11.728
FR,2023-10-31,11.5861
FR,2023-11-30,11.4837
FR,2023-12-31,11.5861
FR,2024-01-31,11.3497
FR,2024-02-29,11.1214
FR,2024-03-31,11.3497
FR,2024-04-30,11.2393
FR,2024-05-31,11.3497
FR,2024-06-30,11.2393
FR,2024-07-31,10.8768
FR,2024-08-31,10.8768
FR,2024-09-30,10.7507
FR,2024-10-31,10.6403
FR,2024-11-30,10.5063
FR,2024-12-31,10.6403
FR,2025-01-31,9.6945
FR,2025-02-28,10.2096
FR,2025-03-31,10.1674
GA,2002-01-31,0.0
GA,2002-02-28,0.0
GA,2002-03-31,0.0
GA,2002-04-30,0.0
GA,2002-05-31,0.0
GA,2002-06-30,0.0
GA,2002-07-31,0.0
GA,2002-08-31,0.0
GA,2002-09-30,0.0
GA,2002-10-31,0.0
GA,2002-11-30,0.0
GA,2002-12-31,0.0
GA,2003-01-31,0.0
GA,2003-02-28,0.0
GA,2003-03-31,0.0
GA,2003-04-30,0.0
GA,2003-05-31,0.0
GA,2003-06-30,0.0
GA,2003-07-31,0.0
GA,2003-08-31,0.0
GA,2003-09-30,0.0
GA,2003-10-31,0.0
GA,2003-11-30,0.0
GA,2003-12-31,0.0
GA,2004-01-31,0.0
GA,2004-02-29,0.0
GA,2004-03-31,0.0
GA,2004-04-30,0.0
GA,2004-05-31,0.0
GA,2004-06-30,0.0
GA,2004-07-31,0.0
GA,2004-08-31,0.0
GA,2004-09-30,0.0
GA,2004-10-31,0.0
GA,2004-11-30,0.0
GA,2004-12-31,0.0
GA,2005-01-31,0.0
GA,2005-02-28,0.0
GA,2005-03-31,0.0
GA,2005-04-30,0.0
GA,2005-05-31,0.0
GA,2005-06-30,0.0
GA,2005-07-31,0.0
GA,2005-08-31,0.0
GA,2005-09-30,0.0
GA,2005-10-31,0.0
GA,2005-11-30,0.0
GA,2005-12-31,0.0
GA,2006-01-31,0.0
GA,2006-02-28,0.0
GA,2006-03-31,0.0
GA,2006-04-30,0.0
GA,2006-05-31,0.0
GA,2006-06-30,0.0
GA,2006-07-31,0.0
GA,2006-08-31,0.0
GA,2006-09-30,0.0
GA,2006-10-31,0.0
GA,2006-11-30,0.0
GA,2006-12-31,0.0
GA,2007-01-31,0.0
GA,2007-02-28,0.0
GA,2007-03-31,0.0
GA,2007-04-30,0.0
GA,2007-05-31,0.0
GA,2007-06-30,0.0
GA,2007-07-31,0.0
GA,2007-08-31,0.0
GA,2007-09-30,0.0
GA,2007-10-31,0.0
GA,2007-11-30,0.0
GA,2007-12-31,0.0
GA,2008-01-31,0.0
GA,2008-02-29,0.0
GA,2008-03-31,0.0
GA,2008-04-30,0.0
GA,2008-05-31,0.0
GA,2008-06-30,0.0
GA,2008-07-31,0.0
GA,2008-08-31,0.0
GA,2008-09-30,0.0
GA,2008-10-31,0.0
GA,2008-11-30,0.0
GA,2008-12-31,0.0
GA,2009-01-31,
GA,2009-02-28,
GA,2009-03-31,
GA,2009-04-30,
GA,2009-05-31,
GA,2009-06-30,
GA,2009-07-31,
GA,2009-08-31,
GA,2009-09-30,
GA,2009-10-31,
GA,2009-11-30,
GA,2009-12-31,
GA,2010-01-31,
GA,2010-02-28,
GA,2010-03-31,
GA,2010-04-30,
GA,2010-05-31,
GA,2010-06-30,
GA,2010-07-31,
GA,2010-08-31,
GA,2010-09-30,
GA,2010-10-31,
GA,2010-11-30,
GA,2010-12-31,
GA,2011-01-31,
GA,2011-02-28,
GA,2011-03-31,
GA,2011-04-30,
GA,2011-05-31,
GA,2011-06-30,
GA,2011-07-31,
GA,2011-08-31,
GA,2011-09-30,
GA,2011-10-31,
GA,2011-11-30,
GA,2011-12-31,
GA,2012-01-31,
GA,2012-02-29,
GA,2012-03-31,
GA,2012-04-30,
GA,2012-05-31,
GA,2012-06-30,
GA,2012-07-31,
GA,2012-08-31,
GA,2012-09-30,
GA,2012-10-31,
GA,2012-11-30,
GA,2012-12-31,
GA,2013-01-31,
GA,2013-02-28,
GA,2013-03-31,
GA,2013-04-30,
GA,2013-05-31,
GA,2013-06-30,
GA,2013-07-31,
GA,2013-08-31,
GA,2013-09-30,
GA,2013-10-31,
GA,2013-11-30,
GA,2013-12-31,
GA,2014-01-31,
GA,2014-02-28,
GA,2014-03-31,
GA,2014-04-30,
GA,2014-05-31,
GA,2014-06-30,
GA,2014-07-31,
GA,2014-08-31,
GA,2014-09-30,
GA,2014-10-31,
GA,2014-11-30,
GA,2014-12-31,
GA,2015-01-31,
GA,2015-02-28,
GA,2015-03-31,
GA,2015-04-30,
GA,2015-05-31,
GA,2015-06-30,
GA,2015-07-31,
GA,2015-08-31,
GA,2015-09-30,
GA,2015-10-31,
GA,2015-11-30,
GA,2015-12-31,
GA,2016-01-31,249.0
GA,2016-02-29,221.0
GA,2016-03-31,222.0
GA,2016-04-30,236.0
GA,2016-05-31,232.0
GA,2016-06-30,232.0
GA,2016-07-31,231.0
GA,2016-08-31,231.0
GA,2016-09-30,213.0
GA,2016-10-31,229.0
GA,2016-11-30,224.0
GA,2016-12-31,230.0
GA,2017-01-31,219.0
GA,2017-02-28,219.0
GA,2017-03-31,212.0
GA,2017-04-30,217.0
GA,2017-05-31,217.0
GA,2017-06-30,213.0
GA,2017-07-31,208.0
GA,2017-08-31,205.0
GA,2017-09-30,205.0
GA,2017-10-31,202.0
GA,2017-11-30,202.0
GA,2017-12-31,203.0
GA,2018-01-31,194.0
GA,2018-02-28,195.0
GA,2018-03-31,188.0
GA,2018-04-30,179.0
GA,2018-05-31,193.0
GA,2018-06-30,182.0
GA,2018-07-31,190.0
GA,2018-08-31,188.0
GA,2018-09-30,199.0
GA,2018-10-31,209.0
GA,2018-11-30,199.0
GA,2018-12-31,209.0
GA,2019-01-31,210.0
GA,2019-02-28,215.0
GA,2019-03-31,217.0
GA,2019-04-30,222.0
GA,2019-05-31,227.0
GA,2019-06-30,225.0
GA,2019-07-31,223.0
GA,2019-08-31,220.0
GA,2019-09-30,216.0
GA,2019-10-31,209.0
GA,2019-11-30,211.0
GA,2019-12-31,217.0
GA,2020-01-31,220.0
GA,2020-02-29,216.0
GA,2020-03-31,234.0
GA,2020-04-30,230.0
GA,2020-05-31,228.0
GA,2020-06-30,225.0
GA,2020-07-31,204.0
GA,2020-08-31,
GA,2020-09-30,200.0
GA,2020-10-31,
GA,2020-11-30,179.0
GA,2020-12-31,179.0
GA,2021-01-31,
GA,2021-02-28,
GA,2021-03-31,
GA,2021-04-30,184.0
GA,2021-05-31,171.0
GA,2021-06-30,
GA,2021-07-31,185.0
GA,2021-08-31,179.0
GA,2021-09-30,
GA,2021-10-31,
GA,2021-11-30,
GA,2021-12-31,
GA,2022-01-31,
GA,2022-02-28,195.0
GA,2022-03-31,
GA,2022-04-30,
GA,2022-05-31,
GA,2022-06-30,
GA,2022-07-31,
GA,2022-08-31,
GA,2022-09-30,
GA,2022-10-31,
GA,2022-11-30,
GA,2022-12-31,
GA,2023-01-31,206.0
GA,2023-02-28,207.0
GA,2023-03-31,209.0
GA,2023-04-30,212.0
GA,2023-05-31,222.0
GA,2023-06-30,223.0
GA,2023-07-31,231.0
GA,2023-08-31,229.0
GA,2023-09-30,236.0
GA,2023-10-31,242.0
GA,2023-11-30,230.0
GA,2023-12-31,231.0
GA,2024-01-31,
GA,2024-02-29,
GA,2024-03-31,
GA,2024-04-30,
GA,2024-05-31,
GA,2024-06-30,
GA,2024-07-31,
GA,2024-08-31,
GA,2024-09-30,
GA,2024-10-31,
GA,2024-11-30,
GA,2024-12-31,
GA,2025-01-31,
GA,2025-02-28,
GA,2025-03-31,
GB,2002-01-31,2390.4232
GB,2002-02-28,2300.13
GB,2002-03-31,2228.7368
GB,2002-04-30,2299.752
GB,2002-05-31,2270.1948
GB,2002-06-30,2281.86
GB,2002-07-31,1994.3768
GB,2002-08-31,1894.6335
GB,2002-09-30,2163.924
GB,2002-10-31,2254.0994
GB,2002-11-30,2249.856
GB,2002-12-31,2383.5948
GB,2003-01-31,2197.7652
GB,2003-02-28,2247.48
GB,2003-03-31,2195.5703
GB,2003-04-30,2077.236
GB,2003-05-31,1970.7213
GB,2003-06-30,1926.288
GB,2003-07-31,1997.5471
GB,2003-08-31,1817.0826
GB,2003-09-30,1880.424
GB,2003-10-31,2030.9574
GB,2003-11-30,1965.348
GB,2003-12-31,2023.3974
GB,2004-01-31,1975.3548
GB,2004-02-29,1851.4179
GB,2004-03-31,1978.5252
GB,2004-04-30,1921.5
GB,2004-05-31,1758.5535
GB,2004-06-30,1885.716
GB,2004-07-31,1836.3484
GB,2004-08-31,1620.2787
GB,2004-09-30,1562.652
GB,2004-10-31,1652.7135
GB,2004-11-30,1814.148
GB,2004-12-31,1836.8361
GB,2005-01-31,1715.8761
GB,2005-02-28,1716.93
GB,2005-03-31,1743.9213
GB,2005-04-30,1710.576
GB,2005-05-31,1694.6594
GB,2005-06-30,1596.168
GB,2005-07-31,1581.0155
GB,2005-08-31,1303.7342
GB,2005-09-30,1470.168
GB,2005-10-31,1589.551
GB,2005-11-30,1494.108
GB,2005-12-31,1573.4555
GB,2006-01-31,1647.8361
GB,2006-02-28,1596.78
GB,2006-03-31,1550.2877
GB,2006-04-30,1536.696
GB,2006-05-31,1452.0077
GB,2006-06-30,1345.176
GB,2006-07-31,1415.1832
GB,2006-08-31,1163.2645
GB,2006-09-30,1307.88
GB,2006-10-31,1432.9858
GB,2006-11-30,1456.056
GB,2006-12-31,1422.0116
GB,2007-01-31,1463.4697
GB,2007-02-28,1607.04
GB,2007-03-31,1518.0968
GB,2007-04-30,1525.608
GB,2007-05-31,1537.1187
GB,2007-06-30,1458.576
GB,2007-07-31,1450.3006
GB,2007-08-31,1194.48
GB,2007-09-30,1353.744
GB,2007-10-31,1516.1458
GB,2007-11-30,1407.42
GB,2007-12-31,1467.1277
GB,2008-01-31,1417.3781
GB,2008-02-29,1402.771
GB,2008-03-31,1410.7935
GB,2008-04-30,1452.528
GB,2008-05-31,1452.7394
GB,2008-06-30,1322.496
GB,2008-07-31,1279.8348
GB,2008-08-31,1075.2271
GB,2008-09-30,1358.784
GB,2008-10-31,1315.44
GB,2008-11-30,1361.556
GB,2008-12-31,1390.5523
GB,2009-01-31,1392.0155
GB,2009-02-28,1412.37
GB,2009-03-31,1419.0852
GB,2009-04-30,1431.108
GB,2009-05-31,1355.4348
GB,2009-06-30,1326.78
GB,2009-07-31,1313.7329
GB,2009-08-31,973.7768
GB,2009-09-30,1131.228
GB,2009-10-31,1235.6942
GB,2009-11-30,1360.044
GB,2009-12-31,1274.7135
GB,2010-01-31,1345.9239
GB,2010-02-28,1239.3
GB,2010-03-31,1391.7716
GB,2010-04-30,1343.16
GB,2010-05-31,1264.2271
GB,2010-06-30,1048.824
GB,2010-07-31,1025.7213
GB,2010-08-31,1042.5484
GB,2010-09-30,1165.5
GB,2010-10-31,1164.7277
GB,2010-11-30,1223.208
GB,2010-12-31,1174.7265
GB,2011-01-31,1293.7355
GB,2011-02-28,1055.16
GB,2011-03-31,1046.4503
GB,2011-04-30,1135.26
GB,2011-05-31,1003.2852
GB,2011-06-30,985.068
GB,2011-07-31,942.5613
GB,2011-08-31,755.5123
GB,2011-09-30,877.464
GB,2011-10-31,979.6297
GB,2011-11-30,1017.828
GB,2011-12-31,984.9948
GB,2012-01-31,1000.1148
GB,2012-02-29,977.3255
GB,2012-03-31,954.511
GB,2012-04-30,955.836
GB,2012-05-31,882.3252
GB,2012-06-30,932.4
GB,2012-07-31,931.831
GB,2012-08-31,777.4606
GB,2012-09-30,592.704
GB,2012-10-31,667.7187
GB,2012-11-30,846.72
GB,2012-12-31,906.7123
GB,2013-01-31,908.4194
GB,2013-02-28,810.54
GB,2013-03-31,799.6529
GB,2013-04-30,816.48
GB,2013-05-31,841.3548
GB,2013-06-30,765.828
GB,2013-07-31,776.4852
GB,2013-08-31,619.6761
GB,2013-09-30,736.596
GB,2013-10-31,719.6632
GB,2013-11-30,821.268
GB,2013-12-31,942.3174
GB,2014-01-31,811.1148
GB,2014-02-28,913.14
GB,2014-03-31,892.5677
GB,2014-04-30,803.88
GB,2014-05-31,856.231
GB,2014-06-30,739.368
GB,2014-07-31,690.1548
GB,2014-08-31,465.3058
GB,2014-09-30,744.408
GB,2014-10-31,790.1419
GB,2014-11-30,791.028
GB,2014-12-31,829.1613
GB,2015-01-31,856.7187
GB,2015-02-28,797.04
GB,2015-03-31,852.329
GB,2015-04-30,884.52
GB,2015-05-31,968.8994
GB,2015-06-30,832.86
GB,2015-07-31,846.9639
GB,2015-08-31,822.5768
GB,2015-09-30,851.76
GB,2015-10-31,918.9058
GB,2015-11-30,953.064
GB,2015-12-31,962.071
GB,2016-01-31,981.5806
GB,2016-02-29,996.6166
GB,2016-03-31,967.68
GB,2016-04-30,970.452
GB,2016-05-31,974.2645
GB,2016-06-30,882.252
GB,2016-07-31,962.8026
GB,2016-08-31,821.6013
GB,2016-09-30,811.944
GB,2016-10-31,741.1239
GB,2016-11-30,927.864
GB,2016-12-31,942.3174
GB,2017-01-31,949.6335
GB,2017-02-28,923.67
GB,2017-03-31,924.0271
GB,2017-04-30,894.852
GB,2017-05-31,908.9071
GB,2017-06-30,916.02
GB,2017-07-31,887.6903
GB,2017-08-31,818.1871
GB,2017-09-30,869.652
GB,2017-10-31,924.0271
GB,2017-11-30,956.844
GB,2017-12-31,725.0284
GB,2018-01-31,999.1394
GB,2018-02-28,989.01
GB,2018-03-31,932.0748
GB,2018-04-30,1068.732
GB,2018-05-31,973.0452
GB,2018-06-30,935.928
GB,2018-07-31,996.9445
GB,2018-08-31,924.271
GB,2018-09-30,885.78
GB,2018-10-31,1024.9897
GB,2018-11-30,1018.836
GB,2018-12-31,1068.8865
GB,2019-01-31,1037.9148
GB,2019-02-28,1112.67
GB,2019-03-31,1082.2994
GB,2019-04-30,1013.544
GB,2019-05-31,1024.0142
GB,2019-06-30,990.108
GB,2019-07-31,961.5832
GB,2019-08-31,861.84
GB,2019-09-30,1001.952
GB,2019-10-31,963.5342
GB,2019-11-30,1036.224
GB,2019-12-31,1009.8697
GB,2020-01-31,1056.9368
GB,2020-02-29,1035.72
GB,2020-03-31,937.1961
GB,2020-04-30,1044.036
GB,2020-05-31,941.3419
GB,2020-06-30,984.312
GB,2020-07-31,917.6865
GB,2020-08-31,777.2168
GB,2020-09-30,802.872
GB,2020-10-31,858.9135
GB,2020-11-30,853.272
GB,2020-12-31,962.5587
GB,2021-01-31,929.1484
GB,2021-02-28,867.24
GB,2021-03-31,928.9045
GB,2021-04-30,713.916
GB,2021-05-31,745.5135
GB,2021-06-30,624.708
GB,2021-07-31,754.5368
GB,2021-08-31,800.6284
GB,2021-09-30,795.06
GB,2021-10-31,814.0413
GB,2021-11-30,746.676
GB,2021-12-31,782.0942
GB,2022-01-31,808.1884
GB,2022-02-28,831.33
GB,2022-03-31,786.4839
GB,2022-04-30,779.688
GB,2022-05-31,743.5626
GB,2022-06-30,694.512
GB,2022-07-31,781.1187
GB,2022-08-31,569.4387
GB,2022-09-30,589.68
GB,2022-10-31,677.2297
GB,2022-11-30,753.732
GB,2022-12-31,675.7665
GB,2023-01-31,646.5019
GB,2023-02-28,781.38
GB,2023-03-31,720.6387
GB,2023-04-30,659.484
GB,2023-05-31,669.9135
GB,2023-06-30,617.652
GB,2023-07-31,638.9419
GB,2023-08-31,558.9523
GB,2023-09-30,571.788
GB,2023-10-31,605.2877
GB,2023-11-30,652.68
GB,2023-12-31,630.6503
GB,2024-01-31,644.551
GB,2024-02-29,581.5986
GB,2024-03-31,657.72
GB,2024-04-30,608.076
GB,2024-05-31,631.8697
GB,2024-06-30,506.268
GB,2024-07-31,631.1381
GB,2024-08-31,476.0361
GB,2024-09-30,588.168
GB,2024-10-31,581.8761
GB,2024-11-30,570.276
GB,2024-12-31,647.4774
GB,2025-01-31,660.8903
GB,2025-02-28,643.14
GB,2025-03-31,631.3819
GD,2002-01-31,0.0
GD,2002-02-28,0.0
GD,2002-03-31,0.0
GD,2002-04-30,0.0
GD,2002-05-31,0.0
GD,2002-06-30,0.0
GD,2002-07-31,0.0
GD,2002-08-31,0.0
GD,2002-09-30,0.0
GD,2002-10-31,0.0
GD,2002-11-30,0.0
GD,2002-12-31,0.0
GD,2003-01-31,0.0
GD,2003-02-28,0.0
GD,2003-03-31,0.0
GD,2003-04-30,0.0
GD,2003-05-31,0.0
GD,2003-06-30,0.0
GD,2003-07-31,0.0
GD,2003-08-31,0.0
GD,2003-09-30,0.0
GD,2003-10-31,0.0
GD,2003-11-30,0.0
GD,2003-12-31,0.0
GD,2004-01-31,0.0
GD,2004-02-29,0.0
GD,2004-03-31,0.0
GD,2004-04-30,0.0
GD,2004-05-31,0.0
GD,2004-06-30,0.0
GD,2004-07-31,0.0
GD,2004-08-31,0.0
GD,2004-09-30,0.0
GD,2004-10-31,0.0
GD,2004-11-30,0.0
GD,2004-12-31,0.0
GD,2005-01-31,0.0
GD,2005-02-28,0.0
GD,2005-03-31,0.0
GD,2005-04-30,0.0
GD,2005-05-31,0.0
GD,2005-06-30,0.0
GD,2005-07-31,0.0
GD,2005-08-31,0.0
GD,2005-09-30,0.0
GD,2005-10-31,0.0
GD,2005-11-30,0.0
GD,2005-12-31,0.0
GD,2006-01-31,0.0
GD,2006-02-28,0.0
GD,2006-03-31,0.0
GD,2006-04-30,0.0
GD,2006-05-31,0.0
GD,2006-06-30,0.0
GD,2006-07-31,0.0
GD,2006-08-31,0.0
GD,2006-09-30,0.0
GD,2006-10-31,0.0
GD,2006-11-30,0.0
GD,2006-12-31,0.0
GD,2007-01-31,0.0
GD,2007-02-28,0.0
GD,2007-03-31,0.0
GD,2007-04-30,0.0
GD,2007-05-31,0.0
GD,2007-06-30,0.0
GD,2007-07-31,0.0
GD,2007-08-31,0.0
GD,2007-09-30,0.0
GD,2007-10-31,0.0
GD,2007-11-30,0.0
GD,2007-12-31,0.0
GD,2008-01-31,0.0
GD,2008-02-29,0.0
GD,2008-03-31,0.0
GD,2008-04-30,0.0
GD,2008-05-31,0.0
GD,2008-06-30,0.0
GD,2008-07-31,0.0
GD,2008-08-31,0.0
GD,2008-09-30,0.0
GD,2008-10-31,0.0
GD,2008-11-30,0.0
GD,2008-12-31,0.0
GD,2009-01-31,0.0
GD,2009-02-28,0.0
GD,2009-03-31,0.0
GD,2009-04-30,0.0
GD,2009-05-31,0.0
GD,2009-06-30,0.0
GD,2009-07-31,0.0
GD,2009-08-31,0.0
GD,2009-09-30,0.0
GD,2009-10-31,0.0
GD,2009-11-30,0.0
GD,2009-12-31,0.0
GD,2010-01-31,0.0
GD,2010-02-28,0.0
GD,2010-03-31,0.0
GD,2010-04-30,0.0
GD,2010-05-31,0.0
GD,2010-06-30,0.0
GD,2010-07-31,0.0
GD,2010-08-31,0.0
GD,2010-09-30,0.0
GD,2010-10-31,0.0
GD,2010-11-30,0.0
GD,2010-12-31,0.0
GD,2011-01-31,0.0
GD,2011-02-28,0.0
GD,2011-03-31,0.0
GD,2011-04-30,0.0
GD,2011-05-31,0.0
GD,2011-06-30,0.0
GD,2011-07-31,0.0
GD,2011-08-31,0.0
GD,2011-09-30,0.0
GD,2011-10-31,0.0
GD,2011-11-30,0.0
GD,2011-12-31,0.0
GD,2012-01-31,0.0
GD,2012-02-29,0.0
GD,2012-03-31,0.0
GD,2012-04-30,0.0
GD,2012-05-31,0.0
GD,2012-06-30,0.0
GD,2012-07-31,0.0
GD,2012-08-31,0.0
GD,2012-09-30,0.0
GD,2012-10-31,0.0
GD,2012-11-30,0.0
GD,2012-12-31,0.0
GD,2013-01-31,0.0
GD,2013-02-28,0.0
GD,2013-03-31,0.0
GD,2013-04-30,0.0
GD,2013-05-31,0.0
GD,2013-06-30,0.0
GD,2013-07-31,0.0
GD,2013-08-31,0.0
GD,2013-09-30,0.0
GD,2013-10-31,0.0
GD,2013-11-30,0.0
GD,2013-12-31,0.0
GD,2014-01-31,0.0
GD,2014-02-28,0.0
GD,2014-03-31,0.0
GD,2014-04-30,0.0
GD,2014-05-31,0.0
GD,2014-06-30,0.0
GD,2014-07-31,0.0
GD,2014-08-31,0.0
GD,2014-09-30,0.0
GD,2014-10-31,0.0
GD,2014-11-30,0.0
GD,2014-12-31,0.0
GD,2015-01-31,0.0
GD,2015-02-28,0.0
GD,2015-03-31,0.0
GD,2015-04-30,0.0
GD,2015-05-31,0.0
GD,2015-06-30,0.0
GD,2015-07-31,0.0
GD,2015-08-31,0.0
GD,2015-09-30,0.0
GD,2015-10-31,0.0
GD,2015-11-30,0.0
GD,2015-12-31,0.0
GD,2016-01-31,0.0
GD,2016-02-29,0.0
GD,2016-03-31,0.0
GD,2016-04-30,0.0
GD,2016-05-31,0.0
GD,2016-06-30,0.0
GD,2016-07-31,0.0
GD,2016-08-31,
GD,2016-09-30,
GD,2016-10-31,
GD,2016-11-30,
GD,2016-12-31,
GD,2017-01-31,
GD,2017-02-28,
GD,2017-03-31,
GD,2017-04-30,
GD,2017-05-31,
GD,2017-06-30,
GD,2017-07-31,
GD,2017-08-31,
GD,2017-09-30,
GD,2017-10-31,
GD,2017-11-30,
GD,2017-12-31,
GD,2018-01-31,
GD,2018-02-28,
GD,2018-03-31,
GD,2018-04-30,
GD,2018-05-31,
GD,2018-06-30,
GD,2018-07-31,
GD,2018-08-31,
GD,2018-09-30,
GD,2018-10-31,
GD,2018-11-30,
GD,2018-12-31,
GD,2019-01-31,
GD,2019-02-28,
GD,2019-03-31,
GD,2019-04-30,
GD,2019-05-31,
GD,2019-06-30,
GD,2019-07-31,
GD,2019-08-31,
GD,2019-09-30,
GD,2019-10-31,
GD,2019-11-30,
GD,2019-12-31,
GD,2020-01-31,
GD,2020-02-29,
GD,2020-03-31,
GD,2020-04-30,
GD,2020-05-31,
GD,2020-06-30,
GD,2020-07-31,
GD,2020-08-31,
GD,2020-09-30,
GD,2020-10-31,
GD,2020-11-30,
GD,2020-12-31,
GD,2021-01-31,
GD,2021-02-28,
GD,2021-03-31,
GD,2021-04-30,
GD,2021-05-31,
GD,2021-06-30,
GD,2021-07-31,
GD,2021-08-31,
GD,2021-09-30,
GD,2021-10-31,
GD,2021-11-30,
GD,2021-12-31,
GD,2022-01-31,
GD,2022-02-28,
GD,2022-03-31,
GD,2022-04-30,
GD,2022-05-31,
GD,2022-06-30,
GD,2022-07-31,
GD,2022-08-31,
GD,2022-09-30,
GD,2022-10-31,
GD,2022-11-30,
GD,2022-12-31,
GD,2023-01-31,
GD,2023-02-28,
GD,2023-03-31,
GD,2023-04-30,
GD,2023-05-31,
GD,2023-06-30,
GD,2023-07-31,
GD,2023-08-31,
GD,2023-09-30,
GD,2023-10-31,
GD,2023-11-30,
GD,2023-12-31,
GD,2024-01-31,
GD,2024-02-29,
GD,2024-03-31,
GD,2024-04-30,
GD,2024-05-31,
GD,2024-06-30,
GD,2024-07-31,
GD,2024-08-31,
GD,2024-09-30,
GD,2024-10-31,
GD,2024-11-30,
GD,2024-12-31,
GD,2025-01-31,
GE,2002-01-31,
GE,2002-02-28,
GE,2002-03-31,
GE,2002-04-30,
GE,2002-05-31,
GE,2002-06-30,
GE,2002-07-31,
GE,2002-08-31,
GE,2002-09-30,
GE,2002-10-31,
GE,2002-11-30,
GE,2002-12-31,
GE,2003-01-31,
GE,2003-02-28,
GE,2003-03-31,
GE,2003-04-30,
GE,2003-05-31,
GE,2003-06-30,
GE,2003-07-31,
GE,2003-08-31,
GE,2003-09-30,
GE,2003-10-31,
GE,2003-11-30,
GE,2003-12-31,
GE,2004-01-31,
GE,2004-02-29,
GE,2004-03-31,
GE,2004-04-30,
GE,2004-05-31,
GE,2004-06-30,
GE,2004-07-31,
GE,2004-08-31,
GE,2004-09-30,
GE,2004-10-31,
GE,2004-11-30,
GE,2004-12-31,
GE,2005-01-31,
GE,2005-02-28,
GE,2005-03-31,
GE,2005-04-30,
GE,2005-05-31,
GE,2005-06-30,
GE,2005-07-31,
GE,2005-08-31,
GE,2005-09-30,
GE,2005-10-31,
GE,2005-11-30,
GE,2005-12-31,
GE,2006-01-31,
GE,2006-02-28,
GE,2006-03-31,
GE,2006-04-30,
GE,2006-05-31,
GE,2006-06-30,
GE,2006-07-31,
GE,2006-08-31,
GE,2006-09-30,
GE,2006-10-31,
GE,2006-11-30,
GE,2006-12-31,
GE,2007-01-31,
GE,2007-02-28,
GE,2007-03-31,
GE,2007-04-30,
GE,2007-05-31,
GE,2007-06-30,
GE,2007-07-31,
GE,2007-08-31,
GE,2007-09-30,
GE,2007-10-31,
GE,2007-11-30,
GE,2007-12-31,
GE,2008-01-31,
GE,2008-02-29,
GE,2008-03-31,
GE,2008-04-30,
GE,2008-05-31,
GE,2008-06-30,
GE,2008-07-31,
GE,2008-08-31,
GE,2008-09-30,
GE,2008-10-31,
GE,2008-11-30,
GE,2008-12-31,
GE,2009-01-31,
GE,2009-02-28,
GE,2009-03-31,
GE,2009-04-30,
GE,2009-05-31,
GE,2009-06-30,
GE,2009-07-31,
GE,2009-08-31,
GE,2009-09-30,
GE,2009-10-31,
GE,2009-11-30,
GE,2009-12-31,
GE,2010-01-31,
GE,2010-02-28,
GE,2010-03-31,
GE,2010-04-30,
GE,2010-05-31,
GE,2010-06-30,
GE,2010-07-31,
GE,2010-08-31,
GE,2010-09-30,
GE,2010-10-31,
GE,2010-11-30,
GE,2010-12-31,
GE,2011-01-31,
GE,2011-02-28,
GE,2011-03-31,
GE,2011-04-30,
GE,2011-05-31,
GE,2011-06-30,
GE,2011-07-31,
GE,2011-08-31,
GE,2011-09-30,
GE,2011-10-31,
GE,2011-11-30,
GE,2011-12-31,
GE,2012-01-31,
GE,2012-02-29,
GE,2012-03-31,
GE,2012-04-30,
GE,2012-05-31,
GE,2012-06-30,
GE,2012-07-31,
GE,2012-08-31,
GE,2012-09-30,
GE,2012-10-31,
GE,2012-11-30,
GE,2012-12-31,
GE,2013-01-31,
GE,2013-02-28,
GE,2013-03-31,
GE,2013-04-30,
GE,2013-05-31,
GE,2013-06-30,
GE,2013-07-31,
GE,2013-08-31,
GE,2013-09-30,
GE,2013-10-31,
GE,2013-11-30,
GE,2013-12-31,
GE,2014-01-31,
GE,2014-02-28,
GE,2014-03-31,
GE,2014-04-30,
GE,2014-05-31,
GE,2014-06-30,
GE,2014-07-31,
GE,2014-08-31,
GE,2014-09-30,
GE,2014-10-31,
GE,2014-11-30,
GE,2014-12-31,
GE,2015-01-31,
GE,2015-02-28,
GE,2015-03-31,
GE,2015-04-30,
GE,2015-05-31,
GE,2015-06-30,
GE,2015-07-31,
GE,2015-08-31,
GE,2015-09-30,
GE,2015-10-31,
GE,2015-11-30,
GE,2015-12-31,
GE,2016-01-31,
GE,2016-02-29,
GE,2016-03-31,
GE,2016-04-30,
GE,2016-05-31,
GE,2016-06-30,
GE,2016-07-31,
GE,2016-08-31,
GE,2016-09-30,
GE,2016-10-31,
GE,2016-11-30,
GE,2016-12-31,
GE,2017-01-31,
GE,2017-02-28,
GE,2017-03-31,
GE,2017-04-30,
GE,2017-05-31,
GE,2017-06-30,
GE,2017-07-31,
GE,2017-08-31,
GE,2017-09-30,
GE,2017-10-31,
GE,2017-11-30,
GE,2017-12-31,
GE,2018-01-31,
GE,2018-02-28,
GE,2018-03-31,
GE,2018-04-30,
GE,2018-05-31,
GE,2018-06-30,
GE,2018-07-31,
GE,2018-08-31,
GE,2018-09-30,
GE,2018-10-31,
GE,2018-11-30,
GE,2018-12-31,
GE,2019-01-31,
GE,2019-02-28,
GE,2019-03-31,
GE,2019-04-30,
GE,2019-05-31,
GE,2019-06-30,
GE,2019-07-31,
GE,2019-08-31,
GE,2019-09-30,
GE,2019-10-31,
GE,2019-11-30,
GE,2019-12-31,
GE,2020-01-31,
GE,2020-02-29,
GE,2020-03-31,
GE,2020-04-30,
GE,2020-05-31,
GE,2020-06-30,
GE,2020-07-31,
GE,2020-08-31,
GE,2020-09-30,
GE,2020-10-31,
GE,2020-11-30,
GE,2020-12-31,
GE,2021-01-31,
GE,2021-02-28,
GE,2021-03-31,
GE,2021-04-30,
GE,2021-05-31,
GE,2021-06-30,
GE,2021-07-31,
GE,2021-08-31,
GE,2021-09-30,
GE,2021-10-31,
GE,2021-11-30,
GE,2021-12-31,
GE,2022-01-31,
GE,2022-02-28,
GE,2022-03-31,
GE,2022-04-30,
GE,2022-05-31,
GE,2022-06-30,
GE,2022-07-31,
GE,2022-08-31,
GE,2022-09-30,
GE,2022-10-31,
GE,2022-11-30,
GE,2022-12-31,
GE,2023-01-31,
GE,2023-02-28,
GE,2023-03-31,
GE,2023-04-30,
GE,2023-05-31,
GE,2023-06-30,
GE,2023-07-31,
GE,2023-08-31,
GE,2023-09-30,
GE,2023-10-31,
GE,2023-11-30,
GE,2023-12-31,
GE,2024-01-31,
GE,2024-02-29,
GE,2024-03-31,
GE,2024-04-30,
GE,2024-05-31,
GE,2024-06-30,
GE,2024-07-31,
GE,2024-08-31,
GE,2024-09-30,
GE,2024-10-31,
GE,2024-11-30,
GE,2024-12-31,
GE,2025-01-31,
GE,2025-02-28,
GE,2025-03-31,
GM,2002-01-31,
GM,2002-02-28,
GM,2002-03-31,
GM,2002-04-30,
GM,2002-05-31,
GM,2002-06-30,
GM,2002-07-31,
GM,2002-08-31,
GM,2002-09-30,
GM,2002-10-31,
GM,2002-11-30,
GM,2002-12-31,
GM,2003-01-31,
GM,2003-02-28,
GM,2003-03-31,
GM,2003-04-30,
GM,2003-05-31,
GM,2003-06-30,
GM,2003-07-31,
GM,2003-08-31,
GM,2003-09-30,
GM,2003-10-31,
GM,2003-11-30,
GM,2003-12-31,
GM,2004-01-31,
GM,2004-02-29,
GM,2004-03-31,
GM,2004-04-30,
GM,2004-05-31,
GM,2004-06-30,
GM,2004-07-31,
GM,2004-08-31,
GM,2004-09-30,
GM,2004-10-31,
GM,2004-11-30,
GM,2004-12-31,
GM,2005-01-31,
GM,2005-02-28,
GM,2005-03-31,
GM,2005-04-30,
GM,2005-05-31,
GM,2005-06-30,
GM,2005-07-31,
GM,2005-08-31,
GM,2005-09-30,
GM,2005-10-31,
GM,2005-11-30,
GM,2005-12-31,
GM,2006-01-31,
GM,2006-02-28,
GM,2006-03-31,
GM,2006-04-30,
GM,2006-05-31,
GM,2006-06-30,
GM,2006-07-31,
GM,2006-08-31,
GM,2006-09-30,
GM,2006-10-31,
GM,2006-11-30,
GM,2006-12-31,
GM,2007-01-31,
GM,2007-02-28,
GM,2007-03-31,
GM,2007-04-30,
GM,2007-05-31,
GM,2007-06-30,
GM,2007-07-31,
GM,2007-08-31,
GM,2007-09-30,
GM,2007-10-31,
GM,2007-11-30,
GM,2007-12-31,
GM,2008-01-31,
GM,2008-02-29,
GM,2008-03-31,
GM,2008-04-30,
GM,2008-05-31,
GM,2008-06-30,
GM,2008-07-31,
GM,2008-08-31,
GM,2008-09-30,
GM,2008-10-31,
GM,2008-11-30,
GM,2008-12-31,
GM,2009-01-31,
GM,2009-02-28,
GM,2009-03-31,
GM,2009-04-30,
GM,2009-05-31,
GM,2009-06-30,
GM,2009-07-31,
GM,2009-08-31,
GM,2009-09-30,
GM,2009-10-31,
GM,2009-11-30,
GM,2009-12-31,
GM,2010-01-31,
GM,2010-02-28,
GM,2010-03-31,
GM,2010-04-30,
GM,2010-05-31,
GM,2010-06-30,
GM,2010-07-31,
GM,2010-08-31,
GM,2010-09-30,
GM,2010-10-31,
GM,2010-11-30,
GM,2010-12-31,
GM,2011-01-31,
GM,2011-02-28,
GM,2011-03-31,
GM,2011-04-30,
GM,2011-05-31,
GM,2011-06-30,
GM,2011-07-31,
GM,2011-08-31,
GM,2011-09-30,
GM,2011-10-31,
GM,2011-11-30,
GM,2011-12-31,
GM,2012-01-31,
GM,2012-02-29,
GM,2012-03-31,
GM,2012-04-30,
GM,2012-05-31,
GM,2012-06-30,
GM,2012-07-31,
GM,2012-08-31,
GM,2012-09-30,
GM,2012-10-31,
GM,2012-11-30,
GM,2012-12-31,
GM,2013-01-31,
GM,2013-02-28,
GM,2013-03-31,
GM,2013-04-30,
GM,2013-05-31,
GM,2013-06-30,
GM,2013-07-31,
GM,2013-08-31,
GM,2013-09-30,
GM,2013-10-31,
GM,2013-11-30,
GM,2013-12-31,
GM,2014-01-31,
GM,2014-02-28,
GM,2014-03-31,
GM,2014-04-30,
GM,2014-05-31,
GM,2014-06-30,
GM,2014-07-31,
GM,2014-08-31,
GM,2014-09-30,
GM,2014-10-31,
GM,2014-11-30,
GM,2014-12-31,
GM,2015-01-31,
GM,2015-02-28,
GM,2015-03-31,
GM,2015-04-30,
GM,2015-05-31,
GM,2015-06-30,
GM,2015-07-31,
GM,2015-08-31,
GM,2015-09-30,
GM,2015-10-31,
GM,2015-11-30,
GM,2015-12-31,
GM,2016-01-31,
GM,2016-02-29,
GM,2016-03-31,
GM,2016-04-30,
GM,2016-05-31,
GM,2016-06-30,
GM,2016-07-31,
GM,2016-08-31,
GM,2016-09-30,
GM,2016-10-31,
GM,2016-11-30,
GM,2016-12-31,
GM,2017-01-31,
GM,2017-02-28,
GM,2017-03-31,
GM,2017-04-30,
GM,2017-05-31,
GM,2017-06-30,
GM,2017-07-31,
GM,2017-08-31,
GM,2017-09-30,
GM,2017-10-31,
GM,2017-11-30,
GM,2017-12-31,
GM,2018-01-31,
GM,2018-02-28,
GM,2018-03-31,
GM,2018-04-30,
GM,2018-05-31,
GM,2018-06-30,
GM,2018-07-31,
GM,2018-08-31,
GM,2018-09-30,
GM,2018-10-31,
GM,2018-11-30,
GM,2018-12-31,
GM,2019-01-31,
GM,2019-02-28,
GM,2019-03-31,
GM,2019-04-30,
GM,2019-05-31,
GM,2019-06-30,
GM,2019-07-31,
GM,2019-08-31,
GM,2019-09-30,
GM,2019-10-31,
GM,2019-11-30,
GM,2019-12-31,
GM,2020-01-31,
GM,2020-02-29,
GM,2020-03-31,
GM,2020-04-30,
GM,2020-05-31,
GM,2020-06-30,
GM,2020-07-31,
GM,2020-08-31,
GM,2020-09-30,
GM,2020-10-31,
GM,2020-11-30,
GM,2020-12-31,
GM,2021-01-31,
GM,2021-02-28,
GM,2021-03-31,
GM,2021-04-30,
GM,2021-05-31,
GM,2021-06-30,
GM,2021-07-31,
GM,2021-08-31,
GM,2021-09-30,
GM,2021-10-31,
GM,2021-11-30,
GM,2021-12-31,
GM,2022-01-31,
GM,2022-02-28,
GM,2022-03-31,
GM,2022-04-30,
GM,2022-05-31,
GM,2022-06-30,
GM,2022-07-31,
GM,2022-08-31,
GM,2022-09-30,
GM,2022-10-31,
GM,2022-11-30,
GM,2022-12-31,
GM,2023-01-31,
GM,2023-02-28,
GM,2023-03-31,
GM,2023-04-30,
GM,2023-05-31,
GM,2023-06-30,
GM,2023-07-31,
GM,2023-08-31,
GM,2023-09-30,
GM,2023-10-31,
GM,2023-11-30,
GM,2023-12-31,
GM,2024-01-31,
GM,2024-02-29,
GM,2024-03-31,
GM,2024-04-30,
GM,2024-05-31,
GM,2024-06-30,
GM,2024-07-31,
GM,2024-08-31,
GM,2024-09-30,
GM,2024-10-31,
GM,2024-11-30,
GM,2024-12-31,
GM,2025-01-31,
GM,2025-02-28,
GM,2025-03-31,
GQ,2002-01-31,0.0
GQ,2002-02-28,0.0
GQ,2002-03-31,0.0
GQ,2002-04-30,0.0
GQ,2002-05-31,0.0
GQ,2002-06-30,0.0
GQ,2002-07-31,0.0
GQ,2002-08-31,0.0
GQ,2002-09-30,0.0
GQ,2002-10-31,0.0
GQ,2002-11-30,0.0
GQ,2002-12-31,0.0
GQ,2003-01-31,0.0
GQ,2003-02-28,0.0
GQ,2003-03-31,0.0
GQ,2003-04-30,0.0
GQ,2003-05-31,0.0
GQ,2003-06-30,0.0
GQ,2003-07-31,0.0
GQ,2003-08-31,0.0
GQ,2003-09-30,0.0
GQ,2003-10-31,0.0
GQ,2003-11-30,0.0
GQ,2003-12-31,0.0
GQ,2004-01-31,0.0
GQ,2004-02-29,0.0
GQ,2004-03-31,0.0
GQ,2004-04-30,0.0
GQ,2004-05-31,0.0
GQ,2004-06-30,0.0
GQ,2004-07-31,0.0
GQ,2004-08-31,0.0
GQ,2004-09-30,0.0
GQ,2004-10-31,0.0
GQ,2004-11-30,0.0
GQ,2004-12-31,0.0
GQ,2005-01-31,0.0
GQ,2005-02-28,0.0
GQ,2005-03-31,0.0
GQ,2005-04-30,0.0
GQ,2005-05-31,0.0
GQ,2005-06-30,0.0
GQ,2005-07-31,0.0
GQ,2005-08-31,0.0
GQ,2005-09-30,0.0
GQ,2005-10-31,0.0
GQ,2005-11-30,0.0
GQ,2005-12-31,0.0
GQ,2006-01-31,0.0
GQ,2006-02-28,0.0
GQ,2006-03-31,0.0
GQ,2006-04-30,0.0
GQ,2006-05-31,0.0
GQ,2006-06-30,0.0
GQ,2006-07-31,0.0
GQ,2006-08-31,0.0
GQ,2006-09-30,0.0
GQ,2006-10-31,0.0
GQ,2006-11-30,0.0
GQ,2006-12-31,0.0
GQ,2007-01-31,0.0
GQ,2007-02-28,0.0
GQ,2007-03-31,0.0
GQ,2007-04-30,0.0
GQ,2007-05-31,0.0
GQ,2007-06-30,0.0
GQ,2007-07-31,0.0
GQ,2007-08-31,0.0
GQ,2007-09-30,0.0
GQ,2007-10-31,0.0
GQ,2007-11-30,0.0
GQ,2007-12-31,0.0
GQ,2008-01-31,0.0
GQ,2008-02-29,0.0
GQ,2008-03-31,0.0
GQ,2008-04-30,0.0
GQ,2008-05-31,0.0
GQ,2008-06-30,0.0
GQ,2008-07-31,0.0
GQ,2008-08-31,0.0
GQ,2008-09-30,0.0
GQ,2008-10-31,0.0
GQ,2008-11-30,0.0
GQ,2008-12-31,0.0
GQ,2009-01-31,
GQ,2009-02-28,
GQ,2009-03-31,
GQ,2009-04-30,
GQ,2009-05-31,
GQ,2009-06-30,
GQ,2009-07-31,
GQ,2009-08-31,
GQ,2009-09-30,
GQ,2009-10-31,
GQ,2009-11-30,
GQ,2009-12-31,
GQ,2010-01-31,
GQ,2010-02-28,
GQ,2010-03-31,
GQ,2010-04-30,
GQ,2010-05-31,
GQ,2010-06-30,
GQ,2010-07-31,
GQ,2010-08-31,
GQ,2010-09-30,
GQ,2010-10-31,
GQ,2010-11-30,
GQ,2010-12-31,
GQ,2011-01-31,
GQ,2011-02-28,
GQ,2011-03-31,
GQ,2011-04-30,
GQ,2011-05-31,
GQ,2011-06-30,
GQ,2011-07-31,
GQ,2011-08-31,
GQ,2011-09-30,
GQ,2011-10-31,
GQ,2011-11-30,
GQ,2011-12-31,
GQ,2012-01-31,
GQ,2012-02-29,
GQ,2012-03-31,
GQ,2012-04-30,
GQ,2012-05-31,
GQ,2012-06-30,
GQ,2012-07-31,
GQ,2012-08-31,
GQ,2012-09-30,
GQ,2012-10-31,
GQ,2012-11-30,
GQ,2012-12-31,
GQ,2013-01-31,
GQ,2013-02-28,
GQ,2013-03-31,
GQ,2013-04-30,
GQ,2013-05-31,
GQ,2013-06-30,
GQ,2013-07-31,
GQ,2013-08-31,
GQ,2013-09-30,
GQ,2013-10-31,
GQ,2013-11-30,
GQ,2013-12-31,
GQ,2014-01-31,
GQ,2014-02-28,
GQ,2014-03-31,
GQ,2014-04-30,
GQ,2014-05-31,
GQ,2014-06-30,
GQ,2014-07-31,
GQ,2014-08-31,
GQ,2014-09-30,
GQ,2014-10-31,
GQ,2014-11-30,
GQ,2014-12-31,
GQ,2015-01-31,
GQ,2015-02-28,
GQ,2015-03-31,
GQ,2015-04-30,
GQ,2015-05-31,
GQ,2015-06-30,
GQ,2015-07-31,
GQ,2015-08-31,
GQ,2015-09-30,
GQ,2015-10-31,
GQ,2015-11-30,
GQ,2015-12-31,
GQ,2016-01-31,
GQ,2016-02-29,
GQ,2016-03-31,
GQ,2016-04-30,
GQ,2016-05-31,
GQ,2016-06-30,
GQ,2016-07-31,
GQ,2016-08-31,
GQ,2016-09-30,
GQ,2016-10-31,
GQ,2016-11-30,
GQ,2016-12-31,
GQ,2017-01-31,
GQ,2017-02-28,
GQ,2017-03-31,
GQ,2017-04-30,
GQ,2017-05-31,
GQ,2017-06-30,
GQ,2017-07-31,
GQ,2017-08-31,
GQ,2017-09-30,
GQ,2017-10-31,
GQ,2017-11-30,
GQ,2017-12-31,
GQ,2018-01-31,
GQ,2018-02-28,
GQ,2018-03-31,
GQ,2018-04-30,
GQ,2018-05-31,
GQ,2018-06-30,
GQ,2018-07-31,
GQ,2018-08-31,
GQ,2018-09-30,
GQ,2018-10-31,
GQ,2018-11-30,
GQ,2018-12-31,
GQ,2019-01-31,109.0
GQ,2019-02-28,103.0
GQ,2019-03-31,112.0
GQ,2019-04-30,114.0
GQ,2019-05-31,113.0
GQ,2019-06-30,114.0
GQ,2019-07-31,111.0
GQ,2019-08-31,106.0
GQ,2019-09-30,109.0
GQ,2019-10-31,119.0
GQ,2019-11-30,90.0
GQ,2019-12-31,121.0
GQ,2020-01-31,130.0
GQ,2020-02-29,126.0
GQ,2020-03-31,123.0
GQ,2020-04-30,122.0
GQ,2020-05-31,86.0
GQ,2020-06-30,114.0
GQ,2020-07-31,116.0
GQ,2020-08-31,117.0
GQ,2020-09-30,112.0
GQ,2020-10-31,107.0
GQ,2020-11-30,103.0
GQ,2020-12-31,108.0
GQ,2021-01-31,105.0
GQ,2021-02-28,103.0
GQ,2021-03-31,103.0
GQ,2021-04-30,98.0
GQ,2021-05-31,99.0
GQ,2021-06-30,100.0
GQ,2021-07-31,100.0
GQ,2021-08-31,101.0
GQ,2021-09-30,82.0
GQ,2021-10-31,81.0
GQ,2021-11-30,71.0
GQ,2021-12-31,85.0
GQ,2022-01-31,96.0
GQ,2022-02-28,95.0
GQ,2022-03-31,95.0
GQ,2022-04-30,95.0
GQ,2022-05-31,89.0
GQ,2022-06-30,91.0
GQ,2022-07-31,89.0
GQ,2022-08-31,85.0
GQ,2022-09-30,75.0
GQ,2022-10-31,57.0
GQ,2022-11-30,56.0
GQ,2022-12-31,54.0
GQ,2023-01-31,55.0
GQ,2023-02-28,50.0
GQ,2023-03-31,48.0
GQ,2023-04-30,49.0
GQ,2023-05-31,61.0
GQ,2023-06-30,67.0
GQ,2023-07-31,62.0
GQ,2023-08-31,56.0
GQ,2023-09-30,55.0
GQ,2023-10-31,54.0
GQ,2023-11-30,53.0
GQ,2023-12-31,52.0
GQ,2024-01-31,
GQ,2024-02-29,
GQ,2024-03-31,
GQ,2024-04-30,
GQ,2024-05-31,
GQ,2024-06-30,
GQ,2024-07-31,
GQ,2024-08-31,
GQ,2024-09-30,
GQ,2024-10-31,
GQ,2024-11-30,
GQ,2024-12-31,
GQ,2025-01-31,
GQ,2025-02-28,
GQ,2025-03-31,
GR,2002-01-31,3.4984
GR,2002-02-28,4.1314
GR,2002-03-31,3.7316
GR,2002-04-30,3.615
GR,2002-05-31,3.0319
GR,2002-06-30,3.133
GR,2002-07-31,3.0319
GR,2002-08-31,3.2652
GR,2002-09-30,2.892
GR,2002-10-31,3.2652
GR,2002-11-30,3.133
GR,2002-12-31,2.5655
GR,2003-01-31,2.3323
GR,2003-02-28,2.0657
GR,2003-03-31,1.8658
GR,2003-04-30,2.169
GR,2003-05-31,3.2652
GR,2003-06-30,2.41
GR,2003-07-31,2.7987
GR,2003-08-31,2.7987
GR,2003-09-30,1.687
GR,2003-10-31,1.8658
GR,2003-11-30,2.651
GR,2003-12-31,2.5655
GR,2004-01-31,2.7987
GR,2004-02-29,2.9917
GR,2004-03-31,2.5655
GR,2004-04-30,2.651
GR,2004-05-31,2.7987
GR,2004-06-30,3.133
GR,2004-07-31,1.8658
GR,2004-08-31,2.7987
GR,2004-09-30,1.928
GR,2004-10-31,1.6326
GR,2004-11-30,1.446
GR,2004-12-31,1.3994
GR,2005-01-31,2.3323
GR,2005-02-28,2.0657
GR,2005-03-31,1.8658
GR,2005-04-30,1.687
GR,2005-05-31,1.3994
GR,2005-06-30,1.928
GR,2005-07-31,2.099
GR,2005-08-31,1.6326
GR,2005-09-30,1.687
GR,2005-10-31,1.3994
GR,2005-11-30,1.446
GR,2005-12-31,1.6326
GR,2006-01-31,1.6326
GR,2006-02-28,1.2911
GR,2006-03-31,1.3994
GR,2006-04-30,1.446
GR,2006-05-31,0.9329
GR,2006-06-30,1.446
GR,2006-07-31,2.5655
GR,2006-08-31,2.099
GR,2006-09-30,1.687
GR,2006-10-31,1.8658
GR,2006-11-30,1.687
GR,2006-12-31,1.6326
GR,2007-01-31,1.3994
GR,2007-02-28,1.5493
GR,2007-03-31,1.3994
GR,2007-04-30,1.446
GR,2007-05-31,1.6326
GR,2007-06-30,1.446
GR,2007-07-31,1.6326
GR,2007-08-31,1.3994
GR,2007-09-30,1.446
GR,2007-10-31,1.3994
GR,2007-11-30,1.446
GR,2007-12-31,1.3994
GR,2008-01-31,1.6326
GR,2008-02-29,1.4959
GR,2008-03-31,1.3994
GR,2008-04-30,1.205
GR,2008-05-31,1.1661
GR,2008-06-30,1.205
GR,2008-07-31,1.3994
GR,2008-08-31,1.3994
GR,2008-09-30,0.0
GR,2008-10-31,0.6997
GR,2008-11-30,1.205
GR,2008-12-31,1.1661
GR,2009-01-31,1.1661
GR,2009-02-28,1.2911
GR,2009-03-31,0.0
GR,2009-04-30,0.0
GR,2009-05-31,0.2332
GR,2009-06-30,0.0
GR,2009-07-31,0.0
GR,2009-08-31,2.099
GR,2009-09-30,2.169
GR,2009-10-31,2.099
GR,2009-11-30,1.928
GR,2009-12-31,1.8658
GR,2010-01-31,1.8658
GR,2010-02-28,2.0657
GR,2010-03-31,3.0319
GR,2010-04-30,2.892
GR,2010-05-31,2.5655
GR,2010-06-30,2.892
GR,2010-07-31,2.3323
GR,2010-08-31,2.3323
GR,2010-09-30,2.169
GR,2010-10-31,1.8658
GR,2010-11-30,1.687
GR,2010-12-31,1.6326
GR,2011-01-31,1.8658
GR,2011-02-28,2.0657
GR,2011-03-31,1.8658
GR,2011-04-30,1.446
GR,2011-05-31,1.3994
GR,2011-06-30,1.446
GR,2011-07-31,1.3994
GR,2011-08-31,3.0319
GR,2011-09-30,1.687
GR,2011-10-31,0.4665
GR,2011-11-30,2.41
GR,2011-12-31,4.1981
GR,2012-01-31,1.3994
GR,2012-02-29,2.2438
GR,2012-03-31,2.5655
GR,2012-04-30,0.723
GR,2012-05-31,2.5655
GR,2012-06-30,1.446
GR,2012-07-31,2.3323
GR,2012-08-31,1.1661
GR,2012-09-30,1.928
GR,2012-10-31,0.6997
GR,2012-11-30,0.964
GR,2012-12-31,1.6326
GR,2013-01-31,1.8658
GR,2013-02-28,1.5493
GR,2013-03-31,1.3994
GR,2013-04-30,1.446
GR,2013-05-31,1.3994
GR,2013-06-30,1.205
GR,2013-07-31,1.3994
GR,2013-08-31,1.1661
GR,2013-09-30,0.964
GR,2013-10-31,1.1661
GR,2013-11-30,1.446
GR,2013-12-31,1.8658
GR,2014-01-31,1.8658
GR,2014-02-28,1.5493
GR,2014-03-31,1.3994
GR,2014-04-30,1.446
GR,2014-05-31,1.3994
GR,2014-06-30,0.964
GR,2014-07-31,1.1661
GR,2014-08-31,1.1661
GR,2014-09-30,1.205
GR,2014-10-31,0.4665
GR,2014-11-30,1.205
GR,2014-12-31,1.3994
GR,2015-01-31,1.3994
GR,2015-02-28,1.5493
GR,2015-03-31,1.3994
GR,2015-04-30,0.964
GR,2015-05-31,0.9329
GR,2015-06-30,1.205
GR,2015-07-31,1.1661
GR,2015-08-31,1.3994
GR,2015-09-30,1.205
GR,2015-10-31,1.1661
GR,2015-11-30,1.205
GR,2015-12-31,1.3994
GR,2016-01-31,2.3323
GR,2016-02-29,2.2438
GR,2016-03-31,2.3323
GR,2016-04-30,3.133
GR,2016-05-31,3.7316
GR,2016-06-30,2.892
GR,2016-07-31,2.7987
GR,2016-08-31,3.9648
GR,2016-09-30,3.615
GR,2016-10-31,3.7316
GR,2016-11-30,3.615
GR,2016-12-31,3.7316
GR,2017-01-31,2.5655
GR,2017-02-28,2.8404
GR,2017-03-31,3.0319
GR,2017-04-30,2.41
GR,2017-05-31,2.3323
GR,2017-06-30,2.169
GR,2017-07-31,3.0319
GR,2017-08-31,3.0319
GR,2017-09-30,1.928
GR,2017-10-31,3.2652
GR,2017-11-30,3.374
GR,2017-12-31,3.7316
GR,2018-01-31,3.7316
GR,2018-02-28,3.615
GR,2018-03-31,3.4984
GR,2018-04-30,4.097
GR,2018-05-31,3.9648
GR,2018-06-30,3.856
GR,2018-07-31,4.1981
GR,2018-08-31,3.9648
GR,2018-09-30,4.097
GR,2018-10-31,3.9648
GR,2018-11-30,4.82
GR,2018-12-31,5.131
GR,2019-01-31,3.9648
GR,2019-02-28,4.1314
GR,2019-03-31,3.7316
GR,2019-04-30,4.579
GR,2019-05-31,3.9648
GR,2019-06-30,3.374
GR,2019-07-31,3.0319
GR,2019-08-31,2.7987
GR,2019-09-30,2.892
GR,2019-10-31,2.7987
GR,2019-11-30,2.41
GR,2019-12-31,2.5655
GR,2020-01-31,2.099
GR,2020-02-29,2.4931
GR,2020-03-31,2.3323
GR,2020-04-30,2.41
GR,2020-05-31,1.8658
GR,2020-06-30,1.687
GR,2020-07-31,1.6326
GR,2020-08-31,1.6326
GR,2020-09-30,1.446
GR,2020-10-31,1.1661
GR,2020-11-30,1.687
GR,2020-12-31,1.6326
GR,2021-01-31,1.6326
GR,2021-02-28,1.5493
GR,2021-03-31,1.6326
GR,2021-04-30,1.687
GR,2021-05-31,1.3994
GR,2021-06-30,1.687
GR,2021-07-31,1.3994
GR,2021-08-31,1.3994
GR,2021-09-30,1.446
GR,2021-10-31,0.0
GR,2021-11-30,0.0
GR,2021-12-31,0.0
GR,2022-01-31,0.0
GR,2022-02-28,0.0
GR,2022-03-31,0.0
GR,2022-04-30,0.0
GR,2022-05-31,0.0
GR,2022-06-30,0.0
GR,2022-07-31,0.0
GR,2022-08-31,0.0
GR,2022-09-30,0.0
GR,2022-10-31,0.0
GR,2022-11-30,0.0
GR,2022-12-31,0.0
GR,2023-01-31,0.4665
GR,2023-02-28,0.7746
GR,2023-03-31,0.4665
GR,2023-04-30,0.0
GR,2023-05-31,1.6326
GR,2023-06-30,1.446
GR,2023-07-31,1.1661
GR,2023-08-31,1.1661
GR,2023-09-30,1.205
GR,2023-10-31,1.1661
GR,2023-11-30,1.205
GR,2023-12-31,1.3994
GR,2024-01-31,1.3994
GR,2024-02-29,1.4959
GR,2024-03-31,0.6997
GR,2024-04-30,0.964
GR,2024-05-31,1.1661
GR,2024-06-30,0.964
GR,2024-07-31,0.6997
GR,2024-08-31,0.9329
GR,2024-09-30,0.964
GR,2024-10-31,0.9329
GR,2024-11-30,0.964
GR,2024-12-31,1.1661
GR,2025-01-31,1.1661
GR,2025-02-28,1.2911
GR,2025-03-31,
GT,2002-01-31,23.6129
GT,2002-02-28,24.6429
GT,2002-03-31,24.1935
GT,2002-04-30,23.1333
GT,2002-05-31,24.4839
GT,2002-06-30,24.2333
GT,2002-07-31,25.5806
GT,2002-08-31,25.5484
GT,2002-09-30,26.9
GT,2002-10-31,25.0
GT,2002-11-30,25.1667
GT,2002-12-31,23.6129
GT,2003-01-31,24.0323
GT,2003-02-28,25.0
GT,2003-03-31,24.3226
GT,2003-04-30,24.3667
GT,2003-05-31,27.8387
GT,2003-06-30,26.4333
GT,2003-07-31,25.3871
GT,2003-08-31,24.9032
GT,2003-09-30,24.8
GT,2003-10-31,23.0323
GT,2003-11-30,23.4333
GT,2003-12-31,23.2581
GT,2004-01-31,22.3226
GT,2004-02-29,22.3793
GT,2004-03-31,21.4194
GT,2004-04-30,20.8
GT,2004-05-31,19.9355
GT,2004-06-30,20.6
GT,2004-07-31,19.6452
GT,2004-08-31,19.0645
GT,2004-09-30,19.0667
GT,2004-10-31,18.7419
GT,2004-11-30,18.7667
GT,2004-12-31,19.5161
GT,2005-01-31,17.9032
GT,2005-02-28,20.3571
GT,2005-03-31,19.4194
GT,2005-04-30,18.2333
GT,2005-05-31,18.2258
GT,2005-06-30,18.5667
GT,2005-07-31,18.8065
GT,2005-08-31,18.6452
GT,2005-09-30,17.3
GT,2005-10-31,17.9355
GT,2005-11-30,16.5
GT,2005-12-31,19.3548
GT,2006-01-31,16.5806
GT,2006-02-28,17.6429
GT,2006-03-31,17.4194
GT,2006-04-30,16.3
GT,2006-05-31,16.4194
GT,2006-06-30,16.2
GT,2006-07-31,15.1935
GT,2006-08-31,15.7419
GT,2006-09-30,16.3
GT,2006-10-31,15.3548
GT,2006-11-30,14.8333
GT,2006-12-31,15.8387
GT,2007-01-31,14.6774
GT,2007-02-28,16.0714
GT,2007-03-31,16.9677
GT,2007-04-30,15.5
GT,2007-05-31,16.3548
GT,2007-06-30,15.5
GT,2007-07-31,15.0323
GT,2007-08-31,15.0
GT,2007-09-30,14.9
GT,2007-10-31,14.129
GT,2007-11-30,14.7333
GT,2007-12-31,14.8065
GT,2008-01-31,0.5806
GT,2008-02-29,0.5517
GT,2008-03-31,0.9355
GT,2008-04-30,0.5333
GT,2008-05-31,0.871
GT,2008-06-30,0.7667
GT,2008-07-31,0.0
GT,2008-08-31,0.0
GT,2008-09-30,0.0
GT,2008-10-31,14.1613
GT,2008-11-30,13.7333
GT,2008-12-31,13.871
GT,2009-01-31,14.1613
GT,2009-02-28,14.0357
GT,2009-03-31,13.9032
GT,2009-04-30,13.7333
GT,2009-05-31,13.4516
GT,2009-06-30,13.8
GT,2009-07-31,14.0323
GT,2009-08-31,13.5484
GT,2009-09-30,13.4
GT,2009-10-31,12.871
GT,2009-11-30,12.7
GT,2009-12-31,12.129
GT,2010-01-31,12.4516
GT,2010-02-28,12.5
GT,2010-03-31,13.0645
GT,2010-04-30,12.3667
GT,2010-05-31,0.0
GT,2010-06-30,11.9667
GT,2010-07-31,11.5806
GT,2010-08-31,11.9677
GT,2010-09-30,11.4667
GT,2010-10-31,11.5161
GT,2010-11-30,11.1333
GT,2010-12-31,11.3226
GT,2011-01-31,11.2258
GT,2011-02-28,11.7857
GT,2011-03-31,11.1613
GT,2011-04-30,10.7333
GT,2011-05-31,11.0323
GT,2011-06-30,11.2
GT,2011-07-31,11.3871
GT,2011-08-31,10.9032
GT,2011-09-30,10.7
GT,2011-10-31,10.3548
GT,2011-11-30,10.8333
GT,2011-12-31,10.129
GT,2012-01-31,10.3226
GT,2012-02-29,11.5172
GT,2012-03-31,10.6129
GT,2012-04-30,11.2333
GT,2012-05-31,11.4516
GT,2012-06-30,10.3667
GT,2012-07-31,10.8065
GT,2012-08-31,10.4516
GT,2012-09-30,10.4667
GT,2012-10-31,9.5161
GT,2012-11-30,9.8
GT,2012-12-31,10.6129
GT,2013-01-31,10.3871
GT,2013-02-28,10.9643
GT,2013-03-31,9.6774
GT,2013-04-30,10.5
GT,2013-05-31,9.8065
GT,2013-06-30,9.9333
GT,2013-07-31,9.6774
GT,2013-08-31,9.9677
GT,2013-09-30,9.5667
GT,2013-10-31,9.8065
GT,2013-11-30,9.5667
GT,2013-12-31,10.0968
GT,2014-01-31,9.4839
GT,2014-02-28,9.8929
GT,2014-03-31,11.3548
GT,2014-04-30,9.0667
GT,2014-05-31,9.6452
GT,2014-06-30,10.1667
GT,2014-07-31,9.7419
GT,2014-08-31,10.0968
GT,2014-09-30,9.8667
GT,2014-10-31,8.6452
GT,2014-11-30,11.1667
GT,2014-12-31,10.4194
GT,2015-01-31,10.0323
GT,2015-02-28,10.0357
GT,2015-03-31,10.0
GT,2015-04-30,9.9
GT,2015-05-31,9.4516
GT,2015-06-30,9.9667
GT,2015-07-31,9.5806
GT,2015-08-31,9.7097
GT,2015-09-30,9.7333
GT,2015-10-31,9.2581
GT,2015-11-30,9.6333
GT,2015-12-31,9.1935
GT,2016-01-31,8.9677
GT,2016-02-29,9.4483
GT,2016-03-31,9.4839
GT,2016-04-30,9.4
GT,2016-05-31,9.2581
GT,2016-06-30,8.8667
GT,2016-07-31,8.871
GT,2016-08-31,8.5161
GT,2016-09-30,8.4333
GT,2016-10-31,8.5161
GT,2016-11-30,8.9667
GT,2016-12-31,9.0645
GT,2017-01-31,9.8387
GT,2017-02-28,11.0357
GT,2017-03-31,9.7742
GT,2017-04-30,9.5667
GT,2017-05-31,9.1613
GT,2017-06-30,9.6333
GT,2017-07-31,9.5484
GT,2017-08-31,9.6774
GT,2017-09-30,9.3333
GT,2017-10-31,9.2258
GT,2017-11-30,8.6667
GT,2017-12-31,10.3548
GT,2018-01-31,9.1935
GT,2018-02-28,9.5
GT,2018-03-31,9.0968
GT,2018-04-30,9.4667
GT,2018-05-31,9.1613
GT,2018-06-30,9.0
GT,2018-07-31,9.0645
GT,2018-08-31,9.5806
GT,2018-09-30,9.2
GT,2018-10-31,
GT,2018-11-30,
GT,2018-12-31,
GT,2019-01-31,
GT,2019-02-28,
GT,2019-03-31,
GT,2019-04-30,
GT,2019-05-31,
GT,2019-06-30,9.8
GT,2019-07-31,9.8065
GT,2019-08-31,10.2258
GT,2019-09-30,9.5
GT,2019-10-31,9.4194
GT,2019-11-30,9.2667
GT,2019-12-31,9.1613
GT,2020-01-31,8.6452
GT,2020-02-29,8.8276
GT,2020-03-31,8.8387
GT,2020-04-30,
GT,2020-05-31,
GT,2020-06-30,
GT,2020-07-31,
GT,2020-08-31,
GT,2020-09-30,
GT,2020-10-31,
GT,2020-11-30,
GT,2020-12-31,
GT,2021-01-31,
GT,2021-02-28,
GT,2021-03-31,
GT,2021-04-30,
GT,2021-05-31,
GT,2021-06-30,
GT,2021-07-31,
GT,2021-08-31,
GT,2021-09-30,
GT,2021-10-31,
GT,2021-11-30,
GT,2021-12-31,
GT,2022-01-31,
GT,2022-02-28,
GT,2022-03-31,
GT,2022-04-30,
GT,2022-05-31,
GT,2022-06-30,
GT,2022-07-31,
GT,2022-08-31,
GT,2022-09-30,
GT,2022-10-31,
GT,2022-11-30,
GT,2022-12-31,
GT,2023-01-31,6.4194
GT,2023-02-28,6.6071
GT,2023-03-31,6.5161
GT,2023-04-30,5.8
GT,2023-05-31,6.3871
GT,2023-06-30,6.3333
GT,2023-07-31,5.5484
GT,2023-08-31,6.3226
GT,2023-09-30,5.9333
GT,2023-10-31,1.7419
GT,2023-11-30,5.9
GT,2023-12-31,5.9677
GT,2024-01-31,6.3871
GT,2024-02-29,6.4138
GT,2024-03-31,6.2581
GT,2024-04-30,5.9667
GT,2024-05-31,5.9677
GT,2024-06-30,5.8667
GT,2024-07-31,5.6452
GT,2024-08-31,5.8387
GT,2024-09-30,
GT,2024-10-31,
GT,2024-11-30,
GT,2024-12-31,
GT,2025-01-31,
GY,2002-01-31,0.0
GY,2002-02-28,0.0
GY,2002-03-31,0.0
GY,2002-04-30,0.0
GY,2002-05-31,0.0
GY,2002-06-30,0.0
GY,2002-07-31,0.0
GY,2002-08-31,0.0
GY,2002-09-30,0.0
GY,2002-10-31,0.0
GY,2002-11-30,0.0
GY,2002-12-31,0.0
GY,2003-01-31,0.0
GY,2003-02-28,0.0
GY,2003-03-31,0.0
GY,2003-04-30,0.0
GY,2003-05-31,0.0
GY,2003-06-30,0.0
GY,2003-07-31,0.0
GY,2003-08-31,0.0
GY,2003-09-30,0.0
GY,2003-10-31,0.0
GY,2003-11-30,0.0
GY,2003-12-31,0.0
GY,2004-01-31,0.0
GY,2004-02-29,0.0
GY,2004-03-31,0.0
GY,2004-04-30,0.0
GY,2004-05-31,0.0
GY,2004-06-30,0.0
GY,2004-07-31,0.0
GY,2004-08-31,0.0
GY,2004-09-30,0.0
GY,2004-10-31,0.0
GY,2004-11-30,0.0
GY,2004-12-31,0.0
GY,2005-01-31,0.0
GY,2005-02-28,0.0
GY,2005-03-31,0.0
GY,2005-04-30,0.0
GY,2005-05-31,0.0
GY,2005-06-30,0.0
GY,2005-07-31,0.0
GY,2005-08-31,0.0
GY,2005-09-30,0.0
GY,2005-10-31,0.0
GY,2005-11-30,0.0
GY,2005-12-31,0.0
GY,2006-01-31,0.0
GY,2006-02-28,0.0
GY,2006-03-31,0.0
GY,2006-04-30,0.0
GY,2006-05-31,0.0
GY,2006-06-30,0.0
GY,2006-07-31,0.0
GY,2006-08-31,0.0
GY,2006-09-30,0.0
GY,2006-10-31,0.0
GY,2006-11-30,0.0
GY,2006-12-31,0.0
GY,2007-01-31,0.0
GY,2007-02-28,0.0
GY,2007-03-31,0.0
GY,2007-04-30,0.0
GY,2007-05-31,0.0
GY,2007-06-30,0.0
GY,2007-07-31,0.0
GY,2007-08-31,0.0
GY,2007-09-30,0.0
GY,2007-10-31,0.0
GY,2007-11-30,0.0
GY,2007-12-31,0.0
GY,2008-01-31,0.0
GY,2008-02-29,0.0
GY,2008-03-31,0.0
GY,2008-04-30,0.0
GY,2008-05-31,0.0
GY,2008-06-30,0.0
GY,2008-07-31,0.0
GY,2008-08-31,0.0
GY,2008-09-30,0.0
GY,2008-10-31,0.0
GY,2008-11-30,0.0
GY,2008-12-31,0.0
GY,2009-01-31,0.0
GY,2009-02-28,0.0
GY,2009-03-31,0.0
GY,2009-04-30,0.0
GY,2009-05-31,0.0
GY,2009-06-30,0.0
GY,2009-07-31,0.0
GY,2009-08-31,0.0
GY,2009-09-30,0.0
GY,2009-10-31,0.0
GY,2009-11-30,0.0
GY,2009-12-31,0.0
GY,2010-01-31,0.0
GY,2010-02-28,0.0
GY,2010-03-31,0.0
GY,2010-04-30,0.0
GY,2010-05-31,0.0
GY,2010-06-30,0.0
GY,2010-07-31,0.0
GY,2010-08-31,0.0
GY,2010-09-30,0.0
GY,2010-10-31,0.0
GY,2010-11-30,0.0
GY,2010-12-31,0.0
GY,2011-01-31,0.0
GY,2011-02-28,0.0
GY,2011-03-31,0.0
GY,2011-04-30,0.0
GY,2011-05-31,0.0
GY,2011-06-30,0.0
GY,2011-07-31,0.0
GY,2011-08-31,0.0
GY,2011-09-30,0.0
GY,2011-10-31,0.0
GY,2011-11-30,0.0
GY,2011-12-31,0.0
GY,2012-01-31,0.0
GY,2012-02-29,0.0
GY,2012-03-31,0.0
GY,2012-04-30,0.0
GY,2012-05-31,0.0
GY,2012-06-30,0.0
GY,2012-07-31,0.0
GY,2012-08-31,0.0
GY,2012-09-30,0.0
GY,2012-10-31,0.0
GY,2012-11-30,0.0
GY,2012-12-31,0.0
GY,2013-01-31,0.0
GY,2013-02-28,0.0
GY,2013-03-31,0.0
GY,2013-04-30,0.0
GY,2013-05-31,0.0
GY,2013-06-30,0.0
GY,2013-07-31,0.0
GY,2013-08-31,0.0
GY,2013-09-30,0.0
GY,2013-10-31,0.0
GY,2013-11-30,0.0
GY,2013-12-31,0.0
GY,2014-01-31,0.0
GY,2014-02-28,0.0
GY,2014-03-31,0.0
GY,2014-04-30,0.0
GY,2014-05-31,0.0
GY,2014-06-30,0.0
GY,2014-07-31,0.0
GY,2014-08-31,0.0
GY,2014-09-30,0.0
GY,2014-10-31,0.0
GY,2014-11-30,0.0
GY,2014-12-31,0.0
GY,2015-01-31,0.0
GY,2015-02-28,0.0
GY,2015-03-31,0.0
GY,2015-04-30,0.0
GY,2015-05-31,0.0
GY,2015-06-30,0.0
GY,2015-07-31,0.0
GY,2015-08-31,0.0
GY,2015-09-30,0.0
GY,2015-10-31,0.0
GY,2015-11-30,0.0
GY,2015-12-31,0.0
GY,2016-01-31,0.0
GY,2016-02-29,0.0
GY,2016-03-31,0.0
GY,2016-04-30,0.0
GY,2016-05-31,0.0
GY,2016-06-30,0.0
GY,2016-07-31,0.0
GY,2016-08-31,
GY,2016-09-30,
GY,2016-10-31,
GY,2016-11-30,
GY,2016-12-31,
GY,2017-01-31,
GY,2017-02-28,
GY,2017-03-31,
GY,2017-04-30,
GY,2017-05-31,
GY,2017-06-30,
GY,2017-07-31,
GY,2017-08-31,
GY,2017-09-30,
GY,2017-10-31,
GY,2017-11-30,
GY,2017-12-31,
GY,2018-01-31,
GY,2018-02-28,
GY,2018-03-31,
GY,2018-04-30,
GY,2018-05-31,
GY,2018-06-30,
GY,2018-07-31,
GY,2018-08-31,
GY,2018-09-30,
GY,2018-10-31,
GY,2018-11-30,
GY,2018-12-31,
GY,2019-01-31,
GY,2019-02-28,
GY,2019-03-31,
GY,2019-04-30,
GY,2019-05-31,
GY,2019-06-30,
GY,2019-07-31,
GY,2019-08-31,
GY,2019-09-30,
GY,2019-10-31,
GY,2019-11-30,
GY,2019-12-31,
GY,2020-01-31,
GY,2020-02-29,
GY,2020-03-31,
GY,2020-04-30,
GY,2020-05-31,
GY,2020-06-30,
GY,2020-07-31,
GY,2020-08-31,
GY,2020-09-30,
GY,2020-10-31,
GY,2020-11-30,
GY,2020-12-31,
GY,2021-01-31,
GY,2021-02-28,
GY,2021-03-31,
GY,2021-04-30,
GY,2021-05-31,
GY,2021-06-30,
GY,2021-07-31,
GY,2021-08-31,
GY,2021-09-30,
GY,2021-10-31,
GY,2021-11-30,
GY,2021-12-31,
GY,2022-01-31,
GY,2022-02-28,
GY,2022-03-31,
GY,2022-04-30,
GY,2022-05-31,
GY,2022-06-30,
GY,2022-07-31,
GY,2022-08-31,
GY,2022-09-30,
GY,2022-10-31,
GY,2022-11-30,
GY,2022-12-31,
GY,2023-01-31,
GY,2023-02-28,
GY,2023-03-31,
GY,2023-04-30,
GY,2023-05-31,
GY,2023-06-30,
GY,2023-07-31,
GY,2023-08-31,
GY,2023-09-30,
GY,2023-10-31,
GY,2023-11-30,
GY,2023-12-31,
GY,2024-01-31,
GY,2024-02-29,
GY,2024-03-31,
GY,2024-04-30,
GY,2024-05-31,
GY,2024-06-30,
GY,2024-07-31,
GY,2024-08-31,
GY,2024-09-30,
GY,2024-10-31,
GY,2024-11-30,
GY,2024-12-31,
GY,2025-01-31,
HK,2002-01-31,
HK,2002-02-28,
HK,2002-03-31,
HK,2002-04-30,
HK,2002-05-31,
HK,2002-06-30,
HK,2002-07-31,
HK,2002-08-31,
HK,2002-09-30,
HK,2002-10-31,
HK,2002-11-30,
HK,2002-12-31,
HK,2003-01-31,
HK,2003-02-28,
HK,2003-03-31,
HK,2003-04-30,
HK,2003-05-31,
HK,2003-06-30,
HK,2003-07-31,
HK,2003-08-31,
HK,2003-09-30,
HK,2003-10-31,
HK,2003-11-30,
HK,2003-12-31,
HK,2004-01-31,
HK,2004-02-29,
HK,2004-03-31,
HK,2004-04-30,
HK,2004-05-31,
HK,2004-06-30,
HK,2004-07-31,
HK,2004-08-31,
HK,2004-09-30,
HK,2004-10-31,
HK,2004-11-30,
HK,2004-12-31,
HK,2005-01-31,
HK,2005-02-28,
HK,2005-03-31,
HK,2005-04-30,
HK,2005-05-31,
HK,2005-06-30,
HK,2005-07-31,
HK,2005-08-31,
HK,2005-09-30,
HK,2005-10-31,
HK,2005-11-30,
HK,2005-12-31,
HK,2006-01-31,
HK,2006-02-28,
HK,2006-03-31,
HK,2006-04-30,
HK,2006-05-31,
HK,2006-06-30,
HK,2006-07-31,
HK,2006-08-31,
HK,2006-09-30,
HK,2006-10-31,
HK,2006-11-30,
HK,2006-12-31,
HK,2007-01-31,
HK,2007-02-28,
HK,2007-03-31,
HK,2007-04-30,
HK,2007-05-31,
HK,2007-06-30,
HK,2007-07-31,
HK,2007-08-31,
HK,2007-09-30,
HK,2007-10-31,
HK,2007-11-30,
HK,2007-12-31,
HK,2008-01-31,
HK,2008-02-29,
HK,2008-03-31,
HK,2008-04-30,
HK,2008-05-31,
HK,2008-06-30,
HK,2008-07-31,
HK,2008-08-31,
HK,2008-09-30,
HK,2008-10-31,
HK,2008-11-30,
HK,2008-12-31,
HK,2009-01-31,
HK,2009-02-28,
HK,2009-03-31,
HK,2009-04-30,
HK,2009-05-31,
HK,2009-06-30,
HK,2009-07-31,
HK,2009-08-31,
HK,2009-09-30,
HK,2009-10-31,
HK,2009-11-30,
HK,2009-12-31,
HK,2010-01-31,
HK,2010-02-28,
HK,2010-03-31,
HK,2010-04-30,
HK,2010-05-31,
HK,2010-06-30,
HK,2010-07-31,
HK,2010-08-31,
HK,2010-09-30,
HK,2010-10-31,
HK,2010-11-30,
HK,2010-12-31,
HK,2011-01-31,
HK,2011-02-28,
HK,2011-03-31,
HK,2011-04-30,
HK,2011-05-31,
HK,2011-06-30,
HK,2011-07-31,
HK,2011-08-31,
HK,2011-09-30,
HK,2011-10-31,
HK,2011-11-30,
HK,2011-12-31,
HK,2012-01-31,
HK,2012-02-29,
HK,2012-03-31,
HK,2012-04-30,
HK,2012-05-31,
HK,2012-06-30,
HK,2012-07-31,
HK,2012-08-31,
HK,2012-09-30,
HK,2012-10-31,
HK,2012-11-30,
HK,2012-12-31,
HK,2013-01-31,
HK,2013-02-28,
HK,2013-03-31,
HK,2013-04-30,
HK,2013-05-31,
HK,2013-06-30,
HK,2013-07-31,
HK,2013-08-31,
HK,2013-09-30,
HK,2013-10-31,
HK,2013-11-30,
HK,2013-12-31,
HK,2014-01-31,
HK,2014-02-28,
HK,2014-03-31,
HK,2014-04-30,
HK,2014-05-31,
HK,2014-06-30,
HK,2014-07-31,
HK,2014-08-31,
HK,2014-09-30,
HK,2014-10-31,
HK,2014-11-30,
HK,2014-12-31,
HK,2015-01-31,
HK,2015-02-28,
HK,2015-03-31,
HK,2015-04-30,
HK,2015-05-31,
HK,2015-06-30,
HK,2015-07-31,
HK,2015-08-31,
HK,2015-09-30,
HK,2015-10-31,
HK,2015-11-30,
HK,2015-12-31,
HK,2016-01-31,
HK,2016-02-29,
HK,2016-03-31,
HK,2016-04-30,
HK,2016-05-31,
HK,2016-06-30,
HK,2016-07-31,
HK,2016-08-31,
HK,2016-09-30,
HK,2016-10-31,
HK,2016-11-30,
HK,2016-12-31,
HK,2017-01-31,
HK,2017-02-28,
HK,2017-03-31,
HK,2017-04-30,
HK,2017-05-31,
HK,2017-06-30,
HK,2017-07-31,
HK,2017-08-31,
HK,2017-09-30,
HK,2017-10-31,
HK,2017-11-30,
HK,2017-12-31,
HK,2018-01-31,
HK,2018-02-28,
HK,2018-03-31,
HK,2018-04-30,
HK,2018-05-31,
HK,2018-06-30,
HK,2018-07-31,
HK,2018-08-31,
HK,2018-09-30,
HK,2018-10-31,
HK,2018-11-30,
HK,2018-12-31,
HK,2019-01-31,
HK,2019-02-28,
HK,2019-03-31,
HK,2019-04-30,
HK,2019-05-31,
HK,2019-06-30,
HK,2019-07-31,
HK,2019-08-31,
HK,2019-09-30,
HK,2019-10-31,
HK,2019-11-30,
HK,2019-12-31,
HK,2020-01-31,
HK,2020-02-29,
HK,2020-03-31,
HK,2020-04-30,
HK,2020-05-31,
HK,2020-06-30,
HK,2020-07-31,
HK,2020-08-31,
HK,2020-09-30,
HK,2020-10-31,
HK,2020-11-30,
HK,2020-12-31,
HK,2021-01-31,
HK,2021-02-28,
HK,2021-03-31,
HK,2021-04-30,
HK,2021-05-31,
HK,2021-06-30,
HK,2021-07-31,
HK,2021-08-31,
HK,2021-09-30,
HK,2021-10-31,
HK,2021-11-30,
HK,2021-12-31,
HK,2022-01-31,
HK,2022-02-28,
HK,2022-03-31,
HK,2022-04-30,
HK,2022-05-31,
HK,2022-06-30,
HK,2022-07-31,
HK,2022-08-31,
HK,2022-09-30,
HK,2022-10-31,
HK,2022-11-30,
HK,2022-12-31,
HK,2023-01-31,
HK,2023-02-28,
HK,2023-03-31,
HK,2023-04-30,
HK,2023-05-31,
HK,2023-06-30,
HK,2023-07-31,
HK,2023-08-31,
HK,2023-09-30,
HK,2023-10-31,
HK,2023-11-30,
HK,2023-12-31,
HK,2024-01-31,
HK,2024-02-29,
HK,2024-03-31,
HK,2024-04-30,
HK,2024-05-31,
HK,2024-06-30,
HK,2024-07-31,
HK,2024-08-31,
HK,2024-09-30,
HK,2024-10-31,
HK,2024-11-30,
HK,2024-12-31,
HK,2025-01-31,
HK,2025-02-28,
HK,2025-03-31,
HN,2002-01-31,0.0
HN,2002-02-28,0.0
HN,2002-03-31,0.0
HN,2002-04-30,0.0
HN,2002-05-31,0.0
HN,2002-06-30,0.0
HN,2002-07-31,0.0
HN,2002-08-31,0.0
HN,2002-09-30,0.0
HN,2002-10-31,0.0
HN,2002-11-30,0.0
HN,2002-12-31,0.0
HN,2003-01-31,0.0
HN,2003-02-28,0.0
HN,2003-03-31,0.0
HN,2003-04-30,0.0
HN,2003-05-31,0.0
HN,2003-06-30,0.0
HN,2003-07-31,0.0
HN,2003-08-31,0.0
HN,2003-09-30,0.0
HN,2003-10-31,0.0
HN,2003-11-30,0.0
HN,2003-12-31,0.0
HN,2004-01-31,0.0
HN,2004-02-29,0.0
HN,2004-03-31,0.0
HN,2004-04-30,0.0
HN,2004-05-31,0.0
HN,2004-06-30,0.0
HN,2004-07-31,0.0
HN,2004-08-31,0.0
HN,2004-09-30,0.0
HN,2004-10-31,0.0
HN,2004-11-30,0.0
HN,2004-12-31,0.0
HN,2005-01-31,0.0
HN,2005-02-28,0.0
HN,2005-03-31,0.0
HN,2005-04-30,0.0
HN,2005-05-31,0.0
HN,2005-06-30,0.0
HN,2005-07-31,0.0
HN,2005-08-31,0.0
HN,2005-09-30,0.0
HN,2005-10-31,0.0
HN,2005-11-30,0.0
HN,2005-12-31,0.0
HN,2006-01-31,0.0
HN,2006-02-28,0.0
HN,2006-03-31,0.0
HN,2006-04-30,0.0
HN,2006-05-31,0.0
HN,2006-06-30,0.0
HN,2006-07-31,0.0
HN,2006-08-31,0.0
HN,2006-09-30,0.0
HN,2006-10-31,0.0
HN,2006-11-30,0.0
HN,2006-12-31,0.0
HN,2007-01-31,0.0
HN,2007-02-28,0.0
HN,2007-03-31,0.0
HN,2007-04-30,0.0
HN,2007-05-31,0.0
HN,2007-06-30,0.0
HN,2007-07-31,0.0
HN,2007-08-31,0.0
HN,2007-09-30,0.0
HN,2007-10-31,0.0
HN,2007-11-30,0.0
HN,2007-12-31,0.0
HN,2008-01-31,0.0
HN,2008-02-29,0.0
HN,2008-03-31,0.0
HN,2008-04-30,0.0
HN,2008-05-31,0.0
HN,2008-06-30,0.0
HN,2008-07-31,0.0
HN,2008-08-31,0.0
HN,2008-09-30,0.0
HN,2008-10-31,0.0
HN,2008-11-30,0.0
HN,2008-12-31,0.0
HN,2009-01-31,0.0
HN,2009-02-28,0.0
HN,2009-03-31,0.0
HN,2009-04-30,0.0
HN,2009-05-31,0.0
HN,2009-06-30,0.0
HN,2009-07-31,0.0
HN,2009-08-31,0.0
HN,2009-09-30,0.0
HN,2009-10-31,0.0
HN,2009-11-30,0.0
HN,2009-12-31,0.0
HN,2010-01-31,0.0
HN,2010-02-28,0.0
HN,2010-03-31,0.0
HN,2010-04-30,0.0
HN,2010-05-31,0.0
HN,2010-06-30,0.0
HN,2010-07-31,0.0
HN,2010-08-31,0.0
HN,2010-09-30,0.0
HN,2010-10-31,0.0
HN,2010-11-30,0.0
HN,2010-12-31,0.0
HN,2011-01-31,0.0
HN,2011-02-28,0.0
HN,2011-03-31,0.0
HN,2011-04-30,0.0
HN,2011-05-31,0.0
HN,2011-06-30,0.0
HN,2011-07-31,0.0
HN,2011-08-31,0.0
HN,2011-09-30,0.0
HN,2011-10-31,0.0
HN,2011-11-30,0.0
HN,2011-12-31,0.0
HN,2012-01-31,0.0
HN,2012-02-29,0.0
HN,2012-03-31,0.0
HN,2012-04-30,0.0
HN,2012-05-31,0.0
HN,2012-06-30,0.0
HN,2012-07-31,0.0
HN,2012-08-31,0.0
HN,2012-09-30,0.0
HN,2012-10-31,0.0
HN,2012-11-30,0.0
HN,2012-12-31,0.0
HN,2013-01-31,0.0
HN,2013-02-28,0.0
HN,2013-03-31,0.0
HN,2013-04-30,0.0
HN,2013-05-31,0.0
HN,2013-06-30,0.0
HN,2013-07-31,0.0
HN,2013-08-31,0.0
HN,2013-09-30,0.0
HN,2013-10-31,0.0
HN,2013-11-30,0.0
HN,2013-12-31,0.0
HN,2014-01-31,0.0
HN,2014-02-28,0.0
HN,2014-03-31,0.0
HN,2014-04-30,0.0
HN,2014-05-31,0.0
HN,2014-06-30,0.0
HN,2014-07-31,0.0
HN,2014-08-31,0.0
HN,2014-09-30,0.0
HN,2014-10-31,0.0
HN,2014-11-30,0.0
HN,2014-12-31,0.0
HN,2015-01-31,0.0
HN,2015-02-28,0.0
HN,2015-03-31,0.0
HN,2015-04-30,0.0
HN,2015-05-31,0.0
HN,2015-06-30,0.0
HN,2015-07-31,0.0
HN,2015-08-31,0.0
HN,2015-09-30,0.0
HN,2015-10-31,0.0
HN,2015-11-30,0.0
HN,2015-12-31,0.0
HN,2016-01-31,0.0
HN,2016-02-29,0.0
HN,2016-03-31,0.0
HN,2016-04-30,0.0
HN,2016-05-31,0.0
HN,2016-06-30,0.0
HN,2016-07-31,0.0
HN,2016-08-31,
HN,2016-09-30,
HN,2016-10-31,
HN,2016-11-30,
HN,2016-12-31,
HN,2017-01-31,
HN,2017-02-28,
HN,2017-03-31,
HN,2017-04-30,
HN,2017-05-31,
HN,2017-06-30,
HN,2017-07-31,
HN,2017-08-31,
HN,2017-09-30,
HN,2017-10-31,
HN,2017-11-30,
HN,2017-12-31,
HN,2018-01-31,
HN,2018-02-28,
HN,2018-03-31,
HN,2018-04-30,
HN,2018-05-31,
HN,2018-06-30,
HN,2018-07-31,
HN,2018-08-31,
HN,2018-09-30,
HN,2018-10-31,
HN,2018-11-30,
HN,2018-12-31,
HN,2019-01-31,
HN,2019-02-28,
HN,2019-03-31,
HN,2019-04-30,
HN,2019-05-31,
HN,2019-06-30,
HN,2019-07-31,
HN,2019-08-31,
HN,2019-09-30,
HN,2019-10-31,
HN,2019-11-30,
HN,2019-12-31,
HN,2020-01-31,
HN,2020-02-29,
HN,2020-03-31,
HN,2020-04-30,
HN,2020-05-31,
HN,2020-06-30,
HN,2020-07-31,
HN,2020-08-31,
HN,2020-09-30,
HN,2020-10-31,
HN,2020-11-30,
HN,2020-12-31,
HN,2021-01-31,
HN,2021-02-28,
HN,2021-03-31,
HN,2021-04-30,
HN,2021-05-31,
HN,2021-06-30,
HN,2021-07-31,
HN,2021-08-31,
HN,2021-09-30,
HN,2021-10-31,
HN,2021-11-30,
HN,2021-12-31,
HN,2022-01-31,
HN,2022-02-28,
HN,2022-03-31,
HN,2022-04-30,
HN,2022-05-31,
HN,2022-06-30,
HN,2022-07-31,
HN,2022-08-31,
HN,2022-09-30,
HN,2022-10-31,
HN,2022-11-30,
HN,2022-12-31,
HN,2023-01-31,
HN,2023-02-28,
HN,2023-03-31,
HN,2023-04-30,
HN,2023-05-31,
HN,2023-06-30,
HN,2023-07-31,
HN,2023-08-31,
HN,2023-09-30,
HN,2023-10-31,
HN,2023-11-30,
HN,2023-12-31,
HN,2024-01-31,
HN,2024-02-29,
HN,2024-03-31,
HN,2024-04-30,
HN,2024-05-31,
HN,2024-06-30,
HN,2024-07-31,
HN,2024-08-31,
HN,2024-09-30,
HN,2024-10-31,
HN,2024-11-30,
HN,2024-12-31,
HN,2025-01-31,
HR,2002-01-31,
HR,2002-02-28,
HR,2002-03-31,
HR,2002-04-30,
HR,2002-05-31,
HR,2002-06-30,
HR,2002-07-31,
HR,2002-08-31,
HR,2002-09-30,
HR,2002-10-31,
HR,2002-11-30,
HR,2002-12-31,
HR,2003-01-31,
HR,2003-02-28,
HR,2003-03-31,
HR,2003-04-30,
HR,2003-05-31,
HR,2003-06-30,
HR,2003-07-31,
HR,2003-08-31,
HR,2003-09-30,
HR,2003-10-31,
HR,2003-11-30,
HR,2003-12-31,
HR,2004-01-31,
HR,2004-02-29,
HR,2004-03-31,
HR,2004-04-30,
HR,2004-05-31,
HR,2004-06-30,
HR,2004-07-31,
HR,2004-08-31,
HR,2004-09-30,
HR,2004-10-31,
HR,2004-11-30,
HR,2004-12-31,
HR,2005-01-31,20.3397
HR,2005-02-28,19.6047
HR,2005-03-31,19.6218
HR,2005-04-30,19.2868
HR,2005-05-31,19.1432
HR,2005-06-30,17.5559
HR,2005-07-31,19.3825
HR,2005-08-31,19.1432
HR,2005-09-30,19.0395
HR,2005-10-31,19.1432
HR,2005-11-30,19.2868
HR,2005-12-31,19.3825
HR,2006-01-31,19.3825
HR,2006-02-28,19.3398
HR,2006-03-31,19.3825
HR,2006-04-30,19.5341
HR,2006-05-31,18.6646
HR,2006-06-30,16.3196
HR,2006-07-31,18.4254
HR,2006-08-31,18.6646
HR,2006-09-30,18.545
HR,2006-10-31,18.6646
HR,2006-11-30,18.545
HR,2006-12-31,18.4254
HR,2007-01-31,18.4254
HR,2007-02-28,18.2801
HR,2007-03-31,18.1861
HR,2007-04-30,18.2977
HR,2007-05-31,18.1861
HR,2007-06-30,18.0505
HR,2007-07-31,17.7075
HR,2007-08-31,17.9468
HR,2007-09-30,15.3305
HR,2007-10-31,18.1861
HR,2007-11-30,17.8032
HR,2007-12-31,17.7075
HR,2008-01-31,17.9468
HR,2008-02-29,17.1381
HR,2008-03-31,17.7075
HR,2008-04-30,17.3087
HR,2008-05-31,16.9896
HR,2008-06-30,17.3087
HR,2008-07-31,17.2289
HR,2008-08-31,16.7503
HR,2008-09-30,14.836
HR,2008-10-31,16.511
HR,2008-11-30,17.0614
HR,2008-12-31,16.511
HR,2009-01-31,16.2717
HR,2009-02-28,16.1606
HR,2009-03-31,16.2717
HR,2009-04-30,16.0723
HR,2009-05-31,16.0325
HR,2009-06-30,16.0723
HR,2009-07-31,15.7932
HR,2009-08-31,15.7932
HR,2009-09-30,13.5997
HR,2009-10-31,15.3146
HR,2009-11-30,15.3305
HR,2009-12-31,15.3146
HR,2010-01-31,15.0753
HR,2010-02-28,15.3659
HR,2010-03-31,14.836
HR,2010-04-30,14.836
HR,2010-05-31,14.5967
HR,2010-06-30,14.3415
HR,2010-07-31,14.3574
HR,2010-08-31,15.0753
HR,2010-09-30,13.3524
HR,2010-10-31,14.3574
HR,2010-11-30,14.5887
HR,2010-12-31,14.5967
HR,2011-01-31,14.3574
HR,2011-02-28,14.5711
HR,2011-03-31,14.3574
HR,2011-04-30,14.3415
HR,2011-05-31,14.1181
HR,2011-06-30,14.0942
HR,2011-07-31,14.1181
HR,2011-08-31,13.6395
HR,2011-09-30,11.8688
HR,2011-10-31,11.7252
HR,2011-11-30,12.1161
HR,2011-12-31,12.4431
HR,2012-01-31,11.9645
HR,2012-02-29,12.0223
HR,2012-03-31,12.2038
HR,2012-04-30,12.3633
HR,2012-05-31,12.4431
HR,2012-06-30,12.3633
HR,2012-07-31,12.4431
HR,2012-08-31,11.9645
HR,2012-09-30,10.6325
HR,2012-10-31,11.9645
HR,2012-11-30,12.3633
HR,2012-12-31,11.9645
HR,2013-01-31,11.4859
HR,2013-02-28,11.9218
HR,2013-03-31,12.2038
HR,2013-04-30,12.1161
HR,2013-05-31,12.2038
HR,2013-06-30,12.1161
HR,2013-07-31,12.4431
HR,2013-08-31,12.2038
HR,2013-09-30,12.6106
HR,2013-10-31,11.9645
HR,2013-11-30,11.8688
HR,2013-12-31,11.7252
HR,2014-01-31,10.5288
HR,2014-02-28,10.5971
HR,2014-03-31,11.0074
HR,2014-04-30,10.8797
HR,2014-05-31,10.5288
HR,2014-06-30,10.6325
HR,2014-07-31,10.2895
HR,2014-08-31,10.5288
HR,2014-09-30,9.8907
HR,2014-10-31,11.0074
HR,2014-11-30,11.6215
HR,2014-12-31,12.6824
HR,2015-01-31,12.4431
HR,2015-02-28,12.4516
HR,2015-03-31,11.9645
HR,2015-04-30,12.1161
HR,2015-05-31,11.9645
HR,2015-06-30,11.8688
HR,2015-07-31,11.9645
HR,2015-08-31,12.4431
HR,2015-09-30,12.6106
HR,2015-10-31,12.9217
HR,2015-11-30,13.3524
HR,2015-12-31,14.3574
HR,2016-01-31,13.161
HR,2016-02-29,14.0686
HR,2016-03-31,13.4003
HR,2016-04-30,14.0942
HR,2016-05-31,14.1181
HR,2016-06-30,14.0942
HR,2016-07-31,14.1181
HR,2016-08-31,13.8788
HR,2016-09-30,13.3524
HR,2016-10-31,13.6395
HR,2016-11-30,13.5997
HR,2016-12-31,13.4003
HR,2017-01-31,12.9217
HR,2017-02-28,13.5114
HR,2017-03-31,13.6395
HR,2017-04-30,13.8469
HR,2017-05-31,14.5967
HR,2017-06-30,14.0942
HR,2017-07-31,14.1181
HR,2017-08-31,14.5967
HR,2017-09-30,14.3415
HR,2017-10-31,13.6395
HR,2017-11-30,13.8469
HR,2017-12-31,13.4003
HR,2018-01-31,13.6395
HR,2018-02-28,13.7763
HR,2018-03-31,13.6395
HR,2018-04-30,14.0942
HR,2018-05-31,13.8788
HR,2018-06-30,13.8469
HR,2018-07-31,13.8788
HR,2018-08-31,13.6395
HR,2018-09-30,13.5997
HR,2018-10-31,14.3574
HR,2018-11-30,14.0942
HR,2018-12-31,13.8788
HR,2019-01-31,13.8788
HR,2019-02-28,13.7763
HR,2019-03-31,13.8788
HR,2019-04-30,14.0942
HR,2019-05-31,14.3574
HR,2019-06-30,13.3524
HR,2019-07-31,13.4003
HR,2019-08-31,13.4003
HR,2019-09-30,12.8579
HR,2019-10-31,12.9217
HR,2019-11-30,12.8579
HR,2019-12-31,12.6824
HR,2020-01-31,12.4431
HR,2020-02-29,12.2781
HR,2020-03-31,12.2038
HR,2020-04-30,12.1161
HR,2020-05-31,12.2038
HR,2020-06-30,12.1161
HR,2020-07-31,11.9645
HR,2020-08-31,11.7252
HR,2020-09-30,10.8797
HR,2020-10-31,11.4859
HR,2020-11-30,11.6215
HR,2020-12-31,11.4859
HR,2021-01-31,11.4859
HR,2021-02-28,11.127
HR,2021-03-31,11.4859
HR,2021-04-30,11.3743
HR,2021-05-31,11.2466
HR,2021-06-30,11.127
HR,2021-07-31,11.2466
HR,2021-08-31,11.2466
HR,2021-09-30,11.3743
HR,2021-10-31,11.2466
HR,2021-11-30,11.6215
HR,2021-12-31,11.4859
HR,2022-01-31,11.4859
HR,2022-02-28,11.127
HR,2022-03-31,11.2466
HR,2022-04-30,10.8797
HR,2022-05-31,10.5288
HR,2022-06-30,10.8797
HR,2022-07-31,10.7681
HR,2022-08-31,11.2466
HR,2022-09-30,11.127
HR,2022-10-31,11.2466
HR,2022-11-30,11.127
HR,2022-12-31,10.7681
HR,2023-01-31,10.7681
HR,2023-02-28,10.8621
HR,2023-03-31,10.7681
HR,2023-04-30,10.6325
HR,2023-05-31,10.2895
HR,2023-06-30,10.8797
HR,2023-07-31,10.5288
HR,2023-08-31,10.5288
HR,2023-09-30,9.8907
HR,2023-10-31,10.2895
HR,2023-11-30,10.1379
HR,2023-12-31,10.0502
HR,2024-01-31,10.0502
HR,2024-02-29,9.9759
HR,2024-03-31,10.0502
HR,2024-04-30,9.8907
HR,2024-05-31,10.2895
HR,2024-06-30,9.8907
HR,2024-07-31,10.2895
HR,2024-08-31,9.8109
HR,2024-09-30,9.8907
HR,2024-10-31,9.8109
HR,2024-11-30,9.8907
HR,2024-12-31,10.0502
HR,2025-01-31,9.8109
HR,2025-02-28,9.2725
HR,2025-03-31,
HT,2002-01-31,0.0
HT,2002-02-28,0.0
HT,2002-03-31,0.0
HT,2002-04-30,0.0
HT,2002-05-31,0.0
HT,2002-06-30,0.0
HT,2002-07-31,0.0
HT,2002-08-31,0.0
HT,2002-09-30,0.0
HT,2002-10-31,0.0
HT,2002-11-30,0.0
HT,2002-12-31,0.0
HT,2003-01-31,0.0
HT,2003-02-28,0.0
HT,2003-03-31,0.0
HT,2003-04-30,0.0
HT,2003-05-31,0.0
HT,2003-06-30,0.0
HT,2003-07-31,0.0
HT,2003-08-31,0.0
HT,2003-09-30,0.0
HT,2003-10-31,0.0
HT,2003-11-30,0.0
HT,2003-12-31,0.0
HT,2004-01-31,0.0
HT,2004-02-29,0.0
HT,2004-03-31,0.0
HT,2004-04-30,0.0
HT,2004-05-31,0.0
HT,2004-06-30,0.0
HT,2004-07-31,0.0
HT,2004-08-31,0.0
HT,2004-09-30,0.0
HT,2004-10-31,0.0
HT,2004-11-30,0.0
HT,2004-12-31,0.0
HT,2005-01-31,0.0
HT,2005-02-28,0.0
HT,2005-03-31,0.0
HT,2005-04-30,0.0
HT,2005-05-31,0.0
HT,2005-06-30,0.0
HT,2005-07-31,0.0
HT,2005-08-31,0.0
HT,2005-09-30,0.0
HT,2005-10-31,0.0
HT,2005-11-30,0.0
HT,2005-12-31,0.0
HT,2006-01-31,0.0
HT,2006-02-28,0.0
HT,2006-03-31,0.0
HT,2006-04-30,0.0
HT,2006-05-31,0.0
HT,2006-06-30,0.0
HT,2006-07-31,0.0
HT,2006-08-31,0.0
HT,2006-09-30,0.0
HT,2006-10-31,0.0
HT,2006-11-30,0.0
HT,2006-12-31,0.0
HT,2007-01-31,0.0
HT,2007-02-28,0.0
HT,2007-03-31,0.0
HT,2007-04-30,0.0
HT,2007-05-31,0.0
HT,2007-06-30,0.0
HT,2007-07-31,0.0
HT,2007-08-31,0.0
HT,2007-09-30,0.0
HT,2007-10-31,0.0
HT,2007-11-30,0.0
HT,2007-12-31,0.0
HT,2008-01-31,0.0
HT,2008-02-29,0.0
HT,2008-03-31,0.0
HT,2008-04-30,0.0
HT,2008-05-31,0.0
HT,2008-06-30,0.0
HT,2008-07-31,0.0
HT,2008-08-31,0.0
HT,2008-09-30,0.0
HT,2008-10-31,0.0
HT,2008-11-30,0.0
HT,2008-12-31,0.0
HT,2009-01-31,0.0
HT,2009-02-28,0.0
HT,2009-03-31,0.0
HT,2009-04-30,0.0
HT,2009-05-31,0.0
HT,2009-06-30,0.0
HT,2009-07-31,0.0
HT,2009-08-31,0.0
HT,2009-09-30,0.0
HT,2009-10-31,0.0
HT,2009-11-30,0.0
HT,2009-12-31,0.0
HT,2010-01-31,0.0
HT,2010-02-28,0.0
HT,2010-03-31,0.0
HT,2010-04-30,0.0
HT,2010-05-31,0.0
HT,2010-06-30,0.0
HT,2010-07-31,0.0
HT,2010-08-31,0.0
HT,2010-09-30,0.0
HT,2010-10-31,0.0
HT,2010-11-30,0.0
HT,2010-12-31,0.0
HT,2011-01-31,0.0
HT,2011-02-28,0.0
HT,2011-03-31,0.0
HT,2011-04-30,0.0
HT,2011-05-31,0.0
HT,2011-06-30,0.0
HT,2011-07-31,0.0
HT,2011-08-31,0.0
HT,2011-09-30,0.0
HT,2011-10-31,0.0
HT,2011-11-30,0.0
HT,2011-12-31,0.0
HT,2012-01-31,0.0
HT,2012-02-29,0.0
HT,2012-03-31,0.0
HT,2012-04-30,0.0
HT,2012-05-31,0.0
HT,2012-06-30,0.0
HT,2012-07-31,0.0
HT,2012-08-31,0.0
HT,2012-09-30,0.0
HT,2012-10-31,0.0
HT,2012-11-30,0.0
HT,2012-12-31,0.0
HT,2013-01-31,0.0
HT,2013-02-28,0.0
HT,2013-03-31,0.0
HT,2013-04-30,0.0
HT,2013-05-31,0.0
HT,2013-06-30,0.0
HT,2013-07-31,0.0
HT,2013-08-31,0.0
HT,2013-09-30,0.0
HT,2013-10-31,0.0
HT,2013-11-30,0.0
HT,2013-12-31,0.0
HT,2014-01-31,0.0
HT,2014-02-28,0.0
HT,2014-03-31,0.0
HT,2014-04-30,0.0
HT,2014-05-31,0.0
HT,2014-06-30,0.0
HT,2014-07-31,0.0
HT,2014-08-31,0.0
HT,2014-09-30,0.0
HT,2014-10-31,0.0
HT,2014-11-30,0.0
HT,2014-12-31,0.0
HT,2015-01-31,0.0
HT,2015-02-28,0.0
HT,2015-03-31,0.0
HT,2015-04-30,0.0
HT,2015-05-31,0.0
HT,2015-06-30,0.0
HT,2015-07-31,0.0
HT,2015-08-31,0.0
HT,2015-09-30,0.0
HT,2015-10-31,0.0
HT,2015-11-30,0.0
HT,2015-12-31,0.0
HT,2016-01-31,0.0
HT,2016-02-29,0.0
HT,2016-03-31,0.0
HT,2016-04-30,0.0
HT,2016-05-31,0.0
HT,2016-06-30,0.0
HT,2016-07-31,0.0
HT,2016-08-31,
HT,2016-09-30,
HT,2016-10-31,
HT,2016-11-30,
HT,2016-12-31,
HT,2017-01-31,
HT,2017-02-28,
HT,2017-03-31,
HT,2017-04-30,
HT,2017-05-31,
HT,2017-06-30,
HT,2017-07-31,
HT,2017-08-31,
HT,2017-09-30,
HT,2017-10-31,
HT,2017-11-30,
HT,2017-12-31,
HT,2018-01-31,
HT,2018-02-28,
HT,2018-03-31,
HT,2018-04-30,
HT,2018-05-31,
HT,2018-06-30,
HT,2018-07-31,
HT,2018-08-31,
HT,2018-09-30,
HT,2018-10-31,
HT,2018-11-30,
HT,2018-12-31,
HT,2019-01-31,
HT,2019-02-28,
HT,2019-03-31,
HT,2019-04-30,
HT,2019-05-31,
HT,2019-06-30,
HT,2019-07-31,
HT,2019-08-31,
HT,2019-09-30,
HT,2019-10-31,
HT,2019-11-30,
HT,2019-12-31,
HT,2020-01-31,
HT,2020-02-29,
HT,2020-03-31,
HT,2020-04-30,
HT,2020-05-31,
HT,2020-06-30,
HT,2020-07-31,
HT,2020-08-31,
HT,2020-09-30,
HT,2020-10-31,
HT,2020-11-30,
HT,2020-12-31,
HT,2021-01-31,
HT,2021-02-28,
HT,2021-03-31,
HT,2021-04-30,
HT,2021-05-31,
HT,2021-06-30,
HT,2021-07-31,
HT,2021-08-31,
HT,2021-09-30,
HT,2021-10-31,
HT,2021-11-30,
HT,2021-12-31,
HT,2022-01-31,
HT,2022-02-28,
HT,2022-03-31,
HT,2022-04-30,
HT,2022-05-31,
HT,2022-06-30,
HT,2022-07-31,
HT,2022-08-31,
HT,2022-09-30,
HT,2022-10-31,
HT,2022-11-30,
HT,2022-12-31,
HT,2023-01-31,
HT,2023-02-28,
HT,2023-03-31,
HT,2023-04-30,
HT,2023-05-31,
HT,2023-06-30,
HT,2023-07-31,
HT,2023-08-31,
HT,2023-09-30,
HT,2023-10-31,
HT,2023-11-30,
HT,2023-12-31,
HT,2024-01-31,
HT,2024-02-29,
HT,2024-03-31,
HT,2024-04-30,
HT,2024-05-31,
HT,2024-06-30,
HT,2024-07-31,
HT,2024-08-31,
HT,2024-09-30,
HT,2024-10-31,
HT,2024-11-30,
HT,2024-12-31,
HT,2025-01-31,
HU,2002-01-31,27.1919
HU,2002-02-28,25.1314
HU,2002-03-31,27.4284
HU,2002-04-30,25.4107
HU,2002-05-31,20.5713
HU,2002-06-30,25.1663
HU,2002-07-31,23.6452
HU,2002-08-31,19.389
HU,2002-09-30,23.2117
HU,2002-10-31,25.3003
HU,2002-11-30,24.6777
HU,2002-12-31,24.8274
HU,2003-01-31,22.6994
HU,2003-02-28,28.0111
HU,2003-03-31,28.1377
HU,2003-04-30,26.8767
HU,2003-05-31,25.7732
HU,2003-06-30,26.1437
HU,2003-07-31,25.7732
HU,2003-08-31,25.0639
HU,2003-09-30,24.922
HU,2003-10-31,27.6648
HU,2003-11-30,29.32
HU,2003-12-31,35.9406
HU,2004-01-31,26.4826
HU,2004-02-29,22.2428
HU,2004-03-31,22.6994
HU,2004-04-30,21.99
HU,2004-05-31,21.7535
HU,2004-06-30,21.99
HU,2004-07-31,21.5171
HU,2004-08-31,19.8619
HU,2004-09-30,21.0127
HU,2004-10-31,20.5713
HU,2004-11-30,19.5467
HU,2004-12-31,24.8274
HU,2005-01-31,20.8077
HU,2005-02-28,20.1575
HU,2005-03-31,20.0984
HU,2005-04-30,18.8137
HU,2005-05-31,18.9161
HU,2005-06-30,18.5693
HU,2005-07-31,19.1526
HU,2005-08-31,17.9703
HU,2005-09-30,18.0807
HU,2005-10-31,18.6797
HU,2005-11-30,18.5693
HU,2005-12-31,18.4432
HU,2006-01-31,18.6797
HU,2006-02-28,18.8486
HU,2006-03-31,18.6797
HU,2006-04-30,18.325
HU,2006-05-31,17.4974
HU,2006-06-30,17.592
HU,2006-07-31,17.0245
HU,2006-08-31,17.0245
HU,2006-09-30,17.3477
HU,2006-10-31,17.9703
HU,2006-11-30,17.3477
HU,2006-12-31,17.261
HU,2007-01-31,17.4974
HU,2007-02-28,17.5396
HU,2007-03-31,14.66
HU,2007-04-30,17.592
HU,2007-05-31,17.4974
HU,2007-06-30,16.859
HU,2007-07-31,16.7881
HU,2007-08-31,16.5516
HU,2007-09-30,16.3703
HU,2007-10-31,16.3152
HU,2007-11-30,16.126
HU,2007-12-31,15.3694
HU,2008-01-31,15.3694
HU,2008-02-29,15.4183
HU,2008-03-31,15.1329
HU,2008-04-30,16.859
HU,2008-05-31,17.7339
HU,2008-06-30,16.3703
HU,2008-07-31,16.5516
HU,2008-08-31,15.6058
HU,2008-09-30,16.126
HU,2008-10-31,16.0787
HU,2008-11-30,15.8817
HU,2008-12-31,15.3694
HU,2009-01-31,16.3152
HU,2009-02-28,15.7071
HU,2009-03-31,15.8423
HU,2009-04-30,16.6147
HU,2009-05-31,15.8423
HU,2009-06-30,15.1487
HU,2009-07-31,15.6058
HU,2009-08-31,15.3694
HU,2009-09-30,15.8817
HU,2009-10-31,15.8423
HU,2009-11-30,16.126
HU,2009-12-31,16.0787
HU,2010-01-31,15.1329
HU,2010-02-28,15.4454
HU,2010-03-31,15.6058
HU,2010-04-30,15.6373
HU,2010-05-31,15.1329
HU,2010-06-30,14.66
HU,2010-07-31,13.4777
HU,2010-08-31,13.2413
HU,2010-09-30,14.4157
HU,2010-10-31,14.4235
HU,2010-11-30,13.927
HU,2010-12-31,13.2413
HU,2011-01-31,13.4777
HU,2011-02-28,14.3982
HU,2011-03-31,14.4235
HU,2011-04-30,14.4157
HU,2011-05-31,13.9506
HU,2011-06-30,13.6827
HU,2011-07-31,12.2955
HU,2011-08-31,12.2955
HU,2011-09-30,12.2167
HU,2011-10-31,12.2955
HU,2011-11-30,12.461
HU,2011-12-31,12.5319
HU,2012-01-31,13.2413
HU,2012-02-29,12.6379
HU,2012-03-31,12.5319
HU,2012-04-30,12.7053
HU,2012-05-31,12.2955
HU,2012-06-30,12.7053
HU,2012-07-31,12.2955
HU,2012-08-31,13.2413
HU,2012-09-30,13.927
HU,2012-10-31,14.1871
HU,2012-11-30,13.194
HU,2012-12-31,12.2955
HU,2013-01-31,13.7142
HU,2013-02-28,12.3039
HU,2013-03-31,11.8226
HU,2013-04-30,11.9723
HU,2013-05-31,12.059
HU,2013-06-30,12.2167
HU,2013-07-31,11.3497
HU,2013-08-31,11.8226
HU,2013-09-30,11.728
HU,2013-10-31,12.5319
HU,2013-11-30,12.461
HU,2013-12-31,12.059
HU,2014-01-31,11.5861
HU,2014-02-28,12.0421
HU,2014-03-31,11.5861
HU,2014-04-30,10.995
HU,2014-05-31,11.1132
HU,2014-06-30,11.4837
HU,2014-07-31,11.3497
HU,2014-08-31,11.1132
HU,2014-09-30,10.5063
HU,2014-10-31,11.1132
HU,2014-11-30,11.728
HU,2014-12-31,12.2955
HU,2015-01-31,12.059
HU,2015-02-28,12.0421
HU,2015-03-31,12.2955
HU,2015-04-30,11.4837
HU,2015-05-31,11.8226
HU,2015-06-30,11.9723
HU,2015-07-31,11.1132
HU,2015-08-31,11.3497
HU,2015-09-30,11.9723
HU,2015-10-31,12.5319
HU,2015-11-30,12.7053
HU,2015-12-31,13.4777
HU,2016-01-31,13.7142
HU,2016-02-29,13.649
HU,2016-03-31,13.4777
HU,2016-04-30,13.6827
HU,2016-05-31,13.9506
HU,2016-06-30,13.6827
HU,2016-07-31,14.4235
HU,2016-08-31,13.4777
HU,2016-09-30,12.9497
HU,2016-10-31,14.66
HU,2016-11-30,14.4157
HU,2016-12-31,13.9506
HU,2017-01-31,13.4777
HU,2017-02-28,13.3511
HU,2017-03-31,13.4777
HU,2017-04-30,13.4383
HU,2017-05-31,14.8965
HU,2017-06-30,14.66
HU,2017-07-31,14.1871
HU,2017-08-31,14.1871
HU,2017-09-30,15.1487
HU,2017-10-31,15.1329
HU,2017-11-30,14.9043
HU,2017-12-31,13.0048
HU,2018-01-31,13.4777
HU,2018-02-28,14.66
HU,2018-03-31,15.8423
HU,2018-04-30,15.8817
HU,2018-05-31,16.3152
HU,2018-06-30,20.524
HU,2018-07-31,16.0787
HU,2018-08-31,15.3694
HU,2018-09-30,15.393
HU,2018-10-31,15.8423
HU,2018-11-30,16.126
HU,2018-12-31,15.8423
HU,2019-01-31,18.6797
HU,2019-02-28,17.0161
HU,2019-03-31,17.9703
HU,2019-04-30,19.3023
HU,2019-05-31,19.389
HU,2019-06-30,19.5467
HU,2019-07-31,18.6797
HU,2019-08-31,17.261
HU,2019-09-30,16.859
HU,2019-10-31,15.8423
HU,2019-11-30,15.393
HU,2019-12-31,16.0787
HU,2020-01-31,15.8423
HU,2020-02-29,16.9348
HU,2020-03-31,17.9703
HU,2020-04-30,15.393
HU,2020-05-31,16.0787
HU,2020-06-30,16.6147
HU,2020-07-31,16.7881
HU,2020-08-31,17.261
HU,2020-09-30,16.6147
HU,2020-10-31,15.8423
HU,2020-11-30,15.1487
HU,2020-12-31,16.0787
HU,2021-01-31,16.3152
HU,2021-02-28,16.7543
HU,2021-03-31,17.0245
HU,2021-04-30,16.859
HU,2021-05-31,17.9703
HU,2021-06-30,18.0807
HU,2021-07-31,17.7339
HU,2021-08-31,17.4974
HU,2021-09-30,18.5693
HU,2021-10-31,19.1526
HU,2021-11-30,19.058
HU,2021-12-31,17.7339
HU,2022-01-31,17.7339
HU,2022-02-28,17.2779
HU,2022-03-31,17.9703
HU,2022-04-30,17.1033
HU,2022-05-31,17.261
HU,2022-06-30,17.8363
HU,2022-07-31,18.6797
HU,2022-08-31,18.9161
HU,2022-09-30,18.5693
HU,2022-10-31,17.7339
HU,2022-11-30,17.3477
HU,2022-12-31,17.9703
HU,2023-01-31,17.9703
HU,2023-02-28,17.2779
HU,2023-03-31,17.261
HU,2023-04-30,16.859
HU,2023-05-31,18.2068
HU,2023-06-30,18.8137
HU,2023-07-31,19.6255
HU,2023-08-31,19.389
HU,2023-09-30,19.5467
HU,2023-10-31,19.6255
HU,2023-11-30,19.5467
HU,2023-12-31,20.3348
HU,2024-01-31,20.0984
HU,2024-02-29,19.7152
HU,2024-03-31,20.3348
HU,2024-04-30,20.0353
HU,2024-05-31,20.8077
HU,2024-06-30,21.257
HU,2024-07-31,21.7535
HU,2024-08-31,21.0442
HU,2024-09-30,21.99
HU,2024-10-31,22.6994
HU,2024-11-30,21.99
HU,2024-12-31,22.9358
HU,2025-01-31,22.6994
HU,2025-02-28,23.8225
HU,2025-03-31,24.591
ID,2002-01-31,
ID,2002-02-28,
ID,2002-03-31,
ID,2002-04-30,
ID,2002-05-31,
ID,2002-06-30,
ID,2002-07-31,
ID,2002-08-31,
ID,2002-09-30,
ID,2002-10-31,
ID,2002-11-30,1123.0
ID,2002-12-31,1125.0
ID,2003-01-31,1187.0
ID,2003-02-28,1213.0
ID,2003-03-31,1211.0
ID,2003-04-30,1205.0
ID,2003-05-31,1102.0
ID,2003-06-30,1102.0
ID,2003-07-31,
ID,2003-08-31,1110.0
ID,2003-09-30,1114.0
ID,2003-10-31,1117.0
ID,2003-11-30,1110.0
ID,2003-12-31,1106.0
ID,2004-01-31,
ID,2004-02-29,1107.0
ID,2004-03-31,1102.0
ID,2004-04-30,1097.0
ID,2004-05-31,
ID,2004-06-30,1093.0
ID,2004-07-31,1092.0
ID,2004-08-31,1095.0
ID,2004-09-30,
ID,2004-10-31,1072.0
ID,2004-11-30,1051.0
ID,2004-12-31,
ID,2005-01-31,1030.0
ID,2005-02-28,1017.0
ID,2005-03-31,997.0
ID,2005-04-30,973.0
ID,2005-05-31,969.0
ID,2005-06-30,928.0
ID,2005-07-31,936.0
ID,2005-08-31,943.0
ID,2005-09-30,927.0
ID,2005-10-31,937.0
ID,2005-11-30,
ID,2005-12-31,936.0
ID,2006-01-31,927.0
ID,2006-02-28,932.0
ID,2006-03-31,942.0
ID,2006-04-30,925.0
ID,2006-05-31,925.0
ID,2006-06-30,906.0
ID,2006-07-31,896.0
ID,2006-08-31,854.0
ID,2006-09-30,861.0
ID,2006-10-31,859.0
ID,2006-11-30,866.0
ID,2006-12-31,865.0
ID,2007-01-31,868.0
ID,2007-02-28,872.0
ID,2007-03-31,852.0
ID,2007-04-30,840.0
ID,2007-05-31,843.0
ID,2007-06-30,842.0
ID,2007-07-31,826.0
ID,2007-08-31,844.0
ID,2007-09-30,837.0
ID,2007-10-31,827.0
ID,2007-11-30,825.0
ID,2007-12-31,837.0
ID,2008-01-31,835.0
ID,2008-02-29,872.0
ID,2008-03-31,871.0
ID,2008-04-30,860.0
ID,2008-05-31,860.0
ID,2008-06-30,861.0
ID,2008-07-31,862.0
ID,2008-08-31,863.0
ID,2008-09-30,860.0
ID,2008-10-31,850.0
ID,2008-11-30,847.0
ID,2008-12-31,839.0
ID,2009-01-31,929.0645
ID,2009-02-28,1071.1071
ID,2009-03-31,928.0323
ID,2009-04-30,968.8333
ID,2009-05-31,907.8065
ID,2009-06-30,979.5
ID,2009-07-31,916.0968
ID,2009-08-31,937.2903
ID,2009-09-30,946.0333
ID,2009-10-31,946.4839
ID,2009-11-30,947.7333
ID,2009-12-31,957.871
ID,2010-01-31,944.0
ID,2010-02-28,957.1429
ID,2010-03-31,961.2903
ID,2010-04-30,965.7333
ID,2010-05-31,970.2258
ID,2010-06-30,960.3667
ID,2010-07-31,943.2581
ID,2010-08-31,960.6452
ID,2010-09-30,945.8
ID,2010-10-31,896.7742
ID,2010-11-30,922.1667
ID,2010-12-31,915.129
ID,2011-01-31,904.3548
ID,2011-02-28,907.25
ID,2011-03-31,911.7097
ID,2011-04-30,904.3333
ID,2011-05-31,904.871
ID,2011-06-30,891.7
ID,2011-07-31,902.3226
ID,2011-08-31,911.0
ID,2011-09-30,907.7667
ID,2011-10-31,899.6129
ID,2011-11-30,891.1
ID,2011-12-31,889.0
ID,2012-01-31,884.3871
ID,2012-02-29,854.0345
ID,2012-03-31,884.3871
ID,2012-04-30,869.8333
ID,2012-05-31,879.7742
ID,2012-06-30,860.2667
ID,2012-07-31,854.0968
ID,2012-08-31,853.2903
ID,2012-09-30,844.9667
ID,2012-10-31,837.2903
ID,2012-11-30,832.9667
ID,2012-12-31,835.0645
ID,2013-01-31,822.5806
ID,2013-02-28,829.0357
ID,2013-03-31,839.5161
ID,2013-04-30,831.5
ID,2013-05-31,833.3548
ID,2013-06-30,834.8
ID,2013-07-31,821.4194
ID,2013-08-31,822.8065
ID,2013-09-30,817.3333
ID,2013-10-31,820.6452
ID,2013-11-30,808.7667
ID,2013-12-31,811.5161
ID,2014-01-31,787.0323
ID,2014-02-28,800.25
ID,2014-03-31,797.4194
ID,2014-04-30,796.6
ID,2014-05-31,796.0645
ID,2014-06-30,795.7667
ID,2014-07-31,798.1935
ID,2014-08-31,787.4194
ID,2014-09-30,786.6667
ID,2014-10-31,772.2581
ID,2014-11-30,789.0
ID,2014-12-31,770.4839
ID,2015-01-31,767.2903
ID,2015-02-28,765.3929
ID,2015-03-31,763.4839
ID,2015-04-30,787.8333
ID,2015-05-31,793.0323
ID,2015-06-30,799.3333
ID,2015-07-31,797.5161
ID,2015-08-31,779.6774
ID,2015-09-30,798.0
ID,2015-10-31,797.7419
ID,2015-11-30,791.4333
ID,2015-12-31,793.7742
ID,2016-01-31,821.3548
ID,2016-02-29,839.2414
ID,2016-03-31,847.2903
ID,2016-04-30,820.7333
ID,2016-05-31,838.4516
ID,2016-06-30,838.7333
ID,2016-07-31,836.1613
ID,2016-08-31,831.8065
ID,2016-09-30,833.0
ID,2016-10-31,833.7742
ID,2016-11-30,825.4333
ID,2016-12-31,809.8387
ID,2017-01-31,823.2581
ID,2017-02-28,721.6071
ID,2017-03-31,815.129
ID,2017-04-30,809.4333
ID,2017-05-31,803.4839
ID,2017-06-30,798.7667
ID,2017-07-31,807.3226
ID,2017-08-31,790.9355
ID,2017-09-30,787.9333
ID,2017-10-31,789.7419
ID,2017-11-30,786.4667
ID,2017-12-31,801.0323
ID,2018-01-31,768.4516
ID,2018-02-28,787.3214
ID,2018-03-31,780.0968
ID,2018-04-30,776.2
ID,2018-05-31,779.0645
ID,2018-06-30,782.1
ID,2018-07-31,733.3226
ID,2018-08-31,753.129
ID,2018-09-30,804.8
ID,2018-10-31,746.9355
ID,2018-11-30,761.5667
ID,2018-12-31,770.3548
ID,2019-01-31,766.3871
ID,2019-02-28,766.3571
ID,2019-03-31,759.2581
ID,2019-04-30,753.2
ID,2019-05-31,752.7419
ID,2019-06-30,754.6333
ID,2019-07-31,745.9677
ID,2019-08-31,729.7419
ID,2019-09-30,729.4
ID,2019-10-31,720.5484
ID,2019-11-30,731.6667
ID,2019-12-31,735.5484
ID,2020-01-31,727.3871
ID,2020-02-29,729.0
ID,2020-03-31,728.5806
ID,2020-04-30,718.0667
ID,2020-05-31,707.5484
ID,2020-06-30,709.3333
ID,2020-07-31,705.4839
ID,2020-08-31,707.7419
ID,2020-09-30,657.0667
ID,2020-10-31,707.0968
ID,2020-11-30,704.6667
ID,2020-12-31,696.8065
ID,2021-01-31,686.7097
ID,2021-02-28,678.0357
ID,2021-03-31,675.8387
ID,2021-04-30,658.3
ID,2021-05-31,648.1935
ID,2021-06-30,653.5333
ID,2021-07-31,657.5806
ID,2021-08-31,660.6774
ID,2021-09-30,644.0667
ID,2021-10-31,643.7419
ID,2021-11-30,645.1333
ID,2021-12-31,651.6774
ID,2022-01-31,616.0323
ID,2022-02-28,626.1429
ID,2022-03-31,627.2581
ID,2022-04-30,606.3667
ID,2022-05-31,606.6774
ID,2022-06-30,619.0667
ID,2022-07-31,593.5161
ID,2022-08-31,590.7419
ID,2022-09-30,592.9
ID,2022-10-31,603.6452
ID,2022-11-30,619.7667
ID,2022-12-31,609.5484
ID,2023-01-31,617.9355
ID,2023-02-28,624.25
ID,2023-03-31,621.8065
ID,2023-04-30,613.9333
ID,2023-05-31,613.7742
ID,2023-06-30,611.3667
ID,2023-07-31,602.871
ID,2023-08-31,604.0
ID,2023-09-30,592.8667
ID,2023-10-31,586.6774
ID,2023-11-30,585.0
ID,2023-12-31,605.3226
ID,2024-01-31,578.0968
ID,2024-02-29,575.8621
ID,2024-03-31,570.4516
ID,2024-04-30,581.0
ID,2024-05-31,581.2581
ID,2024-06-30,581.6
ID,2024-07-31,582.0645
ID,2024-08-31,576.0
ID,2024-09-30,566.4667
ID,2024-10-31,576.4839
ID,2024-11-30,593.0333
ID,2024-12-31,598.2258
ID,2025-01-31,577.6129
ID,2025-02-28,576.8214
ID,2025-03-31,
IN,2002-01-31,667.68
IN,2002-02-28,644.3571
IN,2002-03-31,674.4
IN,2002-04-30,650.256
IN,2002-05-31,675.84
IN,2002-06-30,676.544
IN,2002-07-31,683.76
IN,2002-08-31,675.84
IN,2002-09-30,671.832
IN,2002-10-31,675.12
IN,2002-11-30,673.816
IN,2002-12-31,673.68
IN,2003-01-31,669.6
IN,2003-02-28,676.7743
IN,2003-03-31,679.2
IN,2003-04-30,638.104
IN,2003-05-31,639.84
IN,2003-06-30,682.496
IN,2003-07-31,685.44
IN,2003-08-31,655.92
IN,2003-09-30,672.824
IN,2003-10-31,692.4
IN,2003-11-30,688.696
IN,2003-12-31,693.84
IN,2004-01-31,697.44
IN,2004-02-29,699.6166
IN,2004-03-31,692.4
IN,2004-04-30,697.872
IN,2004-05-31,692.64
IN,2004-06-30,689.936
IN,2004-07-31,688.08
IN,2004-08-31,689.76
IN,2004-09-30,688.696
IN,2004-10-31,691.44
IN,2004-11-30,694.648
IN,2004-12-31,690.48
IN,2005-01-31,699.12
IN,2005-02-28,689.7943
IN,2005-03-31,699.84
IN,2005-04-30,694.896
IN,2005-05-31,679.2
IN,2005-06-30,693.16
IN,2005-07-31,660.0
IN,2005-08-31,578.88
IN,2005-09-30,637.608
IN,2005-10-31,642.0
IN,2005-11-30,635.376
IN,2005-12-31,634.8
IN,2006-01-31,666.0
IN,2006-02-28,675.4457
IN,2006-03-31,682.56
IN,2006-04-30,682.496
IN,2006-05-31,687.12
IN,2006-06-30,700.848
IN,2006-07-31,686.88
IN,2006-08-31,648.24
IN,2006-09-30,697.624
IN,2006-10-31,702.72
IN,2006-11-30,698.12
IN,2006-12-31,701.76
IN,2007-01-31,696.24
IN,2007-02-28,708.3943
IN,2007-03-31,704.16
IN,2007-04-30,692.168
IN,2007-05-31,665.76
IN,2007-06-30,687.952
IN,2007-07-31,693.12
IN,2007-08-31,690.24
IN,2007-09-30,693.16
IN,2007-10-31,702.0
IN,2007-11-30,699.608
IN,2007-12-31,691.44
IN,2008-01-31,694.8
IN,2008-02-29,699.8731
IN,2008-03-31,702.0
IN,2008-04-30,698.864
IN,2008-05-31,697.92
IN,2008-06-30,655.96
IN,2008-07-31,672.24
IN,2008-08-31,683.04
IN,2008-09-30,690.432
IN,2008-10-31,699.84
IN,2008-11-30,703.576
IN,2008-12-31,689.76
IN,2009-01-31,638.4
IN,2009-02-28,679.9629
IN,2009-03-31,685.68
IN,2009-04-30,677.04
IN,2009-05-31,667.92
IN,2009-06-30,682.496
IN,2009-07-31,669.6
IN,2009-08-31,666.0
IN,2009-09-30,686.96
IN,2009-10-31,684.96
IN,2009-11-30,692.664
IN,2009-12-31,697.2
IN,2010-01-31,700.08
IN,2010-02-28,707.0657
IN,2010-03-31,709.68
IN,2010-04-30,712.008
IN,2010-05-31,706.8
IN,2010-06-30,728.872
IN,2010-07-31,775.68
IN,2010-08-31,767.04
IN,2010-09-30,772.52
IN,2010-10-31,778.8
IN,2010-11-30,810.464
IN,2010-12-31,807.12
IN,2011-01-31,776.64
IN,2011-02-28,793.4229
IN,2011-03-31,795.6
IN,2011-04-30,790.128
IN,2011-05-31,774.96
IN,2011-06-30,785.168
IN,2011-07-31,786.48
IN,2011-08-31,779.28
IN,2011-09-30,773.264
IN,2011-10-31,772.32
IN,2011-11-30,764.832
IN,2011-12-31,761.52
IN,2012-01-31,761.52
IN,2012-02-29,768.8855
IN,2012-03-31,772.32
IN,2012-04-30,779.712
IN,2012-05-31,779.76
IN,2012-06-30,779.216
IN,2012-07-31,781.44
IN,2012-08-31,774.72
IN,2012-09-30,760.616
IN,2012-10-31,768.96
IN,2012-11-30,770.536
IN,2012-12-31,769.44
IN,2013-01-31,759.6
IN,2013-02-28,764.1943
IN,2013-03-31,774.0
IN,2013-04-30,770.288
IN,2013-05-31,760.8
IN,2013-06-30,774.504
IN,2013-07-31,762.96
IN,2013-08-31,763.2
IN,2013-09-30,764.088
IN,2013-10-31,762.96
IN,2013-11-30,777.976
IN,2013-12-31,781.44
IN,2014-01-31,782.64
IN,2014-02-28,778.8086
IN,2014-03-31,761.76
IN,2014-04-30,769.792
IN,2014-05-31,758.4
IN,2014-06-30,775.0
IN,2014-07-31,755.28
IN,2014-08-31,725.76
IN,2014-09-30,755.16
IN,2014-10-31,772.32
IN,2014-11-30,793.104
IN,2014-12-31,770.4
IN,2015-01-31,765.12
IN,2015-02-28,763.9286
IN,2015-03-31,774.48
IN,2015-04-30,748.96
IN,2015-05-31,764.16
IN,2015-06-30,769.048
IN,2015-07-31,752.16
IN,2015-08-31,766.32
IN,2015-09-30,754.416
IN,2015-10-31,756.24
IN,2015-11-30,753.92
IN,2015-12-31,739.2
IN,2016-01-31,729.12
IN,2016-02-29,743.2303
IN,2016-03-31,734.88
IN,2016-04-30,733.336
IN,2016-05-31,738.72
IN,2016-06-30,735.816
IN,2016-07-31,738.48
IN,2016-08-31,736.32
IN,2016-09-30,723.416
IN,2016-10-31,732.24
IN,2016-11-30,713.248
IN,2016-12-31,733.2
IN,2017-01-31,738.0
IN,2017-02-28,743.2029
IN,2017-03-31,741.6
IN,2017-04-30,728.872
IN,2017-05-31,743.76
IN,2017-06-30,740.28
IN,2017-07-31,734.64
IN,2017-08-31,724.8
IN,2017-09-30,724.16
IN,2017-10-31,729.12
IN,2017-11-30,714.488
IN,2017-12-31,717.84
IN,2018-01-31,714.24
IN,2018-02-28,725.6657
IN,2018-03-31,730.08
IN,2018-04-30,722.92
IN,2018-05-31,721.92
IN,2018-06-30,715.232
IN,2018-07-31,695.04
IN,2018-08-31,697.92
IN,2018-09-30,693.904
IN,2018-10-31,692.4
IN,2018-11-30,689.688
IN,2018-12-31,686.88
IN,2019-01-31,683.52
IN,2019-02-28,681.2914
IN,2019-03-31,684.96
IN,2019-04-30,674.064
IN,2019-05-31,672.0
IN,2019-06-30,666.624
IN,2019-07-31,664.56
IN,2019-08-31,660.0
IN,2019-09-30,656.456
IN,2019-10-31,657.12
IN,2019-11-30,648.272
IN,2019-12-31,627.36
IN,2020-01-31,647.28
IN,2020-02-29,615.7241
IN,2020-03-31,647.28
IN,2020-04-30,626.448
IN,2020-05-31,624.48
IN,2020-06-30,626.696
IN,2020-07-31,632.16
IN,2020-08-31,618.48
IN,2020-09-30,616.776
IN,2020-10-31,616.32
IN,2020-11-30,616.528
IN,2020-12-31,613.44
IN,2021-01-31,617.52
IN,2021-02-28,616.9886
IN,2021-03-31,627.12
IN,2021-04-30,618.264
IN,2021-05-31,585.12
IN,2021-06-30,615.536
IN,2021-07-31,611.76
IN,2021-08-31,604.56
IN,2021-09-30,605.864
IN,2021-10-31,602.88
IN,2021-11-30,602.888
IN,2021-12-31,602.4
IN,2022-01-31,602.88
IN,2022-02-28,603.7029
IN,2022-03-31,606.24
IN,2022-04-30,612.56
IN,2022-05-31,612.0
IN,2022-06-30,604.872
IN,2022-07-31,588.72
IN,2022-08-31,584.4
IN,2022-09-30,591.728
IN,2022-10-31,589.68
IN,2022-11-30,596.44
IN,2022-12-31,595.44
IN,2023-01-31,596.4
IN,2023-02-28,574.2086
IN,2023-03-31,588.96
IN,2023-04-30,590.736
IN,2023-05-31,600.24
IN,2023-06-30,601.648
IN,2023-07-31,600.96
IN,2023-08-31,597.12
IN,2023-09-30,589.744
IN,2023-10-31,597.36
IN,2023-11-30,594.208
IN,2023-12-31,589.44
IN,2024-01-31,600.72
IN,2024-02-29,598.2786
IN,2024-03-31,600.96
IN,2024-04-30,600.408
IN,2024-05-31,593.28
IN,2024-06-30,585.528
IN,2024-07-31,583.68
IN,2024-08-31,576.96
IN,2024-09-30,566.928
IN,2024-10-31,568.08
IN,2024-11-30,581.56
IN,2024-12-31,593.04
IN,2025-01-31,593.04
IN,2025-02-28,587.76
IN,2025-03-31,589.92
IQ,2002-01-31,
IQ,2002-02-28,
IQ,2002-03-31,
IQ,2002-04-30,
IQ,2002-05-31,
IQ,2002-06-30,
IQ,2002-07-31,
IQ,2002-08-31,
IQ,2002-09-30,
IQ,2002-10-31,
IQ,2002-11-30,
IQ,2002-12-31,
IQ,2003-01-31,
IQ,2003-02-28,
IQ,2003-03-31,
IQ,2003-04-30,
IQ,2003-05-31,
IQ,2003-06-30,
IQ,2003-07-31,
IQ,2003-08-31,
IQ,2003-09-30,
IQ,2003-10-31,
IQ,2003-11-30,
IQ,2003-12-31,
IQ,2004-01-31,
IQ,2004-02-29,
IQ,2004-03-31,
IQ,2004-04-30,
IQ,2004-05-31,
IQ,2004-06-30,
IQ,2004-07-31,
IQ,2004-08-31,
IQ,2004-09-30,
IQ,2004-10-31,
IQ,2004-11-30,
IQ,2004-12-31,
IQ,2005-01-31,
IQ,2005-02-28,
IQ,2005-03-31,
IQ,2005-04-30,
IQ,2005-05-31,
IQ,2005-06-30,
IQ,2005-07-31,
IQ,2005-08-31,
IQ,2005-09-30,
IQ,2005-10-31,
IQ,2005-11-30,
IQ,2005-12-31,
IQ,2006-01-31,
IQ,2006-02-28,
IQ,2006-03-31,
IQ,2006-04-30,
IQ,2006-05-31,
IQ,2006-06-30,
IQ,2006-07-31,
IQ,2006-08-31,
IQ,2006-09-30,
IQ,2006-10-31,
IQ,2006-11-30,
IQ,2006-12-31,
IQ,2007-01-31,1538.0
IQ,2007-02-28,1915.0
IQ,2007-03-31,1953.0
IQ,2007-04-30,1971.0
IQ,2007-05-31,1978.0
IQ,2007-06-30,1988.0
IQ,2007-07-31,2024.0
IQ,2007-08-31,2043.0
IQ,2007-09-30,2186.0
IQ,2007-10-31,2270.0
IQ,2007-11-30,2266.0
IQ,2007-12-31,2288.0
IQ,2008-01-31,2078.0
IQ,2008-02-29,2341.0
IQ,2008-03-31,2339.0
IQ,2008-04-30,2357.0
IQ,2008-05-31,2365.0
IQ,2008-06-30,2265.0
IQ,2008-07-31,2358.0
IQ,2008-08-31,2282.0
IQ,2008-09-30,2180.0
IQ,2008-10-31,2215.0
IQ,2008-11-30,2410.0
IQ,2008-12-31,2231.0
IQ,2009-01-31,2181.0
IQ,2009-02-28,2187.0
IQ,2009-03-31,2328.0
IQ,2009-04-30,2293.0
IQ,2009-05-31,2311.0
IQ,2009-06-30,2407.0
IQ,2009-07-31,2412.0
IQ,2009-08-31,2390.0
IQ,2009-09-30,2374.0
IQ,2009-10-31,2384.0
IQ,2009-11-30,2377.0
IQ,2009-12-31,2378.0
IQ,2010-01-31,2391.0
IQ,2010-02-28,2449.0
IQ,2010-03-31,2275.0
IQ,2010-04-30,2290.0
IQ,2010-05-31,2296.0
IQ,2010-06-30,2319.0
IQ,2010-07-31,2301.0
IQ,2010-08-31,2333.0
IQ,2010-09-30,2370.0
IQ,2010-10-31,2373.0
IQ,2010-11-30,2403.0
IQ,2010-12-31,2775.0
IQ,2011-01-31,2652.0
IQ,2011-02-28,2630.0
IQ,2011-03-31,2525.0
IQ,2011-04-30,2624.0
IQ,2011-05-31,2721.0
IQ,2011-06-30,2712.0
IQ,2011-07-31,2719.0
IQ,2011-08-31,2689.0
IQ,2011-09-30,2648.0
IQ,2011-10-31,2590.0
IQ,2011-11-30,2665.0
IQ,2011-12-31,2660.0
IQ,2012-01-31,2647.0
IQ,2012-02-29,2541.0
IQ,2012-03-31,2691.0
IQ,2012-04-30,2942.0
IQ,2012-05-31,2915.0
IQ,2012-06-30,2951.0
IQ,2012-07-31,3051.0
IQ,2012-08-31,3165.0
IQ,2012-09-30,3235.0
IQ,2012-10-31,3137.0
IQ,2012-11-30,3190.0
IQ,2012-12-31,2935.0
IQ,2013-01-31,2920.0
IQ,2013-02-28,
IQ,2013-03-31,2988.0
IQ,2013-04-30,3061.0
IQ,2013-05-31,3070.0
IQ,2013-06-30,2994.0
IQ,2013-07-31,2972.0
IQ,2013-08-31,3207.0
IQ,2013-09-30,2833.0
IQ,2013-10-31,2964.0
IQ,2013-11-30,2773.0
IQ,2013-12-31,3002.0
IQ,2014-01-31,2848.0
IQ,2014-02-28,3410.0
IQ,2014-03-31,3089.0
IQ,2014-04-30,3064.0
IQ,2014-05-31,3177.0
IQ,2014-06-30,3111.0
IQ,2014-07-31,3012.0
IQ,2014-08-31,3023.0
IQ,2014-09-30,3198.0
IQ,2014-10-31,3054.0
IQ,2014-11-30,3009.0
IQ,2014-12-31,3356.0
IQ,2015-01-31,3042.0
IQ,2015-02-28,2783.0
IQ,2015-03-31,3339.0
IQ,2015-04-30,3176.0
IQ,2015-05-31,3288.0
IQ,2015-06-30,3591.0
IQ,2015-07-31,3718.0
IQ,2015-08-31,3760.0
IQ,2015-09-30,3755.0
IQ,2015-10-31,3659.0
IQ,2015-11-30,3747.0
IQ,2015-12-31,4130.0
IQ,2016-01-31,4775.0
IQ,2016-02-29,4458.0
IQ,2016-03-31,4553.0
IQ,2016-04-30,4522.0
IQ,2016-05-31,4499.0
IQ,2016-06-30,4549.0
IQ,2016-07-31,4606.0
IQ,2016-08-31,4622.0
IQ,2016-09-30,4774.0
IQ,2016-10-31,4776.0
IQ,2016-11-30,4800.0
IQ,2016-12-31,4830.0
IQ,2017-01-31,4630.0
IQ,2017-02-28,4566.0
IQ,2017-03-31,4568.0
IQ,2017-04-30,4531.0
IQ,2017-05-31,4564.0
IQ,2017-06-30,4550.0
IQ,2017-07-31,4400.0
IQ,2017-08-31,4380.0
IQ,2017-09-30,4360.0
IQ,2017-10-31,4360.0
IQ,2017-11-30,4360.0
IQ,2017-12-31,4362.0
IQ,2018-01-31,4360.0
IQ,2018-02-28,4360.0
IQ,2018-03-31,4360.0
IQ,2018-04-30,4360.0
IQ,2018-05-31,4360.0
IQ,2018-06-30,4360.0
IQ,2018-07-31,4460.0
IQ,2018-08-31,4460.0
IQ,2018-09-30,4461.0
IQ,2018-10-31,4460.0
IQ,2018-11-30,4455.0
IQ,2018-12-31,4465.0
IQ,2019-01-31,4575.0
IQ,2019-02-28,4545.0
IQ,2019-03-31,4500.0
IQ,2019-04-30,4500.0
IQ,2019-05-31,4595.0
IQ,2019-06-30,4600.0
IQ,2019-07-31,4620.0
IQ,2019-08-31,4650.0
IQ,2019-09-30,4620.0
IQ,2019-10-31,4576.0
IQ,2019-11-30,4595.0
IQ,2019-12-31,4535.0
IQ,2020-01-31,4470.0
IQ,2020-02-29,4500.0
IQ,2020-03-31,4500.0
IQ,2020-04-30,4500.0
IQ,2020-05-31,4068.0
IQ,2020-06-30,3698.0
IQ,2020-07-31,3697.0
IQ,2020-08-31,3578.0
IQ,2020-09-30,3600.0
IQ,2020-10-31,3842.0
IQ,2020-11-30,3685.0
IQ,2020-12-31,3857.0
IQ,2021-01-31,3807.0
IQ,2021-02-28,3867.0
IQ,2021-03-31,3865.0
IQ,2021-04-30,3930.0
IQ,2021-05-31,3879.0
IQ,2021-06-30,3862.0
IQ,2021-07-31,3886.0
IQ,2021-08-31,3961.0
IQ,2021-09-30,4093.0
IQ,2021-10-31,4070.0
IQ,2021-11-30,4208.0
IQ,2021-12-31,4225.0
IQ,2022-01-31,4162.0
IQ,2022-02-28,4260.0
IQ,2022-03-31,4148.0
IQ,2022-04-30,4430.0
IQ,2022-05-31,4470.0
IQ,2022-06-30,4515.0
IQ,2022-07-31,4584.0
IQ,2022-08-31,4651.0
IQ,2022-09-30,4662.0
IQ,2022-10-31,4651.0
IQ,2022-11-30,4430.0
IQ,2022-12-31,4431.0
IQ,2023-01-31,4331.0
IQ,2023-02-28,4339.0
IQ,2023-03-31,4200.0
IQ,2023-04-30,3938.0
IQ,2023-05-31,3955.0
IQ,2023-06-30,3985.0
IQ,2023-07-31,4094.0
IQ,2023-08-31,4073.0
IQ,2023-09-30,4138.0
IQ,2023-10-31,4189.0
IQ,2023-11-30,4093.0
IQ,2023-12-31,4086.0
IQ,2024-01-31,3979.0
IQ,2024-02-29,3992.0
IQ,2024-03-31,3903.0
IQ,2024-04-30,
IQ,2024-05-31,
IQ,2024-06-30,
IQ,2024-07-31,
IQ,2024-08-31,
IQ,2024-09-30,
IQ,2024-10-31,
IQ,2024-11-30,
IQ,2024-12-31,
IQ,2025-01-31,
IQ,2025-02-28,
IQ,2025-03-31,
IR,2002-01-31,3310.0
IR,2002-02-28,3227.0
IR,2002-03-31,3222.0
IR,2002-04-30,3225.0
IR,2002-05-31,3230.0
IR,2002-06-30,3226.0
IR,2002-07-31,3259.0
IR,2002-08-31,3258.0
IR,2002-09-30,3259.0
IR,2002-10-31,3259.0
IR,2002-11-30,3259.0
IR,2002-12-31,3244.0
IR,2003-01-31,3414.0
IR,2003-02-28,3810.0
IR,2003-03-31,3721.0
IR,2003-04-30,3693.0
IR,2003-05-31,3708.0
IR,2003-06-30,3776.0
IR,2003-07-31,3815.0
IR,2003-08-31,3818.0
IR,2003-09-30,3822.0
IR,2003-10-31,3794.0
IR,2003-11-30,3724.0
IR,2003-12-31,3741.0
IR,2004-01-31,3676.0
IR,2004-02-29,3753.0
IR,2004-03-31,3724.0
IR,2004-04-30,3613.0
IR,2004-05-31,3660.0
IR,2004-06-30,3683.0
IR,2004-07-31,3725.0
IR,2004-08-31,4020.0
IR,2004-09-30,4120.0
IR,2004-10-31,4080.0
IR,2004-11-30,4062.0
IR,2004-12-31,4020.0
IR,2005-01-31,4025.0
IR,2005-02-28,4026.0
IR,2005-03-31,4081.0
IR,2005-04-30,4102.0
IR,2005-05-31,4089.0
IR,2005-06-30,4120.0
IR,2005-07-31,4146.0
IR,2005-08-31,4173.0
IR,2005-09-30,4100.0
IR,2005-10-31,4071.0
IR,2005-11-30,4105.0
IR,2005-12-31,4060.0
IR,2006-01-31,4100.0
IR,2006-02-28,4105.0
IR,2006-03-31,4103.0
IR,2006-04-30,4091.0
IR,2006-05-31,4010.0
IR,2006-06-30,4056.0
IR,2006-07-31,4071.0
IR,2006-08-31,4050.0
IR,2006-09-30,4100.0
IR,2006-10-31,4170.0
IR,2006-11-30,4011.0
IR,2006-12-31,4004.0
IR,2007-01-31,4040.0
IR,2007-02-28,3980.0
IR,2007-03-31,3990.0
IR,2007-04-30,3920.0
IR,2007-05-31,3950.0
IR,2007-06-30,3980.0
IR,2007-07-31,3995.0
IR,2007-08-31,4050.0
IR,2007-09-30,4105.0
IR,2007-10-31,4120.0
IR,2007-11-30,4118.0
IR,2007-12-31,4120.0
IR,2008-01-31,4100.0
IR,2008-02-29,4120.0
IR,2008-03-31,4170.0
IR,2008-04-30,4160.0
IR,2008-05-31,4080.0
IR,2008-06-30,4095.0
IR,2008-07-31,4100.0
IR,2008-08-31,4100.0
IR,2008-09-30,4080.0
IR,2008-10-31,4010.0
IR,2008-11-30,3890.0
IR,2008-12-31,3865.0
IR,2009-01-31,3586.0
IR,2009-02-28,3581.0
IR,2009-03-31,3579.0
IR,2009-04-30,3571.0
IR,2009-05-31,3580.0
IR,2009-06-30,3550.0
IR,2009-07-31,3530.0
IR,2009-08-31,3520.0
IR,2009-09-30,3535.0
IR,2009-10-31,3543.0
IR,2009-11-30,3550.0
IR,2009-12-31,3560.0
IR,2010-01-31,3580.0
IR,2010-02-28,3590.0
IR,2010-03-31,3570.0
IR,2010-04-30,3510.0
IR,2010-05-31,3520.0
IR,2010-06-30,3515.0
IR,2010-07-31,3535.0
IR,2010-08-31,3545.0
IR,2010-09-30,3530.0
IR,2010-10-31,3550.0
IR,2010-11-30,3535.0
IR,2010-12-31,3545.0
IR,2011-01-31,3535.0
IR,2011-02-28,3545.0
IR,2011-03-31,3560.0
IR,2011-04-30,3580.0
IR,2011-05-31,3575.0
IR,2011-06-30,3573.0
IR,2011-07-31,3570.0
IR,2011-08-31,
IR,2011-09-30,3581.0
IR,2011-10-31,3585.0
IR,2011-11-30,3590.0
IR,2011-12-31,
IR,2012-01-31,3720.0
IR,2012-02-29,3752.0
IR,2012-03-31,3755.0
IR,2012-04-30,3758.0
IR,2012-05-31,3760.0
IR,2012-06-30,
IR,2012-07-31,3751.0
IR,2012-08-31,3747.0
IR,2012-09-30,3739.0
IR,2012-10-31,3721.0
IR,2012-11-30,3708.0
IR,2012-12-31,3710.0
IR,2013-01-31,3705.0
IR,2013-02-28,3701.0
IR,2013-03-31,3705.0
IR,2013-04-30,3715.0
IR,2013-05-31,3710.0
IR,2013-06-30,3708.0
IR,2013-07-31,3721.0
IR,2013-08-31,3718.0
IR,2013-09-30,3517.0
IR,2013-10-31,3200.0
IR,2013-11-30,3300.0
IR,2013-12-31,3220.0
IR,2014-01-31,3250.0
IR,2014-02-28,3260.0
IR,2014-03-31,3300.0
IR,2014-04-30,3250.0
IR,2014-05-31,3230.0
IR,2014-06-30,3100.0
IR,2014-07-31,3000.0
IR,2014-08-31,3010.0
IR,2014-09-30,3000.0
IR,2014-10-31,3010.0
IR,2014-11-30,3000.0
IR,2014-12-31,3005.0
IR,2015-01-31,3020.0
IR,2015-02-28,3010.0
IR,2015-03-31,3020.0
IR,2015-04-30,3110.0
IR,2015-05-31,3090.0
IR,2015-06-30,3110.0
IR,2015-07-31,3130.0
IR,2015-08-31,3180.0
IR,2015-09-30,3200.0
IR,2015-10-31,3280.0
IR,2015-11-30,3310.0
IR,2015-12-31,3350.0
IR,2016-01-31,3370.0
IR,2016-02-29,3385.0
IR,2016-03-31,3400.0
IR,2016-04-30,3500.0
IR,2016-05-31,3600.0
IR,2016-06-30,3610.0
IR,2016-07-31,3620.0
IR,2016-08-31,3630.0
IR,2016-09-30,3710.0
IR,2016-10-31,3980.0
IR,2016-11-30,3990.0
IR,2016-12-31,4010.0
IR,2017-01-31,3920.0
IR,2017-02-28,3870.0
IR,2017-03-31,3891.0
IR,2017-04-30,3862.0
IR,2017-05-31,3893.0
IR,2017-06-30,3880.0
IR,2017-07-31,3900.0
IR,2017-08-31,
IR,2017-09-30,
IR,2017-10-31,
IR,2017-11-30,3878.0
IR,2017-12-31,3811.0
IR,2018-01-31,3817.0
IR,2018-02-28,3810.0
IR,2018-03-31,3806.0
IR,2018-04-30,3804.0
IR,2018-05-31,3806.0
IR,2018-06-30,3802.0
IR,2018-07-31,3806.0
IR,2018-08-31,
IR,2018-09-30,
IR,2018-10-31,
IR,2018-11-30,
IR,2018-12-31,
IR,2019-01-31,
IR,2019-02-28,
IR,2019-03-31,
IR,2019-04-30,
IR,2019-05-31,
IR,2019-06-30,
IR,2019-07-31,
IR,2019-08-31,
IR,2019-09-30,
IR,2019-10-31,
IR,2019-11-30,
IR,2019-12-31,
IR,2020-01-31,
IR,2020-02-29,
IR,2020-03-31,
IR,2020-04-30,
IR,2020-05-31,
IR,2020-06-30,
IR,2020-07-31,
IR,2020-08-31,
IR,2020-09-30,
IR,2020-10-31,
IR,2020-11-30,
IR,2020-12-31,
IR,2021-01-31,
IR,2021-02-28,
IR,2021-03-31,
IR,2021-04-30,
IR,2021-05-31,
IR,2021-06-30,
IR,2021-07-31,
IR,2021-08-31,
IR,2021-09-30,
IR,2021-10-31,
IR,2021-11-30,
IR,2021-12-31,
IR,2022-01-31,
IR,2022-02-28,
IR,2022-03-31,
IR,2022-04-30,
IR,2022-05-31,
IR,2022-06-30,
IR,2022-07-31,
IR,2022-08-31,
IR,2022-09-30,
IR,2022-10-31,
IR,2022-11-30,
IR,2022-12-31,
IR,2023-01-31,
IR,2023-02-28,
IR,2023-03-31,
IR,2023-04-30,
IR,2023-05-31,
IR,2023-06-30,
IR,2023-07-31,
IR,2023-08-31,
IR,2023-09-30,
IR,2023-10-31,
IR,2023-11-30,
IR,2023-12-31,
IR,2024-01-31,
IR,2024-02-29,
IR,2024-03-31,
IR,2024-04-30,
IR,2024-05-31,
IR,2024-06-30,
IR,2024-07-31,
IR,2024-08-31,
IR,2024-09-30,
IR,2024-10-31,
IR,2024-11-30,
IR,2024-12-31,
IR,2025-01-31,
IR,2025-02-28,
IR,2025-03-31,
IT,2002-01-31,71.3845
IT,2002-02-28,77.5693
IT,2002-03-31,72.9268
IT,2002-04-30,85.1473
IT,2002-05-31,82.4006
IT,2002-06-30,95.62
IT,2002-07-31,84.1632
IT,2002-08-31,84.1632
IT,2002-09-30,84.4643
IT,2002-10-31,96.9419
IT,2002-11-30,86.9687
IT,2002-12-31,92.3152
IT,2003-01-31,84.6039
IT,2003-02-28,89.0339
IT,2003-03-31,98.0435
IT,2003-04-30,112.012
IT,2003-05-31,80.4177
IT,2003-06-30,87.8793
IT,2003-07-31,91.6542
IT,2003-08-31,75.3503
IT,2003-09-30,101.9947
IT,2003-10-31,86.8071
IT,2003-11-30,92.6603
IT,2003-12-31,85.2648
IT,2004-01-31,100.9077
IT,2004-02-29,112.5772
IT,2004-03-31,93.1965
IT,2004-04-30,94.937
IT,2004-05-31,93.6371
IT,2004-06-30,100.6287
IT,2004-07-31,100.4671
IT,2004-08-31,91.4339
IT,2004-09-30,104.9543
IT,2004-10-31,107.5174
IT,2004-11-30,112.4673
IT,2004-12-31,115.0084
IT,2005-01-31,110.3816
IT,2005-02-28,107.5725
IT,2005-03-31,113.0255
IT,2005-04-30,116.5653
IT,2005-05-31,117.2116
IT,2005-06-30,119.9803
IT,2005-07-31,113.2458
IT,2005-08-31,113.4661
IT,2005-09-30,112.012
IT,2005-10-31,117.2116
IT,2005-11-30,119.7527
IT,2005-12-31,113.4661
IT,2006-01-31,109.941
IT,2006-02-28,120.2568
IT,2006-03-31,110.1613
IT,2006-04-30,117.9313
IT,2006-05-31,107.9581
IT,2006-06-30,109.5077
IT,2006-07-31,102.6703
IT,2006-08-31,105.3142
IT,2006-09-30,107.0033
IT,2006-10-31,108.619
IT,2006-11-30,115.6547
IT,2006-12-31,108.8394
IT,2007-01-31,105.7548
IT,2007-02-28,114.1586
IT,2007-03-31,107.5174
IT,2007-04-30,106.548
IT,2007-05-31,111.0426
IT,2007-06-30,112.2397
IT,2007-07-31,100.4671
IT,2007-08-31,111.0426
IT,2007-09-30,108.597
IT,2007-10-31,103.7719
IT,2007-11-30,109.28
IT,2007-12-31,103.5516
IT,2008-01-31,107.9581
IT,2008-02-29,114.2259
IT,2008-03-31,101.3484
IT,2008-04-30,107.0033
IT,2008-05-31,97.3826
IT,2008-06-30,94.4817
IT,2008-07-31,95.1794
IT,2008-08-31,95.62
IT,2008-09-30,94.0263
IT,2008-10-31,109.0597
IT,2008-11-30,91.522
IT,2008-12-31,87.2477
IT,2009-01-31,85.2648
IT,2009-02-28,77.8132
IT,2009-03-31,86.3665
IT,2009-04-30,87.1963
IT,2009-05-31,87.2477
IT,2009-06-30,83.7813
IT,2009-07-31,69.4016
IT,2009-08-31,81.5194
IT,2009-09-30,76.9513
IT,2009-10-31,89.451
IT,2009-11-30,85.375
IT,2009-12-31,85.7055
IT,2010-01-31,88.79
IT,2010-02-28,81.7161
IT,2010-03-31,99.3655
IT,2010-04-30,100.401
IT,2010-05-31,94.5184
IT,2010-06-30,99.2627
IT,2010-07-31,99.1452
IT,2010-08-31,94.7387
IT,2010-09-30,96.303
IT,2010-10-31,97.3826
IT,2010-11-30,98.352
IT,2010-12-31,101.789
IT,2011-01-31,102.0094
IT,2011-02-28,102.9379
IT,2011-03-31,103.111
IT,2011-04-30,100.1733
IT,2011-05-31,69.6219
IT,2011-06-30,69.4383
IT,2011-07-31,104.8735
IT,2011-08-31,112.1442
IT,2011-09-30,110.8737
IT,2011-10-31,106.4158
IT,2011-11-30,102.2223
IT,2011-12-31,107.0768
IT,2012-01-31,104.6532
IT,2012-02-29,107.8669
IT,2012-03-31,106.1955
IT,2012-04-30,105.4097
IT,2012-05-31,95.3997
IT,2012-06-30,101.5393
IT,2012-07-31,99.3655
IT,2012-08-31,94.959
IT,2012-09-30,97.8967
IT,2012-10-31,100.9077
IT,2012-11-30,96.986
IT,2012-12-31,101.3484
IT,2013-01-31,97.3826
IT,2013-02-28,93.1807
IT,2013-03-31,92.9761
IT,2013-04-30,92.4327
IT,2013-05-31,89.2306
IT,2013-06-30,102.2223
IT,2013-07-31,107.0768
IT,2013-08-31,111.2629
IT,2013-09-30,110.646
IT,2013-10-31,110.3816
IT,2013-11-30,102.6777
IT,2013-12-31,109.7206
IT,2014-01-31,100.2468
IT,2014-02-28,106.1089
IT,2014-03-31,109.28
IT,2014-04-30,101.3117
IT,2014-05-31,108.619
IT,2014-06-30,103.816
IT,2014-07-31,104.8735
IT,2014-08-31,108.1784
IT,2014-09-30,93.571
IT,2014-10-31,111.9239
IT,2014-11-30,113.1503
IT,2014-12-31,114.1271
IT,2015-01-31,96.9419
IT,2015-02-28,81.2282
IT,2015-03-31,102.0094
IT,2015-04-30,102.45
IT,2015-05-31,99.8061
IT,2015-06-30,102.9053
IT,2015-07-31,103.3313
IT,2015-08-31,102.8906
IT,2015-09-30,100.8563
IT,2015-10-31,105.5345
IT,2015-11-30,104.499
IT,2015-12-31,97.6029
IT,2016-01-31,103.3313
IT,2016-02-29,80.0759
IT,2016-03-31,92.0948
IT,2016-04-30,28.9137
IT,2016-05-31,27.7606
IT,2016-06-30,27.7753
IT,2016-07-31,23.1339
IT,2016-08-31,64.1139
IT,2016-09-30,99.718
IT,2016-10-31,100.9077
IT,2016-11-30,104.0437
IT,2016-12-31,95.8403
IT,2017-01-31,96.9419
IT,2017-02-28,101.2304
IT,2017-03-31,99.5858
IT,2017-04-30,74.2193
IT,2017-05-31,26.4387
IT,2017-06-30,26.8647
IT,2017-07-31,55.5213
IT,2017-08-31,71.8252
IT,2017-09-30,99.2627
IT,2017-10-31,95.8403
IT,2017-11-30,92.4327
IT,2017-12-31,91.6542
IT,2018-01-31,95.8403
IT,2018-02-28,94.8882
IT,2018-03-31,92.0948
IT,2018-04-30,94.4817
IT,2018-05-31,92.7558
IT,2018-06-30,94.0263
IT,2018-07-31,79.7568
IT,2018-08-31,82.8413
IT,2018-09-30,87.8793
IT,2018-10-31,86.5868
IT,2018-11-30,88.3347
IT,2018-12-31,85.2648
IT,2019-01-31,87.2477
IT,2019-02-28,87.5704
IT,2019-03-31,82.1803
IT,2019-04-30,81.0493
IT,2019-05-31,77.3332
IT,2019-06-30,75.13
IT,2019-07-31,76.2316
IT,2019-08-31,75.5706
IT,2019-09-30,71.032
IT,2019-10-31,71.8252
IT,2019-11-30,71.715
IT,2019-12-31,75.5706
IT,2020-01-31,88.79
IT,2020-02-29,100.0948
IT,2020-03-31,94.2981
IT,2020-04-30,90.839
IT,2020-05-31,90.7729
IT,2020-06-30,93.3433
IT,2020-07-31,102.45
IT,2020-08-31,108.1784
IT,2020-09-30,103.133
IT,2020-10-31,113.4661
IT,2020-11-30,111.1013
IT,2020-12-31,110.8223
IT,2021-01-31,94.959
IT,2021-02-28,99.035
IT,2021-03-31,116.9913
IT,2021-04-30,99.9457
IT,2021-05-31,56.8432
IT,2021-06-30,81.96
IT,2021-07-31,104.2126
IT,2021-08-31,102.2297
IT,2021-09-30,102.45
IT,2021-10-31,99.1452
IT,2021-11-30,113.8333
IT,2021-12-31,90.3323
IT,2022-01-31,78.4348
IT,2022-02-28,92.9368
IT,2022-03-31,83.7226
IT,2022-04-30,87.424
IT,2022-05-31,87.4681
IT,2022-06-30,100.8563
IT,2022-07-31,81.299
IT,2022-08-31,79.5365
IT,2022-09-30,86.5133
IT,2022-10-31,63.8935
IT,2022-11-30,76.9513
IT,2022-12-31,77.5535
IT,2023-01-31,75.3503
IT,2023-02-28,80.4964
IT,2023-03-31,85.0445
IT,2023-04-30,94.7093
IT,2023-05-31,88.3494
IT,2023-06-30,89.0177
IT,2023-07-31,83.5023
IT,2023-08-31,63.8935
IT,2023-09-30,66.4787
IT,2023-10-31,68.3
IT,2023-11-30,85.375
IT,2023-12-31,68.5203
IT,2024-01-31,88.3494
IT,2024-02-29,82.1955
IT,2024-03-31,70.9439
IT,2024-04-30,86.5133
IT,2024-05-31,69.1813
IT,2024-06-30,88.79
IT,2024-07-31,78.2145
IT,2024-08-31,90.3323
IT,2024-09-30,88.79
IT,2024-10-31,84.3835
IT,2024-11-30,86.741
IT,2024-12-31,63.8935
IT,2025-01-31,83.7226
IT,2025-02-28,92.9368
IT,2025-03-31,80.1974
JM,2002-01-31,0.0
JM,2002-02-28,0.0
JM,2002-03-31,0.0
JM,2002-04-30,0.0
JM,2002-05-31,0.0
JM,2002-06-30,0.0
JM,2002-07-31,0.0
JM,2002-08-31,0.0
JM,2002-09-30,0.0
JM,2002-10-31,0.0
JM,2002-11-30,0.0
JM,2002-12-31,0.0
JM,2003-01-31,0.0
JM,2003-02-28,0.0
JM,2003-03-31,0.0
JM,2003-04-30,0.0
JM,2003-05-31,0.0
JM,2003-06-30,0.0
JM,2003-07-31,0.0
JM,2003-08-31,0.0
JM,2003-09-30,0.0
JM,2003-10-31,0.0
JM,2003-11-30,0.0
JM,2003-12-31,0.0
JM,2004-01-31,0.0
JM,2004-02-29,0.0
JM,2004-03-31,0.0
JM,2004-04-30,0.0
JM,2004-05-31,0.0
JM,2004-06-30,0.0
JM,2004-07-31,0.0
JM,2004-08-31,0.0
JM,2004-09-30,0.0
JM,2004-10-31,0.0
JM,2004-11-30,0.0
JM,2004-12-31,0.0
JM,2005-01-31,0.0
JM,2005-02-28,0.0
JM,2005-03-31,0.0
JM,2005-04-30,0.0
JM,2005-05-31,0.0
JM,2005-06-30,0.0
JM,2005-07-31,0.0
JM,2005-08-31,0.0
JM,2005-09-30,0.0
JM,2005-10-31,0.0
JM,2005-11-30,0.0
JM,2005-12-31,0.0
JM,2006-01-31,0.0
JM,2006-02-28,0.0
JM,2006-03-31,0.0
JM,2006-04-30,0.0
JM,2006-05-31,0.0
JM,2006-06-30,0.0
JM,2006-07-31,0.0
JM,2006-08-31,0.0
JM,2006-09-30,0.0
JM,2006-10-31,0.0
JM,2006-11-30,0.0
JM,2006-12-31,0.0
JM,2007-01-31,0.0
JM,2007-02-28,0.0
JM,2007-03-31,0.0
JM,2007-04-30,0.0
JM,2007-05-31,0.0
JM,2007-06-30,0.0
JM,2007-07-31,0.0
JM,2007-08-31,0.0
JM,2007-09-30,0.0
JM,2007-10-31,0.0
JM,2007-11-30,0.0
JM,2007-12-31,0.0
JM,2008-01-31,0.0
JM,2008-02-29,0.0
JM,2008-03-31,0.0
JM,2008-04-30,0.0
JM,2008-05-31,0.0
JM,2008-06-30,0.0
JM,2008-07-31,0.0
JM,2008-08-31,0.0
JM,2008-09-30,0.0
JM,2008-10-31,0.0
JM,2008-11-30,0.0
JM,2008-12-31,0.0
JM,2009-01-31,0.0
JM,2009-02-28,0.0
JM,2009-03-31,0.0
JM,2009-04-30,0.0
JM,2009-05-31,0.0
JM,2009-06-30,0.0
JM,2009-07-31,0.0
JM,2009-08-31,0.0
JM,2009-09-30,0.0
JM,2009-10-31,0.0
JM,2009-11-30,0.0
JM,2009-12-31,0.0
JM,2010-01-31,0.0
JM,2010-02-28,0.0
JM,2010-03-31,0.0
JM,2010-04-30,0.0
JM,2010-05-31,0.0
JM,2010-06-30,0.0
JM,2010-07-31,0.0
JM,2010-08-31,0.0
JM,2010-09-30,0.0
JM,2010-10-31,0.0
JM,2010-11-30,0.0
JM,2010-12-31,0.0
JM,2011-01-31,0.0
JM,2011-02-28,0.0
JM,2011-03-31,0.0
JM,2011-04-30,0.0
JM,2011-05-31,0.0
JM,2011-06-30,0.0
JM,2011-07-31,0.0
JM,2011-08-31,0.0
JM,2011-09-30,0.0
JM,2011-10-31,0.0
JM,2011-11-30,0.0
JM,2011-12-31,0.0
JM,2012-01-31,0.0
JM,2012-02-29,0.0
JM,2012-03-31,0.0
JM,2012-04-30,0.0
JM,2012-05-31,0.0
JM,2012-06-30,0.0
JM,2012-07-31,0.0
JM,2012-08-31,0.0
JM,2012-09-30,0.0
JM,2012-10-31,0.0
JM,2012-11-30,0.0
JM,2012-12-31,0.0
JM,2013-01-31,0.0
JM,2013-02-28,0.0
JM,2013-03-31,0.0
JM,2013-04-30,0.0
JM,2013-05-31,0.0
JM,2013-06-30,0.0
JM,2013-07-31,0.0
JM,2013-08-31,0.0
JM,2013-09-30,0.0
JM,2013-10-31,0.0
JM,2013-11-30,0.0
JM,2013-12-31,0.0
JM,2014-01-31,0.0
JM,2014-02-28,0.0
JM,2014-03-31,0.0
JM,2014-04-30,0.0
JM,2014-05-31,0.0
JM,2014-06-30,0.0
JM,2014-07-31,0.0
JM,2014-08-31,0.0
JM,2014-09-30,0.0
JM,2014-10-31,0.0
JM,2014-11-30,0.0
JM,2014-12-31,0.0
JM,2015-01-31,0.0
JM,2015-02-28,0.0
JM,2015-03-31,0.0
JM,2015-04-30,0.0
JM,2015-05-31,0.0
JM,2015-06-30,0.0
JM,2015-07-31,0.0
JM,2015-08-31,0.0
JM,2015-09-30,0.0
JM,2015-10-31,0.0
JM,2015-11-30,0.0
JM,2015-12-31,0.0
JM,2016-01-31,0.0
JM,2016-02-29,0.0
JM,2016-03-31,0.0
JM,2016-04-30,0.0
JM,2016-05-31,0.0
JM,2016-06-30,0.0
JM,2016-07-31,0.0
JM,2016-08-31,
JM,2016-09-30,
JM,2016-10-31,
JM,2016-11-30,
JM,2016-12-31,
JM,2017-01-31,
JM,2017-02-28,
JM,2017-03-31,
JM,2017-04-30,
JM,2017-05-31,
JM,2017-06-30,
JM,2017-07-31,
JM,2017-08-31,
JM,2017-09-30,
JM,2017-10-31,
JM,2017-11-30,
JM,2017-12-31,
JM,2018-01-31,0.871
JM,2018-02-28,
JM,2018-03-31,
JM,2018-04-30,
JM,2018-05-31,
JM,2018-06-30,
JM,2018-07-31,
JM,2018-08-31,
JM,2018-09-30,
JM,2018-10-31,
JM,2018-11-30,
JM,2018-12-31,
JM,2019-01-31,
JM,2019-02-28,
JM,2019-03-31,
JM,2019-04-30,1.0
JM,2019-05-31,1.0
JM,2019-06-30,0.9333
JM,2019-07-31,0.8065
JM,2019-08-31,0.9677
JM,2019-09-30,0.9
JM,2019-10-31,
JM,2019-11-30,
JM,2019-12-31,
JM,2020-01-31,
JM,2020-02-29,
JM,2020-03-31,
JM,2020-04-30,
JM,2020-05-31,
JM,2020-06-30,0.9
JM,2020-07-31,0.2581
JM,2020-08-31,0.129
JM,2020-09-30,
JM,2020-10-31,
JM,2020-11-30,
JM,2020-12-31,
JM,2021-01-31,
JM,2021-02-28,
JM,2021-03-31,
JM,2021-04-30,
JM,2021-05-31,
JM,2021-06-30,
JM,2021-07-31,
JM,2021-08-31,
JM,2021-09-30,
JM,2021-10-31,
JM,2021-11-30,
JM,2021-12-31,
JM,2022-01-31,
JM,2022-02-28,
JM,2022-03-31,
JM,2022-04-30,
JM,2022-05-31,
JM,2022-06-30,
JM,2022-07-31,
JM,2022-08-31,
JM,2022-09-30,
JM,2022-10-31,
JM,2022-11-30,
JM,2022-12-31,
JM,2023-01-31,
JM,2023-02-28,
JM,2023-03-31,
JM,2023-04-30,
JM,2023-05-31,
JM,2023-06-30,
JM,2023-07-31,
JM,2023-08-31,
JM,2023-09-30,
JM,2023-10-31,
JM,2023-11-30,
JM,2023-12-31,
JM,2024-01-31,
JM,2024-02-29,
JM,2024-03-31,
JM,2024-04-30,
JM,2024-05-31,
JM,2024-06-30,
JM,2024-07-31,
JM,2024-08-31,
JM,2024-09-30,
JM,2024-10-31,
JM,2024-11-30,
JM,2024-12-31,
JM,2025-01-31,
JP,2002-01-31,5.7058
JP,2002-02-28,5.7907
JP,2002-03-31,5.4681
JP,2002-04-30,5.4047
JP,2002-05-31,5.4681
JP,2002-06-30,5.159
JP,2002-07-31,5.2303
JP,2002-08-31,5.2303
JP,2002-09-30,5.159
JP,2002-10-31,4.9926
JP,2002-11-30,4.6677
JP,2002-12-31,4.2794
JP,2003-01-31,4.7548
JP,2003-02-28,5.5275
JP,2003-03-31,5.7058
JP,2003-04-30,5.6503
JP,2003-05-31,5.7058
JP,2003-06-30,6.1417
JP,2003-07-31,6.1813
JP,2003-08-31,5.9435
JP,2003-09-30,5.896
JP,2003-10-31,5.7058
JP,2003-11-30,5.896
JP,2003-12-31,5.9435
JP,2004-01-31,6.1813
JP,2004-02-29,5.8452
JP,2004-03-31,5.9435
JP,2004-04-30,5.4047
JP,2004-05-31,5.4681
JP,2004-06-30,5.159
JP,2004-07-31,4.9926
JP,2004-08-31,5.2303
JP,2004-09-30,5.4047
JP,2004-10-31,5.4681
JP,2004-11-30,6.3873
JP,2004-12-31,6.8945
JP,2005-01-31,7.1323
JP,2005-02-28,6.8436
JP,2005-03-31,7.1323
JP,2005-04-30,6.8787
JP,2005-05-31,6.419
JP,2005-06-30,6.633
JP,2005-07-31,6.1813
JP,2005-08-31,6.1813
JP,2005-09-30,6.1417
JP,2005-10-31,6.419
JP,2005-11-30,6.3873
JP,2005-12-31,6.419
JP,2006-01-31,6.1813
JP,2006-02-28,6.0539
JP,2006-03-31,6.1813
JP,2006-04-30,5.896
JP,2006-05-31,5.9435
JP,2006-06-30,5.896
JP,2006-07-31,5.7058
JP,2006-08-31,5.2303
JP,2006-09-30,5.6503
JP,2006-10-31,5.7058
JP,2006-11-30,5.6503
JP,2006-12-31,5.7058
JP,2007-01-31,5.7058
JP,2007-02-28,5.7907
JP,2007-03-31,5.7058
JP,2007-04-30,5.4047
JP,2007-05-31,5.7058
JP,2007-06-30,5.4047
JP,2007-07-31,5.4681
JP,2007-08-31,4.9926
JP,2007-09-30,5.6503
JP,2007-10-31,5.7058
JP,2007-11-30,6.1417
JP,2007-12-31,6.1813
JP,2008-01-31,5.9435
JP,2008-02-29,6.3534
JP,2008-03-31,6.1813
JP,2008-04-30,6.1417
JP,2008-05-31,5.7058
JP,2008-06-30,5.896
JP,2008-07-31,5.9435
JP,2008-08-31,5.9435
JP,2008-09-30,5.896
JP,2008-10-31,5.7058
JP,2008-11-30,5.896
JP,2008-12-31,5.9435
JP,2009-01-31,5.9435
JP,2009-02-28,6.0539
JP,2009-03-31,5.9435
JP,2009-04-30,5.6503
JP,2009-05-31,5.2303
JP,2009-06-30,5.4047
JP,2009-07-31,5.4681
JP,2009-08-31,5.2303
JP,2009-09-30,5.159
JP,2009-10-31,4.7548
JP,2009-11-30,5.159
JP,2009-12-31,5.2303
JP,2010-01-31,5.4681
JP,2010-02-28,5.5275
JP,2010-03-31,5.4681
JP,2010-04-30,5.4047
JP,2010-05-31,5.4681
JP,2010-06-30,5.159
JP,2010-07-31,4.5171
JP,2010-08-31,5.2303
JP,2010-09-30,4.422
JP,2010-10-31,4.9926
JP,2010-11-30,5.159
JP,2010-12-31,4.9926
JP,2011-01-31,4.9926
JP,2011-02-28,5.2643
JP,2011-03-31,4.9926
JP,2011-04-30,4.9133
JP,2011-05-31,4.7548
JP,2011-06-30,4.6677
JP,2011-07-31,4.7548
JP,2011-08-31,4.5171
JP,2011-09-30,4.9133
JP,2011-10-31,4.7548
JP,2011-11-30,4.9133
JP,2011-12-31,4.9926
JP,2012-01-31,5.2303
JP,2012-02-29,5.0828
JP,2012-03-31,5.2303
JP,2012-04-30,4.9133
JP,2012-05-31,4.7548
JP,2012-06-30,4.9133
JP,2012-07-31,4.2794
JP,2012-08-31,4.7548
JP,2012-09-30,4.6677
JP,2012-10-31,4.7548
JP,2012-11-30,4.9133
JP,2012-12-31,4.9926
JP,2013-01-31,5.2303
JP,2013-02-28,5.2643
JP,2013-03-31,4.9926
JP,2013-04-30,4.9133
JP,2013-05-31,4.5171
JP,2013-06-30,4.6677
JP,2013-07-31,4.5171
JP,2013-08-31,4.2794
JP,2013-09-30,4.1763
JP,2013-10-31,4.2794
JP,2013-11-30,4.422
JP,2013-12-31,4.5171
JP,2014-01-31,4.7548
JP,2014-02-28,5.0011
JP,2014-03-31,4.7548
JP,2014-04-30,4.6677
JP,2014-05-31,4.5171
JP,2014-06-30,4.422
JP,2014-07-31,4.5171
JP,2014-08-31,4.5171
JP,2014-09-30,4.1763
JP,2014-10-31,4.2794
JP,2014-11-30,4.422
JP,2014-12-31,4.5171
JP,2015-01-31,4.5171
JP,2015-02-28,4.7379
JP,2015-03-31,4.5171
JP,2015-04-30,4.422
JP,2015-05-31,4.2794
JP,2015-06-30,4.422
JP,2015-07-31,4.2794
JP,2015-08-31,4.2794
JP,2015-09-30,4.1763
JP,2015-10-31,4.2794
JP,2015-11-30,4.1763
JP,2015-12-31,4.0416
JP,2016-01-31,4.0416
JP,2016-02-29,3.8121
JP,2016-03-31,3.8039
JP,2016-04-30,3.685
JP,2016-05-31,3.8039
JP,2016-06-30,3.9307
JP,2016-07-31,3.8039
JP,2016-08-31,4.0416
JP,2016-09-30,3.685
JP,2016-10-31,3.8039
JP,2016-11-30,3.4393
JP,2016-12-31,3.8039
JP,2017-01-31,3.8039
JP,2017-02-28,3.4218
JP,2017-03-31,3.8039
JP,2017-04-30,3.9307
JP,2017-05-31,3.8039
JP,2017-06-30,3.4393
JP,2017-07-31,3.5661
JP,2017-08-31,3.5661
JP,2017-09-30,3.685
JP,2017-10-31,3.5661
JP,2017-11-30,3.685
JP,2017-12-31,3.5661
JP,2018-01-31,3.5661
JP,2018-02-28,3.685
JP,2018-03-31,3.8039
JP,2018-04-30,3.1937
JP,2018-05-31,2.8529
JP,2018-06-30,3.4393
JP,2018-07-31,3.3284
JP,2018-08-31,3.3284
JP,2018-09-30,3.4393
JP,2018-10-31,3.3284
JP,2018-11-30,3.1937
JP,2018-12-31,3.3284
JP,2019-01-31,3.5661
JP,2019-02-28,3.685
JP,2019-03-31,3.8039
JP,2019-04-30,4.6677
JP,2019-05-31,4.5171
JP,2019-06-30,4.1763
JP,2019-07-31,4.2794
JP,2019-08-31,4.0416
JP,2019-09-30,4.1763
JP,2019-10-31,4.2794
JP,2019-11-30,3.9307
JP,2019-12-31,4.2794
JP,2020-01-31,4.2794
JP,2020-02-29,4.3203
JP,2020-03-31,4.2794
JP,2020-04-30,4.1763
JP,2020-05-31,3.8039
JP,2020-06-30,4.6677
JP,2020-07-31,4.7548
JP,2020-08-31,4.7548
JP,2020-09-30,4.6677
JP,2020-10-31,4.5171
JP,2020-11-30,3.685
JP,2020-12-31,4.5171
JP,2021-01-31,4.2794
JP,2021-02-28,4.7379
JP,2021-03-31,4.5171
JP,2021-04-30,4.422
JP,2021-05-31,4.0416
JP,2021-06-30,4.1763
JP,2021-07-31,3.8039
JP,2021-08-31,4.0416
JP,2021-09-30,3.685
JP,2021-10-31,3.8039
JP,2021-11-30,3.4393
JP,2021-12-31,3.5661
JP,2022-01-31,3.5661
JP,2022-02-28,3.685
JP,2022-03-31,3.5661
JP,2022-04-30,3.685
JP,2022-05-31,3.0906
JP,2022-06-30,3.1937
JP,2022-07-31,3.0906
JP,2022-08-31,2.8529
JP,2022-09-30,2.948
JP,2022-10-31,3.0906
JP,2022-11-30,2.7023
JP,2022-12-31,3.3284
JP,2023-01-31,3.3284
JP,2023-02-28,3.1586
JP,2023-03-31,2.8529
JP,2023-04-30,2.7023
JP,2023-05-31,2.6152
JP,2023-06-30,2.948
JP,2023-07-31,2.8529
JP,2023-08-31,2.8529
JP,2023-09-30,2.948
JP,2023-10-31,3.3284
JP,2023-11-30,3.4393
JP,2023-12-31,3.5661
JP,2024-01-31,3.3284
JP,2024-02-29,3.3038
JP,2024-03-31,3.3284
JP,2024-04-30,3.685
JP,2024-05-31,2.8529
JP,2024-06-30,3.1937
JP,2024-07-31,3.0906
JP,2024-08-31,3.0906
JP,2024-09-30,2.948
JP,2024-10-31,2.6152
JP,2024-11-30,2.948
JP,2024-12-31,3.3284
JP,2025-01-31,3.3284
JP,2025-02-28,3.4218
JP,2025-03-31,2.8529
KW,2002-01-31,1750.0
KW,2002-02-28,1740.0
KW,2002-03-31,1742.0
KW,2002-04-30,1749.0
KW,2002-05-31,1748.0
KW,2002-06-30,1748.0
KW,2002-07-31,1745.0
KW,2002-08-31,1744.0
KW,2002-09-30,1746.0
KW,2002-10-31,1745.0
KW,2002-11-30,1746.0
KW,2002-12-31,1747.0
KW,2003-01-31,1850.0
KW,2003-02-28,1975.0
KW,2003-03-31,2390.0
KW,2003-04-30,2405.0
KW,2003-05-31,2400.0
KW,2003-06-30,2050.0
KW,2003-07-31,2050.0
KW,2003-08-31,2040.0
KW,2003-09-30,2040.0
KW,2003-10-31,2040.0
KW,2003-11-30,1980.0
KW,2003-12-31,2060.0
KW,2004-01-31,2066.0
KW,2004-02-29,2036.0
KW,2004-03-31,2026.0
KW,2004-04-30,2130.0
KW,2004-05-31,2100.0
KW,2004-06-30,2200.0
KW,2004-07-31,2450.0
KW,2004-08-31,2500.0
KW,2004-09-30,2480.0
KW,2004-10-31,2480.0
KW,2004-11-30,2497.0
KW,2004-12-31,2449.0
KW,2005-01-31,2320.0
KW,2005-02-28,2400.0
KW,2005-03-31,2610.0
KW,2005-04-30,2604.0
KW,2005-05-31,2579.0
KW,2005-06-30,2567.0
KW,2005-07-31,2604.0
KW,2005-08-31,2678.0
KW,2005-09-30,2708.0
KW,2005-10-31,2630.0
KW,2005-11-30,2553.0
KW,2005-12-31,2612.0
KW,2006-01-31,2646.0
KW,2006-02-28,2668.0
KW,2006-03-31,2640.0
KW,2006-04-30,2656.0
KW,2006-05-31,2579.0
KW,2006-06-30,2554.0
KW,2006-07-31,2664.0
KW,2006-08-31,2765.0
KW,2006-09-30,2684.0
KW,2006-10-31,2648.0
KW,2006-11-30,2588.0
KW,2006-12-31,2641.0
KW,2007-01-31,2578.0
KW,2007-02-28,2554.0
KW,2007-03-31,2569.0
KW,2007-04-30,2534.0
KW,2007-05-31,2563.0
KW,2007-06-30,2565.0
KW,2007-07-31,2577.0
KW,2007-08-31,2585.0
KW,2007-09-30,2557.0
KW,2007-10-31,2624.0
KW,2007-11-30,2600.0
KW,2007-12-31,2587.0
KW,2008-01-31,2606.0
KW,2008-02-29,2797.0
KW,2008-03-31,2675.0
KW,2008-04-30,2568.0
KW,2008-05-31,2653.0
KW,2008-06-30,2717.0
KW,2008-07-31,2812.0
KW,2008-08-31,2700.0
KW,2008-09-30,2850.0
KW,2008-10-31,2679.0
KW,2008-11-30,2565.0
KW,2008-12-31,2500.0
KW,2009-01-31,2323.0
KW,2009-02-28,2234.0
KW,2009-03-31,2240.0
KW,2009-04-30,2250.0
KW,2009-05-31,2240.0
KW,2009-06-30,2270.0
KW,2009-07-31,2270.0
KW,2009-08-31,2230.0
KW,2009-09-30,2255.0
KW,2009-10-31,2265.0
KW,2009-11-30,2285.0
KW,2009-12-31,2275.0
KW,2010-01-31,2300.0
KW,2010-02-28,2310.0
KW,2010-03-31,2325.0
KW,2010-04-30,2300.0
KW,2010-05-31,2320.0
KW,2010-06-30,2320.0
KW,2010-07-31,2300.0
KW,2010-08-31,2310.0
KW,2010-09-30,2320.0
KW,2010-10-31,2320.0
KW,2010-11-30,2300.0
KW,2010-12-31,2320.0
KW,2011-01-31,2380.0
KW,2011-02-28,2420.0
KW,2011-03-31,2460.0
KW,2011-04-30,2500.0
KW,2011-05-31,2550.0
KW,2011-06-30,2600.0
KW,2011-07-31,2600.0
KW,2011-08-31,2800.0
KW,2011-09-30,2870.0
KW,2011-10-31,2861.0
KW,2011-11-30,2915.0
KW,2011-12-31,2952.0
KW,2012-01-31,2942.0
KW,2012-02-29,3014.0
KW,2012-03-31,3031.0
KW,2012-04-30,3007.0
KW,2012-05-31,2984.0
KW,2012-06-30,2981.0
KW,2012-07-31,2945.0
KW,2012-08-31,3025.0
KW,2012-09-30,2900.0
KW,2012-10-31,2919.0
KW,2012-11-30,2985.0
KW,2012-12-31,2988.0
KW,2013-01-31,2876.0
KW,2013-02-28,2840.0
KW,2013-03-31,2725.0
KW,2013-04-30,2970.0
KW,2013-05-31,2960.0
KW,2013-06-30,2980.0
KW,2013-07-31,3011.0
KW,2013-08-31,2995.0
KW,2013-09-30,2969.0
KW,2013-10-31,2873.0
KW,2013-11-30,2922.0
KW,2013-12-31,2940.0
KW,2014-01-31,2920.0
KW,2014-02-28,2917.0
KW,2014-03-31,2860.0
KW,2014-04-30,2927.0
KW,2014-05-31,2927.0
KW,2014-06-30,2800.0
KW,2014-07-31,2880.0
KW,2014-08-31,2880.0
KW,2014-09-30,2900.0
KW,2014-10-31,2831.0
KW,2014-11-30,2790.0
KW,2014-12-31,2800.0
KW,2015-01-31,2850.0
KW,2015-02-28,
KW,2015-03-31,2850.0
KW,2015-04-30,2860.0
KW,2015-05-31,2830.0
KW,2015-06-30,2825.0
KW,2015-07-31,2820.0
KW,2015-08-31,2890.0
KW,2015-09-30,2900.0
KW,2015-10-31,2800.0
KW,2015-11-30,2900.0
KW,2015-12-31,2930.0
KW,2016-01-31,3000.0
KW,2016-02-29,3000.0
KW,2016-03-31,3000.0
KW,2016-04-30,2900.0
KW,2016-05-31,
KW,2016-06-30,2950.0
KW,2016-07-31,2950.0
KW,2016-08-31,2987.0
KW,2016-09-30,2970.0
KW,2016-10-31,3000.0
KW,2016-11-30,2900.0
KW,2016-12-31,2844.0
KW,2017-01-31,2710.0
KW,2017-02-28,2705.0
KW,2017-03-31,2700.0
KW,2017-04-30,2710.0
KW,2017-05-31,2715.0
KW,2017-06-30,2705.0
KW,2017-07-31,2700.0
KW,2017-08-31,2700.0
KW,2017-09-30,2700.0
KW,2017-10-31,2700.0
KW,2017-11-30,2705.0
KW,2017-12-31,2701.0
KW,2018-01-31,2705.0
KW,2018-02-28,2700.0
KW,2018-03-31,2700.0
KW,2018-04-30,2705.0
KW,2018-05-31,2700.0
KW,2018-06-30,2707.0
KW,2018-07-31,2800.0
KW,2018-08-31,2800.0
KW,2018-09-30,2752.0
KW,2018-10-31,2733.0
KW,2018-11-30,2730.0
KW,2018-12-31,2802.0
KW,2019-01-31,2715.0
KW,2019-02-28,2707.0
KW,2019-03-31,2713.0
KW,2019-04-30,2690.0
KW,2019-05-31,2709.0
KW,2019-06-30,2643.0
KW,2019-07-31,2652.0
KW,2019-08-31,2605.0
KW,2019-09-30,2650.0
KW,2019-10-31,2633.0
KW,2019-11-30,2706.0
KW,2019-12-31,2711.0
KW,2020-01-31,2660.0
KW,2020-02-29,2665.0
KW,2020-03-31,2901.0
KW,2020-04-30,3151.0
KW,2020-05-31,2191.0
KW,2020-06-30,2088.0
KW,2020-07-31,2158.0
KW,2020-08-31,2289.0
KW,2020-09-30,2290.0
KW,2020-10-31,2290.0
KW,2020-11-30,2295.0
KW,2020-12-31,2295.0
KW,2021-01-31,2325.0
KW,2021-02-28,2329.0
KW,2021-03-31,2327.0
KW,2021-04-30,2327.0
KW,2021-05-31,2355.0
KW,2021-06-30,2384.0
KW,2021-07-31,2423.0
KW,2021-08-31,2445.0
KW,2021-09-30,2474.0
KW,2021-10-31,2503.0
KW,2021-11-30,2532.0
KW,2021-12-31,2549.0
KW,2022-01-31,2584.0
KW,2022-02-28,2612.0
KW,2022-03-31,2639.0
KW,2022-04-30,2664.0
KW,2022-05-31,2694.0
KW,2022-06-30,2724.0
KW,2022-07-31,2768.0
KW,2022-08-31,2811.0
KW,2022-09-30,2818.0
KW,2022-10-31,2811.0
KW,2022-11-30,2676.0
KW,2022-12-31,2676.0
KW,2023-01-31,2676.0
KW,2023-02-28,2676.0
KW,2023-03-31,2676.0
KW,2023-04-30,2676.0
KW,2023-05-31,2548.0
KW,2023-06-30,2548.0
KW,2023-07-31,2548.0
KW,2023-08-31,2548.0
KW,2023-09-30,2548.0
KW,2023-10-31,2548.0
KW,2023-11-30,2548.0
KW,2023-12-31,2548.0
KW,2024-01-31,2413.0
KW,2024-02-29,2413.0
KW,2024-03-31,2413.0
KW,2024-04-30,2413.0
KW,2024-05-31,2413.0
KW,2024-06-30,2413.0
KW,2024-07-31,2413.0
KW,2024-08-31,2413.0
KW,2024-09-30,2413.0
KW,2024-10-31,2400.0
KW,2024-11-30,2405.0
KW,2024-12-31,2407.0
KW,2025-01-31,2400.0
KW,2025-02-28,2406.0
KW,2025-03-31,2413.0
KZ,2002-01-31,787.929
KZ,2002-02-28,783.1857
KZ,2002-03-31,806.5323
KZ,2002-04-30,823.9267
KZ,2002-05-31,779.9226
KZ,2002-06-30,816.14
KZ,2002-07-31,860.6935
KZ,2002-08-31,872.7032
KZ,2002-09-30,887.1933
KZ,2002-10-31,893.1903
KZ,2002-11-30,900.82
KZ,2002-12-31,880.2387
KZ,2003-01-31,884.2419
KZ,2003-02-28,895.0321
KZ,2003-03-31,888.2452
KZ,2003-04-30,893.2767
KZ,2003-05-31,907.7903
KZ,2003-06-30,924.6667
KZ,2003-07-31,872.4677
KZ,2003-08-31,853.1581
KZ,2003-09-30,908.6067
KZ,2003-10-31,955.1226
KZ,2003-11-30,974.3067
KZ,2003-12-31,981.7323
KZ,2004-01-31,948.7645
KZ,2004-02-29,978.2
KZ,2004-03-31,977.0226
KZ,2004-04-30,992.5567
KZ,2004-05-31,974.4323
KZ,2004-06-30,1016.4033
KZ,2004-07-31,984.3226
KZ,2004-08-31,1043.9
KZ,2004-09-30,1058.9867
KZ,2004-10-31,1050.9645
KZ,2004-11-30,1041.71
KZ,2004-12-31,1039.4258
KZ,2005-01-31,1037.5419
KZ,2005-02-28,1046.5071
KZ,2005-03-31,1053.3194
KZ,2005-04-30,1051.2
KZ,2005-05-31,935.5774
KZ,2005-06-30,984.04
KZ,2005-07-31,953.7097
KZ,2005-08-31,998.4516
KZ,2005-09-30,
KZ,2005-10-31,
KZ,2005-11-30,
KZ,2005-12-31,1109.6
KZ,2006-01-31,1024.1194
KZ,2006-02-28,989.9321
KZ,2006-03-31,1035.8935
KZ,2006-04-30,1086.4833
KZ,2006-05-31,1222.1613
KZ,2006-06-30,1173.11
KZ,2006-07-31,1116.1935
KZ,2006-08-31,1090.2903
KZ,2006-09-30,1134.9067
KZ,2006-10-31,1124.9065
KZ,2006-11-30,1108.14
KZ,2006-12-31,1158.1097
KZ,2007-01-31,1066.7419
KZ,2007-02-28,1087.7
KZ,2007-03-31,984.7935
KZ,2007-04-30,1142.9367
KZ,2007-05-31,1073.3355
KZ,2007-06-30,1036.8433
KZ,2007-07-31,1097.1194
KZ,2007-08-31,1107.9516
KZ,2007-09-30,1126.8767
KZ,2007-10-31,1138.329
KZ,2007-11-30,1215.6933
KZ,2007-12-31,1142.3323
KZ,2008-01-31,1154.5774
KZ,2008-02-29,1151.8897
KZ,2008-03-31,1210.8581
KZ,2008-04-30,1180.6533
KZ,2008-05-31,1170.8258
KZ,2008-06-30,1181.87
KZ,2008-07-31,1080.871
KZ,2008-08-31,1062.2677
KZ,2008-09-30,1205.96
KZ,2008-10-31,1029.0645
KZ,2008-11-30,1171.1633
KZ,2008-12-31,1227.5774
KZ,2009-01-31,1258.6058
KZ,2009-02-28,1257.6379
KZ,2009-03-31,1214.1481
KZ,2009-04-30,1263.955
KZ,2009-05-31,1197.7439
KZ,2009-06-30,1324.389
KZ,2009-07-31,1363.2123
KZ,2009-08-31,1282.8555
KZ,2009-09-30,1325.126
KZ,2009-10-31,1371.5332
KZ,2009-11-30,1357.0627
KZ,2009-12-31,1361.7858
KZ,2010-01-31,
KZ,2010-02-28,
KZ,2010-03-31,
KZ,2010-04-30,
KZ,2010-05-31,
KZ,2010-06-30,
KZ,2010-07-31,
KZ,2010-08-31,
KZ,2010-09-30,
KZ,2010-10-31,
KZ,2010-11-30,
KZ,2010-12-31,
KZ,2011-01-31,
KZ,2011-02-28,
KZ,2011-03-31,
KZ,2011-04-30,
KZ,2011-05-31,
KZ,2011-06-30,
KZ,2011-07-31,
KZ,2011-08-31,
KZ,2011-09-30,
KZ,2011-10-31,
KZ,2011-11-30,
KZ,2011-12-31,
KZ,2012-01-31,
KZ,2012-02-29,
KZ,2012-03-31,
KZ,2012-04-30,
KZ,2012-05-31,
KZ,2012-06-30,
KZ,2012-07-31,
KZ,2012-08-31,
KZ,2012-09-30,
KZ,2012-10-31,
KZ,2012-11-30,
KZ,2012-12-31,
KZ,2013-01-31,1398.6358
KZ,2013-02-28,1426.8846
KZ,2013-03-31,1428.1158
KZ,2013-04-30,1424.8667
KZ,2013-05-31,1351.8006
KZ,2013-06-30,1380.6467
KZ,2013-07-31,1424.3119
KZ,2013-08-31,1298.3087
KZ,2013-09-30,1384.3317
KZ,2013-10-31,1447.8484
KZ,2013-11-30,
KZ,2013-12-31,1419.5571
KZ,2014-01-31,1408.3832
KZ,2014-02-28,1379.5061
KZ,2014-03-31,1387.9374
KZ,2014-04-30,1402.511
KZ,2014-05-31,1316.6148
KZ,2014-06-30,1255.111
KZ,2014-07-31,1380.0919
KZ,2014-08-31,1390.0771
KZ,2014-09-30,1342.5683
KZ,2014-10-31,1309.0071
KZ,2014-11-30,1453.1183
KZ,2014-12-31,1433.1084
KZ,2015-01-31,1367.7294
KZ,2015-02-28,1417.1457
KZ,2015-03-31,1397.4471
KZ,2015-04-30,1368.1177
KZ,2015-05-31,1389.1261
KZ,2015-06-30,1317.5103
KZ,2015-07-31,1344.4306
KZ,2015-08-31,1269.0665
KZ,2015-09-30,1264.2007
KZ,2015-10-31,1236.7335
KZ,2015-11-30,1375.979
KZ,2015-12-31,1375.5748
KZ,2016-01-31,1358.2197
KZ,2016-02-29,1357.3507
KZ,2016-03-31,1348.71
KZ,2016-04-30,1330.0393
KZ,2016-05-31,1314.7129
KZ,2016-06-30,1303.016
KZ,2016-07-31,1307.8184
KZ,2016-08-31,1017.2977
KZ,2016-09-30,1252.6543
KZ,2016-10-31,1389.3639
KZ,2016-11-30,1431.7453
KZ,2016-12-31,1438.8142
KZ,2017-01-31,1415.7532
KZ,2017-02-28,1450.5739
KZ,2017-03-31,1483.9852
KZ,2017-04-30,1470.315
KZ,2017-05-31,1422.8855
KZ,2017-06-30,1474.2457
KZ,2017-07-31,1480.8945
KZ,2017-08-31,1404.8171
KZ,2017-09-30,1496.11
KZ,2017-10-31,1445.9465
KZ,2017-11-30,1545.9803
KZ,2017-12-31,1537.2394
KZ,2018-01-31,1535.8129
KZ,2018-02-28,1580.3386
KZ,2018-03-31,1565.0552
KZ,2018-04-30,1560.7203
KZ,2018-05-31,1613.079
KZ,2018-06-30,1558.018
KZ,2018-07-31,1585.0255
KZ,2018-08-31,1411.9494
KZ,2018-09-30,1596.0963
KZ,2018-10-31,1486.6003
KZ,2018-11-30,1657.2673
KZ,2018-12-31,1631.6229
KZ,2019-01-31,1646.1252
KZ,2019-02-28,1648.5111
KZ,2019-03-31,1578.6065
KZ,2019-04-30,1356.5713
KZ,2019-05-31,1400.0623
KZ,2019-06-30,1655.0563
KZ,2019-07-31,1644.9365
KZ,2019-08-31,1538.1903
KZ,2019-09-30,1657.2673
KZ,2019-10-31,1673.2277
KZ,2019-11-30,1619.6803
KZ,2019-12-31,1634.4758
KZ,2020-01-31,1629.721
KZ,2020-02-29,1662.5703
KZ,2020-03-31,1636.6155
KZ,2020-04-30,1641.299
KZ,2020-05-31,1448.0861
KZ,2020-06-30,1312.8427
KZ,2020-07-31,1327.0755
KZ,2020-08-31,1362.2613
KZ,2020-09-30,1366.398
KZ,2020-10-31,1414.5645
KZ,2020-11-30,1420.4447
KZ,2020-12-31,1427.4026
KZ,2021-01-31,1397.6848
KZ,2021-02-28,1512.9557
KZ,2021-03-31,1486.3626
KZ,2021-04-30,1493.6533
KZ,2021-05-31,1478.9926
KZ,2021-06-30,1475.9653
KZ,2021-07-31,1490.4042
KZ,2021-08-31,1269.3042
KZ,2021-09-30,1396.8607
KZ,2021-10-31,1609.2752
KZ,2021-11-30,1625.3307
KZ,2021-12-31,1633.0494
KZ,2022-01-31,1596.1994
KZ,2022-02-28,1619.2943
KZ,2022-03-31,1570.0477
KZ,2022-04-30,1441.3263
KZ,2022-05-31,1549.1265
KZ,2022-06-30,1203.0297
KZ,2022-07-31,1386.511
KZ,2022-08-31,1205.8271
KZ,2022-09-30,1324.8803
KZ,2022-10-31,1410.9984
KZ,2022-11-30,1631.2267
KZ,2022-12-31,1637.3287
KZ,2023-01-31,1640.4194
KZ,2023-02-28,1598.5004
KZ,2023-03-31,1600.4787
KZ,2023-04-30,1616.4867
KZ,2023-05-31,1562.2023
KZ,2023-06-30,1563.177
KZ,2023-07-31,1487.0758
KZ,2023-08-31,1436.4368
KZ,2023-09-30,1580.865
KZ,2023-10-31,1599.7655
KZ,2023-11-30,1540.8213
KZ,2023-12-31,1585.2632
KZ,2024-01-31,1588.5916
KZ,2024-02-29,1579.7214
KZ,2024-03-31,1584.0745
KZ,2024-04-30,1555.5613
KZ,2024-05-31,1465.2035
KZ,2024-06-30,1552.6133
KZ,2024-07-31,1557.2097
KZ,2024-08-31,1459.26
KZ,2024-09-30,1608.871
KZ,2024-10-31,1294.0294
KZ,2024-11-30,1451.3987
KZ,2024-12-31,1430.4932
KZ,2025-01-31,1561.489
KZ,2025-02-28,1802.2282
KZ,2025-03-31,
LT,2002-01-31,
LT,2002-02-28,
LT,2002-03-31,
LT,2002-04-30,
LT,2002-05-31,
LT,2002-06-30,
LT,2002-07-31,
LT,2002-08-31,
LT,2002-09-30,
LT,2002-10-31,
LT,2002-11-30,
LT,2002-12-31,
LT,2003-01-31,7.5355
LT,2003-02-28,9.3857
LT,2003-03-31,8.4774
LT,2003-04-30,8.03
LT,2003-05-31,7.771
LT,2003-06-30,7.5433
LT,2003-07-31,7.771
LT,2003-08-31,7.771
LT,2003-09-30,7.3
LT,2003-10-31,6.829
LT,2003-11-30,7.0567
LT,2003-12-31,7.0645
LT,2004-01-31,6.829
LT,2004-02-29,6.5448
LT,2004-03-31,6.829
LT,2004-04-30,6.57
LT,2004-05-31,6.1226
LT,2004-06-30,6.3267
LT,2004-07-31,5.8871
LT,2004-08-31,5.6516
LT,2004-09-30,5.5967
LT,2004-10-31,5.4161
LT,2004-11-30,5.3533
LT,2004-12-31,5.1806
LT,2005-01-31,4.9452
LT,2005-02-28,4.9536
LT,2005-03-31,4.7097
LT,2005-04-30,4.8667
LT,2005-05-31,4.4742
LT,2005-06-30,4.38
LT,2005-07-31,4.2387
LT,2005-08-31,4.0032
LT,2005-09-30,3.65
LT,2005-10-31,3.7677
LT,2005-11-30,3.8933
LT,2005-12-31,4.0032
LT,2006-01-31,3.7677
LT,2006-02-28,3.9107
LT,2006-03-31,4.0032
LT,2006-04-30,3.8933
LT,2006-05-31,3.5323
LT,2006-06-30,3.4067
LT,2006-07-31,3.5323
LT,2006-08-31,3.5323
LT,2006-09-30,3.4067
LT,2006-10-31,3.2968
LT,2006-11-30,3.4067
LT,2006-12-31,3.5323
LT,2007-01-31,3.2968
LT,2007-02-28,3.3893
LT,2007-03-31,3.2968
LT,2007-04-30,2.92
LT,2007-05-31,3.0613
LT,2007-06-30,2.92
LT,2007-07-31,2.8258
LT,2007-08-31,2.8258
LT,2007-09-30,3.1633
LT,2007-10-31,3.2968
LT,2007-11-30,3.1633
LT,2007-12-31,3.0613
LT,2008-01-31,3.0613
LT,2008-02-29,3.0207
LT,2008-03-31,2.8258
LT,2008-04-30,2.4333
LT,2008-05-31,2.5903
LT,2008-06-30,2.6767
LT,2008-07-31,2.5903
LT,2008-08-31,2.1194
LT,2008-09-30,2.19
LT,2008-10-31,2.3548
LT,2008-11-30,2.4333
LT,2008-12-31,2.1194
LT,2009-01-31,2.1194
LT,2009-02-28,2.0857
LT,2009-03-31,2.3548
LT,2009-04-30,2.4333
LT,2009-05-31,2.3548
LT,2009-06-30,2.4333
LT,2009-07-31,2.3548
LT,2009-08-31,2.1194
LT,2009-09-30,2.19
LT,2009-10-31,2.3548
LT,2009-11-30,2.4333
LT,2009-12-31,2.3548
LT,2010-01-31,2.3548
LT,2010-02-28,2.3464
LT,2010-03-31,2.3548
LT,2010-04-30,2.19
LT,2010-05-31,2.3548
LT,2010-06-30,2.19
LT,2010-07-31,2.3548
LT,2010-08-31,2.3548
LT,2010-09-30,2.19
LT,2010-10-31,2.3548
LT,2010-11-30,2.4333
LT,2010-12-31,2.3548
LT,2011-01-31,2.3548
LT,2011-02-28,2.3464
LT,2011-03-31,2.1194
LT,2011-04-30,2.19
LT,2011-05-31,2.1194
LT,2011-06-30,2.19
LT,2011-07-31,2.3548
LT,2011-08-31,2.3548
LT,2011-09-30,2.4333
LT,2011-10-31,2.3548
LT,2011-11-30,2.4333
LT,2011-12-31,2.3548
LT,2012-01-31,1.8839
LT,2012-02-29,2.0138
LT,2012-03-31,2.1194
LT,2012-04-30,1.9467
LT,2012-05-31,1.8839
LT,2012-06-30,1.9467
LT,2012-07-31,2.1194
LT,2012-08-31,2.1194
LT,2012-09-30,1.9467
LT,2012-10-31,1.8839
LT,2012-11-30,1.9467
LT,2012-12-31,1.8839
LT,2013-01-31,1.8839
LT,2013-02-28,1.825
LT,2013-03-31,1.8839
LT,2013-04-30,1.46
LT,2013-05-31,1.8839
LT,2013-06-30,1.7033
LT,2013-07-31,1.6484
LT,2013-08-31,1.6484
LT,2013-09-30,1.7033
LT,2013-10-31,1.6484
LT,2013-11-30,1.7033
LT,2013-12-31,1.6484
LT,2014-01-31,1.6484
LT,2014-02-28,1.825
LT,2014-03-31,1.6484
LT,2014-04-30,1.7033
LT,2014-05-31,1.6484
LT,2014-06-30,1.46
LT,2014-07-31,1.6484
LT,2014-08-31,1.6484
LT,2014-09-30,1.46
LT,2014-10-31,1.6484
LT,2014-11-30,1.7033
LT,2014-12-31,1.6484
LT,2015-01-31,1.6484
LT,2015-02-28,1.5643
LT,2015-03-31,1.6484
LT,2015-04-30,1.46
LT,2015-05-31,1.6484
LT,2015-06-30,0.9733
LT,2015-07-31,1.4129
LT,2015-08-31,1.4129
LT,2015-09-30,1.46
LT,2015-10-31,1.4129
LT,2015-11-30,1.46
LT,2015-12-31,1.4129
LT,2016-01-31,1.4129
LT,2016-02-29,1.2586
LT,2016-03-31,1.4129
LT,2016-04-30,1.2167
LT,2016-05-31,1.4129
LT,2016-06-30,1.2167
LT,2016-07-31,1.1774
LT,2016-08-31,1.1774
LT,2016-09-30,1.2167
LT,2016-10-31,1.1774
LT,2016-11-30,1.2167
LT,2016-12-31,1.1774
LT,2017-01-31,1.1774
LT,2017-02-28,1.3036
LT,2017-03-31,1.1774
LT,2017-04-30,1.2167
LT,2017-05-31,1.1774
LT,2017-06-30,1.2167
LT,2017-07-31,1.1774
LT,2017-08-31,1.1774
LT,2017-09-30,0.9733
LT,2017-10-31,0.9419
LT,2017-11-30,0.9733
LT,2017-12-31,1.1774
LT,2018-01-31,0.9419
LT,2018-02-28,1.0429
LT,2018-03-31,0.9419
LT,2018-04-30,0.9733
LT,2018-05-31,0.9419
LT,2018-06-30,0.9733
LT,2018-07-31,0.9419
LT,2018-08-31,0.9419
LT,2018-09-30,0.9733
LT,2018-10-31,0.9419
LT,2018-11-30,0.9733
LT,2018-12-31,0.7065
LT,2019-01-31,0.9419
LT,2019-02-28,0.7821
LT,2019-03-31,0.7065
LT,2019-04-30,0.9733
LT,2019-05-31,0.7065
LT,2019-06-30,0.73
LT,2019-07-31,0.7065
LT,2019-08-31,0.9419
LT,2019-09-30,0.73
LT,2019-10-31,0.7065
LT,2019-11-30,0.73
LT,2019-12-31,0.7065
LT,2020-01-31,0.7065
LT,2020-02-29,0.7552
LT,2020-03-31,0.7065
LT,2020-04-30,0.73
LT,2020-05-31,0.7065
LT,2020-06-30,0.4867
LT,2020-07-31,0.471
LT,2020-08-31,0.7065
LT,2020-09-30,0.73
LT,2020-10-31,0.7065
LT,2020-11-30,0.4867
LT,2020-12-31,0.7065
LT,2021-01-31,0.471
LT,2021-02-28,0.5214
LT,2021-03-31,0.471
LT,2021-04-30,0.4867
LT,2021-05-31,0.471
LT,2021-06-30,0.4867
LT,2021-07-31,0.471
LT,2021-08-31,0.7065
LT,2021-09-30,0.73
LT,2021-10-31,0.7065
LT,2021-11-30,0.4867
LT,2021-12-31,0.471
LT,2022-01-31,0.471
LT,2022-02-28,0.5214
LT,2022-03-31,0.7065
LT,2022-04-30,0.4867
LT,2022-05-31,0.471
LT,2022-06-30,0.4867
LT,2022-07-31,0.471
LT,2022-08-31,0.471
LT,2022-09-30,0.4867
LT,2022-10-31,0.471
LT,2022-11-30,0.4867
LT,2022-12-31,0.471
LT,2023-01-31,0.471
LT,2023-02-28,0.5214
LT,2023-03-31,0.471
LT,2023-04-30,0.4867
LT,2023-05-31,0.471
LT,2023-06-30,0.4867
LT,2023-07-31,0.471
LT,2023-08-31,0.471
LT,2023-09-30,0.4867
LT,2023-10-31,0.471
LT,2023-11-30,0.4867
LT,2023-12-31,0.471
LT,2024-01-31,0.471
LT,2024-02-29,0.5034
LT,2024-03-31,0.471
LT,2024-04-30,0.4867
LT,2024-05-31,0.471
LT,2024-06-30,0.4867
LT,2024-07-31,0.471
LT,2024-08-31,0.471
LT,2024-09-30,0.4867
LT,2024-10-31,0.471
LT,2024-11-30,0.4867
LT,2024-12-31,0.471
LT,2025-01-31,0.471
LT,2025-02-28,0.5214
LT,2025-03-31,0.471
LY,2002-01-31,1200.0
LY,2002-02-28,1200.0
LY,2002-03-31,1200.0
LY,2002-04-30,1200.0
LY,2002-05-31,1200.0
LY,2002-06-30,1200.0
LY,2002-07-31,1202.0
LY,2002-08-31,1200.0
LY,2002-09-30,1200.0
LY,2002-10-31,1202.0
LY,2002-11-30,1200.0
LY,2002-12-31,1200.0
LY,2003-01-31,1280.0
LY,2003-02-28,1380.0
LY,2003-03-31,1440.0
LY,2003-04-30,1460.0
LY,2003-05-31,1460.0
LY,2003-06-30,1460.0
LY,2003-07-31,1460.0
LY,2003-08-31,1460.0
LY,2003-09-30,1460.0
LY,2003-10-31,1460.0
LY,2003-11-30,1430.0
LY,2003-12-31,1430.0
LY,2004-01-31,1460.0
LY,2004-02-29,1460.0
LY,2004-03-31,1440.0
LY,2004-04-30,1440.0
LY,2004-05-31,1574.0
LY,2004-06-30,1626.0
LY,2004-07-31,1661.0
LY,2004-08-31,1650.0
LY,2004-09-30,1678.0
LY,2004-10-31,1673.0
LY,2004-11-30,1681.0
LY,2004-12-31,1680.0
LY,2005-01-31,1620.0
LY,2005-02-28,1630.0
LY,2005-03-31,1693.0
LY,2005-04-30,1688.0
LY,2005-05-31,1680.0
LY,2005-06-30,1685.0
LY,2005-07-31,1697.0
LY,2005-08-31,1704.0
LY,2005-09-30,1719.0
LY,2005-10-31,1714.0
LY,2005-11-30,1698.0
LY,2005-12-31,1702.0
LY,2006-01-31,1721.0
LY,2006-02-28,1734.0
LY,2006-03-31,1702.0
LY,2006-04-30,1744.0
LY,2006-05-31,1760.0
LY,2006-06-30,1766.0
LY,2006-07-31,1796.0
LY,2006-08-31,1789.0
LY,2006-09-30,1798.0
LY,2006-10-31,1824.0
LY,2006-11-30,1689.0
LY,2006-12-31,1691.0
LY,2007-01-31,1688.0
LY,2007-02-28,1650.0
LY,2007-03-31,1643.0
LY,2007-04-30,1657.0
LY,2007-05-31,1659.0
LY,2007-06-30,1667.0
LY,2007-07-31,1663.0
LY,2007-08-31,1661.0
LY,2007-09-30,1665.0
LY,2007-10-31,1669.0
LY,2007-11-30,1707.0
LY,2007-12-31,1755.0
LY,2008-01-31,1765.0
LY,2008-02-29,1749.0
LY,2008-03-31,1767.0
LY,2008-04-30,1743.0
LY,2008-05-31,1746.0
LY,2008-06-30,1759.0
LY,2008-07-31,1691.0
LY,2008-08-31,1690.0
LY,2008-09-30,1785.0
LY,2008-10-31,1761.0
LY,2008-11-30,1645.0
LY,2008-12-31,1620.0
LY,2009-01-31,1480.0
LY,2009-02-28,1490.0
LY,2009-03-31,1475.0
LY,2009-04-30,1460.0
LY,2009-05-31,1476.0
LY,2009-06-30,1460.0
LY,2009-07-31,1446.0
LY,2009-08-31,1480.0
LY,2009-09-30,1490.0
LY,2009-10-31,1475.0
LY,2009-11-30,1492.0
LY,2009-12-31,1465.0
LY,2010-01-31,1490.0
LY,2010-02-28,1484.0
LY,2010-03-31,1488.0
LY,2010-04-30,1492.0
LY,2010-05-31,1495.0
LY,2010-06-30,1490.0
LY,2010-07-31,1491.0
LY,2010-08-31,1484.0
LY,2010-09-30,1481.0
LY,2010-10-31,1479.0
LY,2010-11-30,1483.0
LY,2010-12-31,1482.0
LY,2011-01-31,1487.0
LY,2011-02-28,1272.0
LY,2011-03-31,290.0
LY,2011-04-30,
LY,2011-05-31,80.0
LY,2011-06-30,40.0
LY,2011-07-31,22.0
LY,2011-08-31,45.0
LY,2011-09-30,160.0
LY,2011-10-31,
LY,2011-11-30,
LY,2011-12-31,
LY,2012-01-31,1119.0
LY,2012-02-29,1368.0
LY,2012-03-31,1411.0
LY,2012-04-30,1504.0
LY,2012-05-31,1552.0
LY,2012-06-30,1453.0
LY,2012-07-31,1423.0
LY,2012-08-31,1555.0
LY,2012-09-30,1537.0
LY,2012-10-31,1562.0
LY,2012-11-30,1544.0
LY,2012-12-31,1375.0
LY,2013-01-31,1481.0
LY,2013-02-28,1415.0
LY,2013-03-31,1516.0
LY,2013-04-30,1518.0
LY,2013-05-31,1441.0
LY,2013-06-30,1286.0
LY,2013-07-31,1243.0
LY,2013-08-31,618.0
LY,2013-09-30,407.0
LY,2013-10-31,539.0
LY,2013-11-30,226.0
LY,2013-12-31,228.0
LY,2014-01-31,508.0
LY,2014-02-28,405.0
LY,2014-03-31,241.0
LY,2014-04-30,
LY,2014-05-31,
LY,2014-06-30,
LY,2014-07-31,
LY,2014-08-31,
LY,2014-09-30,
LY,2014-10-31,
LY,2014-11-30,
LY,2014-12-31,
LY,2015-01-31,
LY,2015-02-28,
LY,2015-03-31,
LY,2015-04-30,
LY,2015-05-31,
LY,2015-06-30,
LY,2015-07-31,
LY,2015-08-31,
LY,2015-09-30,
LY,2015-10-31,
LY,2015-11-30,
LY,2015-12-31,
LY,2016-01-31,
LY,2016-02-29,
LY,2016-03-31,
LY,2016-04-30,
LY,2016-05-31,
LY,2016-06-30,
LY,2016-07-31,
LY,2016-08-31,
LY,2016-09-30,
LY,2016-10-31,
LY,2016-11-30,
LY,2016-12-31,
LY,2017-01-31,
LY,2017-02-28,
LY,2017-03-31,
LY,2017-04-30,
LY,2017-05-31,
LY,2017-06-30,
LY,2017-07-31,
LY,2017-08-31,
LY,2017-09-30,
LY,2017-10-31,
LY,2017-11-30,
LY,2017-12-31,
LY,2018-01-31,
LY,2018-02-28,
LY,2018-03-31,
LY,2018-04-30,
LY,2018-05-31,
LY,2018-06-30,
LY,2018-07-31,
LY,2018-08-31,
LY,2018-09-30,
LY,2018-10-31,
LY,2018-11-30,
LY,2018-12-31,
LY,2019-01-31,
LY,2019-02-28,
LY,2019-03-31,
LY,2019-04-30,
LY,2019-05-31,
LY,2019-06-30,
LY,2019-07-31,
LY,2019-08-31,
LY,2019-09-30,
LY,2019-10-31,
LY,2019-11-30,
LY,2019-12-31,
LY,2020-01-31,
LY,2020-02-29,
LY,2020-03-31,
LY,2020-04-30,
LY,2020-05-31,
LY,2020-06-30,
LY,2020-07-31,
LY,2020-08-31,
LY,2020-09-30,
LY,2020-10-31,
LY,2020-11-30,
LY,2020-12-31,
LY,2021-01-31,
LY,2021-02-28,
LY,2021-03-31,
LY,2021-04-30,
LY,2021-05-31,
LY,2021-06-30,
LY,2021-07-31,
LY,2021-08-31,
LY,2021-09-30,
LY,2021-10-31,
LY,2021-11-30,
LY,2021-12-31,
LY,2022-01-31,
LY,2022-02-28,
LY,2022-03-31,
LY,2022-04-30,
LY,2022-05-31,
LY,2022-06-30,
LY,2022-07-31,
LY,2022-08-31,
LY,2022-09-30,
LY,2022-10-31,
LY,2022-11-30,
LY,2022-12-31,
LY,2023-01-31,
LY,2023-02-28,
LY,2023-03-31,
LY,2023-04-30,
LY,2023-05-31,
LY,2023-06-30,
LY,2023-07-31,
LY,2023-08-31,
LY,2023-09-30,
LY,2023-10-31,
LY,2023-11-30,
LY,2023-12-31,
LY,2024-01-31,
LY,2024-02-29,
LY,2024-03-31,
LY,2024-04-30,
LY,2024-05-31,
LY,2024-06-30,
LY,2024-07-31,
LY,2024-08-31,
LY,2024-09-30,
LY,2024-10-31,
LY,2024-11-30,
LY,2024-12-31,
LY,2025-01-31,
LY,2025-02-28,
LY,2025-03-31,
MD,2002-01-31,
MD,2002-02-28,
MD,2002-03-31,
MD,2002-04-30,
MD,2002-05-31,
MD,2002-06-30,
MD,2002-07-31,
MD,2002-08-31,
MD,2002-09-30,
MD,2002-10-31,
MD,2002-11-30,
MD,2002-12-31,
MD,2003-01-31,
MD,2003-02-28,
MD,2003-03-31,
MD,2003-04-30,
MD,2003-05-31,
MD,2003-06-30,
MD,2003-07-31,
MD,2003-08-31,
MD,2003-09-30,
MD,2003-10-31,
MD,2003-11-30,
MD,2003-12-31,
MD,2004-01-31,
MD,2004-02-29,
MD,2004-03-31,
MD,2004-04-30,
MD,2004-05-31,
MD,2004-06-30,
MD,2004-07-31,
MD,2004-08-31,
MD,2004-09-30,
MD,2004-10-31,
MD,2004-11-30,
MD,2004-12-31,
MD,2005-01-31,
MD,2005-02-28,
MD,2005-03-31,
MD,2005-04-30,
MD,2005-05-31,
MD,2005-06-30,
MD,2005-07-31,
MD,2005-08-31,
MD,2005-09-30,
MD,2005-10-31,
MD,2005-11-30,
MD,2005-12-31,
MD,2006-01-31,
MD,2006-02-28,
MD,2006-03-31,
MD,2006-04-30,
MD,2006-05-31,
MD,2006-06-30,
MD,2006-07-31,
MD,2006-08-31,
MD,2006-09-30,
MD,2006-10-31,
MD,2006-11-30,
MD,2006-12-31,
MD,2007-01-31,
MD,2007-02-28,
MD,2007-03-31,
MD,2007-04-30,
MD,2007-05-31,
MD,2007-06-30,
MD,2007-07-31,
MD,2007-08-31,
MD,2007-09-30,
MD,2007-10-31,
MD,2007-11-30,
MD,2007-12-31,
MD,2008-01-31,
MD,2008-02-29,
MD,2008-03-31,
MD,2008-04-30,
MD,2008-05-31,
MD,2008-06-30,
MD,2008-07-31,
MD,2008-08-31,
MD,2008-09-30,
MD,2008-10-31,
MD,2008-11-30,
MD,2008-12-31,
MD,2009-01-31,
MD,2009-02-28,
MD,2009-03-31,
MD,2009-04-30,
MD,2009-05-31,
MD,2009-06-30,
MD,2009-07-31,
MD,2009-08-31,
MD,2009-09-30,
MD,2009-10-31,
MD,2009-11-30,
MD,2009-12-31,
MD,2010-01-31,
MD,2010-02-28,
MD,2010-03-31,
MD,2010-04-30,
MD,2010-05-31,
MD,2010-06-30,
MD,2010-07-31,
MD,2010-08-31,
MD,2010-09-30,
MD,2010-10-31,
MD,2010-11-30,
MD,2010-12-31,
MD,2011-01-31,
MD,2011-02-28,
MD,2011-03-31,
MD,2011-04-30,
MD,2011-05-31,
MD,2011-06-30,
MD,2011-07-31,
MD,2011-08-31,
MD,2011-09-30,
MD,2011-10-31,
MD,2011-11-30,
MD,2011-12-31,
MD,2012-01-31,
MD,2012-02-29,
MD,2012-03-31,
MD,2012-04-30,
MD,2012-05-31,
MD,2012-06-30,
MD,2012-07-31,
MD,2012-08-31,
MD,2012-09-30,
MD,2012-10-31,
MD,2012-11-30,
MD,2012-12-31,
MD,2013-01-31,
MD,2013-02-28,
MD,2013-03-31,
MD,2013-04-30,
MD,2013-05-31,
MD,2013-06-30,
MD,2013-07-31,
MD,2013-08-31,
MD,2013-09-30,
MD,2013-10-31,
MD,2013-11-30,
MD,2013-12-31,
MD,2014-01-31,
MD,2014-02-28,
MD,2014-03-31,
MD,2014-04-30,
MD,2014-05-31,
MD,2014-06-30,
MD,2014-07-31,
MD,2014-08-31,
MD,2014-09-30,
MD,2014-10-31,
MD,2014-11-30,
MD,2014-12-31,
MD,2015-01-31,
MD,2015-02-28,
MD,2015-03-31,
MD,2015-04-30,
MD,2015-05-31,
MD,2015-06-30,
MD,2015-07-31,
MD,2015-08-31,
MD,2015-09-30,
MD,2015-10-31,
MD,2015-11-30,
MD,2015-12-31,
MD,2016-01-31,
MD,2016-02-29,
MD,2016-03-31,
MD,2016-04-30,
MD,2016-05-31,
MD,2016-06-30,
MD,2016-07-31,
MD,2016-08-31,
MD,2016-09-30,
MD,2016-10-31,
MD,2016-11-30,
MD,2016-12-31,
MD,2017-01-31,
MD,2017-02-28,
MD,2017-03-31,
MD,2017-04-30,
MD,2017-05-31,
MD,2017-06-30,
MD,2017-07-31,
MD,2017-08-31,
MD,2017-09-30,
MD,2017-10-31,
MD,2017-11-30,
MD,2017-12-31,
MD,2018-01-31,
MD,2018-02-28,
MD,2018-03-31,
MD,2018-04-30,
MD,2018-05-31,
MD,2018-06-30,
MD,2018-07-31,
MD,2018-08-31,
MD,2018-09-30,
MD,2018-10-31,
MD,2018-11-30,
MD,2018-12-31,
MD,2019-01-31,
MD,2019-02-28,
MD,2019-03-31,
MD,2019-04-30,
MD,2019-05-31,
MD,2019-06-30,
MD,2019-07-31,
MD,2019-08-31,
MD,2019-09-30,
MD,2019-10-31,
MD,2019-11-30,
MD,2019-12-31,
MD,2020-01-31,
MD,2020-02-29,
MD,2020-03-31,
MD,2020-04-30,
MD,2020-05-31,
MD,2020-06-30,
MD,2020-07-31,
MD,2020-08-31,
MD,2020-09-30,
MD,2020-10-31,
MD,2020-11-30,
MD,2020-12-31,
MD,2021-01-31,
MD,2021-02-28,
MD,2021-03-31,
MD,2021-04-30,
MD,2021-05-31,
MD,2021-06-30,
MD,2021-07-31,
MD,2021-08-31,
MD,2021-09-30,
MD,2021-10-31,
MD,2021-11-30,
MD,2021-12-31,
MD,2022-01-31,
MD,2022-02-28,
MD,2022-03-31,
MD,2022-04-30,
MD,2022-05-31,
MD,2022-06-30,
MD,2022-07-31,
MD,2022-08-31,
MD,2022-09-30,
MD,2022-10-31,
MD,2022-11-30,
MD,2022-12-31,
MD,2023-01-31,
MD,2023-02-28,
MD,2023-03-31,
MD,2023-04-30,
MD,2023-05-31,
MD,2023-06-30,
MD,2023-07-31,
MD,2023-08-31,
MD,2023-09-30,
MD,2023-10-31,
MD,2023-11-30,
MD,2023-12-31,
MD,2024-01-31,
MD,2024-02-29,
MD,2024-03-31,
MD,2024-04-30,
MD,2024-05-31,
MD,2024-06-30,
MD,2024-07-31,
MD,2024-08-31,
MD,2024-09-30,
MD,2024-10-31,
MD,2024-11-30,
MD,2024-12-31,
MD,2025-01-31,
MD,2025-02-28,
MD,2025-03-31,
MK,2002-01-31,
MK,2002-02-28,
MK,2002-03-31,
MK,2002-04-30,
MK,2002-05-31,
MK,2002-06-30,
MK,2002-07-31,
MK,2002-08-31,
MK,2002-09-30,
MK,2002-10-31,
MK,2002-11-30,
MK,2002-12-31,
MK,2003-01-31,
MK,2003-02-28,
MK,2003-03-31,
MK,2003-04-30,
MK,2003-05-31,
MK,2003-06-30,
MK,2003-07-31,
MK,2003-08-31,
MK,2003-09-30,
MK,2003-10-31,
MK,2003-11-30,
MK,2003-12-31,
MK,2004-01-31,
MK,2004-02-29,
MK,2004-03-31,
MK,2004-04-30,
MK,2004-05-31,
MK,2004-06-30,
MK,2004-07-31,
MK,2004-08-31,
MK,2004-09-30,
MK,2004-10-31,
MK,2004-11-30,
MK,2004-12-31,
MK,2005-01-31,
MK,2005-02-28,
MK,2005-03-31,
MK,2005-04-30,
MK,2005-05-31,
MK,2005-06-30,
MK,2005-07-31,
MK,2005-08-31,
MK,2005-09-30,
MK,2005-10-31,
MK,2005-11-30,
MK,2005-12-31,
MK,2006-01-31,
MK,2006-02-28,
MK,2006-03-31,
MK,2006-04-30,
MK,2006-05-31,
MK,2006-06-30,
MK,2006-07-31,
MK,2006-08-31,
MK,2006-09-30,
MK,2006-10-31,
MK,2006-11-30,
MK,2006-12-31,
MK,2007-01-31,
MK,2007-02-28,
MK,2007-03-31,
MK,2007-04-30,
MK,2007-05-31,
MK,2007-06-30,
MK,2007-07-31,
MK,2007-08-31,
MK,2007-09-30,
MK,2007-10-31,
MK,2007-11-30,
MK,2007-12-31,
MK,2008-01-31,
MK,2008-02-29,
MK,2008-03-31,
MK,2008-04-30,
MK,2008-05-31,
MK,2008-06-30,
MK,2008-07-31,
MK,2008-08-31,
MK,2008-09-30,
MK,2008-10-31,
MK,2008-11-30,
MK,2008-12-31,
MK,2009-01-31,
MK,2009-02-28,
MK,2009-03-31,
MK,2009-04-30,
MK,2009-05-31,
MK,2009-06-30,
MK,2009-07-31,
MK,2009-08-31,
MK,2009-09-30,
MK,2009-10-31,
MK,2009-11-30,
MK,2009-12-31,
MK,2010-01-31,
MK,2010-02-28,
MK,2010-03-31,
MK,2010-04-30,
MK,2010-05-31,
MK,2010-06-30,
MK,2010-07-31,
MK,2010-08-31,
MK,2010-09-30,
MK,2010-10-31,
MK,2010-11-30,
MK,2010-12-31,
MK,2011-01-31,
MK,2011-02-28,
MK,2011-03-31,
MK,2011-04-30,
MK,2011-05-31,
MK,2011-06-30,
MK,2011-07-31,
MK,2011-08-31,
MK,2011-09-30,
MK,2011-10-31,
MK,2011-11-30,
MK,2011-12-31,
MK,2012-01-31,
MK,2012-02-29,
MK,2012-03-31,
MK,2012-04-30,
MK,2012-05-31,
MK,2012-06-30,
MK,2012-07-31,
MK,2012-08-31,
MK,2012-09-30,
MK,2012-10-31,
MK,2012-11-30,
MK,2012-12-31,
MK,2013-01-31,
MK,2013-02-28,
MK,2013-03-31,
MK,2013-04-30,
MK,2013-05-31,
MK,2013-06-30,
MK,2013-07-31,
MK,2013-08-31,
MK,2013-09-30,
MK,2013-10-31,
MK,2013-11-30,
MK,2013-12-31,
MK,2014-01-31,
MK,2014-02-28,
MK,2014-03-31,
MK,2014-04-30,
MK,2014-05-31,
MK,2014-06-30,
MK,2014-07-31,
MK,2014-08-31,
MK,2014-09-30,
MK,2014-10-31,
MK,2014-11-30,
MK,2014-12-31,
MK,2015-01-31,
MK,2015-02-28,0.0
MK,2015-03-31,0.0
MK,2015-04-30,0.0
MK,2015-05-31,0.0
MK,2015-06-30,0.0
MK,2015-07-31,0.0
MK,2015-08-31,0.0
MK,2015-09-30,0.0
MK,2015-10-31,0.0
MK,2015-11-30,0.0
MK,2015-12-31,0.0
MK,2016-01-31,0.0
MK,2016-02-29,0.0
MK,2016-03-31,0.0
MK,2016-04-30,0.0
MK,2016-05-31,0.0
MK,2016-06-30,0.0
MK,2016-07-31,0.0
MK,2016-08-31,0.0
MK,2016-09-30,0.0
MK,2016-10-31,0.0
MK,2016-11-30,0.0
MK,2016-12-31,0.0
MK,2017-01-31,0.0
MK,2017-02-28,0.0
MK,2017-03-31,0.0
MK,2017-04-30,0.0
MK,2017-05-31,0.0
MK,2017-06-30,0.0
MK,2017-07-31,0.0
MK,2017-08-31,0.0
MK,2017-09-30,0.0
MK,2017-10-31,0.0
MK,2017-11-30,0.0
MK,2017-12-31,0.0
MK,2018-01-31,0.0
MK,2018-02-28,0.0
MK,2018-03-31,0.0
MK,2018-04-30,0.0
MK,2018-05-31,0.0
MK,2018-06-30,0.0
MK,2018-07-31,0.0
MK,2018-08-31,0.0
MK,2018-09-30,0.0
MK,2018-10-31,0.0
MK,2018-11-30,0.0
MK,2018-12-31,0.0
MK,2019-01-31,0.0
MK,2019-02-28,0.0
MK,2019-03-31,0.0
MK,2019-04-30,0.0
MK,2019-05-31,0.0
MK,2019-06-30,0.0
MK,2019-07-31,0.0
MK,2019-08-31,0.0
MK,2019-09-30,0.0
MK,2019-10-31,0.0
MK,2019-11-30,0.0
MK,2019-12-31,0.0
MK,2020-01-31,0.0
MK,2020-02-29,0.0
MK,2020-03-31,0.0
MK,2020-04-30,0.0
MK,2020-05-31,0.0
MK,2020-06-30,0.0
MK,2020-07-31,0.0
MK,2020-08-31,0.0
MK,2020-09-30,0.0
MK,2020-10-31,0.0
MK,2020-11-30,0.0
MK,2020-12-31,0.0
MK,2021-01-31,0.0
MK,2021-02-28,0.0
MK,2021-03-31,0.0
MK,2021-04-30,0.0
MK,2021-05-31,0.0
MK,2021-06-30,0.0
MK,2021-07-31,0.0
MK,2021-08-31,0.0
MK,2021-09-30,0.0
MK,2021-10-31,0.0
MK,2021-11-30,0.0
MK,2021-12-31,0.0
MK,2022-01-31,0.0
MK,2022-02-28,0.0
MK,2022-03-31,0.0
MK,2022-04-30,0.0
MK,2022-05-31,0.0
MK,2022-06-30,0.0
MK,2022-07-31,0.0
MK,2022-08-31,0.0
MK,2022-09-30,0.0
MK,2022-10-31,
MK,2022-11-30,
MK,2022-12-31,
MK,2023-01-31,
MK,2023-02-28,
MK,2023-03-31,
MK,2023-04-30,
MK,2023-05-31,
MK,2023-06-30,
MK,2023-07-31,
MK,2023-08-31,
MK,2023-09-30,
MK,2023-10-31,
MK,2023-11-30,
MK,2023-12-31,
MK,2024-01-31,
MK,2024-02-29,
MK,2024-03-31,
MK,2024-04-30,
MK,2024-05-31,
MK,2024-06-30,
MK,2024-07-31,
MK,2024-08-31,
MK,2024-09-30,
MK,2024-10-31,
MK,2024-11-30,
MK,2024-12-31,
MK,2025-01-31,
MK,2025-02-28,
MK,2025-03-31,
MM,2002-01-31,
MM,2002-02-28,
MM,2002-03-31,
MM,2002-04-30,
MM,2002-05-31,
MM,2002-06-30,
MM,2002-07-31,
MM,2002-08-31,
MM,2002-09-30,
MM,2002-10-31,
MM,2002-11-30,
MM,2002-12-31,
MM,2003-01-31,
MM,2003-02-28,
MM,2003-03-31,
MM,2003-04-30,
MM,2003-05-31,
MM,2003-06-30,
MM,2003-07-31,
MM,2003-08-31,
MM,2003-09-30,
MM,2003-10-31,
MM,2003-11-30,
MM,2003-12-31,
MM,2004-01-31,17.5619
MM,2004-02-29,18.5193
MM,2004-03-31,20.4097
MM,2004-04-30,20.5996
MM,2004-05-31,20.1724
MM,2004-06-30,20.5996
MM,2004-07-31,20.1724
MM,2004-08-31,20.1724
MM,2004-09-30,19.8639
MM,2004-10-31,19.6978
MM,2004-11-30,19.8639
MM,2004-12-31,18.9858
MM,2005-01-31,21.8337
MM,2005-02-28,23.122
MM,2005-03-31,23.0203
MM,2005-04-30,23.0519
MM,2005-05-31,23.4949
MM,2005-06-30,23.2972
MM,2005-07-31,22.3083
MM,2005-08-31,22.783
MM,2005-09-30,22.071
MM,2005-10-31,22.5456
MM,2005-11-30,22.071
MM,2005-12-31,19.9351
MM,2006-01-31,142.3935
MM,2006-02-28,150.293
MM,2006-03-31,22.071
MM,2006-04-30,19.8639
MM,2006-05-31,21.5964
MM,2006-06-30,21.8258
MM,2006-07-31,21.359
MM,2006-08-31,21.5964
MM,2006-09-30,21.3353
MM,2006-10-31,20.8844
MM,2006-11-30,21.8258
MM,2006-12-31,20.1724
MM,2007-01-31,20.6471
MM,2007-02-28,21.02
MM,2007-03-31,21.8337
MM,2007-04-30,20.3544
MM,2007-05-31,21.359
MM,2007-06-30,21.8258
MM,2007-07-31,21.1217
MM,2007-08-31,21.1217
MM,2007-09-30,21.5805
MM,2007-10-31,21.359
MM,2007-11-30,21.3353
MM,2007-12-31,19.4605
MM,2008-01-31,19.4605
MM,2008-02-29,21.3099
MM,2008-03-31,21.8337
MM,2008-04-30,16.1854
MM,2008-05-31,20.1724
MM,2008-06-30,20.1091
MM,2008-07-31,20.6471
MM,2008-08-31,21.1217
MM,2008-09-30,21.0901
MM,2008-10-31,20.4097
MM,2008-11-30,19.1282
MM,2008-12-31,18.0365
MM,2009-01-31,13.5274
MM,2009-02-28,19.4435
MM,2009-03-31,18.5112
MM,2009-04-30,19.8639
MM,2009-05-31,31.0893
MM,2009-06-30,21.0901
MM,2009-07-31,19.2231
MM,2009-08-31,19.6978
MM,2009-09-30,19.8639
MM,2009-10-31,20.1724
MM,2009-11-30,11.526
MM,2009-12-31,15.9006
MM,2010-01-31,
MM,2010-02-28,
MM,2010-03-31,
MM,2010-04-30,
MM,2010-05-31,
MM,2010-06-30,
MM,2010-07-31,
MM,2010-08-31,
MM,2010-09-30,
MM,2010-10-31,
MM,2010-11-30,
MM,2010-12-31,
MM,2011-01-31,
MM,2011-02-28,
MM,2011-03-31,
MM,2011-04-30,
MM,2011-05-31,
MM,2011-06-30,
MM,2011-07-31,
MM,2011-08-31,
MM,2011-09-30,
MM,2011-10-31,
MM,2011-11-30,
MM,2011-12-31,
MM,2012-01-31,
MM,2012-02-29,
MM,2012-03-31,
MM,2012-04-30,
MM,2012-05-31,
MM,2012-06-30,
MM,2012-07-31,
MM,2012-08-31,
MM,2012-09-30,16.9211
MM,2012-10-31,18.2738
MM,2012-11-30,17.902
MM,2012-12-31,17.0872
MM,2013-01-31,16.6126
MM,2013-02-28,15.5023
MM,2013-03-31,17.3245
MM,2013-04-30,14.2235
MM,2013-05-31,17.5619
MM,2013-06-30,17.1663
MM,2013-07-31,17.3245
MM,2013-08-31,18.0365
MM,2013-09-30,18.1473
MM,2013-10-31,18.7485
MM,2013-11-30,18.6377
MM,2013-12-31,17.0872
MM,2014-01-31,11.6288
MM,2014-02-28,16.5533
MM,2014-03-31,9.0183
MM,2014-04-30,17.4116
MM,2014-05-31,17.5619
MM,2014-06-30,17.1663
MM,2014-07-31,16.6126
MM,2014-08-31,16.6126
MM,2014-09-30,16.4306
MM,2014-10-31,15.1886
MM,2014-11-30,15.9402
MM,2014-12-31,15.1886
MM,2015-01-31,15.426
MM,2015-02-28,
MM,2015-03-31,
MM,2015-04-30,12.7521
MM,2015-05-31,14.9513
MM,2015-06-30,14.2235
MM,2015-07-31,14.002
MM,2015-08-31,13.7647
MM,2015-09-30,13.4878
MM,2015-10-31,12.8154
MM,2015-11-30,12.2617
MM,2015-12-31,11.8661
MM,2016-01-31,11.3915
MM,2016-02-29,10.9087
MM,2016-03-31,13.0527
MM,2016-04-30,11.2807
MM,2016-05-31,12.5781
MM,2016-06-30,12.5069
MM,2016-07-31,11.6288
MM,2016-08-31,12.3408
MM,2016-09-30,12.5069
MM,2016-10-31,
MM,2016-11-30,
MM,2016-12-31,
MM,2017-01-31,
MM,2017-02-28,
MM,2017-03-31,
MM,2017-04-30,
MM,2017-05-31,
MM,2017-06-30,
MM,2017-07-31,
MM,2017-08-31,
MM,2017-09-30,
MM,2017-10-31,
MM,2017-11-30,
MM,2017-12-31,
MM,2018-01-31,
MM,2018-02-28,
MM,2018-03-31,
MM,2018-04-30,
MM,2018-05-31,
MM,2018-06-30,
MM,2018-07-31,
MM,2018-08-31,
MM,2018-09-30,
MM,2018-10-31,
MM,2018-11-30,
MM,2018-12-31,
MM,2019-01-31,
MM,2019-02-28,
MM,2019-03-31,
MM,2019-04-30,
MM,2019-05-31,
MM,2019-06-30,
MM,2019-07-31,
MM,2019-08-31,
MM,2019-09-30,
MM,2019-10-31,
MM,2019-11-30,
MM,2019-12-31,
MM,2020-01-31,
MM,2020-02-29,
MM,2020-03-31,
MM,2020-04-30,
MM,2020-05-31,
MM,2020-06-30,
MM,2020-07-31,
MM,2020-08-31,
MM,2020-09-30,
MM,2020-10-31,
MM,2020-11-30,
MM,2020-12-31,
MM,2021-01-31,
MM,2021-02-28,
MM,2021-03-31,
MM,2021-04-30,
MM,2021-05-31,
MM,2021-06-30,
MM,2021-07-31,
MM,2021-08-31,
MM,2021-09-30,
MM,2021-10-31,
MM,2021-11-30,
MM,2021-12-31,
MM,2022-01-31,
MM,2022-02-28,
MM,2022-03-31,
MM,2022-04-30,
MM,2022-05-31,
MM,2022-06-30,
MM,2022-07-31,
MM,2022-08-31,
MM,2022-09-30,
MM,2022-10-31,
MM,2022-11-30,
MM,2022-12-31,
MM,2023-01-31,
MM,2023-02-28,
MM,2023-03-31,
MM,2023-04-30,
MM,2023-05-31,
MM,2023-06-30,
MM,2023-07-31,
MM,2023-08-31,
MM,2023-09-30,
MM,2023-10-31,
MM,2023-11-30,
MM,2023-12-31,
MM,2024-01-31,
MM,2024-02-29,
MM,2024-03-31,
MM,2024-04-30,
MM,2024-05-31,
MM,2024-06-30,
MM,2024-07-31,
MM,2024-08-31,
MM,2024-09-30,
MM,2024-10-31,
MM,2024-11-30,
MM,2024-12-31,
MM,2025-01-31,
MM,2025-02-28,
MM,2025-03-31,
MT,2002-01-31,0.0
MT,2002-02-28,0.0
MT,2002-03-31,0.0
MT,2002-04-30,0.0
MT,2002-05-31,0.0
MT,2002-06-30,0.0
MT,2002-07-31,0.0
MT,2002-08-31,0.0
MT,2002-09-30,0.0
MT,2002-10-31,0.0
MT,2002-11-30,0.0
MT,2002-12-31,0.0
MT,2003-01-31,0.0
MT,2003-02-28,0.0
MT,2003-03-31,0.0
MT,2003-04-30,0.0
MT,2003-05-31,0.0
MT,2003-06-30,0.0
MT,2003-07-31,0.0
MT,2003-08-31,0.0
MT,2003-09-30,0.0
MT,2003-10-31,0.0
MT,2003-11-30,0.0
MT,2003-12-31,0.0
MT,2004-01-31,0.0
MT,2004-02-29,0.0
MT,2004-03-31,0.0
MT,2004-04-30,0.0
MT,2004-05-31,0.0
MT,2004-06-30,0.0
MT,2004-07-31,0.0
MT,2004-08-31,0.0
MT,2004-09-30,0.0
MT,2004-10-31,0.0
MT,2004-11-30,0.0
MT,2004-12-31,0.0
MT,2005-01-31,0.0
MT,2005-02-28,0.0
MT,2005-03-31,0.0
MT,2005-04-30,0.0
MT,2005-05-31,0.0
MT,2005-06-30,
MT,2005-07-31,
MT,2005-08-31,
MT,2005-09-30,
MT,2005-10-31,
MT,2005-11-30,
MT,2005-12-31,
MT,2006-01-31,
MT,2006-02-28,
MT,2006-03-31,
MT,2006-04-30,
MT,2006-05-31,
MT,2006-06-30,
MT,2006-07-31,
MT,2006-08-31,
MT,2006-09-30,
MT,2006-10-31,
MT,2006-11-30,
MT,2006-12-31,
MT,2007-01-31,
MT,2007-02-28,
MT,2007-03-31,
MT,2007-04-30,
MT,2007-05-31,
MT,2007-06-30,
MT,2007-07-31,
MT,2007-08-31,
MT,2007-09-30,
MT,2007-10-31,
MT,2007-11-30,
MT,2007-12-31,
MT,2008-01-31,
MT,2008-02-29,
MT,2008-03-31,
MT,2008-04-30,
MT,2008-05-31,
MT,2008-06-30,
MT,2008-07-31,
MT,2008-08-31,
MT,2008-09-30,
MT,2008-10-31,
MT,2008-11-30,
MT,2008-12-31,
MT,2009-01-31,
MT,2009-02-28,
MT,2009-03-31,
MT,2009-04-30,
MT,2009-05-31,
MT,2009-06-30,
MT,2009-07-31,
MT,2009-08-31,
MT,2009-09-30,
MT,2009-10-31,
MT,2009-11-30,
MT,2009-12-31,
MT,2010-01-31,
MT,2010-02-28,
MT,2010-03-31,
MT,2010-04-30,
MT,2010-05-31,
MT,2010-06-30,
MT,2010-07-31,
MT,2010-08-31,
MT,2010-09-30,
MT,2010-10-31,
MT,2010-11-30,
MT,2010-12-31,
MT,2011-01-31,
MT,2011-02-28,
MT,2011-03-31,
MT,2011-04-30,
MT,2011-05-31,
MT,2011-06-30,
MT,2011-07-31,
MT,2011-08-31,
MT,2011-09-30,
MT,2011-10-31,
MT,2011-11-30,
MT,2011-12-31,
MT,2012-01-31,
MT,2012-02-29,
MT,2012-03-31,
MT,2012-04-30,
MT,2012-05-31,
MT,2012-06-30,
MT,2012-07-31,
MT,2012-08-31,
MT,2012-09-30,
MT,2012-10-31,
MT,2012-11-30,
MT,2012-12-31,
MT,2013-01-31,
MT,2013-02-28,
MT,2013-03-31,
MT,2013-04-30,
MT,2013-05-31,
MT,2013-06-30,
MT,2013-07-31,
MT,2013-08-31,
MT,2013-09-30,
MT,2013-10-31,
MT,2013-11-30,
MT,2013-12-31,
MT,2014-01-31,
MT,2014-02-28,
MT,2014-03-31,
MT,2014-04-30,
MT,2014-05-31,
MT,2014-06-30,
MT,2014-07-31,
MT,2014-08-31,
MT,2014-09-30,
MT,2014-10-31,
MT,2014-11-30,
MT,2014-12-31,
MT,2015-01-31,
MT,2015-02-28,
MT,2015-03-31,
MT,2015-04-30,
MT,2015-05-31,
MT,2015-06-30,
MT,2015-07-31,
MT,2015-08-31,
MT,2015-09-30,
MT,2015-10-31,
MT,2015-11-30,
MT,2015-12-31,
MT,2016-01-31,
MT,2016-02-29,
MT,2016-03-31,
MT,2016-04-30,
MT,2016-05-31,
MT,2016-06-30,
MT,2016-07-31,
MT,2016-08-31,
MT,2016-09-30,
MT,2016-10-31,
MT,2016-11-30,
MT,2016-12-31,
MT,2017-01-31,
MT,2017-02-28,
MT,2017-03-31,
MT,2017-04-30,
MT,2017-05-31,
MT,2017-06-30,
MT,2017-07-31,
MT,2017-08-31,
MT,2017-09-30,
MT,2017-10-31,
MT,2017-11-30,
MT,2017-12-31,
MT,2018-01-31,
MT,2018-02-28,
MT,2018-03-31,
MT,2018-04-30,
MT,2018-05-31,
MT,2018-06-30,
MT,2018-07-31,
MT,2018-08-31,
MT,2018-09-30,
MT,2018-10-31,
MT,2018-11-30,
MT,2018-12-31,
MT,2019-01-31,
MT,2019-02-28,
MT,2019-03-31,
MT,2019-04-30,
MT,2019-05-31,
MT,2019-06-30,
MT,2019-07-31,
MT,2019-08-31,
MT,2019-09-30,
MT,2019-10-31,
MT,2019-11-30,
MT,2019-12-31,
MT,2020-01-31,
MT,2020-02-29,
MT,2020-03-31,
MT,2020-04-30,
MT,2020-05-31,
MT,2020-06-30,
MT,2020-07-31,
MT,2020-08-31,
MT,2020-09-30,
MT,2020-10-31,
MT,2020-11-30,
MT,2020-12-31,
MT,2021-01-31,
MT,2021-02-28,
MT,2021-03-31,
MT,2021-04-30,
MT,2021-05-31,
MT,2021-06-30,
MT,2021-07-31,
MT,2021-08-31,
MT,2021-09-30,
MT,2021-10-31,
MT,2021-11-30,
MT,2021-12-31,
MT,2022-01-31,
MT,2022-02-28,
MT,2022-03-31,
MT,2022-04-30,
MT,2022-05-31,
MT,2022-06-30,
MT,2022-07-31,
MT,2022-08-31,
MT,2022-09-30,
MT,2022-10-31,
MT,2022-11-30,
MT,2022-12-31,
MT,2023-01-31,
MT,2023-02-28,
MT,2023-03-31,
MT,2023-04-30,
MT,2023-05-31,
MT,2023-06-30,
MT,2023-07-31,
MT,2023-08-31,
MT,2023-09-30,
MT,2023-10-31,
MT,2023-11-30,
MT,2023-12-31,
MT,2024-01-31,
MT,2024-02-29,
MT,2024-03-31,
MT,2024-04-30,
MT,2024-05-31,
MT,2024-06-30,
MT,2024-07-31,
MT,2024-08-31,
MT,2024-09-30,
MT,2024-10-31,
MT,2024-11-30,
MT,2024-12-31,
MT,2025-01-31,
MT,2025-02-28,
MT,2025-03-31,
MU,2002-01-31,
MU,2002-02-28,
MU,2002-03-31,
MU,2002-04-30,
MU,2002-05-31,
MU,2002-06-30,
MU,2002-07-31,
MU,2002-08-31,
MU,2002-09-30,
MU,2002-10-31,
MU,2002-11-30,
MU,2002-12-31,
MU,2003-01-31,
MU,2003-02-28,
MU,2003-03-31,
MU,2003-04-30,
MU,2003-05-31,
MU,2003-06-30,
MU,2003-07-31,
MU,2003-08-31,
MU,2003-09-30,
MU,2003-10-31,
MU,2003-11-30,
MU,2003-12-31,
MU,2004-01-31,
MU,2004-02-29,
MU,2004-03-31,
MU,2004-04-30,
MU,2004-05-31,
MU,2004-06-30,
MU,2004-07-31,
MU,2004-08-31,
MU,2004-09-30,
MU,2004-10-31,
MU,2004-11-30,
MU,2004-12-31,
MU,2005-01-31,
MU,2005-02-28,
MU,2005-03-31,
MU,2005-04-30,
MU,2005-05-31,
MU,2005-06-30,
MU,2005-07-31,
MU,2005-08-31,
MU,2005-09-30,
MU,2005-10-31,
MU,2005-11-30,
MU,2005-12-31,
MU,2006-01-31,
MU,2006-02-28,
MU,2006-03-31,
MU,2006-04-30,
MU,2006-05-31,
MU,2006-06-30,
MU,2006-07-31,
MU,2006-08-31,
MU,2006-09-30,
MU,2006-10-31,
MU,2006-11-30,
MU,2006-12-31,
MU,2007-01-31,
MU,2007-02-28,
MU,2007-03-31,
MU,2007-04-30,
MU,2007-05-31,
MU,2007-06-30,
MU,2007-07-31,
MU,2007-08-31,
MU,2007-09-30,
MU,2007-10-31,
MU,2007-11-30,
MU,2007-12-31,
MU,2008-01-31,
MU,2008-02-29,
MU,2008-03-31,
MU,2008-04-30,
MU,2008-05-31,
MU,2008-06-30,
MU,2008-07-31,
MU,2008-08-31,
MU,2008-09-30,
MU,2008-10-31,
MU,2008-11-30,
MU,2008-12-31,
MU,2009-01-31,
MU,2009-02-28,
MU,2009-03-31,
MU,2009-04-30,
MU,2009-05-31,
MU,2009-06-30,
MU,2009-07-31,
MU,2009-08-31,
MU,2009-09-30,
MU,2009-10-31,
MU,2009-11-30,
MU,2009-12-31,
MU,2010-01-31,
MU,2010-02-28,
MU,2010-03-31,
MU,2010-04-30,
MU,2010-05-31,
MU,2010-06-30,
MU,2010-07-31,
MU,2010-08-31,
MU,2010-09-30,
MU,2010-10-31,
MU,2010-11-30,
MU,2010-12-31,
MU,2011-01-31,
MU,2011-02-28,
MU,2011-03-31,
MU,2011-04-30,
MU,2011-05-31,
MU,2011-06-30,
MU,2011-07-31,
MU,2011-08-31,
MU,2011-09-30,
MU,2011-10-31,
MU,2011-11-30,
MU,2011-12-31,
MU,2012-01-31,
MU,2012-02-29,
MU,2012-03-31,
MU,2012-04-30,
MU,2012-05-31,
MU,2012-06-30,
MU,2012-07-31,
MU,2012-08-31,
MU,2012-09-30,
MU,2012-10-31,
MU,2012-11-30,
MU,2012-12-31,
MU,2013-01-31,
MU,2013-02-28,
MU,2013-03-31,
MU,2013-04-30,
MU,2013-05-31,
MU,2013-06-30,
MU,2013-07-31,
MU,2013-08-31,
MU,2013-09-30,
MU,2013-10-31,
MU,2013-11-30,
MU,2013-12-31,
MU,2014-01-31,
MU,2014-02-28,
MU,2014-03-31,
MU,2014-04-30,
MU,2014-05-31,
MU,2014-06-30,
MU,2014-07-31,
MU,2014-08-31,
MU,2014-09-30,
MU,2014-10-31,
MU,2014-11-30,
MU,2014-12-31,
MU,2015-01-31,
MU,2015-02-28,
MU,2015-03-31,
MU,2015-04-30,
MU,2015-05-31,
MU,2015-06-30,
MU,2015-07-31,
MU,2015-08-31,
MU,2015-09-30,
MU,2015-10-31,
MU,2015-11-30,
MU,2015-12-31,
MU,2016-01-31,
MU,2016-02-29,
MU,2016-03-31,
MU,2016-04-30,
MU,2016-05-31,
MU,2016-06-30,
MU,2016-07-31,
MU,2016-08-31,
MU,2016-09-30,
MU,2016-10-31,
MU,2016-11-30,
MU,2016-12-31,
MU,2017-01-31,
MU,2017-02-28,
MU,2017-03-31,
MU,2017-04-30,
MU,2017-05-31,
MU,2017-06-30,
MU,2017-07-31,
MU,2017-08-31,
MU,2017-09-30,
MU,2017-10-31,
MU,2017-11-30,
MU,2017-12-31,
MU,2018-01-31,
MU,2018-02-28,
MU,2018-03-31,
MU,2018-04-30,
MU,2018-05-31,
MU,2018-06-30,
MU,2018-07-31,
MU,2018-08-31,
MU,2018-09-30,
MU,2018-10-31,
MU,2018-11-30,
MU,2018-12-31,
MU,2019-01-31,
MU,2019-02-28,
MU,2019-03-31,
MU,2019-04-30,
MU,2019-05-31,
MU,2019-06-30,
MU,2019-07-31,
MU,2019-08-31,
MU,2019-09-30,
MU,2019-10-31,
MU,2019-11-30,
MU,2019-12-31,
MU,2020-01-31,
MU,2020-02-29,
MU,2020-03-31,
MU,2020-04-30,
MU,2020-05-31,
MU,2020-06-30,
MU,2020-07-31,
MU,2020-08-31,
MU,2020-09-30,
MU,2020-10-31,
MU,2020-11-30,
MU,2020-12-31,
MU,2021-01-31,
MU,2021-02-28,
MU,2021-03-31,
MU,2021-04-30,
MU,2021-05-31,
MU,2021-06-30,
MU,2021-07-31,
MU,2021-08-31,
MU,2021-09-30,
MU,2021-10-31,
MU,2021-11-30,
MU,2021-12-31,
MU,2022-01-31,
MU,2022-02-28,
MU,2022-03-31,
MU,2022-04-30,
MU,2022-05-31,
MU,2022-06-30,
MU,2022-07-31,
MU,2022-08-31,
MU,2022-09-30,
MU,2022-10-31,
MU,2022-11-30,
MU,2022-12-31,
MU,2023-01-31,
MU,2023-02-28,
MU,2023-03-31,
MU,2023-04-30,
MU,2023-05-31,
MU,2023-06-30,
MU,2023-07-31,
MU,2023-08-31,
MU,2023-09-30,
MU,2023-10-31,
MU,2023-11-30,
MU,2023-12-31,
MU,2024-01-31,
MU,2024-02-29,
MU,2024-03-31,
MU,2024-04-30,
MU,2024-05-31,
MU,2024-06-30,
MU,2024-07-31,
MU,2024-08-31,
MU,2024-09-30,
MU,2024-10-31,
MU,2024-11-30,
MU,2024-12-31,
MU,2025-01-31,
MU,2025-02-28,
MU,2025-03-31,
MX,2002-01-31,3245.175
MX,2002-02-28,3132.2732
MX,2002-03-31,3116.25
MX,2002-04-30,3171.3
MX,2002-05-31,3127.725
MX,2002-06-30,3150.6075
MX,2002-07-31,3138.075
MX,2002-08-31,3209.4
MX,2002-09-30,3159.21
MX,2002-10-31,3255.75
MX,2002-11-30,3075.045
MX,2002-12-31,3269.025
MX,2003-01-31,3330.675
MX,2003-02-28,3324.5839
MX,2003-03-31,3319.65
MX,2003-04-30,3284.295
MX,2003-05-31,3321.675
MX,2003-06-30,3400.7775
MX,2003-07-31,3405.375
MX,2003-08-31,3431.25
MX,2003-09-30,3424.26
MX,2003-10-31,3404.7
MX,2003-11-30,3385.4325
MX,2003-12-31,3461.85
MX,2004-01-31,3423.825
MX,2004-02-29,3374.6974
MX,2004-03-31,3383.325
MX,2004-04-30,3455.6475
MX,2004-05-31,3409.425
MX,2004-06-30,3452.16
MX,2004-07-31,3376.8
MX,2004-08-31,3368.25
MX,2004-09-30,3447.2775
MX,2004-10-31,3468.375
MX,2004-11-30,3380.085
MX,2004-12-31,3234.15
MX,2005-01-31,3367.575
MX,2005-02-28,3365.1884
MX,2005-03-31,3265.425
MX,2005-04-30,3425.8875
MX,2005-05-31,3456.675
MX,2005-06-30,3437.745
MX,2005-07-31,3089.7
MX,2005-08-31,3426.075
MX,2005-09-30,3377.76
MX,2005-10-31,3227.625
MX,2005-11-30,3319.17
MX,2005-12-31,3397.275
MX,2006-01-31,3383.1
MX,2006-02-28,3320.5982
MX,2006-03-31,3359.25
MX,2006-04-30,3379.155
MX,2006-05-31,3337.2
MX,2006-06-30,3293.13
MX,2006-07-31,3234.375
MX,2006-08-31,3254.175
MX,2006-09-30,3259.65
MX,2006-10-31,3172.725
MX,2006-11-30,3162.6975
MX,2006-12-31,2973.15
MX,2007-01-31,3140.775
MX,2007-02-28,3145.9741
MX,2007-03-31,3182.175
MX,2007-04-30,3181.7625
MX,2007-05-31,3112.425
MX,2007-06-30,3205.245
MX,2007-07-31,3164.175
MX,2007-08-31,2839.725
MX,2007-09-30,3158.28
MX,2007-10-31,2988.225
MX,2007-11-30,2896.485
MX,2007-12-31,2949.975
MX,2008-01-31,2953.125
MX,2008-02-29,2924.6897
MX,2008-03-31,2840.625
MX,2008-04-30,2762.1
MX,2008-05-31,2791.125
MX,2008-06-30,2828.8275
MX,2008-07-31,2771.325
MX,2008-08-31,2748.6
MX,2008-09-30,2711.415
MX,2008-10-31,2745.225
MX,2008-11-30,2697.93
MX,2008-12-31,2703.6
MX,2009-01-31,2710.9548
MX,2009-02-28,2688.8829
MX,2009-03-31,2674.8697
MX,2009-04-30,2663.024
MX,2009-05-31,2628.9639
MX,2009-06-30,2535.112
MX,2009-07-31,2579.1755
MX,2009-08-31,2558.6206
MX,2009-09-30,2616.06
MX,2009-10-31,2618.0013
MX,2009-11-30,2568.388
MX,2009-12-31,2607.0387
MX,2010-01-31,2629.1923
MX,2010-02-28,2624.1514
MX,2010-03-31,2608.409
MX,2010-04-30,2606.148
MX,2010-05-31,2606.1252
MX,2010-06-30,2556.116
MX,2010-07-31,2583.5148
MX,2010-08-31,2569.5832
MX,2010-09-30,2580.188
MX,2010-10-31,2579.8606
MX,2010-11-30,2518.592
MX,2010-12-31,2583.0581
MX,2011-01-31,2596.9897
MX,2011-02-28,2569.0286
MX,2011-03-31,2587.6258
MX,2011-04-30,2587.268
MX,2011-05-31,2569.1265
MX,2011-06-30,2557.06
MX,2011-07-31,2545.831
MX,2011-08-31,2565.929
MX,2011-09-30,2501.836
MX,2011-10-31,2568.4413
MX,2011-11-30,2542.9
MX,2011-12-31,2569.8116
MX,2012-01-31,2530.0723
MX,2012-02-29,2556.6124
MX,2012-03-31,2561.8181
MX,2012-04-30,2553.52
MX,2012-05-31,2556.3368
MX,2012-06-30,2552.812
MX,2012-07-31,2537.1523
MX,2012-08-31,2565.0155
MX,2012-09-30,2563.904
MX,2012-10-31,2549.0284
MX,2012-11-30,2585.38
MX,2012-12-31,2573.009
MX,2013-01-31,2570.2684
MX,2013-02-28,2564.2243
MX,2013-03-31,2524.1342
MX,2013-04-30,2527.796
MX,2013-05-31,2520.48
MX,2013-06-30,2529.448
MX,2013-07-31,2491.2465
MX,2013-08-31,2524.1342
MX,2013-09-30,2531.808
MX,2013-10-31,2548.1148
MX,2013-11-30,2520.244
MX,2013-12-31,2524.1342
MX,2014-01-31,2512.7148
MX,2014-02-28,2507.8371
MX,2014-03-31,2475.7161
MX,2014-04-30,2485.08
MX,2014-05-31,2496.0426
MX,2014-06-30,2440.24
MX,2014-07-31,2392.3548
MX,2014-08-31,2417.9342
MX,2014-09-30,2392.804
MX,2014-10-31,2366.3187
MX,2014-11-30,2366.372
MX,2014-12-31,2357.4116
MX,2015-01-31,2252.1252
MX,2015-02-28,2335.3886
MX,2015-03-31,2323.1535
MX,2015-04-30,2208.016
MX,2015-05-31,2232.7123
MX,2015-06-30,2251.912
MX,2015-07-31,2275.4206
MX,2015-08-31,2256.4645
MX,2015-09-30,2271.028
MX,2015-10-31,2278.6181
MX,2015-11-30,2277.636
MX,2015-12-31,2275.8774
MX,2016-01-31,2259.6619
MX,2016-02-29,2215.3076
MX,2016-03-31,2217.6387
MX,2016-04-30,2177.336
MX,2016-05-31,2176.529
MX,2016-06-30,2180.64
MX,2016-07-31,2161.2271
MX,2016-08-31,2147.5239
MX,2016-09-30,2117.156
MX,2016-10-31,2108.0129
MX,2016-11-30,2077.272
MX,2016-12-31,2041.7806
MX,2017-01-31,2026.4787
MX,2017-02-28,2022.3514
MX,2017-03-31,2023.9665
MX,2017-04-30,2017.8
MX,2017-05-31,2026.9355
MX,2017-06-30,2015.44
MX,2017-07-31,1993.1342
MX,2017-08-31,1939.6916
MX,2017-09-30,1732.712
MX,2017-10-31,1911.1432
MX,2017-11-30,1878.56
MX,2017-12-31,1881.6813
MX,2018-01-31,1937.6361
MX,2018-02-28,1906.7957
MX,2018-03-31,1875.7432
MX,2018-04-30,1897.912
MX,2018-05-31,1879.6258
MX,2018-06-30,1858.028
MX,2018-07-31,1852.6761
MX,2018-08-31,1830.9794
MX,2018-09-30,1839.148
MX,2018-10-31,1781.4194
MX,2018-11-30,1730.824
MX,2018-12-31,1743.5071
MX,2019-01-31,1653.2942
MX,2019-02-28,1736.1171
MX,2019-03-31,1724.551
MX,2019-04-30,1708.64
MX,2019-05-31,1698.9716
MX,2019-06-30,1705.808
MX,2019-07-31,1709.7058
MX,2019-08-31,1721.8103
MX,2019-09-30,1744.512
MX,2019-10-31,1693.7187
MX,2019-11-30,1734.836
MX,2019-12-31,1744.649
MX,2020-01-31,1759.951
MX,2020-02-29,1765.1172
MX,2020-03-31,1784.8452
MX,2020-04-30,1755.368
MX,2020-05-31,1685.2684
MX,2020-06-30,1660.968
MX,2020-07-31,1652.1523
MX,2020-08-31,1690.9781
MX,2020-09-30,1701.796
MX,2020-10-31,1682.9845
MX,2020-11-30,1691.884
MX,2020-12-31,1713.1316
MX,2021-01-31,1714.0452
MX,2021-02-28,1733.0829
MX,2021-03-31,1760.8645
MX,2021-04-30,1752.536
MX,2021-05-31,1756.5252
MX,2021-06-30,1767.168
MX,2021-07-31,1771.1419
MX,2021-08-31,1720.8968
MX,2021-09-30,1775.192
MX,2021-10-31,1762.0065
MX,2021-11-30,1761.74
MX,2021-12-31,1762.92
MX,2022-01-31,1771.5987
MX,2022-02-28,1752.0471
MX,2022-03-31,1762.92
MX,2022-04-30,1751.828
MX,2022-05-31,1759.2658
MX,2022-06-30,1770.944
MX,2022-07-31,1779.1355
MX,2022-08-31,1764.2903
MX,2022-09-30,1759.616
MX,2022-10-31,1773.1974
MX,2022-11-30,1778.968
MX,2022-12-31,1769.5432
MX,2023-01-31,1812.2516
MX,2023-02-28,1810.71
MX,2023-03-31,1820.9303
MX,2023-04-30,1842.924
MX,2023-05-31,1848.5652
MX,2023-06-30,1843.396
MX,2023-07-31,1799.2335
MX,2023-08-31,1824.3561
MX,2023-09-30,1824.28
MX,2023-10-31,1807.2271
MX,2023-11-30,1800.444
MX,2023-12-31,1791.6968
MX,2024-01-31,1775.7097
MX,2024-02-29,1766.8262
MX,2024-03-31,1758.3523
MX,2024-04-30,1729.644
MX,2024-05-31,1732.7729
MX,2024-06-30,1727.284
MX,2024-07-31,1717.0142
MX,2024-08-31,1717.2426
MX,2024-09-30,1695.66
MX,2024-10-31,1666.0839
MX,2024-11-30,1620.376
MX,2024-12-31,1567.1923
MX,2025-01-31,1568.1058
MX,2025-02-28,1569.99
MX,2025-03-31,
MY,2002-01-31,702.0495
MY,2002-02-28,715.674
MY,2002-03-31,702.3871
MY,2002-04-30,688.56
MY,2002-05-31,596.3205
MY,2002-06-30,696.6667
MY,2002-07-31,721.5097
MY,2002-08-31,703.8581
MY,2002-09-30,718.1055
MY,2002-10-31,715.7768
MY,2002-11-30,736.9467
MY,2002-12-31,745.6336
MY,2003-01-31,753.5789
MY,2003-02-28,740.3597
MY,2003-03-31,710.3257
MY,2003-04-30,740.084
MY,2003-05-31,748.9196
MY,2003-06-30,753.0609
MY,2003-07-31,709.8937
MY,2003-08-31,730.8258
MY,2003-09-30,763.1929
MY,2003-10-31,732.6907
MY,2003-11-30,752.2456
MY,2003-12-31,788.4387
MY,2004-01-31,781.7165
MY,2004-02-29,774.7778
MY,2004-03-31,774.076
MY,2004-04-30,759.5933
MY,2004-05-31,754.6065
MY,2004-06-30,712.4671
MY,2004-07-31,749.0663
MY,2004-08-31,788.4387
MY,2004-09-30,756.0461
MY,2004-10-31,794.1819
MY,2004-11-30,794.8112
MY,2004-12-31,752.7913
MY,2005-01-31,762.9419
MY,2005-02-28,731.5963
MY,2005-03-31,725.7315
MY,2005-04-30,683.6567
MY,2005-05-31,636.6839
MY,2005-06-30,692.2689
MY,2005-07-31,719.8883
MY,2005-08-31,753.5789
MY,2005-09-30,762.7867
MY,2005-10-31,754.6065
MY,2005-11-30,729.6
MY,2005-12-31,754.6065
MY,2006-01-31,735.0903
MY,2006-02-28,736.5602
MY,2006-03-31,701.9891
MY,2006-04-30,683.91
MY,2006-05-31,608.4903
MY,2006-06-30,906.3074
MY,2006-07-31,692.2725
MY,2006-08-31,688.4129
MY,2006-09-30,705.5333
MY,2006-10-31,729.9943
MY,2006-11-30,705.5333
MY,2006-12-31,700.5788
MY,2007-01-31,682.7742
MY,2007-02-28,678.3929
MY,2007-03-31,679.0968
MY,2007-04-30,661.7067
MY,2007-05-31,677.715
MY,2007-06-30,689.5733
MY,2007-07-31,688.2583
MY,2007-08-31,684.0
MY,2007-09-30,715.16
MY,2007-10-31,727.543
MY,2007-11-30,721.24
MY,2007-12-31,736.7097
MY,2008-01-31,714.4
MY,2008-02-29,710.9931
MY,2008-03-31,703.6129
MY,2008-04-30,698.1867
MY,2008-05-31,562.8163
MY,2008-06-30,538.84
MY,2008-07-31,605.2236
MY,2008-08-31,593.2903
MY,2008-09-30,564.1733
MY,2008-10-31,547.4452
MY,2008-11-30,571.52
MY,2008-12-31,548.5988
MY,2009-01-31,679.9217
MY,2009-02-28,679.1143
MY,2009-03-31,671.9871
MY,2009-04-30,665.2533
MY,2009-05-31,662.671
MY,2009-06-30,644.0581
MY,2009-07-31,669.5355
MY,2009-08-31,653.1097
MY,2009-09-30,663.9867
MY,2009-10-31,654.1764
MY,2009-11-30,619.3185
MY,2009-12-31,655.5613
MY,2010-01-31,676.6452
MY,2010-02-28,654.5996
MY,2010-03-31,648.2917
MY,2010-04-30,635.2764
MY,2010-05-31,650.4985
MY,2010-06-30,624.1312
MY,2010-07-31,597.9484
MY,2010-08-31,609.7161
MY,2010-09-30,652.08
MY,2010-10-31,628.756
MY,2010-11-30,628.52
MY,2010-12-31,625.7339
MY,2011-01-31,609.306
MY,2011-02-28,676.5824
MY,2011-03-31,598.36
MY,2011-04-30,587.9093
MY,2011-05-31,465.0098
MY,2011-06-30,538.4042
MY,2011-07-31,536.6581
MY,2011-08-31,568.9445
MY,2011-09-30,565.6933
MY,2011-10-31,557.1783
MY,2011-11-30,583.9333
MY,2011-12-31,599.3405
MY,2012-01-31,605.8733
MY,2012-02-29,610.3586
MY,2012-03-31,602.1954
MY,2012-04-30,567.1387
MY,2012-05-31,560.0221
MY,2012-06-30,544.485
MY,2012-07-31,566.8875
MY,2012-08-31,565.2675
MY,2012-09-30,565.261
MY,2012-10-31,579.2399
MY,2012-11-30,614.3333
MY,2012-12-31,604.6473
MY,2013-01-31,605.6281
MY,2013-02-28,619.753
MY,2013-03-31,591.8194
MY,2013-04-30,557.26
MY,2013-05-31,552.6663
MY,2013-06-30,584.9467
MY,2013-07-31,550.6323
MY,2013-08-31,549.8244
MY,2013-09-30,546.1867
MY,2013-10-31,513.5453
MY,2013-11-30,590.8511
MY,2013-12-31,573.9981
MY,2014-01-31,583.3155
MY,2014-02-28,579.5763
MY,2014-03-31,589.6129
MY,2014-04-30,589.76
MY,2014-05-31,576.45
MY,2014-06-30,594.3982
MY,2014-07-31,549.2335
MY,2014-08-31,551.0501
MY,2014-09-30,585.3763
MY,2014-10-31,601.3806
MY,2014-11-30,679.0973
MY,2014-12-31,658.0129
MY,2015-01-31,679.9217
MY,2015-02-28,728.5143
MY,2015-03-31,568.1135
MY,2015-04-30,675.9823
MY,2015-05-31,680.7233
MY,2015-06-30,518.8949
MY,2015-07-31,491.7935
MY,2015-08-31,482.9042
MY,2015-09-30,560.1937
MY,2015-10-31,515.329
MY,2015-11-30,579.0438
MY,2015-12-31,553.0839
MY,2016-01-31,687.8321
MY,2016-02-29,650.4552
MY,2016-03-31,675.263
MY,2016-04-30,657.7399
MY,2016-05-31,641.1811
MY,2016-06-30,681.2133
MY,2016-07-31,665.2802
MY,2016-08-31,617.8065
MY,2016-09-30,643.6353
MY,2016-10-31,626.3047
MY,2016-11-30,657.7399
MY,2016-12-31,674.8614
MY,2017-01-31,672.9677
MY,2017-02-28,664.9125
MY,2017-03-31,658.5899
MY,2017-04-30,621.2631
MY,2017-05-31,620.2581
MY,2017-06-30,680.96
MY,2017-07-31,656.9458
MY,2017-08-31,619.0323
MY,2017-09-30,641.3556
MY,2017-10-31,641.5871
MY,2017-11-30,660.0202
MY,2017-12-31,640.3613
MY,2018-01-31,681.1477
MY,2018-02-28,664.9125
MY,2018-03-31,662.4258
MY,2018-04-30,636.5429
MY,2018-05-31,641.1811
MY,2018-06-30,661.4533
MY,2018-07-31,675.4194
MY,2018-08-31,606.0387
MY,2018-09-30,649.7445
MY,2018-10-31,630.3926
MY,2018-11-30,654.1067
MY,2018-12-31,650.0822
MY,2019-01-31,655.5613
MY,2019-02-28,630.3401
MY,2019-03-31,639.5416
MY,2019-04-30,671.5406
MY,2019-05-31,628.1859
MY,2019-06-30,627.9307
MY,2019-07-31,499.1484
MY,2019-08-31,544.7484
MY,2019-09-30,569.6717
MY,2019-10-31,602.6065
MY,2019-11-30,632.1498
MY,2019-12-31,606.854
MY,2020-01-31,624.7532
MY,2020-02-29,584.7528
MY,2020-03-31,601.3806
MY,2020-04-30,504.64
MY,2020-05-31,492.3994
MY,2020-06-30,500.6525
MY,2020-07-31,516.8
MY,2020-08-31,525.9402
MY,2020-09-30,517.8815
MY,2020-10-31,523.9097
MY,2020-11-30,533.5902
MY,2020-12-31,545.8008
MY,2021-01-31,556.9332
MY,2021-02-28,544.9569
MY,2021-03-31,533.2258
MY,2021-04-30,508.0002
MY,2021-05-31,528.1469
MY,2021-06-30,525.8508
MY,2021-07-31,489.4063
MY,2021-08-31,461.8231
MY,2021-09-30,470.8847
MY,2021-10-31,461.578
MY,2021-11-30,500.9059
MY,2021-12-31,513.3002
MY,2022-01-31,489.5871
MY,2022-02-28,542.2429
MY,2022-03-31,508.6427
MY,2022-04-30,509.267
MY,2022-05-31,483.7032
MY,2022-06-30,512.4259
MY,2022-07-31,
MY,2022-08-31,494.4903
MY,2022-09-30,501.2807
MY,2022-10-31,494.6704
MY,2022-11-30,520.7848
MY,2022-12-31,522.6839
MY,2023-01-31,510.493
MY,2023-02-28,522.974
MY,2023-03-31,519.0065
MY,2023-04-30,492.1028
MY,2023-05-31,475.7955
MY,2023-06-30,482.4101
MY,2023-07-31,503.3824
MY,2023-08-31,458.9419
MY,2023-09-30,481.3967
MY,2023-10-31,512.6997
MY,2023-11-30,516.8
MY,2023-12-31,516.8
MY,2024-01-31,511.4737
MY,2024-02-29,489.7424
MY,2024-03-31,510.493
MY,2024-04-30,505.7199
MY,2024-05-31,467.7062
MY,2024-06-30,491.4667
MY,2024-07-31,470.3431
MY,2024-08-31,432.7666
MY,2024-09-30,409.4405
MY,2024-10-31,469.729
MY,2024-11-30,492.9218
MY,2024-12-31,473.5893
MY,2025-01-31,460.1677
MY,2025-02-28,488.7785
MY,2025-03-31,
NE,2002-01-31,
NE,2002-02-28,
NE,2002-03-31,
NE,2002-04-30,
NE,2002-05-31,
NE,2002-06-30,
NE,2002-07-31,
NE,2002-08-31,
NE,2002-09-30,
NE,2002-10-31,
NE,2002-11-30,
NE,2002-12-31,
NE,2003-01-31,
NE,2003-02-28,
NE,2003-03-31,
NE,2003-04-30,
NE,2003-05-31,
NE,2003-06-30,
NE,2003-07-31,
NE,2003-08-31,
NE,2003-09-30,
NE,2003-10-31,
NE,2003-11-30,
NE,2003-12-31,
NE,2004-01-31,
NE,2004-02-29,
NE,2004-03-31,
NE,2004-04-30,
NE,2004-05-31,
NE,2004-06-30,
NE,2004-07-31,
NE,2004-08-31,
NE,2004-09-30,
NE,2004-10-31,
NE,2004-11-30,
NE,2004-12-31,
NE,2005-01-31,
NE,2005-02-28,
NE,2005-03-31,
NE,2005-04-30,
NE,2005-05-31,
NE,2005-06-30,
NE,2005-07-31,
NE,2005-08-31,
NE,2005-09-30,
NE,2005-10-31,
NE,2005-11-30,
NE,2005-12-31,
NE,2006-01-31,
NE,2006-02-28,
NE,2006-03-31,
NE,2006-04-30,
NE,2006-05-31,
NE,2006-06-30,
NE,2006-07-31,
NE,2006-08-31,
NE,2006-09-30,
NE,2006-10-31,
NE,2006-11-30,
NE,2006-12-31,
NE,2007-01-31,
NE,2007-02-28,
NE,2007-03-31,
NE,2007-04-30,
NE,2007-05-31,
NE,2007-06-30,
NE,2007-07-31,
NE,2007-08-31,
NE,2007-09-30,
NE,2007-10-31,
NE,2007-11-30,
NE,2007-12-31,
NE,2008-01-31,
NE,2008-02-29,
NE,2008-03-31,
NE,2008-04-30,
NE,2008-05-31,
NE,2008-06-30,
NE,2008-07-31,
NE,2008-08-31,
NE,2008-09-30,
NE,2008-10-31,
NE,2008-11-30,
NE,2008-12-31,
NE,2009-01-31,
NE,2009-02-28,
NE,2009-03-31,
NE,2009-04-30,
NE,2009-05-31,
NE,2009-06-30,
NE,2009-07-31,
NE,2009-08-31,
NE,2009-09-30,
NE,2009-10-31,
NE,2009-11-30,
NE,2009-12-31,
NE,2010-01-31,
NE,2010-02-28,
NE,2010-03-31,
NE,2010-04-30,
NE,2010-05-31,
NE,2010-06-30,
NE,2010-07-31,
NE,2010-08-31,
NE,2010-09-30,
NE,2010-10-31,
NE,2010-11-30,
NE,2010-12-31,
NE,2011-01-31,
NE,2011-02-28,
NE,2011-03-31,
NE,2011-04-30,
NE,2011-05-31,
NE,2011-06-30,
NE,2011-07-31,
NE,2011-08-31,
NE,2011-09-30,
NE,2011-10-31,
NE,2011-11-30,
NE,2011-12-31,
NE,2012-01-31,13.7903
NE,2012-02-29,9.0517
NE,2012-03-31,13.0645
NE,2012-04-30,13.5
NE,2012-05-31,13.3065
NE,2012-06-30,13.5
NE,2012-07-31,14.2742
NE,2012-08-31,13.5484
NE,2012-09-30,9.75
NE,2012-10-31,13.5484
NE,2012-11-30,14.0
NE,2012-12-31,14.0323
NE,2013-01-31,14.7581
NE,2013-02-28,15.0
NE,2013-03-31,15.4839
NE,2013-04-30,17.75
NE,2013-05-31,18.629
NE,2013-06-30,19.25
NE,2013-07-31,19.3548
NE,2013-08-31,14.7581
NE,2013-09-30,22.0
NE,2013-10-31,21.2903
NE,2013-11-30,21.5
NE,2013-12-31,18.871
NE,2014-01-31,17.1774
NE,2014-02-28,17.6786
NE,2014-03-31,17.6613
NE,2014-04-30,17.0
NE,2014-05-31,19.3548
NE,2014-06-30,18.75
NE,2014-07-31,18.871
NE,2014-08-31,18.871
NE,2014-09-30,18.0
NE,2014-10-31,19.1129
NE,2014-11-30,18.25
NE,2014-12-31,9.6774
NE,2015-01-31,13.0645
NE,2015-02-28,18.2143
NE,2015-03-31,18.3871
NE,2015-04-30,16.75
NE,2015-05-31,16.6935
NE,2015-06-30,17.75
NE,2015-07-31,17.4194
NE,2015-08-31,9.9194
NE,2015-09-30,2.75
NE,2015-10-31,12.0968
NE,2015-11-30,17.5
NE,2015-12-31,23.2258
NE,2016-01-31,17.6613
NE,2016-02-29,17.5862
NE,2016-03-31,16.4516
NE,2016-04-30,17.0
NE,2016-05-31,13.5484
NE,2016-06-30,13.5
NE,2016-07-31,14.5161
NE,2016-08-31,16.9355
NE,2016-09-30,12.25
NE,2016-10-31,20.8065
NE,2016-11-30,20.75
NE,2016-12-31,20.5645
NE,2017-01-31,20.5645
NE,2017-02-28,20.625
NE,2017-03-31,15.4839
NE,2017-04-30,17.75
NE,2017-05-31,19.3548
NE,2017-06-30,18.5
NE,2017-07-31,17.9032
NE,2017-08-31,16.9355
NE,2017-09-30,18.25
NE,2017-10-31,20.0806
NE,2017-11-30,19.75
NE,2017-12-31,19.5968
NE,2018-01-31,
NE,2018-02-28,
NE,2018-03-31,
NE,2018-04-30,
NE,2018-05-31,
NE,2018-06-30,
NE,2018-07-31,
NE,2018-08-31,
NE,2018-09-30,
NE,2018-10-31,
NE,2018-11-30,
NE,2018-12-31,
NE,2019-01-31,
NE,2019-02-28,
NE,2019-03-31,
NE,2019-04-30,
NE,2019-05-31,
NE,2019-06-30,
NE,2019-07-31,
NE,2019-08-31,
NE,2019-09-30,
NE,2019-10-31,
NE,2019-11-30,
NE,2019-12-31,
NE,2020-01-31,
NE,2020-02-29,
NE,2020-03-31,
NE,2020-04-30,
NE,2020-05-31,
NE,2020-06-30,
NE,2020-07-31,
NE,2020-08-31,
NE,2020-09-30,
NE,2020-10-31,
NE,2020-11-30,
NE,2020-12-31,
NE,2021-01-31,
NE,2021-02-28,
NE,2021-03-31,
NE,2021-04-30,
NE,2021-05-31,
NE,2021-06-30,
NE,2021-07-31,
NE,2021-08-31,
NE,2021-09-30,
NE,2021-10-31,
NE,2021-11-30,
NE,2021-12-31,
NE,2022-01-31,
NE,2022-02-28,
NE,2022-03-31,
NE,2022-04-30,
NE,2022-05-31,
NE,2022-06-30,
NE,2022-07-31,
NE,2022-08-31,
NE,2022-09-30,
NE,2022-10-31,
NE,2022-11-30,
NE,2022-12-31,
NE,2023-01-31,
NE,2023-02-28,
NE,2023-03-31,
NE,2023-04-30,
NE,2023-05-31,
NE,2023-06-30,
NE,2023-07-31,
NE,2023-08-31,
NE,2023-09-30,
NE,2023-10-31,
NE,2023-11-30,
NE,2023-12-31,
NE,2024-01-31,
NE,2024-02-29,
NE,2024-03-31,
NE,2024-04-30,
NE,2024-05-31,
NE,2024-06-30,
NE,2024-07-31,
NE,2024-08-31,
NE,2024-09-30,
NE,2024-10-31,
NE,2024-11-30,
NE,2024-12-31,
NE,2025-01-31,
NE,2025-02-28,
NE,2025-03-31,
NG,2002-01-31,1784.0
NG,2002-02-28,1658.0
NG,2002-03-31,1729.0
NG,2002-04-30,1734.0
NG,2002-05-31,1736.0
NG,2002-06-30,1736.0
NG,2002-07-31,1631.0
NG,2002-08-31,1979.0
NG,2002-09-30,1959.0
NG,2002-10-31,2050.0
NG,2002-11-30,2008.0
NG,2002-12-31,1817.0
NG,2003-01-31,2201.0
NG,2003-02-28,2115.0
NG,2003-03-31,2016.0
NG,2003-04-30,1981.0
NG,2003-05-31,2146.0
NG,2003-06-30,2070.0
NG,2003-07-31,2133.0
NG,2003-08-31,2314.0
NG,2003-09-30,2123.0
NG,2003-10-31,2214.0
NG,2003-11-30,2319.0
NG,2003-12-31,2328.0
NG,2004-01-31,2397.0
NG,2004-02-29,2363.0
NG,2004-03-31,2411.0
NG,2004-04-30,2341.0
NG,2004-05-31,2290.0
NG,2004-06-30,2307.0
NG,2004-07-31,2336.0
NG,2004-08-31,2383.0
NG,2004-09-30,2277.0
NG,2004-10-31,2457.0
NG,2004-11-30,2493.0
NG,2004-12-31,2374.0
NG,2005-01-31,2402.0
NG,2005-02-28,2454.0
NG,2005-03-31,2598.0
NG,2005-04-30,2464.0
NG,2005-05-31,2555.0
NG,2005-06-30,2514.0
NG,2005-07-31,2509.0
NG,2005-08-31,2506.0
NG,2005-09-30,2575.0
NG,2005-10-31,2548.0
NG,2005-11-30,2558.0
NG,2005-12-31,2600.0
NG,2006-01-31,2580.0
NG,2006-02-28,2462.0
NG,2006-03-31,2246.0
NG,2006-04-30,2315.0
NG,2006-05-31,2280.0
NG,2006-06-30,2409.0
NG,2006-07-31,2392.0
NG,2006-08-31,2400.0
NG,2006-09-30,2401.0
NG,2006-10-31,2376.0
NG,2006-11-30,2352.0
NG,2006-12-31,2358.0
NG,2007-01-31,2327.0
NG,2007-02-28,2316.0
NG,2007-03-31,2132.0
NG,2007-04-30,2140.0
NG,2007-05-31,1968.0
NG,2007-06-30,2066.0
NG,2007-07-31,2184.0
NG,2007-08-31,2199.0
NG,2007-09-30,2288.0
NG,2007-10-31,2253.0
NG,2007-11-30,2101.0
NG,2007-12-31,2198.0
NG,2008-01-31,2193.0
NG,2008-02-29,2213.0
NG,2008-03-31,2077.0
NG,2008-04-30,1963.0
NG,2008-05-31,2074.0
NG,2008-06-30,2006.0
NG,2008-07-31,2053.0
NG,2008-08-31,2106.0
NG,2008-09-30,2166.0
NG,2008-10-31,2444.0
NG,2008-11-30,2143.0
NG,2008-12-31,2070.0
NG,2009-01-31,2034.0
NG,2009-02-28,2056.0
NG,2009-03-31,2081.0
NG,2009-04-30,1869.0
NG,2009-05-31,2218.0
NG,2009-06-30,2175.0
NG,2009-07-31,1998.0
NG,2009-08-31,2171.0
NG,2009-09-30,2308.0
NG,2009-10-31,2250.0
NG,2009-11-30,2207.0
NG,2009-12-31,2359.0
NG,2010-01-31,2329.0
NG,2010-02-28,2386.0
NG,2010-03-31,2436.0
NG,2010-04-30,2425.0
NG,2010-05-31,2265.0
NG,2010-06-30,2397.0
NG,2010-07-31,2484.0
NG,2010-08-31,2501.0
NG,2010-09-30,2650.0
NG,2010-10-31,2587.0
NG,2010-11-30,2565.0
NG,2010-12-31,2582.0
NG,2011-01-31,2468.0
NG,2011-02-28,2577.0
NG,2011-03-31,2286.0
NG,2011-04-30,2418.0
NG,2011-05-31,2480.0
NG,2011-06-30,2417.0
NG,2011-07-31,2345.0
NG,2011-08-31,2394.0
NG,2011-09-30,2394.0
NG,2011-10-31,2371.0
NG,2011-11-30,2330.0
NG,2011-12-31,2277.0
NG,2012-01-31,2227.0
NG,2012-02-29,2410.0
NG,2012-03-31,2325.0
NG,2012-04-30,2349.0
NG,2012-05-31,2402.0
NG,2012-06-30,2374.0
NG,2012-07-31,2416.0
NG,2012-08-31,2475.0
NG,2012-09-30,2450.0
NG,2012-10-31,2463.0
NG,2012-11-30,2033.0
NG,2012-12-31,2318.0
NG,2013-01-31,2369.0
NG,2013-02-28,2707.0
NG,2013-03-31,2288.0
NG,2013-04-30,2241.0
NG,2013-05-31,2062.0
NG,2013-06-30,1942.0
NG,2013-07-31,2195.0
NG,2013-08-31,2293.0
NG,2013-09-30,2226.0
NG,2013-10-31,2172.0
NG,2013-11-30,2053.0
NG,2013-12-31,2110.0
NG,2014-01-31,2306.0
NG,2014-02-28,2071.0
NG,2014-03-31,2205.0
NG,2014-04-30,2230.0
NG,2014-05-31,2225.0
NG,2014-06-30,2165.0
NG,2014-07-31,2056.0
NG,2014-08-31,2204.0
NG,2014-09-30,2156.0
NG,2014-10-31,2225.0
NG,2014-11-30,2116.0
NG,2014-12-31,2295.0
NG,2015-01-31,2207.0
NG,2015-02-28,2201.0
NG,2015-03-31,2068.0
NG,2015-04-30,2053.0
NG,2015-05-31,2048.0
NG,2015-06-30,1970.0
NG,2015-07-31,2177.0
NG,2015-08-31,2162.0
NG,2015-09-30,2212.0
NG,2015-10-31,2222.0
NG,2015-11-30,2202.0
NG,2015-12-31,2097.0
NG,2016-01-31,2145.0
NG,2016-02-29,2117.0
NG,2016-03-31,1851.0
NG,2016-04-30,1978.0
NG,2016-05-31,1905.0
NG,2016-06-30,1772.0
NG,2016-07-31,1657.0
NG,2016-08-31,1502.0
NG,2016-09-30,1651.0
NG,2016-10-31,1782.0
NG,2016-11-30,1922.0
NG,2016-12-31,1599.0
NG,2017-01-31,1914.0
NG,2017-02-28,1818.0
NG,2017-03-31,1603.0
NG,2017-04-30,1793.0
NG,2017-05-31,1878.0
NG,2017-06-30,1949.0
NG,2017-07-31,1940.0
NG,2017-08-31,1994.0
NG,2017-09-30,1931.0
NG,2017-10-31,1946.0
NG,2017-11-30,1611.0
NG,2017-12-31,1936.0
NG,2018-01-31,1997.0
NG,2018-02-28,2009.0
NG,2018-03-31,1945.0
NG,2018-04-30,1965.0
NG,2018-05-31,1832.0
NG,2018-06-30,1783.0
NG,2018-07-31,1853.0
NG,2018-08-31,1997.0
NG,2018-09-30,1957.0
NG,2018-10-31,1951.0
NG,2018-11-30,1803.0
NG,2018-12-31,1873.0
NG,2019-01-31,1954.0
NG,2019-02-28,1987.0
NG,2019-03-31,2024.0
NG,2019-04-30,2002.0
NG,2019-05-31,1926.0
NG,2019-06-30,2081.0
NG,2019-07-31,2108.0
NG,2019-08-31,2039.0
NG,2019-09-30,2079.0
NG,2019-10-31,2037.0
NG,2019-11-30,1664.0
NG,2019-12-31,1659.0
NG,2020-01-31,1739.0
NG,2020-02-29,1742.0
NG,2020-03-31,1799.0
NG,2020-04-30,1705.0
NG,2020-05-31,1436.0
NG,2020-06-30,1406.0
NG,2020-07-31,1353.0
NG,2020-08-31,1368.0
NG,2020-09-30,1332.0
NG,2020-10-31,1347.0
NG,2020-11-30,1329.0
NG,2020-12-31,1174.0
NG,2021-01-31,1361.0
NG,2021-02-28,1424.0
NG,2021-03-31,1429.0
NG,2021-04-30,1372.0
NG,2021-05-31,1344.0
NG,2021-06-30,1313.0
NG,2021-07-31,1323.0
NG,2021-08-31,1239.0
NG,2021-09-30,1247.0
NG,2021-10-31,1228.0
NG,2021-11-30,1275.0
NG,2021-12-31,1197.0
NG,2022-01-31,1399.0
NG,2022-02-28,1258.0
NG,2022-03-31,1238.0
NG,2022-04-30,1219.0
NG,2022-05-31,1024.0
NG,2022-06-30,1158.0
NG,2022-07-31,1084.0
NG,2022-08-31,972.0
NG,2022-09-30,938.0
NG,2022-10-31,1014.0
NG,2022-11-30,1186.0
NG,2022-12-31,1235.0
NG,2023-01-31,1258.0
NG,2023-02-28,1306.0
NG,2023-03-31,1268.0
NG,2023-04-30,999.0
NG,2023-05-31,1184.0
NG,2023-06-30,1249.0
NG,2023-07-31,1081.0
NG,2023-08-31,1181.0
NG,2023-09-30,1347.0
NG,2023-10-31,1351.0
NG,2023-11-30,1250.0
NG,2023-12-31,1335.0
NG,2024-01-31,1427.0
NG,2024-02-29,1322.0
NG,2024-03-31,1231.0
NG,2024-04-30,1281.0
NG,2024-05-31,1261.0
NG,2024-06-30,1271.0
NG,2024-07-31,1331.0
NG,2024-08-31,1360.0
NG,2024-09-30,1342.0
NG,2024-10-31,1332.0
NG,2024-11-30,1480.0
NG,2024-12-31,1493.0
NG,2025-01-31,1539.0
NG,2025-02-28,1465.0
NG,2025-03-31,1401.0
NI,2002-01-31,0.0
NI,2002-02-28,0.0
NI,2002-03-31,0.0
NI,2002-04-30,0.0
NI,2002-05-31,0.0
NI,2002-06-30,0.0
NI,2002-07-31,0.0
NI,2002-08-31,0.0
NI,2002-09-30,0.0
NI,2002-10-31,0.0
NI,2002-11-30,0.0
NI,2002-12-31,0.0
NI,2003-01-31,0.0
NI,2003-02-28,0.0
NI,2003-03-31,0.0
NI,2003-04-30,0.0
NI,2003-05-31,0.0
NI,2003-06-30,0.0
NI,2003-07-31,0.0
NI,2003-08-31,0.0
NI,2003-09-30,0.0
NI,2003-10-31,0.0
NI,2003-11-30,0.0
NI,2003-12-31,0.0
NI,2004-01-31,83.2903
NI,2004-02-29,80.7586
NI,2004-03-31,80.3548
NI,2004-04-30,80.2
NI,2004-05-31,80.2903
NI,2004-06-30,81.3667
NI,2004-07-31,81.2903
NI,2004-08-31,79.9355
NI,2004-09-30,78.8667
NI,2004-10-31,79.1935
NI,2004-11-30,74.9667
NI,2004-12-31,78.1935
NI,2005-01-31,0.0
NI,2005-02-28,0.0
NI,2005-03-31,0.0
NI,2005-04-30,0.0
NI,2005-05-31,0.0
NI,2005-06-30,0.0
NI,2005-07-31,0.0
NI,2005-08-31,0.0
NI,2005-09-30,0.0
NI,2005-10-31,0.0
NI,2005-11-30,0.0
NI,2005-12-31,0.0
NI,2006-01-31,0.0
NI,2006-02-28,0.0
NI,2006-03-31,0.0
NI,2006-04-30,0.0
NI,2006-05-31,0.0
NI,2006-06-30,0.0
NI,2006-07-31,0.0
NI,2006-08-31,0.0
NI,2006-09-30,0.0
NI,2006-10-31,0.0
NI,2006-11-30,0.0
NI,2006-12-31,0.0
NI,2007-01-31,0.0
NI,2007-02-28,0.0
NI,2007-03-31,0.0
NI,2007-04-30,0.0
NI,2007-05-31,0.0
NI,2007-06-30,0.0
NI,2007-07-31,0.0
NI,2007-08-31,0.0
NI,2007-09-30,0.0
NI,2007-10-31,0.0
NI,2007-11-30,0.0
NI,2007-12-31,0.0
NI,2008-01-31,0.0
NI,2008-02-29,0.0
NI,2008-03-31,0.0
NI,2008-04-30,0.0
NI,2008-05-31,0.0
NI,2008-06-30,0.0
NI,2008-07-31,0.0
NI,2008-08-31,0.0
NI,2008-09-30,0.0
NI,2008-10-31,0.0
NI,2008-11-30,0.0
NI,2008-12-31,0.0
NI,2009-01-31,0.0
NI,2009-02-28,0.0
NI,2009-03-31,0.0
NI,2009-04-30,0.0
NI,2009-05-31,0.0
NI,2009-06-30,0.0
NI,2009-07-31,0.0
NI,2009-08-31,0.0
NI,2009-09-30,0.0
NI,2009-10-31,0.0
NI,2009-11-30,0.0
NI,2009-12-31,0.0
NI,2010-01-31,0.0
NI,2010-02-28,0.0
NI,2010-03-31,0.0
NI,2010-04-30,0.0
NI,2010-05-31,0.0
NI,2010-06-30,0.0
NI,2010-07-31,0.0
NI,2010-08-31,0.0
NI,2010-09-30,0.0
NI,2010-10-31,0.0
NI,2010-11-30,0.0
NI,2010-12-31,0.0
NI,2011-01-31,0.0
NI,2011-02-28,0.0
NI,2011-03-31,0.0
NI,2011-04-30,0.0
NI,2011-05-31,0.0
NI,2011-06-30,0.0
NI,2011-07-31,0.0
NI,2011-08-31,0.0
NI,2011-09-30,0.0
NI,2011-10-31,0.0
NI,2011-11-30,0.0
NI,2011-12-31,0.0
NI,2012-01-31,0.0
NI,2012-02-29,0.0
NI,2012-03-31,0.0
NI,2012-04-30,0.0
NI,2012-05-31,0.0
NI,2012-06-30,0.0
NI,2012-07-31,0.0
NI,2012-08-31,0.0
NI,2012-09-30,0.0
NI,2012-10-31,0.0
NI,2012-11-30,0.0
NI,2012-12-31,0.0
NI,2013-01-31,0.0
NI,2013-02-28,0.0
NI,2013-03-31,0.0
NI,2013-04-30,0.0
NI,2013-05-31,0.0
NI,2013-06-30,0.0
NI,2013-07-31,0.0
NI,2013-08-31,0.0
NI,2013-09-30,0.0
NI,2013-10-31,0.0
NI,2013-11-30,12.9667
NI,2013-12-31,0.0
NI,2014-01-31,0.0
NI,2014-02-28,0.0
NI,2014-03-31,0.0
NI,2014-04-30,0.0
NI,2014-05-31,0.0
NI,2014-06-30,0.0
NI,2014-07-31,0.0
NI,2014-08-31,0.0
NI,2014-09-30,0.0
NI,2014-10-31,0.0
NI,2014-11-30,0.0
NI,2014-12-31,0.0
NI,2015-01-31,0.0
NI,2015-02-28,0.0
NI,2015-03-31,0.0
NI,2015-04-30,0.0
NI,2015-05-31,0.0
NI,2015-06-30,0.0
NI,2015-07-31,0.0
NI,2015-08-31,0.0
NI,2015-09-30,0.0
NI,2015-10-31,0.0
NI,2015-11-30,0.0
NI,2015-12-31,0.0
NI,2016-01-31,0.0
NI,2016-02-29,0.0
NI,2016-03-31,0.0
NI,2016-04-30,0.0
NI,2016-05-31,0.0
NI,2016-06-30,0.0
NI,2016-07-31,0.0
NI,2016-08-31,
NI,2016-09-30,
NI,2016-10-31,
NI,2016-11-30,
NI,2016-12-31,
NI,2017-01-31,
NI,2017-02-28,
NI,2017-03-31,
NI,2017-04-30,
NI,2017-05-31,
NI,2017-06-30,
NI,2017-07-31,
NI,2017-08-31,
NI,2017-09-30,
NI,2017-10-31,
NI,2017-11-30,
NI,2017-12-31,
NI,2018-01-31,
NI,2018-02-28,
NI,2018-03-31,
NI,2018-04-30,
NI,2018-05-31,
NI,2018-06-30,
NI,2018-07-31,
NI,2018-08-31,
NI,2018-09-30,
NI,2018-10-31,
NI,2018-11-30,
NI,2018-12-31,
NI,2019-01-31,
NI,2019-02-28,
NI,2019-03-31,
NI,2019-04-30,
NI,2019-05-31,
NI,2019-06-30,
NI,2019-07-31,
NI,2019-08-31,
NI,2019-09-30,
NI,2019-10-31,
NI,2019-11-30,
NI,2019-12-31,
NI,2020-01-31,
NI,2020-02-29,
NI,2020-03-31,
NI,2020-04-30,
NI,2020-05-31,
NI,2020-06-30,
NI,2020-07-31,
NI,2020-08-31,
NI,2020-09-30,
NI,2020-10-31,
NI,2020-11-30,
NI,2020-12-31,
NI,2021-01-31,
NI,2021-02-28,
NI,2021-03-31,
NI,2021-04-30,
NI,2021-05-31,
NI,2021-06-30,
NI,2021-07-31,
NI,2021-08-31,
NI,2021-09-30,
NI,2021-10-31,
NI,2021-11-30,
NI,2021-12-31,
NI,2022-01-31,
NI,2022-02-28,
NI,2022-03-31,
NI,2022-04-30,
NI,2022-05-31,
NI,2022-06-30,
NI,2022-07-31,
NI,2022-08-31,
NI,2022-09-30,
NI,2022-10-31,
NI,2022-11-30,
NI,2022-12-31,
NI,2023-01-31,
NI,2023-02-28,
NI,2023-03-31,
NI,2023-04-30,
NI,2023-05-31,
NI,2023-06-30,
NI,2023-07-31,
NI,2023-08-31,
NI,2023-09-30,
NI,2023-10-31,
NI,2023-11-30,
NI,2023-12-31,
NI,2024-01-31,
NI,2024-02-29,
NI,2024-03-31,
NI,2024-04-30,
NI,2024-05-31,
NI,2024-06-30,
NI,2024-07-31,
NI,2024-08-31,
NI,2024-09-30,
NI,2024-10-31,
NI,2024-11-30,
NI,2024-12-31,
NI,2025-01-31,
NL,2002-01-31,43.2261
NL,2002-02-28,44.8189
NL,2002-03-31,45.0558
NL,2002-04-30,47.503
NL,2002-05-31,48.7152
NL,2002-06-30,41.122
NL,2002-07-31,32.0194
NL,2002-08-31,41.1677
NL,2002-09-30,48.6847
NL,2002-10-31,48.029
NL,2002-11-30,43.0127
NL,2002-12-31,37.2797
NL,2003-01-31,47.5716
NL,2003-02-28,44.5657
NL,2003-03-31,46.1994
NL,2003-04-30,49.1573
NL,2003-05-31,46.1994
NL,2003-06-30,42.7763
NL,2003-07-31,44.8271
NL,2003-08-31,45.5132
NL,2003-09-30,30.9597
NL,2003-10-31,45.7419
NL,2003-11-30,48.4483
NL,2003-12-31,44.8271
NL,2004-01-31,46.1994
NL,2004-02-29,47.1852
NL,2004-03-31,46.6568
NL,2004-04-30,40.1767
NL,2004-05-31,37.5084
NL,2004-06-30,50.5753
NL,2004-07-31,41.8539
NL,2004-08-31,40.0242
NL,2004-09-30,41.3583
NL,2004-10-31,39.7955
NL,2004-11-30,28.1237
NL,2004-12-31,30.4184
NL,2005-01-31,40.2529
NL,2005-02-28,34.4371
NL,2005-03-31,37.9658
NL,2005-04-30,31.196
NL,2005-05-31,37.2797
NL,2005-06-30,36.159
NL,2005-07-31,37.2797
NL,2005-08-31,27.9026
NL,2005-09-30,23.8697
NL,2005-10-31,19.8977
NL,2005-11-30,15.1253
NL,2005-12-31,6.4039
NL,2006-01-31,33.3916
NL,2006-02-28,30.3857
NL,2006-03-31,27.6739
NL,2006-04-30,25.524
NL,2006-05-31,27.6739
NL,2006-06-30,27.651
NL,2006-07-31,20.5839
NL,2006-08-31,15.3235
NL,2006-09-30,15.598
NL,2006-10-31,15.3235
NL,2006-11-30,29.5417
NL,2006-12-31,46.1994
NL,2007-01-31,45.7419
NL,2007-02-28,42.2868
NL,2007-03-31,40.2529
NL,2007-04-30,41.122
NL,2007-05-31,42.7687
NL,2007-06-30,44.1943
NL,2007-07-31,33.849
NL,2007-08-31,39.1094
NL,2007-09-30,34.9773
NL,2007-10-31,38.4232
NL,2007-11-30,39.2313
NL,2007-12-31,40.4816
NL,2008-01-31,39.1094
NL,2008-02-29,40.3397
NL,2008-03-31,39.1094
NL,2008-04-30,34.032
NL,2008-05-31,40.4816
NL,2008-06-30,20.7973
NL,2008-07-31,33.849
NL,2008-08-31,32.2481
NL,2008-09-30,34.5047
NL,2008-10-31,28.36
NL,2008-11-30,28.8327
NL,2008-12-31,30.4184
NL,2009-01-31,29.0461
NL,2009-02-28,28.8664
NL,2009-03-31,27.4452
NL,2009-04-30,27.8873
NL,2009-05-31,26.0729
NL,2009-06-30,23.397
NL,2009-07-31,25.1581
NL,2009-08-31,22.6423
NL,2009-09-30,24.815
NL,2009-10-31,26.759
NL,2009-11-30,20.7973
NL,2009-12-31,22.871
NL,2010-01-31,24.0145
NL,2010-02-28,20.5104
NL,2010-03-31,20.5839
NL,2010-04-30,21.7427
NL,2010-05-31,21.7274
NL,2010-06-30,16.5433
NL,2010-07-31,16.9245
NL,2010-08-31,23.0997
NL,2010-09-30,20.3247
NL,2010-10-31,18.0681
NL,2010-11-30,17.4887
NL,2010-12-31,16.6958
NL,2011-01-31,19.669
NL,2011-02-28,32.4114
NL,2011-03-31,22.4135
NL,2011-04-30,22.4517
NL,2011-05-31,22.1848
NL,2011-06-30,15.1253
NL,2011-07-31,21.27
NL,2011-08-31,22.6423
NL,2011-09-30,19.6157
NL,2011-10-31,18.9829
NL,2011-11-30,21.0337
NL,2011-12-31,21.27
NL,2012-01-31,23.5571
NL,2012-02-29,27.3821
NL,2012-03-31,26.3016
NL,2012-04-30,20.561
NL,2012-05-31,24.2432
NL,2012-06-30,20.7973
NL,2012-07-31,17.1532
NL,2012-08-31,16.6958
NL,2012-09-30,16.307
NL,2012-10-31,18.9829
NL,2012-11-30,22.688
NL,2012-12-31,23.5571
NL,2013-01-31,22.871
NL,2013-02-28,23.5489
NL,2013-03-31,25.3868
NL,2013-04-30,23.1607
NL,2013-05-31,22.4135
NL,2013-06-30,21.0337
NL,2013-07-31,18.2968
NL,2013-08-31,19.4403
NL,2013-09-30,18.6703
NL,2013-10-31,21.4987
NL,2013-11-30,24.106
NL,2013-12-31,21.0413
NL,2014-01-31,22.6423
NL,2014-02-28,22.5361
NL,2014-03-31,27.9026
NL,2014-04-30,30.487
NL,2014-05-31,32.0194
NL,2014-06-30,24.3423
NL,2014-07-31,25.8442
NL,2014-08-31,33.1629
NL,2014-09-30,33.5593
NL,2014-10-31,33.849
NL,2014-11-30,34.5047
NL,2014-12-31,34.0777
NL,2015-01-31,30.4184
NL,2015-02-28,32.4114
NL,2015-03-31,33.3916
NL,2015-04-30,27.8873
NL,2015-05-31,27.4452
NL,2015-06-30,22.4517
NL,2015-07-31,24.2432
NL,2015-08-31,26.0729
NL,2015-09-30,23.6333
NL,2015-10-31,23.0997
NL,2015-11-30,30.2507
NL,2015-12-31,24.4719
NL,2016-01-31,23.3284
NL,2016-02-29,21.27
NL,2016-03-31,21.7274
NL,2016-04-30,19.6157
NL,2016-05-31,18.5255
NL,2016-06-30,10.3987
NL,2016-07-31,10.0632
NL,2016-08-31,16.2384
NL,2016-09-30,14.889
NL,2016-10-31,19.4403
NL,2016-11-30,18.1977
NL,2016-12-31,20.8126
NL,2017-01-31,21.27
NL,2017-02-28,20.2571
NL,2017-03-31,20.8126
NL,2017-04-30,20.7973
NL,2017-05-31,20.3552
NL,2017-06-30,13.2347
NL,2017-07-31,14.4087
NL,2017-08-31,17.1532
NL,2017-09-30,14.889
NL,2017-10-31,17.3819
NL,2017-11-30,18.6703
NL,2017-12-31,20.1265
NL,2018-01-31,20.5839
NL,2018-02-28,22.0296
NL,2018-03-31,18.2968
NL,2018-04-30,18.9067
NL,2018-05-31,20.3552
NL,2018-06-30,16.0707
NL,2018-07-31,15.3235
NL,2018-08-31,15.5523
NL,2018-09-30,16.0707
NL,2018-10-31,16.0097
NL,2018-11-30,16.7797
NL,2018-12-31,14.18
NL,2019-01-31,15.5523
NL,2019-02-28,14.18
NL,2019-03-31,21.7274
NL,2019-04-30,14.18
NL,2019-05-31,13.2652
NL,2019-06-30,12.9983
NL,2019-07-31,11.6642
NL,2019-08-31,12.579
NL,2019-09-30,12.2893
NL,2019-10-31,15.781
NL,2019-11-30,16.5433
NL,2019-12-31,13.0365
NL,2020-01-31,14.6374
NL,2020-02-29,14.669
NL,2020-03-31,14.8661
NL,2020-04-30,15.1253
NL,2020-05-31,11.2068
NL,2020-06-30,12.9983
NL,2020-07-31,14.18
NL,2020-08-31,13.9513
NL,2020-09-30,12.5257
NL,2020-10-31,13.7226
NL,2020-11-30,15.598
NL,2020-12-31,17.6106
NL,2021-01-31,17.1532
NL,2021-02-28,17.2186
NL,2021-03-31,16.2384
NL,2021-04-30,20.561
NL,2021-05-31,17.6106
NL,2021-06-30,18.9067
NL,2021-07-31,13.9513
NL,2021-08-31,15.781
NL,2021-09-30,7.5627
NL,2021-10-31,7.3187
NL,2021-11-30,12.9983
NL,2021-12-31,10.2919
NL,2022-01-31,8.9197
NL,2022-02-28,4.8111
NL,2022-03-31,7.7761
NL,2022-04-30,8.2717
NL,2022-05-31,7.5474
NL,2022-06-30,10.635
NL,2022-07-31,6.8613
NL,2022-08-31,8.691
NL,2022-09-30,8.7443
NL,2022-10-31,5.2603
NL,2022-11-30,8.2717
NL,2022-12-31,5.489
NL,2023-01-31,6.8613
NL,2023-02-28,7.09
NL,2023-03-31,6.1752
NL,2023-04-30,7.09
NL,2023-05-31,6.6326
NL,2023-06-30,6.8537
NL,2023-07-31,5.9465
NL,2023-08-31,7.3187
NL,2023-09-30,5.4357
NL,2023-10-31,6.6326
NL,2023-11-30,5.1993
NL,2023-12-31,5.9465
NL,2024-01-31,6.4039
NL,2024-02-29,5.8676
NL,2024-03-31,7.5474
NL,2024-04-30,7.09
NL,2024-05-31,7.09
NL,2024-06-30,5.4357
NL,2024-07-31,5.2603
NL,2024-08-31,7.5474
NL,2024-09-30,7.09
NL,2024-10-31,4.5742
NL,2024-11-30,6.8537
NL,2024-12-31,5.7177
NL,2025-01-31,5.7177
NL,2025-02-28,5.8239
NL,2025-03-31,5.2603
NO,2002-01-31,3226.0155
NO,2002-02-28,3282.225
NO,2002-03-31,2892.8313
NO,2002-04-30,3284.1153
NO,2002-05-31,3180.109
NO,2002-06-30,3081.386
NO,2002-07-31,3271.6803
NO,2002-08-31,3047.9468
NO,2002-09-30,2821.483
NO,2002-10-31,3034.4165
NO,2002-11-30,3212.461
NO,2002-12-31,2910.2274
NO,2003-01-31,3110.5245
NO,2003-02-28,3203.58
NO,2003-03-31,3188.3239
NO,2003-04-30,3051.426
NO,2003-05-31,3004.9397
NO,2003-06-30,2574.5627
NO,2003-07-31,3025.7184
NO,2003-08-31,2851.5155
NO,2003-09-30,2642.9713
NO,2003-10-31,2868.9116
NO,2003-11-30,3007.984
NO,2003-12-31,3123.0884
NO,2004-01-31,3158.8471
NO,2004-02-29,3125.9128
NO,2004-03-31,3063.6516
NO,2004-04-30,3046.4327
NO,2004-05-31,3016.7787
NO,2004-06-30,2999.9947
NO,2004-07-31,3028.3761
NO,2004-08-31,2631.8894
NO,2004-09-30,2735.8473
NO,2004-10-31,2964.8319
NO,2004-11-30,2966.5393
NO,2004-12-31,2718.3868
NO,2005-01-31,2721.7694
NO,2005-02-28,2819.985
NO,2005-03-31,2877.6097
NO,2005-04-30,2907.618
NO,2005-05-31,2780.2397
NO,2005-06-30,2395.0523
NO,2005-07-31,2732.4003
NO,2005-08-31,2660.6413
NO,2005-09-30,2593.038
NO,2005-10-31,2430.8674
NO,2005-11-30,2574.313
NO,2005-12-31,2581.8755
NO,2006-01-31,2638.4129
NO,2006-02-28,2592.3425
NO,2006-03-31,2630.1981
NO,2006-04-30,2374.33
NO,2006-05-31,2467.5926
NO,2006-06-30,2465.9577
NO,2006-07-31,2659.9165
NO,2006-08-31,2456.4784
NO,2006-09-30,2455.7213
NO,2006-10-31,2484.5055
NO,2006-11-30,2573.564
NO,2006-12-31,2516.3984
NO,2007-01-31,2380.6119
NO,2007-02-28,2394.66
NO,2007-03-31,2341.7123
NO,2007-04-30,2439.9923
NO,2007-05-31,2094.5423
NO,2007-06-30,1905.7057
NO,2007-07-31,2336.6384
NO,2007-08-31,2073.7635
NO,2007-09-30,2158.618
NO,2007-10-31,2257.1477
NO,2007-11-30,2269.2203
NO,2007-12-31,2210.7581
NO,2008-01-31,2232.02
NO,2008-02-29,1829.1097
NO,2008-03-31,2188.2881
NO,2008-04-30,1914.1943
NO,2008-05-31,1901.0103
NO,2008-06-30,1828.8083
NO,2008-07-31,2188.5297
NO,2008-08-31,1931.6952
NO,2008-09-30,1937.1637
NO,2008-10-31,2099.8577
NO,2008-11-30,2167.3563
NO,2008-12-31,2142.3816
NO,2009-01-31,2100.5826
NO,2009-02-28,2161.1325
NO,2009-03-31,2198.1942
NO,2009-04-30,2075.7287
NO,2009-05-31,1885.3055
NO,2009-06-30,1787.3637
NO,2009-07-31,2072.7971
NO,2009-08-31,1813.7881
NO,2009-09-30,1916.9407
NO,2009-10-31,2007.8032
NO,2009-11-30,2117.1733
NO,2009-12-31,2066.7568
NO,2010-01-31,2059.0252
NO,2010-02-28,2032.1975
NO,2010-03-31,1953.4403
NO,2010-04-30,1994.587
NO,2010-05-31,1894.0035
NO,2010-06-30,1690.493
NO,2010-07-31,1865.4932
NO,2010-08-31,1656.9813
NO,2010-09-30,1673.0163
NO,2010-10-31,1951.0242
NO,2010-11-30,1843.0393
NO,2010-12-31,1878.7819
NO,2011-01-31,1889.8961
NO,2011-02-28,1909.1475
NO,2011-03-31,1814.2713
NO,2011-04-30,1852.0273
NO,2011-05-31,1614.9406
NO,2011-06-30,1675.2633
NO,2011-07-31,1781.1703
NO,2011-08-31,1714.0019
NO,2011-09-30,1617.84
NO,2011-10-31,1729.9484
NO,2011-11-30,1763.6453
NO,2011-12-31,1742.9955
NO,2012-01-31,1761.5997
NO,2012-02-29,1671.5614
NO,2012-03-31,1698.7803
NO,2012-04-30,1730.4397
NO,2012-05-31,1704.0958
NO,2012-06-30,1572.9
NO,2012-07-31,1572.9
NO,2012-08-31,1568.3094
NO,2012-09-30,1306.256
NO,2012-10-31,1556.7119
NO,2012-11-30,1515.7263
NO,2012-12-31,1564.2019
NO,2013-01-31,1542.6984
NO,2013-02-28,1503.0825
NO,2013-03-31,1499.2081
NO,2013-04-30,1561.9147
NO,2013-05-31,1574.5913
NO,2013-06-30,1383.1533
NO,2013-07-31,1634.5113
NO,2013-08-31,1539.799
NO,2013-09-30,1375.4137
NO,2013-10-31,1475.7716
NO,2013-11-30,1609.1017
NO,2013-12-31,1609.1419
NO,2014-01-31,1619.0481
NO,2014-02-28,1602.5925
NO,2014-03-31,1598.7526
NO,2014-04-30,1613.0963
NO,2014-05-31,1344.3342
NO,2014-06-30,1462.5473
NO,2014-07-31,1586.6719
NO,2014-08-31,1545.8394
NO,2014-09-30,1513.2297
NO,2014-10-31,1621.2226
NO,2014-11-30,1600.3633
NO,2014-12-31,1645.6255
NO,2015-01-31,1566.3765
NO,2015-02-28,1590.8225
NO,2015-03-31,1585.9471
NO,2015-04-30,1612.0977
NO,2015-05-31,1547.7723
NO,2015-06-30,1500.996
NO,2015-07-31,1604.0681
NO,2015-08-31,1591.7458
NO,2015-09-30,1569.904
NO,2015-10-31,1636.6858
NO,2015-11-30,1632.3207
NO,2015-12-31,1670.7532
NO,2016-01-31,1653.8403
NO,2016-02-29,1662.0052
NO,2016-03-31,1624.3635
NO,2016-04-30,1652.5437
NO,2016-05-31,1601.6519
NO,2016-06-30,1478.7757
NO,2016-07-31,1761.1165
NO,2016-08-31,1595.1284
NO,2016-09-30,1459.801
NO,2016-10-31,1746.3781
NO,2016-11-30,1779.1247
NO,2016-12-31,1645.8671
NO,2017-01-31,1644.659
NO,2017-02-28,1694.88
NO,2017-03-31,1737.1968
NO,2017-04-30,1718.4557
NO,2017-05-31,1639.5852
NO,2017-06-30,1580.1403
NO,2017-07-31,1622.189
NO,2017-08-31,1593.6787
NO,2017-09-30,1461.299
NO,2017-10-31,1551.8797
NO,2017-11-30,1553.426
NO,2017-12-31,1553.8126
NO,2018-01-31,1656.9813
NO,2018-02-28,1595.37
NO,2018-03-31,1543.4232
NO,2018-04-30,1537.4473
NO,2018-05-31,1334.1865
NO,2018-06-30,1511.482
NO,2018-07-31,1546.5642
NO,2018-08-31,1521.4365
NO,2018-09-30,1325.9797
NO,2018-10-31,1507.6645
NO,2018-11-30,1517.9733
NO,2018-12-31,1525.0606
NO,2019-01-31,1474.3219
NO,2019-02-28,1404.1075
NO,2019-03-31,1430.3484
NO,2019-04-30,1391.642
NO,2019-05-31,1290.6961
NO,2019-06-30,1085.8003
NO,2019-07-31,1386.6165
NO,2019-08-31,1375.019
NO,2019-09-30,1319.738
NO,2019-10-31,1503.3155
NO,2019-11-30,1711.9643
NO,2019-12-31,1795.4255
NO,2020-01-31,1688.8742
NO,2020-02-29,1758.8586
NO,2020-03-31,1745.17
NO,2020-04-30,1798.0993
NO,2020-05-31,1768.3648
NO,2020-06-30,1569.904
NO,2020-07-31,1777.7877
NO,2020-08-31,1728.4987
NO,2020-09-30,1513.729
NO,2020-10-31,1648.5248
NO,2020-11-30,1765.1433
NO,2020-12-31,1845.1977
NO,2021-01-31,1832.8755
NO,2021-02-28,1821.9425
NO,2021-03-31,1804.6068
NO,2021-04-30,1747.1673
NO,2021-05-31,1700.9548
NO,2021-06-30,1702.477
NO,2021-07-31,1781.8952
NO,2021-08-31,1844.2313
NO,2021-09-30,1812.3303
NO,2021-10-31,1851.2381
NO,2021-11-30,1735.9323
NO,2021-12-31,1878.2987
NO,2022-01-31,1764.7406
NO,2022-02-28,1810.975
NO,2022-03-31,1771.989
NO,2022-04-30,1699.2313
NO,2022-05-31,1655.29
NO,2022-06-30,1357.6873
NO,2022-07-31,1674.619
NO,2022-08-31,1830.2177
NO,2022-09-30,1682.254
NO,2022-10-31,1783.8281
NO,2022-11-30,1785.8657
NO,2022-12-31,1814.7545
NO,2023-01-31,1814.5129
NO,2023-02-28,1820.8725
NO,2023-03-31,1883.6142
NO,2023-04-30,1854.0247
NO,2023-05-31,1818.1371
NO,2023-06-30,1857.7697
NO,2023-07-31,1881.9229
NO,2023-08-31,1841.3319
NO,2023-09-30,1722.7
NO,2023-10-31,1822.2445
NO,2023-11-30,1856.2717
NO,2023-12-31,1924.2052
NO,2024-01-31,1880.9565
NO,2024-02-29,1817.4872
NO,2024-03-31,1899.0774
NO,2024-04-30,1893.472
NO,2024-05-31,1705.7871
NO,2024-06-30,1719.2047
NO,2024-07-31,1824.1774
NO,2024-08-31,1832.3923
NO,2024-09-30,1659.784
NO,2024-10-31,1836.2581
NO,2024-11-30,1781.6213
NO,2024-12-31,1839.399
NO,2025-01-31,1806.2981
NO,2025-02-28,1763.0925
NO,2025-03-31,1769.8145
NP,2002-01-31,
NP,2002-02-28,
NP,2002-03-31,
NP,2002-04-30,
NP,2002-05-31,
NP,2002-06-30,
NP,2002-07-31,
NP,2002-08-31,
NP,2002-09-30,
NP,2002-10-31,
NP,2002-11-30,
NP,2002-12-31,
NP,2003-01-31,
NP,2003-02-28,
NP,2003-03-31,
NP,2003-04-30,
NP,2003-05-31,
NP,2003-06-30,
NP,2003-07-31,
NP,2003-08-31,
NP,2003-09-30,
NP,2003-10-31,
NP,2003-11-30,
NP,2003-12-31,
NP,2004-01-31,
NP,2004-02-29,
NP,2004-03-31,
NP,2004-04-30,
NP,2004-05-31,
NP,2004-06-30,
NP,2004-07-31,
NP,2004-08-31,
NP,2004-09-30,
NP,2004-10-31,
NP,2004-11-30,
NP,2004-12-31,
NP,2005-01-31,
NP,2005-02-28,
NP,2005-03-31,
NP,2005-04-30,
NP,2005-05-31,
NP,2005-06-30,
NP,2005-07-31,
NP,2005-08-31,
NP,2005-09-30,
NP,2005-10-31,
NP,2005-11-30,
NP,2005-12-31,
NP,2006-01-31,
NP,2006-02-28,
NP,2006-03-31,
NP,2006-04-30,
NP,2006-05-31,
NP,2006-06-30,
NP,2006-07-31,
NP,2006-08-31,
NP,2006-09-30,
NP,2006-10-31,
NP,2006-11-30,
NP,2006-12-31,
NP,2007-01-31,
NP,2007-02-28,
NP,2007-03-31,
NP,2007-04-30,
NP,2007-05-31,
NP,2007-06-30,
NP,2007-07-31,
NP,2007-08-31,
NP,2007-09-30,
NP,2007-10-31,
NP,2007-11-30,
NP,2007-12-31,
NP,2008-01-31,
NP,2008-02-29,
NP,2008-03-31,
NP,2008-04-30,
NP,2008-05-31,
NP,2008-06-30,
NP,2008-07-31,
NP,2008-08-31,
NP,2008-09-30,
NP,2008-10-31,
NP,2008-11-30,
NP,2008-12-31,
NP,2009-01-31,
NP,2009-02-28,
NP,2009-03-31,
NP,2009-04-30,
NP,2009-05-31,
NP,2009-06-30,
NP,2009-07-31,
NP,2009-08-31,
NP,2009-09-30,
NP,2009-10-31,
NP,2009-11-30,
NP,2009-12-31,
NP,2010-01-31,
NP,2010-02-28,
NP,2010-03-31,
NP,2010-04-30,
NP,2010-05-31,
NP,2010-06-30,
NP,2010-07-31,
NP,2010-08-31,
NP,2010-09-30,
NP,2010-10-31,
NP,2010-11-30,
NP,2010-12-31,
NP,2011-01-31,
NP,2011-02-28,
NP,2011-03-31,
NP,2011-04-30,
NP,2011-05-31,
NP,2011-06-30,
NP,2011-07-31,
NP,2011-08-31,
NP,2011-09-30,
NP,2011-10-31,
NP,2011-11-30,
NP,2011-12-31,
NP,2012-01-31,
NP,2012-02-29,
NP,2012-03-31,
NP,2012-04-30,
NP,2012-05-31,
NP,2012-06-30,
NP,2012-07-31,
NP,2012-08-31,
NP,2012-09-30,
NP,2012-10-31,
NP,2012-11-30,
NP,2012-12-31,
NP,2013-01-31,
NP,2013-02-28,
NP,2013-03-31,
NP,2013-04-30,
NP,2013-05-31,
NP,2013-06-30,
NP,2013-07-31,
NP,2013-08-31,
NP,2013-09-30,
NP,2013-10-31,
NP,2013-11-30,
NP,2013-12-31,
NP,2014-01-31,
NP,2014-02-28,
NP,2014-03-31,
NP,2014-04-30,
NP,2014-05-31,
NP,2014-06-30,
NP,2014-07-31,
NP,2014-08-31,
NP,2014-09-30,
NP,2014-10-31,
NP,2014-11-30,
NP,2014-12-31,
NP,2015-01-31,
NP,2015-02-28,
NP,2015-03-31,
NP,2015-04-30,
NP,2015-05-31,
NP,2015-06-30,
NP,2015-07-31,
NP,2015-08-31,
NP,2015-09-30,
NP,2015-10-31,
NP,2015-11-30,
NP,2015-12-31,
NP,2016-01-31,
NP,2016-02-29,
NP,2016-03-31,
NP,2016-04-30,
NP,2016-05-31,
NP,2016-06-30,
NP,2016-07-31,
NP,2016-08-31,
NP,2016-09-30,
NP,2016-10-31,
NP,2016-11-30,
NP,2016-12-31,
NP,2017-01-31,
NP,2017-02-28,
NP,2017-03-31,
NP,2017-04-30,
NP,2017-05-31,
NP,2017-06-30,
NP,2017-07-31,
NP,2017-08-31,
NP,2017-09-30,
NP,2017-10-31,
NP,2017-11-30,
NP,2017-12-31,
NP,2018-01-31,
NP,2018-02-28,
NP,2018-03-31,
NP,2018-04-30,
NP,2018-05-31,
NP,2018-06-30,
NP,2018-07-31,
NP,2018-08-31,
NP,2018-09-30,
NP,2018-10-31,
NP,2018-11-30,
NP,2018-12-31,
NP,2019-01-31,
NP,2019-02-28,
NP,2019-03-31,
NP,2019-04-30,
NP,2019-05-31,
NP,2019-06-30,
NP,2019-07-31,
NP,2019-08-31,
NP,2019-09-30,
NP,2019-10-31,
NP,2019-11-30,
NP,2019-12-31,
NP,2020-01-31,
NP,2020-02-29,
NP,2020-03-31,
NP,2020-04-30,
NP,2020-05-31,
NP,2020-06-30,
NP,2020-07-31,
NP,2020-08-31,
NP,2020-09-30,
NP,2020-10-31,
NP,2020-11-30,
NP,2020-12-31,
NP,2021-01-31,
NP,2021-02-28,
NP,2021-03-31,
NP,2021-04-30,
NP,2021-05-31,
NP,2021-06-30,
NP,2021-07-31,
NP,2021-08-31,
NP,2021-09-30,
NP,2021-10-31,
NP,2021-11-30,
NP,2021-12-31,
NP,2022-01-31,
NP,2022-02-28,
NP,2022-03-31,
NP,2022-04-30,
NP,2022-05-31,
NP,2022-06-30,
NP,2022-07-31,
NP,2022-08-31,
NP,2022-09-30,
NP,2022-10-31,
NP,2022-11-30,
NP,2022-12-31,
NP,2023-01-31,
NP,2023-02-28,
NP,2023-03-31,
NP,2023-04-30,
NP,2023-05-31,
NP,2023-06-30,
NP,2023-07-31,
NP,2023-08-31,
NP,2023-09-30,
NP,2023-10-31,
NP,2023-11-30,
NP,2023-12-31,
NP,2024-01-31,
NP,2024-02-29,
NP,2024-03-31,
NP,2024-04-30,
NP,2024-05-31,
NP,2024-06-30,
NP,2024-07-31,
NP,2024-08-31,
NP,2024-09-30,
NP,2024-10-31,
NP,2024-11-30,
NP,2024-12-31,
NP,2025-01-31,
NP,2025-02-28,
NP,2025-03-31,
NZ,2002-01-31,24.0885
NZ,2002-02-28,19.8713
NZ,2002-03-31,24.3246
NZ,2002-04-30,32.4564
NZ,2002-05-31,31.1733
NZ,2002-06-30,31.7243
NZ,2002-07-31,29.0478
NZ,2002-08-31,29.284
NZ,2002-09-30,28.3079
NZ,2002-10-31,29.0478
NZ,2002-11-30,19.5227
NZ,2002-12-31,26.2139
NZ,2003-01-31,24.3246
NZ,2003-02-28,23.5318
NZ,2003-03-31,22.4353
NZ,2003-04-30,22.207
NZ,2003-05-31,23.6161
NZ,2003-06-30,20.9869
NZ,2003-07-31,21.7268
NZ,2003-08-31,22.1992
NZ,2003-09-30,22.207
NZ,2003-10-31,17.4759
NZ,2003-11-30,15.8622
NZ,2003-12-31,16.2951
NZ,2004-01-31,15.8228
NZ,2004-02-29,18.1763
NZ,2004-03-31,17.4759
NZ,2004-04-30,17.5704
NZ,2004-05-31,17.2398
NZ,2004-06-30,18.5465
NZ,2004-07-31,19.1291
NZ,2004-08-31,20.3099
NZ,2004-09-30,19.2786
NZ,2004-10-31,19.6014
NZ,2004-11-30,19.2786
NZ,2004-12-31,16.2951
NZ,2005-01-31,14.4058
NZ,2005-02-28,16.2108
NZ,2005-03-31,15.1143
NZ,2005-04-30,17.0823
NZ,2005-05-31,16.2951
NZ,2005-06-30,17.8144
NZ,2005-07-31,19.6014
NZ,2005-08-31,18.8929
NZ,2005-09-30,18.5465
NZ,2005-10-31,15.3505
NZ,2005-11-30,14.642
NZ,2005-12-31,16.059
NZ,2006-01-31,16.059
NZ,2006-02-28,16.9952
NZ,2006-03-31,17.9483
NZ,2006-04-30,18.0585
NZ,2006-05-31,15.1143
NZ,2006-06-30,15.3741
NZ,2006-07-31,14.8782
NZ,2006-08-31,16.2951
NZ,2006-09-30,16.3502
NZ,2006-10-31,18.1844
NZ,2006-11-30,14.886
NZ,2006-12-31,15.8228
NZ,2007-01-31,14.642
NZ,2007-02-28,14.642
NZ,2007-03-31,20.3099
NZ,2007-04-30,22.6951
NZ,2007-05-31,24.0885
NZ,2007-06-30,22.4511
NZ,2007-07-31,25.0331
NZ,2007-08-31,59.5126
NZ,2007-09-30,62.7166
NZ,2007-10-31,55.2617
NZ,2007-11-30,62.4725
NZ,2007-12-31,64.9444
NZ,2008-01-31,64.7082
NZ,2008-02-29,59.8302
NZ,2008-03-31,56.6787
NZ,2008-04-30,61.9845
NZ,2008-05-31,63.5274
NZ,2008-06-30,55.3956
NZ,2008-07-31,54.3171
NZ,2008-08-31,57.151
NZ,2008-09-30,47.0984
NZ,2008-10-31,46.5238
NZ,2008-11-30,43.926
NZ,2008-12-31,37.3135
NZ,2009-01-31,44.3216
NZ,2009-02-28,45.8764
NZ,2009-03-31,56.91
NZ,2009-04-30,57.994
NZ,2009-05-31,54.0252
NZ,2009-06-30,49.593
NZ,2009-07-31,54.8119
NZ,2009-08-31,66.3513
NZ,2009-09-30,68.292
NZ,2009-10-31,57.6968
NZ,2009-11-30,58.265
NZ,2009-12-31,56.6477
NZ,2010-01-31,45.6329
NZ,2010-02-28,62.4268
NZ,2010-03-31,60.5816
NZ,2010-04-30,58.807
NZ,2010-05-31,58.2213
NZ,2010-06-30,57.994
NZ,2010-07-31,59.2703
NZ,2010-08-31,56.91
NZ,2010-09-30,51.49
NZ,2010-10-31,48.78
NZ,2010-11-30,44.715
NZ,2010-12-31,53.7629
NZ,2011-01-31,50.6158
NZ,2011-02-28,49.9414
NZ,2011-03-31,47.4687
NZ,2011-04-30,48.78
NZ,2011-05-31,45.3706
NZ,2011-06-30,44.986
NZ,2011-07-31,52.1894
NZ,2011-08-31,51.6648
NZ,2011-09-30,46.07
NZ,2011-10-31,42.2235
NZ,2011-11-30,41.192
NZ,2011-12-31,42.4858
NZ,2012-01-31,41.1745
NZ,2012-02-29,42.3321
NZ,2012-03-31,34.8803
NZ,2012-04-30,42.547
NZ,2012-05-31,49.829
NZ,2012-06-30,45.799
NZ,2012-07-31,45.1084
NZ,2012-08-31,45.3706
NZ,2012-09-30,41.192
NZ,2012-10-31,34.6181
NZ,2012-11-30,34.688
NZ,2012-12-31,35.9294
NZ,2013-01-31,39.3387
NZ,2013-02-28,33.6814
NZ,2013-03-31,39.0765
NZ,2013-04-30,41.463
NZ,2013-05-31,41.4368
NZ,2013-06-30,42.005
NZ,2013-07-31,38.2897
NZ,2013-08-31,32.2577
NZ,2013-09-30,30.352
NZ,2013-10-31,27.0126
NZ,2013-11-30,26.016
NZ,2013-12-31,34.0935
NZ,2014-01-31,41.699
NZ,2014-02-28,39.1982
NZ,2014-03-31,42.2235
NZ,2014-04-30,36.585
NZ,2014-05-31,41.699
NZ,2014-06-30,39.837
NZ,2014-07-31,41.9613
NZ,2014-08-31,40.9123
NZ,2014-09-30,40.921
NZ,2014-10-31,38.5519
NZ,2014-11-30,34.688
NZ,2014-12-31,33.8313
NZ,2015-01-31,34.6181
NZ,2015-02-28,35.4236
NZ,2015-03-31,37.2406
NZ,2015-04-30,49.864
NZ,2015-05-31,44.0594
NZ,2015-06-30,42.276
NZ,2015-07-31,44.0594
NZ,2015-08-31,44.0594
NZ,2015-09-30,44.173
NZ,2015-10-31,42.7481
NZ,2015-11-30,33.875
NZ,2015-12-31,39.601
NZ,2016-01-31,39.3387
NZ,2016-02-29,37.5662
NZ,2016-03-31,34.3558
NZ,2016-04-30,38.753
NZ,2016-05-31,31.7332
NZ,2016-06-30,35.501
NZ,2016-07-31,38.5519
NZ,2016-08-31,36.4539
NZ,2016-09-30,34.688
NZ,2016-10-31,34.8803
NZ,2016-11-30,30.352
NZ,2016-12-31,23.6032
NZ,2017-01-31,27.5371
NZ,2017-02-28,32.52
NZ,2017-03-31,34.6181
NZ,2017-04-30,32.249
NZ,2017-05-31,29.8974
NZ,2017-06-30,32.249
NZ,2017-07-31,32.2577
NZ,2017-08-31,31.471
NZ,2017-09-30,29.268
NZ,2017-10-31,27.7994
NZ,2017-11-30,30.623
NZ,2017-12-31,31.2087
NZ,2018-01-31,30.9465
NZ,2018-02-28,26.7129
NZ,2018-03-31,22.5542
NZ,2018-04-30,22.493
NZ,2018-05-31,22.8165
NZ,2018-06-30,21.951
NZ,2018-07-31,25.1768
NZ,2018-08-31,26.4881
NZ,2018-09-30,24.39
NZ,2018-10-31,22.0297
NZ,2018-11-30,20.596
NZ,2018-12-31,21.2429
NZ,2019-01-31,22.5542
NZ,2019-02-28,21.4864
NZ,2019-03-31,24.6523
NZ,2019-04-30,26.558
NZ,2019-05-31,22.8165
NZ,2019-06-30,24.661
NZ,2019-07-31,25.1768
NZ,2019-08-31,28.3239
NZ,2019-09-30,27.1
NZ,2019-10-31,22.8165
NZ,2019-11-30,21.68
NZ,2019-12-31,19.9316
NZ,2020-01-31,23.8655
NZ,2020-02-29,24.1097
NZ,2020-03-31,20.7184
NZ,2020-04-30,20.325
NZ,2020-05-31,20.7184
NZ,2020-06-30,21.138
NZ,2020-07-31,20.1939
NZ,2020-08-31,20.1939
NZ,2020-09-30,20.325
NZ,2020-10-31,20.1939
NZ,2020-11-30,17.073
NZ,2020-12-31,19.1448
NZ,2021-01-31,19.4071
NZ,2021-02-28,18.8732
NZ,2021-03-31,18.3581
NZ,2021-04-30,18.157
NZ,2021-05-31,18.8826
NZ,2021-06-30,18.428
NZ,2021-07-31,18.8826
NZ,2021-08-31,17.5713
NZ,2021-09-30,16.531
NZ,2021-10-31,17.309
NZ,2021-11-30,18.157
NZ,2021-12-31,17.309
NZ,2022-01-31,17.309
NZ,2022-02-28,15.9696
NZ,2022-03-31,18.0958
NZ,2022-04-30,18.157
NZ,2022-05-31,14.1619
NZ,2022-06-30,13.55
NZ,2022-07-31,15.4732
NZ,2022-08-31,15.7355
NZ,2022-09-30,15.447
NZ,2022-10-31,15.4732
NZ,2022-11-30,15.176
NZ,2022-12-31,15.211
NZ,2023-01-31,16.26
NZ,2023-02-28,17.7118
NZ,2023-03-31,17.0468
NZ,2023-04-30,17.615
NZ,2023-05-31,17.5713
NZ,2023-06-30,18.428
NZ,2023-07-31,18.6203
NZ,2023-08-31,18.6203
NZ,2023-09-30,18.699
NZ,2023-10-31,17.8335
NZ,2023-11-30,16.802
NZ,2023-12-31,16.7845
NZ,2024-01-31,16.5223
NZ,2024-02-29,15.9797
NZ,2024-03-31,15.9977
NZ,2024-04-30,14.634
NZ,2024-05-31,14.4242
NZ,2024-06-30,14.092
NZ,2024-07-31,15.211
NZ,2024-08-31,15.4732
NZ,2024-09-30,14.905
NZ,2024-10-31,13.8997
NZ,2024-11-30,14.363
NZ,2024-12-31,13.1129
NZ,2025-01-31,14.9487
NZ,2025-02-28,15.0986
NZ,2025-03-31,
OM,2002-01-31,934.6932
OM,2002-02-28,922.5329
OM,2002-03-31,914.1219
OM,2002-04-30,911.119
OM,2002-05-31,880.7823
OM,2002-06-30,897.925
OM,2002-07-31,893.5506
OM,2002-08-31,892.8413
OM,2002-09-30,891.8167
OM,2002-10-31,887.1665
OM,2002-11-30,876.4237
OM,2002-12-31,863.2848
OM,2003-01-31,856.9006
OM,2003-02-28,849.7564
OM,2003-03-31,836.3294
OM,2003-04-30,803.1237
OM,2003-05-31,826.8713
OM,2003-06-30,822.6703
OM,2003-07-31,818.1226
OM,2003-08-31,799.9158
OM,2003-09-30,797.9927
OM,2003-10-31,808.4281
OM,2003-11-30,804.101
OM,2003-12-31,807.4823
OM,2004-01-31,806.3
OM,2004-02-29,798.97
OM,2004-03-31,794.4774
OM,2004-04-30,786.0203
OM,2004-05-31,787.8568
OM,2004-06-30,791.64
OM,2004-07-31,799.6794
OM,2004-08-31,782.4184
OM,2004-09-30,791.3957
OM,2004-10-31,
OM,2004-11-30,
OM,2004-12-31,
OM,2005-01-31,
OM,2005-02-28,
OM,2005-03-31,
OM,2005-04-30,
OM,2005-05-31,
OM,2005-06-30,
OM,2005-07-31,
OM,2005-08-31,
OM,2005-09-30,
OM,2005-10-31,
OM,2005-11-30,
OM,2005-12-31,
OM,2006-01-31,
OM,2006-02-28,
OM,2006-03-31,
OM,2006-04-30,
OM,2006-05-31,
OM,2006-06-30,
OM,2006-07-31,
OM,2006-08-31,
OM,2006-09-30,
OM,2006-10-31,
OM,2006-11-30,
OM,2006-12-31,
OM,2007-01-31,
OM,2007-02-28,
OM,2007-03-31,
OM,2007-04-30,
OM,2007-05-31,
OM,2007-06-30,
OM,2007-07-31,
OM,2007-08-31,
OM,2007-09-30,
OM,2007-10-31,
OM,2007-11-30,
OM,2007-12-31,
OM,2008-01-31,731.5813
OM,2008-02-29,739.0662
OM,2008-03-31,754.7535
OM,2008-04-30,747.66
OM,2008-05-31,720.941
OM,2008-06-30,766.9623
OM,2008-07-31,757.3545
OM,2008-08-31,765.1574
OM,2008-09-30,766.9623
OM,2008-10-31,731.5813
OM,2008-11-30,779.179
OM,2008-12-31,785.7287
OM,2009-01-31,784.7861
OM,2009-02-28,783.3257
OM,2009-03-31,804.0432
OM,2009-04-30,788.59
OM,2009-05-31,808.3226
OM,2009-06-30,811.6827
OM,2009-07-31,826.6287
OM,2009-08-31,843.5084
OM,2009-09-30,839.6887
OM,2009-10-31,824.2513
OM,2009-11-30,836.7407
OM,2009-12-31,848.7387
OM,2010-01-31,854.2068
OM,2010-02-28,859.9211
OM,2010-03-31,866.0939
OM,2010-04-30,857.868
OM,2010-05-31,881.5471
OM,2010-06-30,848.0413
OM,2010-07-31,875.6035
OM,2010-08-31,858.7239
OM,2010-09-30,880.715
OM,2010-10-31,871.0865
OM,2010-11-30,886.1197
OM,2010-12-31,890.3435
OM,2011-01-31,890.3435
OM,2011-02-28,896.2446
OM,2011-03-31,889.6303
OM,2011-04-30,881.9433
OM,2011-05-31,870.3732
OM,2011-06-30,880.715
OM,2011-07-31,887.2529
OM,2011-08-31,912.929
OM,2011-09-30,898.403
OM,2011-10-31,904.3703
OM,2011-11-30,875.3103
OM,2011-12-31,904.3703
OM,2012-01-31,899.14
OM,2012-02-29,866.8645
OM,2012-03-31,913.1668
OM,2012-04-30,893.4897
OM,2012-05-31,937.8919
OM,2012-06-30,929.1113
OM,2012-07-31,934.8013
OM,2012-08-31,927.669
OM,2012-09-30,930.5853
OM,2012-10-31,939.7939
OM,2012-11-30,951.7127
OM,2012-12-31,955.2471
OM,2013-01-31,944.5487
OM,2013-02-28,948.6243
OM,2013-03-31,939.0806
OM,2013-04-30,915.1083
OM,2013-05-31,924.8161
OM,2013-06-30,965.47
OM,2013-07-31,949.5413
OM,2013-08-31,952.6319
OM,2013-09-30,962.7677
OM,2013-10-31,958.3377
OM,2013-11-30,955.6433
OM,2013-12-31,949.779
OM,2014-01-31,963.8058
OM,2014-02-28,950.9932
OM,2014-03-31,945.7374
OM,2014-04-30,929.357
OM,2014-05-31,940.9826
OM,2014-06-30,962.0307
OM,2014-07-31,961.9039
OM,2014-08-31,958.5755
OM,2014-09-30,963.5047
OM,2014-10-31,942.6468
OM,2014-11-30,926.409
OM,2014-12-31,937.1787
OM,2015-01-31,965.47
OM,2015-02-28,962.8379
OM,2015-03-31,981.8742
OM,2015-04-30,965.47
OM,2015-05-31,980.21
OM,2015-06-30,998.1437
OM,2015-07-31,1006.5994
OM,2015-08-31,994.2368
OM,2015-09-30,995.4413
OM,2015-10-31,971.4135
OM,2015-11-30,1001.0917
OM,2015-12-31,1012.3052
OM,2016-01-31,1011.8297
OM,2016-02-29,1019.3472
OM,2016-03-31,
OM,2016-04-30,
OM,2016-05-31,
OM,2016-06-30,
OM,2016-07-31,
OM,2016-08-31,
OM,2016-09-30,
OM,2016-10-31,
OM,2016-11-30,
OM,2016-12-31,
OM,2017-01-31,
OM,2017-02-28,
OM,2017-03-31,
OM,2017-04-30,
OM,2017-05-31,
OM,2017-06-30,
OM,2017-07-31,
OM,2017-08-31,
OM,2017-09-30,
OM,2017-10-31,
OM,2017-11-30,
OM,2017-12-31,
OM,2018-01-31,
OM,2018-02-28,
OM,2018-03-31,
OM,2018-04-30,
OM,2018-05-31,
OM,2018-06-30,
OM,2018-07-31,
OM,2018-08-31,
OM,2018-09-30,
OM,2018-10-31,
OM,2018-11-30,
OM,2018-12-31,
OM,2019-01-31,
OM,2019-02-28,
OM,2019-03-31,
OM,2019-04-30,
OM,2019-05-31,
OM,2019-06-30,
OM,2019-07-31,
OM,2019-08-31,
OM,2019-09-30,
OM,2019-10-31,
OM,2019-11-30,
OM,2019-12-31,
OM,2020-01-31,
OM,2020-02-29,
OM,2020-03-31,
OM,2020-04-30,
OM,2020-05-31,
OM,2020-06-30,
OM,2020-07-31,
OM,2020-08-31,
OM,2020-09-30,
OM,2020-10-31,
OM,2020-11-30,
OM,2020-12-31,
OM,2021-01-31,
OM,2021-02-28,
OM,2021-03-31,
OM,2021-04-30,
OM,2021-05-31,
OM,2021-06-30,
OM,2021-07-31,
OM,2021-08-31,
OM,2021-09-30,
OM,2021-10-31,
OM,2021-11-30,
OM,2021-12-31,
OM,2022-01-31,
OM,2022-02-28,
OM,2022-03-31,
OM,2022-04-30,
OM,2022-05-31,
OM,2022-06-30,
OM,2022-07-31,
OM,2022-08-31,
OM,2022-09-30,
OM,2022-10-31,
OM,2022-11-30,
OM,2022-12-31,
OM,2023-01-31,
OM,2023-02-28,
OM,2023-03-31,
OM,2023-04-30,
OM,2023-05-31,
OM,2023-06-30,
OM,2023-07-31,
OM,2023-08-31,
OM,2023-09-30,
OM,2023-10-31,
OM,2023-11-30,
OM,2023-12-31,
OM,2024-01-31,
OM,2024-02-29,
OM,2024-03-31,
OM,2024-04-30,
OM,2024-05-31,
OM,2024-06-30,
OM,2024-07-31,
OM,2024-08-31,
OM,2024-09-30,
OM,2024-10-31,
OM,2024-11-30,
OM,2024-12-31,
OM,2025-01-31,
OM,2025-02-28,
OM,2025-03-31,
PA,2002-01-31,0.0
PA,2002-02-28,0.0
PA,2002-03-31,0.0
PA,2002-04-30,0.0
PA,2002-05-31,0.0
PA,2002-06-30,0.0
PA,2002-07-31,0.0
PA,2002-08-31,0.0
PA,2002-09-30,0.0
PA,2002-10-31,0.0
PA,2002-11-30,0.0
PA,2002-12-31,0.0
PA,2003-01-31,0.0
PA,2003-02-28,0.0
PA,2003-03-31,0.0
PA,2003-04-30,0.0
PA,2003-05-31,0.0
PA,2003-06-30,0.0
PA,2003-07-31,0.0
PA,2003-08-31,0.0
PA,2003-09-30,0.0
PA,2003-10-31,0.0
PA,2003-11-30,0.0
PA,2003-12-31,0.0
PA,2004-01-31,0.0
PA,2004-02-29,0.0
PA,2004-03-31,0.0
PA,2004-04-30,0.0
PA,2004-05-31,0.0
PA,2004-06-30,0.0
PA,2004-07-31,0.0
PA,2004-08-31,0.0
PA,2004-09-30,0.0
PA,2004-10-31,0.0
PA,2004-11-30,0.0
PA,2004-12-31,0.0
PA,2005-01-31,0.0
PA,2005-02-28,0.0
PA,2005-03-31,0.0
PA,2005-04-30,0.0
PA,2005-05-31,0.0
PA,2005-06-30,0.0
PA,2005-07-31,0.0
PA,2005-08-31,0.0
PA,2005-09-30,0.0
PA,2005-10-31,0.0
PA,2005-11-30,0.0
PA,2005-12-31,0.0
PA,2006-01-31,0.0
PA,2006-02-28,0.0
PA,2006-03-31,0.0
PA,2006-04-30,0.0
PA,2006-05-31,0.0
PA,2006-06-30,0.0
PA,2006-07-31,0.0
PA,2006-08-31,0.0
PA,2006-09-30,0.0
PA,2006-10-31,0.0
PA,2006-11-30,0.0
PA,2006-12-31,0.0
PA,2007-01-31,0.0
PA,2007-02-28,0.0
PA,2007-03-31,0.0
PA,2007-04-30,0.0
PA,2007-05-31,0.0
PA,2007-06-30,0.0
PA,2007-07-31,0.0
PA,2007-08-31,0.0
PA,2007-09-30,0.0
PA,2007-10-31,0.0
PA,2007-11-30,0.0
PA,2007-12-31,0.0
PA,2008-01-31,0.0
PA,2008-02-29,0.0
PA,2008-03-31,0.0
PA,2008-04-30,0.0
PA,2008-05-31,0.0
PA,2008-06-30,0.0
PA,2008-07-31,0.0
PA,2008-08-31,0.0
PA,2008-09-30,0.0
PA,2008-10-31,0.0
PA,2008-11-30,0.0
PA,2008-12-31,0.0
PA,2009-01-31,0.0
PA,2009-02-28,0.0
PA,2009-03-31,0.0
PA,2009-04-30,0.0
PA,2009-05-31,0.0
PA,2009-06-30,0.0
PA,2009-07-31,0.0
PA,2009-08-31,0.0
PA,2009-09-30,0.0
PA,2009-10-31,0.0
PA,2009-11-30,0.0
PA,2009-12-31,0.0
PA,2010-01-31,0.0
PA,2010-02-28,0.0
PA,2010-03-31,0.0
PA,2010-04-30,0.0
PA,2010-05-31,0.0
PA,2010-06-30,0.0
PA,2010-07-31,0.0
PA,2010-08-31,0.0
PA,2010-09-30,0.0
PA,2010-10-31,0.0
PA,2010-11-30,0.0
PA,2010-12-31,0.0
PA,2011-01-31,0.0
PA,2011-02-28,0.0
PA,2011-03-31,0.0
PA,2011-04-30,0.0
PA,2011-05-31,0.0
PA,2011-06-30,0.0
PA,2011-07-31,0.0
PA,2011-08-31,0.0
PA,2011-09-30,0.0
PA,2011-10-31,0.0
PA,2011-11-30,0.0
PA,2011-12-31,0.0
PA,2012-01-31,0.0
PA,2012-02-29,0.0
PA,2012-03-31,0.0
PA,2012-04-30,0.0
PA,2012-05-31,0.0
PA,2012-06-30,0.0
PA,2012-07-31,0.0
PA,2012-08-31,0.0
PA,2012-09-30,0.0
PA,2012-10-31,0.0
PA,2012-11-30,0.0
PA,2012-12-31,0.0
PA,2013-01-31,0.0
PA,2013-02-28,0.0
PA,2013-03-31,0.0
PA,2013-04-30,0.0
PA,2013-05-31,0.0
PA,2013-06-30,0.0
PA,2013-07-31,0.0
PA,2013-08-31,0.0
PA,2013-09-30,0.0
PA,2013-10-31,0.0
PA,2013-11-30,0.0
PA,2013-12-31,0.0
PA,2014-01-31,0.0
PA,2014-02-28,0.0
PA,2014-03-31,0.0
PA,2014-04-30,0.0
PA,2014-05-31,0.0
PA,2014-06-30,0.0
PA,2014-07-31,0.0
PA,2014-08-31,0.0
PA,2014-09-30,0.0
PA,2014-10-31,0.0
PA,2014-11-30,0.0
PA,2014-12-31,0.0
PA,2015-01-31,0.0
PA,2015-02-28,0.0
PA,2015-03-31,0.0
PA,2015-04-30,0.0
PA,2015-05-31,0.0
PA,2015-06-30,0.0
PA,2015-07-31,0.0
PA,2015-08-31,0.0
PA,2015-09-30,0.0
PA,2015-10-31,0.0
PA,2015-11-30,0.0
PA,2015-12-31,0.0
PA,2016-01-31,0.0
PA,2016-02-29,0.0
PA,2016-03-31,0.0
PA,2016-04-30,0.0
PA,2016-05-31,0.0
PA,2016-06-30,0.0
PA,2016-07-31,0.0
PA,2016-08-31,
PA,2016-09-30,
PA,2016-10-31,
PA,2016-11-30,
PA,2016-12-31,
PA,2017-01-31,
PA,2017-02-28,
PA,2017-03-31,
PA,2017-04-30,
PA,2017-05-31,
PA,2017-06-30,
PA,2017-07-31,
PA,2017-08-31,
PA,2017-09-30,
PA,2017-10-31,
PA,2017-11-30,
PA,2017-12-31,
PA,2018-01-31,
PA,2018-02-28,
PA,2018-03-31,
PA,2018-04-30,
PA,2018-05-31,
PA,2018-06-30,
PA,2018-07-31,
PA,2018-08-31,
PA,2018-09-30,
PA,2018-10-31,
PA,2018-11-30,
PA,2018-12-31,
PA,2019-01-31,
PA,2019-02-28,
PA,2019-03-31,
PA,2019-04-30,
PA,2019-05-31,
PA,2019-06-30,
PA,2019-07-31,
PA,2019-08-31,
PA,2019-09-30,
PA,2019-10-31,
PA,2019-11-30,
PA,2019-12-31,
PA,2020-01-31,
PA,2020-02-29,
PA,2020-03-31,
PA,2020-04-30,
PA,2020-05-31,
PA,2020-06-30,
PA,2020-07-31,
PA,2020-08-31,
PA,2020-09-30,
PA,2020-10-31,
PA,2020-11-30,
PA,2020-12-31,
PA,2021-01-31,
PA,2021-02-28,
PA,2021-03-31,
PA,2021-04-30,
PA,2021-05-31,
PA,2021-06-30,
PA,2021-07-31,
PA,2021-08-31,
PA,2021-09-30,
PA,2021-10-31,
PA,2021-11-30,
PA,2021-12-31,
PA,2022-01-31,
PA,2022-02-28,
PA,2022-03-31,
PA,2022-04-30,
PA,2022-05-31,
PA,2022-06-30,
PA,2022-07-31,
PA,2022-08-31,
PA,2022-09-30,
PA,2022-10-31,
PA,2022-11-30,
PA,2022-12-31,
PA,2023-01-31,
PA,2023-02-28,
PA,2023-03-31,
PA,2023-04-30,
PA,2023-05-31,
PA,2023-06-30,
PA,2023-07-31,
PA,2023-08-31,
PA,2023-09-30,
PA,2023-10-31,
PA,2023-11-30,
PA,2023-12-31,
PA,2024-01-31,
PA,2024-02-29,
PA,2024-03-31,
PA,2024-04-30,
PA,2024-05-31,
PA,2024-06-30,
PA,2024-07-31,
PA,2024-08-31,
PA,2024-09-30,
PA,2024-10-31,
PA,2024-11-30,
PA,2024-12-31,
PA,2025-01-31,
PE,2002-01-31,100.3871
PE,2002-02-28,100.1071
PE,2002-03-31,98.5806
PE,2002-04-30,95.7333
PE,2002-05-31,96.2581
PE,2002-06-30,95.3667
PE,2002-07-31,94.6129
PE,2002-08-31,96.1935
PE,2002-09-30,96.1
PE,2002-10-31,96.2903
PE,2002-11-30,97.1667
PE,2002-12-31,95.8387
PE,2003-01-31,93.129
PE,2003-02-28,91.8929
PE,2003-03-31,93.6452
PE,2003-04-30,94.5667
PE,2003-05-31,92.7742
PE,2003-06-30,94.8
PE,2003-07-31,90.2258
PE,2003-08-31,88.2581
PE,2003-09-30,89.8667
PE,2003-10-31,89.5484
PE,2003-11-30,86.0333
PE,2003-12-31,91.5161
PE,2004-01-31,87.2903
PE,2004-02-29,84.6207
PE,2004-03-31,84.2903
PE,2004-04-30,84.2667
PE,2004-05-31,83.5484
PE,2004-06-30,89.5333
PE,2004-07-31,89.6774
PE,2004-08-31,93.9032
PE,2004-09-30,105.2
PE,2004-10-31,112.3548
PE,2004-11-30,110.4667
PE,2004-12-31,104.0645
PE,2005-01-31,108.3548
PE,2005-02-28,114.5714
PE,2005-03-31,110.2581
PE,2005-04-30,115.5333
PE,2005-05-31,111.5806
PE,2005-06-30,116.7333
PE,2005-07-31,116.3871
PE,2005-08-31,114.7419
PE,2005-09-30,104.5333
PE,2005-10-31,112.1935
PE,2005-11-30,104.1
PE,2005-12-31,106.6774
PE,2006-01-31,74.0
PE,2006-02-28,75.2857
PE,2006-03-31,76.1935
PE,2006-04-30,77.0667
PE,2006-05-31,76.9677
PE,2006-06-30,80.9
PE,2006-07-31,81.0968
PE,2006-08-31,82.2903
PE,2006-09-30,77.6667
PE,2006-10-31,66.871
PE,2006-11-30,80.8333
PE,2006-12-31,81.6774
PE,2007-01-31,79.5806
PE,2007-02-28,79.3571
PE,2007-03-31,72.6129
PE,2007-04-30,78.6
PE,2007-05-31,78.9032
PE,2007-06-30,77.4333
PE,2007-07-31,76.3871
PE,2007-08-31,76.0645
PE,2007-09-30,76.1
PE,2007-10-31,75.871
PE,2007-11-30,75.2
PE,2007-12-31,78.4516
PE,2008-01-31,77.1935
PE,2008-02-29,76.6897
PE,2008-03-31,68.1613
PE,2008-04-30,74.8667
PE,2008-05-31,73.2581
PE,2008-06-30,75.0667
PE,2008-07-31,80.5484
PE,2008-08-31,78.5161
PE,2008-09-30,76.9667
PE,2008-10-31,76.129
PE,2008-11-30,82.1
PE,2008-12-31,79.4839
PE,2009-01-31,79.8065
PE,2009-02-28,72.9286
PE,2009-03-31,74.4194
PE,2009-04-30,134.8
PE,2009-05-31,137.3871
PE,2009-06-30,135.6333
PE,2009-07-31,147.7419
PE,2009-08-31,147.2258
PE,2009-09-30,150.4333
PE,2009-10-31,148.9032
PE,2009-11-30,152.7
PE,2009-12-31,152.9677
PE,2010-01-31,153.4516
PE,2010-02-28,160.5357
PE,2010-03-31,155.7097
PE,2010-04-30,153.5667
PE,2010-05-31,154.2903
PE,2010-06-30,155.3333
PE,2010-07-31,157.0
PE,2010-08-31,157.6129
PE,2010-09-30,162.4333
PE,2010-10-31,159.7097
PE,2010-11-30,155.7333
PE,2010-12-31,158.4194
PE,2011-01-31,156.129
PE,2011-02-28,155.1786
PE,2011-03-31,157.6452
PE,2011-04-30,152.8
PE,2011-05-31,153.9355
PE,2011-06-30,154.6667
PE,2011-07-31,152.6452
PE,2011-08-31,149.871
PE,2011-09-30,151.5667
PE,2011-10-31,150.6774
PE,2011-11-30,148.3667
PE,2011-12-31,149.0968
PE,2012-01-31,135.6452
PE,2012-02-29,149.6207
PE,2012-03-31,148.5806
PE,2012-04-30,141.0
PE,2012-05-31,147.0645
PE,2012-06-30,148.0333
PE,2012-07-31,150.129
PE,2012-08-31,155.9677
PE,2012-09-30,162.7333
PE,2012-10-31,167.7742
PE,2012-11-30,164.7667
PE,2012-12-31,164.4516
PE,2013-01-31,62.3548
PE,2013-02-28,63.9643
PE,2013-03-31,62.2581
PE,2013-04-30,62.9333
PE,2013-05-31,63.8387
PE,2013-06-30,64.2667
PE,2013-07-31,62.1935
PE,2013-08-31,61.3548
PE,2013-09-30,62.9333
PE,2013-10-31,58.1935
PE,2013-11-30,64.0333
PE,2013-12-31,66.5806
PE,2014-01-31,64.1613
PE,2014-02-28,70.4643
PE,2014-03-31,73.5161
PE,2014-04-30,67.3667
PE,2014-05-31,69.3548
PE,2014-06-30,72.0333
PE,2014-07-31,68.3226
PE,2014-08-31,68.5484
PE,2014-09-30,69.6
PE,2014-10-31,71.5161
PE,2014-11-30,69.9
PE,2014-12-31,67.0
PE,2015-01-31,62.2903
PE,2015-02-28,55.6071
PE,2015-03-31,61.6452
PE,2015-04-30,58.2667
PE,2015-05-31,59.0645
PE,2015-06-30,55.1
PE,2015-07-31,55.7742
PE,2015-08-31,60.7419
PE,2015-09-30,54.7333
PE,2015-10-31,56.4516
PE,2015-11-30,56.8
PE,2015-12-31,59.129
PE,2016-01-31,51.2581
PE,2016-02-29,46.5862
PE,2016-03-31,39.3548
PE,2016-04-30,40.3667
PE,2016-05-31,42.9355
PE,2016-06-30,36.8667
PE,2016-07-31,42.3548
PE,2016-08-31,41.3226
PE,2016-09-30,34.6667
PE,2016-10-31,35.1613
PE,2016-11-30,35.1667
PE,2016-12-31,38.2903
PE,2017-01-31,39.0645
PE,2017-02-28,40.6786
PE,2017-03-31,42.8065
PE,2017-04-30,43.2333
PE,2017-05-31,41.5806
PE,2017-06-30,44.2667
PE,2017-07-31,45.9032
PE,2017-08-31,49.3226
PE,2017-09-30,43.3
PE,2017-10-31,40.7419
PE,2017-11-30,43.3667
PE,2017-12-31,48.1935
PE,2018-01-31,48.6774
PE,2018-02-28,50.25
PE,2018-03-31,51.9677
PE,2018-04-30,49.9667
PE,2018-05-31,52.1935
PE,2018-06-30,41.5333
PE,2018-07-31,42.871
PE,2018-08-31,44.129
PE,2018-09-30,52.0333
PE,2018-10-31,55.9355
PE,2018-11-30,43.3667
PE,2018-12-31,48.1935
PE,2019-01-31,37.9355
PE,2019-02-28,47.1071
PE,2019-03-31,51.3548
PE,2019-04-30,53.7667
PE,2019-05-31,56.5806
PE,2019-06-30,50.0
PE,2019-07-31,43.9032
PE,2019-08-31,56.3548
PE,2019-09-30,59.1667
PE,2019-10-31,56.0323
PE,2019-11-30,63.7333
PE,2019-12-31,59.7419
PE,2020-01-31,59.8065
PE,2020-02-29,61.1724
PE,2020-03-31,50.5484
PE,2020-04-30,45.8
PE,2020-05-31,31.5484
PE,2020-06-30,29.9333
PE,2020-07-31,34.7419
PE,2020-08-31,31.2258
PE,2020-09-30,29.1667
PE,2020-10-31,37.8387
PE,2020-11-30,33.5
PE,2020-12-31,31.6129
PE,2021-01-31,35.3871
PE,2021-02-28,35.0357
PE,2021-03-31,34.8387
PE,2021-04-30,36.4667
PE,2021-05-31,41.129
PE,2021-06-30,38.8667
PE,2021-07-31,38.9032
PE,2021-08-31,37.7097
PE,2021-09-30,41.3
PE,2021-10-31,44.2903
PE,2021-11-30,37.9333
PE,2021-12-31,38.6129
PE,2022-01-31,42.5161
PE,2022-02-28,49.25
PE,2022-03-31,28.9677
PE,2022-04-30,41.9
PE,2022-05-31,45.3871
PE,2022-06-30,45.8
PE,2022-07-31,39.871
PE,2022-08-31,43.0323
PE,2022-09-30,39.2667
PE,2022-10-31,33.3871
PE,2022-11-30,37.8667
PE,2022-12-31,40.1613
PE,2023-01-31,42.5161
PE,2023-02-28,33.0357
PE,2023-03-31,43.5806
PE,2023-04-30,42.5667
PE,2023-05-31,41.6452
PE,2023-06-30,41.2667
PE,2023-07-31,37.0
PE,2023-08-31,37.6452
PE,2023-09-30,34.3333
PE,2023-10-31,36.6452
PE,2023-11-30,36.2667
PE,2023-12-31,44.3548
PE,2024-01-31,43.0323
PE,2024-02-29,41.069
PE,2024-03-31,41.0
PE,2024-04-30,40.7
PE,2024-05-31,37.7419
PE,2024-06-30,41.8667
PE,2024-07-31,42.1613
PE,2024-08-31,
PE,2024-09-30,
PE,2024-10-31,
PE,2024-11-30,
PE,2024-12-31,
PE,2025-01-31,
PE,2025-02-28,
PE,2025-03-31,
PG,2002-01-31,51.7419
PG,2002-02-28,64.5
PG,2002-03-31,52.2581
PG,2002-04-30,52.2667
PG,2002-05-31,47.9677
PG,2002-06-30,46.7667
PG,2002-07-31,39.7097
PG,2002-08-31,43.7419
PG,2002-09-30,46.1
PG,2002-10-31,45.7742
PG,2002-11-30,44.4333
PG,2002-12-31,45.0
PG,2003-01-31,47.2903
PG,2003-02-28,50.7857
PG,2003-03-31,52.7742
PG,2003-04-30,51.5333
PG,2003-05-31,45.3548
PG,2003-06-30,47.9
PG,2003-07-31,52.1935
PG,2003-08-31,48.3871
PG,2003-09-30,49.9333
PG,2003-10-31,47.6774
PG,2003-11-30,44.8667
PG,2003-12-31,46.871
PG,2004-01-31,44.8065
PG,2004-02-29,45.0345
PG,2004-03-31,44.4516
PG,2004-04-30,44.1667
PG,2004-05-31,41.6452
PG,2004-06-30,40.0
PG,2004-07-31,41.4839
PG,2004-08-31,33.871
PG,2004-09-30,42.2667
PG,2004-10-31,43.5161
PG,2004-11-30,40.6
PG,2004-12-31,43.871
PG,2005-01-31,44.0968
PG,2005-02-28,21.7143
PG,2005-03-31,38.6774
PG,2005-04-30,48.0
PG,2005-05-31,52.0645
PG,2005-06-30,62.9667
PG,2005-07-31,57.7419
PG,2005-08-31,64.4516
PG,2005-09-30,64.4333
PG,2005-10-31,62.9355
PG,2005-11-30,63.9
PG,2005-12-31,61.129
PG,2006-01-31,53.4839
PG,2006-02-28,55.2143
PG,2006-03-31,51.8387
PG,2006-04-30,56.8667
PG,2006-05-31,45.2903
PG,2006-06-30,40.6333
PG,2006-07-31,48.0
PG,2006-08-31,23.129
PG,2006-09-30,55.1
PG,2006-10-31,49.3871
PG,2006-11-30,54.0333
PG,2006-12-31,51.0
PG,2007-01-31,50.1935
PG,2007-02-28,40.5357
PG,2007-03-31,55.5161
PG,2007-04-30,53.3667
PG,2007-05-31,53.0968
PG,2007-06-30,51.4333
PG,2007-07-31,52.871
PG,2007-08-31,54.8065
PG,2007-09-30,7.5333
PG,2007-10-31,18.3548
PG,2007-11-30,17.2333
PG,2007-12-31,5.8065
PG,2008-01-31,45.7419
PG,2008-02-29,36.931
PG,2008-03-31,42.0
PG,2008-04-30,41.5667
PG,2008-05-31,40.6129
PG,2008-06-30,40.5667
PG,2008-07-31,41.0645
PG,2008-08-31,40.5484
PG,2008-09-30,42.2333
PG,2008-10-31,39.9032
PG,2008-11-30,40.6333
PG,2008-12-31,41.8387
PG,2009-01-31,39.7742
PG,2009-02-28,30.0714
PG,2009-03-31,37.3226
PG,2009-04-30,33.0667
PG,2009-05-31,35.3548
PG,2009-06-30,37.6333
PG,2009-07-31,39.2581
PG,2009-08-31,37.7419
PG,2009-09-30,54.0333
PG,2009-10-31,42.6774
PG,2009-11-30,43.9667
PG,2009-12-31,42.7097
PG,2010-01-31,37.5806
PG,2010-02-28,23.8929
PG,2010-03-31,21.6452
PG,2010-04-30,
PG,2010-05-31,
PG,2010-06-30,
PG,2010-07-31,
PG,2010-08-31,
PG,2010-09-30,
PG,2010-10-31,
PG,2010-11-30,
PG,2010-12-31,
PG,2011-01-31,
PG,2011-02-28,
PG,2011-03-31,
PG,2011-04-30,
PG,2011-05-31,
PG,2011-06-30,
PG,2011-07-31,
PG,2011-08-31,
PG,2011-09-30,
PG,2011-10-31,
PG,2011-11-30,
PG,2011-12-31,
PG,2012-01-31,0.0
PG,2012-02-29,
PG,2012-03-31,
PG,2012-04-30,
PG,2012-05-31,
PG,2012-06-30,
PG,2012-07-31,
PG,2012-08-31,
PG,2012-09-30,
PG,2012-10-31,
PG,2012-11-30,
PG,2012-12-31,
PG,2013-01-31,29.6129
PG,2013-02-28,27.3214
PG,2013-03-31,27.0645
PG,2013-04-30,56.5
PG,2013-05-31,27.8387
PG,2013-06-30,33.7333
PG,2013-07-31,18.9032
PG,2013-08-31,19.0968
PG,2013-09-30,17.0
PG,2013-10-31,15.9355
PG,2013-11-30,15.5333
PG,2013-12-31,16.3548
PG,2014-01-31,33.129
PG,2014-02-28,31.4286
PG,2014-03-31,23.4516
PG,2014-04-30,31.5333
PG,2014-05-31,30.5161
PG,2014-06-30,32.2
PG,2014-07-31,
PG,2014-08-31,
PG,2014-09-30,
PG,2014-10-31,
PG,2014-11-30,
PG,2014-12-31,
PG,2015-01-31,
PG,2015-02-28,
PG,2015-03-31,
PG,2015-04-30,
PG,2015-05-31,
PG,2015-06-30,
PG,2015-07-31,
PG,2015-08-31,
PG,2015-09-30,
PG,2015-10-31,0.0
PG,2015-11-30,0.0
PG,2015-12-31,0.0
PG,2016-01-31,0.0
PG,2016-02-29,0.0
PG,2016-03-31,0.0
PG,2016-04-30,0.0
PG,2016-05-31,0.0
PG,2016-06-30,0.0
PG,2016-07-31,0.0
PG,2016-08-31,0.0
PG,2016-09-30,0.0
PG,2016-10-31,0.0
PG,2016-11-30,0.0
PG,2016-12-31,0.0
PG,2017-01-31,0.0
PG,2017-02-28,0.0
PG,2017-03-31,0.0
PG,2017-04-30,0.0
PG,2017-05-31,0.0
PG,2017-06-30,0.0
PG,2017-07-31,0.0
PG,2017-08-31,0.0
PG,2017-09-30,0.0
PG,2017-10-31,0.0
PG,2017-11-30,0.0
PG,2017-12-31,0.0
PG,2018-01-31,0.0
PG,2018-02-28,0.0
PG,2018-03-31,0.0
PG,2018-04-30,0.0
PG,2018-05-31,0.0
PG,2018-06-30,0.0
PG,2018-07-31,0.0
PG,2018-08-31,0.0
PG,2018-09-30,0.0
PG,2018-10-31,0.0
PG,2018-11-30,0.0
PG,2018-12-31,0.0
PG,2019-01-31,0.0
PG,2019-02-28,0.0
PG,2019-03-31,0.0
PG,2019-04-30,0.0
PG,2019-05-31,0.0
PG,2019-06-30,0.0
PG,2019-07-31,0.0
PG,2019-08-31,0.0
PG,2019-09-30,0.0
PG,2019-10-31,0.0
PG,2019-11-30,0.0
PG,2019-12-31,0.0
PG,2020-01-31,0.0
PG,2020-02-29,0.0
PG,2020-03-31,0.0
PG,2020-04-30,
PG,2020-05-31,0.0
PG,2020-06-30,0.0
PG,2020-07-31,0.0
PG,2020-08-31,0.0
PG,2020-09-30,
PG,2020-10-31,0.0
PG,2020-11-30,0.0
PG,2020-12-31,0.0
PG,2021-01-31,0.0
PG,2021-02-28,0.0
PG,2021-03-31,0.0
PG,2021-04-30,0.0
PG,2021-05-31,0.0
PG,2021-06-30,0.0
PG,2021-07-31,0.0
PG,2021-08-31,
PG,2021-09-30,
PG,2021-10-31,
PG,2021-11-30,
PG,2021-12-31,
PG,2022-01-31,0.0
PG,2022-02-28,0.0
PG,2022-03-31,0.0
PG,2022-04-30,0.0
PG,2022-05-31,0.0
PG,2022-06-30,0.0
PG,2022-07-31,
PG,2022-08-31,0.0
PG,2022-09-30,0.0
PG,2022-10-31,
PG,2022-11-30,
PG,2022-12-31,
PG,2023-01-31,
PG,2023-02-28,
PG,2023-03-31,18.3548
PG,2023-04-30,28.0
PG,2023-05-31,23.8387
PG,2023-06-30,17.1333
PG,2023-07-31,9.0
PG,2023-08-31,
PG,2023-09-30,
PG,2023-10-31,7.4516
PG,2023-11-30,
PG,2023-12-31,
PG,2024-01-31,
PG,2024-02-29,
PG,2024-03-31,
PG,2024-04-30,
PG,2024-05-31,
PG,2024-06-30,0.0
PG,2024-07-31,
PG,2024-08-31,
PG,2024-09-30,
PG,2024-10-31,
PG,2024-11-30,
PG,2024-12-31,
PG,2025-01-31,
PG,2025-02-28,
PG,2025-03-31,
PH,2002-01-31,16.9355
PH,2002-02-28,21.6429
PH,2002-03-31,14.9355
PH,2002-04-30,8.9
PH,2002-05-31,0.7097
PH,2002-06-30,0.5333
PH,2002-07-31,0.7419
PH,2002-08-31,0.3226
PH,2002-09-30,0.6333
PH,2002-10-31,0.7742
PH,2002-11-30,0.8333
PH,2002-12-31,0.7419
PH,2003-01-31,9.9032
PH,2003-02-28,11.3214
PH,2003-03-31,10.4194
PH,2003-04-30,16.6
PH,2003-05-31,9.9677
PH,2003-06-30,20.1333
PH,2003-07-31,9.871
PH,2003-08-31,19.2581
PH,2003-09-30,10.4333
PH,2003-10-31,8.4839
PH,2003-11-30,20.9333
PH,2003-12-31,10.0645
PH,2004-01-31,14.5484
PH,2004-02-29,10.4138
PH,2004-03-31,15.6774
PH,2004-04-30,20.9333
PH,2004-05-31,9.6452
PH,2004-06-30,10.8667
PH,2004-07-31,16.0968
PH,2004-08-31,10.5806
PH,2004-09-30,10.9
PH,2004-10-31,10.0645
PH,2004-11-30,10.8333
PH,2004-12-31,9.7742
PH,2005-01-31,10.5484
PH,2005-02-28,22.3929
PH,2005-03-31,9.1613
PH,2005-04-30,21.3333
PH,2005-05-31,20.0
PH,2005-06-30,10.6
PH,2005-07-31,20.3871
PH,2005-08-31,10.5806
PH,2005-09-30,20.3667
PH,2005-10-31,10.8065
PH,2005-11-30,21.4
PH,2005-12-31,17.7742
PH,2006-01-31,20.0323
PH,2006-02-28,11.3571
PH,2006-03-31,18.9355
PH,2006-04-30,10.5
PH,2006-05-31,20.2903
PH,2006-06-30,11.7667
PH,2006-07-31,10.6129
PH,2006-08-31,16.9032
PH,2006-09-30,21.7333
PH,2006-10-31,10.1935
PH,2006-11-30,11.2333
PH,2006-12-31,10.1613
PH,2007-01-31,21.0968
PH,2007-02-28,22.1429
PH,2007-03-31,10.9677
PH,2007-04-30,20.9
PH,2007-05-31,10.4839
PH,2007-06-30,21.7667
PH,2007-07-31,20.5484
PH,2007-08-31,9.5484
PH,2007-09-30,20.7667
PH,2007-10-31,10.9355
PH,2007-11-30,20.3333
PH,2007-12-31,17.0
PH,2008-01-31,20.7097
PH,2008-02-29,10.6207
PH,2008-03-31,20.9677
PH,2008-04-30,11.1667
PH,2008-05-31,20.2903
PH,2008-06-30,19.6333
PH,2008-07-31,9.9355
PH,2008-08-31,19.3871
PH,2008-09-30,10.8
PH,2008-10-31,21.3226
PH,2008-11-30,20.8333
PH,2008-12-31,10.5484
PH,2009-01-31,19.2903
PH,2009-02-28,12.0357
PH,2009-03-31,16.2581
PH,2009-04-30,32.5667
PH,2009-05-31,20.8065
PH,2009-06-30,31.8667
PH,2009-07-31,10.0
PH,2009-08-31,20.4516
PH,2009-09-30,22.1667
PH,2009-10-31,20.2258
PH,2009-11-30,22.0667
PH,2009-12-31,20.1935
PH,2010-01-31,32.2903
PH,2010-02-28,12.3571
PH,2010-03-31,9.9355
PH,2010-04-30,21.6333
PH,2010-05-31,29.8387
PH,2010-06-30,23.0
PH,2010-07-31,19.5484
PH,2010-08-31,21.871
PH,2010-09-30,32.9667
PH,2010-10-31,10.1613
PH,2010-11-30,28.7
PH,2010-12-31,10.5161
PH,2011-01-31,21.871
PH,2011-02-28,23.5714
PH,2011-03-31,21.0968
PH,2011-04-30,21.8333
PH,2011-05-31,19.7097
PH,2011-06-30,22.2333
PH,2011-07-31,19.4194
PH,2011-08-31,20.5806
PH,2011-09-30,20.8333
PH,2011-10-31,20.8065
PH,2011-11-30,22.7333
PH,2011-12-31,20.3226
PH,2012-01-31,9.9355
PH,2012-02-29,11.3448
PH,2012-03-31,9.6774
PH,2012-04-30,21.0
PH,2012-05-31,20.6774
PH,2012-06-30,10.7667
PH,2012-07-31,10.1613
PH,2012-08-31,22.5806
PH,2012-09-30,9.5
PH,2012-10-31,20.6452
PH,2012-11-30,10.2
PH,2012-12-31,21.1935
PH,2013-01-31,10.0
PH,2013-02-28,11.4643
PH,2013-03-31,10.3548
PH,2013-04-30,21.2667
PH,2013-05-31,20.9355
PH,2013-06-30,9.0
PH,2013-07-31,18.6774
PH,2013-08-31,12.4194
PH,2013-09-30,0.4667
PH,2013-10-31,9.6129
PH,2013-11-30,22.2667
PH,2013-12-31,18.4194
PH,2014-01-31,48.4839
PH,2014-02-28,10.3571
PH,2014-03-31,19.0323
PH,2014-04-30,20.7
PH,2014-05-31,10.3871
PH,2014-06-30,11.2667
PH,2014-07-31,9.5806
PH,2014-08-31,11.1935
PH,2014-09-30,11.0333
PH,2014-10-31,0.4839
PH,2014-11-30,11.8
PH,2014-12-31,11.2581
PH,2015-01-31,11.0
PH,2015-02-28,14.9643
PH,2015-03-31,0.9355
PH,2015-04-30,8.7333
PH,2015-05-31,0.4194
PH,2015-06-30,31.0667
PH,2015-07-31,0.0
PH,2015-08-31,11.2258
PH,2015-09-30,0.2667
PH,2015-10-31,21.3226
PH,2015-11-30,0.4667
PH,2015-12-31,12.8387
PH,2016-01-31,0.4194
PH,2016-02-29,10.4483
PH,2016-03-31,10.129
PH,2016-04-30,12.6333
PH,2016-05-31,7.129
PH,2016-06-30,10.4667
PH,2016-07-31,0.4516
PH,2016-08-31,9.0645
PH,2016-09-30,9.6
PH,2016-10-31,9.3548
PH,2016-11-30,9.0333
PH,2016-12-31,20.0
PH,2017-01-31,20.129
PH,2017-02-28,0.0
PH,2017-03-31,9.5806
PH,2017-04-30,22.2667
PH,2017-05-31,0.4516
PH,2017-06-30,10.0667
PH,2017-07-31,10.129
PH,2017-08-31,10.6452
PH,2017-09-30,20.7333
PH,2017-10-31,31.4516
PH,2017-11-30,10.8
PH,2017-12-31,10.4194
PH,2018-01-31,20.9677
PH,2018-02-28,10.0
PH,2018-03-31,8.6452
PH,2018-04-30,0.0
PH,2018-05-31,31.6774
PH,2018-06-30,10.0
PH,2018-07-31,10.8387
PH,2018-08-31,12.129
PH,2018-09-30,10.2333
PH,2018-10-31,10.4839
PH,2018-11-30,9.1667
PH,2018-12-31,10.5484
PH,2019-01-31,13.7097
PH,2019-02-28,13.3571
PH,2019-03-31,14.0
PH,2019-04-30,14.4667
PH,2019-05-31,14.2258
PH,2019-06-30,14.6
PH,2019-07-31,13.3871
PH,2019-08-31,11.0
PH,2019-09-30,12.5333
PH,2019-10-31,11.129
PH,2019-11-30,12.5333
PH,2019-12-31,12.0968
PH,2020-01-31,11.7097
PH,2020-02-29,12.6207
PH,2020-03-31,11.9355
PH,2020-04-30,11.8
PH,2020-05-31,13.0645
PH,2020-06-30,11.3667
PH,2020-07-31,11.7097
PH,2020-08-31,10.5806
PH,2020-09-30,10.9333
PH,2020-10-31,10.0323
PH,2020-11-30,10.5667
PH,2020-12-31,10.4194
PH,2021-01-31,11.1613
PH,2021-02-28,9.7857
PH,2021-03-31,11.4194
PH,2021-04-30,11.1333
PH,2021-05-31,11.1613
PH,2021-06-30,10.9333
PH,2021-07-31,10.0968
PH,2021-08-31,10.4839
PH,2021-09-30,9.7333
PH,2021-10-31,3.0968
PH,2021-11-30,8.7
PH,2021-12-31,9.6452
PH,2022-01-31,10.0323
PH,2022-02-28,9.3571
PH,2022-03-31,10.0968
PH,2022-04-30,9.3667
PH,2022-05-31,9.7097
PH,2022-06-30,9.1333
PH,2022-07-31,8.6774
PH,2022-08-31,7.7097
PH,2022-09-30,8.8667
PH,2022-10-31,7.4839
PH,2022-11-30,8.2
PH,2022-12-31,8.3226
PH,2023-01-31,7.1935
PH,2023-02-28,3.9643
PH,2023-03-31,5.8065
PH,2023-04-30,4.7
PH,2023-05-31,5.4839
PH,2023-06-30,0.7
PH,2023-07-31,8.0
PH,2023-08-31,7.6129
PH,2023-09-30,6.9
PH,2023-10-31,
PH,2023-11-30,
PH,2023-12-31,
PH,2024-01-31,5.1613
PH,2024-02-29,4.4828
PH,2024-03-31,6.4516
PH,2024-04-30,
PH,2024-05-31,
PH,2024-06-30,
PH,2024-07-31,
PH,2024-08-31,
PH,2024-09-30,
PH,2024-10-31,
PH,2024-11-30,
PH,2024-12-31,
PH,2025-01-31,
PH,2025-02-28,
PH,2025-03-31,
PL,2002-01-31,14.4235
PL,2002-02-28,14.66
PL,2002-03-31,14.4235
PL,2002-04-30,13.927
PL,2002-05-31,10.4039
PL,2002-06-30,12.461
PL,2002-07-31,14.1871
PL,2002-08-31,13.0048
PL,2002-09-30,13.927
PL,2002-10-31,13.2413
PL,2002-11-30,13.194
PL,2002-12-31,14.1871
PL,2003-01-31,14.1871
PL,2003-02-28,16.4925
PL,2003-03-31,12.2955
PL,2003-04-30,14.1713
PL,2003-05-31,9.6945
PL,2003-06-30,13.6827
PL,2003-07-31,13.2413
PL,2003-08-31,13.2413
PL,2003-09-30,16.6147
PL,2003-10-31,16.5516
PL,2003-11-30,17.592
PL,2003-12-31,16.7881
PL,2004-01-31,18.9161
PL,2004-02-29,18.4514
PL,2004-03-31,18.2068
PL,2004-04-30,16.126
PL,2004-05-31,12.5319
PL,2004-06-30,17.8363
PL,2004-07-31,17.4974
PL,2004-08-31,17.261
PL,2004-09-30,16.3703
PL,2004-10-31,16.0787
PL,2004-11-30,15.1487
PL,2004-12-31,17.261
PL,2005-01-31,17.4974
PL,2005-02-28,15.9689
PL,2005-03-31,7.33
PL,2005-04-30,18.0807
PL,2005-05-31,10.1674
PL,2005-06-30,16.6147
PL,2005-07-31,16.0787
PL,2005-08-31,22.2265
PL,2005-09-30,16.126
PL,2005-10-31,16.7881
PL,2005-11-30,17.1033
PL,2005-12-31,17.9703
PL,2006-01-31,16.5516
PL,2006-02-28,16.4925
PL,2006-03-31,16.7881
PL,2006-04-30,16.3703
PL,2006-05-31,8.9852
PL,2006-06-30,13.6827
PL,2006-07-31,16.5516
PL,2006-08-31,15.1329
PL,2006-09-30,15.393
PL,2006-10-31,14.1871
PL,2006-11-30,14.1713
PL,2006-12-31,14.8965
PL,2007-01-31,14.66
PL,2007-02-28,12.8275
PL,2007-03-31,13.9506
PL,2007-04-30,14.1713
PL,2007-05-31,5.6748
PL,2007-06-30,13.4383
PL,2007-07-31,13.7142
PL,2007-08-31,14.4235
PL,2007-09-30,14.4157
PL,2007-10-31,13.4777
PL,2007-11-30,14.66
PL,2007-12-31,15.6058
PL,2008-01-31,16.0787
PL,2008-02-29,16.4293
PL,2008-03-31,17.261
PL,2008-04-30,16.126
PL,2008-05-31,16.5516
PL,2008-06-30,6.8413
PL,2008-07-31,9.2216
PL,2008-08-31,13.2413
PL,2008-09-30,14.9043
PL,2008-10-31,14.8965
PL,2008-11-30,14.66
PL,2008-12-31,14.4235
PL,2009-01-31,14.1871
PL,2009-02-28,13.8746
PL,2009-03-31,13.4777
PL,2009-04-30,13.194
PL,2009-05-31,13.4777
PL,2009-06-30,13.6827
PL,2009-07-31,9.931
PL,2009-08-31,9.6945
PL,2009-09-30,10.7507
PL,2009-10-31,11.1132
PL,2009-11-30,10.995
PL,2009-12-31,14.66
PL,2010-01-31,18.2068
PL,2010-02-28,13.8746
PL,2010-03-31,13.2413
PL,2010-04-30,12.9497
PL,2010-05-31,6.1477
PL,2010-06-30,10.0177
PL,2010-07-31,13.4777
PL,2010-08-31,13.7142
PL,2010-09-30,13.6827
PL,2010-10-31,13.2413
PL,2010-11-30,13.6827
PL,2010-12-31,13.2413
PL,2011-01-31,13.0048
PL,2011-02-28,13.8746
PL,2011-03-31,13.4777
PL,2011-04-30,13.194
PL,2011-05-31,7.33
PL,2011-06-30,8.796
PL,2011-07-31,13.2413
PL,2011-08-31,13.2413
PL,2011-09-30,15.6373
PL,2011-10-31,13.4777
PL,2011-11-30,12.461
PL,2011-12-31,13.7142
PL,2012-01-31,14.4235
PL,2012-02-29,17.4403
PL,2012-03-31,15.8423
PL,2012-04-30,15.6373
PL,2012-05-31,9.2216
PL,2012-06-30,10.0177
PL,2012-07-31,13.7142
PL,2012-08-31,13.2413
PL,2012-09-30,13.194
PL,2012-10-31,13.4777
PL,2012-11-30,13.4383
PL,2012-12-31,14.8965
PL,2013-01-31,19.389
PL,2013-02-28,20.9429
PL,2013-03-31,15.3694
PL,2013-04-30,19.058
PL,2013-05-31,13.4777
PL,2013-06-30,21.99
PL,2013-07-31,20.8077
PL,2013-08-31,20.5713
PL,2013-09-30,19.3023
PL,2013-10-31,20.0984
PL,2013-11-30,21.0127
PL,2013-12-31,19.8619
PL,2014-01-31,20.0984
PL,2014-02-28,19.1104
PL,2014-03-31,20.5713
PL,2014-04-30,19.791
PL,2014-05-31,20.8077
PL,2014-06-30,13.6827
PL,2014-07-31,19.6255
PL,2014-08-31,14.8965
PL,2014-09-30,20.524
PL,2014-10-31,20.0984
PL,2014-11-30,20.0353
PL,2014-12-31,19.8619
PL,2015-01-31,19.389
PL,2015-02-28,19.3721
PL,2015-03-31,19.389
PL,2015-04-30,19.3023
PL,2015-05-31,12.7684
PL,2015-06-30,11.728
PL,2015-07-31,18.4432
PL,2015-08-31,19.389
PL,2015-09-30,19.3023
PL,2015-10-31,19.389
PL,2015-11-30,22.2343
PL,2015-12-31,22.9358
PL,2016-01-31,21.5171
PL,2016-02-29,21.2317
PL,2016-03-31,21.7535
PL,2016-04-30,21.7457
PL,2016-05-31,21.2806
PL,2016-06-30,13.6827
PL,2016-07-31,21.0442
PL,2016-08-31,21.0442
PL,2016-09-30,14.1713
PL,2016-10-31,20.3348
PL,2016-11-30,20.7683
PL,2016-12-31,21.7535
PL,2017-01-31,21.7535
PL,2017-02-28,22.2518
PL,2017-03-31,21.5171
PL,2017-04-30,21.5013
PL,2017-05-31,13.7142
PL,2017-06-30,13.4383
PL,2017-07-31,19.389
PL,2017-08-31,20.0984
PL,2017-09-30,21.5013
PL,2017-10-31,22.2265
PL,2017-11-30,21.7457
PL,2017-12-31,21.0442
PL,2018-01-31,20.8077
PL,2018-02-28,20.4193
PL,2018-03-31,20.8077
PL,2018-04-30,22.2343
PL,2018-05-31,20.5713
PL,2018-06-30,14.1713
PL,2018-07-31,21.5171
PL,2018-08-31,21.2806
PL,2018-09-30,17.592
PL,2018-10-31,21.99
PL,2018-11-30,21.257
PL,2018-12-31,20.8077
PL,2019-01-31,20.5713
PL,2019-02-28,21.4664
PL,2019-03-31,21.5171
PL,2019-04-30,21.0127
PL,2019-05-31,20.0984
PL,2019-06-30,12.2167
PL,2019-07-31,17.9703
PL,2019-08-31,23.8816
PL,2019-09-30,15.1487
PL,2019-10-31,20.0984
PL,2019-11-30,21.0127
PL,2019-12-31,18.9161
PL,2020-01-31,20.8077
PL,2020-02-29,19.9679
PL,2020-03-31,20.0984
PL,2020-04-30,19.791
PL,2020-05-31,19.389
PL,2020-06-30,14.66
PL,2020-07-31,19.6255
PL,2020-08-31,19.8619
PL,2020-09-30,13.194
PL,2020-10-31,19.1526
PL,2020-11-30,19.3023
PL,2020-12-31,19.389
PL,2021-01-31,18.9161
PL,2021-02-28,18.8486
PL,2021-03-31,18.9161
PL,2021-04-30,18.5693
PL,2021-05-31,18.6797
PL,2021-06-30,14.1713
PL,2021-07-31,19.1526
PL,2021-08-31,18.2068
PL,2021-09-30,12.2167
PL,2021-10-31,18.6797
PL,2021-11-30,18.8137
PL,2021-12-31,18.9161
PL,2022-01-31,17.9703
PL,2022-02-28,18.0632
PL,2022-03-31,17.9703
PL,2022-04-30,18.325
PL,2022-05-31,18.2068
PL,2022-06-30,13.6827
PL,2022-07-31,17.7339
PL,2022-08-31,17.7339
PL,2022-09-30,11.9723
PL,2022-10-31,18.2068
PL,2022-11-30,16.859
PL,2022-12-31,18.9161
PL,2023-01-31,18.9161
PL,2023-02-28,18.8486
PL,2023-03-31,18.6797
PL,2023-04-30,18.0807
PL,2023-05-31,17.261
PL,2023-06-30,14.9043
PL,2023-07-31,13.4777
PL,2023-08-31,15.8423
PL,2023-09-30,10.995
PL,2023-10-31,17.261
PL,2023-11-30,17.592
PL,2023-12-31,17.7339
PL,2024-01-31,17.7339
PL,2024-02-29,17.4403
PL,2024-03-31,17.4974
PL,2024-04-30,14.1713
PL,2024-05-31,16.7881
PL,2024-06-30,16.859
PL,2024-07-31,16.7881
PL,2024-08-31,11.1132
PL,2024-09-30,10.995
PL,2024-10-31,17.261
PL,2024-11-30,18.0807
PL,2024-12-31,18.4432
PL,2025-01-31,18.2068
PL,2025-02-28,17.8014
PL,2025-03-31,17.7339
PY,2002-01-31,0.0
PY,2002-02-28,0.0
PY,2002-03-31,0.0
PY,2002-04-30,0.0
PY,2002-05-31,0.0
PY,2002-06-30,0.0
PY,2002-07-31,0.0
PY,2002-08-31,0.0
PY,2002-09-30,0.0
PY,2002-10-31,0.0
PY,2002-11-30,0.0
PY,2002-12-31,0.0
PY,2003-01-31,0.0
PY,2003-02-28,0.0
PY,2003-03-31,0.0
PY,2003-04-30,0.0
PY,2003-05-31,0.0
PY,2003-06-30,0.0
PY,2003-07-31,0.0
PY,2003-08-31,0.0
PY,2003-09-30,0.0
PY,2003-10-31,0.0
PY,2003-11-30,0.0
PY,2003-12-31,0.0
PY,2004-01-31,0.0
PY,2004-02-29,0.0
PY,2004-03-31,0.0
PY,2004-04-30,0.0
PY,2004-05-31,0.0
PY,2004-06-30,0.0
PY,2004-07-31,0.0
PY,2004-08-31,0.0
PY,2004-09-30,0.0
PY,2004-10-31,0.0
PY,2004-11-30,0.0
PY,2004-12-31,0.0
PY,2005-01-31,0.0
PY,2005-02-28,0.0
PY,2005-03-31,0.0
PY,2005-04-30,0.0
PY,2005-05-31,0.0
PY,2005-06-30,0.0
PY,2005-07-31,0.0
PY,2005-08-31,0.0
PY,2005-09-30,0.0
PY,2005-10-31,0.0
PY,2005-11-30,0.0
PY,2005-12-31,0.0
PY,2006-01-31,0.0
PY,2006-02-28,0.0
PY,2006-03-31,0.0
PY,2006-04-30,0.0
PY,2006-05-31,0.0
PY,2006-06-30,0.0
PY,2006-07-31,0.0
PY,2006-08-31,0.0
PY,2006-09-30,0.0
PY,2006-10-31,0.0
PY,2006-11-30,0.0
PY,2006-12-31,0.0
PY,2007-01-31,0.0
PY,2007-02-28,0.0
PY,2007-03-31,0.0
PY,2007-04-30,0.0
PY,2007-05-31,0.0
PY,2007-06-30,0.0
PY,2007-07-31,0.0
PY,2007-08-31,0.0
PY,2007-09-30,0.0
PY,2007-10-31,0.0
PY,2007-11-30,0.0
PY,2007-12-31,0.0
PY,2008-01-31,0.0
PY,2008-02-29,0.0
PY,2008-03-31,0.0
PY,2008-04-30,0.0
PY,2008-05-31,0.0
PY,2008-06-30,0.0
PY,2008-07-31,0.0
PY,2008-08-31,0.0
PY,2008-09-30,0.0
PY,2008-10-31,0.0
PY,2008-11-30,0.0
PY,2008-12-31,0.0
PY,2009-01-31,0.0
PY,2009-02-28,0.0
PY,2009-03-31,0.0
PY,2009-04-30,0.0
PY,2009-05-31,0.0
PY,2009-06-30,0.0
PY,2009-07-31,0.0
PY,2009-08-31,0.0
PY,2009-09-30,0.0
PY,2009-10-31,0.0
PY,2009-11-30,0.0
PY,2009-12-31,0.0
PY,2010-01-31,0.0
PY,2010-02-28,0.0
PY,2010-03-31,0.0
PY,2010-04-30,0.0
PY,2010-05-31,0.0
PY,2010-06-30,0.0
PY,2010-07-31,0.0
PY,2010-08-31,0.0
PY,2010-09-30,0.0
PY,2010-10-31,0.0
PY,2010-11-30,0.0
PY,2010-12-31,0.0
PY,2011-01-31,0.0
PY,2011-02-28,0.0
PY,2011-03-31,0.0
PY,2011-04-30,0.0
PY,2011-05-31,0.0
PY,2011-06-30,0.0
PY,2011-07-31,0.0
PY,2011-08-31,0.0
PY,2011-09-30,0.0
PY,2011-10-31,0.0
PY,2011-11-30,0.0
PY,2011-12-31,0.0
PY,2012-01-31,0.0
PY,2012-02-29,0.0
PY,2012-03-31,0.0
PY,2012-04-30,0.0
PY,2012-05-31,0.0
PY,2012-06-30,0.0
PY,2012-07-31,0.0
PY,2012-08-31,0.0
PY,2012-09-30,0.0
PY,2012-10-31,0.0
PY,2012-11-30,0.0
PY,2012-12-31,0.0
PY,2013-01-31,0.0
PY,2013-02-28,0.0
PY,2013-03-31,0.0
PY,2013-04-30,0.0
PY,2013-05-31,0.0
PY,2013-06-30,0.0
PY,2013-07-31,0.0
PY,2013-08-31,0.0
PY,2013-09-30,0.0
PY,2013-10-31,0.0
PY,2013-11-30,0.0
PY,2013-12-31,0.0
PY,2014-01-31,0.0
PY,2014-02-28,0.0
PY,2014-03-31,0.0
PY,2014-04-30,0.0
PY,2014-05-31,0.0
PY,2014-06-30,0.0
PY,2014-07-31,0.0
PY,2014-08-31,0.0
PY,2014-09-30,0.0
PY,2014-10-31,0.0
PY,2014-11-30,0.0
PY,2014-12-31,0.0
PY,2015-01-31,0.0
PY,2015-02-28,0.0
PY,2015-03-31,0.0
PY,2015-04-30,0.0
PY,2015-05-31,0.0
PY,2015-06-30,0.0
PY,2015-07-31,0.0
PY,2015-08-31,0.0
PY,2015-09-30,0.0
PY,2015-10-31,0.0
PY,2015-11-30,0.0
PY,2015-12-31,0.0
PY,2016-01-31,0.0
PY,2016-02-29,0.0
PY,2016-03-31,0.0
PY,2016-04-30,0.0
PY,2016-05-31,0.0
PY,2016-06-30,0.0
PY,2016-07-31,0.0
PY,2016-08-31,
PY,2016-09-30,
PY,2016-10-31,
PY,2016-11-30,
PY,2016-12-31,
PY,2017-01-31,
PY,2017-02-28,
PY,2017-03-31,
PY,2017-04-30,
PY,2017-05-31,
PY,2017-06-30,
PY,2017-07-31,
PY,2017-08-31,
PY,2017-09-30,
PY,2017-10-31,
PY,2017-11-30,
PY,2017-12-31,
PY,2018-01-31,
PY,2018-02-28,
PY,2018-03-31,
PY,2018-04-30,
PY,2018-05-31,
PY,2018-06-30,
PY,2018-07-31,
PY,2018-08-31,
PY,2018-09-30,
PY,2018-10-31,
PY,2018-11-30,
PY,2018-12-31,
PY,2019-01-31,
PY,2019-02-28,
PY,2019-03-31,
PY,2019-04-30,
PY,2019-05-31,
PY,2019-06-30,
PY,2019-07-31,
PY,2019-08-31,
PY,2019-09-30,
PY,2019-10-31,
PY,2019-11-30,
PY,2019-12-31,
PY,2020-01-31,
PY,2020-02-29,
PY,2020-03-31,
PY,2020-04-30,
PY,2020-05-31,
PY,2020-06-30,
PY,2020-07-31,
PY,2020-08-31,
PY,2020-09-30,
PY,2020-10-31,
PY,2020-11-30,
PY,2020-12-31,
PY,2021-01-31,
PY,2021-02-28,
PY,2021-03-31,
PY,2021-04-30,
PY,2021-05-31,
PY,2021-06-30,
PY,2021-07-31,
PY,2021-08-31,
PY,2021-09-30,
PY,2021-10-31,
PY,2021-11-30,
PY,2021-12-31,
PY,2022-01-31,
PY,2022-02-28,
PY,2022-03-31,
PY,2022-04-30,
PY,2022-05-31,
PY,2022-06-30,
PY,2022-07-31,
PY,2022-08-31,
PY,2022-09-30,
PY,2022-10-31,
PY,2022-11-30,
PY,2022-12-31,
PY,2023-01-31,
PY,2023-02-28,
PY,2023-03-31,
PY,2023-04-30,
PY,2023-05-31,
PY,2023-06-30,
PY,2023-07-31,
PY,2023-08-31,
PY,2023-09-30,
PY,2023-10-31,
PY,2023-11-30,
PY,2023-12-31,
PY,2024-01-31,
PY,2024-02-29,
PY,2024-03-31,
PY,2024-04-30,
PY,2024-05-31,
PY,2024-06-30,
PY,2024-07-31,
PY,2024-08-31,
PY,2024-09-30,
PY,2024-10-31,
PY,2024-11-30,
PY,2024-12-31,
PY,2025-01-31,
QA,2002-01-31,569.0
QA,2002-02-28,568.0
QA,2002-03-31,565.0
QA,2002-04-30,568.0
QA,2002-05-31,565.0
QA,2002-06-30,568.0
QA,2002-07-31,566.0
QA,2002-08-31,568.0
QA,2002-09-30,569.0
QA,2002-10-31,567.0
QA,2002-11-30,572.0
QA,2002-12-31,579.0
QA,2003-01-31,601.0
QA,2003-02-28,661.0
QA,2003-03-31,768.0
QA,2003-04-30,765.0
QA,2003-05-31,719.0
QA,2003-06-30,665.0
QA,2003-07-31,661.0
QA,2003-08-31,671.0
QA,2003-09-30,658.0
QA,2003-10-31,662.0
QA,2003-11-30,642.0
QA,2003-12-31,638.0
QA,2004-01-31,638.0
QA,2004-02-29,716.0
QA,2004-03-31,733.0
QA,2004-04-30,719.0
QA,2004-05-31,765.0
QA,2004-06-30,782.0
QA,2004-07-31,772.0
QA,2004-08-31,785.0
QA,2004-09-30,781.0
QA,2004-10-31,778.0
QA,2004-11-30,788.0
QA,2004-12-31,806.0
QA,2005-01-31,768.0
QA,2005-02-28,759.0
QA,2005-03-31,741.0
QA,2005-04-30,745.0
QA,2005-05-31,749.0
QA,2005-06-30,764.0
QA,2005-07-31,710.0
QA,2005-08-31,743.0
QA,2005-09-30,806.0
QA,2005-10-31,798.0
QA,2005-11-30,798.0
QA,2005-12-31,809.0
QA,2006-01-31,812.0
QA,2006-02-28,815.0
QA,2006-03-31,810.0
QA,2006-04-30,814.0
QA,2006-05-31,808.0
QA,2006-06-30,818.0
QA,2006-07-31,820.0
QA,2006-08-31,826.0
QA,2006-09-30,830.0
QA,2006-10-31,805.0
QA,2006-11-30,812.0
QA,2006-12-31,815.0
QA,2007-01-31,810.0
QA,2007-02-28,897.0
QA,2007-03-31,784.0
QA,2007-04-30,784.0
QA,2007-05-31,789.0
QA,2007-06-30,784.0
QA,2007-07-31,786.0
QA,2007-08-31,820.0
QA,2007-09-30,788.0
QA,2007-10-31,786.0
QA,2007-11-30,791.0
QA,2007-12-31,792.0
QA,2008-01-31,864.0
QA,2008-02-29,862.0
QA,2008-03-31,852.0
QA,2008-04-30,833.0
QA,2008-05-31,876.0
QA,2008-06-30,857.0
QA,2008-07-31,864.0
QA,2008-08-31,857.0
QA,2008-09-30,846.0
QA,2008-10-31,832.0
QA,2008-11-30,790.0
QA,2008-12-31,780.0
QA,2009-01-31,731.0
QA,2009-02-28,733.0
QA,2009-03-31,735.0
QA,2009-04-30,737.0
QA,2009-05-31,732.0
QA,2009-06-30,730.0
QA,2009-07-31,739.0
QA,2009-08-31,741.0
QA,2009-09-30,728.0
QA,2009-10-31,724.0
QA,2009-11-30,735.0
QA,2009-12-31,732.0
QA,2010-01-31,738.0
QA,2010-02-28,736.0
QA,2010-03-31,734.0
QA,2010-04-30,737.0
QA,2010-05-31,732.0
QA,2010-06-30,735.0
QA,2010-07-31,738.0
QA,2010-08-31,736.0
QA,2010-09-30,734.0
QA,2010-10-31,710.0
QA,2010-11-30,733.0
QA,2010-12-31,736.0
QA,2011-01-31,732.0
QA,2011-02-28,732.0
QA,2011-03-31,730.0
QA,2011-04-30,730.0
QA,2011-05-31,731.0
QA,2011-06-30,755.0
QA,2011-07-31,731.0
QA,2011-08-31,731.0
QA,2011-09-30,730.0
QA,2011-10-31,730.0
QA,2011-11-30,731.0
QA,2011-12-31,738.0
QA,2012-01-31,742.0
QA,2012-02-29,750.0
QA,2012-03-31,743.0
QA,2012-04-30,733.0
QA,2012-05-31,732.0
QA,2012-06-30,746.0
QA,2012-07-31,719.0
QA,2012-08-31,723.0
QA,2012-09-30,735.0
QA,2012-10-31,725.0
QA,2012-11-30,730.0
QA,2012-12-31,726.0
QA,2013-01-31,728.0
QA,2013-02-28,738.0
QA,2013-03-31,720.0
QA,2013-04-30,727.0
QA,2013-05-31,723.0
QA,2013-06-30,721.0
QA,2013-07-31,722.0
QA,2013-08-31,714.0
QA,2013-09-30,719.0
QA,2013-10-31,723.0
QA,2013-11-30,719.0
QA,2013-12-31,733.0
QA,2014-01-31,732.0
QA,2014-02-28,734.0
QA,2014-03-31,710.0
QA,2014-04-30,701.0
QA,2014-05-31,701.0
QA,2014-06-30,729.0
QA,2014-07-31,734.0
QA,2014-08-31,734.0
QA,2014-09-30,690.0
QA,2014-10-31,680.0
QA,2014-11-30,681.0
QA,2014-12-31,684.0
QA,2015-01-31,674.0
QA,2015-02-28,676.0
QA,2015-03-31,708.0
QA,2015-04-30,635.0
QA,2015-05-31,642.0
QA,2015-06-30,664.0
QA,2015-07-31,613.0
QA,2015-08-31,643.0
QA,2015-09-30,663.0
QA,2015-10-31,639.0
QA,2015-11-30,683.0
QA,2015-12-31,632.0
QA,2016-01-31,637.0
QA,2016-02-29,692.0
QA,2016-03-31,699.0
QA,2016-04-30,625.0
QA,2016-05-31,671.0
QA,2016-06-30,670.0
QA,2016-07-31,677.0
QA,2016-08-31,643.0
QA,2016-09-30,610.0
QA,2016-10-31,639.0
QA,2016-11-30,646.0
QA,2016-12-31,611.0
QA,2017-01-31,615.0
QA,2017-02-28,545.0
QA,2017-03-31,621.0
QA,2017-04-30,619.0
QA,2017-05-31,594.0
QA,2017-06-30,611.0
QA,2017-07-31,611.0
QA,2017-08-31,585.0
QA,2017-09-30,571.0
QA,2017-10-31,596.0
QA,2017-11-30,615.0
QA,2017-12-31,612.0
QA,2018-01-31,621.0
QA,2018-02-28,539.0
QA,2018-03-31,616.0
QA,2018-04-30,578.0
QA,2018-05-31,601.0
QA,2018-06-30,622.0
QA,2018-07-31,619.0
QA,2018-08-31,612.0
QA,2018-09-30,570.0
QA,2018-10-31,609.0
QA,2018-11-30,579.0
QA,2018-12-31,615.0
QA,2019-01-31,
QA,2019-02-28,
QA,2019-03-31,
QA,2019-04-30,
QA,2019-05-31,
QA,2019-06-30,
QA,2019-07-31,
QA,2019-08-31,
QA,2019-09-30,
QA,2019-10-31,
QA,2019-11-30,
QA,2019-12-31,
QA,2020-01-31,
QA,2020-02-29,
QA,2020-03-31,
QA,2020-04-30,
QA,2020-05-31,
QA,2020-06-30,
QA,2020-07-31,
QA,2020-08-31,
QA,2020-09-30,
QA,2020-10-31,
QA,2020-11-30,
QA,2020-12-31,
QA,2021-01-31,
QA,2021-02-28,
QA,2021-03-31,
QA,2021-04-30,
QA,2021-05-31,
QA,2021-06-30,
QA,2021-07-31,
QA,2021-08-31,
QA,2021-09-30,
QA,2021-10-31,
QA,2021-11-30,
QA,2021-12-31,
QA,2022-01-31,
QA,2022-02-28,
QA,2022-03-31,
QA,2022-04-30,
QA,2022-05-31,
QA,2022-06-30,
QA,2022-07-31,
QA,2022-08-31,
QA,2022-09-30,
QA,2022-10-31,
QA,2022-11-30,
QA,2022-12-31,
QA,2023-01-31,
QA,2023-02-28,
QA,2023-03-31,
QA,2023-04-30,
QA,2023-05-31,
QA,2023-06-30,
QA,2023-07-31,
QA,2023-08-31,
QA,2023-09-30,
QA,2023-10-31,
QA,2023-11-30,
QA,2023-12-31,
QA,2024-01-31,
QA,2024-02-29,
QA,2024-03-31,
QA,2024-04-30,
QA,2024-05-31,
QA,2024-06-30,
QA,2024-07-31,
QA,2024-08-31,
QA,2024-09-30,
QA,2024-10-31,
QA,2024-11-30,
QA,2024-12-31,
QA,2025-01-31,
QA,2025-02-28,
QA,2025-03-31,
RO,2002-01-31,
RO,2002-02-28,
RO,2002-03-31,
RO,2002-04-30,
RO,2002-05-31,
RO,2002-06-30,
RO,2002-07-31,
RO,2002-08-31,
RO,2002-09-30,
RO,2002-10-31,
RO,2002-11-30,
RO,2002-12-31,
RO,2003-01-31,118.8695
RO,2003-02-28,118.4718
RO,2003-03-31,107.0068
RO,2003-04-30,118.8292
RO,2003-05-31,117.659
RO,2003-06-30,118.8292
RO,2003-07-31,117.9011
RO,2003-08-31,117.9011
RO,2003-09-30,119.3295
RO,2003-10-31,120.3221
RO,2003-11-30,118.0787
RO,2003-12-31,103.6174
RO,2004-01-31,112.575
RO,2004-02-29,110.7634
RO,2004-03-31,103.6174
RO,2004-04-30,115.0767
RO,2004-05-31,114.996
RO,2004-06-30,114.8265
RO,2004-07-31,114.5118
RO,2004-08-31,114.5118
RO,2004-09-30,111.3242
RO,2004-10-31,110.3961
RO,2004-11-30,111.5743
RO,2004-12-31,110.8803
RO,2005-01-31,110.6382
RO,2005-02-28,110.1627
RO,2005-03-31,98.7755
RO,2005-04-30,109.8232
RO,2005-05-31,108.9435
RO,2005-06-30,108.5723
RO,2005-07-31,105.5542
RO,2005-08-31,105.3121
RO,2005-09-30,105.5703
RO,2005-10-31,105.07
RO,2005-11-30,103.569
RO,2005-12-31,103.1332
RO,2006-01-31,102.1648
RO,2006-02-28,101.0495
RO,2006-03-31,99.986
RO,2006-04-30,99.5663
RO,2006-05-31,99.0176
RO,2006-06-30,98.3155
RO,2006-07-31,98.0492
RO,2006-08-31,98.0492
RO,2006-09-30,96.5643
RO,2006-10-31,95.8703
RO,2006-11-30,95.8138
RO,2006-12-31,95.3861
RO,2007-01-31,96.5966
RO,2007-02-28,106.1421
RO,2007-03-31,103.3753
RO,2007-04-30,105.07
RO,2007-05-31,104.1016
RO,2007-06-30,104.8198
RO,2007-07-31,96.1124
RO,2007-08-31,102.8911
RO,2007-09-30,106.3208
RO,2007-10-31,93.9335
RO,2007-11-30,94.8132
RO,2007-12-31,89.0916
RO,2008-01-31,93.2073
RO,2008-02-29,98.3414
RO,2008-03-31,92.2389
RO,2008-04-30,95.0633
RO,2008-05-31,92.2389
RO,2008-06-30,95.0633
RO,2008-07-31,92.2389
RO,2008-08-31,92.2389
RO,2008-09-30,94.8132
RO,2008-10-31,92.2389
RO,2008-11-30,85.557
RO,2008-12-31,92.2389
RO,2009-01-31,89.8179
RO,2009-02-28,98.1011
RO,2009-03-31,87.639
RO,2009-04-30,92.0613
RO,2009-05-31,76.9868
RO,2009-06-30,78.3022
RO,2009-07-31,89.0916
RO,2009-08-31,89.8179
RO,2009-09-30,91.0607
RO,2009-10-31,91.0284
RO,2009-11-30,90.06
RO,2009-12-31,88.6074
RO,2010-01-31,87.8811
RO,2010-02-28,87.1116
RO,2010-03-31,87.639
RO,2010-04-30,86.5577
RO,2010-05-31,85.9444
RO,2010-06-30,85.557
RO,2010-07-31,85.4602
RO,2010-08-31,84.976
RO,2010-09-30,84.3062
RO,2010-10-31,84.0076
RO,2010-11-30,84.8065
RO,2010-12-31,84.2497
RO,2011-01-31,84.976
RO,2011-02-28,84.9673
RO,2011-03-31,85.2181
RO,2011-04-30,85.557
RO,2011-05-31,84.4918
RO,2011-06-30,84.056
RO,2011-07-31,82.3129
RO,2011-08-31,82.7971
RO,2011-09-30,82.3048
RO,2011-10-31,82.555
RO,2011-11-30,83.0553
RO,2011-12-31,83.5234
RO,2012-01-31,81.1024
RO,2012-02-29,81.7786
RO,2012-03-31,83.7655
RO,2012-04-30,83.3055
RO,2012-05-31,82.0708
RO,2012-06-30,81.8045
RO,2012-07-31,82.3129
RO,2012-08-31,81.8287
RO,2012-09-30,81.5543
RO,2012-10-31,81.1024
RO,2012-11-30,80.0533
RO,2012-12-31,79.6498
RO,2013-01-31,80.8603
RO,2013-02-28,81.4829
RO,2013-03-31,82.555
RO,2013-04-30,82.555
RO,2013-05-31,82.0708
RO,2013-06-30,81.8045
RO,2013-07-31,81.5866
RO,2013-08-31,81.8287
RO,2013-09-30,82.8052
RO,2013-10-31,81.8287
RO,2013-11-30,82.0547
RO,2013-12-31,82.0708
RO,2014-01-31,80.6182
RO,2014-02-28,82.0189
RO,2014-03-31,82.0708
RO,2014-04-30,80.8038
RO,2014-05-31,80.8603
RO,2014-06-30,80.8038
RO,2014-07-31,79.1656
RO,2014-08-31,79.4077
RO,2014-09-30,80.0533
RO,2014-10-31,79.8919
RO,2014-11-30,79.0527
RO,2014-12-31,78.4394
RO,2015-01-31,79.4077
RO,2015-02-28,80.9468
RO,2015-03-31,81.1024
RO,2015-04-30,80.0533
RO,2015-05-31,81.1024
RO,2015-06-30,81.3042
RO,2015-07-31,77.9552
RO,2015-08-31,77.471
RO,2015-09-30,78.052
RO,2015-10-31,77.2289
RO,2015-11-30,77.3015
RO,2015-12-31,75.5342
RO,2016-01-31,75.2921
RO,2016-02-29,77.1203
RO,2016-03-31,76.9868
RO,2016-04-30,76.8012
RO,2016-05-31,76.7447
RO,2016-06-30,75.5503
RO,2016-07-31,75.5342
RO,2016-08-31,75.05
RO,2016-09-30,74.2995
RO,2016-10-31,74.0816
RO,2016-11-30,73.7992
RO,2016-12-31,73.5974
RO,2017-01-31,73.1132
RO,2017-02-28,73.7098
RO,2017-03-31,73.5974
RO,2017-04-30,73.0487
RO,2017-05-31,73.3553
RO,2017-06-30,73.2988
RO,2017-07-31,72.3869
RO,2017-08-31,71.4185
RO,2017-09-30,71.0473
RO,2017-10-31,70.6923
RO,2017-11-30,70.547
RO,2017-12-31,70.4502
RO,2018-01-31,70.9344
RO,2018-02-28,71.2975
RO,2018-03-31,71.1765
RO,2018-04-30,71.5477
RO,2018-05-31,71.6606
RO,2018-06-30,71.0473
RO,2018-07-31,70.6923
RO,2018-08-31,71.1765
RO,2018-09-30,71.7978
RO,2018-10-31,70.9344
RO,2018-11-30,70.547
RO,2018-12-31,70.4502
RO,2019-01-31,70.4502
RO,2019-02-28,70.4934
RO,2019-03-31,70.4502
RO,2019-04-30,70.547
RO,2019-05-31,68.9976
RO,2019-06-30,70.7972
RO,2019-07-31,68.7555
RO,2019-08-31,67.7871
RO,2019-09-30,69.7965
RO,2019-10-31,70.6923
RO,2019-11-30,70.7972
RO,2019-12-31,69.2397
RO,2020-01-31,70.6923
RO,2020-02-29,70.1329
RO,2020-03-31,70.6923
RO,2020-04-30,70.547
RO,2020-05-31,69.4818
RO,2020-06-30,68.7958
RO,2020-07-31,67.7871
RO,2020-08-31,66.8187
RO,2020-09-30,66.2942
RO,2020-10-31,66.5766
RO,2020-11-30,66.5443
RO,2020-12-31,66.3345
RO,2021-01-31,65.8503
RO,2021-02-28,66.4729
RO,2021-03-31,67.0608
RO,2021-04-30,67.545
RO,2021-05-31,67.3029
RO,2021-06-30,66.2942
RO,2021-07-31,65.6082
RO,2021-08-31,65.124
RO,2021-09-30,65.2935
RO,2021-10-31,64.8819
RO,2021-11-30,64.2928
RO,2021-12-31,63.6715
RO,2022-01-31,63.1873
RO,2022-02-28,62.9884
RO,2022-03-31,62.7031
RO,2022-04-30,62.0413
RO,2022-05-31,62.461
RO,2022-06-30,62.0413
RO,2022-07-31,61.2505
RO,2022-08-31,60.2821
RO,2022-09-30,61.541
RO,2022-10-31,61.4926
RO,2022-11-30,61.7912
RO,2022-12-31,61.9768
RO,2023-01-31,60.5242
RO,2023-02-28,60.5761
RO,2023-03-31,60.5242
RO,2023-04-30,60.2902
RO,2023-05-31,59.0716
RO,2023-06-30,59.2895
RO,2023-07-31,57.3769
RO,2023-08-31,59.0716
RO,2023-09-30,59.2895
RO,2023-10-31,58.5874
RO,2023-11-30,57.7885
RO,2023-12-31,58.1032
RO,2024-01-31,57.8611
RO,2024-02-29,57.9697
RO,2024-03-31,58.1032
RO,2024-04-30,57.2882
RO,2024-05-31,57.1348
RO,2024-06-30,57.038
RO,2024-07-31,56.6506
RO,2024-08-31,56.8927
RO,2024-09-30,55.7872
RO,2024-10-31,55.4402
RO,2024-11-30,53.7858
RO,2024-12-31,54.7139
RO,2025-01-31,54.7139
RO,2025-02-28,
RO,2025-03-31,
RS,2002-01-31,
RS,2002-02-28,
RS,2002-03-31,
RS,2002-04-30,
RS,2002-05-31,
RS,2002-06-30,
RS,2002-07-31,
RS,2002-08-31,
RS,2002-09-30,
RS,2002-10-31,
RS,2002-11-30,
RS,2002-12-31,
RS,2003-01-31,
RS,2003-02-28,
RS,2003-03-31,
RS,2003-04-30,
RS,2003-05-31,
RS,2003-06-30,
RS,2003-07-31,
RS,2003-08-31,
RS,2003-09-30,
RS,2003-10-31,
RS,2003-11-30,
RS,2003-12-31,
RS,2004-01-31,
RS,2004-02-29,
RS,2004-03-31,
RS,2004-04-30,
RS,2004-05-31,
RS,2004-06-30,
RS,2004-07-31,
RS,2004-08-31,
RS,2004-09-30,
RS,2004-10-31,
RS,2004-11-30,
RS,2004-12-31,
RS,2005-01-31,
RS,2005-02-28,
RS,2005-03-31,
RS,2005-04-30,
RS,2005-05-31,
RS,2005-06-30,
RS,2005-07-31,
RS,2005-08-31,
RS,2005-09-30,
RS,2005-10-31,
RS,2005-11-30,
RS,2005-12-31,
RS,2006-01-31,
RS,2006-02-28,
RS,2006-03-31,
RS,2006-04-30,
RS,2006-05-31,
RS,2006-06-30,
RS,2006-07-31,
RS,2006-08-31,
RS,2006-09-30,
RS,2006-10-31,
RS,2006-11-30,
RS,2006-12-31,
RS,2007-01-31,
RS,2007-02-28,
RS,2007-03-31,
RS,2007-04-30,
RS,2007-05-31,
RS,2007-06-30,
RS,2007-07-31,
RS,2007-08-31,
RS,2007-09-30,
RS,2007-10-31,
RS,2007-11-30,
RS,2007-12-31,
RS,2008-01-31,
RS,2008-02-29,
RS,2008-03-31,
RS,2008-04-30,
RS,2008-05-31,
RS,2008-06-30,
RS,2008-07-31,
RS,2008-08-31,
RS,2008-09-30,
RS,2008-10-31,
RS,2008-11-30,
RS,2008-12-31,
RS,2009-01-31,
RS,2009-02-28,
RS,2009-03-31,
RS,2009-04-30,
RS,2009-05-31,
RS,2009-06-30,
RS,2009-07-31,
RS,2009-08-31,
RS,2009-09-30,
RS,2009-10-31,
RS,2009-11-30,
RS,2009-12-31,
RS,2010-01-31,
RS,2010-02-28,
RS,2010-03-31,
RS,2010-04-30,
RS,2010-05-31,
RS,2010-06-30,
RS,2010-07-31,
RS,2010-08-31,
RS,2010-09-30,
RS,2010-10-31,
RS,2010-11-30,
RS,2010-12-31,
RS,2011-01-31,
RS,2011-02-28,
RS,2011-03-31,
RS,2011-04-30,
RS,2011-05-31,
RS,2011-06-30,
RS,2011-07-31,
RS,2011-08-31,
RS,2011-09-30,
RS,2011-10-31,
RS,2011-11-30,
RS,2011-12-31,
RS,2012-01-31,
RS,2012-02-29,
RS,2012-03-31,
RS,2012-04-30,
RS,2012-05-31,
RS,2012-06-30,
RS,2012-07-31,
RS,2012-08-31,
RS,2012-09-30,
RS,2012-10-31,
RS,2012-11-30,
RS,2012-12-31,
RS,2013-01-31,
RS,2013-02-28,
RS,2013-03-31,
RS,2013-04-30,
RS,2013-05-31,
RS,2013-06-30,
RS,2013-07-31,
RS,2013-08-31,
RS,2013-09-30,
RS,2013-10-31,
RS,2013-11-30,
RS,2013-12-31,
RS,2014-01-31,
RS,2014-02-28,
RS,2014-03-31,
RS,2014-04-30,
RS,2014-05-31,
RS,2014-06-30,
RS,2014-07-31,
RS,2014-08-31,
RS,2014-09-30,
RS,2014-10-31,
RS,2014-11-30,
RS,2014-12-31,
RS,2015-01-31,
RS,2015-02-28,
RS,2015-03-31,
RS,2015-04-30,
RS,2015-05-31,
RS,2015-06-30,
RS,2015-07-31,
RS,2015-08-31,
RS,2015-09-30,
RS,2015-10-31,
RS,2015-11-30,
RS,2015-12-31,
RS,2016-01-31,
RS,2016-02-29,
RS,2016-03-31,
RS,2016-04-30,
RS,2016-05-31,
RS,2016-06-30,
RS,2016-07-31,
RS,2016-08-31,
RS,2016-09-30,
RS,2016-10-31,
RS,2016-11-30,
RS,2016-12-31,
RS,2017-01-31,
RS,2017-02-28,
RS,2017-03-31,
RS,2017-04-30,
RS,2017-05-31,
RS,2017-06-30,
RS,2017-07-31,
RS,2017-08-31,
RS,2017-09-30,
RS,2017-10-31,
RS,2017-11-30,
RS,2017-12-31,
RS,2018-01-31,
RS,2018-02-28,
RS,2018-03-31,
RS,2018-04-30,
RS,2018-05-31,
RS,2018-06-30,
RS,2018-07-31,
RS,2018-08-31,
RS,2018-09-30,
RS,2018-10-31,
RS,2018-11-30,
RS,2018-12-31,
RS,2019-01-31,
RS,2019-02-28,
RS,2019-03-31,
RS,2019-04-30,
RS,2019-05-31,
RS,2019-06-30,
RS,2019-07-31,
RS,2019-08-31,
RS,2019-09-30,
RS,2019-10-31,
RS,2019-11-30,
RS,2019-12-31,
RS,2020-01-31,
RS,2020-02-29,
RS,2020-03-31,
RS,2020-04-30,
RS,2020-05-31,
RS,2020-06-30,
RS,2020-07-31,
RS,2020-08-31,
RS,2020-09-30,
RS,2020-10-31,
RS,2020-11-30,
RS,2020-12-31,
RS,2021-01-31,
RS,2021-02-28,
RS,2021-03-31,
RS,2021-04-30,
RS,2021-05-31,
RS,2021-06-30,
RS,2021-07-31,
RS,2021-08-31,
RS,2021-09-30,
RS,2021-10-31,
RS,2021-11-30,
RS,2021-12-31,
RS,2022-01-31,
RS,2022-02-28,
RS,2022-03-31,
RS,2022-04-30,
RS,2022-05-31,
RS,2022-06-30,
RS,2022-07-31,
RS,2022-08-31,
RS,2022-09-30,
RS,2022-10-31,
RS,2022-11-30,
RS,2022-12-31,
RS,2023-01-31,
RS,2023-02-28,
RS,2023-03-31,
RS,2023-04-30,
RS,2023-05-31,
RS,2023-06-30,
RS,2023-07-31,
RS,2023-08-31,
RS,2023-09-30,
RS,2023-10-31,
RS,2023-11-30,
RS,2023-12-31,
RS,2024-01-31,16.3152
RS,2024-02-29,16.1766
RS,2024-03-31,16.0787
RS,2024-04-30,15.8817
RS,2024-05-31,15.8423
RS,2024-06-30,15.8817
RS,2024-07-31,15.8423
RS,2024-08-31,15.6058
RS,2024-09-30,15.393
RS,2024-10-31,15.8423
RS,2024-11-30,15.8817
RS,2024-12-31,16.3152
RS,2025-01-31,15.3694
RS,2025-02-28,15.9689
RS,2025-03-31,
RU,2002-01-31,7001.0161
RU,2002-02-28,7094.25
RU,2002-03-31,7143.4097
RU,2002-04-30,7135.32
RU,2002-05-31,7214.6065
RU,2002-06-30,7332.4767
RU,2002-07-31,7450.9161
RU,2002-08-31,7545.8323
RU,2002-09-30,7625.72
RU,2002-10-31,7689.2516
RU,2002-11-30,7723.8
RU,2002-12-31,7545.8323
RU,2003-01-31,7760.4484
RU,2003-02-28,7882.5
RU,2003-03-31,7925.4968
RU,2003-04-30,7970.0833
RU,2003-05-31,8067.871
RU,2003-06-30,8189.68
RU,2003-07-31,8330.0226
RU,2003-08-31,8377.4871
RU,2003-09-30,8485.0733
RU,2003-10-31,8518.7226
RU,2003-11-30,8509.5967
RU,2003-12-31,8518.7226
RU,2004-01-31,8542.4516
RU,2004-02-29,8598.9103
RU,2004-03-31,8661.0968
RU,2004-04-30,8729.12
RU,2004-05-31,8804.6677
RU,2004-06-30,8974.32
RU,2004-07-31,9017.0323
RU,2004-08-31,9088.2194
RU,2004-09-30,9147.2033
RU,2004-10-31,9088.2194
RU,2004-11-30,9098.1567
RU,2004-12-31,9017.0323
RU,2005-01-31,9278.0516
RU,2005-02-28,9378.9
RU,2005-03-31,9350.5097
RU,2005-04-30,9342.12
RU,2005-05-31,9301.7806
RU,2005-06-30,9415.68
RU,2005-07-31,9445.4387
RU,2005-08-31,9492.9032
RU,2005-09-30,9562.8
RU,2005-10-31,9610.2581
RU,2005-11-30,9611.84
RU,2005-12-31,9681.4452
RU,2006-01-31,9469.171
RU,2006-02-28,9483.9857
RU,2006-03-31,9564.1
RU,2006-04-30,9637.67
RU,2006-05-31,9657.7161
RU,2006-06-30,9686.7167
RU,2006-07-31,9681.4452
RU,2006-08-31,9823.8194
RU,2006-09-30,9735.7633
RU,2006-10-31,9728.9032
RU,2006-11-30,9784.81
RU,2006-12-31,9823.8194
RU,2007-01-31,9871.2774
RU,2007-02-28,9931.95
RU,2007-03-31,9920.0839
RU,2007-04-30,9809.3333
RU,2007-05-31,9823.8194
RU,2007-06-30,9906.08
RU,2007-07-31,9896.3516
RU,2007-08-31,9943.8161
RU,2007-09-30,9906.08
RU,2007-10-31,9920.0839
RU,2007-11-30,9858.38
RU,2007-12-31,9871.2774
RU,2008-01-31,9823.8194
RU,2008-02-29,9791.0897
RU,2008-03-31,9776.3613
RU,2008-04-30,9760.2867
RU,2008-05-31,9752.6323
RU,2008-06-30,9809.3333
RU,2008-07-31,9728.9032
RU,2008-08-31,9847.5484
RU,2008-09-30,9858.38
RU,2008-10-31,9871.2774
RU,2008-11-30,9784.81
RU,2008-12-31,9871.2774
RU,2009-01-31,9728.9032
RU,2009-02-28,9774.3
RU,2009-03-31,9823.8194
RU,2009-04-30,9930.6
RU,2009-05-31,9871.2774
RU,2009-06-30,9906.08
RU,2009-07-31,9920.0839
RU,2009-08-31,9967.5484
RU,2009-09-30,10077.72
RU,2009-10-31,10133.6742
RU,2009-11-30,10126.76
RU,2009-12-31,9776.3613
RU,2010-01-31,10109.9419
RU,2010-02-28,10140.7714
RU,2010-03-31,10179.7548
RU,2010-04-30,10126.76
RU,2010-05-31,10179.7548
RU,2010-06-30,10175.8
RU,2010-07-31,10179.7548
RU,2010-08-31,10086.2097
RU,2010-09-30,10226.23
RU,2010-10-31,10274.671
RU,2010-11-30,10250.7533
RU,2010-12-31,10179.7548
RU,2011-01-31,10179.7548
RU,2011-02-28,10272.1286
RU,2011-03-31,10179.7548
RU,2011-04-30,10226.23
RU,2011-05-31,10274.671
RU,2011-06-30,10200.32
RU,2011-07-31,10227.2129
RU,2011-08-31,10250.9419
RU,2011-09-30,10275.2767
RU,2011-10-31,10345.8581
RU,2011-11-30,10397.8933
RU,2011-12-31,10369.5871
RU,2012-01-31,9871.2774
RU,2012-02-29,9943.2828
RU,2012-03-31,9920.0839
RU,2012-04-30,9930.6
RU,2012-05-31,9896.3516
RU,2012-06-30,9906.08
RU,2012-07-31,9943.8161
RU,2012-08-31,9943.8161
RU,2012-09-30,10004.16
RU,2012-10-31,10038.7452
RU,2012-11-30,10053.2
RU,2012-12-31,9991.2806
RU,2013-01-31,9920.0839
RU,2013-02-28,10009.4143
RU,2013-03-31,9967.5484
RU,2013-04-30,10004.16
RU,2013-05-31,10015.0129
RU,2013-06-30,10077.72
RU,2013-07-31,10038.7452
RU,2013-08-31,10086.2097
RU,2013-09-30,10077.72
RU,2013-10-31,10109.9419
RU,2013-11-30,10151.28
RU,2013-12-31,10109.9419
RU,2014-01-31,10109.9419
RU,2014-02-28,10061.9571
RU,2014-03-31,10038.7452
RU,2014-04-30,10053.2
RU,2014-05-31,10086.2097
RU,2014-06-30,10126.76
RU,2014-07-31,10038.7452
RU,2014-08-31,10062.4774
RU,2014-09-30,10151.28
RU,2014-10-31,10086.2097
RU,2014-11-30,10151.28
RU,2014-12-31,10086.2097
RU,2015-01-31,10109.9419
RU,2015-02-28,10167.0429
RU,2015-03-31,10109.9419
RU,2015-04-30,10102.24
RU,2015-05-31,10086.2097
RU,2015-06-30,10126.76
RU,2015-07-31,10086.2097
RU,2015-08-31,10086.2097
RU,2015-09-30,10175.8
RU,2015-10-31,10109.9419
RU,2015-11-30,10102.24
RU,2015-12-31,10086.2097
RU,2016-01-31,10227.2129
RU,2016-02-29,10475.9586
RU,2016-03-31,10679.5161
RU,2016-04-30,10226.23
RU,2016-05-31,10218.9077
RU,2016-06-30,10226.23
RU,2016-07-31,10345.8581
RU,2016-08-31,10124.1813
RU,2016-09-30,10373.37
RU,2016-10-31,10513.3903
RU,2016-11-30,10519.08
RU,2016-12-31,10274.671
RU,2017-01-31,10513.3903
RU,2017-02-28,10457.45
RU,2017-03-31,10369.5871
RU,2017-04-30,10324.3233
RU,2017-05-31,10274.671
RU,2017-06-30,10275.2767
RU,2017-07-31,10393.3161
RU,2017-08-31,10369.5871
RU,2017-09-30,10275.2767
RU,2017-10-31,10274.671
RU,2017-11-30,10324.3233
RU,2017-12-31,10345.8581
RU,2018-01-31,10274.671
RU,2018-02-28,10298.4
RU,2018-03-31,10322.129
RU,2018-04-30,10348.8467
RU,2018-05-31,10345.8581
RU,2018-06-30,10473.4252
RU,2018-07-31,10655.7839
RU,2018-08-31,10655.7839
RU,2018-09-30,10739.76
RU,2018-10-31,10749.2516
RU,2018-11-30,10730.1845
RU,2018-12-31,10726.4717
RU,2019-01-31,10675.007
RU,2019-02-28,10639.9286
RU,2019-03-31,10607.352
RU,2019-04-30,10617.16
RU,2019-05-31,10498.1985
RU,2019-06-30,10576.6684
RU,2019-07-31,10608.3194
RU,2019-08-31,10772.9806
RU,2019-09-30,10666.2
RU,2019-10-31,10614.0151
RU,2019-11-30,10620.5652
RU,2019-12-31,10613.5405
RU,2020-01-31,10603.0808
RU,2020-02-29,10610.9032
RU,2020-03-31,10610.4368
RU,2020-04-30,10725.2932
RU,2020-05-31,8802.9964
RU,2020-06-30,8787.7228
RU,2020-07-31,8804.6677
RU,2020-08-31,9251.9497
RU,2020-09-30,9293.08
RU,2020-10-31,9285.8822
RU,2020-11-30,9305.8304
RU,2020-12-31,9322.031
RU,2021-01-31,9460.8647
RU,2021-02-28,9391.736
RU,2021-03-31,9543.4529
RU,2021-04-30,9758.2244
RU,2021-05-31,9729.0392
RU,2021-06-30,9756.7532
RU,2021-07-31,9830.7008
RU,2021-08-31,9945.2401
RU,2021-09-30,10052.1143
RU,2021-10-31,10150.5241
RU,2021-11-30,10184.2951
RU,2021-12-31,10203.4839
RU,2022-01-31,10258.7432
RU,2022-02-28,10231.485
RU,2022-03-31,10181.6134
RU,2022-04-30,9324.9975
RU,2022-05-31,9446.0532
RU,2022-06-30,9983.8084
RU,2022-07-31,10019.0474
RU,2022-08-31,9995.3151
RU,2022-09-30,9988.4672
RU,2022-10-31,9881.4809
RU,2022-11-30,10023.6673
RU,2022-12-31,10029.0149
RU,2023-01-31,9982.3293
RU,2023-02-28,10231.485
RU,2023-03-31,10181.6134
RU,2023-04-30,
RU,2023-05-31,
RU,2023-06-30,
RU,2023-07-31,
RU,2023-08-31,
RU,2023-09-30,
RU,2023-10-31,
RU,2023-11-30,
RU,2023-12-31,
RU,2024-01-31,
RU,2024-02-29,
RU,2024-03-31,
RU,2024-04-30,
RU,2024-05-31,
RU,2024-06-30,
RU,2024-07-31,
RU,2024-08-31,
RU,2024-09-30,
RU,2024-10-31,
RU,2024-11-30,
RU,2024-12-31,
RU,2025-01-31,
RU,2025-02-28,
RU,2025-03-31,
SA,2002-01-31,7150.0
SA,2002-02-28,7071.0
SA,2002-03-31,7096.0
SA,2002-04-30,7074.0
SA,2002-05-31,7031.0
SA,2002-06-30,7084.0
SA,2002-07-31,7100.0
SA,2002-08-31,7082.0
SA,2002-09-30,7089.0
SA,2002-10-31,7101.0
SA,2002-11-30,7170.0
SA,2002-12-31,7069.0
SA,2003-01-31,7801.0
SA,2003-02-28,8038.0
SA,2003-03-31,8132.0
SA,2003-04-30,9745.0
SA,2003-05-31,9443.0
SA,2003-06-30,8314.0
SA,2003-07-31,8239.0
SA,2003-08-31,8282.0
SA,2003-09-30,8251.0
SA,2003-10-31,8287.0
SA,2003-11-30,8045.0
SA,2003-12-31,8333.0
SA,2004-01-31,8038.0
SA,2004-02-29,8121.0
SA,2004-03-31,7987.0
SA,2004-04-30,7774.0
SA,2004-05-31,8695.0
SA,2004-06-30,9365.0
SA,2004-07-31,9491.0
SA,2004-08-31,9518.0
SA,2004-09-30,9369.0
SA,2004-10-31,9446.0
SA,2004-11-30,9598.0
SA,2004-12-31,9328.0
SA,2005-01-31,8897.0
SA,2005-02-28,9321.0
SA,2005-03-31,9204.0
SA,2005-04-30,9255.0
SA,2005-05-31,9432.0
SA,2005-06-30,9432.0
SA,2005-07-31,9501.0
SA,2005-08-31,9501.0
SA,2005-09-30,9445.0
SA,2005-10-31,9500.0
SA,2005-11-30,9478.0
SA,2005-12-31,9279.0
SA,2006-01-31,9561.0
SA,2006-02-28,9611.0
SA,2006-03-31,9521.0
SA,2006-04-30,9223.0
SA,2006-05-31,8930.0
SA,2006-06-30,9401.0
SA,2006-07-31,9237.0
SA,2006-08-31,9214.0
SA,2006-09-30,9137.0
SA,2006-10-31,9073.0
SA,2006-11-30,8932.0
SA,2006-12-31,8691.0
SA,2007-01-31,8377.0
SA,2007-02-28,8661.0
SA,2007-03-31,8854.0
SA,2007-04-30,8555.0
SA,2007-05-31,8680.0
SA,2007-06-30,8636.0
SA,2007-07-31,8956.0
SA,2007-08-31,8609.0
SA,2007-09-30,9074.0
SA,2007-10-31,9138.0
SA,2007-11-30,9029.0
SA,2007-12-31,9206.0
SA,2008-01-31,9204.0
SA,2008-02-29,9216.0
SA,2008-03-31,9124.0
SA,2008-04-30,9124.0
SA,2008-05-31,9006.0
SA,2008-06-30,9512.0
SA,2008-07-31,9471.0
SA,2008-08-31,9538.0
SA,2008-09-30,9463.0
SA,2008-10-31,9520.0
SA,2008-11-30,8606.0
SA,2008-12-31,8586.0
SA,2009-01-31,8102.0
SA,2009-02-28,8065.0
SA,2009-03-31,8358.0
SA,2009-04-30,8038.0
SA,2009-05-31,8213.0
SA,2009-06-30,8357.0
SA,2009-07-31,8243.0
SA,2009-08-31,8189.0
SA,2009-09-30,8191.0
SA,2009-10-31,8284.0
SA,2009-11-30,8219.0
SA,2009-12-31,7945.0
SA,2010-01-31,8188.0
SA,2010-02-28,8106.0
SA,2010-03-31,8181.0
SA,2010-04-30,8170.0
SA,2010-05-31,8066.0
SA,2010-06-30,8073.0
SA,2010-07-31,8177.0
SA,2010-08-31,8168.0
SA,2010-09-30,8063.0
SA,2010-10-31,8162.0
SA,2010-11-30,8259.0
SA,2010-12-31,8365.0
SA,2011-01-31,8514.0
SA,2011-02-28,9020.0
SA,2011-03-31,8655.0
SA,2011-04-30,8820.0
SA,2011-05-31,8895.0
SA,2011-06-30,9813.0
SA,2011-07-31,9606.0
SA,2011-08-31,9756.0
SA,2011-09-30,9436.0
SA,2011-10-31,9362.0
SA,2011-11-30,10047.0
SA,2011-12-31,9810.0
SA,2012-01-31,9871.0
SA,2012-02-29,9853.0
SA,2012-03-31,9923.0
SA,2012-04-30,10102.0
SA,2012-05-31,9807.0
SA,2012-06-30,10103.0
SA,2012-07-31,9801.0
SA,2012-08-31,9753.0
SA,2012-09-30,9724.0
SA,2012-10-31,9724.0
SA,2012-11-30,9492.0
SA,2012-12-31,9025.0
SA,2013-01-31,9050.0
SA,2013-02-28,9150.0
SA,2013-03-31,9136.0
SA,2013-04-30,9310.0
SA,2013-05-31,9657.0
SA,2013-06-30,9642.0
SA,2013-07-31,10034.0
SA,2013-08-31,10190.0
SA,2013-09-30,10123.0
SA,2013-10-31,9753.0
SA,2013-11-30,9746.0
SA,2013-12-31,9819.0
SA,2014-01-31,9767.0
SA,2014-02-28,9850.0
SA,2014-03-31,9566.0
SA,2014-04-30,9660.0
SA,2014-05-31,9705.0
SA,2014-06-30,9780.0
SA,2014-07-31,10005.0
SA,2014-08-31,9597.0
SA,2014-09-30,9704.0
SA,2014-10-31,9690.0
SA,2014-11-30,9610.0
SA,2014-12-31,9630.0
SA,2015-01-31,9680.0
SA,2015-02-28,9636.0
SA,2015-03-31,10294.0
SA,2015-04-30,10308.0
SA,2015-05-31,10333.0
SA,2015-06-30,10564.0
SA,2015-07-31,10361.0
SA,2015-08-31,10265.0
SA,2015-09-30,10226.0
SA,2015-10-31,10276.0
SA,2015-11-30,10186.0
SA,2015-12-31,10144.0
SA,2016-01-31,10230.0
SA,2016-02-29,10220.0
SA,2016-03-31,10224.0
SA,2016-04-30,10262.0
SA,2016-05-31,10270.0
SA,2016-06-30,10550.0
SA,2016-07-31,10673.0
SA,2016-08-31,10630.0
SA,2016-09-30,10650.0
SA,2016-10-31,10625.0
SA,2016-11-30,10720.0
SA,2016-12-31,10465.0
SA,2017-01-31,9796.0
SA,2017-02-28,10011.0
SA,2017-03-31,9951.0
SA,2017-04-30,9946.0
SA,2017-05-31,9880.0
SA,2017-06-30,10070.0
SA,2017-07-31,10010.0
SA,2017-08-31,9951.0
SA,2017-09-30,9973.0
SA,2017-10-31,10056.0
SA,2017-11-30,9891.0
SA,2017-12-31,9980.0
SA,2018-01-31,9983.0
SA,2018-02-28,9935.0
SA,2018-03-31,9907.0
SA,2018-04-30,9868.0
SA,2018-05-31,10030.0
SA,2018-06-30,10489.0
SA,2018-07-31,10288.0
SA,2018-08-31,10412.0
SA,2018-09-30,10502.0
SA,2018-10-31,10642.0
SA,2018-11-30,11093.0
SA,2018-12-31,10643.0
SA,2019-01-31,10243.0
SA,2019-02-28,10136.0
SA,2019-03-31,9787.0
SA,2019-04-30,9807.0
SA,2019-05-31,9670.0
SA,2019-06-30,9782.0
SA,2019-07-31,9580.0
SA,2019-08-31,9789.0
SA,2019-09-30,9129.0
SA,2019-10-31,10302.0
SA,2019-11-30,9890.0
SA,2019-12-31,9594.0
SA,2020-01-31,9748.0
SA,2020-02-29,9784.0
SA,2020-03-31,9733.0
SA,2020-04-30,12007.0
SA,2020-05-31,8486.0
SA,2020-06-30,7484.0
SA,2020-07-31,8479.0
SA,2020-08-31,8984.0
SA,2020-09-30,8982.0
SA,2020-10-31,8974.0
SA,2020-11-30,8972.0
SA,2020-12-31,8980.0
SA,2021-01-31,9103.0
SA,2021-02-28,8147.0
SA,2021-03-31,8138.0
SA,2021-04-30,8134.0
SA,2021-05-31,8544.0
SA,2021-06-30,8927.0
SA,2021-07-31,9474.0
SA,2021-08-31,9562.0
SA,2021-09-30,9662.0
SA,2021-10-31,9780.0
SA,2021-11-30,9912.0
SA,2021-12-31,10022.0
SA,2022-01-31,10145.0
SA,2022-02-28,10225.0
SA,2022-03-31,10300.0
SA,2022-04-30,10441.0
SA,2022-05-31,10538.0
SA,2022-06-30,10646.0
SA,2022-07-31,10815.0
SA,2022-08-31,11051.0
SA,2022-09-30,11041.0
SA,2022-10-31,10957.0
SA,2022-11-30,10468.0
SA,2022-12-31,10435.0
SA,2023-01-31,10453.0
SA,2023-02-28,10450.0
SA,2023-03-31,10464.0
SA,2023-04-30,10461.0
SA,2023-05-31,9959.0
SA,2023-06-30,9956.0
SA,2023-07-31,9013.0
SA,2023-08-31,8918.0
SA,2023-09-30,8975.0
SA,2023-10-31,8940.0
SA,2023-11-30,8818.0
SA,2023-12-31,8944.0
SA,2024-01-31,8956.0
SA,2024-02-29,9011.0
SA,2024-03-31,8973.0
SA,2024-04-30,8986.0
SA,2024-05-31,8993.0
SA,2024-06-30,8830.0
SA,2024-07-31,8941.0
SA,2024-08-31,8992.0
SA,2024-09-30,8975.0
SA,2024-10-31,8972.0
SA,2024-11-30,8925.0
SA,2024-12-31,8905.0
SA,2025-01-31,8917.0
SA,2025-02-28,8947.0
SA,2025-03-31,8957.0
SD,2002-01-31,
SD,2002-02-28,
SD,2002-03-31,
SD,2002-04-30,
SD,2002-05-31,
SD,2002-06-30,
SD,2002-07-31,
SD,2002-08-31,
SD,2002-09-30,
SD,2002-10-31,
SD,2002-11-30,
SD,2002-12-31,
SD,2003-01-31,
SD,2003-02-28,
SD,2003-03-31,
SD,2003-04-30,
SD,2003-05-31,
SD,2003-06-30,
SD,2003-07-31,
SD,2003-08-31,
SD,2003-09-30,
SD,2003-10-31,
SD,2003-11-30,
SD,2003-12-31,
SD,2004-01-31,
SD,2004-02-29,
SD,2004-03-31,
SD,2004-04-30,
SD,2004-05-31,
SD,2004-06-30,
SD,2004-07-31,
SD,2004-08-31,
SD,2004-09-30,
SD,2004-10-31,
SD,2004-11-30,
SD,2004-12-31,
SD,2005-01-31,
SD,2005-02-28,
SD,2005-03-31,
SD,2005-04-30,
SD,2005-05-31,
SD,2005-06-30,
SD,2005-07-31,
SD,2005-08-31,
SD,2005-09-30,
SD,2005-10-31,
SD,2005-11-30,
SD,2005-12-31,
SD,2006-01-31,
SD,2006-02-28,
SD,2006-03-31,
SD,2006-04-30,
SD,2006-05-31,
SD,2006-06-30,
SD,2006-07-31,
SD,2006-08-31,
SD,2006-09-30,
SD,2006-10-31,
SD,2006-11-30,
SD,2006-12-31,
SD,2007-01-31,
SD,2007-02-28,
SD,2007-03-31,
SD,2007-04-30,
SD,2007-05-31,
SD,2007-06-30,
SD,2007-07-31,
SD,2007-08-31,
SD,2007-09-30,
SD,2007-10-31,
SD,2007-11-30,
SD,2007-12-31,
SD,2008-01-31,
SD,2008-02-29,
SD,2008-03-31,
SD,2008-04-30,
SD,2008-05-31,
SD,2008-06-30,
SD,2008-07-31,
SD,2008-08-31,
SD,2008-09-30,
SD,2008-10-31,
SD,2008-11-30,
SD,2008-12-31,
SD,2009-01-31,
SD,2009-02-28,
SD,2009-03-31,
SD,2009-04-30,
SD,2009-05-31,
SD,2009-06-30,
SD,2009-07-31,
SD,2009-08-31,
SD,2009-09-30,
SD,2009-10-31,
SD,2009-11-30,
SD,2009-12-31,
SD,2010-01-31,
SD,2010-02-28,
SD,2010-03-31,
SD,2010-04-30,
SD,2010-05-31,
SD,2010-06-30,
SD,2010-07-31,
SD,2010-08-31,
SD,2010-09-30,
SD,2010-10-31,
SD,2010-11-30,
SD,2010-12-31,
SD,2011-01-31,
SD,2011-02-28,
SD,2011-03-31,
SD,2011-04-30,
SD,2011-05-31,
SD,2011-06-30,
SD,2011-07-31,
SD,2011-08-31,
SD,2011-09-30,
SD,2011-10-31,
SD,2011-11-30,
SD,2011-12-31,
SD,2012-01-31,
SD,2012-02-29,
SD,2012-03-31,
SD,2012-04-30,
SD,2012-05-31,
SD,2012-06-30,
SD,2012-07-31,
SD,2012-08-31,
SD,2012-09-30,
SD,2012-10-31,
SD,2012-11-30,
SD,2012-12-31,
SD,2013-01-31,
SD,2013-02-28,
SD,2013-03-31,
SD,2013-04-30,
SD,2013-05-31,
SD,2013-06-30,
SD,2013-07-31,
SD,2013-08-31,
SD,2013-09-30,
SD,2013-10-31,
SD,2013-11-30,
SD,2013-12-31,
SD,2014-01-31,
SD,2014-02-28,
SD,2014-03-31,
SD,2014-04-30,
SD,2014-05-31,
SD,2014-06-30,
SD,2014-07-31,
SD,2014-08-31,
SD,2014-09-30,
SD,2014-10-31,
SD,2014-11-30,
SD,2014-12-31,
SD,2015-01-31,
SD,2015-02-28,
SD,2015-03-31,
SD,2015-04-30,
SD,2015-05-31,
SD,2015-06-30,
SD,2015-07-31,
SD,2015-08-31,
SD,2015-09-30,
SD,2015-10-31,
SD,2015-11-30,
SD,2015-12-31,
SD,2016-01-31,
SD,2016-02-29,
SD,2016-03-31,
SD,2016-04-30,
SD,2016-05-31,
SD,2016-06-30,
SD,2016-07-31,
SD,2016-08-31,
SD,2016-09-30,
SD,2016-10-31,
SD,2016-11-30,
SD,2016-12-31,
SD,2017-01-31,
SD,2017-02-28,
SD,2017-03-31,
SD,2017-04-30,
SD,2017-05-31,
SD,2017-06-30,
SD,2017-07-31,
SD,2017-08-31,
SD,2017-09-30,
SD,2017-10-31,
SD,2017-11-30,
SD,2017-12-31,
SD,2018-01-31,
SD,2018-02-28,
SD,2018-03-31,
SD,2018-04-30,
SD,2018-05-31,
SD,2018-06-30,
SD,2018-07-31,
SD,2018-08-31,
SD,2018-09-30,
SD,2018-10-31,
SD,2018-11-30,
SD,2018-12-31,
SD,2019-01-31,
SD,2019-02-28,
SD,2019-03-31,
SD,2019-04-30,
SD,2019-05-31,
SD,2019-06-30,
SD,2019-07-31,
SD,2019-08-31,
SD,2019-09-30,
SD,2019-10-31,
SD,2019-11-30,
SD,2019-12-31,
SD,2020-01-31,
SD,2020-02-29,
SD,2020-03-31,
SD,2020-04-30,
SD,2020-05-31,
SD,2020-06-30,
SD,2020-07-31,
SD,2020-08-31,
SD,2020-09-30,
SD,2020-10-31,
SD,2020-11-30,
SD,2020-12-31,
SD,2021-01-31,
SD,2021-02-28,
SD,2021-03-31,
SD,2021-04-30,
SD,2021-05-31,
SD,2021-06-30,
SD,2021-07-31,
SD,2021-08-31,
SD,2021-09-30,
SD,2021-10-31,
SD,2021-11-30,
SD,2021-12-31,
SD,2022-01-31,
SD,2022-02-28,
SD,2022-03-31,
SD,2022-04-30,
SD,2022-05-31,
SD,2022-06-30,
SD,2022-07-31,
SD,2022-08-31,
SD,2022-09-30,
SD,2022-10-31,
SD,2022-11-30,
SD,2022-12-31,
SD,2023-01-31,
SD,2023-02-28,
SD,2023-03-31,
SD,2023-04-30,
SD,2023-05-31,
SD,2023-06-30,
SD,2023-07-31,
SD,2023-08-31,
SD,2023-09-30,
SD,2023-10-31,
SD,2023-11-30,
SD,2023-12-31,
SD,2024-01-31,
SD,2024-02-29,
SD,2024-03-31,
SD,2024-04-30,
SD,2024-05-31,
SD,2024-06-30,
SD,2024-07-31,
SD,2024-08-31,
SD,2024-09-30,
SD,2024-10-31,
SD,2024-11-30,
SD,2024-12-31,
SD,2025-01-31,
SD,2025-02-28,
SD,2025-03-31,
SG,2002-01-31,
SG,2002-02-28,
SG,2002-03-31,
SG,2002-04-30,
SG,2002-05-31,
SG,2002-06-30,
SG,2002-07-31,
SG,2002-08-31,
SG,2002-09-30,
SG,2002-10-31,
SG,2002-11-30,
SG,2002-12-31,
SG,2003-01-31,
SG,2003-02-28,
SG,2003-03-31,
SG,2003-04-30,
SG,2003-05-31,
SG,2003-06-30,
SG,2003-07-31,
SG,2003-08-31,
SG,2003-09-30,
SG,2003-10-31,
SG,2003-11-30,
SG,2003-12-31,
SG,2004-01-31,
SG,2004-02-29,
SG,2004-03-31,
SG,2004-04-30,
SG,2004-05-31,
SG,2004-06-30,
SG,2004-07-31,
SG,2004-08-31,
SG,2004-09-30,
SG,2004-10-31,
SG,2004-11-30,
SG,2004-12-31,
SG,2005-01-31,
SG,2005-02-28,
SG,2005-03-31,
SG,2005-04-30,
SG,2005-05-31,
SG,2005-06-30,
SG,2005-07-31,
SG,2005-08-31,
SG,2005-09-30,
SG,2005-10-31,
SG,2005-11-30,
SG,2005-12-31,
SG,2006-01-31,
SG,2006-02-28,
SG,2006-03-31,
SG,2006-04-30,
SG,2006-05-31,
SG,2006-06-30,
SG,2006-07-31,
SG,2006-08-31,
SG,2006-09-30,
SG,2006-10-31,
SG,2006-11-30,
SG,2006-12-31,
SG,2007-01-31,
SG,2007-02-28,
SG,2007-03-31,
SG,2007-04-30,
SG,2007-05-31,
SG,2007-06-30,
SG,2007-07-31,
SG,2007-08-31,
SG,2007-09-30,
SG,2007-10-31,
SG,2007-11-30,
SG,2007-12-31,
SG,2008-01-31,
SG,2008-02-29,
SG,2008-03-31,
SG,2008-04-30,
SG,2008-05-31,
SG,2008-06-30,
SG,2008-07-31,
SG,2008-08-31,
SG,2008-09-30,
SG,2008-10-31,
SG,2008-11-30,
SG,2008-12-31,
SG,2009-01-31,
SG,2009-02-28,
SG,2009-03-31,
SG,2009-04-30,
SG,2009-05-31,
SG,2009-06-30,
SG,2009-07-31,
SG,2009-08-31,
SG,2009-09-30,
SG,2009-10-31,
SG,2009-11-30,
SG,2009-12-31,
SG,2010-01-31,
SG,2010-02-28,
SG,2010-03-31,
SG,2010-04-30,
SG,2010-05-31,
SG,2010-06-30,
SG,2010-07-31,
SG,2010-08-31,
SG,2010-09-30,
SG,2010-10-31,
SG,2010-11-30,
SG,2010-12-31,
SG,2011-01-31,
SG,2011-02-28,
SG,2011-03-31,
SG,2011-04-30,
SG,2011-05-31,
SG,2011-06-30,
SG,2011-07-31,
SG,2011-08-31,
SG,2011-09-30,
SG,2011-10-31,
SG,2011-11-30,
SG,2011-12-31,
SG,2012-01-31,
SG,2012-02-29,
SG,2012-03-31,
SG,2012-04-30,
SG,2012-05-31,
SG,2012-06-30,
SG,2012-07-31,
SG,2012-08-31,
SG,2012-09-30,
SG,2012-10-31,
SG,2012-11-30,
SG,2012-12-31,
SG,2013-01-31,
SG,2013-02-28,
SG,2013-03-31,
SG,2013-04-30,
SG,2013-05-31,
SG,2013-06-30,
SG,2013-07-31,
SG,2013-08-31,
SG,2013-09-30,
SG,2013-10-31,
SG,2013-11-30,
SG,2013-12-31,
SG,2014-01-31,
SG,2014-02-28,
SG,2014-03-31,
SG,2014-04-30,
SG,2014-05-31,
SG,2014-06-30,
SG,2014-07-31,
SG,2014-08-31,
SG,2014-09-30,
SG,2014-10-31,
SG,2014-11-30,
SG,2014-12-31,
SG,2015-01-31,
SG,2015-02-28,
SG,2015-03-31,
SG,2015-04-30,
SG,2015-05-31,
SG,2015-06-30,
SG,2015-07-31,
SG,2015-08-31,
SG,2015-09-30,
SG,2015-10-31,
SG,2015-11-30,
SG,2015-12-31,
SG,2016-01-31,
SG,2016-02-29,
SG,2016-03-31,
SG,2016-04-30,
SG,2016-05-31,
SG,2016-06-30,
SG,2016-07-31,
SG,2016-08-31,
SG,2016-09-30,
SG,2016-10-31,
SG,2016-11-30,
SG,2016-12-31,
SG,2017-01-31,
SG,2017-02-28,
SG,2017-03-31,
SG,2017-04-30,
SG,2017-05-31,
SG,2017-06-30,
SG,2017-07-31,
SG,2017-08-31,
SG,2017-09-30,
SG,2017-10-31,
SG,2017-11-30,
SG,2017-12-31,
SG,2018-01-31,
SG,2018-02-28,
SG,2018-03-31,
SG,2018-04-30,
SG,2018-05-31,
SG,2018-06-30,
SG,2018-07-31,
SG,2018-08-31,
SG,2018-09-30,
SG,2018-10-31,
SG,2018-11-30,
SG,2018-12-31,
SG,2019-01-31,
SG,2019-02-28,
SG,2019-03-31,
SG,2019-04-30,
SG,2019-05-31,
SG,2019-06-30,
SG,2019-07-31,
SG,2019-08-31,
SG,2019-09-30,
SG,2019-10-31,
SG,2019-11-30,
SG,2019-12-31,
SG,2020-01-31,
SG,2020-02-29,
SG,2020-03-31,
SG,2020-04-30,
SG,2020-05-31,
SG,2020-06-30,
SG,2020-07-31,
SG,2020-08-31,
SG,2020-09-30,
SG,2020-10-31,
SG,2020-11-30,
SG,2020-12-31,
SG,2021-01-31,
SG,2021-02-28,
SG,2021-03-31,
SG,2021-04-30,
SG,2021-05-31,
SG,2021-06-30,
SG,2021-07-31,
SG,2021-08-31,
SG,2021-09-30,
SG,2021-10-31,
SG,2021-11-30,
SG,2021-12-31,
SG,2022-01-31,
SG,2022-02-28,
SG,2022-03-31,
SG,2022-04-30,
SG,2022-05-31,
SG,2022-06-30,
SG,2022-07-31,
SG,2022-08-31,
SG,2022-09-30,
SG,2022-10-31,
SG,2022-11-30,
SG,2022-12-31,
SG,2023-01-31,
SG,2023-02-28,
SG,2023-03-31,
SG,2023-04-30,
SG,2023-05-31,
SG,2023-06-30,
SG,2023-07-31,
SG,2023-08-31,
SG,2023-09-30,
SG,2023-10-31,
SG,2023-11-30,
SG,2023-12-31,
SG,2024-01-31,
SG,2024-02-29,
SG,2024-03-31,
SG,2024-04-30,
SG,2024-05-31,
SG,2024-06-30,
SG,2024-07-31,
SG,2024-08-31,
SG,2024-09-30,
SG,2024-10-31,
SG,2024-11-30,
SG,2024-12-31,
SG,2025-01-31,
SG,2025-02-28,
SG,2025-03-31,
SR,2002-01-31,0.0
SR,2002-02-28,0.0
SR,2002-03-31,0.0
SR,2002-04-30,0.0
SR,2002-05-31,0.0
SR,2002-06-30,0.0
SR,2002-07-31,0.0
SR,2002-08-31,0.0
SR,2002-09-30,0.0
SR,2002-10-31,0.0
SR,2002-11-30,0.0
SR,2002-12-31,0.0
SR,2003-01-31,0.0
SR,2003-02-28,0.0
SR,2003-03-31,0.0
SR,2003-04-30,0.0
SR,2003-05-31,0.0
SR,2003-06-30,0.0
SR,2003-07-31,0.0
SR,2003-08-31,0.0
SR,2003-09-30,0.0
SR,2003-10-31,0.0
SR,2003-11-30,0.0
SR,2003-12-31,0.0
SR,2004-01-31,0.0
SR,2004-02-29,0.0
SR,2004-03-31,0.0
SR,2004-04-30,0.0
SR,2004-05-31,0.0
SR,2004-06-30,0.0
SR,2004-07-31,0.0
SR,2004-08-31,0.0
SR,2004-09-30,0.0
SR,2004-10-31,0.0
SR,2004-11-30,0.0
SR,2004-12-31,0.0
SR,2005-01-31,0.0
SR,2005-02-28,0.0
SR,2005-03-31,0.0
SR,2005-04-30,0.0
SR,2005-05-31,0.0
SR,2005-06-30,0.0
SR,2005-07-31,0.0
SR,2005-08-31,0.0
SR,2005-09-30,0.0
SR,2005-10-31,0.0
SR,2005-11-30,0.0
SR,2005-12-31,0.0
SR,2006-01-31,0.0
SR,2006-02-28,0.0
SR,2006-03-31,0.0
SR,2006-04-30,0.0
SR,2006-05-31,0.0
SR,2006-06-30,0.0
SR,2006-07-31,0.0
SR,2006-08-31,0.0
SR,2006-09-30,0.0
SR,2006-10-31,0.0
SR,2006-11-30,0.0
SR,2006-12-31,0.0
SR,2007-01-31,0.0
SR,2007-02-28,0.0
SR,2007-03-31,0.0
SR,2007-04-30,0.0
SR,2007-05-31,0.0
SR,2007-06-30,0.0
SR,2007-07-31,0.0
SR,2007-08-31,0.0
SR,2007-09-30,0.0
SR,2007-10-31,0.0
SR,2007-11-30,0.0
SR,2007-12-31,0.0
SR,2008-01-31,0.0
SR,2008-02-29,0.0
SR,2008-03-31,0.0
SR,2008-04-30,0.0
SR,2008-05-31,0.0
SR,2008-06-30,0.0
SR,2008-07-31,0.0
SR,2008-08-31,0.0
SR,2008-09-30,0.0
SR,2008-10-31,0.0
SR,2008-11-30,0.0
SR,2008-12-31,0.0
SR,2009-01-31,0.0
SR,2009-02-28,0.0
SR,2009-03-31,0.0
SR,2009-04-30,0.0
SR,2009-05-31,0.0
SR,2009-06-30,0.0
SR,2009-07-31,0.0
SR,2009-08-31,0.0
SR,2009-09-30,0.0
SR,2009-10-31,0.0
SR,2009-11-30,0.0
SR,2009-12-31,0.0
SR,2010-01-31,0.0
SR,2010-02-28,0.0
SR,2010-03-31,0.0
SR,2010-04-30,0.0
SR,2010-05-31,0.0
SR,2010-06-30,0.0
SR,2010-07-31,0.0
SR,2010-08-31,0.0
SR,2010-09-30,0.0
SR,2010-10-31,0.0
SR,2010-11-30,0.0
SR,2010-12-31,0.0
SR,2011-01-31,0.0
SR,2011-02-28,0.0
SR,2011-03-31,0.0
SR,2011-04-30,0.0
SR,2011-05-31,0.0
SR,2011-06-30,0.0
SR,2011-07-31,0.0
SR,2011-08-31,0.0
SR,2011-09-30,0.0
SR,2011-10-31,0.0
SR,2011-11-30,0.0
SR,2011-12-31,0.0
SR,2012-01-31,0.0
SR,2012-02-29,0.0
SR,2012-03-31,0.0
SR,2012-04-30,0.0
SR,2012-05-31,0.0
SR,2012-06-30,0.0
SR,2012-07-31,0.0
SR,2012-08-31,0.0
SR,2012-09-30,0.0
SR,2012-10-31,0.0
SR,2012-11-30,0.0
SR,2012-12-31,0.0
SR,2013-01-31,15.9677
SR,2013-02-28,15.9286
SR,2013-03-31,16.3226
SR,2013-04-30,16.2333
SR,2013-05-31,16.3871
SR,2013-06-30,16.3333
SR,2013-07-31,0.0
SR,2013-08-31,0.0
SR,2013-09-30,0.0
SR,2013-10-31,0.0
SR,2013-11-30,0.0
SR,2013-12-31,0.0
SR,2014-01-31,0.0
SR,2014-02-28,0.0
SR,2014-03-31,0.0
SR,2014-04-30,0.0
SR,2014-05-31,0.0
SR,2014-06-30,0.0
SR,2014-07-31,0.0
SR,2014-08-31,0.0
SR,2014-09-30,0.0
SR,2014-10-31,0.0
SR,2014-11-30,0.0
SR,2014-12-31,0.0
SR,2015-01-31,0.0
SR,2015-02-28,0.0
SR,2015-03-31,0.0
SR,2015-04-30,0.0
SR,2015-05-31,0.0
SR,2015-06-30,0.0
SR,2015-07-31,0.0
SR,2015-08-31,0.0
SR,2015-09-30,0.0
SR,2015-10-31,0.0
SR,2015-11-30,0.0
SR,2015-12-31,0.0
SR,2016-01-31,0.0
SR,2016-02-29,0.0
SR,2016-03-31,0.0
SR,2016-04-30,0.0
SR,2016-05-31,0.0
SR,2016-06-30,0.0
SR,2016-07-31,0.0
SR,2016-08-31,
SR,2016-09-30,
SR,2016-10-31,
SR,2016-11-30,
SR,2016-12-31,
SR,2017-01-31,
SR,2017-02-28,
SR,2017-03-31,
SR,2017-04-30,
SR,2017-05-31,
SR,2017-06-30,
SR,2017-07-31,
SR,2017-08-31,
SR,2017-09-30,
SR,2017-10-31,
SR,2017-11-30,
SR,2017-12-31,
SR,2018-01-31,
SR,2018-02-28,
SR,2018-03-31,
SR,2018-04-30,
SR,2018-05-31,
SR,2018-06-30,
SR,2018-07-31,
SR,2018-08-31,
SR,2018-09-30,
SR,2018-10-31,
SR,2018-11-30,
SR,2018-12-31,
SR,2019-01-31,
SR,2019-02-28,
SR,2019-03-31,
SR,2019-04-30,
SR,2019-05-31,
SR,2019-06-30,
SR,2019-07-31,
SR,2019-08-31,
SR,2019-09-30,
SR,2019-10-31,
SR,2019-11-30,
SR,2019-12-31,
SR,2020-01-31,
SR,2020-02-29,
SR,2020-03-31,
SR,2020-04-30,
SR,2020-05-31,
SR,2020-06-30,
SR,2020-07-31,
SR,2020-08-31,
SR,2020-09-30,
SR,2020-10-31,
SR,2020-11-30,
SR,2020-12-31,
SR,2021-01-31,
SR,2021-02-28,
SR,2021-03-31,
SR,2021-04-30,
SR,2021-05-31,
SR,2021-06-30,
SR,2021-07-31,
SR,2021-08-31,
SR,2021-09-30,
SR,2021-10-31,
SR,2021-11-30,
SR,2021-12-31,
SR,2022-01-31,
SR,2022-02-28,
SR,2022-03-31,
SR,2022-04-30,
SR,2022-05-31,
SR,2022-06-30,
SR,2022-07-31,
SR,2022-08-31,
SR,2022-09-30,
SR,2022-10-31,
SR,2022-11-30,
SR,2022-12-31,
SR,2023-01-31,
SR,2023-02-28,
SR,2023-03-31,
SR,2023-04-30,
SR,2023-05-31,
SR,2023-06-30,
SR,2023-07-31,
SR,2023-08-31,
SR,2023-09-30,
SR,2023-10-31,
SR,2023-11-30,
SR,2023-12-31,
SR,2024-01-31,
SR,2024-02-29,
SR,2024-03-31,
SR,2024-04-30,
SR,2024-05-31,
SR,2024-06-30,
SR,2024-07-31,
SR,2024-08-31,
SR,2024-09-30,
SR,2024-10-31,
SR,2024-11-30,
SR,2024-12-31,
SR,2025-01-31,
SV,2002-01-31,0.0
SV,2002-02-28,0.0
SV,2002-03-31,0.0
SV,2002-04-30,0.0
SV,2002-05-31,0.0
SV,2002-06-30,0.0
SV,2002-07-31,0.0
SV,2002-08-31,0.0
SV,2002-09-30,0.0
SV,2002-10-31,0.0
SV,2002-11-30,0.0
SV,2002-12-31,0.0
SV,2003-01-31,0.0
SV,2003-02-28,0.0
SV,2003-03-31,0.0
SV,2003-04-30,0.0
SV,2003-05-31,0.0
SV,2003-06-30,0.0
SV,2003-07-31,0.0
SV,2003-08-31,0.0
SV,2003-09-30,0.0
SV,2003-10-31,0.0
SV,2003-11-30,0.0
SV,2003-12-31,0.0
SV,2004-01-31,0.0
SV,2004-02-29,0.0
SV,2004-03-31,0.0
SV,2004-04-30,0.0
SV,2004-05-31,0.0
SV,2004-06-30,0.0
SV,2004-07-31,0.0
SV,2004-08-31,0.0
SV,2004-09-30,0.0
SV,2004-10-31,0.0
SV,2004-11-30,0.0
SV,2004-12-31,0.0
SV,2005-01-31,0.0
SV,2005-02-28,0.0
SV,2005-03-31,0.0
SV,2005-04-30,0.0
SV,2005-05-31,0.0
SV,2005-06-30,0.0
SV,2005-07-31,0.0
SV,2005-08-31,0.0
SV,2005-09-30,0.0
SV,2005-10-31,0.0
SV,2005-11-30,0.0
SV,2005-12-31,0.0
SV,2006-01-31,0.0
SV,2006-02-28,0.0
SV,2006-03-31,0.0
SV,2006-04-30,0.0
SV,2006-05-31,0.0
SV,2006-06-30,0.0
SV,2006-07-31,0.0
SV,2006-08-31,0.0
SV,2006-09-30,0.0
SV,2006-10-31,0.0
SV,2006-11-30,0.0
SV,2006-12-31,0.0
SV,2007-01-31,0.0
SV,2007-02-28,0.0
SV,2007-03-31,0.0
SV,2007-04-30,0.0
SV,2007-05-31,0.0
SV,2007-06-30,0.0
SV,2007-07-31,0.0
SV,2007-08-31,0.0
SV,2007-09-30,0.0
SV,2007-10-31,0.0
SV,2007-11-30,0.0
SV,2007-12-31,0.0
SV,2008-01-31,0.0
SV,2008-02-29,0.0
SV,2008-03-31,0.0
SV,2008-04-30,0.0
SV,2008-05-31,0.0
SV,2008-06-30,0.0
SV,2008-07-31,0.0
SV,2008-08-31,0.0
SV,2008-09-30,0.0
SV,2008-10-31,0.0
SV,2008-11-30,0.0
SV,2008-12-31,0.0
SV,2009-01-31,0.0
SV,2009-02-28,0.0
SV,2009-03-31,0.0
SV,2009-04-30,0.0
SV,2009-05-31,0.0
SV,2009-06-30,0.0
SV,2009-07-31,0.0
SV,2009-08-31,0.0
SV,2009-09-30,0.0
SV,2009-10-31,0.0
SV,2009-11-30,0.0
SV,2009-12-31,0.0
SV,2010-01-31,0.0
SV,2010-02-28,0.0
SV,2010-03-31,0.0
SV,2010-04-30,0.0
SV,2010-05-31,0.0
SV,2010-06-30,0.0
SV,2010-07-31,0.0
SV,2010-08-31,0.0
SV,2010-09-30,0.0
SV,2010-10-31,0.0
SV,2010-11-30,0.0
SV,2010-12-31,0.0
SV,2011-01-31,0.0
SV,2011-02-28,0.0
SV,2011-03-31,0.0
SV,2011-04-30,0.0
SV,2011-05-31,0.0
SV,2011-06-30,0.0
SV,2011-07-31,0.0
SV,2011-08-31,0.0
SV,2011-09-30,0.0
SV,2011-10-31,0.0
SV,2011-11-30,0.0
SV,2011-12-31,0.0
SV,2012-01-31,0.0
SV,2012-02-29,0.0
SV,2012-03-31,0.0
SV,2012-04-30,0.0
SV,2012-05-31,0.0
SV,2012-06-30,0.0
SV,2012-07-31,0.0
SV,2012-08-31,0.0
SV,2012-09-30,0.0
SV,2012-10-31,0.0
SV,2012-11-30,0.0
SV,2012-12-31,0.0
SV,2013-01-31,0.0
SV,2013-02-28,0.0
SV,2013-03-31,0.0
SV,2013-04-30,0.0
SV,2013-05-31,0.0
SV,2013-06-30,0.0
SV,2013-07-31,0.0
SV,2013-08-31,0.0
SV,2013-09-30,0.0
SV,2013-10-31,0.0
SV,2013-11-30,0.0
SV,2013-12-31,0.0
SV,2014-01-31,0.0
SV,2014-02-28,0.0
SV,2014-03-31,0.0
SV,2014-04-30,0.0
SV,2014-05-31,0.0
SV,2014-06-30,0.0
SV,2014-07-31,0.0
SV,2014-08-31,0.0
SV,2014-09-30,0.0
SV,2014-10-31,0.0
SV,2014-11-30,0.0
SV,2014-12-31,0.0
SV,2015-01-31,0.0
SV,2015-02-28,0.0
SV,2015-03-31,0.0
SV,2015-04-30,0.0
SV,2015-05-31,0.0
SV,2015-06-30,0.0
SV,2015-07-31,0.0
SV,2015-08-31,0.0
SV,2015-09-30,0.0
SV,2015-10-31,0.0
SV,2015-11-30,0.0
SV,2015-12-31,0.0
SV,2016-01-31,0.0
SV,2016-02-29,0.0
SV,2016-03-31,0.0
SV,2016-04-30,0.0
SV,2016-05-31,0.0
SV,2016-06-30,0.0
SV,2016-07-31,0.0
SV,2016-08-31,
SV,2016-09-30,
SV,2016-10-31,
SV,2016-11-30,
SV,2016-12-31,
SV,2017-01-31,
SV,2017-02-28,
SV,2017-03-31,
SV,2017-04-30,
SV,2017-05-31,
SV,2017-06-30,
SV,2017-07-31,
SV,2017-08-31,
SV,2017-09-30,
SV,2017-10-31,
SV,2017-11-30,
SV,2017-12-31,
SV,2018-01-31,
SV,2018-02-28,
SV,2018-03-31,
SV,2018-04-30,
SV,2018-05-31,
SV,2018-06-30,
SV,2018-07-31,
SV,2018-08-31,
SV,2018-09-30,
SV,2018-10-31,
SV,2018-11-30,
SV,2018-12-31,
SV,2019-01-31,
SV,2019-02-28,
SV,2019-03-31,
SV,2019-04-30,
SV,2019-05-31,
SV,2019-06-30,
SV,2019-07-31,
SV,2019-08-31,
SV,2019-09-30,
SV,2019-10-31,
SV,2019-11-30,
SV,2019-12-31,
SV,2020-01-31,
SV,2020-02-29,
SV,2020-03-31,
SV,2020-04-30,
SV,2020-05-31,
SV,2020-06-30,
SV,2020-07-31,
SV,2020-08-31,
SV,2020-09-30,
SV,2020-10-31,
SV,2020-11-30,
SV,2020-12-31,
SV,2021-01-31,
SV,2021-02-28,
SV,2021-03-31,
SV,2021-04-30,
SV,2021-05-31,
SV,2021-06-30,
SV,2021-07-31,
SV,2021-08-31,
SV,2021-09-30,
SV,2021-10-31,
SV,2021-11-30,
SV,2021-12-31,
SV,2022-01-31,
SV,2022-02-28,
SV,2022-03-31,
SV,2022-04-30,
SV,2022-05-31,
SV,2022-06-30,
SV,2022-07-31,
SV,2022-08-31,
SV,2022-09-30,
SV,2022-10-31,
SV,2022-11-30,
SV,2022-12-31,
SV,2023-01-31,
SV,2023-02-28,
SV,2023-03-31,
SV,2023-04-30,
SV,2023-05-31,
SV,2023-06-30,
SV,2023-07-31,
SV,2023-08-31,
SV,2023-09-30,
SV,2023-10-31,
SV,2023-11-30,
SV,2023-12-31,
SV,2024-01-31,
SV,2024-02-29,
SV,2024-03-31,
SV,2024-04-30,
SV,2024-05-31,
SV,2024-06-30,
SV,2024-07-31,
SV,2024-08-31,
SV,2024-09-30,
SV,2024-10-31,
SV,2024-11-30,
SV,2024-12-31,
SV,2025-01-31,
SY,2002-01-31,
SY,2002-02-28,
SY,2002-03-31,
SY,2002-04-30,
SY,2002-05-31,
SY,2002-06-30,
SY,2002-07-31,
SY,2002-08-31,
SY,2002-09-30,
SY,2002-10-31,
SY,2002-11-30,
SY,2002-12-31,
SY,2003-01-31,
SY,2003-02-28,
SY,2003-03-31,
SY,2003-04-30,
SY,2003-05-31,
SY,2003-06-30,
SY,2003-07-31,
SY,2003-08-31,
SY,2003-09-30,
SY,2003-10-31,
SY,2003-11-30,
SY,2003-12-31,
SY,2004-01-31,
SY,2004-02-29,
SY,2004-03-31,
SY,2004-04-30,
SY,2004-05-31,
SY,2004-06-30,
SY,2004-07-31,
SY,2004-08-31,
SY,2004-09-30,
SY,2004-10-31,
SY,2004-11-30,
SY,2004-12-31,
SY,2005-01-31,
SY,2005-02-28,
SY,2005-03-31,
SY,2005-04-30,
SY,2005-05-31,
SY,2005-06-30,
SY,2005-07-31,
SY,2005-08-31,
SY,2005-09-30,
SY,2005-10-31,
SY,2005-11-30,
SY,2005-12-31,
SY,2006-01-31,
SY,2006-02-28,
SY,2006-03-31,
SY,2006-04-30,
SY,2006-05-31,
SY,2006-06-30,
SY,2006-07-31,
SY,2006-08-31,
SY,2006-09-30,
SY,2006-10-31,
SY,2006-11-30,
SY,2006-12-31,
SY,2007-01-31,
SY,2007-02-28,
SY,2007-03-31,
SY,2007-04-30,
SY,2007-05-31,
SY,2007-06-30,
SY,2007-07-31,
SY,2007-08-31,
SY,2007-09-30,
SY,2007-10-31,
SY,2007-11-30,
SY,2007-12-31,
SY,2008-01-31,
SY,2008-02-29,
SY,2008-03-31,
SY,2008-04-30,
SY,2008-05-31,
SY,2008-06-30,
SY,2008-07-31,
SY,2008-08-31,
SY,2008-09-30,
SY,2008-10-31,
SY,2008-11-30,
SY,2008-12-31,
SY,2009-01-31,
SY,2009-02-28,
SY,2009-03-31,
SY,2009-04-30,
SY,2009-05-31,
SY,2009-06-30,
SY,2009-07-31,
SY,2009-08-31,
SY,2009-09-30,
SY,2009-10-31,
SY,2009-11-30,
SY,2009-12-31,
SY,2010-01-31,
SY,2010-02-28,
SY,2010-03-31,
SY,2010-04-30,
SY,2010-05-31,
SY,2010-06-30,
SY,2010-07-31,
SY,2010-08-31,
SY,2010-09-30,
SY,2010-10-31,
SY,2010-11-30,
SY,2010-12-31,
SY,2011-01-31,
SY,2011-02-28,
SY,2011-03-31,
SY,2011-04-30,
SY,2011-05-31,
SY,2011-06-30,
SY,2011-07-31,
SY,2011-08-31,
SY,2011-09-30,
SY,2011-10-31,
SY,2011-11-30,
SY,2011-12-31,
SY,2012-01-31,
SY,2012-02-29,
SY,2012-03-31,
SY,2012-04-30,
SY,2012-05-31,
SY,2012-06-30,
SY,2012-07-31,
SY,2012-08-31,
SY,2012-09-30,
SY,2012-10-31,
SY,2012-11-30,
SY,2012-12-31,
SY,2013-01-31,
SY,2013-02-28,
SY,2013-03-31,
SY,2013-04-30,
SY,2013-05-31,
SY,2013-06-30,
SY,2013-07-31,
SY,2013-08-31,
SY,2013-09-30,
SY,2013-10-31,
SY,2013-11-30,
SY,2013-12-31,
SY,2014-01-31,
SY,2014-02-28,
SY,2014-03-31,
SY,2014-04-30,
SY,2014-05-31,
SY,2014-06-30,
SY,2014-07-31,
SY,2014-08-31,
SY,2014-09-30,
SY,2014-10-31,
SY,2014-11-30,
SY,2014-12-31,
SY,2015-01-31,
SY,2015-02-28,
SY,2015-03-31,
SY,2015-04-30,
SY,2015-05-31,
SY,2015-06-30,
SY,2015-07-31,
SY,2015-08-31,
SY,2015-09-30,
SY,2015-10-31,
SY,2015-11-30,
SY,2015-12-31,
SY,2016-01-31,
SY,2016-02-29,
SY,2016-03-31,
SY,2016-04-30,
SY,2016-05-31,
SY,2016-06-30,
SY,2016-07-31,
SY,2016-08-31,
SY,2016-09-30,
SY,2016-10-31,
SY,2016-11-30,
SY,2016-12-31,
SY,2017-01-31,
SY,2017-02-28,
SY,2017-03-31,
SY,2017-04-30,
SY,2017-05-31,
SY,2017-06-30,
SY,2017-07-31,
SY,2017-08-31,
SY,2017-09-30,
SY,2017-10-31,
SY,2017-11-30,
SY,2017-12-31,
SY,2018-01-31,
SY,2018-02-28,
SY,2018-03-31,
SY,2018-04-30,
SY,2018-05-31,
SY,2018-06-30,
SY,2018-07-31,
SY,2018-08-31,
SY,2018-09-30,
SY,2018-10-31,
SY,2018-11-30,
SY,2018-12-31,
SY,2019-01-31,
SY,2019-02-28,
SY,2019-03-31,
SY,2019-04-30,
SY,2019-05-31,
SY,2019-06-30,
SY,2019-07-31,
SY,2019-08-31,
SY,2019-09-30,
SY,2019-10-31,
SY,2019-11-30,
SY,2019-12-31,
SY,2020-01-31,
SY,2020-02-29,
SY,2020-03-31,
SY,2020-04-30,
SY,2020-05-31,
SY,2020-06-30,
SY,2020-07-31,
SY,2020-08-31,
SY,2020-09-30,
SY,2020-10-31,
SY,2020-11-30,
SY,2020-12-31,
SY,2021-01-31,
SY,2021-02-28,
SY,2021-03-31,
SY,2021-04-30,
SY,2021-05-31,
SY,2021-06-30,
SY,2021-07-31,
SY,2021-08-31,
SY,2021-09-30,
SY,2021-10-31,
SY,2021-11-30,
SY,2021-12-31,
SY,2022-01-31,
SY,2022-02-28,
SY,2022-03-31,
SY,2022-04-30,
SY,2022-05-31,
SY,2022-06-30,
SY,2022-07-31,
SY,2022-08-31,
SY,2022-09-30,
SY,2022-10-31,
SY,2022-11-30,
SY,2022-12-31,
SY,2023-01-31,
SY,2023-02-28,
SY,2023-03-31,
SY,2023-04-30,
SY,2023-05-31,
SY,2023-06-30,
SY,2023-07-31,
SY,2023-08-31,
SY,2023-09-30,
SY,2023-10-31,
SY,2023-11-30,
SY,2023-12-31,
SY,2024-01-31,
SY,2024-02-29,
SY,2024-03-31,
SY,2024-04-30,
SY,2024-05-31,
SY,2024-06-30,
SY,2024-07-31,
SY,2024-08-31,
SY,2024-09-30,
SY,2024-10-31,
SY,2024-11-30,
SY,2024-12-31,
SY,2025-01-31,
SY,2025-02-28,
SY,2025-03-31,
SZ,2002-01-31,
SZ,2002-02-28,
SZ,2002-03-31,
SZ,2002-04-30,
SZ,2002-05-31,
SZ,2002-06-30,
SZ,2002-07-31,
SZ,2002-08-31,
SZ,2002-09-30,
SZ,2002-10-31,
SZ,2002-11-30,
SZ,2002-12-31,
SZ,2003-01-31,
SZ,2003-02-28,
SZ,2003-03-31,
SZ,2003-04-30,
SZ,2003-05-31,
SZ,2003-06-30,
SZ,2003-07-31,
SZ,2003-08-31,
SZ,2003-09-30,
SZ,2003-10-31,
SZ,2003-11-30,
SZ,2003-12-31,
SZ,2004-01-31,
SZ,2004-02-29,
SZ,2004-03-31,
SZ,2004-04-30,
SZ,2004-05-31,
SZ,2004-06-30,
SZ,2004-07-31,
SZ,2004-08-31,
SZ,2004-09-30,
SZ,2004-10-31,
SZ,2004-11-30,
SZ,2004-12-31,
SZ,2005-01-31,
SZ,2005-02-28,
SZ,2005-03-31,
SZ,2005-04-30,
SZ,2005-05-31,
SZ,2005-06-30,
SZ,2005-07-31,
SZ,2005-08-31,
SZ,2005-09-30,
SZ,2005-10-31,
SZ,2005-11-30,
SZ,2005-12-31,
SZ,2006-01-31,
SZ,2006-02-28,
SZ,2006-03-31,
SZ,2006-04-30,
SZ,2006-05-31,
SZ,2006-06-30,
SZ,2006-07-31,
SZ,2006-08-31,
SZ,2006-09-30,
SZ,2006-10-31,
SZ,2006-11-30,
SZ,2006-12-31,
SZ,2007-01-31,
SZ,2007-02-28,
SZ,2007-03-31,
SZ,2007-04-30,
SZ,2007-05-31,
SZ,2007-06-30,
SZ,2007-07-31,
SZ,2007-08-31,
SZ,2007-09-30,
SZ,2007-10-31,
SZ,2007-11-30,
SZ,2007-12-31,
SZ,2008-01-31,
SZ,2008-02-29,
SZ,2008-03-31,
SZ,2008-04-30,
SZ,2008-05-31,
SZ,2008-06-30,
SZ,2008-07-31,
SZ,2008-08-31,
SZ,2008-09-30,
SZ,2008-10-31,
SZ,2008-11-30,
SZ,2008-12-31,
SZ,2009-01-31,
SZ,2009-02-28,
SZ,2009-03-31,
SZ,2009-04-30,
SZ,2009-05-31,
SZ,2009-06-30,
SZ,2009-07-31,
SZ,2009-08-31,
SZ,2009-09-30,
SZ,2009-10-31,
SZ,2009-11-30,
SZ,2009-12-31,
SZ,2010-01-31,
SZ,2010-02-28,
SZ,2010-03-31,
SZ,2010-04-30,
SZ,2010-05-31,
SZ,2010-06-30,
SZ,2010-07-31,
SZ,2010-08-31,
SZ,2010-09-30,
SZ,2010-10-31,
SZ,2010-11-30,
SZ,2010-12-31,
SZ,2011-01-31,
SZ,2011-02-28,
SZ,2011-03-31,
SZ,2011-04-30,
SZ,2011-05-31,
SZ,2011-06-30,
SZ,2011-07-31,
SZ,2011-08-31,
SZ,2011-09-30,
SZ,2011-10-31,
SZ,2011-11-30,
SZ,2011-12-31,
SZ,2012-01-31,
SZ,2012-02-29,
SZ,2012-03-31,
SZ,2012-04-30,
SZ,2012-05-31,
SZ,2012-06-30,
SZ,2012-07-31,
SZ,2012-08-31,
SZ,2012-09-30,
SZ,2012-10-31,
SZ,2012-11-30,
SZ,2012-12-31,
SZ,2013-01-31,
SZ,2013-02-28,
SZ,2013-03-31,
SZ,2013-04-30,
SZ,2013-05-31,
SZ,2013-06-30,
SZ,2013-07-31,
SZ,2013-08-31,
SZ,2013-09-30,
SZ,2013-10-31,
SZ,2013-11-30,
SZ,2013-12-31,
SZ,2014-01-31,
SZ,2014-02-28,
SZ,2014-03-31,
SZ,2014-04-30,
SZ,2014-05-31,
SZ,2014-06-30,
SZ,2014-07-31,
SZ,2014-08-31,
SZ,2014-09-30,
SZ,2014-10-31,
SZ,2014-11-30,
SZ,2014-12-31,
SZ,2015-01-31,
SZ,2015-02-28,
SZ,2015-03-31,
SZ,2015-04-30,
SZ,2015-05-31,
SZ,2015-06-30,
SZ,2015-07-31,
SZ,2015-08-31,
SZ,2015-09-30,
SZ,2015-10-31,
SZ,2015-11-30,
SZ,2015-12-31,
SZ,2016-01-31,
SZ,2016-02-29,
SZ,2016-03-31,
SZ,2016-04-30,
SZ,2016-05-31,
SZ,2016-06-30,
SZ,2016-07-31,
SZ,2016-08-31,
SZ,2016-09-30,
SZ,2016-10-31,
SZ,2016-11-30,
SZ,2016-12-31,
SZ,2017-01-31,
SZ,2017-02-28,
SZ,2017-03-31,
SZ,2017-04-30,
SZ,2017-05-31,
SZ,2017-06-30,
SZ,2017-07-31,
SZ,2017-08-31,
SZ,2017-09-30,
SZ,2017-10-31,
SZ,2017-11-30,
SZ,2017-12-31,
SZ,2018-01-31,
SZ,2018-02-28,
SZ,2018-03-31,
SZ,2018-04-30,
SZ,2018-05-31,
SZ,2018-06-30,
SZ,2018-07-31,
SZ,2018-08-31,
SZ,2018-09-30,
SZ,2018-10-31,
SZ,2018-11-30,
SZ,2018-12-31,
SZ,2019-01-31,
SZ,2019-02-28,
SZ,2019-03-31,
SZ,2019-04-30,
SZ,2019-05-31,
SZ,2019-06-30,
SZ,2019-07-31,
SZ,2019-08-31,
SZ,2019-09-30,
SZ,2019-10-31,
SZ,2019-11-30,
SZ,2019-12-31,
SZ,2020-01-31,
SZ,2020-02-29,
SZ,2020-03-31,
SZ,2020-04-30,
SZ,2020-05-31,
SZ,2020-06-30,
SZ,2020-07-31,
SZ,2020-08-31,
SZ,2020-09-30,
SZ,2020-10-31,
SZ,2020-11-30,
SZ,2020-12-31,
SZ,2021-01-31,
SZ,2021-02-28,
SZ,2021-03-31,
SZ,2021-04-30,
SZ,2021-05-31,
SZ,2021-06-30,
SZ,2021-07-31,
SZ,2021-08-31,
SZ,2021-09-30,
SZ,2021-10-31,
SZ,2021-11-30,
SZ,2021-12-31,
SZ,2022-01-31,
SZ,2022-02-28,
SZ,2022-03-31,
SZ,2022-04-30,
SZ,2022-05-31,
SZ,2022-06-30,
SZ,2022-07-31,
SZ,2022-08-31,
SZ,2022-09-30,
SZ,2022-10-31,
SZ,2022-11-30,
SZ,2022-12-31,
SZ,2023-01-31,
SZ,2023-02-28,
SZ,2023-03-31,
SZ,2023-04-30,
SZ,2023-05-31,
SZ,2023-06-30,
SZ,2023-07-31,
SZ,2023-08-31,
SZ,2023-09-30,
SZ,2023-10-31,
SZ,2023-11-30,
SZ,2023-12-31,
SZ,2024-01-31,
SZ,2024-02-29,
SZ,2024-03-31,
SZ,2024-04-30,
SZ,2024-05-31,
SZ,2024-06-30,
SZ,2024-07-31,
SZ,2024-08-31,
SZ,2024-09-30,
SZ,2024-10-31,
SZ,2024-11-30,
SZ,2024-12-31,
SZ,2025-01-31,
SZ,2025-02-28,
SZ,2025-03-31,
TH,2002-01-31,115.2467
TH,2002-02-28,118.8363
TH,2002-03-31,125.788
TH,2002-04-30,120.9744
TH,2002-05-31,125.3845
TH,2002-06-30,128.7264
TH,2002-07-31,140.815
TH,2002-08-31,137.7675
TH,2002-09-30,137.3345
TH,2002-10-31,137.1535
TH,2002-11-30,131.8778
TH,2002-12-31,130.6725
TH,2003-01-31,152.3726
TH,2003-02-28,162.4086
TH,2003-03-31,159.4706
TH,2003-04-30,153.2663
TH,2003-05-31,159.4706
TH,2003-06-30,159.9765
TH,2003-07-31,157.455
TH,2003-08-31,161.5053
TH,2003-09-30,160.5983
TH,2003-10-31,165.3682
TH,2003-11-30,162.7035
TH,2003-12-31,153.594
TH,2004-01-31,137.5692
TH,2004-02-29,146.6123
TH,2004-03-31,158.676
TH,2004-04-30,139.2098
TH,2004-05-31,157.8624
TH,2004-06-30,157.0287
TH,2004-07-31,154.1963
TH,2004-08-31,157.8624
TH,2004-09-30,160.82
TH,2004-10-31,160.5019
TH,2004-11-30,161.8611
TH,2004-12-31,151.9632
TH,2005-01-31,168.009
TH,2005-02-28,165.7804
TH,2005-03-31,169.4248
TH,2005-04-30,158.5133
TH,2005-05-31,162.7287
TH,2005-06-30,183.0437
TH,2005-07-31,197.8145
TH,2005-08-31,204.1121
TH,2005-09-30,203.1687
TH,2005-10-31,190.112
TH,2005-11-30,201.2687
TH,2005-12-31,195.3813
TH,2006-01-31,204.5281
TH,2006-02-28,207.5518
TH,2006-03-31,209.5966
TH,2006-04-30,207.5589
TH,2006-05-31,213.434
TH,2006-06-30,209.668
TH,2006-07-31,203.501
TH,2006-08-31,206.3589
TH,2006-09-30,208.6072
TH,2006-10-31,190.3218
TH,2006-11-30,202.9525
TH,2006-12-31,196.4057
TH,2007-01-31,194.9893
TH,2007-02-28,206.8817
TH,2007-03-31,221.7794
TH,2007-04-30,217.4101
TH,2007-05-31,212.429
TH,2007-06-30,215.7335
TH,2007-07-31,217.5028
TH,2007-08-31,212.019
TH,2007-09-30,210.2843
TH,2007-10-31,208.1805
TH,2007-11-30,224.9659
TH,2007-12-31,218.9182
TH,2008-01-31,214.4654
TH,2008-02-29,234.4562
TH,2008-03-31,214.4654
TH,2008-04-30,226.641
TH,2008-05-31,232.932
TH,2008-06-30,238.3712
TH,2008-07-31,221.5737
TH,2008-08-31,240.4183
TH,2008-09-30,242.581
TH,2008-10-31,244.0931
TH,2008-11-30,227.4965
TH,2008-12-31,226.2312
TH,2009-01-31,234.7558
TH,2009-02-28,232.5125
TH,2009-03-31,253.4294
TH,2009-04-30,237.77
TH,2009-05-31,238.4003
TH,2009-06-30,241.7504
TH,2009-07-31,236.375
TH,2009-08-31,238.596
TH,2009-09-30,220.5485
TH,2009-10-31,220.745
TH,2009-11-30,240.0445
TH,2009-12-31,259.8943
TH,2010-01-31,232.7278
TH,2010-02-28,235.8765
TH,2010-03-31,250.3618
TH,2010-04-30,236.2745
TH,2010-05-31,246.1144
TH,2010-06-30,256.8247
TH,2010-07-31,255.0463
TH,2010-08-31,250.5635
TH,2010-09-30,248.0124
TH,2010-10-31,235.5602
TH,2010-11-30,232.3096
TH,2010-12-31,221.5737
TH,2011-01-31,228.056
TH,2011-02-28,229.1163
TH,2011-03-31,235.367
TH,2011-04-30,226.4283
TH,2011-05-31,233.1361
TH,2011-06-30,225.1788
TH,2011-07-31,213.434
TH,2011-08-31,222.5784
TH,2011-09-30,221.6142
TH,2011-10-31,209.5966
TH,2011-11-30,224.3267
TH,2011-12-31,221.368
TH,2012-01-31,222.3655
TH,2012-02-29,237.0745
TH,2012-03-31,249.1479
TH,2012-04-30,242.3703
TH,2012-05-31,223.4004
TH,2012-06-30,233.1365
TH,2012-07-31,242.0698
TH,2012-08-31,239.2059
TH,2012-09-30,240.9073
TH,2012-10-31,237.7905
TH,2012-11-30,250.7673
TH,2012-12-31,245.912
TH,2013-01-31,250.5635
TH,2013-02-28,254.0573
TH,2013-03-31,251.576
TH,2013-04-30,249.7195
TH,2013-05-31,252.4165
TH,2013-06-30,242.581
TH,2013-07-31,234.5519
TH,2013-08-31,231.9246
TH,2013-09-30,225.7897
TH,2013-10-31,239.6121
TH,2013-11-30,230.4225
TH,2013-12-31,225.226
TH,2014-01-31,218.7122
TH,2014-02-28,233.1687
TH,2014-03-31,233.7481
TH,2014-04-30,227.6781
TH,2014-05-31,243.2827
TH,2014-06-30,239.6554
TH,2014-07-31,227.8514
TH,2014-08-31,232.3011
TH,2014-09-30,234.4073
TH,2014-10-31,226.2312
TH,2014-11-30,240.4854
TH,2014-12-31,236.9764
TH,2015-01-31,233.9399
TH,2015-02-28,235.8765
TH,2015-03-31,254.033
TH,2015-04-30,249.0614
TH,2015-05-31,239.8152
TH,2015-06-30,236.6974
TH,2015-07-31,249.1479
TH,2015-08-31,244.6985
TH,2015-09-30,247.809
TH,2015-10-31,255.0463
TH,2015-11-30,263.34
TH,2015-12-31,265.3911
TH,2016-01-31,272.8906
TH,2016-02-29,270.9072
TH,2016-03-31,264.9918
TH,2016-04-30,268.9849
TH,2016-05-31,244.0931
TH,2016-06-30,253.2736
TH,2016-07-31,259.0926
TH,2016-08-31,253.4294
TH,2016-09-30,250.3484
TH,2016-10-31,252.215
TH,2016-11-30,252.6459
TH,2016-12-31,246.5189
TH,2017-01-31,250.16
TH,2017-02-28,245.7354
TH,2017-03-31,242.0698
TH,2017-04-30,232.5002
TH,2017-05-31,241.664
TH,2017-06-30,226.4283
TH,2017-07-31,229.6908
TH,2017-08-31,240.8243
TH,2017-09-30,240.4661
TH,2017-10-31,243.4854
TH,2017-11-30,240.6964
TH,2017-12-31,236.5786
TH,2018-01-31,213.2565
TH,2018-02-28,244.1686
TH,2018-03-31,218.9182
TH,2018-04-30,204.848
TH,2018-05-31,229.6755
TH,2018-06-30,224.9659
TH,2018-07-31,213.2565
TH,2018-08-31,213.2565
TH,2018-09-30,217.6241
TH,2018-10-31,236.1714
TH,2018-11-30,234.3879
TH,2018-12-31,223.195
TH,2019-01-31,207.9728
TH,2019-02-28,214.7475
TH,2019-03-31,241.8669
TH,2019-04-30,242.3703
TH,2019-05-31,234.5519
TH,2019-06-30,227.2837
TH,2019-07-31,211.6341
TH,2019-08-31,221.3617
TH,2019-09-30,226.645
TH,2019-10-31,234.5519
TH,2019-11-30,237.1356
TH,2019-12-31,217.0903
TH,2020-01-31,220.9506
TH,2020-02-29,222.7596
TH,2020-03-31,224.2
TH,2020-04-30,205.8797
TH,2020-05-31,196.3999
TH,2020-06-30,187.649
TH,2020-07-31,193.9655
TH,2020-08-31,199.2385
TH,2020-09-30,205.2515
TH,2020-10-31,196.4057
TH,2020-11-30,190.7819
TH,2020-12-31,179.7583
TH,2021-01-31,187.0713
TH,2021-02-28,189.3804
TH,2021-03-31,189.0909
TH,2021-04-30,184.9267
TH,2021-05-31,192.9425
TH,2021-06-30,194.1444
TH,2021-07-31,169.0222
TH,2021-08-31,173.8845
TH,2021-09-30,170.2531
TH,2021-10-31,161.9181
TH,2021-11-30,160.82
TH,2021-12-31,153.7879
TH,2022-01-31,187.0713
TH,2022-02-28,148.2683
TH,2022-03-31,134.1188
TH,2022-04-30,145.0808
TH,2022-05-31,139.1829
TH,2022-06-30,130.4152
TH,2022-07-31,137.352
TH,2022-08-31,141.0123
TH,2022-09-30,140.6726
TH,2022-10-31,149.1316
TH,2022-11-30,147.8034
TH,2022-12-31,140.2032
TH,2023-01-31,187.0713
TH,2023-02-28,148.2683
TH,2023-03-31,134.1188
TH,2023-04-30,133.5476
TH,2023-05-31,136.9548
TH,2023-06-30,128.1
TH,2023-07-31,136.5506
TH,2023-08-31,134.1213
TH,2023-09-30,125.8008
TH,2023-10-31,140.4008
TH,2023-11-30,135.235
TH,2023-12-31,135.1356
TH,2024-01-31,141.8166
TH,2024-02-29,145.5234
TH,2024-03-31,153.594
TH,2024-04-30,156.1903
TH,2024-05-31,156.0173
TH,2024-06-30,156.6266
TH,2024-07-31,144.668
TH,2024-08-31,154.4073
TH,2024-09-30,158.9141
TH,2024-10-31,164.964
TH,2024-11-30,161.4397
TH,2024-12-31,146.4959
TH,2025-01-31,153.1849
TH,2025-02-28,157.6845
TH,2025-03-31,144.6663
TJ,2002-01-31,
TJ,2002-02-28,
TJ,2002-03-31,
TJ,2002-04-30,
TJ,2002-05-31,
TJ,2002-06-30,
TJ,2002-07-31,
TJ,2002-08-31,
TJ,2002-09-30,
TJ,2002-10-31,
TJ,2002-11-30,
TJ,2002-12-31,
TJ,2003-01-31,
TJ,2003-02-28,
TJ,2003-03-31,
TJ,2003-04-30,
TJ,2003-05-31,
TJ,2003-06-30,
TJ,2003-07-31,
TJ,2003-08-31,
TJ,2003-09-30,
TJ,2003-10-31,
TJ,2003-11-30,
TJ,2003-12-31,
TJ,2004-01-31,
TJ,2004-02-29,
TJ,2004-03-31,
TJ,2004-04-30,
TJ,2004-05-31,
TJ,2004-06-30,
TJ,2004-07-31,
TJ,2004-08-31,
TJ,2004-09-30,
TJ,2004-10-31,
TJ,2004-11-30,
TJ,2004-12-31,
TJ,2005-01-31,
TJ,2005-02-28,
TJ,2005-03-31,
TJ,2005-04-30,
TJ,2005-05-31,
TJ,2005-06-30,
TJ,2005-07-31,
TJ,2005-08-31,
TJ,2005-09-30,
TJ,2005-10-31,
TJ,2005-11-30,
TJ,2005-12-31,
TJ,2006-01-31,
TJ,2006-02-28,
TJ,2006-03-31,
TJ,2006-04-30,
TJ,2006-05-31,
TJ,2006-06-30,
TJ,2006-07-31,
TJ,2006-08-31,
TJ,2006-09-30,
TJ,2006-10-31,
TJ,2006-11-30,
TJ,2006-12-31,
TJ,2007-01-31,
TJ,2007-02-28,
TJ,2007-03-31,
TJ,2007-04-30,
TJ,2007-05-31,
TJ,2007-06-30,
TJ,2007-07-31,
TJ,2007-08-31,
TJ,2007-09-30,
TJ,2007-10-31,
TJ,2007-11-30,
TJ,2007-12-31,
TJ,2008-01-31,
TJ,2008-02-29,
TJ,2008-03-31,
TJ,2008-04-30,
TJ,2008-05-31,
TJ,2008-06-30,
TJ,2008-07-31,
TJ,2008-08-31,
TJ,2008-09-30,
TJ,2008-10-31,
TJ,2008-11-30,
TJ,2008-12-31,
TJ,2009-01-31,
TJ,2009-02-28,
TJ,2009-03-31,
TJ,2009-04-30,
TJ,2009-05-31,
TJ,2009-06-30,
TJ,2009-07-31,
TJ,2009-08-31,
TJ,2009-09-30,
TJ,2009-10-31,
TJ,2009-11-30,
TJ,2009-12-31,
TJ,2010-01-31,
TJ,2010-02-28,
TJ,2010-03-31,
TJ,2010-04-30,
TJ,2010-05-31,
TJ,2010-06-30,
TJ,2010-07-31,
TJ,2010-08-31,
TJ,2010-09-30,
TJ,2010-10-31,
TJ,2010-11-30,
TJ,2010-12-31,
TJ,2011-01-31,
TJ,2011-02-28,
TJ,2011-03-31,
TJ,2011-04-30,
TJ,2011-05-31,
TJ,2011-06-30,
TJ,2011-07-31,
TJ,2011-08-31,
TJ,2011-09-30,
TJ,2011-10-31,
TJ,2011-11-30,
TJ,2011-12-31,
TJ,2012-01-31,
TJ,2012-02-29,
TJ,2012-03-31,
TJ,2012-04-30,
TJ,2012-05-31,
TJ,2012-06-30,
TJ,2012-07-31,
TJ,2012-08-31,
TJ,2012-09-30,
TJ,2012-10-31,
TJ,2012-11-30,
TJ,2012-12-31,
TJ,2013-01-31,
TJ,2013-02-28,
TJ,2013-03-31,
TJ,2013-04-30,
TJ,2013-05-31,
TJ,2013-06-30,
TJ,2013-07-31,
TJ,2013-08-31,
TJ,2013-09-30,
TJ,2013-10-31,
TJ,2013-11-30,
TJ,2013-12-31,
TJ,2014-01-31,0.4755
TJ,2014-02-28,0.5264
TJ,2014-03-31,0.4755
TJ,2014-04-30,0.4913
TJ,2014-05-31,0.4755
TJ,2014-06-30,0.4913
TJ,2014-07-31,0.4755
TJ,2014-08-31,0.4755
TJ,2014-09-30,0.4913
TJ,2014-10-31,0.4755
TJ,2014-11-30,0.4913
TJ,2014-12-31,0.4755
TJ,2015-01-31,0.4755
TJ,2015-02-28,0.5264
TJ,2015-03-31,0.4755
TJ,2015-04-30,0.4913
TJ,2015-05-31,0.4755
TJ,2015-06-30,0.4913
TJ,2015-07-31,0.4755
TJ,2015-08-31,0.4755
TJ,2015-09-30,0.4913
TJ,2015-10-31,0.4755
TJ,2015-11-30,0.4913
TJ,2015-12-31,0.4755
TJ,2016-01-31,0.4755
TJ,2016-02-29,0.5083
TJ,2016-03-31,0.4755
TJ,2016-04-30,0.4913
TJ,2016-05-31,0.4755
TJ,2016-06-30,0.4913
TJ,2016-07-31,0.4755
TJ,2016-08-31,0.4755
TJ,2016-09-30,0.4913
TJ,2016-10-31,0.4755
TJ,2016-11-30,
TJ,2016-12-31,
TJ,2017-01-31,0.4755
TJ,2017-02-28,0.5264
TJ,2017-03-31,0.4755
TJ,2017-04-30,0.4913
TJ,2017-05-31,0.4755
TJ,2017-06-30,0.4913
TJ,2017-07-31,0.4755
TJ,2017-08-31,0.4755
TJ,2017-09-30,0.4913
TJ,2017-10-31,0.4755
TJ,2017-11-30,0.4913
TJ,2017-12-31,0.4755
TJ,2018-01-31,0.4755
TJ,2018-02-28,0.5264
TJ,2018-03-31,0.4755
TJ,2018-04-30,0.4913
TJ,2018-05-31,0.4755
TJ,2018-06-30,0.4913
TJ,2018-07-31,0.4755
TJ,2018-08-31,0.4755
TJ,2018-09-30,0.4913
TJ,2018-10-31,0.4755
TJ,2018-11-30,0.4913
TJ,2018-12-31,0.4755
TJ,2019-01-31,0.4755
TJ,2019-02-28,0.5264
TJ,2019-03-31,0.4755
TJ,2019-04-30,0.4913
TJ,2019-05-31,0.4755
TJ,2019-06-30,0.4913
TJ,2019-07-31,0.4755
TJ,2019-08-31,0.4755
TJ,2019-09-30,0.4913
TJ,2019-10-31,0.4755
TJ,2019-11-30,0.4913
TJ,2019-12-31,0.4755
TJ,2020-01-31,0.4755
TJ,2020-02-29,0.5083
TJ,2020-03-31,0.4755
TJ,2020-04-30,0.4913
TJ,2020-05-31,0.4755
TJ,2020-06-30,0.4913
TJ,2020-07-31,0.4755
TJ,2020-08-31,0.4755
TJ,2020-09-30,0.4913
TJ,2020-10-31,0.4755
TJ,2020-11-30,0.4913
TJ,2020-12-31,0.4755
TJ,2021-01-31,0.4755
TJ,2021-02-28,0.5264
TJ,2021-03-31,0.4755
TJ,2021-04-30,0.4913
TJ,2021-05-31,0.4755
TJ,2021-06-30,0.4913
TJ,2021-07-31,0.4755
TJ,2021-08-31,0.4755
TJ,2021-09-30,0.4913
TJ,2021-10-31,0.4755
TJ,2021-11-30,0.4913
TJ,2021-12-31,0.4755
TJ,2022-01-31,0.4755
TJ,2022-02-28,0.5264
TJ,2022-03-31,0.4755
TJ,2022-04-30,0.4913
TJ,2022-05-31,0.4755
TJ,2022-06-30,0.4913
TJ,2022-07-31,0.4755
TJ,2022-08-31,0.4755
TJ,2022-09-30,0.4913
TJ,2022-10-31,0.4755
TJ,2022-11-30,0.4913
TJ,2022-12-31,0.4755
TJ,2023-01-31,0.4755
TJ,2023-02-28,0.5264
TJ,2023-03-31,0.4755
TJ,2023-04-30,0.4913
TJ,2023-05-31,0.2377
TJ,2023-06-30,0.4913
TJ,2023-07-31,0.4755
TJ,2023-08-31,0.4755
TJ,2023-09-30,0.4913
TJ,2023-10-31,0.2377
TJ,2023-11-30,0.4913
TJ,2023-12-31,0.2377
TJ,2024-01-31,0.2377
TJ,2024-02-29,
TJ,2024-03-31,
TJ,2024-04-30,
TJ,2024-05-31,
TJ,2024-06-30,
TJ,2024-07-31,
TJ,2024-08-31,
TJ,2024-09-30,
TJ,2024-10-31,
TJ,2024-11-30,
TJ,2024-12-31,
TJ,2025-01-31,
TJ,2025-02-28,
TJ,2025-03-31,
TN,2002-01-31,
TN,2002-02-28,
TN,2002-03-31,
TN,2002-04-30,
TN,2002-05-31,
TN,2002-06-30,
TN,2002-07-31,
TN,2002-08-31,
TN,2002-09-30,
TN,2002-10-31,
TN,2002-11-30,
TN,2002-12-31,
TN,2003-01-31,
TN,2003-02-28,
TN,2003-03-31,
TN,2003-04-30,
TN,2003-05-31,
TN,2003-06-30,
TN,2003-07-31,
TN,2003-08-31,
TN,2003-09-30,
TN,2003-10-31,
TN,2003-11-30,
TN,2003-12-31,
TN,2004-01-31,
TN,2004-02-29,
TN,2004-03-31,
TN,2004-04-30,
TN,2004-05-31,
TN,2004-06-30,
TN,2004-07-31,
TN,2004-08-31,
TN,2004-09-30,
TN,2004-10-31,
TN,2004-11-30,
TN,2004-12-31,
TN,2005-01-31,
TN,2005-02-28,
TN,2005-03-31,
TN,2005-04-30,
TN,2005-05-31,
TN,2005-06-30,
TN,2005-07-31,
TN,2005-08-31,
TN,2005-09-30,
TN,2005-10-31,
TN,2005-11-30,
TN,2005-12-31,
TN,2006-01-31,
TN,2006-02-28,
TN,2006-03-31,
TN,2006-04-30,
TN,2006-05-31,
TN,2006-06-30,
TN,2006-07-31,
TN,2006-08-31,
TN,2006-09-30,
TN,2006-10-31,
TN,2006-11-30,
TN,2006-12-31,
TN,2007-01-31,
TN,2007-02-28,
TN,2007-03-31,
TN,2007-04-30,
TN,2007-05-31,
TN,2007-06-30,
TN,2007-07-31,
TN,2007-08-31,
TN,2007-09-30,
TN,2007-10-31,
TN,2007-11-30,
TN,2007-12-31,
TN,2008-01-31,
TN,2008-02-29,
TN,2008-03-31,
TN,2008-04-30,
TN,2008-05-31,
TN,2008-06-30,
TN,2008-07-31,
TN,2008-08-31,
TN,2008-09-30,
TN,2008-10-31,
TN,2008-11-30,
TN,2008-12-31,
TN,2009-01-31,91.7839
TN,2009-02-28,88.7096
TN,2009-03-31,84.3419
TN,2009-04-30,86.3843
TN,2009-05-31,82.6055
TN,2009-06-30,80.4887
TN,2009-07-31,82.1094
TN,2009-08-31,79.3806
TN,2009-09-30,80.4887
TN,2009-10-31,79.3806
TN,2009-11-30,78.438
TN,2009-12-31,77.3961
TN,2010-01-31,81.8613
TN,2010-02-28,83.4914
TN,2010-03-31,80.869
TN,2010-04-30,82.5393
TN,2010-05-31,78.6365
TN,2010-06-30,82.283
TN,2010-07-31,83.3497
TN,2010-08-31,83.3497
TN,2010-09-30,81.2577
TN,2010-10-31,71.6906
TN,2010-11-30,70.748
TN,2010-12-31,65.7371
TN,2011-01-31,64.0006
TN,2011-02-28,67.0129
TN,2011-03-31,70.9465
TN,2011-04-30,72.7987
TN,2011-05-31,73.179
TN,2011-06-30,71.2607
TN,2011-07-31,64.7448
TN,2011-08-31,73.4271
TN,2011-09-30,70.4917
TN,2011-10-31,66.4813
TN,2011-11-30,63.058
TN,2011-12-31,60.7758
TN,2012-01-31,61.2719
TN,2012-02-29,70.0055
TN,2012-03-31,67.2255
TN,2012-04-30,66.903
TN,2012-05-31,61.2719
TN,2012-06-30,67.9283
TN,2012-07-31,66.7294
TN,2012-08-31,67.4735
TN,2012-09-30,68.1847
TN,2012-10-31,68.9619
TN,2012-11-30,69.21
TN,2012-12-31,69.9542
TN,2013-01-31,67.4735
TN,2013-02-28,63.7171
TN,2013-03-31,64.7448
TN,2013-04-30,66.903
TN,2013-05-31,61.52
TN,2013-06-30,59.213
TN,2013-07-31,56.0626
TN,2013-08-31,60.5277
TN,2013-09-30,59.7257
TN,2013-10-31,57.551
TN,2013-11-30,53.83
TN,2013-12-31,56.8068
TN,2014-01-31,56.8068
TN,2014-02-28,59.5975
TN,2014-03-31,59.0394
TN,2014-04-30,54.8553
TN,2014-05-31,49.3648
TN,2014-06-30,55.1117
TN,2014-07-31,54.5742
TN,2014-08-31,55.0703
TN,2014-09-30,50.754
TN,2014-10-31,52.5897
TN,2014-11-30,53.3173
TN,2014-12-31,50.3571
TN,2015-01-31,54.3261
TN,2015-02-28,53.83
TN,2015-03-31,52.3416
TN,2015-04-30,53.3173
TN,2015-05-31,52.0935
TN,2015-06-30,48.1907
TN,2015-07-31,46.3881
TN,2015-08-31,49.3648
TN,2015-09-30,46.3963
TN,2015-10-31,42.171
TN,2015-11-30,45.1147
TN,2015-12-31,47.3803
TN,2016-01-31,48.8687
TN,2016-02-29,47.731
TN,2016-03-31,43.1632
TN,2016-04-30,48.9597
TN,2016-05-31,47.8765
TN,2016-06-30,47.1653
TN,2016-07-31,46.14
TN,2016-08-31,47.1323
TN,2016-09-30,44.8583
TN,2016-10-31,43.1632
TN,2016-11-30,44.0893
TN,2016-12-31,44.8997
TN,2017-01-31,47.3803
TN,2017-02-28,44.7668
TN,2017-03-31,42.9152
TN,2017-04-30,43.064
TN,2017-05-31,41.6748
TN,2017-06-30,29.7347
TN,2017-07-31,27.2871
TN,2017-08-31,23.5661
TN,2017-09-30,49.985
TN,2017-10-31,41.9229
TN,2017-11-30,43.5767
TN,2017-12-31,42.171
TN,2018-01-31,41.6748
TN,2018-02-28,38.9993
TN,2018-03-31,40.4345
TN,2018-04-30,37.9373
TN,2018-05-31,39.6903
TN,2018-06-30,39.4753
TN,2018-07-31,39.9384
TN,2018-08-31,38.45
TN,2018-09-30,36.912
TN,2018-10-31,35.9694
TN,2018-11-30,35.374
TN,2018-12-31,34.9771
TN,2019-01-31,38.45
TN,2019-02-28,36.8021
TN,2019-03-31,38.9461
TN,2019-04-30,36.3993
TN,2019-05-31,36.9616
TN,2019-06-30,35.374
TN,2019-07-31,34.9771
TN,2019-08-31,34.481
TN,2019-09-30,33.5797
TN,2019-10-31,34.2329
TN,2019-11-30,33.5797
TN,2019-12-31,32.9926
TN,2020-01-31,41.6748
TN,2020-02-29,28.3734
TN,2020-03-31,55.0703
TN,2020-04-30,18.7123
TN,2020-05-31,36.7135
TN,2020-06-30,36.6557
TN,2020-07-31,32.9926
TN,2020-08-31,27.2871
TN,2020-09-30,23.07
TN,2020-10-31,25.0545
TN,2020-11-30,28.453
TN,2020-12-31,35.4732
TN,2021-01-31,41.6748
TN,2021-02-28,42.8443
TN,2021-03-31,42.6671
TN,2021-04-30,42.5513
TN,2021-05-31,41.9229
TN,2021-06-30,37.9373
TN,2021-07-31,38.2019
TN,2021-08-31,40.1865
TN,2021-09-30,41.2697
TN,2021-10-31,40.6826
TN,2021-11-30,39.4753
TN,2021-12-31,39.1942
TN,2022-01-31,37.7058
TN,2022-02-28,37.0768
TN,2022-03-31,37.2097
TN,2022-04-30,35.8867
TN,2022-05-31,34.9771
TN,2022-06-30,32.8107
TN,2022-07-31,32.2484
TN,2022-08-31,31.2561
TN,2022-09-30,33.3233
TN,2022-10-31,38.6981
TN,2022-11-30,34.8613
TN,2022-12-31,32.7445
TN,2023-01-31,34.2329
TN,2023-02-28,29.1121
TN,2023-03-31,35.7213
TN,2023-04-30,33.5797
TN,2023-05-31,34.2329
TN,2023-06-30,34.8613
TN,2023-07-31,32.9926
TN,2023-08-31,33.9848
TN,2023-09-30,34.0923
TN,2023-10-31,32.4965
TN,2023-11-30,32.5543
TN,2023-12-31,27.039
TN,2024-01-31,31.0081
TN,2024-02-29,31.5555
TN,2024-03-31,26.2948
TN,2024-04-30,29.222
TN,2024-05-31,29.0235
TN,2024-06-30,29.4783
TN,2024-07-31,28.5274
TN,2024-08-31,27.2871
TN,2024-09-30,28.453
TN,2024-10-31,27.7832
TN,2024-11-30,27.1713
TN,2024-12-31,27.2871
TN,2025-01-31,
TN,2025-02-28,
TN,2025-03-31,
TR,2002-01-31,46.2619
TR,2002-02-28,45.9461
TR,2002-03-31,46.7155
TR,2002-04-30,46.1637
TR,2002-05-31,46.7155
TR,2002-06-30,47.5697
TR,2002-07-31,48.0761
TR,2002-08-31,47.6226
TR,2002-09-30,46.8667
TR,2002-10-31,47.169
TR,2002-11-30,45.4607
TR,2002-12-31,44.6745
TR,2003-01-31,45.8084
TR,2003-02-28,46.4482
TR,2003-03-31,47.3958
TR,2003-04-30,47.101
TR,2003-05-31,45.5816
TR,2003-06-30,45.2263
TR,2003-07-31,45.3548
TR,2003-08-31,44.9013
TR,2003-09-30,44.289
TR,2003-10-31,43.7674
TR,2003-11-30,43.8203
TR,2003-12-31,43.7674
TR,2004-01-31,42.6335
TR,2004-02-29,42.4224
TR,2004-03-31,42.18
TR,2004-04-30,42.4143
TR,2004-05-31,43.3139
TR,2004-06-30,43.8203
TR,2004-07-31,44.9013
TR,2004-08-31,44.9013
TR,2004-09-30,44.5233
TR,2004-10-31,43.7674
TR,2004-11-30,41.7113
TR,2004-12-31,42.18
TR,2005-01-31,43.3139
TR,2005-02-28,42.9332
TR,2005-03-31,43.5406
TR,2005-04-30,43.3517
TR,2005-05-31,43.5406
TR,2005-06-30,43.586
TR,2005-07-31,44.221
TR,2005-08-31,43.9942
TR,2005-09-30,44.289
TR,2005-10-31,43.5406
TR,2005-11-30,43.1173
TR,2005-12-31,42.4068
TR,2006-01-31,38.5516
TR,2006-02-28,41.4268
TR,2006-03-31,41.9532
TR,2006-04-30,41.7113
TR,2006-05-31,42.18
TR,2006-06-30,42.6487
TR,2006-07-31,43.3139
TR,2006-08-31,42.6335
TR,2006-09-30,42.6487
TR,2006-10-31,41.4997
TR,2006-11-30,40.071
TR,2006-12-31,40.5926
TR,2007-01-31,38.3248
TR,2007-02-28,40.6736
TR,2007-03-31,41.4997
TR,2007-04-30,41.9457
TR,2007-05-31,41.7265
TR,2007-06-30,41.9457
TR,2007-07-31,42.18
TR,2007-08-31,41.9532
TR,2007-09-30,41.2427
TR,2007-10-31,40.8194
TR,2007-11-30,40.5397
TR,2007-12-31,40.3658
TR,2008-01-31,39.6855
TR,2008-02-29,39.271
TR,2008-03-31,40.139
TR,2008-04-30,41.7113
TR,2008-05-31,41.4997
TR,2008-06-30,42.883
TR,2008-07-31,42.8603
TR,2008-08-31,43.5406
TR,2008-09-30,43.1173
TR,2008-10-31,41.7265
TR,2008-11-30,42.6487
TR,2008-12-31,38.7784
TR,2009-01-31,37.6445
TR,2009-02-28,40.1714
TR,2009-03-31,46.0352
TR,2009-04-30,46.398
TR,2009-05-31,46.4887
TR,2009-06-30,46.8667
TR,2009-07-31,48.9832
TR,2009-08-31,48.7565
TR,2009-09-30,47.3353
TR,2009-10-31,48.3029
TR,2009-11-30,49.21
TR,2009-12-31,48.5297
TR,2010-01-31,47.3958
TR,2010-02-28,47.2014
TR,2010-03-31,48.3029
TR,2010-04-30,48.7413
TR,2010-05-31,49.4368
TR,2010-06-30,50.616
TR,2010-07-31,48.9832
TR,2010-08-31,48.5297
TR,2010-09-30,47.5697
TR,2010-10-31,48.5297
TR,2010-11-30,47.804
TR,2010-12-31,46.4887
TR,2011-01-31,46.0352
TR,2011-02-28,46.6993
TR,2011-03-31,46.2619
TR,2011-04-30,45.695
TR,2011-05-31,45.8084
TR,2011-06-30,47.804
TR,2011-07-31,46.0352
TR,2011-08-31,45.5816
TR,2011-09-30,45.2263
TR,2011-10-31,44.221
TR,2011-11-30,44.992
TR,2011-12-31,43.5406
TR,2012-01-31,43.3139
TR,2012-02-29,43.1497
TR,2012-03-31,44.221
TR,2012-04-30,44.289
TR,2012-05-31,44.6745
TR,2012-06-30,44.0547
TR,2012-07-31,44.9013
TR,2012-08-31,45.3548
TR,2012-09-30,45.695
TR,2012-10-31,46.2619
TR,2012-11-30,46.398
TR,2012-12-31,46.4887
TR,2013-01-31,45.3548
TR,2013-02-28,46.1971
TR,2013-03-31,45.5816
TR,2013-04-30,46.6323
TR,2013-05-31,47.3958
TR,2013-06-30,47.804
TR,2013-07-31,45.8084
TR,2013-08-31,45.8084
TR,2013-09-30,46.8667
TR,2013-10-31,46.7155
TR,2013-11-30,46.398
TR,2013-12-31,43.9942
TR,2014-01-31,46.2619
TR,2014-02-28,45.695
TR,2014-03-31,45.8084
TR,2014-04-30,46.6323
TR,2014-05-31,48.5297
TR,2014-06-30,48.9757
TR,2014-07-31,47.169
TR,2014-08-31,47.8494
TR,2014-09-30,50.616
TR,2014-10-31,47.6226
TR,2014-11-30,46.6323
TR,2014-12-31,47.8494
TR,2015-01-31,46.7155
TR,2015-02-28,47.2014
TR,2015-03-31,47.6226
TR,2015-04-30,48.2727
TR,2015-05-31,48.9832
TR,2015-06-30,49.6787
TR,2015-07-31,49.6635
TR,2015-08-31,48.3029
TR,2015-09-30,48.2727
TR,2015-10-31,48.7565
TR,2015-11-30,49.21
TR,2015-12-31,48.7565
TR,2016-01-31,47.6226
TR,2016-02-29,48.9676
TR,2016-03-31,48.5297
TR,2016-04-30,50.3817
TR,2016-05-31,50.1171
TR,2016-06-30,50.616
TR,2016-07-31,50.3439
TR,2016-08-31,50.1171
TR,2016-09-30,49.6787
TR,2016-10-31,49.6635
TR,2016-11-30,48.7413
TR,2016-12-31,48.3029
TR,2017-01-31,48.7565
TR,2017-02-28,48.2057
TR,2017-03-31,48.7565
TR,2017-04-30,49.6787
TR,2017-05-31,49.21
TR,2017-06-30,50.3817
TR,2017-07-31,49.6635
TR,2017-08-31,49.4368
TR,2017-09-30,49.6787
TR,2017-10-31,49.4368
TR,2017-11-30,47.804
TR,2017-12-31,48.9832
TR,2018-01-31,50.1171
TR,2018-02-28,51.7207
TR,2018-03-31,52.8384
TR,2018-04-30,54.3653
TR,2018-05-31,54.8794
TR,2018-06-30,54.834
TR,2018-07-31,56.9203
TR,2018-08-31,56.6935
TR,2018-09-30,56.4743
TR,2018-10-31,56.4668
TR,2018-11-30,57.646
TR,2018-12-31,55.7865
TR,2019-01-31,54.4258
TR,2019-02-28,54.4825
TR,2019-03-31,53.5187
TR,2019-04-30,56.4743
TR,2019-05-31,58.0542
TR,2019-06-30,59.5207
TR,2019-07-31,59.8684
TR,2019-08-31,59.6416
TR,2019-09-30,58.8177
TR,2019-10-31,57.8274
TR,2019-11-30,59.052
TR,2019-12-31,58.281
TR,2020-01-31,58.281
TR,2020-02-29,58.9066
TR,2020-03-31,59.6416
TR,2020-04-30,60.458
TR,2020-05-31,60.0952
TR,2020-06-30,60.2237
TR,2020-07-31,61.9094
TR,2020-08-31,62.8165
TR,2020-09-30,63.973
TR,2020-10-31,63.7235
TR,2020-11-30,63.0357
TR,2020-12-31,64.8574
TR,2021-01-31,64.4039
TR,2021-02-28,64.0232
TR,2021-03-31,63.9503
TR,2021-04-30,65.8477
TR,2021-05-31,65.7645
TR,2021-06-30,69.3627
TR,2021-07-31,67.8055
TR,2021-08-31,65.5377
TR,2021-09-30,67.2537
TR,2021-10-31,67.1252
TR,2021-11-30,67.0193
TR,2021-12-31,67.1252
TR,2022-01-31,62.8165
TR,2022-02-28,63.5211
TR,2022-03-31,66.2181
TR,2022-04-30,67.9567
TR,2022-05-31,67.3519
TR,2022-06-30,68.191
TR,2022-07-31,70.9803
TR,2022-08-31,72.1142
TR,2022-09-30,72.409
TR,2022-10-31,71.2071
TR,2022-11-30,71.706
TR,2022-12-31,73.0213
TR,2023-01-31,75.289
TR,2023-02-28,68.2914
TR,2023-03-31,72.1142
TR,2023-04-30,74.518
TR,2023-05-31,75.7426
TR,2023-06-30,76.8613
TR,2023-07-31,78.9174
TR,2023-08-31,80.9584
TR,2023-09-30,82.954
TR,2023-10-31,85.4939
TR,2023-11-30,85.063
TR,2023-12-31,89.349
TR,2024-01-31,93.6577
TR,2024-02-29,94.5414
TR,2024-03-31,96.8326
TR,2024-04-30,96.311
TR,2024-05-31,100.2342
TR,2024-06-30,102.4037
TR,2024-07-31,103.1823
TR,2024-08-31,103.8626
TR,2024-09-30,101.935
TR,2024-10-31,105.2232
TR,2024-11-30,109.9023
TR,2024-12-31,115.6548
TR,2025-01-31,122.4581
TR,2025-02-28,124.0293
TR,2025-03-31,126.0865
TT,2002-01-31,116.5484
TT,2002-02-28,120.9643
TT,2002-03-31,122.3871
TT,2002-04-30,128.4
TT,2002-05-31,127.3226
TT,2002-06-30,127.6333
TT,2002-07-31,127.4839
TT,2002-08-31,130.8387
TT,2002-09-30,136.0333
TT,2002-10-31,146.129
TT,2002-11-30,146.9
TT,2002-12-31,136.3548
TT,2003-01-31,115.8387
TT,2003-02-28,122.6071
TT,2003-03-31,139.9032
TT,2003-04-30,135.3667
TT,2003-05-31,141.2903
TT,2003-06-30,142.6333
TT,2003-07-31,143.3871
TT,2003-08-31,137.3548
TT,2003-09-30,135.9
TT,2003-10-31,137.8065
TT,2003-11-30,128.9667
TT,2003-12-31,139.6452
TT,2004-01-31,133.5161
TT,2004-02-29,140.9655
TT,2004-03-31,131.6129
TT,2004-04-30,138.1
TT,2004-05-31,121.3548
TT,2004-06-30,125.8333
TT,2004-07-31,119.2258
TT,2004-08-31,120.7742
TT,2004-09-30,234.7667
TT,2004-10-31,118.5806
TT,2004-11-30,111.8667
TT,2004-12-31,115.871
TT,2005-01-31,128.129
TT,2005-02-28,143.1071
TT,2005-03-31,156.4839
TT,2005-04-30,140.1667
TT,2005-05-31,150.4194
TT,2005-06-30,70.7
TT,2005-07-31,69.3226
TT,2005-08-31,69.0323
TT,2005-09-30,64.9667
TT,2005-10-31,67.2258
TT,2005-11-30,75.2
TT,2005-12-31,62.8387
TT,2006-01-31,66.6129
TT,2006-02-28,73.8214
TT,2006-03-31,73.871
TT,2006-04-30,68.1333
TT,2006-05-31,69.129
TT,2006-06-30,128.4667
TT,2006-07-31,145.4516
TT,2006-08-31,144.9355
TT,2006-09-30,143.2
TT,2006-10-31,133.2581
TT,2006-11-30,134.6
TT,2006-12-31,107.5806
TT,2007-01-31,121.129
TT,2007-02-28,132.3214
TT,2007-03-31,125.2258
TT,2007-04-30,126.7333
TT,2007-05-31,120.0968
TT,2007-06-30,118.7667
TT,2007-07-31,113.8387
TT,2007-08-31,116.0
TT,2007-09-30,115.2333
TT,2007-10-31,113.5806
TT,2007-11-30,112.4333
TT,2007-12-31,110.7742
TT,2008-01-31,113.9032
TT,2008-02-29,122.4828
TT,2008-03-31,115.2258
TT,2008-04-30,107.1667
TT,2008-05-31,109.1935
TT,2008-06-30,115.3667
TT,2008-07-31,119.9355
TT,2008-08-31,115.3548
TT,2008-09-30,119.5667
TT,2008-10-31,109.6452
TT,2008-11-30,110.4
TT,2008-12-31,110.129
TT,2009-01-31,109.0323
TT,2009-02-28,110.3571
TT,2009-03-31,112.9677
TT,2009-04-30,110.0333
TT,2009-05-31,111.871
TT,2009-06-30,109.6
TT,2009-07-31,103.1935
TT,2009-08-31,106.2258
TT,2009-09-30,101.0
TT,2009-10-31,102.6129
TT,2009-11-30,103.3
TT,2009-12-31,105.7742
TT,2010-01-31,14.5806
TT,2010-02-28,14.4643
TT,2010-03-31,13.0645
TT,2010-04-30,14.0667
TT,2010-05-31,14.0
TT,2010-06-30,14.2333
TT,2010-07-31,13.8387
TT,2010-08-31,13.7742
TT,2010-09-30,13.5667
TT,2010-10-31,13.6452
TT,2010-11-30,13.3
TT,2010-12-31,12.871
TT,2011-01-31,95.6129
TT,2011-02-28,100.1071
TT,2011-03-31,94.871
TT,2011-04-30,91.5
TT,2011-05-31,95.0
TT,2011-06-30,94.1667
TT,2011-07-31,89.7742
TT,2011-08-31,89.8387
TT,2011-09-30,92.8
TT,2011-10-31,90.0
TT,2011-11-30,85.0333
TT,2011-12-31,85.0
TT,2012-01-31,85.4839
TT,2012-02-29,93.6897
TT,2012-03-31,81.6774
TT,2012-04-30,82.3667
TT,2012-05-31,85.0323
TT,2012-06-30,82.1333
TT,2012-07-31,83.9355
TT,2012-08-31,81.7742
TT,2012-09-30,77.3
TT,2012-10-31,79.5484
TT,2012-11-30,78.8333
TT,2012-12-31,82.2581
TT,2013-01-31,83.0
TT,2013-02-28,82.6786
TT,2013-03-31,79.0645
TT,2013-04-30,81.9667
TT,2013-05-31,80.6774
TT,2013-06-30,76.6
TT,2013-07-31,81.0968
TT,2013-08-31,84.1613
TT,2013-09-30,82.2667
TT,2013-10-31,83.7097
TT,2013-11-30,79.2333
TT,2013-12-31,76.6774
TT,2014-01-31,75.0
TT,2014-02-28,81.6786
TT,2014-03-31,82.3226
TT,2014-04-30,80.1333
TT,2014-05-31,79.4516
TT,2014-06-30,81.5333
TT,2014-07-31,82.4194
TT,2014-08-31,82.1935
TT,2014-09-30,83.3333
TT,2014-10-31,86.0323
TT,2014-11-30,78.7
TT,2014-12-31,84.0968
TT,2015-01-31,83.871
TT,2015-02-28,83.7143
TT,2015-03-31,81.3226
TT,2015-04-30,80.7
TT,2015-05-31,78.1935
TT,2015-06-30,81.2333
TT,2015-07-31,78.1935
TT,2015-08-31,75.2258
TT,2015-09-30,75.6667
TT,2015-10-31,76.7419
TT,2015-11-30,75.7
TT,2015-12-31,73.2581
TT,2016-01-31,74.1935
TT,2016-02-29,75.2069
TT,2016-03-31,74.4516
TT,2016-04-30,72.1333
TT,2016-05-31,72.9677
TT,2016-06-30,69.1667
TT,2016-07-31,66.5161
TT,2016-08-31,65.5806
TT,2016-09-30,71.5667
TT,2016-10-31,68.9677
TT,2016-11-30,72.0333
TT,2016-12-31,75.0323
TT,2017-01-31,75.3871
TT,2017-02-28,75.9286
TT,2017-03-31,71.6774
TT,2017-04-30,
TT,2017-05-31,
TT,2017-06-30,
TT,2017-07-31,
TT,2017-08-31,
TT,2017-09-30,
TT,2017-10-31,
TT,2017-11-30,
TT,2017-12-31,
TT,2018-01-31,
TT,2018-02-28,
TT,2018-03-31,
TT,2018-04-30,
TT,2018-05-31,
TT,2018-06-30,
TT,2018-07-31,
TT,2018-08-31,
TT,2018-09-30,
TT,2018-10-31,
TT,2018-11-30,
TT,2018-12-31,
TT,2019-01-31,
TT,2019-02-28,
TT,2019-03-31,
TT,2019-04-30,
TT,2019-05-31,
TT,2019-06-30,
TT,2019-07-31,
TT,2019-08-31,
TT,2019-09-30,
TT,2019-10-31,
TT,2019-11-30,
TT,2019-12-31,
TT,2020-01-31,
TT,2020-02-29,
TT,2020-03-31,
TT,2020-04-30,
TT,2020-05-31,
TT,2020-06-30,
TT,2020-07-31,
TT,2020-08-31,
TT,2020-09-30,
TT,2020-10-31,
TT,2020-11-30,
TT,2020-12-31,
TT,2021-01-31,
TT,2021-02-28,
TT,2021-03-31,
TT,2021-04-30,
TT,2021-05-31,
TT,2021-06-30,
TT,2021-07-31,
TT,2021-08-31,
TT,2021-09-30,
TT,2021-10-31,
TT,2021-11-30,
TT,2021-12-31,
TT,2022-01-31,
TT,2022-02-28,
TT,2022-03-31,
TT,2022-04-30,
TT,2022-05-31,
TT,2022-06-30,
TT,2022-07-31,
TT,2022-08-31,
TT,2022-09-30,
TT,2022-10-31,
TT,2022-11-30,
TT,2022-12-31,
TT,2023-01-31,
TT,2023-02-28,
TT,2023-03-31,
TT,2023-04-30,
TT,2023-05-31,
TT,2023-06-30,
TT,2023-07-31,
TT,2023-08-31,
TT,2023-09-30,
TT,2023-10-31,
TT,2023-11-30,
TT,2023-12-31,
TT,2024-01-31,
TT,2024-02-29,
TT,2024-03-31,
TT,2024-04-30,
TT,2024-05-31,
TT,2024-06-30,
TT,2024-07-31,
TT,2024-08-31,
TT,2024-09-30,
TT,2024-10-31,
TT,2024-11-30,
TT,2024-12-31,
TT,2025-01-31,
UA,2002-01-31,
UA,2002-02-28,
UA,2002-03-31,
UA,2002-04-30,
UA,2002-05-31,
UA,2002-06-30,
UA,2002-07-31,
UA,2002-08-31,
UA,2002-09-30,
UA,2002-10-31,
UA,2002-11-30,
UA,2002-12-31,
UA,2003-01-31,
UA,2003-02-28,
UA,2003-03-31,
UA,2003-04-30,
UA,2003-05-31,
UA,2003-06-30,
UA,2003-07-31,
UA,2003-08-31,
UA,2003-09-30,
UA,2003-10-31,
UA,2003-11-30,
UA,2003-12-31,
UA,2004-01-31,
UA,2004-02-29,
UA,2004-03-31,
UA,2004-04-30,
UA,2004-05-31,
UA,2004-06-30,
UA,2004-07-31,
UA,2004-08-31,
UA,2004-09-30,
UA,2004-10-31,
UA,2004-11-30,
UA,2004-12-31,
UA,2005-01-31,
UA,2005-02-28,
UA,2005-03-31,
UA,2005-04-30,
UA,2005-05-31,
UA,2005-06-30,
UA,2005-07-31,
UA,2005-08-31,
UA,2005-09-30,
UA,2005-10-31,
UA,2005-11-30,
UA,2005-12-31,
UA,2006-01-31,
UA,2006-02-28,
UA,2006-03-31,
UA,2006-04-30,
UA,2006-05-31,
UA,2006-06-30,
UA,2006-07-31,
UA,2006-08-31,
UA,2006-09-30,
UA,2006-10-31,
UA,2006-11-30,
UA,2006-12-31,
UA,2007-01-31,
UA,2007-02-28,
UA,2007-03-31,
UA,2007-04-30,
UA,2007-05-31,
UA,2007-06-30,
UA,2007-07-31,
UA,2007-08-31,
UA,2007-09-30,
UA,2007-10-31,
UA,2007-11-30,
UA,2007-12-31,
UA,2008-01-31,
UA,2008-02-29,
UA,2008-03-31,
UA,2008-04-30,
UA,2008-05-31,
UA,2008-06-30,
UA,2008-07-31,
UA,2008-08-31,
UA,2008-09-30,
UA,2008-10-31,
UA,2008-11-30,
UA,2008-12-31,
UA,2009-01-31,
UA,2009-02-28,
UA,2009-03-31,
UA,2009-04-30,
UA,2009-05-31,
UA,2009-06-30,
UA,2009-07-31,
UA,2009-08-31,
UA,2009-09-30,
UA,2009-10-31,
UA,2009-11-30,
UA,2009-12-31,
UA,2010-01-31,
UA,2010-02-28,
UA,2010-03-31,
UA,2010-04-30,
UA,2010-05-31,
UA,2010-06-30,
UA,2010-07-31,
UA,2010-08-31,
UA,2010-09-30,
UA,2010-10-31,
UA,2010-11-30,
UA,2010-12-31,
UA,2011-01-31,
UA,2011-02-28,
UA,2011-03-31,49.9258
UA,2011-04-30,50.6073
UA,2011-05-31,49.9258
UA,2011-06-30,49.6247
UA,2011-07-31,48.9748
UA,2011-08-31,47.3106
UA,2011-09-30,47.905
UA,2011-10-31,48.0239
UA,2011-11-30,49.1333
UA,2011-12-31,47.0729
UA,2012-01-31,48.2616
UA,2012-02-29,49.0486
UA,2012-03-31,46.1219
UA,2012-04-30,67.3127
UA,2012-05-31,46.3597
UA,2012-06-30,45.9397
UA,2012-07-31,46.5974
UA,2012-08-31,46.1219
UA,2012-09-30,46.1853
UA,2012-10-31,45.171
UA,2012-11-30,44.7113
UA,2012-12-31,42.7935
UA,2013-01-31,43.9823
UA,2013-02-28,43.6936
UA,2013-03-31,44.4577
UA,2013-04-30,44.22
UA,2013-05-31,44.9332
UA,2013-06-30,44.4657
UA,2013-07-31,44.9332
UA,2013-08-31,44.22
UA,2013-09-30,43.483
UA,2013-10-31,41.8426
UA,2013-11-30,43.483
UA,2013-12-31,42.5558
UA,2014-01-31,42.3181
UA,2014-02-28,42.9039
UA,2014-03-31,42.3181
UA,2014-04-30,42.5003
UA,2014-05-31,42.0803
UA,2014-06-30,41.7633
UA,2014-07-31,40.6539
UA,2014-08-31,39.7029
UA,2014-09-30,41.0263
UA,2014-10-31,40.1784
UA,2014-11-30,39.061
UA,2014-12-31,38.9897
UA,2015-01-31,38.9897
UA,2015-02-28,37.6396
UA,2015-03-31,38.5142
UA,2015-04-30,37.8327
UA,2015-05-31,37.0877
UA,2015-06-30,36.113
UA,2015-07-31,37.3255
UA,2015-08-31,35.4235
UA,2015-09-30,35.1303
UA,2015-10-31,35.4235
UA,2015-11-30,34.639
UA,2015-12-31,32.8084
UA,2016-01-31,33.0461
UA,2016-02-29,34.0545
UA,2016-03-31,33.2839
UA,2016-04-30,34.3933
UA,2016-05-31,33.0461
UA,2016-06-30,31.9367
UA,2016-07-31,32.3329
UA,2016-08-31,31.8574
UA,2016-09-30,32.428
UA,2016-10-31,30.9065
UA,2016-11-30,31.691
UA,2016-12-31,30.9065
UA,2017-01-31,31.1442
UA,2017-02-28,31.3225
UA,2017-03-31,31.6197
UA,2017-04-30,33.6563
UA,2017-05-31,33.5216
UA,2017-06-30,32.9193
UA,2017-07-31,27.5781
UA,2017-08-31,26.6271
UA,2017-09-30,27.269
UA,2017-10-31,27.3403
UA,2017-11-30,30.954
UA,2017-12-31,31.3819
UA,2018-01-31,32.3329
UA,2018-02-28,32.1121
UA,2018-03-31,32.0952
UA,2018-04-30,32.428
UA,2018-05-31,32.3329
UA,2018-06-30,32.6737
UA,2018-07-31,33.0461
UA,2018-08-31,32.8084
UA,2018-09-30,32.428
UA,2018-10-31,33.0461
UA,2018-11-30,32.9193
UA,2018-12-31,32.8084
UA,2019-01-31,33.7594
UA,2019-02-28,34.4811
UA,2019-03-31,33.9971
UA,2019-04-30,34.3933
UA,2019-05-31,35.1858
UA,2019-06-30,35.1303
UA,2019-07-31,34.4726
UA,2019-08-31,35.1858
UA,2019-09-30,34.3933
UA,2019-10-31,34.9481
UA,2019-11-30,34.639
UA,2019-12-31,33.5216
UA,2020-01-31,34.2348
UA,2020-02-29,34.5628
UA,2020-03-31,34.2348
UA,2020-04-30,34.639
UA,2020-05-31,33.9971
UA,2020-06-30,33.165
UA,2020-07-31,33.2839
UA,2020-08-31,33.2839
UA,2020-09-30,32.9193
UA,2020-10-31,33.0461
UA,2020-11-30,32.6737
UA,2020-12-31,33.0461
UA,2021-01-31,33.2839
UA,2021-02-28,33.165
UA,2021-03-31,33.0461
UA,2021-04-30,33.4107
UA,2021-05-31,33.9971
UA,2021-06-30,33.902
UA,2021-07-31,33.0461
UA,2021-08-31,33.7594
UA,2021-09-30,33.6563
UA,2021-10-31,32.8084
UA,2021-11-30,32.6737
UA,2021-12-31,32.8084
UA,2022-01-31,33.5216
UA,2022-02-28,
UA,2022-03-31,
UA,2022-04-30,
UA,2022-05-31,
UA,2022-06-30,
UA,2022-07-31,
UA,2022-08-31,
UA,2022-09-30,
UA,2022-10-31,
UA,2022-11-30,
UA,2022-12-31,
UA,2023-01-31,
UA,2023-02-28,
UA,2023-03-31,
UA,2023-04-30,
UA,2023-05-31,
UA,2023-06-30,
UA,2023-07-31,
UA,2023-08-31,
UA,2023-09-30,
UA,2023-10-31,
UA,2023-11-30,
UA,2023-12-31,
UA,2024-01-31,
UA,2024-02-29,
UA,2024-03-31,
UA,2024-04-30,
UA,2024-05-31,
UA,2024-06-30,
UA,2024-07-31,
UA,2024-08-31,
UA,2024-09-30,
UA,2024-10-31,
UA,2024-11-30,
UA,2024-12-31,
UA,2025-01-31,
UA,2025-02-28,
UA,2025-03-31,
US,2002-01-31,5847.5806
US,2002-02-28,5871.3571
US,2002-03-31,5883.4516
US,2002-04-30,5858.7
US,2002-05-31,5923.7097
US,2002-06-30,5915.3333
US,2002-07-31,5770.2903
US,2002-08-31,5811.2258
US,2002-09-30,5411.4
US,2002-10-31,5363.3226
US,2002-11-30,5596.6333
US,2002-12-31,5699.2581
US,2003-01-31,5784.7742
US,2003-02-28,5790.5714
US,2003-03-31,5816.5806
US,2003-04-30,5773.9333
US,2003-05-31,5733.3226
US,2003-06-30,5700.9333
US,2003-07-31,5526.3226
US,2003-08-31,5595.0968
US,2003-09-30,5683.4667
US,2003-10-31,5634.6774
US,2003-11-30,5560.5
US,2003-12-31,5578.6774
US,2004-01-31,5570.3226
US,2004-02-29,5555.931
US,2004-03-31,5607.4839
US,2004-04-30,5526.5
US,2004-05-31,5548.0
US,2004-06-30,5398.3333
US,2004-07-31,5457.6774
US,2004-08-31,5333.0645
US,2004-09-30,5062.2667
US,2004-10-31,5156.4839
US,2004-11-30,5396.1333
US,2004-12-31,5413.4516
US,2005-01-31,5446.1613
US,2005-02-28,5501.3571
US,2005-03-31,5600.8387
US,2005-04-30,5562.8333
US,2005-05-31,5596.4839
US,2005-06-30,5442.1
US,2005-07-31,5253.3548
US,2005-08-31,5198.4839
US,2005-09-30,4213.9
US,2005-10-31,4554.8387
US,2005-11-30,4856.9333
US,2005-12-31,4988.0645
US,2006-01-31,5047.7419
US,2006-02-28,5031.9286
US,2006-03-31,5027.1613
US,2006-04-30,5081.6667
US,2006-05-31,5150.5484
US,2006-06-30,5162.8
US,2006-07-31,5094.1613
US,2006-08-31,5039.7419
US,2006-09-30,5030.8667
US,2006-10-31,5108.1613
US,2006-11-30,5064.2
US,2006-12-31,5186.0645
US,2007-01-31,5107.8065
US,2007-02-28,5117.8929
US,2007-03-31,5119.2581
US,2007-04-30,5180.2333
US,2007-05-31,5211.2258
US,2007-06-30,5075.1333
US,2007-07-31,5037.9032
US,2007-08-31,4969.6774
US,2007-09-30,4902.0333
US,2007-10-31,5021.9355
US,2007-11-30,5034.0333
US,2007-12-31,5110.5484
US,2008-01-31,5115.0323
US,2008-02-29,5148.1724
US,2008-03-31,5189.2903
US,2008-04-30,5180.1
US,2008-05-31,5143.129
US,2008-06-30,5137.7667
US,2008-07-31,5176.8065
US,2008-08-31,5002.9677
US,2008-09-30,3973.6
US,2008-10-31,4737.6774
US,2008-11-30,5078.1
US,2008-12-31,5102.6774
US,2009-01-31,5144.0968
US,2009-02-28,5239.2143
US,2009-03-31,5218.5806
US,2009-04-30,5278.1333
US,2009-05-31,5376.9032
US,2009-06-30,5269.3
US,2009-07-31,5397.9355
US,2009-08-31,5417.5806
US,2009-09-30,5558.8333
US,2009-10-31,5524.4516
US,2009-11-30,5394.6
US,2009-12-31,5451.7419
US,2010-01-31,5404.1613
US,2010-02-28,5553.4286
US,2010-03-31,5515.3548
US,2010-04-30,5392.3
US,2010-05-31,5400.871
US,2010-06-30,5379.5
US,2010-07-31,5297.871
US,2010-08-31,5447.3226
US,2010-09-30,5615.7667
US,2010-10-31,5630.5484
US,2010-11-30,5575.7333
US,2010-12-31,5607.4516
US,2011-01-31,5496.5484
US,2011-02-28,5405.5
US,2011-03-31,5618.0
US,2011-04-30,5561.9333
US,2011-05-31,5624.6129
US,2011-06-30,5589.1
US,2011-07-31,5439.8387
US,2011-08-31,5665.0968
US,2011-09-30,5613.7
US,2011-10-31,5902.4839
US,2011-11-30,6038.5667
US,2011-12-31,6112.4839
US,2012-01-31,6176.5161
US,2012-02-29,6268.3793
US,2012-03-31,6327.0323
US,2012-04-30,6320.0333
US,2012-05-31,6369.5484
US,2012-06-30,6275.4
US,2012-07-31,6431.2258
US,2012-08-31,6350.5484
US,2012-09-30,6598.0667
US,2012-10-31,6969.5806
US,2012-11-30,7082.4
US,2012-12-31,7105.871
US,2013-01-31,7082.9032
US,2013-02-28,7145.3929
US,2013-03-31,7214.3226
US,2013-04-30,7373.5
US,2013-05-31,7325.8387
US,2013-06-30,7277.1333
US,2013-07-31,7521.7419
US,2013-08-31,7534.2581
US,2013-09-30,7838.0667
US,2013-10-31,7760.2258
US,2013-11-30,7918.8333
US,2013-12-31,7932.3871
US,2014-01-31,8072.2581
US,2014-02-28,8148.7857
US,2014-03-31,8290.9355
US,2014-04-30,8519.9
US,2014-05-31,8636.4839
US,2014-06-30,8734.2
US,2014-07-31,8837.1613
US,2014-08-31,8919.7742
US,2014-09-30,9070.3667
US,2014-10-31,9250.3226
US,2014-11-30,9306.6667
US,2014-12-31,9545.6129
US,2015-01-31,9375.1935
US,2015-02-28,9495.9286
US,2015-03-31,9575.0
US,2015-04-30,9648.3
US,2015-05-31,9463.2903
US,2015-06-30,9347.5
US,2015-07-31,9433.2903
US,2015-08-31,9397.8387
US,2015-09-30,9469.3
US,2015-10-31,9392.1613
US,2015-11-30,9325.9667
US,2015-12-31,9268.0323
US,2016-01-31,9203.9355
US,2016-02-29,9063.5517
US,2016-03-31,9106.129
US,2016-04-30,8877.5667
US,2016-05-31,8837.3871
US,2016-06-30,8677.9333
US,2016-07-31,8666.6774
US,2016-08-31,8692.3548
US,2016-09-30,8545.0333
US,2016-10-31,8806.7419
US,2016-11-30,8906.1333
US,2016-12-31,8818.2581
US,2017-01-31,8873.3871
US,2017-02-28,9110.6786
US,2017-03-31,9167.2581
US,2017-04-30,9101.7
US,2017-05-31,9187.4839
US,2017-06-30,9111.2667
US,2017-07-31,9247.1935
US,2017-08-31,9248.0645
US,2017-09-30,9514.1
US,2017-10-31,9667.9677
US,2017-11-30,10086.4
US,2017-12-31,9987.4839
US,2018-01-31,10001.9032
US,2018-02-28,10280.8929
US,2018-03-31,10467.0323
US,2018-04-30,10494.6
US,2018-05-31,10431.871
US,2018-06-30,10640.2333
US,2018-07-31,10900.9032
US,2018-08-31,11394.3871
US,2018-09-30,11446.1
US,2018-10-31,11515.6774
US,2018-11-30,11910.9333
US,2018-12-31,11984.5806
US,2019-01-31,11872.7097
US,2019-02-28,11672.1071
US,2019-03-31,11909.7742
US,2019-04-30,12143.1
US,2019-05-31,12152.8387
US,2019-06-30,12221.4
US,2019-07-31,11901.6774
US,2019-08-31,12484.6452
US,2019-09-30,12589.3667
US,2019-10-31,12805.9355
US,2019-11-30,12993.6333
US,2019-12-31,12980.4194
US,2020-01-31,12851.3548
US,2020-02-29,12844.1379
US,2020-03-31,12796.1935
US,2020-04-30,11911.2
US,2020-05-31,9713.9677
US,2020-06-30,10446.0333
US,2020-07-31,11007.871
US,2020-08-31,10584.7742
US,2020-09-30,10934.1667
US,2020-10-31,10469.1613
US,2020-11-30,11209.5333
US,2020-12-31,11179.129
US,2021-01-31,11152.0323
US,2021-02-28,9938.25
US,2021-03-31,11372.4194
US,2021-04-30,11352.8333
US,2021-05-31,11422.6774
US,2021-06-30,11393.7667
US,2021-07-31,11416.2903
US,2021-08-31,11314.0645
US,2021-09-30,10957.1667
US,2021-10-31,11636.9677
US,2021-11-30,11867.4667
US,2021-12-31,11752.3226
US,2022-01-31,11442.4516
US,2022-02-28,11467.1429
US,2022-03-31,11875.2903
US,2022-04-30,11812.1667
US,2022-05-31,11741.6774
US,2022-06-30,11912.8333
US,2022-07-31,11991.5806
US,2022-08-31,12122.5161
US,2022-09-30,12438.6333
US,2022-10-31,12431.2581
US,2022-11-30,12466.7667
US,2022-12-31,12175.129
US,2023-01-31,12610.5806
US,2023-02-28,12590.5
US,2023-03-31,12815.4839
US,2023-04-30,12680.3333
US,2023-05-31,12729.6452
US,2023-06-30,12865.5667
US,2023-07-31,12935.2903
US,2023-08-31,13047.3871
US,2023-09-30,13176.6667
US,2023-10-31,13148.871
US,2023-11-30,13281.1
US,2023-12-31,13307.9677
US,2024-01-31,12553.5806
US,2024-02-29,13102.069
US,2024-03-31,13170.7742
US,2024-04-30,13248.6333
US,2024-05-31,13201.129
US,2024-06-30,13239.8667
US,2024-07-31,13204.6452
US,2024-08-31,13363.5484
US,2024-09-30,13197.9
US,2024-10-31,13456.7097
US,2024-11-30,13313.7333
US,2024-12-31,13451.2258
US,2025-01-31,13146.3548
US,2025-02-28,13159.1786
US,2025-03-31,13560.3871
UY,2002-01-31,0.0
UY,2002-02-28,0.0
UY,2002-03-31,0.0
UY,2002-04-30,0.0
UY,2002-05-31,0.0
UY,2002-06-30,0.0
UY,2002-07-31,0.0
UY,2002-08-31,0.0
UY,2002-09-30,0.0
UY,2002-10-31,0.0
UY,2002-11-30,0.0
UY,2002-12-31,0.0
UY,2003-01-31,0.0
UY,2003-02-28,0.0
UY,2003-03-31,0.0
UY,2003-04-30,0.0
UY,2003-05-31,0.0
UY,2003-06-30,0.0
UY,2003-07-31,0.0
UY,2003-08-31,0.0
UY,2003-09-30,0.0
UY,2003-10-31,0.0
UY,2003-11-30,0.0
UY,2003-12-31,0.0
UY,2004-01-31,0.0
UY,2004-02-29,0.0
UY,2004-03-31,0.0
UY,2004-04-30,0.0
UY,2004-05-31,0.0
UY,2004-06-30,0.0
UY,2004-07-31,0.0
UY,2004-08-31,0.0
UY,2004-09-30,0.0
UY,2004-10-31,0.0
UY,2004-11-30,0.0
UY,2004-12-31,0.0
UY,2005-01-31,0.0
UY,2005-02-28,0.0
UY,2005-03-31,0.0
UY,2005-04-30,0.0
UY,2005-05-31,0.0
UY,2005-06-30,0.0
UY,2005-07-31,0.0
UY,2005-08-31,0.0
UY,2005-09-30,0.0
UY,2005-10-31,0.0
UY,2005-11-30,0.0
UY,2005-12-31,0.0
UY,2006-01-31,0.0
UY,2006-02-28,0.0
UY,2006-03-31,0.0
UY,2006-04-30,0.0
UY,2006-05-31,0.0
UY,2006-06-30,0.0
UY,2006-07-31,0.0
UY,2006-08-31,0.0
UY,2006-09-30,0.0
UY,2006-10-31,0.0
UY,2006-11-30,0.0
UY,2006-12-31,0.0
UY,2007-01-31,0.0
UY,2007-02-28,0.0
UY,2007-03-31,0.0
UY,2007-04-30,0.0
UY,2007-05-31,0.0
UY,2007-06-30,0.0
UY,2007-07-31,0.0
UY,2007-08-31,0.0
UY,2007-09-30,0.0
UY,2007-10-31,0.0
UY,2007-11-30,0.0
UY,2007-12-31,0.0
UY,2008-01-31,0.0
UY,2008-02-29,0.0
UY,2008-03-31,0.0
UY,2008-04-30,0.0
UY,2008-05-31,0.0
UY,2008-06-30,0.0
UY,2008-07-31,0.0
UY,2008-08-31,0.0
UY,2008-09-30,0.0
UY,2008-10-31,0.0
UY,2008-11-30,0.0
UY,2008-12-31,0.0
UY,2009-01-31,0.0
UY,2009-02-28,0.0
UY,2009-03-31,0.0
UY,2009-04-30,0.0
UY,2009-05-31,0.0
UY,2009-06-30,0.0
UY,2009-07-31,0.0
UY,2009-08-31,0.0
UY,2009-09-30,0.0
UY,2009-10-31,0.0
UY,2009-11-30,0.0
UY,2009-12-31,0.0
UY,2010-01-31,0.0
UY,2010-02-28,0.0
UY,2010-03-31,0.0
UY,2010-04-30,0.0
UY,2010-05-31,0.0
UY,2010-06-30,0.0
UY,2010-07-31,0.0
UY,2010-08-31,0.0
UY,2010-09-30,0.0
UY,2010-10-31,0.0
UY,2010-11-30,0.0
UY,2010-12-31,0.0
UY,2011-01-31,0.0
UY,2011-02-28,0.0
UY,2011-03-31,0.0
UY,2011-04-30,0.0
UY,2011-05-31,0.0
UY,2011-06-30,0.0
UY,2011-07-31,0.0
UY,2011-08-31,0.0
UY,2011-09-30,0.0
UY,2011-10-31,0.0
UY,2011-11-30,0.0
UY,2011-12-31,0.0
UY,2012-01-31,0.0
UY,2012-02-29,0.0
UY,2012-03-31,0.0
UY,2012-04-30,0.0
UY,2012-05-31,0.0
UY,2012-06-30,0.0
UY,2012-07-31,0.0
UY,2012-08-31,0.0
UY,2012-09-30,0.0
UY,2012-10-31,0.0
UY,2012-11-30,0.0
UY,2012-12-31,0.0
UY,2013-01-31,0.0
UY,2013-02-28,0.0
UY,2013-03-31,0.0
UY,2013-04-30,0.0
UY,2013-05-31,0.0
UY,2013-06-30,0.0
UY,2013-07-31,0.0
UY,2013-08-31,0.0
UY,2013-09-30,0.0
UY,2013-10-31,0.0
UY,2013-11-30,0.0
UY,2013-12-31,0.0
UY,2014-01-31,0.0
UY,2014-02-28,0.0
UY,2014-03-31,0.0
UY,2014-04-30,0.0
UY,2014-05-31,0.0
UY,2014-06-30,0.0
UY,2014-07-31,0.0
UY,2014-08-31,0.0
UY,2014-09-30,0.0
UY,2014-10-31,0.0
UY,2014-11-30,0.0
UY,2014-12-31,0.0
UY,2015-01-31,0.0
UY,2015-02-28,0.0
UY,2015-03-31,0.0
UY,2015-04-30,0.0
UY,2015-05-31,0.0
UY,2015-06-30,0.0
UY,2015-07-31,0.0
UY,2015-08-31,0.0
UY,2015-09-30,0.0
UY,2015-10-31,0.0
UY,2015-11-30,0.0
UY,2015-12-31,0.0
UY,2016-01-31,0.0
UY,2016-02-29,0.0
UY,2016-03-31,0.0
UY,2016-04-30,0.0
UY,2016-05-31,0.0
UY,2016-06-30,0.0
UY,2016-07-31,0.0
UY,2016-08-31,
UY,2016-09-30,
UY,2016-10-31,
UY,2016-11-30,
UY,2016-12-31,
UY,2017-01-31,
UY,2017-02-28,
UY,2017-03-31,
UY,2017-04-30,
UY,2017-05-31,
UY,2017-06-30,
UY,2017-07-31,
UY,2017-08-31,
UY,2017-09-30,
UY,2017-10-31,
UY,2017-11-30,
UY,2017-12-31,
UY,2018-01-31,
UY,2018-02-28,
UY,2018-03-31,
UY,2018-04-30,
UY,2018-05-31,
UY,2018-06-30,
UY,2018-07-31,
UY,2018-08-31,
UY,2018-09-30,
UY,2018-10-31,
UY,2018-11-30,
UY,2018-12-31,
UY,2019-01-31,
UY,2019-02-28,
UY,2019-03-31,
UY,2019-04-30,
UY,2019-05-31,
UY,2019-06-30,
UY,2019-07-31,
UY,2019-08-31,
UY,2019-09-30,
UY,2019-10-31,
UY,2019-11-30,
UY,2019-12-31,
UY,2020-01-31,
UY,2020-02-29,
UY,2020-03-31,
UY,2020-04-30,
UY,2020-05-31,
UY,2020-06-30,
UY,2020-07-31,
UY,2020-08-31,
UY,2020-09-30,
UY,2020-10-31,
UY,2020-11-30,
UY,2020-12-31,
UY,2021-01-31,
UY,2021-02-28,
UY,2021-03-31,
UY,2021-04-30,
UY,2021-05-31,
UY,2021-06-30,
UY,2021-07-31,
UY,2021-08-31,
UY,2021-09-30,
UY,2021-10-31,
UY,2021-11-30,
UY,2021-12-31,
UY,2022-01-31,
UY,2022-02-28,
UY,2022-03-31,
UY,2022-04-30,
UY,2022-05-31,
UY,2022-06-30,
UY,2022-07-31,
UY,2022-08-31,
UY,2022-09-30,
UY,2022-10-31,
UY,2022-11-30,
UY,2022-12-31,
UY,2023-01-31,
UY,2023-02-28,
UY,2023-03-31,
UY,2023-04-30,
UY,2023-05-31,
UY,2023-06-30,
UY,2023-07-31,
UY,2023-08-31,
UY,2023-09-30,
UY,2023-10-31,
UY,2023-11-30,
UY,2023-12-31,
UY,2024-01-31,
UY,2024-02-29,
UY,2024-03-31,
UY,2024-04-30,
UY,2024-05-31,
UY,2024-06-30,
UY,2024-07-31,
UY,2024-08-31,
UY,2024-09-30,
UY,2024-10-31,
UY,2024-11-30,
UY,2024-12-31,
UY,2025-01-31,
VE,2002-01-31,3308.0
VE,2002-02-28,3213.0
VE,2002-03-31,3095.0
VE,2002-04-30,2577.0
VE,2002-05-31,2697.0
VE,2002-06-30,3079.0
VE,2002-07-31,3129.0
VE,2002-08-31,3281.0
VE,2002-09-30,3318.0
VE,2002-10-31,3284.0
VE,2002-11-30,3280.0
VE,2002-12-31,1202.0
VE,2003-01-31,737.0
VE,2003-02-28,1841.0
VE,2003-03-31,2795.0
VE,2003-04-30,2997.0
VE,2003-05-31,3040.0
VE,2003-06-30,3070.0
VE,2003-07-31,3059.0
VE,2003-08-31,3031.0
VE,2003-09-30,3005.0
VE,2003-10-31,3058.0
VE,2003-11-30,3012.0
VE,2003-12-31,3023.0
VE,2004-01-31,2906.0
VE,2004-02-29,2959.0
VE,2004-03-31,2968.0
VE,2004-04-30,2971.0
VE,2004-05-31,2979.0
VE,2004-06-30,2995.0
VE,2004-07-31,3021.0
VE,2004-08-31,3019.0
VE,2004-09-30,3091.0
VE,2004-10-31,3014.0
VE,2004-11-30,3110.0
VE,2004-12-31,3176.0
VE,2005-01-31,3064.0
VE,2005-02-28,3100.0
VE,2005-03-31,3107.0
VE,2005-04-30,3141.0
VE,2005-05-31,3173.0
VE,2005-06-30,3149.0
VE,2005-07-31,3145.0
VE,2005-08-31,3154.0
VE,2005-09-30,3130.0
VE,2005-10-31,3111.0
VE,2005-11-30,3124.0
VE,2005-12-31,3153.0
VE,2006-01-31,3165.0
VE,2006-02-28,3160.0
VE,2006-03-31,3111.0
VE,2006-04-30,3177.0
VE,2006-05-31,3127.0
VE,2006-06-30,3109.0
VE,2006-07-31,3059.0
VE,2006-08-31,3063.0
VE,2006-09-30,3146.0
VE,2006-10-31,3076.0
VE,2006-11-30,2979.0
VE,2006-12-31,3116.0
VE,2007-01-31,3027.0
VE,2007-02-28,2951.0
VE,2007-03-31,2971.0
VE,2007-04-30,2933.0
VE,2007-05-31,3008.0
VE,2007-06-30,3000.0
VE,2007-07-31,2990.0
VE,2007-08-31,3095.0
VE,2007-09-30,3055.0
VE,2007-10-31,3009.0
VE,2007-11-30,2700.0
VE,2007-12-31,3014.0
VE,2008-01-31,2724.0
VE,2008-02-29,2874.0
VE,2008-03-31,2828.0
VE,2008-04-30,2867.0
VE,2008-05-31,2905.0
VE,2008-06-30,2951.0
VE,2008-07-31,2944.0
VE,2008-08-31,3037.0
VE,2008-09-30,3054.0
VE,2008-10-31,3170.0
VE,2008-11-30,3081.0
VE,2008-12-31,3054.0
VE,2009-01-31,2911.0
VE,2009-02-28,2888.0
VE,2009-03-31,2967.0
VE,2009-04-30,2935.0
VE,2009-05-31,2918.0
VE,2009-06-30,2870.0
VE,2009-07-31,2876.0
VE,2009-08-31,2932.0
VE,2009-09-30,2873.0
VE,2009-10-31,2857.0
VE,2009-11-30,2763.0
VE,2009-12-31,2582.0
VE,2010-01-31,2845.0
VE,2010-02-28,2787.0
VE,2010-03-31,2782.0
VE,2010-04-30,2747.0
VE,2010-05-31,2769.0
VE,2010-06-30,2766.0
VE,2010-07-31,2808.0
VE,2010-08-31,2812.0
VE,2010-09-30,2747.0
VE,2010-10-31,2804.0
VE,2010-11-30,2689.0
VE,2010-12-31,2753.0
VE,2011-01-31,2931.0
VE,2011-02-28,2869.0
VE,2011-03-31,2910.0
VE,2011-04-30,2918.0
VE,2011-05-31,2788.0
VE,2011-06-30,2775.0
VE,2011-07-31,2781.0
VE,2011-08-31,2768.0
VE,2011-09-30,2770.0
VE,2011-10-31,2806.0
VE,2011-11-30,2793.0
VE,2011-12-31,2826.0
VE,2012-01-31,2773.0
VE,2012-02-29,2785.0
VE,2012-03-31,2824.0
VE,2012-04-30,2832.0
VE,2012-05-31,2816.0
VE,2012-06-30,2811.0
VE,2012-07-31,2832.0
VE,2012-08-31,2828.0
VE,2012-09-30,2800.0
VE,2012-10-31,2775.0
VE,2012-11-30,2818.0
VE,2012-12-31,2762.0
VE,2013-01-31,2752.0
VE,2013-02-28,2738.0
VE,2013-03-31,2738.0
VE,2013-04-30,2754.0
VE,2013-05-31,2772.0
VE,2013-06-30,2777.0
VE,2013-07-31,2766.0
VE,2013-08-31,2782.0
VE,2013-09-30,2794.0
VE,2013-10-31,2826.0
VE,2013-11-30,2853.0
VE,2013-12-31,2894.0
VE,2014-01-31,2682.0
VE,2014-02-28,2677.0
VE,2014-03-31,2677.0
VE,2014-04-30,2691.0
VE,2014-05-31,2690.0
VE,2014-06-30,2676.0
VE,2014-07-31,2696.0
VE,2014-08-31,2664.0
VE,2014-09-30,2644.0
VE,2014-10-31,2675.0
VE,2014-11-30,2695.0
VE,2014-12-31,2733.0
VE,2015-01-31,2705.0
VE,2015-02-28,2735.0
VE,2015-03-31,2727.0
VE,2015-04-30,2717.0
VE,2015-05-31,2664.0
VE,2015-06-30,2669.0
VE,2015-07-31,2653.0
VE,2015-08-31,2645.0
VE,2015-09-30,2593.0
VE,2015-10-31,2597.0
VE,2015-11-30,2576.0
VE,2015-12-31,2591.0
VE,2016-01-31,2530.0
VE,2016-02-29,2500.0
VE,2016-03-31,2500.0
VE,2016-04-30,2476.0
VE,2016-05-31,2339.0
VE,2016-06-30,2362.0
VE,2016-07-31,2350.0
VE,2016-08-31,2303.0
VE,2016-09-30,2324.0
VE,2016-10-31,2285.0
VE,2016-11-30,2259.0
VE,2016-12-31,2250.0
VE,2017-01-31,2262.0
VE,2017-02-28,2282.0
VE,2017-03-31,2241.0
VE,2017-04-30,2203.0
VE,2017-05-31,2090.0
VE,2017-06-30,2089.0
VE,2017-07-31,2121.0
VE,2017-08-31,1985.0
VE,2017-09-30,1939.0
VE,2017-10-31,1759.0
VE,2017-11-30,1849.0
VE,2017-12-31,1619.0
VE,2018-01-31,1769.0
VE,2018-02-28,1586.0
VE,2018-03-31,1509.0
VE,2018-04-30,1505.0
VE,2018-05-31,1533.0
VE,2018-06-30,1531.0
VE,2018-07-31,1469.0
VE,2018-08-31,1448.0
VE,2018-09-30,1434.0
VE,2018-10-31,1433.0
VE,2018-11-30,1464.0
VE,2018-12-31,1510.0
VE,2019-01-31,1489.0
VE,2019-02-28,1432.0
VE,2019-03-31,960.0
VE,2019-04-30,1037.0
VE,2019-05-31,1050.0
VE,2019-06-30,1047.0
VE,2019-07-31,906.0
VE,2019-08-31,933.0
VE,2019-09-30,749.0
VE,2019-10-31,761.0
VE,2019-11-30,912.0
VE,2019-12-31,907.0
VE,2020-01-31,882.0
VE,2020-02-29,865.0
VE,2020-03-31,718.0
VE,2020-04-30,737.0
VE,2020-05-31,573.0
VE,2020-06-30,393.0
VE,2020-07-31,392.0
VE,2020-08-31,396.0
VE,2020-09-30,397.0
VE,2020-10-31,473.0
VE,2020-11-30,434.0
VE,2020-12-31,441.0
VE,2021-01-31,484.0
VE,2021-02-28,538.0
VE,2021-03-31,578.0
VE,2021-04-30,452.0
VE,2021-05-31,582.0
VE,2021-06-30,633.0
VE,2021-07-31,614.0
VE,2021-08-31,641.0
VE,2021-09-30,650.0
VE,2021-10-31,756.0
VE,2021-11-30,824.0
VE,2021-12-31,871.0
VE,2022-01-31,755.0
VE,2022-02-28,788.0
VE,2022-03-31,728.0
VE,2022-04-30,775.0
VE,2022-05-31,735.0
VE,2022-06-30,727.0
VE,2022-07-31,629.0
VE,2022-08-31,723.0
VE,2022-09-30,666.0
VE,2022-10-31,717.0
VE,2022-11-30,693.0
VE,2022-12-31,669.0
VE,2023-01-31,732.0
VE,2023-02-28,704.0
VE,2023-03-31,754.0
VE,2023-04-30,810.0
VE,2023-05-31,819.0
VE,2023-06-30,796.0
VE,2023-07-31,810.0
VE,2023-08-31,820.0
VE,2023-09-30,762.0
VE,2023-10-31,786.0
VE,2023-11-30,801.0
VE,2023-12-31,802.0
VE,2024-01-31,841.0
VE,2024-02-29,877.0
VE,2024-03-31,874.0
VE,2024-04-30,878.0
VE,2024-05-31,910.0
VE,2024-06-30,922.0
VE,2024-07-31,928.0
VE,2024-08-31,927.0
VE,2024-09-30,943.0
VE,2024-10-31,989.0
VE,2024-11-30,960.0
VE,2024-12-31,998.0
VE,2025-01-31,1031.0
VE,2025-02-28,1025.0
VE,2025-03-31,1048.0
VN,2002-01-31,338.422
VN,2002-02-28,343.4609
VN,2002-03-31,346.1574
VN,2002-04-30,344.2608
VN,2002-05-31,339.6548
VN,2002-06-30,341.3184
VN,2002-07-31,322.4155
VN,2002-08-31,321.8094
VN,2002-09-30,345.2885
VN,2002-10-31,365.6147
VN,2002-11-30,357.4507
VN,2002-12-31,360.3536
VN,2003-01-31,368.0373
VN,2003-02-28,363.9088
VN,2003-03-31,362.3916
VN,2003-04-30,358.924
VN,2003-05-31,350.1929
VN,2003-06-30,344.4592
VN,2003-07-31,345.1139
VN,2003-08-31,345.3513
VN,2003-09-30,307.5644
VN,2003-10-31,335.8115
VN,2003-11-30,441.1148
VN,2003-12-31,449.1906
VN,2004-01-31,410.4565
VN,2004-02-29,411.2309
VN,2004-03-31,408.2503
VN,2004-04-30,403.7895
VN,2004-05-31,402.9737
VN,2004-06-30,410.0859
VN,2004-07-31,411.6987
VN,2004-08-31,421.1903
VN,2004-09-30,395.2087
VN,2004-10-31,418.5801
VN,2004-11-30,401.0927
VN,2004-12-31,411.88
VN,2005-01-31,367.85
VN,2005-02-28,386.1375
VN,2005-03-31,372.4952
VN,2005-04-30,370.252
VN,2005-05-31,524.4829
VN,2005-06-30,370.252
VN,2005-07-31,371.1221
VN,2005-08-31,387.9169
VN,2005-09-30,395.6151
VN,2005-10-31,371.935
VN,2005-11-30,389.5698
VN,2005-12-31,378.4266
VN,2006-01-31,358.3084
VN,2006-02-28,395.1223
VN,2006-03-31,363.0048
VN,2006-04-30,342.3923
VN,2006-05-31,347.9622
VN,2006-06-30,365.8384
VN,2006-07-31,352.0451
VN,2006-08-31,338.2306
VN,2006-09-30,355.7852
VN,2006-10-31,342.2657
VN,2006-11-30,334.2076
VN,2006-12-31,324.2267
VN,2007-01-31,332.1613
VN,2007-02-28,334.698
VN,2007-03-31,296.8502
VN,2007-04-30,324.1544
VN,2007-05-31,320.3855
VN,2007-06-30,283.4512
VN,2007-07-31,302.7413
VN,2007-08-31,303.7316
VN,2007-09-30,306.9487
VN,2007-10-31,317.7317
VN,2007-11-30,334.2076
VN,2007-12-31,298.8704
VN,2008-01-31,303.5356
VN,2008-02-29,338.1223
VN,2008-03-31,273.7073
VN,2008-04-30,296.2419
VN,2008-05-31,263.155
VN,2008-06-30,274.8692
VN,2008-07-31,260.5094
VN,2008-08-31,243.2887
VN,2008-09-30,247.6183
VN,2008-10-31,270.4742
VN,2008-11-30,285.7745
VN,2008-12-31,267.8279
VN,2009-01-31,270.0731
VN,2009-02-28,295.6339
VN,2009-03-31,269.6351
VN,2009-04-30,295.4258
VN,2009-05-31,291.9861
VN,2009-06-30,294.36
VN,2009-07-31,291.9861
VN,2009-08-31,309.6218
VN,2009-09-30,323.708
VN,2009-10-31,
VN,2009-11-30,
VN,2009-12-31,
VN,2010-01-31,311.0453
VN,2010-02-28,342.7955
VN,2010-03-31,313.2658
VN,2010-04-30,318.6733
VN,2010-05-31,296.6532
VN,2010-06-30,326.249
VN,2010-07-31,320.3855
VN,2010-08-31,337.4268
VN,2010-09-30,331.065
VN,2010-10-31,
VN,2010-11-30,
VN,2010-12-31,
VN,2011-01-31,
VN,2011-02-28,
VN,2011-03-31,
VN,2011-04-30,
VN,2011-05-31,
VN,2011-06-30,
VN,2011-07-31,
VN,2011-08-31,
VN,2011-09-30,
VN,2011-10-31,
VN,2011-11-30,
VN,2011-12-31,
VN,2012-01-31,
VN,2012-02-29,
VN,2012-03-31,
VN,2012-04-30,
VN,2012-05-31,
VN,2012-06-30,
VN,2012-07-31,
VN,2012-08-31,
VN,2012-09-30,
VN,2012-10-31,
VN,2012-11-30,
VN,2012-12-31,
VN,2013-01-31,
VN,2013-02-28,
VN,2013-03-31,
VN,2013-04-30,
VN,2013-05-31,
VN,2013-06-30,
VN,2013-07-31,
VN,2013-08-31,
VN,2013-09-30,
VN,2013-10-31,
VN,2013-11-30,
VN,2013-12-31,
VN,2014-01-31,
VN,2014-02-28,
VN,2014-03-31,
VN,2014-04-30,
VN,2014-05-31,
VN,2014-06-30,
VN,2014-07-31,
VN,2014-08-31,
VN,2014-09-30,
VN,2014-10-31,
VN,2014-11-30,
VN,2014-12-31,
VN,2015-01-31,
VN,2015-02-28,
VN,2015-03-31,
VN,2015-04-30,
VN,2015-05-31,
VN,2015-06-30,
VN,2015-07-31,
VN,2015-08-31,
VN,2015-09-30,
VN,2015-10-31,
VN,2015-11-30,
VN,2015-12-31,
VN,2016-01-31,
VN,2016-02-29,
VN,2016-03-31,
VN,2016-04-30,
VN,2016-05-31,
VN,2016-06-30,
VN,2016-07-31,
VN,2016-08-31,
VN,2016-09-30,
VN,2016-10-31,
VN,2016-11-30,
VN,2016-12-31,
VN,2017-01-31,
VN,2017-02-28,
VN,2017-03-31,
VN,2017-04-30,
VN,2017-05-31,
VN,2017-06-30,
VN,2017-07-31,
VN,2017-08-31,
VN,2017-09-30,
VN,2017-10-31,
VN,2017-11-30,
VN,2017-12-31,
VN,2018-01-31,
VN,2018-02-28,
VN,2018-03-31,
VN,2018-04-30,
VN,2018-05-31,
VN,2018-06-30,
VN,2018-07-31,
VN,2018-08-31,
VN,2018-09-30,
VN,2018-10-31,
VN,2018-11-30,
VN,2018-12-31,
VN,2019-01-31,
VN,2019-02-28,
VN,2019-03-31,
VN,2019-04-30,
VN,2019-05-31,
VN,2019-06-30,
VN,2019-07-31,
VN,2019-08-31,
VN,2019-09-30,
VN,2019-10-31,
VN,2019-11-30,
VN,2019-12-31,
VN,2020-01-31,
VN,2020-02-29,
VN,2020-03-31,
VN,2020-04-30,
VN,2020-05-31,
VN,2020-06-30,
VN,2020-07-31,
VN,2020-08-31,
VN,2020-09-30,
VN,2020-10-31,
VN,2020-11-30,
VN,2020-12-31,
VN,2021-01-31,
VN,2021-02-28,
VN,2021-03-31,
VN,2021-04-30,
VN,2021-05-31,
VN,2021-06-30,
VN,2021-07-31,
VN,2021-08-31,
VN,2021-09-30,
VN,2021-10-31,
VN,2021-11-30,
VN,2021-12-31,
VN,2022-01-31,183.4254
VN,2022-02-28,183.975
VN,2022-03-31,187.8828
VN,2022-04-30,183.0435
VN,2022-05-31,180.1768
VN,2022-06-30,192.0438
VN,2022-07-31,174.9067
VN,2022-08-31,181.3884
VN,2022-09-30,176.544
VN,2022-10-31,166.5778
VN,2022-11-30,174.8514
VN,2022-12-31,179.1542
VN,2023-01-31,172.0589
VN,2023-02-28,176.1143
VN,2023-03-31,
VN,2023-04-30,
VN,2023-05-31,
VN,2023-06-30,
VN,2023-07-31,
VN,2023-08-31,
VN,2023-09-30,
VN,2023-10-31,
VN,2023-11-30,
VN,2023-12-31,
VN,2024-01-31,
VN,2024-02-29,
VN,2024-03-31,
VN,2024-04-30,
VN,2024-05-31,
VN,2024-06-30,
VN,2024-07-31,
VN,2024-08-31,
VN,2024-09-30,
VN,2024-10-31,
VN,2024-11-30,
VN,2024-12-31,
VN,2025-01-31,
VN,2025-02-28,
VN,2025-03-31,
YE,2002-01-31,428.4406
YE,2002-02-28,426.9921
YE,2002-03-31,424.5077
YE,2002-04-30,433.832
YE,2002-05-31,432.6194
YE,2002-06-30,426.72
YE,2002-07-31,427.4574
YE,2002-08-31,416.8877
YE,2002-09-30,426.466
YE,2002-10-31,426.4742
YE,2002-11-30,432.308
YE,2002-12-31,434.0942
YE,2003-01-31,431.8819
YE,2003-02-28,425.9036
YE,2003-03-31,429.9155
YE,2003-04-30,429.26
YE,2003-05-31,422.2955
YE,2003-06-30,416.814
YE,2003-07-31,419.3458
YE,2003-08-31,408.7761
YE,2003-09-30,412.496
YE,2003-10-31,412.4632
YE,2003-11-30,418.846
YE,2003-12-31,426.4742
YE,2004-01-31,418.8542
YE,2004-02-29,409.9034
YE,2004-03-31,402.631
YE,2004-04-30,392.43
YE,2004-05-31,391.3239
YE,2004-06-30,380.746
YE,2004-07-31,381.2458
YE,2004-08-31,377.5587
YE,2004-09-30,381.0
YE,2004-10-31,387.6368
YE,2004-11-30,396.24
YE,2004-12-31,406.0723
YE,2005-01-31,404.8432
YE,2005-02-28,397.0564
YE,2005-03-31,388.3742
YE,2005-04-30,390.398
YE,2005-05-31,390.5865
YE,2005-06-30,391.414
YE,2005-07-31,387.8826
YE,2005-08-31,384.6871
YE,2005-09-30,391.922
YE,2005-10-31,390.3406
YE,2005-11-30,382.524
YE,2005-12-31,382.4748
YE,2006-01-31,380.5084
YE,2006-02-28,379.095
YE,2006-03-31,367.2348
YE,2006-04-30,369.062
YE,2006-05-31,360.8439
YE,2006-06-30,359.918
YE,2006-07-31,352.4865
YE,2006-08-31,351.0116
YE,2006-09-30,355.092
YE,2006-10-31,343.1458
YE,2006-11-30,335.788
YE,2006-12-31,335.0342
YE,2007-01-31,330.8555
YE,2007-02-28,320.5843
YE,2007-03-31,316.8445
YE,2007-04-30,314.452
YE,2007-05-31,314.6323
YE,2007-06-30,314.96
YE,2007-07-31,306.029
YE,2007-08-31,307.2581
YE,2007-09-30,302.006
YE,2007-10-31,311.191
YE,2007-11-30,311.658
YE,2007-12-31,308.4871
YE,2008-01-31,304.3084
YE,2008-02-29,302.6979
YE,2008-03-31,296.6884
YE,2008-04-30,290.068
YE,2008-05-31,296.9342
YE,2008-06-30,293.116
YE,2008-07-31,286.1187
YE,2008-08-31,271.3703
YE,2008-09-30,281.94
YE,2008-10-31,259.5716
YE,2008-11-30,274.066
YE,2008-12-31,272.1077
YE,2009-01-31,272.1077
YE,2009-02-28,273.7757
YE,2009-03-31,281.4484
YE,2009-04-30,287.528
YE,2009-05-31,272.8452
YE,2009-06-30,275.336
YE,2009-07-31,
YE,2009-08-31,272.1077
YE,2009-09-30,280.67
YE,2009-10-31,280.9568
YE,2009-11-30,
YE,2009-12-31,
YE,2010-01-31,
YE,2010-02-28,
YE,2010-03-31,
YE,2010-04-30,
YE,2010-05-31,
YE,2010-06-30,
YE,2010-07-31,
YE,2010-08-31,
YE,2010-09-30,
YE,2010-10-31,
YE,2010-11-30,
YE,2010-12-31,
YE,2011-01-31,
YE,2011-02-28,
YE,2011-03-31,
YE,2011-04-30,
YE,2011-05-31,
YE,2011-06-30,
YE,2011-07-31,
YE,2011-08-31,
YE,2011-09-30,
YE,2011-10-31,
YE,2011-11-30,
YE,2011-12-31,
YE,2012-01-31,
YE,2012-02-29,
YE,2012-03-31,
YE,2012-04-30,
YE,2012-05-31,
YE,2012-06-30,
YE,2012-07-31,
YE,2012-08-31,
YE,2012-09-30,
YE,2012-10-31,
YE,2012-11-30,
YE,2012-12-31,
YE,2013-01-31,
YE,2013-02-28,
YE,2013-03-31,
YE,2013-04-30,
YE,2013-05-31,
YE,2013-06-30,
YE,2013-07-31,
YE,2013-08-31,
YE,2013-09-30,
YE,2013-10-31,
YE,2013-11-30,
YE,2013-12-31,
YE,2014-01-31,
YE,2014-02-28,
YE,2014-03-31,
YE,2014-04-30,
YE,2014-05-31,
YE,2014-06-30,
YE,2014-07-31,
YE,2014-08-31,
YE,2014-09-30,
YE,2014-10-31,
YE,2014-11-30,
YE,2014-12-31,
YE,2015-01-31,
YE,2015-02-28,
YE,2015-03-31,
YE,2015-04-30,
YE,2015-05-31,
YE,2015-06-30,
YE,2015-07-31,
YE,2015-08-31,
YE,2015-09-30,
YE,2015-10-31,
YE,2015-11-30,
YE,2015-12-31,
YE,2016-01-31,
YE,2016-02-29,
YE,2016-03-31,
YE,2016-04-30,
YE,2016-05-31,
YE,2016-06-30,
YE,2016-07-31,
YE,2016-08-31,
YE,2016-09-30,
YE,2016-10-31,
YE,2016-11-30,
YE,2016-12-31,
YE,2017-01-31,
YE,2017-02-28,
YE,2017-03-31,
YE,2017-04-30,
YE,2017-05-31,
YE,2017-06-30,
YE,2017-07-31,
YE,2017-08-31,
YE,2017-09-30,
YE,2017-10-31,
YE,2017-11-30,
YE,2017-12-31,
YE,2018-01-31,
YE,2018-02-28,
YE,2018-03-31,
YE,2018-04-30,
YE,2018-05-31,
YE,2018-06-30,
YE,2018-07-31,
YE,2018-08-31,
YE,2018-09-30,
YE,2018-10-31,
YE,2018-11-30,
YE,2018-12-31,
YE,2019-01-31,
YE,2019-02-28,
YE,2019-03-31,
YE,2019-04-30,
YE,2019-05-31,
YE,2019-06-30,
YE,2019-07-31,
YE,2019-08-31,
YE,2019-09-30,
YE,2019-10-31,
YE,2019-11-30,
YE,2019-12-31,
YE,2020-01-31,
YE,2020-02-29,
YE,2020-03-31,
YE,2020-04-30,
YE,2020-05-31,
YE,2020-06-30,
YE,2020-07-31,
YE,2020-08-31,
YE,2020-09-30,
YE,2020-10-31,
YE,2020-11-30,
YE,2020-12-31,
YE,2021-01-31,
YE,2021-02-28,
YE,2021-03-31,
YE,2021-04-30,
YE,2021-05-31,
YE,2021-06-30,
YE,2021-07-31,
YE,2021-08-31,
YE,2021-09-30,
YE,2021-10-31,
YE,2021-11-30,
YE,2021-12-31,
YE,2022-01-31,
YE,2022-02-28,
YE,2022-03-31,
YE,2022-04-30,
YE,2022-05-31,
YE,2022-06-30,
YE,2022-07-31,
YE,2022-08-31,
YE,2022-09-30,
YE,2022-10-31,
YE,2022-11-30,
YE,2022-12-31,
YE,2023-01-31,
YE,2023-02-28,
YE,2023-03-31,
YE,2023-04-30,
YE,2023-05-31,
YE,2023-06-30,
YE,2023-07-31,
YE,2023-08-31,
YE,2023-09-30,
YE,2023-10-31,
YE,2023-11-30,
YE,2023-12-31,
YE,2024-01-31,
YE,2024-02-29,
YE,2024-03-31,
YE,2024-04-30,
YE,2024-05-31,
YE,2024-06-30,
YE,2024-07-31,
YE,2024-08-31,
YE,2024-09-30,
YE,2024-10-31,
YE,2024-11-30,
YE,2024-12-31,
YE,2025-01-31,
YE,2025-02-28,
YE,2025-03-31,
ZA,2002-01-31,17.06
ZA,2002-02-28,17.9739
ZA,2002-03-31,0.0
ZA,2002-04-30,22.178
ZA,2002-05-31,16.2345
ZA,2002-06-30,18.766
ZA,2002-07-31,14.0332
ZA,2002-08-31,15.9594
ZA,2002-09-30,16.7757
ZA,2002-10-31,14.3084
ZA,2002-11-30,15.6383
ZA,2002-12-31,13.7581
ZA,2003-01-31,16.5097
ZA,2003-02-28,14.6229
ZA,2003-03-31,12.3823
ZA,2003-04-30,10.236
ZA,2003-05-31,15.409
ZA,2003-06-30,11.089
ZA,2003-07-31,9.3555
ZA,2003-08-31,13.7581
ZA,2003-09-30,13.3637
ZA,2003-10-31,14.5835
ZA,2003-11-30,11.3733
ZA,2003-12-31,13.2077
ZA,2004-01-31,24.4894
ZA,2004-02-29,0.0
ZA,2004-03-31,22.2881
ZA,2004-04-30,0.0
ZA,2004-05-31,0.0
ZA,2004-06-30,10.8047
ZA,2004-07-31,28.6168
ZA,2004-08-31,18.9861
ZA,2004-09-30,19.619
ZA,2004-10-31,37.6971
ZA,2004-11-30,19.619
ZA,2004-12-31,0.0
ZA,2005-01-31,
ZA,2005-02-28,
ZA,2005-03-31,
ZA,2005-04-30,
ZA,2005-05-31,
ZA,2005-06-30,
ZA,2005-07-31,
ZA,2005-08-31,
ZA,2005-09-30,
ZA,2005-10-31,
ZA,2005-11-30,
ZA,2005-12-31,
ZA,2006-01-31,
ZA,2006-02-28,
ZA,2006-03-31,
ZA,2006-04-30,
ZA,2006-05-31,
ZA,2006-06-30,
ZA,2006-07-31,
ZA,2006-08-31,
ZA,2006-09-30,
ZA,2006-10-31,
ZA,2006-11-30,
ZA,2006-12-31,
ZA,2007-01-31,
ZA,2007-02-28,
ZA,2007-03-31,
ZA,2007-04-30,0.0
ZA,2007-05-31,
ZA,2007-06-30,0.0
ZA,2007-07-31,0.0
ZA,2007-08-31,
ZA,2007-09-30,0.0
ZA,2007-10-31,0.0
ZA,2007-11-30,0.0
ZA,2007-12-31,0.0
ZA,2008-01-31,0.0
ZA,2008-02-29,0.0
ZA,2008-03-31,0.0
ZA,2008-04-30,3.6963
ZA,2008-05-31,3.5771
ZA,2008-06-30,3.9807
ZA,2008-07-31,3.3019
ZA,2008-08-31,121.8965
ZA,2008-09-30,109.4683
ZA,2008-10-31,126.299
ZA,2008-11-30,121.4103
ZA,2008-12-31,125.4735
ZA,2009-01-31,124.6481
ZA,2009-02-28,122.4664
ZA,2009-03-31,92.4542
ZA,2009-04-30,94.9673
ZA,2009-05-31,126.8494
ZA,2009-06-30,126.244
ZA,2009-07-31,121.071
ZA,2009-08-31,125.4735
ZA,2009-09-30,127.6657
ZA,2009-10-31,139.7819
ZA,2009-11-30,138.7547
ZA,2009-12-31,129.0506
ZA,2010-01-31,4.1274
ZA,2010-02-28,3.9604
ZA,2010-03-31,4.9529
ZA,2010-04-30,1.706
ZA,2010-05-31,1.9261
ZA,2010-06-30,4.265
ZA,2010-07-31,2.7516
ZA,2010-08-31,2.7516
ZA,2010-09-30,4.265
ZA,2010-10-31,2.2013
ZA,2010-11-30,3.6963
ZA,2010-12-31,3.8523
ZA,2011-01-31,2.7516
ZA,2011-02-28,4.265
ZA,2011-03-31,5.5032
ZA,2011-04-30,3.9807
ZA,2011-05-31,4.4026
ZA,2011-06-30,4.5493
ZA,2011-07-31,3.0268
ZA,2011-08-31,2.4765
ZA,2011-09-30,3.6963
ZA,2011-10-31,2.2013
ZA,2011-11-30,4.265
ZA,2011-12-31,4.9529
ZA,2012-01-31,4.4026
ZA,2012-02-29,4.1179
ZA,2012-03-31,2.4765
ZA,2012-04-30,5.118
ZA,2012-05-31,4.1274
ZA,2012-06-30,5.971
ZA,2012-07-31,4.1274
ZA,2012-08-31,5.7784
ZA,2012-09-30,0.5687
ZA,2012-10-31,1.1006
ZA,2012-11-30,3.6963
ZA,2012-12-31,6.0535
ZA,2013-01-31,1.9261
ZA,2013-02-28,1.5232
ZA,2013-03-31,4.9529
ZA,2013-04-30,2.8433
ZA,2013-05-31,2.7516
ZA,2013-06-30,5.971
ZA,2013-07-31,0.0
ZA,2013-08-31,4.9529
ZA,2013-09-30,3.9807
ZA,2013-10-31,0.0
ZA,2013-11-30,0.0
ZA,2013-12-31,1.651
ZA,2014-01-31,0.0
ZA,2014-02-28,5.1789
ZA,2014-03-31,1.1006
ZA,2014-04-30,2.559
ZA,2014-05-31,5.2281
ZA,2014-06-30,2.8433
ZA,2014-07-31,2.2013
ZA,2014-08-31,2.2013
ZA,2014-09-30,5.4023
ZA,2014-10-31,2.4765
ZA,2014-11-30,5.6867
ZA,2014-12-31,4.6777
ZA,2015-01-31,7.7045
ZA,2015-02-28,4.8743
ZA,2015-03-31,4.1274
ZA,2015-04-30,4.265
ZA,2015-05-31,3.5771
ZA,2015-06-30,4.265
ZA,2015-07-31,6.3287
ZA,2015-08-31,2.4765
ZA,2015-09-30,9.0987
ZA,2015-10-31,6.879
ZA,2015-11-30,9.383
ZA,2015-12-31,8.53
ZA,2016-01-31,
ZA,2016-02-29,
ZA,2016-03-31,
ZA,2016-04-30,
ZA,2016-05-31,
ZA,2016-06-30,
ZA,2016-07-31,
ZA,2016-08-31,
ZA,2016-09-30,
ZA,2016-10-31,
ZA,2016-11-30,
ZA,2016-12-31,
ZA,2017-01-31,0.8255
ZA,2017-02-28,0.6093
ZA,2017-03-31,0.5503
ZA,2017-04-30,0.5687
ZA,2017-05-31,0.8255
ZA,2017-06-30,0.853
ZA,2017-07-31,0.8255
ZA,2017-08-31,0.8255
ZA,2017-09-30,0.853
ZA,2017-10-31,0.8255
ZA,2017-11-30,0.853
ZA,2017-12-31,0.8255
ZA,2018-01-31,13.7581
ZA,2018-02-28,0.6093
ZA,2018-03-31,0.5503
ZA,2018-04-30,0.853
ZA,2018-05-31,0.5503
ZA,2018-06-30,0.853
ZA,2018-07-31,1.3758
ZA,2018-08-31,0.8255
ZA,2018-09-30,0.5687
ZA,2018-10-31,0.0
ZA,2018-11-30,0.2843
ZA,2018-12-31,0.5503
ZA,2019-01-31,0.8255
ZA,2019-02-28,0.9139
ZA,2019-03-31,0.8255
ZA,2019-04-30,0.853
ZA,2019-05-31,0.8255
ZA,2019-06-30,0.5687
ZA,2019-07-31,0.5503
ZA,2019-08-31,0.8255
ZA,2019-09-30,0.853
ZA,2019-10-31,0.8255
ZA,2019-11-30,0.5687
ZA,2019-12-31,0.2752
ZA,2020-01-31,0.8255
ZA,2020-02-29,0.5883
ZA,2020-03-31,0.8255
ZA,2020-04-30,0.853
ZA,2020-05-31,0.5503
ZA,2020-06-30,0.853
ZA,2020-07-31,0.5503
ZA,2020-08-31,0.8255
ZA,2020-09-30,0.853
ZA,2020-10-31,0.8255
ZA,2020-11-30,0.853
ZA,2020-12-31,0.8255
ZA,2021-01-31,0.2752
ZA,2021-02-28,0.3046
ZA,2021-03-31,0.2752
ZA,2021-04-30,0.2843
ZA,2021-05-31,0.2752
ZA,2021-06-30,0.2843
ZA,2021-07-31,0.2752
ZA,2021-08-31,0.2752
ZA,2021-09-30,0.5687
ZA,2021-10-31,0.5503
ZA,2021-11-30,0.5687
ZA,2021-12-31,0.2752
ZA,2022-01-31,
ZA,2022-02-28,
ZA,2022-03-31,
ZA,2022-04-30,0.0
ZA,2022-05-31,0.0
ZA,2022-06-30,0.0
ZA,2022-07-31,0.0
ZA,2022-08-31,0.0
ZA,2022-09-30,0.0
ZA,2022-10-31,0.0
ZA,2022-11-30,0.0
ZA,2022-12-31,0.0
ZA,2023-01-31,0.0
ZA,2023-02-28,0.0
ZA,2023-03-31,0.0
ZA,2023-04-30,0.0
ZA,2023-05-31,0.0
ZA,2023-06-30,0.0
ZA,2023-07-31,0.0
ZA,2023-08-31,0.0
ZA,2023-09-30,0.0
ZA,2023-10-31,0.0
ZA,2023-11-30,0.0
ZA,2023-12-31,0.0
ZA,2024-01-31,0.0
ZA,2024-02-29,0.0
ZA,2024-03-31,0.0
ZA,2024-04-30,0.0
ZA,2024-05-31,0.0
ZA,2024-06-30,0.0
ZA,2024-07-31,
ZA,2024-08-31,
ZA,2024-09-30,
ZA,2024-10-31,
ZA,2024-11-30,
ZA,2024-12-31,
ZA,2025-01-31,
ZA,2025-02-28,
ZA,2025-03-31,
