REF_AREA,TIME_PERIOD,OBS_VALUE
AE,2002-01-31,
AE,2002-02-28,
AE,2002-03-31,
AE,2002-04-30,
AE,2002-05-31,
AE,2002-06-30,
AE,2002-07-31,
AE,2002-08-31,
AE,2002-09-30,
AE,2002-10-31,
AE,2002-11-30,
AE,2002-12-31,
AE,2003-01-31,
AE,2003-02-28,
AE,2003-03-31,
AE,2003-04-30,
AE,2003-05-31,
AE,2003-06-30,
AE,2003-07-31,
AE,2003-08-31,
AE,2003-09-30,
AE,2003-10-31,
AE,2003-11-30,
AE,2003-12-31,
AE,2004-01-31,
AE,2004-02-29,
AE,2004-03-31,
AE,2004-04-30,
AE,2004-05-31,
AE,2004-06-30,
AE,2004-07-31,
AE,2004-08-31,
AE,2004-09-30,
AE,2004-10-31,
AE,2004-11-30,
AE,2004-12-31,
AE,2005-01-31,
AE,2005-02-28,
AE,2005-03-31,
AE,2005-04-30,
AE,2005-05-31,
AE,2005-06-30,
AE,2005-07-31,
AE,2005-08-31,
AE,2005-09-30,
AE,2005-10-31,
AE,2005-11-30,
AE,2005-12-31,
AE,2006-01-31,
AE,2006-02-28,
AE,2006-03-31,
AE,2006-04-30,
AE,2006-05-31,
AE,2006-06-30,
AE,2006-07-31,
AE,2006-08-31,
AE,2006-09-30,
AE,2006-10-31,
AE,2006-11-30,
AE,2006-12-31,
AE,2007-01-31,
AE,2007-02-28,
AE,2007-03-31,
AE,2007-04-30,
AE,2007-05-31,
AE,2007-06-30,
AE,2007-07-31,
AE,2007-08-31,
AE,2007-09-30,
AE,2007-10-31,
AE,2007-11-30,
AE,2007-12-31,
AE,2008-01-31,
AE,2008-02-29,
AE,2008-03-31,
AE,2008-04-30,
AE,2008-05-31,
AE,2008-06-30,
AE,2008-07-31,
AE,2008-08-31,
AE,2008-09-30,
AE,2008-10-31,
AE,2008-11-30,
AE,2008-12-31,
AE,2009-01-31,0.0
AE,2009-02-28,0.0
AE,2009-03-31,0.0
AE,2009-04-30,0.0
AE,2009-05-31,0.0
AE,2009-06-30,0.0
AE,2009-07-31,0.0
AE,2009-08-31,0.0
AE,2009-09-30,0.0
AE,2009-10-31,0.0
AE,2009-11-30,30.0
AE,2009-12-31,31.0
AE,2010-01-31,0.0
AE,2010-02-28,0.0
AE,2010-03-31,155.0
AE,2010-04-30,450.0
AE,2010-05-31,558.0
AE,2010-06-30,480.0
AE,2010-07-31,496.0
AE,2010-08-31,403.0
AE,2010-09-30,420.0
AE,2010-10-31,341.0
AE,2010-11-30,390.0
AE,2010-12-31,93.0
AE,2011-01-31,31.0
AE,2011-02-28,56.0
AE,2011-03-31,0.0
AE,2011-04-30,240.0
AE,2011-05-31,589.0
AE,2011-06-30,420.0
AE,2011-07-31,93.0
AE,2011-08-31,0.0
AE,2011-09-30,30.0
AE,2011-10-31,31.0
AE,2011-11-30,0.0
AE,2011-12-31,651.0
AE,2012-01-31,0.0
AE,2012-02-29,0.0
AE,2012-03-31,0.0
AE,2012-04-30,2370.0
AE,2012-05-31,1209.0
AE,2012-06-30,1500.0
AE,2012-07-31,341.0
AE,2012-08-31,589.0
AE,2012-09-30,0.0
AE,2012-10-31,1488.0
AE,2012-11-30,210.0
AE,2012-12-31,155.0
AE,2013-01-31,1116.0
AE,2013-02-28,588.0
AE,2013-03-31,93.0
AE,2013-04-30,510.0
AE,2013-05-31,1085.0
AE,2013-06-30,1230.0
AE,2013-07-31,186.0
AE,2013-08-31,527.0
AE,2013-09-30,810.0
AE,2013-10-31,372.0
AE,2013-11-30,360.0
AE,2013-12-31,589.0
AE,2014-01-31,527.0
AE,2014-02-28,2828.0
AE,2014-03-31,403.0
AE,2014-04-30,540.0
AE,2014-05-31,248.0
AE,2014-06-30,900.0
AE,2014-07-31,1147.0
AE,2014-08-31,2015.0
AE,2014-09-30,300.0
AE,2014-10-31,589.0
AE,2014-11-30,300.0
AE,2014-12-31,403.0
AE,2015-01-31,341.0
AE,2015-02-28,28.0
AE,2015-03-31,372.0
AE,2015-04-30,300.0
AE,2015-05-31,248.0
AE,2015-06-30,60.0
AE,2015-07-31,465.0
AE,2015-08-31,155.0
AE,2015-09-30,420.0
AE,2015-10-31,0.0
AE,2015-11-30,900.0
AE,2015-12-31,899.0
AE,2016-01-31,279.0
AE,2016-02-29,435.0
AE,2016-03-31,527.0
AE,2016-04-30,450.0
AE,2016-05-31,465.0
AE,2016-06-30,0.0
AE,2016-07-31,310.0
AE,2016-08-31,31.0
AE,2016-09-30,1080.0
AE,2016-10-31,620.0
AE,2016-11-30,1170.0
AE,2016-12-31,341.0
AE,2017-01-31,1612.0
AE,2017-02-28,392.0
AE,2017-03-31,775.0
AE,2017-04-30,660.0
AE,2017-05-31,93.0
AE,2017-06-30,90.0
AE,2017-07-31,124.0
AE,2017-08-31,0.0
AE,2017-09-30,30.0
AE,2017-10-31,248.0
AE,2017-11-30,330.0
AE,2017-12-31,589.0
AE,2018-01-31,1984.0
AE,2018-02-28,2212.0
AE,2018-03-31,1550.0
AE,2018-04-30,60.0
AE,2018-05-31,0.0
AE,2018-06-30,1020.0
AE,2018-07-31,1333.0
AE,2018-08-31,217.0
AE,2018-09-30,600.0
AE,2018-10-31,3007.0
AE,2018-11-30,630.0
AE,2018-12-31,62.0
AE,2019-01-31,
AE,2019-02-28,
AE,2019-03-31,
AE,2019-04-30,
AE,2019-05-31,
AE,2019-06-30,
AE,2019-07-31,
AE,2019-08-31,
AE,2019-09-30,
AE,2019-10-31,
AE,2019-11-30,
AE,2019-12-31,
AE,2020-01-31,
AE,2020-02-29,
AE,2020-03-31,
AE,2020-04-30,
AE,2020-05-31,
AE,2020-06-30,
AE,2020-07-31,
AE,2020-08-31,
AE,2020-09-30,
AE,2020-10-31,
AE,2020-11-30,
AE,2020-12-31,
AE,2021-01-31,
AE,2021-02-28,
AE,2021-03-31,
AE,2021-04-30,
AE,2021-05-31,
AE,2021-06-30,
AE,2021-07-31,
AE,2021-08-31,
AE,2021-09-30,
AE,2021-10-31,
AE,2021-11-30,
AE,2021-12-31,
AE,2022-01-31,
AE,2022-02-28,
AE,2022-03-31,
AE,2022-04-30,
AE,2022-05-31,
AE,2022-06-30,
AE,2022-07-31,
AE,2022-08-31,
AE,2022-09-30,
AE,2022-10-31,
AE,2022-11-30,
AE,2022-12-31,
AE,2023-01-31,
AE,2023-02-28,
AE,2023-03-31,
AE,2023-04-30,
AE,2023-05-31,
AE,2023-06-30,
AE,2023-07-31,
AE,2023-08-31,
AE,2023-09-30,
AE,2023-10-31,
AE,2023-11-30,
AE,2023-12-31,
AE,2024-01-31,
AE,2024-02-29,
AE,2024-03-31,
AE,2024-04-30,
AE,2024-05-31,
AE,2024-06-30,
AE,2024-07-31,
AE,2024-08-31,
AE,2024-09-30,
AE,2024-10-31,
AE,2024-11-30,
AE,2024-12-31,
AE,2025-01-31,
AE,2025-02-28,
AE,2025-03-31,
AL,2002-01-31,
AL,2002-02-28,
AL,2002-03-31,
AL,2002-04-30,
AL,2002-05-31,
AL,2002-06-30,
AL,2002-07-31,
AL,2002-08-31,
AL,2002-09-30,
AL,2002-10-31,
AL,2002-11-30,
AL,2002-12-31,
AL,2003-01-31,
AL,2003-02-28,
AL,2003-03-31,
AL,2003-04-30,
AL,2003-05-31,
AL,2003-06-30,
AL,2003-07-31,
AL,2003-08-31,
AL,2003-09-30,
AL,2003-10-31,
AL,2003-11-30,
AL,2003-12-31,
AL,2004-01-31,
AL,2004-02-29,
AL,2004-03-31,
AL,2004-04-30,
AL,2004-05-31,
AL,2004-06-30,
AL,2004-07-31,
AL,2004-08-31,
AL,2004-09-30,
AL,2004-10-31,
AL,2004-11-30,
AL,2004-12-31,
AL,2005-01-31,
AL,2005-02-28,
AL,2005-03-31,
AL,2005-04-30,
AL,2005-05-31,
AL,2005-06-30,
AL,2005-07-31,
AL,2005-08-31,
AL,2005-09-30,
AL,2005-10-31,
AL,2005-11-30,
AL,2005-12-31,
AL,2006-01-31,
AL,2006-02-28,
AL,2006-03-31,
AL,2006-04-30,
AL,2006-05-31,
AL,2006-06-30,
AL,2006-07-31,
AL,2006-08-31,
AL,2006-09-30,
AL,2006-10-31,
AL,2006-11-30,
AL,2006-12-31,
AL,2007-01-31,
AL,2007-02-28,
AL,2007-03-31,
AL,2007-04-30,
AL,2007-05-31,
AL,2007-06-30,
AL,2007-07-31,
AL,2007-08-31,
AL,2007-09-30,
AL,2007-10-31,
AL,2007-11-30,
AL,2007-12-31,
AL,2008-01-31,
AL,2008-02-29,
AL,2008-03-31,
AL,2008-04-30,
AL,2008-05-31,
AL,2008-06-30,
AL,2008-07-31,
AL,2008-08-31,
AL,2008-09-30,
AL,2008-10-31,
AL,2008-11-30,
AL,2008-12-31,
AL,2009-01-31,
AL,2009-02-28,
AL,2009-03-31,
AL,2009-04-30,
AL,2009-05-31,
AL,2009-06-30,
AL,2009-07-31,
AL,2009-08-31,
AL,2009-09-30,
AL,2009-10-31,
AL,2009-11-30,
AL,2009-12-31,
AL,2010-01-31,
AL,2010-02-28,
AL,2010-03-31,
AL,2010-04-30,
AL,2010-05-31,
AL,2010-06-30,
AL,2010-07-31,
AL,2010-08-31,
AL,2010-09-30,
AL,2010-10-31,
AL,2010-11-30,
AL,2010-12-31,
AL,2011-01-31,
AL,2011-02-28,
AL,2011-03-31,
AL,2011-04-30,
AL,2011-05-31,
AL,2011-06-30,
AL,2011-07-31,
AL,2011-08-31,
AL,2011-09-30,
AL,2011-10-31,
AL,2011-11-30,
AL,2011-12-31,
AL,2012-01-31,
AL,2012-02-29,
AL,2012-03-31,
AL,2012-04-30,
AL,2012-05-31,
AL,2012-06-30,
AL,2012-07-31,
AL,2012-08-31,
AL,2012-09-30,
AL,2012-10-31,
AL,2012-11-30,
AL,2012-12-31,
AL,2013-01-31,
AL,2013-02-28,
AL,2013-03-31,
AL,2013-04-30,
AL,2013-05-31,
AL,2013-06-30,
AL,2013-07-31,
AL,2013-08-31,
AL,2013-09-30,
AL,2013-10-31,
AL,2013-11-30,
AL,2013-12-31,
AL,2014-01-31,
AL,2014-02-28,
AL,2014-03-31,
AL,2014-04-30,
AL,2014-05-31,
AL,2014-06-30,
AL,2014-07-31,
AL,2014-08-31,
AL,2014-09-30,
AL,2014-10-31,
AL,2014-11-30,
AL,2014-12-31,
AL,2015-01-31,
AL,2015-02-28,
AL,2015-03-31,
AL,2015-04-30,
AL,2015-05-31,
AL,2015-06-30,
AL,2015-07-31,
AL,2015-08-31,
AL,2015-09-30,
AL,2015-10-31,
AL,2015-11-30,
AL,2015-12-31,
AL,2016-01-31,
AL,2016-02-29,
AL,2016-03-31,
AL,2016-04-30,
AL,2016-05-31,
AL,2016-06-30,
AL,2016-07-31,
AL,2016-08-31,
AL,2016-09-30,
AL,2016-10-31,
AL,2016-11-30,
AL,2016-12-31,
AL,2017-01-31,
AL,2017-02-28,
AL,2017-03-31,
AL,2017-04-30,
AL,2017-05-31,
AL,2017-06-30,
AL,2017-07-31,
AL,2017-08-31,
AL,2017-09-30,
AL,2017-10-31,
AL,2017-11-30,
AL,2017-12-31,
AL,2018-01-31,
AL,2018-02-28,
AL,2018-03-31,
AL,2018-04-30,
AL,2018-05-31,
AL,2018-06-30,
AL,2018-07-31,
AL,2018-08-31,
AL,2018-09-30,
AL,2018-10-31,
AL,2018-11-30,
AL,2018-12-31,
AL,2019-01-31,
AL,2019-02-28,
AL,2019-03-31,
AL,2019-04-30,
AL,2019-05-31,
AL,2019-06-30,
AL,2019-07-31,
AL,2019-08-31,
AL,2019-09-30,
AL,2019-10-31,
AL,2019-11-30,
AL,2019-12-31,
AL,2020-01-31,
AL,2020-02-29,
AL,2020-03-31,
AL,2020-04-30,
AL,2020-05-31,
AL,2020-06-30,
AL,2020-07-31,
AL,2020-08-31,
AL,2020-09-30,
AL,2020-10-31,
AL,2020-11-30,
AL,2020-12-31,
AL,2021-01-31,
AL,2021-02-28,
AL,2021-03-31,
AL,2021-04-30,
AL,2021-05-31,
AL,2021-06-30,
AL,2021-07-31,
AL,2021-08-31,
AL,2021-09-30,
AL,2021-10-31,
AL,2021-11-30,
AL,2021-12-31,
AL,2022-01-31,
AL,2022-02-28,
AL,2022-03-31,
AL,2022-04-30,
AL,2022-05-31,
AL,2022-06-30,
AL,2022-07-31,
AL,2022-08-31,
AL,2022-09-30,
AL,2022-10-31,
AL,2022-11-30,
AL,2022-12-31,
AL,2023-01-31,
AL,2023-02-28,
AL,2023-03-31,
AL,2023-04-30,
AL,2023-05-31,
AL,2023-06-30,
AL,2023-07-31,
AL,2023-08-31,
AL,2023-09-30,
AL,2023-10-31,
AL,2023-11-30,
AL,2023-12-31,
AL,2024-01-31,
AL,2024-02-29,
AL,2024-03-31,
AL,2024-04-30,
AL,2024-05-31,
AL,2024-06-30,
AL,2024-07-31,
AL,2024-08-31,
AL,2024-09-30,
AL,2024-10-31,
AL,2024-11-30,
AL,2024-12-31,
AL,2025-01-31,
AL,2025-02-28,
AL,2025-03-31,
AM,2002-01-31,
AM,2002-02-28,
AM,2002-03-31,
AM,2002-04-30,
AM,2002-05-31,
AM,2002-06-30,
AM,2002-07-31,
AM,2002-08-31,
AM,2002-09-30,
AM,2002-10-31,
AM,2002-11-30,
AM,2002-12-31,
AM,2003-01-31,
AM,2003-02-28,
AM,2003-03-31,
AM,2003-04-30,
AM,2003-05-31,
AM,2003-06-30,
AM,2003-07-31,
AM,2003-08-31,
AM,2003-09-30,
AM,2003-10-31,
AM,2003-11-30,
AM,2003-12-31,
AM,2004-01-31,
AM,2004-02-29,
AM,2004-03-31,
AM,2004-04-30,
AM,2004-05-31,
AM,2004-06-30,
AM,2004-07-31,
AM,2004-08-31,
AM,2004-09-30,
AM,2004-10-31,
AM,2004-11-30,
AM,2004-12-31,
AM,2005-01-31,
AM,2005-02-28,
AM,2005-03-31,
AM,2005-04-30,
AM,2005-05-31,
AM,2005-06-30,
AM,2005-07-31,
AM,2005-08-31,
AM,2005-09-30,
AM,2005-10-31,
AM,2005-11-30,
AM,2005-12-31,
AM,2006-01-31,
AM,2006-02-28,
AM,2006-03-31,
AM,2006-04-30,
AM,2006-05-31,
AM,2006-06-30,
AM,2006-07-31,
AM,2006-08-31,
AM,2006-09-30,
AM,2006-10-31,
AM,2006-11-30,
AM,2006-12-31,
AM,2007-01-31,
AM,2007-02-28,
AM,2007-03-31,
AM,2007-04-30,
AM,2007-05-31,
AM,2007-06-30,
AM,2007-07-31,
AM,2007-08-31,
AM,2007-09-30,
AM,2007-10-31,
AM,2007-11-30,
AM,2007-12-31,
AM,2008-01-31,
AM,2008-02-29,
AM,2008-03-31,
AM,2008-04-30,
AM,2008-05-31,
AM,2008-06-30,
AM,2008-07-31,
AM,2008-08-31,
AM,2008-09-30,
AM,2008-10-31,
AM,2008-11-30,
AM,2008-12-31,
AM,2009-01-31,
AM,2009-02-28,
AM,2009-03-31,
AM,2009-04-30,
AM,2009-05-31,
AM,2009-06-30,
AM,2009-07-31,
AM,2009-08-31,
AM,2009-09-30,
AM,2009-10-31,
AM,2009-11-30,
AM,2009-12-31,
AM,2010-01-31,
AM,2010-02-28,
AM,2010-03-31,
AM,2010-04-30,
AM,2010-05-31,
AM,2010-06-30,
AM,2010-07-31,
AM,2010-08-31,
AM,2010-09-30,
AM,2010-10-31,
AM,2010-11-30,
AM,2010-12-31,
AM,2011-01-31,
AM,2011-02-28,
AM,2011-03-31,
AM,2011-04-30,
AM,2011-05-31,
AM,2011-06-30,
AM,2011-07-31,
AM,2011-08-31,
AM,2011-09-30,
AM,2011-10-31,
AM,2011-11-30,
AM,2011-12-31,
AM,2012-01-31,
AM,2012-02-29,
AM,2012-03-31,
AM,2012-04-30,
AM,2012-05-31,
AM,2012-06-30,
AM,2012-07-31,
AM,2012-08-31,
AM,2012-09-30,
AM,2012-10-31,
AM,2012-11-30,
AM,2012-12-31,
AM,2013-01-31,
AM,2013-02-28,
AM,2013-03-31,
AM,2013-04-30,
AM,2013-05-31,
AM,2013-06-30,
AM,2013-07-31,
AM,2013-08-31,
AM,2013-09-30,
AM,2013-10-31,
AM,2013-11-30,
AM,2013-12-31,
AM,2014-01-31,
AM,2014-02-28,
AM,2014-03-31,
AM,2014-04-30,
AM,2014-05-31,
AM,2014-06-30,
AM,2014-07-31,
AM,2014-08-31,
AM,2014-09-30,
AM,2014-10-31,
AM,2014-11-30,
AM,2014-12-31,
AM,2015-01-31,
AM,2015-02-28,
AM,2015-03-31,
AM,2015-04-30,
AM,2015-05-31,
AM,2015-06-30,
AM,2015-07-31,
AM,2015-08-31,
AM,2015-09-30,
AM,2015-10-31,
AM,2015-11-30,
AM,2015-12-31,
AM,2016-01-31,
AM,2016-02-29,
AM,2016-03-31,
AM,2016-04-30,
AM,2016-05-31,
AM,2016-06-30,
AM,2016-07-31,
AM,2016-08-31,
AM,2016-09-30,
AM,2016-10-31,
AM,2016-11-30,
AM,2016-12-31,
AM,2017-01-31,
AM,2017-02-28,
AM,2017-03-31,
AM,2017-04-30,
AM,2017-05-31,
AM,2017-06-30,
AM,2017-07-31,
AM,2017-08-31,
AM,2017-09-30,
AM,2017-10-31,
AM,2017-11-30,
AM,2017-12-31,
AM,2018-01-31,
AM,2018-02-28,
AM,2018-03-31,
AM,2018-04-30,
AM,2018-05-31,
AM,2018-06-30,
AM,2018-07-31,
AM,2018-08-31,
AM,2018-09-30,
AM,2018-10-31,
AM,2018-11-30,
AM,2018-12-31,
AM,2019-01-31,
AM,2019-02-28,
AM,2019-03-31,
AM,2019-04-30,
AM,2019-05-31,
AM,2019-06-30,
AM,2019-07-31,
AM,2019-08-31,
AM,2019-09-30,
AM,2019-10-31,
AM,2019-11-30,
AM,2019-12-31,
AM,2020-01-31,
AM,2020-02-29,
AM,2020-03-31,
AM,2020-04-30,
AM,2020-05-31,
AM,2020-06-30,
AM,2020-07-31,
AM,2020-08-31,
AM,2020-09-30,
AM,2020-10-31,
AM,2020-11-30,
AM,2020-12-31,
AM,2021-01-31,
AM,2021-02-28,
AM,2021-03-31,
AM,2021-04-30,
AM,2021-05-31,
AM,2021-06-30,
AM,2021-07-31,
AM,2021-08-31,
AM,2021-09-30,
AM,2021-10-31,
AM,2021-11-30,
AM,2021-12-31,
AM,2022-01-31,
AM,2022-02-28,
AM,2022-03-31,
AM,2022-04-30,
AM,2022-05-31,
AM,2022-06-30,
AM,2022-07-31,
AM,2022-08-31,
AM,2022-09-30,
AM,2022-10-31,
AM,2022-11-30,
AM,2022-12-31,
AM,2023-01-31,
AM,2023-02-28,
AM,2023-03-31,
AM,2023-04-30,
AM,2023-05-31,
AM,2023-06-30,
AM,2023-07-31,
AM,2023-08-31,
AM,2023-09-30,
AM,2023-10-31,
AM,2023-11-30,
AM,2023-12-31,
AM,2024-01-31,
AM,2024-02-29,
AM,2024-03-31,
AM,2024-04-30,
AM,2024-05-31,
AM,2024-06-30,
AM,2024-07-31,
AM,2024-08-31,
AM,2024-09-30,
AM,2024-10-31,
AM,2024-11-30,
AM,2024-12-31,
AM,2025-01-31,
AM,2025-02-28,
AM,2025-03-31,
AO,2002-01-31,
AO,2002-02-28,
AO,2002-03-31,
AO,2002-04-30,
AO,2002-05-31,
AO,2002-06-30,
AO,2002-07-31,
AO,2002-08-31,
AO,2002-09-30,
AO,2002-10-31,
AO,2002-11-30,
AO,2002-12-31,
AO,2003-01-31,
AO,2003-02-28,
AO,2003-03-31,
AO,2003-04-30,
AO,2003-05-31,
AO,2003-06-30,
AO,2003-07-31,
AO,2003-08-31,
AO,2003-09-30,
AO,2003-10-31,
AO,2003-11-30,
AO,2003-12-31,
AO,2004-01-31,
AO,2004-02-29,
AO,2004-03-31,
AO,2004-04-30,
AO,2004-05-31,
AO,2004-06-30,
AO,2004-07-31,
AO,2004-08-31,
AO,2004-09-30,
AO,2004-10-31,
AO,2004-11-30,
AO,2004-12-31,
AO,2005-01-31,
AO,2005-02-28,
AO,2005-03-31,
AO,2005-04-30,
AO,2005-05-31,
AO,2005-06-30,
AO,2005-07-31,
AO,2005-08-31,
AO,2005-09-30,
AO,2005-10-31,
AO,2005-11-30,
AO,2005-12-31,
AO,2006-01-31,
AO,2006-02-28,
AO,2006-03-31,
AO,2006-04-30,
AO,2006-05-31,
AO,2006-06-30,
AO,2006-07-31,
AO,2006-08-31,
AO,2006-09-30,
AO,2006-10-31,
AO,2006-11-30,
AO,2006-12-31,
AO,2007-01-31,
AO,2007-02-28,
AO,2007-03-31,
AO,2007-04-30,
AO,2007-05-31,
AO,2007-06-30,
AO,2007-07-31,
AO,2007-08-31,
AO,2007-09-30,
AO,2007-10-31,
AO,2007-11-30,
AO,2007-12-31,
AO,2008-01-31,
AO,2008-02-29,
AO,2008-03-31,
AO,2008-04-30,
AO,2008-05-31,
AO,2008-06-30,
AO,2008-07-31,
AO,2008-08-31,
AO,2008-09-30,
AO,2008-10-31,
AO,2008-11-30,
AO,2008-12-31,
AO,2009-01-31,0.0
AO,2009-02-28,0.0
AO,2009-03-31,0.0
AO,2009-04-30,0.0
AO,2009-05-31,0.0
AO,2009-06-30,0.0
AO,2009-07-31,0.0
AO,2009-08-31,0.0
AO,2009-09-30,0.0
AO,2009-10-31,0.0
AO,2009-11-30,0.0
AO,2009-12-31,0.0
AO,2010-01-31,0.0
AO,2010-02-28,0.0
AO,2010-03-31,0.0
AO,2010-04-30,0.0
AO,2010-05-31,0.0
AO,2010-06-30,0.0
AO,2010-07-31,0.0
AO,2010-08-31,0.0
AO,2010-09-30,0.0
AO,2010-10-31,
AO,2010-11-30,0.0
AO,2010-12-31,0.0
AO,2011-01-31,0.0
AO,2011-02-28,0.0
AO,2011-03-31,0.0
AO,2011-04-30,0.0
AO,2011-05-31,0.0
AO,2011-06-30,0.0
AO,2011-07-31,0.0
AO,2011-08-31,0.0
AO,2011-09-30,0.0
AO,2011-10-31,0.0
AO,2011-11-30,0.0
AO,2011-12-31,0.0
AO,2012-01-31,0.0
AO,2012-02-29,0.0
AO,2012-03-31,0.0
AO,2012-04-30,0.0
AO,2012-05-31,0.0
AO,2012-06-30,0.0
AO,2012-07-31,0.0
AO,2012-08-31,0.0
AO,2012-09-30,0.0
AO,2012-10-31,0.0
AO,2012-11-30,0.0
AO,2012-12-31,0.0
AO,2013-01-31,0.0
AO,2013-02-28,0.0
AO,2013-03-31,0.0
AO,2013-04-30,0.0
AO,2013-05-31,0.0
AO,2013-06-30,0.0
AO,2013-07-31,0.0
AO,2013-08-31,0.0
AO,2013-09-30,0.0
AO,2013-10-31,0.0
AO,2013-11-30,0.0
AO,2013-12-31,0.0
AO,2014-01-31,0.0
AO,2014-02-28,0.0
AO,2014-03-31,0.0
AO,2014-04-30,0.0
AO,2014-05-31,0.0
AO,2014-06-30,0.0
AO,2014-07-31,0.0
AO,2014-08-31,0.0
AO,2014-09-30,0.0
AO,2014-10-31,0.0
AO,2014-11-30,0.0
AO,2014-12-31,0.0
AO,2015-01-31,0.0
AO,2015-02-28,0.0
AO,2015-03-31,0.0
AO,2015-04-30,0.0
AO,2015-05-31,0.0
AO,2015-06-30,0.0
AO,2015-07-31,0.0
AO,2015-08-31,0.0
AO,2015-09-30,0.0
AO,2015-10-31,0.0
AO,2015-11-30,0.0
AO,2015-12-31,0.0
AO,2016-01-31,0.0
AO,2016-02-29,0.0
AO,2016-03-31,0.0
AO,2016-04-30,0.0
AO,2016-05-31,0.0
AO,2016-06-30,0.0
AO,2016-07-31,0.0
AO,2016-08-31,0.0
AO,2016-09-30,0.0
AO,2016-10-31,0.0
AO,2016-11-30,0.0
AO,2016-12-31,0.0
AO,2017-01-31,0.0
AO,2017-02-28,0.0
AO,2017-03-31,0.0
AO,2017-04-30,0.0
AO,2017-05-31,0.0
AO,2017-06-30,0.0
AO,2017-07-31,0.0
AO,2017-08-31,0.0
AO,2017-09-30,0.0
AO,2017-10-31,0.0
AO,2017-11-30,0.0
AO,2017-12-31,0.0
AO,2018-01-31,0.0
AO,2018-02-28,0.0
AO,2018-03-31,0.0
AO,2018-04-30,0.0
AO,2018-05-31,0.0
AO,2018-06-30,0.0
AO,2018-07-31,0.0
AO,2018-08-31,0.0
AO,2018-09-30,0.0
AO,2018-10-31,0.0
AO,2018-11-30,0.0
AO,2018-12-31,0.0
AO,2019-01-31,0.0
AO,2019-02-28,0.0
AO,2019-03-31,0.0
AO,2019-04-30,0.0
AO,2019-05-31,0.0
AO,2019-06-30,0.0
AO,2019-07-31,0.0
AO,2019-08-31,0.0
AO,2019-09-30,0.0
AO,2019-10-31,0.0
AO,2019-11-30,0.0
AO,2019-12-31,0.0
AO,2020-01-31,0.0
AO,2020-02-29,0.0
AO,2020-03-31,0.0
AO,2020-04-30,0.0
AO,2020-05-31,0.0
AO,2020-06-30,0.0
AO,2020-07-31,0.0
AO,2020-08-31,0.0
AO,2020-09-30,0.0
AO,2020-10-31,0.0
AO,2020-11-30,0.0
AO,2020-12-31,0.0
AO,2021-01-31,0.0
AO,2021-02-28,0.0
AO,2021-03-31,0.0
AO,2021-04-30,0.0
AO,2021-05-31,0.0
AO,2021-06-30,0.0
AO,2021-07-31,0.0
AO,2021-08-31,0.0
AO,2021-09-30,0.0
AO,2021-10-31,0.0
AO,2021-11-30,0.0
AO,2021-12-31,0.0
AO,2022-01-31,0.0
AO,2022-02-28,0.0
AO,2022-03-31,0.0
AO,2022-04-30,0.0
AO,2022-05-31,0.0
AO,2022-06-30,0.0
AO,2022-07-31,0.0
AO,2022-08-31,0.0
AO,2022-09-30,0.0
AO,2022-10-31,0.0
AO,2022-11-30,0.0
AO,2022-12-31,0.0
AO,2023-01-31,0.0
AO,2023-02-28,0.0
AO,2023-03-31,0.0
AO,2023-04-30,0.0
AO,2023-05-31,0.0
AO,2023-06-30,0.0
AO,2023-07-31,0.0
AO,2023-08-31,0.0
AO,2023-09-30,0.0
AO,2023-10-31,0.0
AO,2023-11-30,0.0
AO,2023-12-31,
AO,2024-01-31,
AO,2024-02-29,
AO,2024-03-31,
AO,2024-04-30,
AO,2024-05-31,
AO,2024-06-30,
AO,2024-07-31,
AO,2024-08-31,
AO,2024-09-30,
AO,2024-10-31,
AO,2024-11-30,
AO,2024-12-31,
AO,2025-01-31,
AO,2025-02-28,
AO,2025-03-31,
AR,2002-01-31,
AR,2002-02-28,
AR,2002-03-31,
AR,2002-04-30,
AR,2002-05-31,
AR,2002-06-30,
AR,2002-07-31,
AR,2002-08-31,
AR,2002-09-30,
AR,2002-10-31,
AR,2002-11-30,
AR,2002-12-31,
AR,2003-01-31,
AR,2003-02-28,
AR,2003-03-31,
AR,2003-04-30,
AR,2003-05-31,
AR,2003-06-30,
AR,2003-07-31,
AR,2003-08-31,
AR,2003-09-30,
AR,2003-10-31,
AR,2003-11-30,
AR,2003-12-31,
AR,2004-01-31,
AR,2004-02-29,
AR,2004-03-31,
AR,2004-04-30,
AR,2004-05-31,
AR,2004-06-30,
AR,2004-07-31,
AR,2004-08-31,
AR,2004-09-30,
AR,2004-10-31,
AR,2004-11-30,
AR,2004-12-31,
AR,2005-01-31,
AR,2005-02-28,
AR,2005-03-31,
AR,2005-04-30,
AR,2005-05-31,
AR,2005-06-30,
AR,2005-07-31,
AR,2005-08-31,
AR,2005-09-30,
AR,2005-10-31,
AR,2005-11-30,
AR,2005-12-31,
AR,2006-01-31,
AR,2006-02-28,
AR,2006-03-31,
AR,2006-04-30,
AR,2006-05-31,
AR,2006-06-30,
AR,2006-07-31,
AR,2006-08-31,
AR,2006-09-30,
AR,2006-10-31,
AR,2006-11-30,
AR,2006-12-31,
AR,2007-01-31,
AR,2007-02-28,
AR,2007-03-31,
AR,2007-04-30,
AR,2007-05-31,
AR,2007-06-30,
AR,2007-07-31,
AR,2007-08-31,
AR,2007-09-30,
AR,2007-10-31,
AR,2007-11-30,
AR,2007-12-31,
AR,2008-01-31,
AR,2008-02-29,
AR,2008-03-31,
AR,2008-04-30,
AR,2008-05-31,
AR,2008-06-30,
AR,2008-07-31,
AR,2008-08-31,
AR,2008-09-30,
AR,2008-10-31,
AR,2008-11-30,
AR,2008-12-31,
AR,2009-01-31,0.0
AR,2009-02-28,0.0
AR,2009-03-31,0.0
AR,2009-04-30,0.0
AR,2009-05-31,0.0
AR,2009-06-30,0.0
AR,2009-07-31,0.0
AR,2009-08-31,0.0
AR,2009-09-30,0.0
AR,2009-10-31,0.0
AR,2009-11-30,0.0
AR,2009-12-31,0.0
AR,2010-01-31,0.0
AR,2010-02-28,0.0
AR,2010-03-31,0.0
AR,2010-04-30,0.0
AR,2010-05-31,0.0
AR,2010-06-30,0.0
AR,2010-07-31,0.0
AR,2010-08-31,0.0
AR,2010-09-30,0.0
AR,2010-10-31,0.0
AR,2010-11-30,0.0
AR,2010-12-31,0.0
AR,2011-01-31,0.0
AR,2011-02-28,0.0
AR,2011-03-31,0.0
AR,2011-04-30,0.0
AR,2011-05-31,0.0
AR,2011-06-30,0.0
AR,2011-07-31,0.0
AR,2011-08-31,0.0
AR,2011-09-30,0.0
AR,2011-10-31,0.0
AR,2011-11-30,0.0
AR,2011-12-31,0.0
AR,2012-01-31,0.0
AR,2012-02-29,0.0
AR,2012-03-31,0.0
AR,2012-04-30,0.0
AR,2012-05-31,0.0
AR,2012-06-30,0.0
AR,2012-07-31,0.0
AR,2012-08-31,0.0
AR,2012-09-30,0.0
AR,2012-10-31,0.0
AR,2012-11-30,0.0
AR,2012-12-31,0.0
AR,2013-01-31,0.0
AR,2013-02-28,0.0
AR,2013-03-31,0.0
AR,2013-04-30,0.0
AR,2013-05-31,0.0
AR,2013-06-30,0.0
AR,2013-07-31,0.0
AR,2013-08-31,0.0
AR,2013-09-30,0.0
AR,2013-10-31,0.0
AR,2013-11-30,0.0
AR,2013-12-31,0.0
AR,2014-01-31,0.0
AR,2014-02-28,0.0
AR,2014-03-31,0.0
AR,2014-04-30,0.0
AR,2014-05-31,0.0
AR,2014-06-30,0.0
AR,2014-07-31,0.0
AR,2014-08-31,0.0
AR,2014-09-30,0.0
AR,2014-10-31,0.0
AR,2014-11-30,0.0
AR,2014-12-31,0.0
AR,2015-01-31,0.0
AR,2015-02-28,0.0
AR,2015-03-31,0.0
AR,2015-04-30,0.0
AR,2015-05-31,0.0
AR,2015-06-30,0.0
AR,2015-07-31,0.0
AR,2015-08-31,0.0
AR,2015-09-30,0.0
AR,2015-10-31,0.0
AR,2015-11-30,0.0
AR,2015-12-31,0.0
AR,2016-01-31,0.0
AR,2016-02-29,0.0
AR,2016-03-31,0.0
AR,2016-04-30,0.0
AR,2016-05-31,0.0
AR,2016-06-30,0.0
AR,2016-07-31,0.0
AR,2016-08-31,
AR,2016-09-30,
AR,2016-10-31,
AR,2016-11-30,
AR,2016-12-31,
AR,2017-01-31,
AR,2017-02-28,
AR,2017-03-31,
AR,2017-04-30,
AR,2017-05-31,
AR,2017-06-30,
AR,2017-07-31,
AR,2017-08-31,
AR,2017-09-30,
AR,2017-10-31,
AR,2017-11-30,
AR,2017-12-31,
AR,2018-01-31,
AR,2018-02-28,
AR,2018-03-31,
AR,2018-04-30,
AR,2018-05-31,
AR,2018-06-30,
AR,2018-07-31,
AR,2018-08-31,
AR,2018-09-30,
AR,2018-10-31,
AR,2018-11-30,
AR,2018-12-31,
AR,2019-01-31,
AR,2019-02-28,
AR,2019-03-31,
AR,2019-04-30,
AR,2019-05-31,
AR,2019-06-30,
AR,2019-07-31,
AR,2019-08-31,
AR,2019-09-30,
AR,2019-10-31,
AR,2019-11-30,
AR,2019-12-31,
AR,2020-01-31,
AR,2020-02-29,
AR,2020-03-31,
AR,2020-04-30,
AR,2020-05-31,
AR,2020-06-30,
AR,2020-07-31,
AR,2020-08-31,
AR,2020-09-30,
AR,2020-10-31,
AR,2020-11-30,
AR,2020-12-31,
AR,2021-01-31,
AR,2021-02-28,
AR,2021-03-31,
AR,2021-04-30,
AR,2021-05-31,
AR,2021-06-30,
AR,2021-07-31,
AR,2021-08-31,
AR,2021-09-30,
AR,2021-10-31,
AR,2021-11-30,
AR,2021-12-31,
AR,2022-01-31,
AR,2022-02-28,
AR,2022-03-31,
AR,2022-04-30,
AR,2022-05-31,
AR,2022-06-30,
AR,2022-07-31,
AR,2022-08-31,
AR,2022-09-30,
AR,2022-10-31,
AR,2022-11-30,
AR,2022-12-31,
AR,2023-01-31,
AR,2023-02-28,
AR,2023-03-31,
AR,2023-04-30,
AR,2023-05-31,
AR,2023-06-30,
AR,2023-07-31,
AR,2023-08-31,
AR,2023-09-30,
AR,2023-10-31,
AR,2023-11-30,
AR,2023-12-31,
AR,2024-01-31,
AR,2024-02-29,
AR,2024-03-31,
AR,2024-04-30,
AR,2024-05-31,
AR,2024-06-30,
AR,2024-07-31,
AR,2024-08-31,
AR,2024-09-30,
AR,2024-10-31,
AR,2024-11-30,
AR,2024-12-31,
AR,2025-01-31,
AZ,2002-01-31,
AZ,2002-02-28,
AZ,2002-03-31,
AZ,2002-04-30,
AZ,2002-05-31,
AZ,2002-06-30,
AZ,2002-07-31,
AZ,2002-08-31,
AZ,2002-09-30,
AZ,2002-10-31,
AZ,2002-11-30,
AZ,2002-12-31,
AZ,2003-01-31,
AZ,2003-02-28,
AZ,2003-03-31,
AZ,2003-04-30,
AZ,2003-05-31,
AZ,2003-06-30,
AZ,2003-07-31,
AZ,2003-08-31,
AZ,2003-09-30,
AZ,2003-10-31,
AZ,2003-11-30,
AZ,2003-12-31,
AZ,2004-01-31,
AZ,2004-02-29,
AZ,2004-03-31,
AZ,2004-04-30,
AZ,2004-05-31,
AZ,2004-06-30,
AZ,2004-07-31,
AZ,2004-08-31,
AZ,2004-09-30,
AZ,2004-10-31,
AZ,2004-11-30,
AZ,2004-12-31,
AZ,2005-01-31,
AZ,2005-02-28,
AZ,2005-03-31,
AZ,2005-04-30,
AZ,2005-05-31,
AZ,2005-06-30,
AZ,2005-07-31,
AZ,2005-08-31,
AZ,2005-09-30,
AZ,2005-10-31,
AZ,2005-11-30,
AZ,2005-12-31,
AZ,2006-01-31,
AZ,2006-02-28,
AZ,2006-03-31,
AZ,2006-04-30,
AZ,2006-05-31,
AZ,2006-06-30,
AZ,2006-07-31,
AZ,2006-08-31,
AZ,2006-09-30,
AZ,2006-10-31,
AZ,2006-11-30,
AZ,2006-12-31,
AZ,2007-01-31,
AZ,2007-02-28,
AZ,2007-03-31,
AZ,2007-04-30,
AZ,2007-05-31,
AZ,2007-06-30,
AZ,2007-07-31,
AZ,2007-08-31,
AZ,2007-09-30,
AZ,2007-10-31,
AZ,2007-11-30,
AZ,2007-12-31,
AZ,2008-01-31,
AZ,2008-02-29,
AZ,2008-03-31,
AZ,2008-04-30,
AZ,2008-05-31,
AZ,2008-06-30,
AZ,2008-07-31,
AZ,2008-08-31,
AZ,2008-09-30,
AZ,2008-10-31,
AZ,2008-11-30,
AZ,2008-12-31,
AZ,2009-01-31,
AZ,2009-02-28,
AZ,2009-03-31,
AZ,2009-04-30,
AZ,2009-05-31,
AZ,2009-06-30,
AZ,2009-07-31,
AZ,2009-08-31,
AZ,2009-09-30,
AZ,2009-10-31,
AZ,2009-11-30,
AZ,2009-12-31,
AZ,2010-01-31,
AZ,2010-02-28,
AZ,2010-03-31,
AZ,2010-04-30,
AZ,2010-05-31,
AZ,2010-06-30,
AZ,2010-07-31,
AZ,2010-08-31,
AZ,2010-09-30,
AZ,2010-10-31,
AZ,2010-11-30,
AZ,2010-12-31,
AZ,2011-01-31,
AZ,2011-02-28,
AZ,2011-03-31,
AZ,2011-04-30,
AZ,2011-05-31,
AZ,2011-06-30,
AZ,2011-07-31,
AZ,2011-08-31,
AZ,2011-09-30,
AZ,2011-10-31,
AZ,2011-11-30,
AZ,2011-12-31,
AZ,2012-01-31,
AZ,2012-02-29,
AZ,2012-03-31,
AZ,2012-04-30,
AZ,2012-05-31,
AZ,2012-06-30,
AZ,2012-07-31,
AZ,2012-08-31,
AZ,2012-09-30,
AZ,2012-10-31,
AZ,2012-11-30,
AZ,2012-12-31,
AZ,2013-01-31,
AZ,2013-02-28,
AZ,2013-03-31,
AZ,2013-04-30,
AZ,2013-05-31,
AZ,2013-06-30,
AZ,2013-07-31,
AZ,2013-08-31,
AZ,2013-09-30,
AZ,2013-10-31,
AZ,2013-11-30,
AZ,2013-12-31,
AZ,2014-01-31,
AZ,2014-02-28,
AZ,2014-03-31,
AZ,2014-04-30,
AZ,2014-05-31,
AZ,2014-06-30,
AZ,2014-07-31,
AZ,2014-08-31,
AZ,2014-09-30,
AZ,2014-10-31,
AZ,2014-11-30,
AZ,2014-12-31,
AZ,2015-01-31,
AZ,2015-02-28,
AZ,2015-03-31,
AZ,2015-04-30,
AZ,2015-05-31,
AZ,2015-06-30,
AZ,2015-07-31,
AZ,2015-08-31,
AZ,2015-09-30,
AZ,2015-10-31,
AZ,2015-11-30,
AZ,2015-12-31,
AZ,2016-01-31,
AZ,2016-02-29,
AZ,2016-03-31,
AZ,2016-04-30,
AZ,2016-05-31,
AZ,2016-06-30,
AZ,2016-07-31,
AZ,2016-08-31,
AZ,2016-09-30,
AZ,2016-10-31,
AZ,2016-11-30,
AZ,2016-12-31,
AZ,2017-01-31,
AZ,2017-02-28,
AZ,2017-03-31,
AZ,2017-04-30,
AZ,2017-05-31,
AZ,2017-06-30,
AZ,2017-07-31,
AZ,2017-08-31,
AZ,2017-09-30,
AZ,2017-10-31,
AZ,2017-11-30,
AZ,2017-12-31,
AZ,2018-01-31,
AZ,2018-02-28,
AZ,2018-03-31,
AZ,2018-04-30,
AZ,2018-05-31,
AZ,2018-06-30,
AZ,2018-07-31,
AZ,2018-08-31,
AZ,2018-09-30,
AZ,2018-10-31,198.99
AZ,2018-11-30,
AZ,2018-12-31,
AZ,2019-01-31,
AZ,2019-02-28,
AZ,2019-03-31,
AZ,2019-04-30,
AZ,2019-05-31,
AZ,2019-06-30,
AZ,2019-07-31,
AZ,2019-08-31,
AZ,2019-09-30,
AZ,2019-10-31,
AZ,2019-11-30,
AZ,2019-12-31,
AZ,2020-01-31,
AZ,2020-02-29,
AZ,2020-03-31,
AZ,2020-04-30,
AZ,2020-05-31,
AZ,2020-06-30,
AZ,2020-07-31,
AZ,2020-08-31,
AZ,2020-09-30,
AZ,2020-10-31,
AZ,2020-11-30,
AZ,2020-12-31,
AZ,2021-01-31,
AZ,2021-02-28,
AZ,2021-03-31,
AZ,2021-04-30,
AZ,2021-05-31,
AZ,2021-06-30,
AZ,2021-07-31,
AZ,2021-08-31,
AZ,2021-09-30,
AZ,2021-10-31,
AZ,2021-11-30,
AZ,2021-12-31,
AZ,2022-01-31,
AZ,2022-02-28,
AZ,2022-03-31,
AZ,2022-04-30,
AZ,2022-05-31,
AZ,2022-06-30,
AZ,2022-07-31,
AZ,2022-08-31,
AZ,2022-09-30,
AZ,2022-10-31,
AZ,2022-11-30,
AZ,2022-12-31,
AZ,2023-01-31,
AZ,2023-02-28,
AZ,2023-03-31,
AZ,2023-04-30,
AZ,2023-05-31,
AZ,2023-06-30,
AZ,2023-07-31,
AZ,2023-08-31,
AZ,2023-09-30,
AZ,2023-10-31,
AZ,2023-11-30,
AZ,2023-12-31,
AZ,2024-01-31,
AZ,2024-02-29,
AZ,2024-03-31,
AZ,2024-04-30,
AZ,2024-05-31,
AZ,2024-06-30,
AZ,2024-07-31,
AZ,2024-08-31,
AZ,2024-09-30,
AZ,2024-10-31,
AZ,2024-11-30,
AZ,2024-12-31,
AZ,2025-01-31,
AZ,2025-02-28,
AZ,2025-03-31,
BB,2002-01-31,
BB,2002-02-28,
BB,2002-03-31,
BB,2002-04-30,
BB,2002-05-31,
BB,2002-06-30,
BB,2002-07-31,
BB,2002-08-31,
BB,2002-09-30,
BB,2002-10-31,
BB,2002-11-30,
BB,2002-12-31,
BB,2003-01-31,
BB,2003-02-28,
BB,2003-03-31,
BB,2003-04-30,
BB,2003-05-31,
BB,2003-06-30,
BB,2003-07-31,
BB,2003-08-31,
BB,2003-09-30,
BB,2003-10-31,
BB,2003-11-30,
BB,2003-12-31,
BB,2004-01-31,
BB,2004-02-29,
BB,2004-03-31,
BB,2004-04-30,
BB,2004-05-31,
BB,2004-06-30,
BB,2004-07-31,
BB,2004-08-31,
BB,2004-09-30,
BB,2004-10-31,
BB,2004-11-30,
BB,2004-12-31,
BB,2005-01-31,
BB,2005-02-28,
BB,2005-03-31,
BB,2005-04-30,
BB,2005-05-31,
BB,2005-06-30,
BB,2005-07-31,
BB,2005-08-31,
BB,2005-09-30,
BB,2005-10-31,
BB,2005-11-30,
BB,2005-12-31,
BB,2006-01-31,
BB,2006-02-28,
BB,2006-03-31,
BB,2006-04-30,
BB,2006-05-31,
BB,2006-06-30,
BB,2006-07-31,
BB,2006-08-31,
BB,2006-09-30,
BB,2006-10-31,
BB,2006-11-30,
BB,2006-12-31,
BB,2007-01-31,
BB,2007-02-28,
BB,2007-03-31,
BB,2007-04-30,
BB,2007-05-31,
BB,2007-06-30,
BB,2007-07-31,
BB,2007-08-31,
BB,2007-09-30,
BB,2007-10-31,
BB,2007-11-30,
BB,2007-12-31,
BB,2008-01-31,
BB,2008-02-29,
BB,2008-03-31,
BB,2008-04-30,
BB,2008-05-31,
BB,2008-06-30,
BB,2008-07-31,
BB,2008-08-31,
BB,2008-09-30,
BB,2008-10-31,
BB,2008-11-30,
BB,2008-12-31,
BB,2009-01-31,0.0
BB,2009-02-28,0.0
BB,2009-03-31,0.0
BB,2009-04-30,0.0
BB,2009-05-31,0.0
BB,2009-06-30,0.0
BB,2009-07-31,0.0
BB,2009-08-31,0.0
BB,2009-09-30,0.0
BB,2009-10-31,0.0
BB,2009-11-30,0.0
BB,2009-12-31,0.0
BB,2010-01-31,0.0
BB,2010-02-28,0.0
BB,2010-03-31,0.0
BB,2010-04-30,0.0
BB,2010-05-31,0.0
BB,2010-06-30,0.0
BB,2010-07-31,0.0
BB,2010-08-31,0.0
BB,2010-09-30,0.0
BB,2010-10-31,0.0
BB,2010-11-30,0.0
BB,2010-12-31,0.0
BB,2011-01-31,0.0
BB,2011-02-28,0.0
BB,2011-03-31,0.0
BB,2011-04-30,0.0
BB,2011-05-31,0.0
BB,2011-06-30,0.0
BB,2011-07-31,0.0
BB,2011-08-31,0.0
BB,2011-09-30,0.0
BB,2011-10-31,0.0
BB,2011-11-30,0.0
BB,2011-12-31,0.0
BB,2012-01-31,0.0
BB,2012-02-29,0.0
BB,2012-03-31,0.0
BB,2012-04-30,0.0
BB,2012-05-31,0.0
BB,2012-06-30,0.0
BB,2012-07-31,0.0
BB,2012-08-31,0.0
BB,2012-09-30,0.0
BB,2012-10-31,0.0
BB,2012-11-30,0.0
BB,2012-12-31,0.0
BB,2013-01-31,0.0
BB,2013-02-28,0.0
BB,2013-03-31,0.0
BB,2013-04-30,0.0
BB,2013-05-31,0.0
BB,2013-06-30,0.0
BB,2013-07-31,0.0
BB,2013-08-31,0.0
BB,2013-09-30,0.0
BB,2013-10-31,0.0
BB,2013-11-30,0.0
BB,2013-12-31,0.0
BB,2014-01-31,0.0
BB,2014-02-28,0.0
BB,2014-03-31,0.0
BB,2014-04-30,0.0
BB,2014-05-31,0.0
BB,2014-06-30,0.0
BB,2014-07-31,0.0
BB,2014-08-31,0.0
BB,2014-09-30,0.0
BB,2014-10-31,0.0
BB,2014-11-30,0.0
BB,2014-12-31,0.0
BB,2015-01-31,0.0
BB,2015-02-28,0.0
BB,2015-03-31,0.0
BB,2015-04-30,0.0
BB,2015-05-31,0.0
BB,2015-06-30,0.0
BB,2015-07-31,0.0
BB,2015-08-31,0.0
BB,2015-09-30,0.0
BB,2015-10-31,0.0
BB,2015-11-30,0.0
BB,2015-12-31,0.0
BB,2016-01-31,0.0
BB,2016-02-29,0.0
BB,2016-03-31,0.0
BB,2016-04-30,0.0
BB,2016-05-31,0.0
BB,2016-06-30,0.0
BB,2016-07-31,0.0
BB,2016-08-31,
BB,2016-09-30,
BB,2016-10-31,
BB,2016-11-30,
BB,2016-12-31,
BB,2017-01-31,
BB,2017-02-28,
BB,2017-03-31,
BB,2017-04-30,
BB,2017-05-31,
BB,2017-06-30,
BB,2017-07-31,
BB,2017-08-31,
BB,2017-09-30,
BB,2017-10-31,
BB,2017-11-30,
BB,2017-12-31,
BB,2018-01-31,
BB,2018-02-28,
BB,2018-03-31,
BB,2018-04-30,
BB,2018-05-31,
BB,2018-06-30,
BB,2018-07-31,
BB,2018-08-31,
BB,2018-09-30,
BB,2018-10-31,
BB,2018-11-30,
BB,2018-12-31,
BB,2019-01-31,
BB,2019-02-28,
BB,2019-03-31,
BB,2019-04-30,
BB,2019-05-31,
BB,2019-06-30,
BB,2019-07-31,
BB,2019-08-31,
BB,2019-09-30,
BB,2019-10-31,
BB,2019-11-30,
BB,2019-12-31,
BB,2020-01-31,
BB,2020-02-29,
BB,2020-03-31,
BB,2020-04-30,
BB,2020-05-31,
BB,2020-06-30,
BB,2020-07-31,
BB,2020-08-31,
BB,2020-09-30,
BB,2020-10-31,
BB,2020-11-30,
BB,2020-12-31,
BB,2021-01-31,
BB,2021-02-28,
BB,2021-03-31,
BB,2021-04-30,
BB,2021-05-31,
BB,2021-06-30,
BB,2021-07-31,
BB,2021-08-31,
BB,2021-09-30,
BB,2021-10-31,
BB,2021-11-30,
BB,2021-12-31,
BB,2022-01-31,
BB,2022-02-28,
BB,2022-03-31,
BB,2022-04-30,
BB,2022-05-31,
BB,2022-06-30,
BB,2022-07-31,
BB,2022-08-31,
BB,2022-09-30,
BB,2022-10-31,
BB,2022-11-30,
BB,2022-12-31,
BB,2023-01-31,
BB,2023-02-28,
BB,2023-03-31,
BB,2023-04-30,
BB,2023-05-31,
BB,2023-06-30,
BB,2023-07-31,
BB,2023-08-31,
BB,2023-09-30,
BB,2023-10-31,
BB,2023-11-30,
BB,2023-12-31,
BB,2024-01-31,
BB,2024-02-29,
BB,2024-03-31,
BB,2024-04-30,
BB,2024-05-31,
BB,2024-06-30,
BB,2024-07-31,
BB,2024-08-31,
BB,2024-09-30,
BB,2024-10-31,
BB,2024-11-30,
BB,2024-12-31,
BB,2025-01-31,
BD,2002-01-31,
BD,2002-02-28,
BD,2002-03-31,
BD,2002-04-30,
BD,2002-05-31,
BD,2002-06-30,
BD,2002-07-31,
BD,2002-08-31,
BD,2002-09-30,
BD,2002-10-31,
BD,2002-11-30,
BD,2002-12-31,
BD,2003-01-31,
BD,2003-02-28,
BD,2003-03-31,
BD,2003-04-30,
BD,2003-05-31,
BD,2003-06-30,
BD,2003-07-31,
BD,2003-08-31,
BD,2003-09-30,
BD,2003-10-31,
BD,2003-11-30,
BD,2003-12-31,
BD,2004-01-31,
BD,2004-02-29,
BD,2004-03-31,
BD,2004-04-30,
BD,2004-05-31,
BD,2004-06-30,
BD,2004-07-31,
BD,2004-08-31,
BD,2004-09-30,
BD,2004-10-31,
BD,2004-11-30,
BD,2004-12-31,
BD,2005-01-31,
BD,2005-02-28,
BD,2005-03-31,
BD,2005-04-30,
BD,2005-05-31,
BD,2005-06-30,
BD,2005-07-31,
BD,2005-08-31,
BD,2005-09-30,
BD,2005-10-31,
BD,2005-11-30,
BD,2005-12-31,
BD,2006-01-31,
BD,2006-02-28,
BD,2006-03-31,
BD,2006-04-30,
BD,2006-05-31,
BD,2006-06-30,
BD,2006-07-31,
BD,2006-08-31,
BD,2006-09-30,
BD,2006-10-31,
BD,2006-11-30,
BD,2006-12-31,
BD,2007-01-31,
BD,2007-02-28,
BD,2007-03-31,
BD,2007-04-30,
BD,2007-05-31,
BD,2007-06-30,
BD,2007-07-31,
BD,2007-08-31,
BD,2007-09-30,
BD,2007-10-31,
BD,2007-11-30,
BD,2007-12-31,
BD,2008-01-31,
BD,2008-02-29,
BD,2008-03-31,
BD,2008-04-30,
BD,2008-05-31,
BD,2008-06-30,
BD,2008-07-31,
BD,2008-08-31,
BD,2008-09-30,
BD,2008-10-31,
BD,2008-11-30,
BD,2008-12-31,
BD,2009-01-31,
BD,2009-02-28,
BD,2009-03-31,
BD,2009-04-30,
BD,2009-05-31,
BD,2009-06-30,
BD,2009-07-31,
BD,2009-08-31,
BD,2009-09-30,
BD,2009-10-31,
BD,2009-11-30,
BD,2009-12-31,
BD,2010-01-31,
BD,2010-02-28,
BD,2010-03-31,
BD,2010-04-30,
BD,2010-05-31,
BD,2010-06-30,
BD,2010-07-31,
BD,2010-08-31,
BD,2010-09-30,
BD,2010-10-31,
BD,2010-11-30,
BD,2010-12-31,
BD,2011-01-31,
BD,2011-02-28,
BD,2011-03-31,
BD,2011-04-30,
BD,2011-05-31,
BD,2011-06-30,
BD,2011-07-31,
BD,2011-08-31,
BD,2011-09-30,
BD,2011-10-31,
BD,2011-11-30,
BD,2011-12-31,
BD,2012-01-31,
BD,2012-02-29,
BD,2012-03-31,
BD,2012-04-30,
BD,2012-05-31,
BD,2012-06-30,
BD,2012-07-31,
BD,2012-08-31,
BD,2012-09-30,
BD,2012-10-31,
BD,2012-11-30,
BD,2012-12-31,
BD,2013-01-31,
BD,2013-02-28,
BD,2013-03-31,
BD,2013-04-30,
BD,2013-05-31,
BD,2013-06-30,
BD,2013-07-31,
BD,2013-08-31,
BD,2013-09-30,
BD,2013-10-31,
BD,2013-11-30,
BD,2013-12-31,
BD,2014-01-31,
BD,2014-02-28,
BD,2014-03-31,
BD,2014-04-30,
BD,2014-05-31,
BD,2014-06-30,
BD,2014-07-31,
BD,2014-08-31,
BD,2014-09-30,
BD,2014-10-31,
BD,2014-11-30,
BD,2014-12-31,
BD,2015-01-31,
BD,2015-02-28,
BD,2015-03-31,
BD,2015-04-30,
BD,2015-05-31,
BD,2015-06-30,
BD,2015-07-31,
BD,2015-08-31,
BD,2015-09-30,
BD,2015-10-31,
BD,2015-11-30,
BD,2015-12-31,
BD,2016-01-31,
BD,2016-02-29,
BD,2016-03-31,
BD,2016-04-30,
BD,2016-05-31,
BD,2016-06-30,
BD,2016-07-31,
BD,2016-08-31,
BD,2016-09-30,
BD,2016-10-31,
BD,2016-11-30,
BD,2016-12-31,
BD,2017-01-31,
BD,2017-02-28,
BD,2017-03-31,
BD,2017-04-30,
BD,2017-05-31,
BD,2017-06-30,
BD,2017-07-31,
BD,2017-08-31,
BD,2017-09-30,
BD,2017-10-31,
BD,2017-11-30,
BD,2017-12-31,
BD,2018-01-31,
BD,2018-02-28,
BD,2018-03-31,
BD,2018-04-30,
BD,2018-05-31,
BD,2018-06-30,
BD,2018-07-31,
BD,2018-08-31,
BD,2018-09-30,
BD,2018-10-31,
BD,2018-11-30,
BD,2018-12-31,
BD,2019-01-31,
BD,2019-02-28,
BD,2019-03-31,
BD,2019-04-30,
BD,2019-05-31,
BD,2019-06-30,
BD,2019-07-31,
BD,2019-08-31,
BD,2019-09-30,
BD,2019-10-31,
BD,2019-11-30,
BD,2019-12-31,
BD,2020-01-31,
BD,2020-02-29,
BD,2020-03-31,
BD,2020-04-30,
BD,2020-05-31,
BD,2020-06-30,
BD,2020-07-31,
BD,2020-08-31,
BD,2020-09-30,
BD,2020-10-31,
BD,2020-11-30,
BD,2020-12-31,
BD,2021-01-31,
BD,2021-02-28,
BD,2021-03-31,
BD,2021-04-30,
BD,2021-05-31,
BD,2021-06-30,
BD,2021-07-31,
BD,2021-08-31,
BD,2021-09-30,
BD,2021-10-31,
BD,2021-11-30,
BD,2021-12-31,
BD,2022-01-31,
BD,2022-02-28,
BD,2022-03-31,
BD,2022-04-30,
BD,2022-05-31,
BD,2022-06-30,
BD,2022-07-31,
BD,2022-08-31,
BD,2022-09-30,
BD,2022-10-31,
BD,2022-11-30,
BD,2022-12-31,
BD,2023-01-31,
BD,2023-02-28,
BD,2023-03-31,
BD,2023-04-30,
BD,2023-05-31,
BD,2023-06-30,
BD,2023-07-31,
BD,2023-08-31,
BD,2023-09-30,
BD,2023-10-31,
BD,2023-11-30,
BD,2023-12-31,
BD,2024-01-31,
BD,2024-02-29,
BD,2024-03-31,
BD,2024-04-30,
BD,2024-05-31,
BD,2024-06-30,
BD,2024-07-31,
BD,2024-08-31,
BD,2024-09-30,
BD,2024-10-31,
BD,2024-11-30,
BD,2024-12-31,
BD,2025-01-31,
BD,2025-02-28,
BD,2025-03-31,
BG,2002-01-31,
BG,2002-02-28,
BG,2002-03-31,
BG,2002-04-30,
BG,2002-05-31,
BG,2002-06-30,
BG,2002-07-31,
BG,2002-08-31,
BG,2002-09-30,
BG,2002-10-31,
BG,2002-11-30,
BG,2002-12-31,
BG,2003-01-31,
BG,2003-02-28,
BG,2003-03-31,
BG,2003-04-30,
BG,2003-05-31,
BG,2003-06-30,
BG,2003-07-31,
BG,2003-08-31,
BG,2003-09-30,
BG,2003-10-31,
BG,2003-11-30,
BG,2003-12-31,
BG,2004-01-31,
BG,2004-02-29,
BG,2004-03-31,
BG,2004-04-30,
BG,2004-05-31,
BG,2004-06-30,
BG,2004-07-31,
BG,2004-08-31,
BG,2004-09-30,
BG,2004-10-31,
BG,2004-11-30,
BG,2004-12-31,
BG,2005-01-31,
BG,2005-02-28,
BG,2005-03-31,
BG,2005-04-30,
BG,2005-05-31,
BG,2005-06-30,
BG,2005-07-31,
BG,2005-08-31,
BG,2005-09-30,
BG,2005-10-31,
BG,2005-11-30,
BG,2005-12-31,
BG,2006-01-31,
BG,2006-02-28,
BG,2006-03-31,
BG,2006-04-30,
BG,2006-05-31,
BG,2006-06-30,
BG,2006-07-31,
BG,2006-08-31,
BG,2006-09-30,
BG,2006-10-31,
BG,2006-11-30,
BG,2006-12-31,
BG,2007-01-31,
BG,2007-02-28,
BG,2007-03-31,
BG,2007-04-30,
BG,2007-05-31,
BG,2007-06-30,
BG,2007-07-31,
BG,2007-08-31,
BG,2007-09-30,
BG,2007-10-31,
BG,2007-11-30,
BG,2007-12-31,
BG,2008-01-31,
BG,2008-02-29,
BG,2008-03-31,
BG,2008-04-30,
BG,2008-05-31,
BG,2008-06-30,
BG,2008-07-31,
BG,2008-08-31,
BG,2008-09-30,
BG,2008-10-31,
BG,2008-11-30,
BG,2008-12-31,
BG,2009-01-31,
BG,2009-02-28,
BG,2009-03-31,
BG,2009-04-30,
BG,2009-05-31,
BG,2009-06-30,
BG,2009-07-31,
BG,2009-08-31,
BG,2009-09-30,
BG,2009-10-31,
BG,2009-11-30,
BG,2009-12-31,
BG,2010-01-31,
BG,2010-02-28,
BG,2010-03-31,
BG,2010-04-30,
BG,2010-05-31,
BG,2010-06-30,
BG,2010-07-31,
BG,2010-08-31,
BG,2010-09-30,
BG,2010-10-31,
BG,2010-11-30,
BG,2010-12-31,
BG,2011-01-31,
BG,2011-02-28,
BG,2011-03-31,
BG,2011-04-30,
BG,2011-05-31,
BG,2011-06-30,
BG,2011-07-31,
BG,2011-08-31,
BG,2011-09-30,
BG,2011-10-31,
BG,2011-11-30,
BG,2011-12-31,
BG,2012-01-31,
BG,2012-02-29,
BG,2012-03-31,
BG,2012-04-30,
BG,2012-05-31,
BG,2012-06-30,
BG,2012-07-31,
BG,2012-08-31,
BG,2012-09-30,
BG,2012-10-31,
BG,2012-11-30,
BG,2012-12-31,
BG,2013-01-31,
BG,2013-02-28,
BG,2013-03-31,
BG,2013-04-30,
BG,2013-05-31,
BG,2013-06-30,
BG,2013-07-31,
BG,2013-08-31,
BG,2013-09-30,
BG,2013-10-31,
BG,2013-11-30,
BG,2013-12-31,
BG,2014-01-31,
BG,2014-02-28,
BG,2014-03-31,
BG,2014-04-30,
BG,2014-05-31,
BG,2014-06-30,
BG,2014-07-31,
BG,2014-08-31,
BG,2014-09-30,
BG,2014-10-31,
BG,2014-11-30,
BG,2014-12-31,
BG,2015-01-31,
BG,2015-02-28,
BG,2015-03-31,
BG,2015-04-30,
BG,2015-05-31,
BG,2015-06-30,
BG,2015-07-31,
BG,2015-08-31,
BG,2015-09-30,
BG,2015-10-31,
BG,2015-11-30,
BG,2015-12-31,
BG,2016-01-31,
BG,2016-02-29,
BG,2016-03-31,
BG,2016-04-30,
BG,2016-05-31,
BG,2016-06-30,
BG,2016-07-31,
BG,2016-08-31,
BG,2016-09-30,
BG,2016-10-31,
BG,2016-11-30,
BG,2016-12-31,
BG,2017-01-31,
BG,2017-02-28,
BG,2017-03-31,
BG,2017-04-30,
BG,2017-05-31,
BG,2017-06-30,
BG,2017-07-31,
BG,2017-08-31,
BG,2017-09-30,
BG,2017-10-31,
BG,2017-11-30,
BG,2017-12-31,
BG,2018-01-31,
BG,2018-02-28,
BG,2018-03-31,
BG,2018-04-30,
BG,2018-05-31,
BG,2018-06-30,
BG,2018-07-31,
BG,2018-08-31,
BG,2018-09-30,
BG,2018-10-31,
BG,2018-11-30,
BG,2018-12-31,
BG,2019-01-31,
BG,2019-02-28,
BG,2019-03-31,
BG,2019-04-30,
BG,2019-05-31,
BG,2019-06-30,
BG,2019-07-31,
BG,2019-08-31,
BG,2019-09-30,
BG,2019-10-31,
BG,2019-11-30,
BG,2019-12-31,
BG,2020-01-31,
BG,2020-02-29,
BG,2020-03-31,
BG,2020-04-30,
BG,2020-05-31,
BG,2020-06-30,
BG,2020-07-31,
BG,2020-08-31,
BG,2020-09-30,
BG,2020-10-31,
BG,2020-11-30,
BG,2020-12-31,
BG,2021-01-31,
BG,2021-02-28,
BG,2021-03-31,
BG,2021-04-30,
BG,2021-05-31,
BG,2021-06-30,
BG,2021-07-31,
BG,2021-08-31,
BG,2021-09-30,
BG,2021-10-31,
BG,2021-11-30,
BG,2021-12-31,
BG,2022-01-31,
BG,2022-02-28,
BG,2022-03-31,
BG,2022-04-30,
BG,2022-05-31,
BG,2022-06-30,
BG,2022-07-31,
BG,2022-08-31,
BG,2022-09-30,
BG,2022-10-31,
BG,2022-11-30,
BG,2022-12-31,
BG,2023-01-31,
BG,2023-02-28,
BG,2023-03-31,
BG,2023-04-30,
BG,2023-05-31,
BG,2023-06-30,
BG,2023-07-31,
BG,2023-08-31,
BG,2023-09-30,
BG,2023-10-31,
BG,2023-11-30,
BG,2023-12-31,
BG,2024-01-31,
BG,2024-02-29,
BG,2024-03-31,
BG,2024-04-30,
BG,2024-05-31,
BG,2024-06-30,
BG,2024-07-31,
BG,2024-08-31,
BG,2024-09-30,
BG,2024-10-31,
BG,2024-11-30,
BG,2024-12-31,
BG,2025-01-31,
BG,2025-02-28,
BG,2025-03-31,
BH,2002-01-31,
BH,2002-02-28,
BH,2002-03-31,
BH,2002-04-30,
BH,2002-05-31,
BH,2002-06-30,
BH,2002-07-31,
BH,2002-08-31,
BH,2002-09-30,
BH,2002-10-31,
BH,2002-11-30,
BH,2002-12-31,
BH,2003-01-31,
BH,2003-02-28,
BH,2003-03-31,
BH,2003-04-30,
BH,2003-05-31,
BH,2003-06-30,
BH,2003-07-31,
BH,2003-08-31,
BH,2003-09-30,
BH,2003-10-31,
BH,2003-11-30,
BH,2003-12-31,
BH,2004-01-31,
BH,2004-02-29,
BH,2004-03-31,
BH,2004-04-30,
BH,2004-05-31,
BH,2004-06-30,
BH,2004-07-31,
BH,2004-08-31,
BH,2004-09-30,
BH,2004-10-31,
BH,2004-11-30,
BH,2004-12-31,
BH,2005-01-31,
BH,2005-02-28,
BH,2005-03-31,
BH,2005-04-30,
BH,2005-05-31,
BH,2005-06-30,
BH,2005-07-31,
BH,2005-08-31,
BH,2005-09-30,
BH,2005-10-31,
BH,2005-11-30,
BH,2005-12-31,
BH,2006-01-31,
BH,2006-02-28,
BH,2006-03-31,
BH,2006-04-30,
BH,2006-05-31,
BH,2006-06-30,
BH,2006-07-31,
BH,2006-08-31,
BH,2006-09-30,
BH,2006-10-31,
BH,2006-11-30,
BH,2006-12-31,
BH,2007-01-31,
BH,2007-02-28,
BH,2007-03-31,
BH,2007-04-30,
BH,2007-05-31,
BH,2007-06-30,
BH,2007-07-31,
BH,2007-08-31,
BH,2007-09-30,
BH,2007-10-31,
BH,2007-11-30,
BH,2007-12-31,
BH,2008-01-31,
BH,2008-02-29,
BH,2008-03-31,
BH,2008-04-30,
BH,2008-05-31,
BH,2008-06-30,
BH,2008-07-31,
BH,2008-08-31,
BH,2008-09-30,
BH,2008-10-31,
BH,2008-11-30,
BH,2008-12-31,
BH,2009-01-31,
BH,2009-02-28,
BH,2009-03-31,
BH,2009-04-30,
BH,2009-05-31,
BH,2009-06-30,
BH,2009-07-31,
BH,2009-08-31,
BH,2009-09-30,
BH,2009-10-31,
BH,2009-11-30,
BH,2009-12-31,
BH,2010-01-31,
BH,2010-02-28,
BH,2010-03-31,
BH,2010-04-30,
BH,2010-05-31,
BH,2010-06-30,
BH,2010-07-31,
BH,2010-08-31,
BH,2010-09-30,
BH,2010-10-31,
BH,2010-11-30,
BH,2010-12-31,
BH,2011-01-31,
BH,2011-02-28,
BH,2011-03-31,
BH,2011-04-30,
BH,2011-05-31,
BH,2011-06-30,
BH,2011-07-31,
BH,2011-08-31,
BH,2011-09-30,
BH,2011-10-31,
BH,2011-11-30,
BH,2011-12-31,
BH,2012-01-31,
BH,2012-02-29,
BH,2012-03-31,
BH,2012-04-30,
BH,2012-05-31,
BH,2012-06-30,
BH,2012-07-31,
BH,2012-08-31,
BH,2012-09-30,
BH,2012-10-31,
BH,2012-11-30,
BH,2012-12-31,
BH,2013-01-31,
BH,2013-02-28,
BH,2013-03-31,
BH,2013-04-30,
BH,2013-05-31,
BH,2013-06-30,
BH,2013-07-31,
BH,2013-08-31,
BH,2013-09-30,
BH,2013-10-31,
BH,2013-11-30,
BH,2013-12-31,
BH,2014-01-31,
BH,2014-02-28,
BH,2014-03-31,
BH,2014-04-30,
BH,2014-05-31,
BH,2014-06-30,
BH,2014-07-31,
BH,2014-08-31,
BH,2014-09-30,
BH,2014-10-31,
BH,2014-11-30,
BH,2014-12-31,
BH,2015-01-31,
BH,2015-02-28,
BH,2015-03-31,
BH,2015-04-30,
BH,2015-05-31,
BH,2015-06-30,
BH,2015-07-31,
BH,2015-08-31,
BH,2015-09-30,
BH,2015-10-31,
BH,2015-11-30,
BH,2015-12-31,
BH,2016-01-31,
BH,2016-02-29,
BH,2016-03-31,
BH,2016-04-30,
BH,2016-05-31,
BH,2016-06-30,
BH,2016-07-31,
BH,2016-08-31,
BH,2016-09-30,
BH,2016-10-31,
BH,2016-11-30,
BH,2016-12-31,
BH,2017-01-31,
BH,2017-02-28,
BH,2017-03-31,
BH,2017-04-30,
BH,2017-05-31,
BH,2017-06-30,
BH,2017-07-31,
BH,2017-08-31,
BH,2017-09-30,
BH,2017-10-31,
BH,2017-11-30,
BH,2017-12-31,
BH,2018-01-31,
BH,2018-02-28,
BH,2018-03-31,
BH,2018-04-30,
BH,2018-05-31,
BH,2018-06-30,
BH,2018-07-31,
BH,2018-08-31,
BH,2018-09-30,
BH,2018-10-31,
BH,2018-11-30,
BH,2018-12-31,
BH,2019-01-31,
BH,2019-02-28,
BH,2019-03-31,
BH,2019-04-30,
BH,2019-05-31,
BH,2019-06-30,
BH,2019-07-31,
BH,2019-08-31,
BH,2019-09-30,
BH,2019-10-31,
BH,2019-11-30,
BH,2019-12-31,
BH,2020-01-31,
BH,2020-02-29,
BH,2020-03-31,
BH,2020-04-30,
BH,2020-05-31,
BH,2020-06-30,
BH,2020-07-31,
BH,2020-08-31,
BH,2020-09-30,
BH,2020-10-31,
BH,2020-11-30,
BH,2020-12-31,
BH,2021-01-31,
BH,2021-02-28,
BH,2021-03-31,
BH,2021-04-30,
BH,2021-05-31,
BH,2021-06-30,
BH,2021-07-31,
BH,2021-08-31,
BH,2021-09-30,
BH,2021-10-31,
BH,2021-11-30,
BH,2021-12-31,
BH,2022-01-31,
BH,2022-02-28,
BH,2022-03-31,
BH,2022-04-30,
BH,2022-05-31,
BH,2022-06-30,
BH,2022-07-31,
BH,2022-08-31,
BH,2022-09-30,
BH,2022-10-31,
BH,2022-11-30,
BH,2022-12-31,
BH,2023-01-31,
BH,2023-02-28,
BH,2023-03-31,
BH,2023-04-30,
BH,2023-05-31,
BH,2023-06-30,
BH,2023-07-31,
BH,2023-08-31,
BH,2023-09-30,
BH,2023-10-31,
BH,2023-11-30,
BH,2023-12-31,
BH,2024-01-31,
BH,2024-02-29,
BH,2024-03-31,
BH,2024-04-30,
BH,2024-05-31,
BH,2024-06-30,
BH,2024-07-31,
BH,2024-08-31,
BH,2024-09-30,
BH,2024-10-31,
BH,2024-11-30,
BH,2024-12-31,
BH,2025-01-31,
BH,2025-02-28,
BH,2025-03-31,
BM,2002-01-31,
BM,2002-02-28,
BM,2002-03-31,
BM,2002-04-30,
BM,2002-05-31,
BM,2002-06-30,
BM,2002-07-31,
BM,2002-08-31,
BM,2002-09-30,
BM,2002-10-31,
BM,2002-11-30,
BM,2002-12-31,
BM,2003-01-31,
BM,2003-02-28,
BM,2003-03-31,
BM,2003-04-30,
BM,2003-05-31,
BM,2003-06-30,
BM,2003-07-31,
BM,2003-08-31,
BM,2003-09-30,
BM,2003-10-31,
BM,2003-11-30,
BM,2003-12-31,
BM,2004-01-31,
BM,2004-02-29,
BM,2004-03-31,
BM,2004-04-30,
BM,2004-05-31,
BM,2004-06-30,
BM,2004-07-31,
BM,2004-08-31,
BM,2004-09-30,
BM,2004-10-31,
BM,2004-11-30,
BM,2004-12-31,
BM,2005-01-31,
BM,2005-02-28,
BM,2005-03-31,
BM,2005-04-30,
BM,2005-05-31,
BM,2005-06-30,
BM,2005-07-31,
BM,2005-08-31,
BM,2005-09-30,
BM,2005-10-31,
BM,2005-11-30,
BM,2005-12-31,
BM,2006-01-31,
BM,2006-02-28,
BM,2006-03-31,
BM,2006-04-30,
BM,2006-05-31,
BM,2006-06-30,
BM,2006-07-31,
BM,2006-08-31,
BM,2006-09-30,
BM,2006-10-31,
BM,2006-11-30,
BM,2006-12-31,
BM,2007-01-31,
BM,2007-02-28,
BM,2007-03-31,
BM,2007-04-30,
BM,2007-05-31,
BM,2007-06-30,
BM,2007-07-31,
BM,2007-08-31,
BM,2007-09-30,
BM,2007-10-31,
BM,2007-11-30,
BM,2007-12-31,
BM,2008-01-31,
BM,2008-02-29,
BM,2008-03-31,
BM,2008-04-30,
BM,2008-05-31,
BM,2008-06-30,
BM,2008-07-31,
BM,2008-08-31,
BM,2008-09-30,
BM,2008-10-31,
BM,2008-11-30,
BM,2008-12-31,
BM,2009-01-31,
BM,2009-02-28,
BM,2009-03-31,
BM,2009-04-30,
BM,2009-05-31,
BM,2009-06-30,
BM,2009-07-31,
BM,2009-08-31,
BM,2009-09-30,
BM,2009-10-31,
BM,2009-11-30,
BM,2009-12-31,
BM,2010-01-31,
BM,2010-02-28,
BM,2010-03-31,
BM,2010-04-30,
BM,2010-05-31,
BM,2010-06-30,
BM,2010-07-31,
BM,2010-08-31,
BM,2010-09-30,
BM,2010-10-31,
BM,2010-11-30,
BM,2010-12-31,
BM,2011-01-31,
BM,2011-02-28,
BM,2011-03-31,
BM,2011-04-30,
BM,2011-05-31,
BM,2011-06-30,
BM,2011-07-31,
BM,2011-08-31,
BM,2011-09-30,
BM,2011-10-31,
BM,2011-11-30,
BM,2011-12-31,
BM,2012-01-31,
BM,2012-02-29,
BM,2012-03-31,
BM,2012-04-30,
BM,2012-05-31,
BM,2012-06-30,
BM,2012-07-31,
BM,2012-08-31,
BM,2012-09-30,
BM,2012-10-31,
BM,2012-11-30,
BM,2012-12-31,
BM,2013-01-31,
BM,2013-02-28,
BM,2013-03-31,
BM,2013-04-30,
BM,2013-05-31,
BM,2013-06-30,
BM,2013-07-31,
BM,2013-08-31,
BM,2013-09-30,
BM,2013-10-31,
BM,2013-11-30,
BM,2013-12-31,
BM,2014-01-31,
BM,2014-02-28,
BM,2014-03-31,
BM,2014-04-30,
BM,2014-05-31,
BM,2014-06-30,
BM,2014-07-31,
BM,2014-08-31,
BM,2014-09-30,
BM,2014-10-31,
BM,2014-11-30,
BM,2014-12-31,
BM,2015-01-31,
BM,2015-02-28,
BM,2015-03-31,
BM,2015-04-30,
BM,2015-05-31,
BM,2015-06-30,
BM,2015-07-31,
BM,2015-08-31,
BM,2015-09-30,
BM,2015-10-31,
BM,2015-11-30,
BM,2015-12-31,
BM,2016-01-31,
BM,2016-02-29,
BM,2016-03-31,
BM,2016-04-30,
BM,2016-05-31,
BM,2016-06-30,
BM,2016-07-31,
BM,2016-08-31,
BM,2016-09-30,
BM,2016-10-31,
BM,2016-11-30,
BM,2016-12-31,
BM,2017-01-31,
BM,2017-02-28,
BM,2017-03-31,
BM,2017-04-30,
BM,2017-05-31,
BM,2017-06-30,
BM,2017-07-31,
BM,2017-08-31,
BM,2017-09-30,
BM,2017-10-31,
BM,2017-11-30,
BM,2017-12-31,
BM,2018-01-31,
BM,2018-02-28,
BM,2018-03-31,
BM,2018-04-30,
BM,2018-05-31,
BM,2018-06-30,
BM,2018-07-31,
BM,2018-08-31,
BM,2018-09-30,
BM,2018-10-31,
BM,2018-11-30,
BM,2018-12-31,
BM,2019-01-31,
BM,2019-02-28,
BM,2019-03-31,
BM,2019-04-30,
BM,2019-05-31,
BM,2019-06-30,
BM,2019-07-31,
BM,2019-08-31,
BM,2019-09-30,
BM,2019-10-31,
BM,2019-11-30,
BM,2019-12-31,
BM,2020-01-31,
BM,2020-02-29,
BM,2020-03-31,
BM,2020-04-30,
BM,2020-05-31,
BM,2020-06-30,
BM,2020-07-31,
BM,2020-08-31,
BM,2020-09-30,
BM,2020-10-31,
BM,2020-11-30,
BM,2020-12-31,
BM,2021-01-31,
BM,2021-02-28,
BM,2021-03-31,
BM,2021-04-30,
BM,2021-05-31,
BM,2021-06-30,
BM,2021-07-31,
BM,2021-08-31,
BM,2021-09-30,
BM,2021-10-31,
BM,2021-11-30,
BM,2021-12-31,
BM,2022-01-31,
BM,2022-02-28,
BM,2022-03-31,
BM,2022-04-30,
BM,2022-05-31,
BM,2022-06-30,
BM,2022-07-31,
BM,2022-08-31,
BM,2022-09-30,
BM,2022-10-31,
BM,2022-11-30,
BM,2022-12-31,
BM,2023-01-31,
BM,2023-02-28,
BM,2023-03-31,
BM,2023-04-30,
BM,2023-05-31,
BM,2023-06-30,
BM,2023-07-31,
BM,2023-08-31,
BM,2023-09-30,
BM,2023-10-31,
BM,2023-11-30,
BM,2023-12-31,
BM,2024-01-31,
BM,2024-02-29,
BM,2024-03-31,
BM,2024-04-30,
BM,2024-05-31,
BM,2024-06-30,
BM,2024-07-31,
BM,2024-08-31,
BM,2024-09-30,
BM,2024-10-31,
BM,2024-11-30,
BM,2024-12-31,
BM,2025-01-31,
BM,2025-02-28,
BM,2025-03-31,
BN,2002-01-31,
BN,2002-02-28,
BN,2002-03-31,
BN,2002-04-30,
BN,2002-05-31,
BN,2002-06-30,
BN,2002-07-31,
BN,2002-08-31,
BN,2002-09-30,
BN,2002-10-31,
BN,2002-11-30,
BN,2002-12-31,
BN,2003-01-31,
BN,2003-02-28,
BN,2003-03-31,
BN,2003-04-30,
BN,2003-05-31,
BN,2003-06-30,
BN,2003-07-31,
BN,2003-08-31,
BN,2003-09-30,
BN,2003-10-31,
BN,2003-11-30,
BN,2003-12-31,
BN,2004-01-31,
BN,2004-02-29,
BN,2004-03-31,
BN,2004-04-30,
BN,2004-05-31,
BN,2004-06-30,
BN,2004-07-31,
BN,2004-08-31,
BN,2004-09-30,
BN,2004-10-31,
BN,2004-11-30,
BN,2004-12-31,
BN,2005-01-31,
BN,2005-02-28,
BN,2005-03-31,
BN,2005-04-30,
BN,2005-05-31,
BN,2005-06-30,
BN,2005-07-31,
BN,2005-08-31,
BN,2005-09-30,
BN,2005-10-31,
BN,2005-11-30,
BN,2005-12-31,
BN,2006-01-31,
BN,2006-02-28,
BN,2006-03-31,
BN,2006-04-30,
BN,2006-05-31,
BN,2006-06-30,
BN,2006-07-31,
BN,2006-08-31,
BN,2006-09-30,
BN,2006-10-31,
BN,2006-11-30,
BN,2006-12-31,
BN,2007-01-31,
BN,2007-02-28,
BN,2007-03-31,
BN,2007-04-30,
BN,2007-05-31,
BN,2007-06-30,
BN,2007-07-31,
BN,2007-08-31,
BN,2007-09-30,
BN,2007-10-31,
BN,2007-11-30,
BN,2007-12-31,
BN,2008-01-31,
BN,2008-02-29,
BN,2008-03-31,
BN,2008-04-30,
BN,2008-05-31,
BN,2008-06-30,
BN,2008-07-31,
BN,2008-08-31,
BN,2008-09-30,
BN,2008-10-31,
BN,2008-11-30,
BN,2008-12-31,
BN,2009-01-31,
BN,2009-02-28,
BN,2009-03-31,
BN,2009-04-30,
BN,2009-05-31,
BN,2009-06-30,
BN,2009-07-31,
BN,2009-08-31,
BN,2009-09-30,
BN,2009-10-31,
BN,2009-11-30,
BN,2009-12-31,
BN,2010-01-31,
BN,2010-02-28,
BN,2010-03-31,
BN,2010-04-30,
BN,2010-05-31,
BN,2010-06-30,
BN,2010-07-31,
BN,2010-08-31,
BN,2010-09-30,
BN,2010-10-31,
BN,2010-11-30,
BN,2010-12-31,
BN,2011-01-31,
BN,2011-02-28,
BN,2011-03-31,
BN,2011-04-30,
BN,2011-05-31,
BN,2011-06-30,
BN,2011-07-31,
BN,2011-08-31,
BN,2011-09-30,
BN,2011-10-31,
BN,2011-11-30,
BN,2011-12-31,
BN,2012-01-31,
BN,2012-02-29,
BN,2012-03-31,
BN,2012-04-30,
BN,2012-05-31,
BN,2012-06-30,
BN,2012-07-31,
BN,2012-08-31,
BN,2012-09-30,
BN,2012-10-31,
BN,2012-11-30,
BN,2012-12-31,
BN,2013-01-31,
BN,2013-02-28,
BN,2013-03-31,
BN,2013-04-30,
BN,2013-05-31,
BN,2013-06-30,
BN,2013-07-31,
BN,2013-08-31,
BN,2013-09-30,
BN,2013-10-31,
BN,2013-11-30,
BN,2013-12-31,
BN,2014-01-31,
BN,2014-02-28,
BN,2014-03-31,
BN,2014-04-30,
BN,2014-05-31,
BN,2014-06-30,
BN,2014-07-31,
BN,2014-08-31,
BN,2014-09-30,
BN,2014-10-31,
BN,2014-11-30,
BN,2014-12-31,
BN,2015-01-31,
BN,2015-02-28,
BN,2015-03-31,
BN,2015-04-30,
BN,2015-05-31,
BN,2015-06-30,
BN,2015-07-31,
BN,2015-08-31,
BN,2015-09-30,
BN,2015-10-31,
BN,2015-11-30,
BN,2015-12-31,
BN,2016-01-31,
BN,2016-02-29,
BN,2016-03-31,
BN,2016-04-30,
BN,2016-05-31,
BN,2016-06-30,
BN,2016-07-31,
BN,2016-08-31,
BN,2016-09-30,
BN,2016-10-31,
BN,2016-11-30,
BN,2016-12-31,
BN,2017-01-31,
BN,2017-02-28,
BN,2017-03-31,
BN,2017-04-30,
BN,2017-05-31,
BN,2017-06-30,
BN,2017-07-31,
BN,2017-08-31,
BN,2017-09-30,
BN,2017-10-31,
BN,2017-11-30,
BN,2017-12-31,
BN,2018-01-31,
BN,2018-02-28,
BN,2018-03-31,
BN,2018-04-30,
BN,2018-05-31,
BN,2018-06-30,
BN,2018-07-31,
BN,2018-08-31,
BN,2018-09-30,
BN,2018-10-31,
BN,2018-11-30,
BN,2018-12-31,
BN,2019-01-31,
BN,2019-02-28,
BN,2019-03-31,
BN,2019-04-30,
BN,2019-05-31,
BN,2019-06-30,
BN,2019-07-31,
BN,2019-08-31,
BN,2019-09-30,
BN,2019-10-31,
BN,2019-11-30,
BN,2019-12-31,
BN,2020-01-31,
BN,2020-02-29,
BN,2020-03-31,
BN,2020-04-30,
BN,2020-05-31,
BN,2020-06-30,
BN,2020-07-31,
BN,2020-08-31,
BN,2020-09-30,
BN,2020-10-31,
BN,2020-11-30,
BN,2020-12-31,
BN,2021-01-31,
BN,2021-02-28,
BN,2021-03-31,
BN,2021-04-30,
BN,2021-05-31,
BN,2021-06-30,
BN,2021-07-31,
BN,2021-08-31,
BN,2021-09-30,
BN,2021-10-31,
BN,2021-11-30,
BN,2021-12-31,
BN,2022-01-31,
BN,2022-02-28,
BN,2022-03-31,
BN,2022-04-30,
BN,2022-05-31,
BN,2022-06-30,
BN,2022-07-31,
BN,2022-08-31,
BN,2022-09-30,
BN,2022-10-31,
BN,2022-11-30,
BN,2022-12-31,
BN,2023-01-31,
BN,2023-02-28,
BN,2023-03-31,
BN,2023-04-30,
BN,2023-05-31,
BN,2023-06-30,
BN,2023-07-31,
BN,2023-08-31,
BN,2023-09-30,
BN,2023-10-31,
BN,2023-11-30,
BN,2023-12-31,
BN,2024-01-31,
BN,2024-02-29,
BN,2024-03-31,
BN,2024-04-30,
BN,2024-05-31,
BN,2024-06-30,
BN,2024-07-31,
BN,2024-08-31,
BN,2024-09-30,
BN,2024-10-31,
BN,2024-11-30,
BN,2024-12-31,
BN,2025-01-31,
BN,2025-02-28,
BN,2025-03-31,
BO,2002-01-31,
BO,2002-02-28,
BO,2002-03-31,
BO,2002-04-30,
BO,2002-05-31,
BO,2002-06-30,
BO,2002-07-31,
BO,2002-08-31,
BO,2002-09-30,
BO,2002-10-31,
BO,2002-11-30,
BO,2002-12-31,
BO,2003-01-31,
BO,2003-02-28,
BO,2003-03-31,
BO,2003-04-30,
BO,2003-05-31,
BO,2003-06-30,
BO,2003-07-31,
BO,2003-08-31,
BO,2003-09-30,
BO,2003-10-31,
BO,2003-11-30,
BO,2003-12-31,
BO,2004-01-31,
BO,2004-02-29,
BO,2004-03-31,
BO,2004-04-30,
BO,2004-05-31,
BO,2004-06-30,
BO,2004-07-31,
BO,2004-08-31,
BO,2004-09-30,
BO,2004-10-31,
BO,2004-11-30,
BO,2004-12-31,
BO,2005-01-31,
BO,2005-02-28,
BO,2005-03-31,
BO,2005-04-30,
BO,2005-05-31,
BO,2005-06-30,
BO,2005-07-31,
BO,2005-08-31,
BO,2005-09-30,
BO,2005-10-31,
BO,2005-11-30,
BO,2005-12-31,
BO,2006-01-31,
BO,2006-02-28,
BO,2006-03-31,
BO,2006-04-30,
BO,2006-05-31,
BO,2006-06-30,
BO,2006-07-31,
BO,2006-08-31,
BO,2006-09-30,
BO,2006-10-31,
BO,2006-11-30,
BO,2006-12-31,
BO,2007-01-31,
BO,2007-02-28,
BO,2007-03-31,
BO,2007-04-30,
BO,2007-05-31,
BO,2007-06-30,
BO,2007-07-31,
BO,2007-08-31,
BO,2007-09-30,
BO,2007-10-31,
BO,2007-11-30,
BO,2007-12-31,
BO,2008-01-31,
BO,2008-02-29,
BO,2008-03-31,
BO,2008-04-30,
BO,2008-05-31,
BO,2008-06-30,
BO,2008-07-31,
BO,2008-08-31,
BO,2008-09-30,
BO,2008-10-31,
BO,2008-11-30,
BO,2008-12-31,
BO,2009-01-31,0.0
BO,2009-02-28,0.0
BO,2009-03-31,0.0
BO,2009-04-30,0.0
BO,2009-05-31,0.0
BO,2009-06-30,0.0
BO,2009-07-31,0.0
BO,2009-08-31,0.0
BO,2009-09-30,0.0
BO,2009-10-31,0.0
BO,2009-11-30,0.0
BO,2009-12-31,0.0
BO,2010-01-31,0.0
BO,2010-02-28,0.0
BO,2010-03-31,0.0
BO,2010-04-30,0.0
BO,2010-05-31,0.0
BO,2010-06-30,0.0
BO,2010-07-31,0.0
BO,2010-08-31,0.0
BO,2010-09-30,0.0
BO,2010-10-31,0.0
BO,2010-11-30,0.0
BO,2010-12-31,0.0
BO,2011-01-31,0.0
BO,2011-02-28,0.0
BO,2011-03-31,0.0
BO,2011-04-30,0.0
BO,2011-05-31,0.0
BO,2011-06-30,0.0
BO,2011-07-31,0.0
BO,2011-08-31,0.0
BO,2011-09-30,0.0
BO,2011-10-31,0.0
BO,2011-11-30,0.0
BO,2011-12-31,0.0
BO,2012-01-31,0.0
BO,2012-02-29,0.0
BO,2012-03-31,0.0
BO,2012-04-30,0.0
BO,2012-05-31,0.0
BO,2012-06-30,0.0
BO,2012-07-31,0.0
BO,2012-08-31,0.0
BO,2012-09-30,0.0
BO,2012-10-31,0.0
BO,2012-11-30,0.0
BO,2012-12-31,0.0
BO,2013-01-31,0.0
BO,2013-02-28,0.0
BO,2013-03-31,0.0
BO,2013-04-30,0.0
BO,2013-05-31,0.0
BO,2013-06-30,0.0
BO,2013-07-31,0.0
BO,2013-08-31,0.0
BO,2013-09-30,0.0
BO,2013-10-31,0.0
BO,2013-11-30,0.0
BO,2013-12-31,0.0
BO,2014-01-31,0.0
BO,2014-02-28,0.0
BO,2014-03-31,0.0
BO,2014-04-30,0.0
BO,2014-05-31,0.0
BO,2014-06-30,0.0
BO,2014-07-31,0.0
BO,2014-08-31,0.0
BO,2014-09-30,0.0
BO,2014-10-31,0.0
BO,2014-11-30,0.0
BO,2014-12-31,0.0
BO,2015-01-31,0.0
BO,2015-02-28,0.0
BO,2015-03-31,0.0
BO,2015-04-30,0.0
BO,2015-05-31,0.0
BO,2015-06-30,0.0
BO,2015-07-31,0.0
BO,2015-08-31,0.0
BO,2015-09-30,0.0
BO,2015-10-31,0.0
BO,2015-11-30,0.0
BO,2015-12-31,0.0
BO,2016-01-31,0.0
BO,2016-02-29,0.0
BO,2016-03-31,0.0
BO,2016-04-30,0.0
BO,2016-05-31,0.0
BO,2016-06-30,0.0
BO,2016-07-31,0.0
BO,2016-08-31,
BO,2016-09-30,
BO,2016-10-31,
BO,2016-11-30,
BO,2016-12-31,
BO,2017-01-31,
BO,2017-02-28,
BO,2017-03-31,
BO,2017-04-30,
BO,2017-05-31,
BO,2017-06-30,
BO,2017-07-31,
BO,2017-08-31,
BO,2017-09-30,
BO,2017-10-31,
BO,2017-11-30,
BO,2017-12-31,
BO,2018-01-31,
BO,2018-02-28,
BO,2018-03-31,
BO,2018-04-30,
BO,2018-05-31,
BO,2018-06-30,
BO,2018-07-31,
BO,2018-08-31,
BO,2018-09-30,
BO,2018-10-31,
BO,2018-11-30,
BO,2018-12-31,
BO,2019-01-31,
BO,2019-02-28,
BO,2019-03-31,
BO,2019-04-30,
BO,2019-05-31,
BO,2019-06-30,
BO,2019-07-31,
BO,2019-08-31,
BO,2019-09-30,
BO,2019-10-31,
BO,2019-11-30,
BO,2019-12-31,
BO,2020-01-31,
BO,2020-02-29,
BO,2020-03-31,
BO,2020-04-30,
BO,2020-05-31,
BO,2020-06-30,
BO,2020-07-31,
BO,2020-08-31,
BO,2020-09-30,
BO,2020-10-31,
BO,2020-11-30,
BO,2020-12-31,
BO,2021-01-31,
BO,2021-02-28,
BO,2021-03-31,
BO,2021-04-30,
BO,2021-05-31,
BO,2021-06-30,
BO,2021-07-31,
BO,2021-08-31,
BO,2021-09-30,
BO,2021-10-31,
BO,2021-11-30,
BO,2021-12-31,
BO,2022-01-31,
BO,2022-02-28,
BO,2022-03-31,
BO,2022-04-30,
BO,2022-05-31,
BO,2022-06-30,
BO,2022-07-31,
BO,2022-08-31,
BO,2022-09-30,
BO,2022-10-31,
BO,2022-11-30,
BO,2022-12-31,
BO,2023-01-31,
BO,2023-02-28,
BO,2023-03-31,
BO,2023-04-30,
BO,2023-05-31,
BO,2023-06-30,
BO,2023-07-31,
BO,2023-08-31,
BO,2023-09-30,
BO,2023-10-31,
BO,2023-11-30,
BO,2023-12-31,
BO,2024-01-31,
BO,2024-02-29,
BO,2024-03-31,
BO,2024-04-30,
BO,2024-05-31,
BO,2024-06-30,
BO,2024-07-31,
BO,2024-08-31,
BO,2024-09-30,
BO,2024-10-31,
BO,2024-11-30,
BO,2024-12-31,
BO,2025-01-31,
BR,2002-01-31,
BR,2002-02-28,
BR,2002-03-31,
BR,2002-04-30,
BR,2002-05-31,
BR,2002-06-30,
BR,2002-07-31,
BR,2002-08-31,
BR,2002-09-30,
BR,2002-10-31,
BR,2002-11-30,
BR,2002-12-31,
BR,2003-01-31,
BR,2003-02-28,
BR,2003-03-31,
BR,2003-04-30,
BR,2003-05-31,
BR,2003-06-30,
BR,2003-07-31,
BR,2003-08-31,
BR,2003-09-30,
BR,2003-10-31,
BR,2003-11-30,
BR,2003-12-31,
BR,2004-01-31,
BR,2004-02-29,
BR,2004-03-31,
BR,2004-04-30,
BR,2004-05-31,
BR,2004-06-30,
BR,2004-07-31,
BR,2004-08-31,
BR,2004-09-30,
BR,2004-10-31,
BR,2004-11-30,
BR,2004-12-31,
BR,2005-01-31,
BR,2005-02-28,
BR,2005-03-31,
BR,2005-04-30,
BR,2005-05-31,
BR,2005-06-30,
BR,2005-07-31,
BR,2005-08-31,
BR,2005-09-30,
BR,2005-10-31,
BR,2005-11-30,
BR,2005-12-31,
BR,2006-01-31,
BR,2006-02-28,
BR,2006-03-31,
BR,2006-04-30,
BR,2006-05-31,
BR,2006-06-30,
BR,2006-07-31,
BR,2006-08-31,
BR,2006-09-30,
BR,2006-10-31,
BR,2006-11-30,
BR,2006-12-31,
BR,2007-01-31,
BR,2007-02-28,
BR,2007-03-31,
BR,2007-04-30,
BR,2007-05-31,
BR,2007-06-30,
BR,2007-07-31,
BR,2007-08-31,
BR,2007-09-30,
BR,2007-10-31,
BR,2007-11-30,
BR,2007-12-31,
BR,2008-01-31,
BR,2008-02-29,
BR,2008-03-31,
BR,2008-04-30,
BR,2008-05-31,
BR,2008-06-30,
BR,2008-07-31,
BR,2008-08-31,
BR,2008-09-30,
BR,2008-10-31,
BR,2008-11-30,
BR,2008-12-31,
BR,2009-01-31,0.0
BR,2009-02-28,0.0
BR,2009-03-31,0.0
BR,2009-04-30,0.0
BR,2009-05-31,0.0
BR,2009-06-30,0.0
BR,2009-07-31,0.0
BR,2009-08-31,0.0
BR,2009-09-30,0.0
BR,2009-10-31,0.0
BR,2009-11-30,0.0
BR,2009-12-31,0.0
BR,2010-01-31,0.0
BR,2010-02-28,0.0
BR,2010-03-31,0.0
BR,2010-04-30,0.0
BR,2010-05-31,0.0
BR,2010-06-30,0.0
BR,2010-07-31,0.0
BR,2010-08-31,0.0
BR,2010-09-30,0.0
BR,2010-10-31,0.0
BR,2010-11-30,0.0
BR,2010-12-31,0.0
BR,2011-01-31,0.0
BR,2011-02-28,0.0
BR,2011-03-31,0.0
BR,2011-04-30,0.0
BR,2011-05-31,0.0
BR,2011-06-30,0.0
BR,2011-07-31,0.0
BR,2011-08-31,0.0
BR,2011-09-30,0.0
BR,2011-10-31,0.0
BR,2011-11-30,0.0
BR,2011-12-31,0.0
BR,2012-01-31,0.0
BR,2012-02-29,0.0
BR,2012-03-31,0.0
BR,2012-04-30,0.0
BR,2012-05-31,0.0
BR,2012-06-30,0.0
BR,2012-07-31,0.0
BR,2012-08-31,0.0
BR,2012-09-30,0.0
BR,2012-10-31,0.0
BR,2012-11-30,0.0
BR,2012-12-31,0.0
BR,2013-01-31,0.0
BR,2013-02-28,0.0
BR,2013-03-31,0.0
BR,2013-04-30,0.0
BR,2013-05-31,0.0
BR,2013-06-30,0.0
BR,2013-07-31,0.0
BR,2013-08-31,0.0
BR,2013-09-30,0.0
BR,2013-10-31,0.0
BR,2013-11-30,0.0
BR,2013-12-31,0.0
BR,2014-01-31,0.0
BR,2014-02-28,0.0
BR,2014-03-31,0.0
BR,2014-04-30,0.0
BR,2014-05-31,0.0
BR,2014-06-30,0.0
BR,2014-07-31,0.0
BR,2014-08-31,0.0
BR,2014-09-30,0.0
BR,2014-10-31,0.0
BR,2014-11-30,0.0
BR,2014-12-31,0.0
BR,2015-01-31,0.0
BR,2015-02-28,0.0
BR,2015-03-31,0.0
BR,2015-04-30,0.0
BR,2015-05-31,0.0
BR,2015-06-30,0.0
BR,2015-07-31,0.0
BR,2015-08-31,0.0
BR,2015-09-30,0.0
BR,2015-10-31,0.0
BR,2015-11-30,0.0
BR,2015-12-31,0.0
BR,2016-01-31,0.0
BR,2016-02-29,0.0
BR,2016-03-31,0.0
BR,2016-04-30,0.0
BR,2016-05-31,0.0
BR,2016-06-30,0.0
BR,2016-07-31,0.0
BR,2016-08-31,
BR,2016-09-30,
BR,2016-10-31,
BR,2016-11-30,
BR,2016-12-31,
BR,2017-01-31,
BR,2017-02-28,
BR,2017-03-31,
BR,2017-04-30,
BR,2017-05-31,
BR,2017-06-30,
BR,2017-07-31,
BR,2017-08-31,
BR,2017-09-30,
BR,2017-10-31,
BR,2017-11-30,
BR,2017-12-31,
BR,2018-01-31,
BR,2018-02-28,
BR,2018-03-31,
BR,2018-04-30,
BR,2018-05-31,
BR,2018-06-30,
BR,2018-07-31,
BR,2018-08-31,
BR,2018-09-30,
BR,2018-10-31,
BR,2018-11-30,
BR,2018-12-31,
BR,2019-01-31,
BR,2019-02-28,
BR,2019-03-31,
BR,2019-04-30,
BR,2019-05-31,
BR,2019-06-30,
BR,2019-07-31,
BR,2019-08-31,
BR,2019-09-30,
BR,2019-10-31,
BR,2019-11-30,
BR,2019-12-31,
BR,2020-01-31,
BR,2020-02-29,
BR,2020-03-31,
BR,2020-04-30,
BR,2020-05-31,
BR,2020-06-30,
BR,2020-07-31,
BR,2020-08-31,
BR,2020-09-30,
BR,2020-10-31,
BR,2020-11-30,
BR,2020-12-31,
BR,2021-01-31,
BR,2021-02-28,
BR,2021-03-31,
BR,2021-04-30,
BR,2021-05-31,
BR,2021-06-30,
BR,2021-07-31,
BR,2021-08-31,
BR,2021-09-30,
BR,2021-10-31,
BR,2021-11-30,
BR,2021-12-31,
BR,2022-01-31,
BR,2022-02-28,
BR,2022-03-31,
BR,2022-04-30,
BR,2022-05-31,
BR,2022-06-30,
BR,2022-07-31,
BR,2022-08-31,
BR,2022-09-30,
BR,2022-10-31,
BR,2022-11-30,
BR,2022-12-31,
BR,2023-01-31,
BR,2023-02-28,
BR,2023-03-31,
BR,2023-04-30,
BR,2023-05-31,
BR,2023-06-30,
BR,2023-07-31,
BR,2023-08-31,
BR,2023-09-30,
BR,2023-10-31,
BR,2023-11-30,
BR,2023-12-31,
BR,2024-01-31,
BR,2024-02-29,
BR,2024-03-31,
BR,2024-04-30,
BR,2024-05-31,
BR,2024-06-30,
BR,2024-07-31,
BR,2024-08-31,
BR,2024-09-30,
BR,2024-10-31,
BR,2024-11-30,
BR,2024-12-31,
BR,2025-01-31,
BY,2002-01-31,
BY,2002-02-28,
BY,2002-03-31,
BY,2002-04-30,
BY,2002-05-31,
BY,2002-06-30,
BY,2002-07-31,
BY,2002-08-31,
BY,2002-09-30,
BY,2002-10-31,
BY,2002-11-30,
BY,2002-12-31,
BY,2003-01-31,
BY,2003-02-28,
BY,2003-03-31,
BY,2003-04-30,
BY,2003-05-31,
BY,2003-06-30,
BY,2003-07-31,
BY,2003-08-31,
BY,2003-09-30,
BY,2003-10-31,
BY,2003-11-30,
BY,2003-12-31,
BY,2004-01-31,
BY,2004-02-29,
BY,2004-03-31,
BY,2004-04-30,
BY,2004-05-31,
BY,2004-06-30,
BY,2004-07-31,
BY,2004-08-31,
BY,2004-09-30,
BY,2004-10-31,
BY,2004-11-30,
BY,2004-12-31,
BY,2005-01-31,
BY,2005-02-28,
BY,2005-03-31,
BY,2005-04-30,
BY,2005-05-31,
BY,2005-06-30,
BY,2005-07-31,
BY,2005-08-31,
BY,2005-09-30,
BY,2005-10-31,
BY,2005-11-30,
BY,2005-12-31,
BY,2006-01-31,
BY,2006-02-28,
BY,2006-03-31,
BY,2006-04-30,
BY,2006-05-31,
BY,2006-06-30,
BY,2006-07-31,
BY,2006-08-31,
BY,2006-09-30,
BY,2006-10-31,
BY,2006-11-30,
BY,2006-12-31,
BY,2007-01-31,
BY,2007-02-28,
BY,2007-03-31,
BY,2007-04-30,
BY,2007-05-31,
BY,2007-06-30,
BY,2007-07-31,
BY,2007-08-31,
BY,2007-09-30,
BY,2007-10-31,
BY,2007-11-30,
BY,2007-12-31,
BY,2008-01-31,
BY,2008-02-29,
BY,2008-03-31,
BY,2008-04-30,
BY,2008-05-31,
BY,2008-06-30,
BY,2008-07-31,
BY,2008-08-31,
BY,2008-09-30,
BY,2008-10-31,
BY,2008-11-30,
BY,2008-12-31,
BY,2009-01-31,
BY,2009-02-28,
BY,2009-03-31,
BY,2009-04-30,
BY,2009-05-31,
BY,2009-06-30,
BY,2009-07-31,
BY,2009-08-31,
BY,2009-09-30,
BY,2009-10-31,
BY,2009-11-30,
BY,2009-12-31,
BY,2010-01-31,
BY,2010-02-28,
BY,2010-03-31,
BY,2010-04-30,
BY,2010-05-31,
BY,2010-06-30,
BY,2010-07-31,
BY,2010-08-31,
BY,2010-09-30,
BY,2010-10-31,
BY,2010-11-30,
BY,2010-12-31,
BY,2011-01-31,
BY,2011-02-28,
BY,2011-03-31,
BY,2011-04-30,
BY,2011-05-31,
BY,2011-06-30,
BY,2011-07-31,
BY,2011-08-31,
BY,2011-09-30,
BY,2011-10-31,
BY,2011-11-30,
BY,2011-12-31,
BY,2012-01-31,
BY,2012-02-29,
BY,2012-03-31,
BY,2012-04-30,
BY,2012-05-31,
BY,2012-06-30,
BY,2012-07-31,
BY,2012-08-31,
BY,2012-09-30,
BY,2012-10-31,
BY,2012-11-30,
BY,2012-12-31,
BY,2013-01-31,
BY,2013-02-28,
BY,2013-03-31,
BY,2013-04-30,
BY,2013-05-31,
BY,2013-06-30,
BY,2013-07-31,
BY,2013-08-31,
BY,2013-09-30,
BY,2013-10-31,
BY,2013-11-30,
BY,2013-12-31,
BY,2014-01-31,
BY,2014-02-28,
BY,2014-03-31,
BY,2014-04-30,
BY,2014-05-31,
BY,2014-06-30,
BY,2014-07-31,
BY,2014-08-31,
BY,2014-09-30,
BY,2014-10-31,
BY,2014-11-30,
BY,2014-12-31,
BY,2015-01-31,
BY,2015-02-28,
BY,2015-03-31,
BY,2015-04-30,
BY,2015-05-31,
BY,2015-06-30,
BY,2015-07-31,
BY,2015-08-31,
BY,2015-09-30,
BY,2015-10-31,
BY,2015-11-30,
BY,2015-12-31,
BY,2016-01-31,
BY,2016-02-29,
BY,2016-03-31,
BY,2016-04-30,
BY,2016-05-31,
BY,2016-06-30,
BY,2016-07-31,
BY,2016-08-31,
BY,2016-09-30,
BY,2016-10-31,
BY,2016-11-30,
BY,2016-12-31,
BY,2017-01-31,
BY,2017-02-28,
BY,2017-03-31,
BY,2017-04-30,
BY,2017-05-31,
BY,2017-06-30,
BY,2017-07-31,
BY,2017-08-31,
BY,2017-09-30,
BY,2017-10-31,
BY,2017-11-30,
BY,2017-12-31,
BY,2018-01-31,
BY,2018-02-28,
BY,2018-03-31,
BY,2018-04-30,
BY,2018-05-31,
BY,2018-06-30,
BY,2018-07-31,
BY,2018-08-31,
BY,2018-09-30,
BY,2018-10-31,
BY,2018-11-30,
BY,2018-12-31,
BY,2019-01-31,
BY,2019-02-28,
BY,2019-03-31,
BY,2019-04-30,
BY,2019-05-31,
BY,2019-06-30,
BY,2019-07-31,
BY,2019-08-31,
BY,2019-09-30,
BY,2019-10-31,
BY,2019-11-30,
BY,2019-12-31,
BY,2020-01-31,
BY,2020-02-29,
BY,2020-03-31,
BY,2020-04-30,
BY,2020-05-31,
BY,2020-06-30,
BY,2020-07-31,
BY,2020-08-31,
BY,2020-09-30,
BY,2020-10-31,
BY,2020-11-30,
BY,2020-12-31,
BY,2021-01-31,
BY,2021-02-28,
BY,2021-03-31,
BY,2021-04-30,
BY,2021-05-31,
BY,2021-06-30,
BY,2021-07-31,
BY,2021-08-31,
BY,2021-09-30,
BY,2021-10-31,
BY,2021-11-30,
BY,2021-12-31,
BY,2022-01-31,
BY,2022-02-28,
BY,2022-03-31,
BY,2022-04-30,
BY,2022-05-31,
BY,2022-06-30,
BY,2022-07-31,
BY,2022-08-31,
BY,2022-09-30,
BY,2022-10-31,
BY,2022-11-30,
BY,2022-12-31,
BY,2023-01-31,
BY,2023-02-28,
BY,2023-03-31,
BY,2023-04-30,
BY,2023-05-31,
BY,2023-06-30,
BY,2023-07-31,
BY,2023-08-31,
BY,2023-09-30,
BY,2023-10-31,
BY,2023-11-30,
BY,2023-12-31,
BY,2024-01-31,
BY,2024-02-29,
BY,2024-03-31,
BY,2024-04-30,
BY,2024-05-31,
BY,2024-06-30,
BY,2024-07-31,
BY,2024-08-31,
BY,2024-09-30,
BY,2024-10-31,
BY,2024-11-30,
BY,2024-12-31,
BY,2025-01-31,
BY,2025-02-28,
BY,2025-03-31,
BZ,2002-01-31,
BZ,2002-02-28,
BZ,2002-03-31,
BZ,2002-04-30,
BZ,2002-05-31,
BZ,2002-06-30,
BZ,2002-07-31,
BZ,2002-08-31,
BZ,2002-09-30,
BZ,2002-10-31,
BZ,2002-11-30,
BZ,2002-12-31,
BZ,2003-01-31,
BZ,2003-02-28,
BZ,2003-03-31,
BZ,2003-04-30,
BZ,2003-05-31,
BZ,2003-06-30,
BZ,2003-07-31,
BZ,2003-08-31,
BZ,2003-09-30,
BZ,2003-10-31,
BZ,2003-11-30,
BZ,2003-12-31,
BZ,2004-01-31,
BZ,2004-02-29,
BZ,2004-03-31,
BZ,2004-04-30,
BZ,2004-05-31,
BZ,2004-06-30,
BZ,2004-07-31,
BZ,2004-08-31,
BZ,2004-09-30,
BZ,2004-10-31,
BZ,2004-11-30,
BZ,2004-12-31,
BZ,2005-01-31,
BZ,2005-02-28,
BZ,2005-03-31,
BZ,2005-04-30,
BZ,2005-05-31,
BZ,2005-06-30,
BZ,2005-07-31,
BZ,2005-08-31,
BZ,2005-09-30,
BZ,2005-10-31,
BZ,2005-11-30,
BZ,2005-12-31,
BZ,2006-01-31,
BZ,2006-02-28,
BZ,2006-03-31,
BZ,2006-04-30,
BZ,2006-05-31,
BZ,2006-06-30,
BZ,2006-07-31,
BZ,2006-08-31,
BZ,2006-09-30,
BZ,2006-10-31,
BZ,2006-11-30,
BZ,2006-12-31,
BZ,2007-01-31,
BZ,2007-02-28,
BZ,2007-03-31,
BZ,2007-04-30,
BZ,2007-05-31,
BZ,2007-06-30,
BZ,2007-07-31,
BZ,2007-08-31,
BZ,2007-09-30,
BZ,2007-10-31,
BZ,2007-11-30,
BZ,2007-12-31,
BZ,2008-01-31,
BZ,2008-02-29,
BZ,2008-03-31,
BZ,2008-04-30,
BZ,2008-05-31,
BZ,2008-06-30,
BZ,2008-07-31,
BZ,2008-08-31,
BZ,2008-09-30,
BZ,2008-10-31,
BZ,2008-11-30,
BZ,2008-12-31,
BZ,2009-01-31,0.0
BZ,2009-02-28,0.0
BZ,2009-03-31,0.0
BZ,2009-04-30,0.0
BZ,2009-05-31,0.0
BZ,2009-06-30,0.0
BZ,2009-07-31,0.0
BZ,2009-08-31,0.0
BZ,2009-09-30,0.0
BZ,2009-10-31,0.0
BZ,2009-11-30,0.0
BZ,2009-12-31,0.0
BZ,2010-01-31,0.0
BZ,2010-02-28,0.0
BZ,2010-03-31,0.0
BZ,2010-04-30,0.0
BZ,2010-05-31,0.0
BZ,2010-06-30,0.0
BZ,2010-07-31,0.0
BZ,2010-08-31,0.0
BZ,2010-09-30,0.0
BZ,2010-10-31,0.0
BZ,2010-11-30,0.0
BZ,2010-12-31,0.0
BZ,2011-01-31,0.0
BZ,2011-02-28,0.0
BZ,2011-03-31,0.0
BZ,2011-04-30,0.0
BZ,2011-05-31,0.0
BZ,2011-06-30,0.0
BZ,2011-07-31,0.0
BZ,2011-08-31,0.0
BZ,2011-09-30,0.0
BZ,2011-10-31,0.0
BZ,2011-11-30,0.0
BZ,2011-12-31,0.0
BZ,2012-01-31,0.0
BZ,2012-02-29,0.0
BZ,2012-03-31,0.0
BZ,2012-04-30,0.0
BZ,2012-05-31,0.0
BZ,2012-06-30,0.0
BZ,2012-07-31,0.0
BZ,2012-08-31,0.0
BZ,2012-09-30,0.0
BZ,2012-10-31,0.0
BZ,2012-11-30,0.0
BZ,2012-12-31,0.0
BZ,2013-01-31,0.0
BZ,2013-02-28,0.0
BZ,2013-03-31,0.0
BZ,2013-04-30,0.0
BZ,2013-05-31,0.0
BZ,2013-06-30,0.0
BZ,2013-07-31,0.0
BZ,2013-08-31,0.0
BZ,2013-09-30,0.0
BZ,2013-10-31,0.0
BZ,2013-11-30,0.0
BZ,2013-12-31,0.0
BZ,2014-01-31,0.0
BZ,2014-02-28,0.0
BZ,2014-03-31,0.0
BZ,2014-04-30,0.0
BZ,2014-05-31,0.0
BZ,2014-06-30,0.0
BZ,2014-07-31,0.0
BZ,2014-08-31,0.0
BZ,2014-09-30,0.0
BZ,2014-10-31,0.0
BZ,2014-11-30,0.0
BZ,2014-12-31,0.0
BZ,2015-01-31,0.0
BZ,2015-02-28,0.0
BZ,2015-03-31,0.0
BZ,2015-04-30,0.0
BZ,2015-05-31,0.0
BZ,2015-06-30,0.0
BZ,2015-07-31,0.0
BZ,2015-08-31,0.0
BZ,2015-09-30,0.0
BZ,2015-10-31,0.0
BZ,2015-11-30,0.0
BZ,2015-12-31,0.0
BZ,2016-01-31,0.0
BZ,2016-02-29,0.0
BZ,2016-03-31,0.0
BZ,2016-04-30,0.0
BZ,2016-05-31,0.0
BZ,2016-06-30,0.0
BZ,2016-07-31,0.0
BZ,2016-08-31,
BZ,2016-09-30,
BZ,2016-10-31,
BZ,2016-11-30,
BZ,2016-12-31,
BZ,2017-01-31,
BZ,2017-02-28,
BZ,2017-03-31,
BZ,2017-04-30,
BZ,2017-05-31,
BZ,2017-06-30,
BZ,2017-07-31,
BZ,2017-08-31,
BZ,2017-09-30,
BZ,2017-10-31,
BZ,2017-11-30,
BZ,2017-12-31,
BZ,2018-01-31,
BZ,2018-02-28,
BZ,2018-03-31,
BZ,2018-04-30,
BZ,2018-05-31,
BZ,2018-06-30,
BZ,2018-07-31,
BZ,2018-08-31,
BZ,2018-09-30,
BZ,2018-10-31,
BZ,2018-11-30,
BZ,2018-12-31,
BZ,2019-01-31,
BZ,2019-02-28,
BZ,2019-03-31,
BZ,2019-04-30,
BZ,2019-05-31,
BZ,2019-06-30,
BZ,2019-07-31,
BZ,2019-08-31,
BZ,2019-09-30,
BZ,2019-10-31,
BZ,2019-11-30,
BZ,2019-12-31,
BZ,2020-01-31,
BZ,2020-02-29,
BZ,2020-03-31,
BZ,2020-04-30,
BZ,2020-05-31,
BZ,2020-06-30,
BZ,2020-07-31,
BZ,2020-08-31,
BZ,2020-09-30,
BZ,2020-10-31,
BZ,2020-11-30,
BZ,2020-12-31,
BZ,2021-01-31,
BZ,2021-02-28,
BZ,2021-03-31,
BZ,2021-04-30,
BZ,2021-05-31,
BZ,2021-06-30,
BZ,2021-07-31,
BZ,2021-08-31,
BZ,2021-09-30,
BZ,2021-10-31,
BZ,2021-11-30,
BZ,2021-12-31,
BZ,2022-01-31,
BZ,2022-02-28,
BZ,2022-03-31,
BZ,2022-04-30,
BZ,2022-05-31,
BZ,2022-06-30,
BZ,2022-07-31,
BZ,2022-08-31,
BZ,2022-09-30,
BZ,2022-10-31,
BZ,2022-11-30,
BZ,2022-12-31,
BZ,2023-01-31,
BZ,2023-02-28,
BZ,2023-03-31,
BZ,2023-04-30,
BZ,2023-05-31,
BZ,2023-06-30,
BZ,2023-07-31,
BZ,2023-08-31,
BZ,2023-09-30,
BZ,2023-10-31,
BZ,2023-11-30,
BZ,2023-12-31,
BZ,2024-01-31,
BZ,2024-02-29,
BZ,2024-03-31,
BZ,2024-04-30,
BZ,2024-05-31,
BZ,2024-06-30,
BZ,2024-07-31,
BZ,2024-08-31,
BZ,2024-09-30,
BZ,2024-10-31,
BZ,2024-11-30,
BZ,2024-12-31,
BZ,2025-01-31,
CL,2002-01-31,
CL,2002-02-28,
CL,2002-03-31,
CL,2002-04-30,
CL,2002-05-31,
CL,2002-06-30,
CL,2002-07-31,
CL,2002-08-31,
CL,2002-09-30,
CL,2002-10-31,
CL,2002-11-30,
CL,2002-12-31,
CL,2003-01-31,
CL,2003-02-28,
CL,2003-03-31,
CL,2003-04-30,
CL,2003-05-31,
CL,2003-06-30,
CL,2003-07-31,
CL,2003-08-31,
CL,2003-09-30,
CL,2003-10-31,
CL,2003-11-30,
CL,2003-12-31,
CL,2004-01-31,
CL,2004-02-29,
CL,2004-03-31,
CL,2004-04-30,
CL,2004-05-31,
CL,2004-06-30,
CL,2004-07-31,
CL,2004-08-31,
CL,2004-09-30,
CL,2004-10-31,
CL,2004-11-30,
CL,2004-12-31,
CL,2005-01-31,
CL,2005-02-28,
CL,2005-03-31,
CL,2005-04-30,
CL,2005-05-31,
CL,2005-06-30,
CL,2005-07-31,
CL,2005-08-31,
CL,2005-09-30,
CL,2005-10-31,
CL,2005-11-30,
CL,2005-12-31,
CL,2006-01-31,
CL,2006-02-28,
CL,2006-03-31,
CL,2006-04-30,
CL,2006-05-31,
CL,2006-06-30,
CL,2006-07-31,
CL,2006-08-31,
CL,2006-09-30,
CL,2006-10-31,
CL,2006-11-30,
CL,2006-12-31,
CL,2007-01-31,
CL,2007-02-28,
CL,2007-03-31,
CL,2007-04-30,
CL,2007-05-31,
CL,2007-06-30,
CL,2007-07-31,
CL,2007-08-31,
CL,2007-09-30,
CL,2007-10-31,
CL,2007-11-30,
CL,2007-12-31,
CL,2008-01-31,
CL,2008-02-29,
CL,2008-03-31,
CL,2008-04-30,
CL,2008-05-31,
CL,2008-06-30,
CL,2008-07-31,
CL,2008-08-31,
CL,2008-09-30,
CL,2008-10-31,
CL,2008-11-30,
CL,2008-12-31,
CL,2009-01-31,
CL,2009-02-28,
CL,2009-03-31,
CL,2009-04-30,
CL,2009-05-31,
CL,2009-06-30,
CL,2009-07-31,
CL,2009-08-31,
CL,2009-09-30,
CL,2009-10-31,
CL,2009-11-30,
CL,2009-12-31,
CL,2010-01-31,
CL,2010-02-28,
CL,2010-03-31,
CL,2010-04-30,
CL,2010-05-31,
CL,2010-06-30,
CL,2010-07-31,
CL,2010-08-31,
CL,2010-09-30,
CL,2010-10-31,
CL,2010-11-30,
CL,2010-12-31,
CL,2011-01-31,
CL,2011-02-28,
CL,2011-03-31,
CL,2011-04-30,
CL,2011-05-31,
CL,2011-06-30,
CL,2011-07-31,
CL,2011-08-31,
CL,2011-09-30,
CL,2011-10-31,
CL,2011-11-30,
CL,2011-12-31,
CL,2012-01-31,
CL,2012-02-29,
CL,2012-03-31,
CL,2012-04-30,
CL,2012-05-31,
CL,2012-06-30,
CL,2012-07-31,
CL,2012-08-31,
CL,2012-09-30,
CL,2012-10-31,
CL,2012-11-30,
CL,2012-12-31,
CL,2013-01-31,
CL,2013-02-28,
CL,2013-03-31,
CL,2013-04-30,
CL,2013-05-31,
CL,2013-06-30,
CL,2013-07-31,
CL,2013-08-31,
CL,2013-09-30,
CL,2013-10-31,
CL,2013-11-30,
CL,2013-12-31,
CL,2014-01-31,
CL,2014-02-28,
CL,2014-03-31,
CL,2014-04-30,
CL,2014-05-31,
CL,2014-06-30,
CL,2014-07-31,
CL,2014-08-31,
CL,2014-09-30,
CL,2014-10-31,
CL,2014-11-30,
CL,2014-12-31,
CL,2015-01-31,
CL,2015-02-28,
CL,2015-03-31,
CL,2015-04-30,
CL,2015-05-31,
CL,2015-06-30,
CL,2015-07-31,
CL,2015-08-31,
CL,2015-09-30,
CL,2015-10-31,
CL,2015-11-30,
CL,2015-12-31,
CL,2016-01-31,
CL,2016-02-29,
CL,2016-03-31,
CL,2016-04-30,
CL,2016-05-31,
CL,2016-06-30,
CL,2016-07-31,
CL,2016-08-31,
CL,2016-09-30,
CL,2016-10-31,
CL,2016-11-30,
CL,2016-12-31,
CL,2017-01-31,
CL,2017-02-28,
CL,2017-03-31,
CL,2017-04-30,
CL,2017-05-31,
CL,2017-06-30,
CL,2017-07-31,
CL,2017-08-31,
CL,2017-09-30,
CL,2017-10-31,
CL,2017-11-30,
CL,2017-12-31,
CL,2018-01-31,
CL,2018-02-28,
CL,2018-03-31,
CL,2018-04-30,
CL,2018-05-31,
CL,2018-06-30,
CL,2018-07-31,
CL,2018-08-31,
CL,2018-09-30,
CL,2018-10-31,
CL,2018-11-30,
CL,2018-12-31,
CL,2019-01-31,
CL,2019-02-28,
CL,2019-03-31,
CL,2019-04-30,
CL,2019-05-31,
CL,2019-06-30,
CL,2019-07-31,
CL,2019-08-31,
CL,2019-09-30,
CL,2019-10-31,
CL,2019-11-30,
CL,2019-12-31,
CL,2020-01-31,
CL,2020-02-29,
CL,2020-03-31,
CL,2020-04-30,
CL,2020-05-31,
CL,2020-06-30,
CL,2020-07-31,
CL,2020-08-31,
CL,2020-09-30,
CL,2020-10-31,
CL,2020-11-30,
CL,2020-12-31,
CL,2021-01-31,
CL,2021-02-28,
CL,2021-03-31,
CL,2021-04-30,
CL,2021-05-31,
CL,2021-06-30,
CL,2021-07-31,
CL,2021-08-31,
CL,2021-09-30,
CL,2021-10-31,
CL,2021-11-30,
CL,2021-12-31,
CL,2022-01-31,
CL,2022-02-28,
CL,2022-03-31,
CL,2022-04-30,
CL,2022-05-31,
CL,2022-06-30,
CL,2022-07-31,
CL,2022-08-31,
CL,2022-09-30,
CL,2022-10-31,
CL,2022-11-30,
CL,2022-12-31,
CL,2023-01-31,
CL,2023-02-28,
CL,2023-03-31,
CL,2023-04-30,
CL,2023-05-31,
CL,2023-06-30,
CL,2023-07-31,
CL,2023-08-31,
CL,2023-09-30,
CL,2023-10-31,
CL,2023-11-30,
CL,2023-12-31,
CL,2024-01-31,
CL,2024-02-29,
CL,2024-03-31,
CL,2024-04-30,
CL,2024-05-31,
CL,2024-06-30,
CL,2024-07-31,
CL,2024-08-31,
CL,2024-09-30,
CL,2024-10-31,
CL,2024-11-30,
CL,2024-12-31,
CL,2025-01-31,
CL,2025-02-28,
CL,2025-03-31,
CN,2002-01-31,
CN,2002-02-28,
CN,2002-03-31,
CN,2002-04-30,
CN,2002-05-31,
CN,2002-06-30,
CN,2002-07-31,
CN,2002-08-31,
CN,2002-09-30,
CN,2002-10-31,
CN,2002-11-30,
CN,2002-12-31,
CN,2003-01-31,
CN,2003-02-28,
CN,2003-03-31,
CN,2003-04-30,
CN,2003-05-31,
CN,2003-06-30,
CN,2003-07-31,
CN,2003-08-31,
CN,2003-09-30,
CN,2003-10-31,
CN,2003-11-30,
CN,2003-12-31,
CN,2004-01-31,
CN,2004-02-29,
CN,2004-03-31,
CN,2004-04-30,
CN,2004-05-31,
CN,2004-06-30,
CN,2004-07-31,
CN,2004-08-31,
CN,2004-09-30,
CN,2004-10-31,
CN,2004-11-30,
CN,2004-12-31,
CN,2005-01-31,
CN,2005-02-28,
CN,2005-03-31,
CN,2005-04-30,
CN,2005-05-31,
CN,2005-06-30,
CN,2005-07-31,
CN,2005-08-31,
CN,2005-09-30,
CN,2005-10-31,
CN,2005-11-30,
CN,2005-12-31,
CN,2006-01-31,
CN,2006-02-28,
CN,2006-03-31,
CN,2006-04-30,
CN,2006-05-31,
CN,2006-06-30,
CN,2006-07-31,
CN,2006-08-31,
CN,2006-09-30,
CN,2006-10-31,
CN,2006-11-30,
CN,2006-12-31,
CN,2007-01-31,
CN,2007-02-28,
CN,2007-03-31,
CN,2007-04-30,
CN,2007-05-31,
CN,2007-06-30,
CN,2007-07-31,
CN,2007-08-31,
CN,2007-09-30,
CN,2007-10-31,
CN,2007-11-30,
CN,2007-12-31,
CN,2008-01-31,
CN,2008-02-29,
CN,2008-03-31,
CN,2008-04-30,
CN,2008-05-31,
CN,2008-06-30,
CN,2008-07-31,
CN,2008-08-31,
CN,2008-09-30,
CN,2008-10-31,
CN,2008-11-30,
CN,2008-12-31,
CN,2009-01-31,
CN,2009-02-28,
CN,2009-03-31,
CN,2009-04-30,
CN,2009-05-31,
CN,2009-06-30,
CN,2009-07-31,
CN,2009-08-31,
CN,2009-09-30,
CN,2009-10-31,
CN,2009-11-30,
CN,2009-12-31,
CN,2010-01-31,
CN,2010-02-28,
CN,2010-03-31,
CN,2010-04-30,
CN,2010-05-31,
CN,2010-06-30,
CN,2010-07-31,
CN,2010-08-31,
CN,2010-09-30,
CN,2010-10-31,
CN,2010-11-30,
CN,2010-12-31,
CN,2011-01-31,
CN,2011-02-28,
CN,2011-03-31,
CN,2011-04-30,
CN,2011-05-31,
CN,2011-06-30,
CN,2011-07-31,
CN,2011-08-31,
CN,2011-09-30,
CN,2011-10-31,
CN,2011-11-30,
CN,2011-12-31,
CN,2012-01-31,
CN,2012-02-29,
CN,2012-03-31,
CN,2012-04-30,
CN,2012-05-31,
CN,2012-06-30,
CN,2012-07-31,
CN,2012-08-31,
CN,2012-09-30,
CN,2012-10-31,
CN,2012-11-30,
CN,2012-12-31,
CN,2013-01-31,
CN,2013-02-28,
CN,2013-03-31,
CN,2013-04-30,
CN,2013-05-31,
CN,2013-06-30,
CN,2013-07-31,
CN,2013-08-31,
CN,2013-09-30,
CN,2013-10-31,
CN,2013-11-30,
CN,2013-12-31,
CN,2014-01-31,
CN,2014-02-28,
CN,2014-03-31,
CN,2014-04-30,
CN,2014-05-31,
CN,2014-06-30,
CN,2014-07-31,
CN,2014-08-31,
CN,2014-09-30,
CN,2014-10-31,
CN,2014-11-30,
CN,2014-12-31,
CN,2015-01-31,
CN,2015-02-28,
CN,2015-03-31,
CN,2015-04-30,
CN,2015-05-31,
CN,2015-06-30,
CN,2015-07-31,
CN,2015-08-31,
CN,2015-09-30,
CN,2015-10-31,
CN,2015-11-30,
CN,2015-12-31,
CN,2016-01-31,
CN,2016-02-29,
CN,2016-03-31,
CN,2016-04-30,
CN,2016-05-31,
CN,2016-06-30,
CN,2016-07-31,
CN,2016-08-31,
CN,2016-09-30,
CN,2016-10-31,
CN,2016-11-30,
CN,2016-12-31,
CN,2017-01-31,
CN,2017-02-28,
CN,2017-03-31,
CN,2017-04-30,
CN,2017-05-31,
CN,2017-06-30,
CN,2017-07-31,
CN,2017-08-31,
CN,2017-09-30,
CN,2017-10-31,
CN,2017-11-30,
CN,2017-12-31,
CN,2018-01-31,
CN,2018-02-28,
CN,2018-03-31,
CN,2018-04-30,
CN,2018-05-31,
CN,2018-06-30,
CN,2018-07-31,
CN,2018-08-31,
CN,2018-09-30,
CN,2018-10-31,
CN,2018-11-30,
CN,2018-12-31,
CN,2019-01-31,
CN,2019-02-28,
CN,2019-03-31,
CN,2019-04-30,
CN,2019-05-31,
CN,2019-06-30,
CN,2019-07-31,
CN,2019-08-31,
CN,2019-09-30,
CN,2019-10-31,
CN,2019-11-30,
CN,2019-12-31,
CN,2020-01-31,
CN,2020-02-29,
CN,2020-03-31,
CN,2020-04-30,
CN,2020-05-31,
CN,2020-06-30,
CN,2020-07-31,
CN,2020-08-31,
CN,2020-09-30,
CN,2020-10-31,
CN,2020-11-30,
CN,2020-12-31,
CN,2021-01-31,
CN,2021-02-28,
CN,2021-03-31,
CN,2021-04-30,
CN,2021-05-31,
CN,2021-06-30,
CN,2021-07-31,
CN,2021-08-31,
CN,2021-09-30,
CN,2021-10-31,
CN,2021-11-30,
CN,2021-12-31,
CN,2022-01-31,
CN,2022-02-28,
CN,2022-03-31,
CN,2022-04-30,
CN,2022-05-31,
CN,2022-06-30,
CN,2022-07-31,
CN,2022-08-31,
CN,2022-09-30,
CN,2022-10-31,
CN,2022-11-30,
CN,2022-12-31,
CN,2023-01-31,
CN,2023-02-28,
CN,2023-03-31,
CN,2023-04-30,
CN,2023-05-31,
CN,2023-06-30,
CN,2023-07-31,
CN,2023-08-31,
CN,2023-09-30,
CN,2023-10-31,
CN,2023-11-30,
CN,2023-12-31,
CN,2024-01-31,
CN,2024-02-29,
CN,2024-03-31,
CN,2024-04-30,
CN,2024-05-31,
CN,2024-06-30,
CN,2024-07-31,
CN,2024-08-31,
CN,2024-09-30,
CN,2024-10-31,
CN,2024-11-30,
CN,2024-12-31,
CN,2025-01-31,
CN,2025-02-28,
CN,2025-03-31,
CO,2002-01-31,
CO,2002-02-28,
CO,2002-03-31,
CO,2002-04-30,
CO,2002-05-31,
CO,2002-06-30,
CO,2002-07-31,
CO,2002-08-31,
CO,2002-09-30,
CO,2002-10-31,
CO,2002-11-30,
CO,2002-12-31,
CO,2003-01-31,
CO,2003-02-28,
CO,2003-03-31,
CO,2003-04-30,
CO,2003-05-31,
CO,2003-06-30,
CO,2003-07-31,
CO,2003-08-31,
CO,2003-09-30,
CO,2003-10-31,
CO,2003-11-30,
CO,2003-12-31,
CO,2004-01-31,
CO,2004-02-29,
CO,2004-03-31,
CO,2004-04-30,
CO,2004-05-31,
CO,2004-06-30,
CO,2004-07-31,
CO,2004-08-31,
CO,2004-09-30,
CO,2004-10-31,
CO,2004-11-30,
CO,2004-12-31,
CO,2005-01-31,
CO,2005-02-28,
CO,2005-03-31,
CO,2005-04-30,
CO,2005-05-31,
CO,2005-06-30,
CO,2005-07-31,
CO,2005-08-31,
CO,2005-09-30,
CO,2005-10-31,
CO,2005-11-30,
CO,2005-12-31,
CO,2006-01-31,
CO,2006-02-28,
CO,2006-03-31,
CO,2006-04-30,
CO,2006-05-31,
CO,2006-06-30,
CO,2006-07-31,
CO,2006-08-31,
CO,2006-09-30,
CO,2006-10-31,
CO,2006-11-30,
CO,2006-12-31,
CO,2007-01-31,
CO,2007-02-28,
CO,2007-03-31,
CO,2007-04-30,
CO,2007-05-31,
CO,2007-06-30,
CO,2007-07-31,
CO,2007-08-31,
CO,2007-09-30,
CO,2007-10-31,
CO,2007-11-30,
CO,2007-12-31,
CO,2008-01-31,
CO,2008-02-29,
CO,2008-03-31,
CO,2008-04-30,
CO,2008-05-31,
CO,2008-06-30,
CO,2008-07-31,
CO,2008-08-31,
CO,2008-09-30,
CO,2008-10-31,
CO,2008-11-30,
CO,2008-12-31,
CO,2009-01-31,0.0
CO,2009-02-28,0.0
CO,2009-03-31,0.0
CO,2009-04-30,0.0
CO,2009-05-31,0.0
CO,2009-06-30,0.0
CO,2009-07-31,0.0
CO,2009-08-31,0.0
CO,2009-09-30,0.0
CO,2009-10-31,0.0
CO,2009-11-30,0.0
CO,2009-12-31,0.0
CO,2010-01-31,0.0
CO,2010-02-28,0.0
CO,2010-03-31,0.0
CO,2010-04-30,0.0
CO,2010-05-31,0.0
CO,2010-06-30,0.0
CO,2010-07-31,0.0
CO,2010-08-31,0.0
CO,2010-09-30,0.0
CO,2010-10-31,0.0
CO,2010-11-30,0.0
CO,2010-12-31,0.0
CO,2011-01-31,0.0
CO,2011-02-28,0.0
CO,2011-03-31,0.0
CO,2011-04-30,0.0
CO,2011-05-31,0.0
CO,2011-06-30,0.0
CO,2011-07-31,0.0
CO,2011-08-31,0.0
CO,2011-09-30,0.0
CO,2011-10-31,0.0
CO,2011-11-30,0.0
CO,2011-12-31,0.0
CO,2012-01-31,0.0
CO,2012-02-29,0.0
CO,2012-03-31,0.0
CO,2012-04-30,0.0
CO,2012-05-31,0.0
CO,2012-06-30,0.0
CO,2012-07-31,0.0
CO,2012-08-31,0.0
CO,2012-09-30,0.0
CO,2012-10-31,0.0
CO,2012-11-30,0.0
CO,2012-12-31,0.0
CO,2013-01-31,0.0
CO,2013-02-28,0.0
CO,2013-03-31,0.0
CO,2013-04-30,0.0
CO,2013-05-31,0.0
CO,2013-06-30,0.0
CO,2013-07-31,0.0
CO,2013-08-31,0.0
CO,2013-09-30,0.0
CO,2013-10-31,0.0
CO,2013-11-30,0.0
CO,2013-12-31,0.0
CO,2014-01-31,0.0
CO,2014-02-28,0.0
CO,2014-03-31,0.0
CO,2014-04-30,0.0
CO,2014-05-31,0.0
CO,2014-06-30,0.0
CO,2014-07-31,0.0
CO,2014-08-31,0.0
CO,2014-09-30,0.0
CO,2014-10-31,0.0
CO,2014-11-30,0.0
CO,2014-12-31,0.0
CO,2015-01-31,0.0
CO,2015-02-28,0.0
CO,2015-03-31,0.0
CO,2015-04-30,0.0
CO,2015-05-31,0.0
CO,2015-06-30,0.0
CO,2015-07-31,0.0
CO,2015-08-31,0.0
CO,2015-09-30,0.0
CO,2015-10-31,0.0
CO,2015-11-30,0.0
CO,2015-12-31,0.0
CO,2016-01-31,0.0
CO,2016-02-29,0.0
CO,2016-03-31,0.0
CO,2016-04-30,0.0
CO,2016-05-31,0.0
CO,2016-06-30,0.0
CO,2016-07-31,0.0
CO,2016-08-31,
CO,2016-09-30,
CO,2016-10-31,
CO,2016-11-30,
CO,2016-12-31,
CO,2017-01-31,
CO,2017-02-28,
CO,2017-03-31,
CO,2017-04-30,
CO,2017-05-31,
CO,2017-06-30,
CO,2017-07-31,
CO,2017-08-31,
CO,2017-09-30,
CO,2017-10-31,
CO,2017-11-30,
CO,2017-12-31,
CO,2018-01-31,
CO,2018-02-28,
CO,2018-03-31,
CO,2018-04-30,
CO,2018-05-31,
CO,2018-06-30,
CO,2018-07-31,
CO,2018-08-31,
CO,2018-09-30,
CO,2018-10-31,
CO,2018-11-30,
CO,2018-12-31,
CO,2019-01-31,
CO,2019-02-28,
CO,2019-03-31,
CO,2019-04-30,
CO,2019-05-31,
CO,2019-06-30,
CO,2019-07-31,
CO,2019-08-31,
CO,2019-09-30,
CO,2019-10-31,
CO,2019-11-30,
CO,2019-12-31,
CO,2020-01-31,
CO,2020-02-29,
CO,2020-03-31,
CO,2020-04-30,
CO,2020-05-31,
CO,2020-06-30,
CO,2020-07-31,
CO,2020-08-31,
CO,2020-09-30,
CO,2020-10-31,
CO,2020-11-30,
CO,2020-12-31,
CO,2021-01-31,
CO,2021-02-28,
CO,2021-03-31,
CO,2021-04-30,
CO,2021-05-31,
CO,2021-06-30,
CO,2021-07-31,
CO,2021-08-31,
CO,2021-09-30,
CO,2021-10-31,
CO,2021-11-30,
CO,2021-12-31,
CO,2022-01-31,
CO,2022-02-28,
CO,2022-03-31,
CO,2022-04-30,
CO,2022-05-31,
CO,2022-06-30,
CO,2022-07-31,
CO,2022-08-31,
CO,2022-09-30,
CO,2022-10-31,
CO,2022-11-30,
CO,2022-12-31,
CO,2023-01-31,
CO,2023-02-28,
CO,2023-03-31,
CO,2023-04-30,
CO,2023-05-31,
CO,2023-06-30,
CO,2023-07-31,
CO,2023-08-31,
CO,2023-09-30,
CO,2023-10-31,
CO,2023-11-30,
CO,2023-12-31,
CO,2024-01-31,
CO,2024-02-29,
CO,2024-03-31,
CO,2024-04-30,
CO,2024-05-31,
CO,2024-06-30,
CO,2024-07-31,
CO,2024-08-31,
CO,2024-09-30,
CO,2024-10-31,
CO,2024-11-30,
CO,2024-12-31,
CO,2025-01-31,
CR,2002-01-31,
CR,2002-02-28,
CR,2002-03-31,
CR,2002-04-30,
CR,2002-05-31,
CR,2002-06-30,
CR,2002-07-31,
CR,2002-08-31,
CR,2002-09-30,
CR,2002-10-31,
CR,2002-11-30,
CR,2002-12-31,
CR,2003-01-31,
CR,2003-02-28,
CR,2003-03-31,
CR,2003-04-30,
CR,2003-05-31,
CR,2003-06-30,
CR,2003-07-31,
CR,2003-08-31,
CR,2003-09-30,
CR,2003-10-31,
CR,2003-11-30,
CR,2003-12-31,
CR,2004-01-31,
CR,2004-02-29,
CR,2004-03-31,
CR,2004-04-30,
CR,2004-05-31,
CR,2004-06-30,
CR,2004-07-31,
CR,2004-08-31,
CR,2004-09-30,
CR,2004-10-31,
CR,2004-11-30,
CR,2004-12-31,
CR,2005-01-31,
CR,2005-02-28,
CR,2005-03-31,
CR,2005-04-30,
CR,2005-05-31,
CR,2005-06-30,
CR,2005-07-31,
CR,2005-08-31,
CR,2005-09-30,
CR,2005-10-31,
CR,2005-11-30,
CR,2005-12-31,
CR,2006-01-31,
CR,2006-02-28,
CR,2006-03-31,
CR,2006-04-30,
CR,2006-05-31,
CR,2006-06-30,
CR,2006-07-31,
CR,2006-08-31,
CR,2006-09-30,
CR,2006-10-31,
CR,2006-11-30,
CR,2006-12-31,
CR,2007-01-31,
CR,2007-02-28,
CR,2007-03-31,
CR,2007-04-30,
CR,2007-05-31,
CR,2007-06-30,
CR,2007-07-31,
CR,2007-08-31,
CR,2007-09-30,
CR,2007-10-31,
CR,2007-11-30,
CR,2007-12-31,
CR,2008-01-31,
CR,2008-02-29,
CR,2008-03-31,
CR,2008-04-30,
CR,2008-05-31,
CR,2008-06-30,
CR,2008-07-31,
CR,2008-08-31,
CR,2008-09-30,
CR,2008-10-31,
CR,2008-11-30,
CR,2008-12-31,
CR,2009-01-31,0.0
CR,2009-02-28,0.0
CR,2009-03-31,0.0
CR,2009-04-30,0.0
CR,2009-05-31,0.0
CR,2009-06-30,0.0
CR,2009-07-31,0.0
CR,2009-08-31,0.0
CR,2009-09-30,0.0
CR,2009-10-31,0.0
CR,2009-11-30,0.0
CR,2009-12-31,0.0
CR,2010-01-31,0.0
CR,2010-02-28,0.0
CR,2010-03-31,0.0
CR,2010-04-30,0.0
CR,2010-05-31,0.0
CR,2010-06-30,0.0
CR,2010-07-31,0.0
CR,2010-08-31,0.0
CR,2010-09-30,0.0
CR,2010-10-31,0.0
CR,2010-11-30,0.0
CR,2010-12-31,0.0
CR,2011-01-31,0.0
CR,2011-02-28,0.0
CR,2011-03-31,0.0
CR,2011-04-30,0.0
CR,2011-05-31,0.0
CR,2011-06-30,0.0
CR,2011-07-31,0.0
CR,2011-08-31,0.0
CR,2011-09-30,0.0
CR,2011-10-31,0.0
CR,2011-11-30,0.0
CR,2011-12-31,0.0
CR,2012-01-31,0.0
CR,2012-02-29,0.0
CR,2012-03-31,0.0
CR,2012-04-30,0.0
CR,2012-05-31,0.0
CR,2012-06-30,0.0
CR,2012-07-31,0.0
CR,2012-08-31,0.0
CR,2012-09-30,0.0
CR,2012-10-31,0.0
CR,2012-11-30,0.0
CR,2012-12-31,0.0
CR,2013-01-31,0.0
CR,2013-02-28,0.0
CR,2013-03-31,0.0
CR,2013-04-30,0.0
CR,2013-05-31,0.0
CR,2013-06-30,0.0
CR,2013-07-31,0.0
CR,2013-08-31,0.0
CR,2013-09-30,0.0
CR,2013-10-31,0.0
CR,2013-11-30,0.0
CR,2013-12-31,0.0
CR,2014-01-31,0.0
CR,2014-02-28,0.0
CR,2014-03-31,0.0
CR,2014-04-30,0.0
CR,2014-05-31,0.0
CR,2014-06-30,0.0
CR,2014-07-31,0.0
CR,2014-08-31,0.0
CR,2014-09-30,0.0
CR,2014-10-31,0.0
CR,2014-11-30,0.0
CR,2014-12-31,0.0
CR,2015-01-31,0.0
CR,2015-02-28,0.0
CR,2015-03-31,0.0
CR,2015-04-30,0.0
CR,2015-05-31,0.0
CR,2015-06-30,0.0
CR,2015-07-31,0.0
CR,2015-08-31,0.0
CR,2015-09-30,0.0
CR,2015-10-31,0.0
CR,2015-11-30,0.0
CR,2015-12-31,0.0
CR,2016-01-31,0.0
CR,2016-02-29,0.0
CR,2016-03-31,0.0
CR,2016-04-30,0.0
CR,2016-05-31,0.0
CR,2016-06-30,0.0
CR,2016-07-31,0.0
CR,2016-08-31,
CR,2016-09-30,
CR,2016-10-31,
CR,2016-11-30,
CR,2016-12-31,
CR,2017-01-31,
CR,2017-02-28,
CR,2017-03-31,
CR,2017-04-30,
CR,2017-05-31,
CR,2017-06-30,
CR,2017-07-31,
CR,2017-08-31,
CR,2017-09-30,
CR,2017-10-31,
CR,2017-11-30,
CR,2017-12-31,
CR,2018-01-31,
CR,2018-02-28,
CR,2018-03-31,
CR,2018-04-30,
CR,2018-05-31,
CR,2018-06-30,
CR,2018-07-31,
CR,2018-08-31,
CR,2018-09-30,
CR,2018-10-31,
CR,2018-11-30,
CR,2018-12-31,
CR,2019-01-31,
CR,2019-02-28,
CR,2019-03-31,
CR,2019-04-30,
CR,2019-05-31,
CR,2019-06-30,
CR,2019-07-31,
CR,2019-08-31,
CR,2019-09-30,
CR,2019-10-31,
CR,2019-11-30,
CR,2019-12-31,
CR,2020-01-31,
CR,2020-02-29,
CR,2020-03-31,
CR,2020-04-30,
CR,2020-05-31,
CR,2020-06-30,
CR,2020-07-31,
CR,2020-08-31,
CR,2020-09-30,
CR,2020-10-31,
CR,2020-11-30,
CR,2020-12-31,
CR,2021-01-31,
CR,2021-02-28,
CR,2021-03-31,
CR,2021-04-30,
CR,2021-05-31,
CR,2021-06-30,
CR,2021-07-31,
CR,2021-08-31,
CR,2021-09-30,
CR,2021-10-31,
CR,2021-11-30,
CR,2021-12-31,
CR,2022-01-31,
CR,2022-02-28,
CR,2022-03-31,
CR,2022-04-30,
CR,2022-05-31,
CR,2022-06-30,
CR,2022-07-31,
CR,2022-08-31,
CR,2022-09-30,
CR,2022-10-31,
CR,2022-11-30,
CR,2022-12-31,
CR,2023-01-31,
CR,2023-02-28,
CR,2023-03-31,
CR,2023-04-30,
CR,2023-05-31,
CR,2023-06-30,
CR,2023-07-31,
CR,2023-08-31,
CR,2023-09-30,
CR,2023-10-31,
CR,2023-11-30,
CR,2023-12-31,
CR,2024-01-31,
CR,2024-02-29,
CR,2024-03-31,
CR,2024-04-30,
CR,2024-05-31,
CR,2024-06-30,
CR,2024-07-31,
CR,2024-08-31,
CR,2024-09-30,
CR,2024-10-31,
CR,2024-11-30,
CR,2024-12-31,
CR,2025-01-31,
CU,2002-01-31,
CU,2002-02-28,
CU,2002-03-31,
CU,2002-04-30,
CU,2002-05-31,
CU,2002-06-30,
CU,2002-07-31,
CU,2002-08-31,
CU,2002-09-30,
CU,2002-10-31,
CU,2002-11-30,
CU,2002-12-31,
CU,2003-01-31,
CU,2003-02-28,
CU,2003-03-31,
CU,2003-04-30,
CU,2003-05-31,
CU,2003-06-30,
CU,2003-07-31,
CU,2003-08-31,
CU,2003-09-30,
CU,2003-10-31,
CU,2003-11-30,
CU,2003-12-31,
CU,2004-01-31,
CU,2004-02-29,
CU,2004-03-31,
CU,2004-04-30,
CU,2004-05-31,
CU,2004-06-30,
CU,2004-07-31,
CU,2004-08-31,
CU,2004-09-30,
CU,2004-10-31,
CU,2004-11-30,
CU,2004-12-31,
CU,2005-01-31,
CU,2005-02-28,
CU,2005-03-31,
CU,2005-04-30,
CU,2005-05-31,
CU,2005-06-30,
CU,2005-07-31,
CU,2005-08-31,
CU,2005-09-30,
CU,2005-10-31,
CU,2005-11-30,
CU,2005-12-31,
CU,2006-01-31,
CU,2006-02-28,
CU,2006-03-31,
CU,2006-04-30,
CU,2006-05-31,
CU,2006-06-30,
CU,2006-07-31,
CU,2006-08-31,
CU,2006-09-30,
CU,2006-10-31,
CU,2006-11-30,
CU,2006-12-31,
CU,2007-01-31,
CU,2007-02-28,
CU,2007-03-31,
CU,2007-04-30,
CU,2007-05-31,
CU,2007-06-30,
CU,2007-07-31,
CU,2007-08-31,
CU,2007-09-30,
CU,2007-10-31,
CU,2007-11-30,
CU,2007-12-31,
CU,2008-01-31,
CU,2008-02-29,
CU,2008-03-31,
CU,2008-04-30,
CU,2008-05-31,
CU,2008-06-30,
CU,2008-07-31,
CU,2008-08-31,
CU,2008-09-30,
CU,2008-10-31,
CU,2008-11-30,
CU,2008-12-31,
CU,2009-01-31,0.0
CU,2009-02-28,0.0
CU,2009-03-31,0.0
CU,2009-04-30,0.0
CU,2009-05-31,0.0
CU,2009-06-30,0.0
CU,2009-07-31,0.0
CU,2009-08-31,0.0
CU,2009-09-30,0.0
CU,2009-10-31,0.0
CU,2009-11-30,0.0
CU,2009-12-31,0.0
CU,2010-01-31,0.0
CU,2010-02-28,0.0
CU,2010-03-31,0.0
CU,2010-04-30,0.0
CU,2010-05-31,0.0
CU,2010-06-30,0.0
CU,2010-07-31,0.0
CU,2010-08-31,0.0
CU,2010-09-30,0.0
CU,2010-10-31,0.0
CU,2010-11-30,0.0
CU,2010-12-31,0.0
CU,2011-01-31,0.0
CU,2011-02-28,0.0
CU,2011-03-31,0.0
CU,2011-04-30,0.0
CU,2011-05-31,0.0
CU,2011-06-30,0.0
CU,2011-07-31,0.0
CU,2011-08-31,0.0
CU,2011-09-30,0.0
CU,2011-10-31,0.0
CU,2011-11-30,0.0
CU,2011-12-31,0.0
CU,2012-01-31,0.0
CU,2012-02-29,0.0
CU,2012-03-31,0.0
CU,2012-04-30,0.0
CU,2012-05-31,0.0
CU,2012-06-30,0.0
CU,2012-07-31,0.0
CU,2012-08-31,0.0
CU,2012-09-30,0.0
CU,2012-10-31,0.0
CU,2012-11-30,0.0
CU,2012-12-31,0.0
CU,2013-01-31,0.0
CU,2013-02-28,0.0
CU,2013-03-31,0.0
CU,2013-04-30,0.0
CU,2013-05-31,0.0
CU,2013-06-30,0.0
CU,2013-07-31,0.0
CU,2013-08-31,0.0
CU,2013-09-30,0.0
CU,2013-10-31,0.0
CU,2013-11-30,0.0
CU,2013-12-31,0.0
CU,2014-01-31,0.0
CU,2014-02-28,0.0
CU,2014-03-31,0.0
CU,2014-04-30,0.0
CU,2014-05-31,0.0
CU,2014-06-30,0.0
CU,2014-07-31,0.0
CU,2014-08-31,0.0
CU,2014-09-30,0.0
CU,2014-10-31,0.0
CU,2014-11-30,0.0
CU,2014-12-31,0.0
CU,2015-01-31,0.0
CU,2015-02-28,0.0
CU,2015-03-31,0.0
CU,2015-04-30,0.0
CU,2015-05-31,0.0
CU,2015-06-30,0.0
CU,2015-07-31,0.0
CU,2015-08-31,0.0
CU,2015-09-30,0.0
CU,2015-10-31,0.0
CU,2015-11-30,0.0
CU,2015-12-31,0.0
CU,2016-01-31,0.0
CU,2016-02-29,0.0
CU,2016-03-31,0.0
CU,2016-04-30,0.0
CU,2016-05-31,0.0
CU,2016-06-30,0.0
CU,2016-07-31,0.0
CU,2016-08-31,
CU,2016-09-30,
CU,2016-10-31,
CU,2016-11-30,
CU,2016-12-31,
CU,2017-01-31,
CU,2017-02-28,
CU,2017-03-31,
CU,2017-04-30,
CU,2017-05-31,
CU,2017-06-30,
CU,2017-07-31,
CU,2017-08-31,
CU,2017-09-30,
CU,2017-10-31,
CU,2017-11-30,
CU,2017-12-31,
CU,2018-01-31,
CU,2018-02-28,
CU,2018-03-31,
CU,2018-04-30,
CU,2018-05-31,
CU,2018-06-30,
CU,2018-07-31,
CU,2018-08-31,
CU,2018-09-30,
CU,2018-10-31,
CU,2018-11-30,
CU,2018-12-31,
CU,2019-01-31,
CU,2019-02-28,
CU,2019-03-31,
CU,2019-04-30,
CU,2019-05-31,
CU,2019-06-30,
CU,2019-07-31,
CU,2019-08-31,
CU,2019-09-30,
CU,2019-10-31,
CU,2019-11-30,
CU,2019-12-31,
CU,2020-01-31,
CU,2020-02-29,
CU,2020-03-31,
CU,2020-04-30,
CU,2020-05-31,
CU,2020-06-30,
CU,2020-07-31,
CU,2020-08-31,
CU,2020-09-30,
CU,2020-10-31,
CU,2020-11-30,
CU,2020-12-31,
CU,2021-01-31,
CU,2021-02-28,
CU,2021-03-31,
CU,2021-04-30,
CU,2021-05-31,
CU,2021-06-30,
CU,2021-07-31,
CU,2021-08-31,
CU,2021-09-30,
CU,2021-10-31,
CU,2021-11-30,
CU,2021-12-31,
CU,2022-01-31,
CU,2022-02-28,
CU,2022-03-31,
CU,2022-04-30,
CU,2022-05-31,
CU,2022-06-30,
CU,2022-07-31,
CU,2022-08-31,
CU,2022-09-30,
CU,2022-10-31,
CU,2022-11-30,
CU,2022-12-31,
CU,2023-01-31,
CU,2023-02-28,
CU,2023-03-31,
CU,2023-04-30,
CU,2023-05-31,
CU,2023-06-30,
CU,2023-07-31,
CU,2023-08-31,
CU,2023-09-30,
CU,2023-10-31,
CU,2023-11-30,
CU,2023-12-31,
CU,2024-01-31,
CU,2024-02-29,
CU,2024-03-31,
CU,2024-04-30,
CU,2024-05-31,
CU,2024-06-30,
CU,2024-07-31,
CU,2024-08-31,
CU,2024-09-30,
CU,2024-10-31,
CU,2024-11-30,
CU,2024-12-31,
CU,2025-01-31,
CY,2002-01-31,
CY,2002-02-28,
CY,2002-03-31,
CY,2002-04-30,
CY,2002-05-31,
CY,2002-06-30,
CY,2002-07-31,
CY,2002-08-31,
CY,2002-09-30,
CY,2002-10-31,
CY,2002-11-30,
CY,2002-12-31,
CY,2003-01-31,
CY,2003-02-28,
CY,2003-03-31,
CY,2003-04-30,
CY,2003-05-31,
CY,2003-06-30,
CY,2003-07-31,
CY,2003-08-31,
CY,2003-09-30,
CY,2003-10-31,
CY,2003-11-30,
CY,2003-12-31,
CY,2004-01-31,
CY,2004-02-29,
CY,2004-03-31,
CY,2004-04-30,
CY,2004-05-31,
CY,2004-06-30,
CY,2004-07-31,
CY,2004-08-31,
CY,2004-09-30,
CY,2004-10-31,
CY,2004-11-30,
CY,2004-12-31,
CY,2005-01-31,
CY,2005-02-28,
CY,2005-03-31,
CY,2005-04-30,
CY,2005-05-31,
CY,2005-06-30,
CY,2005-07-31,
CY,2005-08-31,
CY,2005-09-30,
CY,2005-10-31,
CY,2005-11-30,
CY,2005-12-31,
CY,2006-01-31,
CY,2006-02-28,
CY,2006-03-31,
CY,2006-04-30,
CY,2006-05-31,
CY,2006-06-30,
CY,2006-07-31,
CY,2006-08-31,
CY,2006-09-30,
CY,2006-10-31,
CY,2006-11-30,
CY,2006-12-31,
CY,2007-01-31,
CY,2007-02-28,
CY,2007-03-31,
CY,2007-04-30,
CY,2007-05-31,
CY,2007-06-30,
CY,2007-07-31,
CY,2007-08-31,
CY,2007-09-30,
CY,2007-10-31,
CY,2007-11-30,
CY,2007-12-31,
CY,2008-01-31,
CY,2008-02-29,
CY,2008-03-31,
CY,2008-04-30,
CY,2008-05-31,
CY,2008-06-30,
CY,2008-07-31,
CY,2008-08-31,
CY,2008-09-30,
CY,2008-10-31,
CY,2008-11-30,
CY,2008-12-31,
CY,2009-01-31,
CY,2009-02-28,
CY,2009-03-31,
CY,2009-04-30,
CY,2009-05-31,
CY,2009-06-30,
CY,2009-07-31,
CY,2009-08-31,
CY,2009-09-30,
CY,2009-10-31,
CY,2009-11-30,
CY,2009-12-31,
CY,2010-01-31,
CY,2010-02-28,
CY,2010-03-31,
CY,2010-04-30,
CY,2010-05-31,
CY,2010-06-30,
CY,2010-07-31,
CY,2010-08-31,
CY,2010-09-30,
CY,2010-10-31,
CY,2010-11-30,
CY,2010-12-31,
CY,2011-01-31,
CY,2011-02-28,
CY,2011-03-31,
CY,2011-04-30,
CY,2011-05-31,
CY,2011-06-30,
CY,2011-07-31,
CY,2011-08-31,
CY,2011-09-30,
CY,2011-10-31,
CY,2011-11-30,
CY,2011-12-31,
CY,2012-01-31,
CY,2012-02-29,
CY,2012-03-31,
CY,2012-04-30,
CY,2012-05-31,
CY,2012-06-30,
CY,2012-07-31,
CY,2012-08-31,
CY,2012-09-30,
CY,2012-10-31,
CY,2012-11-30,
CY,2012-12-31,
CY,2013-01-31,
CY,2013-02-28,
CY,2013-03-31,
CY,2013-04-30,
CY,2013-05-31,
CY,2013-06-30,
CY,2013-07-31,
CY,2013-08-31,
CY,2013-09-30,
CY,2013-10-31,
CY,2013-11-30,
CY,2013-12-31,
CY,2014-01-31,
CY,2014-02-28,
CY,2014-03-31,
CY,2014-04-30,
CY,2014-05-31,
CY,2014-06-30,
CY,2014-07-31,
CY,2014-08-31,
CY,2014-09-30,
CY,2014-10-31,
CY,2014-11-30,
CY,2014-12-31,
CY,2015-01-31,
CY,2015-02-28,
CY,2015-03-31,
CY,2015-04-30,
CY,2015-05-31,
CY,2015-06-30,
CY,2015-07-31,
CY,2015-08-31,
CY,2015-09-30,
CY,2015-10-31,
CY,2015-11-30,
CY,2015-12-31,
CY,2016-01-31,
CY,2016-02-29,
CY,2016-03-31,
CY,2016-04-30,
CY,2016-05-31,
CY,2016-06-30,
CY,2016-07-31,
CY,2016-08-31,
CY,2016-09-30,
CY,2016-10-31,
CY,2016-11-30,
CY,2016-12-31,
CY,2017-01-31,
CY,2017-02-28,
CY,2017-03-31,
CY,2017-04-30,
CY,2017-05-31,
CY,2017-06-30,
CY,2017-07-31,
CY,2017-08-31,
CY,2017-09-30,
CY,2017-10-31,
CY,2017-11-30,
CY,2017-12-31,
CY,2018-01-31,
CY,2018-02-28,
CY,2018-03-31,
CY,2018-04-30,
CY,2018-05-31,
CY,2018-06-30,
CY,2018-07-31,
CY,2018-08-31,
CY,2018-09-30,
CY,2018-10-31,
CY,2018-11-30,
CY,2018-12-31,
CY,2019-01-31,
CY,2019-02-28,
CY,2019-03-31,
CY,2019-04-30,
CY,2019-05-31,
CY,2019-06-30,
CY,2019-07-31,
CY,2019-08-31,
CY,2019-09-30,
CY,2019-10-31,
CY,2019-11-30,
CY,2019-12-31,
CY,2020-01-31,
CY,2020-02-29,
CY,2020-03-31,
CY,2020-04-30,
CY,2020-05-31,
CY,2020-06-30,
CY,2020-07-31,
CY,2020-08-31,
CY,2020-09-30,
CY,2020-10-31,
CY,2020-11-30,
CY,2020-12-31,
CY,2021-01-31,
CY,2021-02-28,
CY,2021-03-31,
CY,2021-04-30,
CY,2021-05-31,
CY,2021-06-30,
CY,2021-07-31,
CY,2021-08-31,
CY,2021-09-30,
CY,2021-10-31,
CY,2021-11-30,
CY,2021-12-31,
CY,2022-01-31,
CY,2022-02-28,
CY,2022-03-31,
CY,2022-04-30,
CY,2022-05-31,
CY,2022-06-30,
CY,2022-07-31,
CY,2022-08-31,
CY,2022-09-30,
CY,2022-10-31,
CY,2022-11-30,
CY,2022-12-31,
CY,2023-01-31,
CY,2023-02-28,
CY,2023-03-31,
CY,2023-04-30,
CY,2023-05-31,
CY,2023-06-30,
CY,2023-07-31,
CY,2023-08-31,
CY,2023-09-30,
CY,2023-10-31,
CY,2023-11-30,
CY,2023-12-31,
CY,2024-01-31,
CY,2024-02-29,
CY,2024-03-31,
CY,2024-04-30,
CY,2024-05-31,
CY,2024-06-30,
CY,2024-07-31,
CY,2024-08-31,
CY,2024-09-30,
CY,2024-10-31,
CY,2024-11-30,
CY,2024-12-31,
CY,2025-01-31,
CY,2025-02-28,
CY,2025-03-31,
DO,2002-01-31,
DO,2002-02-28,
DO,2002-03-31,
DO,2002-04-30,
DO,2002-05-31,
DO,2002-06-30,
DO,2002-07-31,
DO,2002-08-31,
DO,2002-09-30,
DO,2002-10-31,
DO,2002-11-30,
DO,2002-12-31,
DO,2003-01-31,
DO,2003-02-28,
DO,2003-03-31,
DO,2003-04-30,
DO,2003-05-31,
DO,2003-06-30,
DO,2003-07-31,
DO,2003-08-31,
DO,2003-09-30,
DO,2003-10-31,
DO,2003-11-30,
DO,2003-12-31,
DO,2004-01-31,
DO,2004-02-29,
DO,2004-03-31,
DO,2004-04-30,
DO,2004-05-31,
DO,2004-06-30,
DO,2004-07-31,
DO,2004-08-31,
DO,2004-09-30,
DO,2004-10-31,
DO,2004-11-30,
DO,2004-12-31,
DO,2005-01-31,
DO,2005-02-28,
DO,2005-03-31,
DO,2005-04-30,
DO,2005-05-31,
DO,2005-06-30,
DO,2005-07-31,
DO,2005-08-31,
DO,2005-09-30,
DO,2005-10-31,
DO,2005-11-30,
DO,2005-12-31,
DO,2006-01-31,
DO,2006-02-28,
DO,2006-03-31,
DO,2006-04-30,
DO,2006-05-31,
DO,2006-06-30,
DO,2006-07-31,
DO,2006-08-31,
DO,2006-09-30,
DO,2006-10-31,
DO,2006-11-30,
DO,2006-12-31,
DO,2007-01-31,
DO,2007-02-28,
DO,2007-03-31,
DO,2007-04-30,
DO,2007-05-31,
DO,2007-06-30,
DO,2007-07-31,
DO,2007-08-31,
DO,2007-09-30,
DO,2007-10-31,
DO,2007-11-30,
DO,2007-12-31,
DO,2008-01-31,
DO,2008-02-29,
DO,2008-03-31,
DO,2008-04-30,
DO,2008-05-31,
DO,2008-06-30,
DO,2008-07-31,
DO,2008-08-31,
DO,2008-09-30,
DO,2008-10-31,
DO,2008-11-30,
DO,2008-12-31,
DO,2009-01-31,0.0
DO,2009-02-28,0.0
DO,2009-03-31,0.0
DO,2009-04-30,0.0
DO,2009-05-31,0.0
DO,2009-06-30,0.0
DO,2009-07-31,0.0
DO,2009-08-31,0.0
DO,2009-09-30,0.0
DO,2009-10-31,0.0
DO,2009-11-30,0.0
DO,2009-12-31,0.0
DO,2010-01-31,0.0
DO,2010-02-28,0.0
DO,2010-03-31,0.0
DO,2010-04-30,0.0
DO,2010-05-31,0.0
DO,2010-06-30,0.0
DO,2010-07-31,0.0
DO,2010-08-31,0.0
DO,2010-09-30,0.0
DO,2010-10-31,0.0
DO,2010-11-30,0.0
DO,2010-12-31,0.0
DO,2011-01-31,0.0
DO,2011-02-28,0.0
DO,2011-03-31,0.0
DO,2011-04-30,0.0
DO,2011-05-31,0.0
DO,2011-06-30,0.0
DO,2011-07-31,0.0
DO,2011-08-31,0.0
DO,2011-09-30,0.0
DO,2011-10-31,0.0
DO,2011-11-30,0.0
DO,2011-12-31,0.0
DO,2012-01-31,0.0
DO,2012-02-29,0.0
DO,2012-03-31,0.0
DO,2012-04-30,0.0
DO,2012-05-31,0.0
DO,2012-06-30,0.0
DO,2012-07-31,0.0
DO,2012-08-31,0.0
DO,2012-09-30,0.0
DO,2012-10-31,0.0
DO,2012-11-30,0.0
DO,2012-12-31,0.0
DO,2013-01-31,0.0
DO,2013-02-28,0.0
DO,2013-03-31,0.0
DO,2013-04-30,0.0
DO,2013-05-31,0.0
DO,2013-06-30,0.0
DO,2013-07-31,0.0
DO,2013-08-31,0.0
DO,2013-09-30,0.0
DO,2013-10-31,0.0
DO,2013-11-30,0.0
DO,2013-12-31,0.0
DO,2014-01-31,0.0
DO,2014-02-28,0.0
DO,2014-03-31,0.0
DO,2014-04-30,0.0
DO,2014-05-31,0.0
DO,2014-06-30,0.0
DO,2014-07-31,0.0
DO,2014-08-31,0.0
DO,2014-09-30,0.0
DO,2014-10-31,0.0
DO,2014-11-30,0.0
DO,2014-12-31,0.0
DO,2015-01-31,0.0
DO,2015-02-28,0.0
DO,2015-03-31,0.0
DO,2015-04-30,0.0
DO,2015-05-31,0.0
DO,2015-06-30,0.0
DO,2015-07-31,0.0
DO,2015-08-31,0.0
DO,2015-09-30,0.0
DO,2015-10-31,0.0
DO,2015-11-30,0.0
DO,2015-12-31,0.0
DO,2016-01-31,0.0
DO,2016-02-29,0.0
DO,2016-03-31,0.0
DO,2016-04-30,0.0
DO,2016-05-31,0.0
DO,2016-06-30,0.0
DO,2016-07-31,0.0
DO,2016-08-31,0.0
DO,2016-09-30,0.0
DO,2016-10-31,
DO,2016-11-30,
DO,2016-12-31,
DO,2017-01-31,
DO,2017-02-28,
DO,2017-03-31,
DO,2017-04-30,
DO,2017-05-31,
DO,2017-06-30,
DO,2017-07-31,
DO,2017-08-31,
DO,2017-09-30,
DO,2017-10-31,
DO,2017-11-30,
DO,2017-12-31,
DO,2018-01-31,
DO,2018-02-28,
DO,2018-03-31,
DO,2018-04-30,
DO,2018-05-31,
DO,2018-06-30,
DO,2018-07-31,
DO,2018-08-31,
DO,2018-09-30,
DO,2018-10-31,
DO,2018-11-30,
DO,2018-12-31,
DO,2019-01-31,
DO,2019-02-28,
DO,2019-03-31,
DO,2019-04-30,
DO,2019-05-31,
DO,2019-06-30,
DO,2019-07-31,
DO,2019-08-31,
DO,2019-09-30,
DO,2019-10-31,
DO,2019-11-30,
DO,2019-12-31,
DO,2020-01-31,
DO,2020-02-29,
DO,2020-03-31,
DO,2020-04-30,
DO,2020-05-31,
DO,2020-06-30,
DO,2020-07-31,
DO,2020-08-31,
DO,2020-09-30,
DO,2020-10-31,
DO,2020-11-30,
DO,2020-12-31,
DO,2021-01-31,
DO,2021-02-28,
DO,2021-03-31,
DO,2021-04-30,
DO,2021-05-31,
DO,2021-06-30,
DO,2021-07-31,
DO,2021-08-31,
DO,2021-09-30,
DO,2021-10-31,
DO,2021-11-30,
DO,2021-12-31,
DO,2022-01-31,
DO,2022-02-28,
DO,2022-03-31,
DO,2022-04-30,
DO,2022-05-31,
DO,2022-06-30,
DO,2022-07-31,
DO,2022-08-31,
DO,2022-09-30,
DO,2022-10-31,
DO,2022-11-30,
DO,2022-12-31,
DO,2023-01-31,
DO,2023-02-28,
DO,2023-03-31,
DO,2023-04-30,
DO,2023-05-31,
DO,2023-06-30,
DO,2023-07-31,
DO,2023-08-31,
DO,2023-09-30,
DO,2023-10-31,
DO,2023-11-30,
DO,2023-12-31,
DO,2024-01-31,
DO,2024-02-29,
DO,2024-03-31,
DO,2024-04-30,
DO,2024-05-31,
DO,2024-06-30,
DO,2024-07-31,
DO,2024-08-31,
DO,2024-09-30,
DO,2024-10-31,
DO,2024-11-30,
DO,2024-12-31,
DO,2025-01-31,
DZ,2002-01-31,
DZ,2002-02-28,
DZ,2002-03-31,
DZ,2002-04-30,
DZ,2002-05-31,
DZ,2002-06-30,
DZ,2002-07-31,
DZ,2002-08-31,
DZ,2002-09-30,
DZ,2002-10-31,
DZ,2002-11-30,
DZ,2002-12-31,
DZ,2003-01-31,
DZ,2003-02-28,
DZ,2003-03-31,
DZ,2003-04-30,
DZ,2003-05-31,
DZ,2003-06-30,
DZ,2003-07-31,
DZ,2003-08-31,
DZ,2003-09-30,
DZ,2003-10-31,
DZ,2003-11-30,
DZ,2003-12-31,
DZ,2004-01-31,
DZ,2004-02-29,
DZ,2004-03-31,
DZ,2004-04-30,
DZ,2004-05-31,
DZ,2004-06-30,
DZ,2004-07-31,
DZ,2004-08-31,
DZ,2004-09-30,
DZ,2004-10-31,
DZ,2004-11-30,
DZ,2004-12-31,
DZ,2005-01-31,
DZ,2005-02-28,
DZ,2005-03-31,
DZ,2005-04-30,
DZ,2005-05-31,
DZ,2005-06-30,
DZ,2005-07-31,
DZ,2005-08-31,
DZ,2005-09-30,
DZ,2005-10-31,
DZ,2005-11-30,
DZ,2005-12-31,
DZ,2006-01-31,
DZ,2006-02-28,
DZ,2006-03-31,
DZ,2006-04-30,
DZ,2006-05-31,
DZ,2006-06-30,
DZ,2006-07-31,
DZ,2006-08-31,
DZ,2006-09-30,
DZ,2006-10-31,
DZ,2006-11-30,
DZ,2006-12-31,
DZ,2007-01-31,
DZ,2007-02-28,
DZ,2007-03-31,
DZ,2007-04-30,
DZ,2007-05-31,
DZ,2007-06-30,
DZ,2007-07-31,
DZ,2007-08-31,
DZ,2007-09-30,
DZ,2007-10-31,
DZ,2007-11-30,
DZ,2007-12-31,
DZ,2008-01-31,
DZ,2008-02-29,
DZ,2008-03-31,
DZ,2008-04-30,
DZ,2008-05-31,
DZ,2008-06-30,
DZ,2008-07-31,
DZ,2008-08-31,
DZ,2008-09-30,
DZ,2008-10-31,
DZ,2008-11-30,
DZ,2008-12-31,
DZ,2009-01-31,0.0
DZ,2009-02-28,0.0
DZ,2009-03-31,0.0
DZ,2009-04-30,0.0
DZ,2009-05-31,0.0
DZ,2009-06-30,0.0
DZ,2009-07-31,0.0
DZ,2009-08-31,0.0
DZ,2009-09-30,0.0
DZ,2009-10-31,0.0
DZ,2009-11-30,0.0
DZ,2009-12-31,0.0
DZ,2010-01-31,0.0
DZ,2010-02-28,0.0
DZ,2010-03-31,0.0
DZ,2010-04-30,0.0
DZ,2010-05-31,0.0
DZ,2010-06-30,0.0
DZ,2010-07-31,0.0
DZ,2010-08-31,0.0
DZ,2010-09-30,0.0
DZ,2010-10-31,0.0
DZ,2010-11-30,0.0
DZ,2010-12-31,0.0
DZ,2011-01-31,0.0
DZ,2011-02-28,0.0
DZ,2011-03-31,0.0
DZ,2011-04-30,0.0
DZ,2011-05-31,0.0
DZ,2011-06-30,0.0
DZ,2011-07-31,0.0
DZ,2011-08-31,0.0
DZ,2011-09-30,0.0
DZ,2011-10-31,0.0
DZ,2011-11-30,0.0
DZ,2011-12-31,0.0
DZ,2012-01-31,0.0
DZ,2012-02-29,0.0
DZ,2012-03-31,0.0
DZ,2012-04-30,0.0
DZ,2012-05-31,0.0
DZ,2012-06-30,0.0
DZ,2012-07-31,0.0
DZ,2012-08-31,0.0
DZ,2012-09-30,
DZ,2012-10-31,0.0
DZ,2012-11-30,0.0
DZ,2012-12-31,0.0
DZ,2013-01-31,0.0
DZ,2013-02-28,28.0
DZ,2013-03-31,0.0
DZ,2013-04-30,0.0
DZ,2013-05-31,0.0
DZ,2013-06-30,0.0
DZ,2013-07-31,0.0
DZ,2013-08-31,0.0
DZ,2013-09-30,0.0
DZ,2013-10-31,0.0
DZ,2013-11-30,0.0
DZ,2013-12-31,372.0
DZ,2014-01-31,372.0
DZ,2014-02-28,420.0
DZ,2014-03-31,310.0
DZ,2014-04-30,390.0
DZ,2014-05-31,341.0
DZ,2014-06-30,420.0
DZ,2014-07-31,372.0
DZ,2014-08-31,372.0
DZ,2014-09-30,240.0
DZ,2014-10-31,558.0
DZ,2014-11-30,360.0
DZ,2014-12-31,248.0
DZ,2015-01-31,279.0
DZ,2015-02-28,336.0
DZ,2015-03-31,403.0
DZ,2015-04-30,450.0
DZ,2015-05-31,341.0
DZ,2015-06-30,360.0
DZ,2015-07-31,527.0
DZ,2015-08-31,
DZ,2015-09-30,480.0
DZ,2015-10-31,403.0
DZ,2015-11-30,450.0
DZ,2015-12-31,434.0
DZ,2016-01-31,403.0
DZ,2016-02-29,464.0
DZ,2016-03-31,496.0
DZ,2016-04-30,450.0
DZ,2016-05-31,496.0
DZ,2016-06-30,450.0
DZ,2016-07-31,310.0
DZ,2016-08-31,403.0
DZ,2016-09-30,300.0
DZ,2016-10-31,341.0
DZ,2016-11-30,450.0
DZ,2016-12-31,558.0
DZ,2017-01-31,527.0
DZ,2017-02-28,448.0
DZ,2017-03-31,496.0
DZ,2017-04-30,330.0
DZ,2017-05-31,341.0
DZ,2017-06-30,450.0
DZ,2017-07-31,372.0
DZ,2017-08-31,310.0
DZ,2017-09-30,450.0
DZ,2017-10-31,403.0
DZ,2017-11-30,390.0
DZ,2017-12-31,465.0
DZ,2018-01-31,496.0
DZ,2018-02-28,420.0
DZ,2018-03-31,496.0
DZ,2018-04-30,480.0
DZ,2018-05-31,465.0
DZ,2018-06-30,210.0
DZ,2018-07-31,186.0
DZ,2018-08-31,279.0
DZ,2018-09-30,270.0
DZ,2018-10-31,341.0
DZ,2018-11-30,270.0
DZ,2018-12-31,310.0
DZ,2019-01-31,341.0
DZ,2019-02-28,252.0
DZ,2019-03-31,372.0
DZ,2019-04-30,
DZ,2019-05-31,372.0
DZ,2019-06-30,390.0
DZ,2019-07-31,
DZ,2019-08-31,
DZ,2019-09-30,510.0
DZ,2019-10-31,465.0
DZ,2019-11-30,480.0
DZ,2019-12-31,558.0
DZ,2020-01-31,527.0
DZ,2020-02-29,580.0
DZ,2020-03-31,589.0
DZ,2020-04-30,450.0
DZ,2020-05-31,558.0
DZ,2020-06-30,600.0
DZ,2020-07-31,496.0
DZ,2020-08-31,527.0
DZ,2020-09-30,510.0
DZ,2020-10-31,496.0
DZ,2020-11-30,570.0
DZ,2020-12-31,651.0
DZ,2021-01-31,558.0
DZ,2021-02-28,392.0
DZ,2021-03-31,434.0
DZ,2021-04-30,450.0
DZ,2021-05-31,496.0
DZ,2021-06-30,450.0
DZ,2021-07-31,434.0
DZ,2021-08-31,527.0
DZ,2021-09-30,450.0
DZ,2021-10-31,434.0
DZ,2021-11-30,540.0
DZ,2021-12-31,527.0
DZ,2022-01-31,372.0
DZ,2022-02-28,560.0
DZ,2022-03-31,527.0
DZ,2022-04-30,450.0
DZ,2022-05-31,496.0
DZ,2022-06-30,600.0
DZ,2022-07-31,651.0
DZ,2022-08-31,589.0
DZ,2022-09-30,600.0
DZ,2022-10-31,558.0
DZ,2022-11-30,570.0
DZ,2022-12-31,496.0
DZ,2023-01-31,527.0
DZ,2023-02-28,504.0
DZ,2023-03-31,558.0
DZ,2023-04-30,540.0
DZ,2023-05-31,558.0
DZ,2023-06-30,570.0
DZ,2023-07-31,589.0
DZ,2023-08-31,620.0
DZ,2023-09-30,570.0
DZ,2023-10-31,496.0
DZ,2023-11-30,510.0
DZ,2023-12-31,434.0
DZ,2024-01-31,620.0
DZ,2024-02-29,522.0
DZ,2024-03-31,
DZ,2024-04-30,450.0
DZ,2024-05-31,434.0
DZ,2024-06-30,600.0
DZ,2024-07-31,527.0
DZ,2024-08-31,682.0
DZ,2024-09-30,570.0
DZ,2024-10-31,589.0
DZ,2024-11-30,540.0
DZ,2024-12-31,496.0
DZ,2025-01-31,527.0
DZ,2025-02-28,448.0
DZ,2025-03-31,589.0
EC,2002-01-31,
EC,2002-02-28,
EC,2002-03-31,
EC,2002-04-30,
EC,2002-05-31,
EC,2002-06-30,
EC,2002-07-31,
EC,2002-08-31,
EC,2002-09-30,
EC,2002-10-31,
EC,2002-11-30,
EC,2002-12-31,
EC,2003-01-31,
EC,2003-02-28,
EC,2003-03-31,
EC,2003-04-30,
EC,2003-05-31,
EC,2003-06-30,
EC,2003-07-31,
EC,2003-08-31,
EC,2003-09-30,
EC,2003-10-31,
EC,2003-11-30,
EC,2003-12-31,
EC,2004-01-31,
EC,2004-02-29,
EC,2004-03-31,
EC,2004-04-30,
EC,2004-05-31,
EC,2004-06-30,
EC,2004-07-31,
EC,2004-08-31,
EC,2004-09-30,
EC,2004-10-31,
EC,2004-11-30,
EC,2004-12-31,
EC,2005-01-31,
EC,2005-02-28,
EC,2005-03-31,
EC,2005-04-30,
EC,2005-05-31,
EC,2005-06-30,
EC,2005-07-31,
EC,2005-08-31,
EC,2005-09-30,
EC,2005-10-31,
EC,2005-11-30,
EC,2005-12-31,
EC,2006-01-31,
EC,2006-02-28,
EC,2006-03-31,
EC,2006-04-30,
EC,2006-05-31,
EC,2006-06-30,
EC,2006-07-31,
EC,2006-08-31,
EC,2006-09-30,
EC,2006-10-31,
EC,2006-11-30,
EC,2006-12-31,
EC,2007-01-31,
EC,2007-02-28,
EC,2007-03-31,
EC,2007-04-30,
EC,2007-05-31,
EC,2007-06-30,
EC,2007-07-31,
EC,2007-08-31,
EC,2007-09-30,
EC,2007-10-31,
EC,2007-11-30,
EC,2007-12-31,
EC,2008-01-31,
EC,2008-02-29,
EC,2008-03-31,
EC,2008-04-30,
EC,2008-05-31,
EC,2008-06-30,
EC,2008-07-31,
EC,2008-08-31,
EC,2008-09-30,
EC,2008-10-31,
EC,2008-11-30,
EC,2008-12-31,
EC,2009-01-31,0.0
EC,2009-02-28,0.0
EC,2009-03-31,0.0
EC,2009-04-30,0.0
EC,2009-05-31,0.0
EC,2009-06-30,0.0
EC,2009-07-31,0.0
EC,2009-08-31,0.0
EC,2009-09-30,0.0
EC,2009-10-31,0.0
EC,2009-11-30,0.0
EC,2009-12-31,0.0
EC,2010-01-31,0.0
EC,2010-02-28,0.0
EC,2010-03-31,0.0
EC,2010-04-30,0.0
EC,2010-05-31,0.0
EC,2010-06-30,0.0
EC,2010-07-31,217.0
EC,2010-08-31,310.0
EC,2010-09-30,300.0
EC,2010-10-31,310.0
EC,2010-11-30,300.0
EC,2010-12-31,310.0
EC,2011-01-31,341.0
EC,2011-02-28,336.0
EC,2011-03-31,310.0
EC,2011-04-30,300.0
EC,2011-05-31,310.0
EC,2011-06-30,300.0
EC,2011-07-31,310.0
EC,2011-08-31,310.0
EC,2011-09-30,330.0
EC,2011-10-31,310.0
EC,2011-11-30,300.0
EC,2011-12-31,310.0
EC,2012-01-31,310.0
EC,2012-02-29,290.0
EC,2012-03-31,310.0
EC,2012-04-30,300.0
EC,2012-05-31,310.0
EC,2012-06-30,300.0
EC,2012-07-31,310.0
EC,2012-08-31,310.0
EC,2012-09-30,300.0
EC,2012-10-31,279.0
EC,2012-11-30,300.0
EC,2012-12-31,310.0
EC,2013-01-31,310.0
EC,2013-02-28,308.0
EC,2013-03-31,310.0
EC,2013-04-30,300.0
EC,2013-05-31,310.0
EC,2013-06-30,300.0
EC,2013-07-31,341.0
EC,2013-08-31,341.0
EC,2013-09-30,330.0
EC,2013-10-31,341.0
EC,2013-11-30,330.0
EC,2013-12-31,341.0
EC,2014-01-31,341.0
EC,2014-02-28,308.0
EC,2014-03-31,341.0
EC,2014-04-30,330.0
EC,2014-05-31,341.0
EC,2014-06-30,330.0
EC,2014-07-31,341.0
EC,2014-08-31,341.0
EC,2014-09-30,360.0
EC,2014-10-31,341.0
EC,2014-11-30,390.0
EC,2014-12-31,341.0
EC,2015-01-31,372.0
EC,2015-02-28,336.0
EC,2015-03-31,341.0
EC,2015-04-30,330.0
EC,2015-05-31,341.0
EC,2015-06-30,330.0
EC,2015-07-31,341.0
EC,2015-08-31,341.0
EC,2015-09-30,330.0
EC,2015-10-31,341.0
EC,2015-11-30,330.0
EC,2015-12-31,341.0
EC,2016-01-31,372.0
EC,2016-02-29,377.0
EC,2016-03-31,372.0
EC,2016-04-30,390.0
EC,2016-05-31,372.0
EC,2016-06-30,390.0
EC,2016-07-31,372.0
EC,2016-08-31,372.0
EC,2016-09-30,360.0
EC,2016-10-31,372.0
EC,2016-11-30,360.0
EC,2016-12-31,372.0
EC,2017-01-31,372.0
EC,2017-02-28,280.0
EC,2017-03-31,372.0
EC,2017-04-30,360.0
EC,2017-05-31,372.0
EC,2017-06-30,420.0
EC,2017-07-31,403.0
EC,2017-08-31,372.0
EC,2017-09-30,360.0
EC,2017-10-31,403.0
EC,2017-11-30,390.0
EC,2017-12-31,403.0
EC,2018-01-31,403.0
EC,2018-02-28,364.0
EC,2018-03-31,372.0
EC,2018-04-30,330.0
EC,2018-05-31,341.0
EC,2018-06-30,390.0
EC,2018-07-31,403.0
EC,2018-08-31,403.0
EC,2018-09-30,390.0
EC,2018-10-31,403.0
EC,2018-11-30,360.0
EC,2018-12-31,403.0
EC,2019-01-31,403.0
EC,2019-02-28,364.0
EC,2019-03-31,434.0
EC,2019-04-30,390.0
EC,2019-05-31,434.0
EC,2019-06-30,390.0
EC,2019-07-31,403.0
EC,2019-08-31,403.0
EC,2019-09-30,390.0
EC,2019-10-31,341.0
EC,2019-11-30,420.0
EC,2019-12-31,403.0
EC,2020-01-31,
EC,2020-02-29,
EC,2020-03-31,
EC,2020-04-30,
EC,2020-05-31,
EC,2020-06-30,
EC,2020-07-31,
EC,2020-08-31,
EC,2020-09-30,
EC,2020-10-31,
EC,2020-11-30,
EC,2020-12-31,
EC,2021-01-31,
EC,2021-02-28,
EC,2021-03-31,
EC,2021-04-30,
EC,2021-05-31,
EC,2021-06-30,
EC,2021-07-31,
EC,2021-08-31,
EC,2021-09-30,
EC,2021-10-31,
EC,2021-11-30,
EC,2021-12-31,
EC,2022-01-31,
EC,2022-02-28,
EC,2022-03-31,
EC,2022-04-30,
EC,2022-05-31,
EC,2022-06-30,
EC,2022-07-31,
EC,2022-08-31,
EC,2022-09-30,
EC,2022-10-31,
EC,2022-11-30,
EC,2022-12-31,
EC,2023-01-31,
EC,2023-02-28,
EC,2023-03-31,
EC,2023-04-30,
EC,2023-05-31,
EC,2023-06-30,
EC,2023-07-31,
EC,2023-08-31,
EC,2023-09-30,
EC,2023-10-31,
EC,2023-11-30,
EC,2023-12-31,
EC,2024-01-31,
EC,2024-02-29,
EC,2024-03-31,
EC,2024-04-30,
EC,2024-05-31,
EC,2024-06-30,
EC,2024-07-31,
EC,2024-08-31,
EC,2024-09-30,
EC,2024-10-31,
EC,2024-11-30,
EC,2024-12-31,
EC,2025-01-31,
EC,2025-02-28,
EC,2025-03-31,
EE,2002-01-31,
EE,2002-02-28,
EE,2002-03-31,
EE,2002-04-30,
EE,2002-05-31,
EE,2002-06-30,
EE,2002-07-31,
EE,2002-08-31,
EE,2002-09-30,
EE,2002-10-31,
EE,2002-11-30,
EE,2002-12-31,
EE,2003-01-31,
EE,2003-02-28,
EE,2003-03-31,
EE,2003-04-30,
EE,2003-05-31,
EE,2003-06-30,
EE,2003-07-31,
EE,2003-08-31,
EE,2003-09-30,
EE,2003-10-31,
EE,2003-11-30,
EE,2003-12-31,
EE,2004-01-31,
EE,2004-02-29,
EE,2004-03-31,
EE,2004-04-30,
EE,2004-05-31,
EE,2004-06-30,
EE,2004-07-31,
EE,2004-08-31,
EE,2004-09-30,
EE,2004-10-31,
EE,2004-11-30,
EE,2004-12-31,
EE,2005-01-31,
EE,2005-02-28,
EE,2005-03-31,
EE,2005-04-30,
EE,2005-05-31,
EE,2005-06-30,
EE,2005-07-31,
EE,2005-08-31,
EE,2005-09-30,
EE,2005-10-31,
EE,2005-11-30,
EE,2005-12-31,
EE,2006-01-31,
EE,2006-02-28,
EE,2006-03-31,
EE,2006-04-30,
EE,2006-05-31,
EE,2006-06-30,
EE,2006-07-31,
EE,2006-08-31,
EE,2006-09-30,
EE,2006-10-31,
EE,2006-11-30,
EE,2006-12-31,
EE,2007-01-31,
EE,2007-02-28,
EE,2007-03-31,
EE,2007-04-30,
EE,2007-05-31,
EE,2007-06-30,
EE,2007-07-31,
EE,2007-08-31,
EE,2007-09-30,
EE,2007-10-31,
EE,2007-11-30,
EE,2007-12-31,
EE,2008-01-31,
EE,2008-02-29,
EE,2008-03-31,
EE,2008-04-30,
EE,2008-05-31,
EE,2008-06-30,
EE,2008-07-31,
EE,2008-08-31,
EE,2008-09-30,
EE,2008-10-31,
EE,2008-11-30,
EE,2008-12-31,
EE,2009-01-31,
EE,2009-02-28,
EE,2009-03-31,
EE,2009-04-30,
EE,2009-05-31,
EE,2009-06-30,
EE,2009-07-31,
EE,2009-08-31,
EE,2009-09-30,
EE,2009-10-31,
EE,2009-11-30,
EE,2009-12-31,
EE,2010-01-31,
EE,2010-02-28,
EE,2010-03-31,
EE,2010-04-30,
EE,2010-05-31,
EE,2010-06-30,
EE,2010-07-31,
EE,2010-08-31,
EE,2010-09-30,
EE,2010-10-31,
EE,2010-11-30,
EE,2010-12-31,
EE,2011-01-31,
EE,2011-02-28,
EE,2011-03-31,
EE,2011-04-30,
EE,2011-05-31,
EE,2011-06-30,
EE,2011-07-31,
EE,2011-08-31,
EE,2011-09-30,
EE,2011-10-31,
EE,2011-11-30,
EE,2011-12-31,
EE,2012-01-31,
EE,2012-02-29,
EE,2012-03-31,
EE,2012-04-30,
EE,2012-05-31,
EE,2012-06-30,
EE,2012-07-31,
EE,2012-08-31,
EE,2012-09-30,
EE,2012-10-31,
EE,2012-11-30,
EE,2012-12-31,
EE,2013-01-31,
EE,2013-02-28,
EE,2013-03-31,
EE,2013-04-30,
EE,2013-05-31,
EE,2013-06-30,
EE,2013-07-31,
EE,2013-08-31,
EE,2013-09-30,
EE,2013-10-31,
EE,2013-11-30,
EE,2013-12-31,
EE,2014-01-31,
EE,2014-02-28,
EE,2014-03-31,
EE,2014-04-30,
EE,2014-05-31,
EE,2014-06-30,
EE,2014-07-31,
EE,2014-08-31,
EE,2014-09-30,
EE,2014-10-31,
EE,2014-11-30,
EE,2014-12-31,
EE,2015-01-31,
EE,2015-02-28,
EE,2015-03-31,
EE,2015-04-30,
EE,2015-05-31,
EE,2015-06-30,
EE,2015-07-31,
EE,2015-08-31,
EE,2015-09-30,
EE,2015-10-31,
EE,2015-11-30,
EE,2015-12-31,
EE,2016-01-31,
EE,2016-02-29,
EE,2016-03-31,
EE,2016-04-30,
EE,2016-05-31,
EE,2016-06-30,
EE,2016-07-31,
EE,2016-08-31,
EE,2016-09-30,
EE,2016-10-31,
EE,2016-11-30,
EE,2016-12-31,
EE,2017-01-31,
EE,2017-02-28,
EE,2017-03-31,
EE,2017-04-30,
EE,2017-05-31,
EE,2017-06-30,
EE,2017-07-31,
EE,2017-08-31,
EE,2017-09-30,
EE,2017-10-31,
EE,2017-11-30,
EE,2017-12-31,
EE,2018-01-31,
EE,2018-02-28,
EE,2018-03-31,
EE,2018-04-30,
EE,2018-05-31,
EE,2018-06-30,
EE,2018-07-31,
EE,2018-08-31,
EE,2018-09-30,
EE,2018-10-31,
EE,2018-11-30,
EE,2018-12-31,
EE,2019-01-31,
EE,2019-02-28,
EE,2019-03-31,
EE,2019-04-30,
EE,2019-05-31,
EE,2019-06-30,
EE,2019-07-31,
EE,2019-08-31,
EE,2019-09-30,
EE,2019-10-31,
EE,2019-11-30,
EE,2019-12-31,
EE,2020-01-31,
EE,2020-02-29,
EE,2020-03-31,
EE,2020-04-30,
EE,2020-05-31,
EE,2020-06-30,
EE,2020-07-31,
EE,2020-08-31,
EE,2020-09-30,
EE,2020-10-31,
EE,2020-11-30,
EE,2020-12-31,
EE,2021-01-31,
EE,2021-02-28,
EE,2021-03-31,
EE,2021-04-30,
EE,2021-05-31,
EE,2021-06-30,
EE,2021-07-31,
EE,2021-08-31,
EE,2021-09-30,
EE,2021-10-31,
EE,2021-11-30,
EE,2021-12-31,
EE,2022-01-31,
EE,2022-02-28,
EE,2022-03-31,
EE,2022-04-30,
EE,2022-05-31,
EE,2022-06-30,
EE,2022-07-31,
EE,2022-08-31,
EE,2022-09-30,
EE,2022-10-31,
EE,2022-11-30,
EE,2022-12-31,
EE,2023-01-31,
EE,2023-02-28,
EE,2023-03-31,
EE,2023-04-30,
EE,2023-05-31,
EE,2023-06-30,
EE,2023-07-31,
EE,2023-08-31,
EE,2023-09-30,
EE,2023-10-31,
EE,2023-11-30,
EE,2023-12-31,
EE,2024-01-31,
EE,2024-02-29,
EE,2024-03-31,
EE,2024-04-30,
EE,2024-05-31,
EE,2024-06-30,
EE,2024-07-31,
EE,2024-08-31,
EE,2024-09-30,
EE,2024-10-31,
EE,2024-11-30,
EE,2024-12-31,
EE,2025-01-31,
EE,2025-02-28,
EE,2025-03-31,
EG,2002-01-31,
EG,2002-02-28,
EG,2002-03-31,
EG,2002-04-30,
EG,2002-05-31,
EG,2002-06-30,
EG,2002-07-31,
EG,2002-08-31,
EG,2002-09-30,
EG,2002-10-31,
EG,2002-11-30,
EG,2002-12-31,
EG,2003-01-31,
EG,2003-02-28,
EG,2003-03-31,
EG,2003-04-30,
EG,2003-05-31,
EG,2003-06-30,
EG,2003-07-31,
EG,2003-08-31,
EG,2003-09-30,
EG,2003-10-31,
EG,2003-11-30,
EG,2003-12-31,
EG,2004-01-31,
EG,2004-02-29,
EG,2004-03-31,
EG,2004-04-30,
EG,2004-05-31,
EG,2004-06-30,
EG,2004-07-31,
EG,2004-08-31,
EG,2004-09-30,
EG,2004-10-31,
EG,2004-11-30,
EG,2004-12-31,
EG,2005-01-31,
EG,2005-02-28,
EG,2005-03-31,
EG,2005-04-30,
EG,2005-05-31,
EG,2005-06-30,
EG,2005-07-31,
EG,2005-08-31,
EG,2005-09-30,
EG,2005-10-31,
EG,2005-11-30,
EG,2005-12-31,
EG,2006-01-31,
EG,2006-02-28,
EG,2006-03-31,
EG,2006-04-30,
EG,2006-05-31,
EG,2006-06-30,
EG,2006-07-31,
EG,2006-08-31,
EG,2006-09-30,
EG,2006-10-31,
EG,2006-11-30,
EG,2006-12-31,
EG,2007-01-31,
EG,2007-02-28,
EG,2007-03-31,
EG,2007-04-30,
EG,2007-05-31,
EG,2007-06-30,
EG,2007-07-31,
EG,2007-08-31,
EG,2007-09-30,
EG,2007-10-31,
EG,2007-11-30,
EG,2007-12-31,
EG,2008-01-31,
EG,2008-02-29,
EG,2008-03-31,
EG,2008-04-30,
EG,2008-05-31,
EG,2008-06-30,
EG,2008-07-31,
EG,2008-08-31,
EG,2008-09-30,
EG,2008-10-31,
EG,2008-11-30,
EG,2008-12-31,
EG,2009-01-31,
EG,2009-02-28,
EG,2009-03-31,
EG,2009-04-30,
EG,2009-05-31,
EG,2009-06-30,
EG,2009-07-31,
EG,2009-08-31,
EG,2009-09-30,
EG,2009-10-31,
EG,2009-11-30,
EG,2009-12-31,
EG,2010-01-31,
EG,2010-02-28,
EG,2010-03-31,
EG,2010-04-30,
EG,2010-05-31,
EG,2010-06-30,
EG,2010-07-31,
EG,2010-08-31,
EG,2010-09-30,
EG,2010-10-31,
EG,2010-11-30,
EG,2010-12-31,
EG,2011-01-31,
EG,2011-02-28,
EG,2011-03-31,
EG,2011-04-30,
EG,2011-05-31,
EG,2011-06-30,
EG,2011-07-31,
EG,2011-08-31,
EG,2011-09-30,
EG,2011-10-31,
EG,2011-11-30,
EG,2011-12-31,
EG,2012-01-31,
EG,2012-02-29,
EG,2012-03-31,
EG,2012-04-30,
EG,2012-05-31,
EG,2012-06-30,
EG,2012-07-31,
EG,2012-08-31,
EG,2012-09-30,
EG,2012-10-31,
EG,2012-11-30,
EG,2012-12-31,
EG,2013-01-31,
EG,2013-02-28,
EG,2013-03-31,
EG,2013-04-30,
EG,2013-05-31,
EG,2013-06-30,
EG,2013-07-31,
EG,2013-08-31,
EG,2013-09-30,
EG,2013-10-31,
EG,2013-11-30,
EG,2013-12-31,
EG,2014-01-31,
EG,2014-02-28,
EG,2014-03-31,
EG,2014-04-30,
EG,2014-05-31,
EG,2014-06-30,
EG,2014-07-31,
EG,2014-08-31,
EG,2014-09-30,
EG,2014-10-31,
EG,2014-11-30,
EG,2014-12-31,
EG,2015-01-31,
EG,2015-02-28,
EG,2015-03-31,
EG,2015-04-30,
EG,2015-05-31,
EG,2015-06-30,
EG,2015-07-31,
EG,2015-08-31,
EG,2015-09-30,
EG,2015-10-31,
EG,2015-11-30,
EG,2015-12-31,
EG,2016-01-31,
EG,2016-02-29,
EG,2016-03-31,
EG,2016-04-30,
EG,2016-05-31,
EG,2016-06-30,
EG,2016-07-31,
EG,2016-08-31,
EG,2016-09-30,
EG,2016-10-31,
EG,2016-11-30,
EG,2016-12-31,
EG,2017-01-31,
EG,2017-02-28,
EG,2017-03-31,
EG,2017-04-30,
EG,2017-05-31,
EG,2017-06-30,
EG,2017-07-31,
EG,2017-08-31,
EG,2017-09-30,
EG,2017-10-31,
EG,2017-11-30,
EG,2017-12-31,
EG,2018-01-31,
EG,2018-02-28,
EG,2018-03-31,
EG,2018-04-30,
EG,2018-05-31,
EG,2018-06-30,
EG,2018-07-31,
EG,2018-08-31,
EG,2018-09-30,
EG,2018-10-31,
EG,2018-11-30,
EG,2018-12-31,
EG,2019-01-31,
EG,2019-02-28,
EG,2019-03-31,
EG,2019-04-30,
EG,2019-05-31,
EG,2019-06-30,
EG,2019-07-31,
EG,2019-08-31,
EG,2019-09-30,
EG,2019-10-31,
EG,2019-11-30,
EG,2019-12-31,
EG,2020-01-31,
EG,2020-02-29,
EG,2020-03-31,
EG,2020-04-30,
EG,2020-05-31,
EG,2020-06-30,
EG,2020-07-31,
EG,2020-08-31,
EG,2020-09-30,
EG,2020-10-31,
EG,2020-11-30,
EG,2020-12-31,
EG,2021-01-31,
EG,2021-02-28,
EG,2021-03-31,
EG,2021-04-30,
EG,2021-05-31,
EG,2021-06-30,
EG,2021-07-31,
EG,2021-08-31,
EG,2021-09-30,
EG,2021-10-31,
EG,2021-11-30,
EG,2021-12-31,
EG,2022-01-31,
EG,2022-02-28,
EG,2022-03-31,
EG,2022-04-30,
EG,2022-05-31,
EG,2022-06-30,
EG,2022-07-31,
EG,2022-08-31,
EG,2022-09-30,
EG,2022-10-31,
EG,2022-11-30,
EG,2022-12-31,
EG,2023-01-31,
EG,2023-02-28,
EG,2023-03-31,
EG,2023-04-30,
EG,2023-05-31,
EG,2023-06-30,
EG,2023-07-31,
EG,2023-08-31,
EG,2023-09-30,
EG,2023-10-31,
EG,2023-11-30,
EG,2023-12-31,
EG,2024-01-31,
EG,2024-02-29,
EG,2024-03-31,
EG,2024-04-30,
EG,2024-05-31,
EG,2024-06-30,
EG,2024-07-31,
EG,2024-08-31,
EG,2024-09-30,
EG,2024-10-31,
EG,2024-11-30,
EG,2024-12-31,
EG,2025-01-31,
EG,2025-02-28,
EG,2025-03-31,
GA,2002-01-31,
GA,2002-02-28,
GA,2002-03-31,
GA,2002-04-30,
GA,2002-05-31,
GA,2002-06-30,
GA,2002-07-31,
GA,2002-08-31,
GA,2002-09-30,
GA,2002-10-31,
GA,2002-11-30,
GA,2002-12-31,
GA,2003-01-31,
GA,2003-02-28,
GA,2003-03-31,
GA,2003-04-30,
GA,2003-05-31,
GA,2003-06-30,
GA,2003-07-31,
GA,2003-08-31,
GA,2003-09-30,
GA,2003-10-31,
GA,2003-11-30,
GA,2003-12-31,
GA,2004-01-31,
GA,2004-02-29,
GA,2004-03-31,
GA,2004-04-30,
GA,2004-05-31,
GA,2004-06-30,
GA,2004-07-31,
GA,2004-08-31,
GA,2004-09-30,
GA,2004-10-31,
GA,2004-11-30,
GA,2004-12-31,
GA,2005-01-31,
GA,2005-02-28,
GA,2005-03-31,
GA,2005-04-30,
GA,2005-05-31,
GA,2005-06-30,
GA,2005-07-31,
GA,2005-08-31,
GA,2005-09-30,
GA,2005-10-31,
GA,2005-11-30,
GA,2005-12-31,
GA,2006-01-31,
GA,2006-02-28,
GA,2006-03-31,
GA,2006-04-30,
GA,2006-05-31,
GA,2006-06-30,
GA,2006-07-31,
GA,2006-08-31,
GA,2006-09-30,
GA,2006-10-31,
GA,2006-11-30,
GA,2006-12-31,
GA,2007-01-31,
GA,2007-02-28,
GA,2007-03-31,
GA,2007-04-30,
GA,2007-05-31,
GA,2007-06-30,
GA,2007-07-31,
GA,2007-08-31,
GA,2007-09-30,
GA,2007-10-31,
GA,2007-11-30,
GA,2007-12-31,
GA,2008-01-31,
GA,2008-02-29,
GA,2008-03-31,
GA,2008-04-30,
GA,2008-05-31,
GA,2008-06-30,
GA,2008-07-31,
GA,2008-08-31,
GA,2008-09-30,
GA,2008-10-31,
GA,2008-11-30,
GA,2008-12-31,
GA,2009-01-31,
GA,2009-02-28,
GA,2009-03-31,
GA,2009-04-30,
GA,2009-05-31,
GA,2009-06-30,
GA,2009-07-31,
GA,2009-08-31,
GA,2009-09-30,
GA,2009-10-31,
GA,2009-11-30,
GA,2009-12-31,
GA,2010-01-31,
GA,2010-02-28,
GA,2010-03-31,
GA,2010-04-30,
GA,2010-05-31,
GA,2010-06-30,
GA,2010-07-31,
GA,2010-08-31,
GA,2010-09-30,
GA,2010-10-31,
GA,2010-11-30,
GA,2010-12-31,
GA,2011-01-31,
GA,2011-02-28,
GA,2011-03-31,
GA,2011-04-30,
GA,2011-05-31,
GA,2011-06-30,
GA,2011-07-31,
GA,2011-08-31,
GA,2011-09-30,
GA,2011-10-31,
GA,2011-11-30,
GA,2011-12-31,
GA,2012-01-31,
GA,2012-02-29,
GA,2012-03-31,
GA,2012-04-30,
GA,2012-05-31,
GA,2012-06-30,
GA,2012-07-31,
GA,2012-08-31,
GA,2012-09-30,
GA,2012-10-31,
GA,2012-11-30,
GA,2012-12-31,
GA,2013-01-31,
GA,2013-02-28,
GA,2013-03-31,
GA,2013-04-30,
GA,2013-05-31,
GA,2013-06-30,
GA,2013-07-31,
GA,2013-08-31,
GA,2013-09-30,
GA,2013-10-31,
GA,2013-11-30,
GA,2013-12-31,
GA,2014-01-31,
GA,2014-02-28,
GA,2014-03-31,
GA,2014-04-30,
GA,2014-05-31,
GA,2014-06-30,
GA,2014-07-31,
GA,2014-08-31,
GA,2014-09-30,
GA,2014-10-31,
GA,2014-11-30,
GA,2014-12-31,
GA,2015-01-31,
GA,2015-02-28,
GA,2015-03-31,
GA,2015-04-30,
GA,2015-05-31,
GA,2015-06-30,
GA,2015-07-31,
GA,2015-08-31,
GA,2015-09-30,
GA,2015-10-31,
GA,2015-11-30,
GA,2015-12-31,
GA,2016-01-31,0.0
GA,2016-02-29,0.0
GA,2016-03-31,0.0
GA,2016-04-30,0.0
GA,2016-05-31,0.0
GA,2016-06-30,0.0
GA,2016-07-31,0.0
GA,2016-08-31,0.0
GA,2016-09-30,0.0
GA,2016-10-31,0.0
GA,2016-11-30,0.0
GA,2016-12-31,0.0
GA,2017-01-31,0.0
GA,2017-02-28,0.0
GA,2017-03-31,0.0
GA,2017-04-30,0.0
GA,2017-05-31,0.0
GA,2017-06-30,0.0
GA,2017-07-31,0.0
GA,2017-08-31,0.0
GA,2017-09-30,0.0
GA,2017-10-31,0.0
GA,2017-11-30,0.0
GA,2017-12-31,0.0
GA,2018-01-31,0.0
GA,2018-02-28,0.0
GA,2018-03-31,0.0
GA,2018-04-30,0.0
GA,2018-05-31,0.0
GA,2018-06-30,0.0
GA,2018-07-31,0.0
GA,2018-08-31,0.0
GA,2018-09-30,0.0
GA,2018-10-31,0.0
GA,2018-11-30,0.0
GA,2018-12-31,0.0
GA,2019-01-31,0.0
GA,2019-02-28,0.0
GA,2019-03-31,0.0
GA,2019-04-30,0.0
GA,2019-05-31,0.0
GA,2019-06-30,0.0
GA,2019-07-31,0.0
GA,2019-08-31,0.0
GA,2019-09-30,0.0
GA,2019-10-31,0.0
GA,2019-11-30,0.0
GA,2019-12-31,0.0
GA,2020-01-31,0.0
GA,2020-02-29,0.0
GA,2020-03-31,0.0
GA,2020-04-30,0.0
GA,2020-05-31,0.0
GA,2020-06-30,0.0
GA,2020-07-31,0.0
GA,2020-08-31,
GA,2020-09-30,0.0
GA,2020-10-31,
GA,2020-11-30,0.0
GA,2020-12-31,0.0
GA,2021-01-31,
GA,2021-02-28,
GA,2021-03-31,
GA,2021-04-30,0.0
GA,2021-05-31,0.0
GA,2021-06-30,
GA,2021-07-31,0.0
GA,2021-08-31,0.0
GA,2021-09-30,
GA,2021-10-31,
GA,2021-11-30,
GA,2021-12-31,
GA,2022-01-31,
GA,2022-02-28,0.0
GA,2022-03-31,
GA,2022-04-30,
GA,2022-05-31,
GA,2022-06-30,
GA,2022-07-31,
GA,2022-08-31,
GA,2022-09-30,
GA,2022-10-31,
GA,2022-11-30,
GA,2022-12-31,
GA,2023-01-31,0.0
GA,2023-02-28,0.0
GA,2023-03-31,0.0
GA,2023-04-30,0.0
GA,2023-05-31,0.0
GA,2023-06-30,0.0
GA,2023-07-31,0.0
GA,2023-08-31,0.0
GA,2023-09-30,0.0
GA,2023-10-31,0.0
GA,2023-11-30,0.0
GA,2023-12-31,0.0
GA,2024-01-31,
GA,2024-02-29,
GA,2024-03-31,
GA,2024-04-30,
GA,2024-05-31,
GA,2024-06-30,
GA,2024-07-31,
GA,2024-08-31,
GA,2024-09-30,
GA,2024-10-31,
GA,2024-11-30,
GA,2024-12-31,
GA,2025-01-31,
GA,2025-02-28,
GA,2025-03-31,
GD,2002-01-31,
GD,2002-02-28,
GD,2002-03-31,
GD,2002-04-30,
GD,2002-05-31,
GD,2002-06-30,
GD,2002-07-31,
GD,2002-08-31,
GD,2002-09-30,
GD,2002-10-31,
GD,2002-11-30,
GD,2002-12-31,
GD,2003-01-31,
GD,2003-02-28,
GD,2003-03-31,
GD,2003-04-30,
GD,2003-05-31,
GD,2003-06-30,
GD,2003-07-31,
GD,2003-08-31,
GD,2003-09-30,
GD,2003-10-31,
GD,2003-11-30,
GD,2003-12-31,
GD,2004-01-31,
GD,2004-02-29,
GD,2004-03-31,
GD,2004-04-30,
GD,2004-05-31,
GD,2004-06-30,
GD,2004-07-31,
GD,2004-08-31,
GD,2004-09-30,
GD,2004-10-31,
GD,2004-11-30,
GD,2004-12-31,
GD,2005-01-31,
GD,2005-02-28,
GD,2005-03-31,
GD,2005-04-30,
GD,2005-05-31,
GD,2005-06-30,
GD,2005-07-31,
GD,2005-08-31,
GD,2005-09-30,
GD,2005-10-31,
GD,2005-11-30,
GD,2005-12-31,
GD,2006-01-31,
GD,2006-02-28,
GD,2006-03-31,
GD,2006-04-30,
GD,2006-05-31,
GD,2006-06-30,
GD,2006-07-31,
GD,2006-08-31,
GD,2006-09-30,
GD,2006-10-31,
GD,2006-11-30,
GD,2006-12-31,
GD,2007-01-31,
GD,2007-02-28,
GD,2007-03-31,
GD,2007-04-30,
GD,2007-05-31,
GD,2007-06-30,
GD,2007-07-31,
GD,2007-08-31,
GD,2007-09-30,
GD,2007-10-31,
GD,2007-11-30,
GD,2007-12-31,
GD,2008-01-31,
GD,2008-02-29,
GD,2008-03-31,
GD,2008-04-30,
GD,2008-05-31,
GD,2008-06-30,
GD,2008-07-31,
GD,2008-08-31,
GD,2008-09-30,
GD,2008-10-31,
GD,2008-11-30,
GD,2008-12-31,
GD,2009-01-31,0.0
GD,2009-02-28,0.0
GD,2009-03-31,0.0
GD,2009-04-30,0.0
GD,2009-05-31,0.0
GD,2009-06-30,0.0
GD,2009-07-31,0.0
GD,2009-08-31,0.0
GD,2009-09-30,0.0
GD,2009-10-31,0.0
GD,2009-11-30,0.0
GD,2009-12-31,0.0
GD,2010-01-31,0.0
GD,2010-02-28,0.0
GD,2010-03-31,0.0
GD,2010-04-30,0.0
GD,2010-05-31,0.0
GD,2010-06-30,0.0
GD,2010-07-31,0.0
GD,2010-08-31,0.0
GD,2010-09-30,0.0
GD,2010-10-31,0.0
GD,2010-11-30,0.0
GD,2010-12-31,0.0
GD,2011-01-31,0.0
GD,2011-02-28,0.0
GD,2011-03-31,0.0
GD,2011-04-30,0.0
GD,2011-05-31,0.0
GD,2011-06-30,0.0
GD,2011-07-31,0.0
GD,2011-08-31,0.0
GD,2011-09-30,0.0
GD,2011-10-31,0.0
GD,2011-11-30,0.0
GD,2011-12-31,0.0
GD,2012-01-31,0.0
GD,2012-02-29,0.0
GD,2012-03-31,0.0
GD,2012-04-30,0.0
GD,2012-05-31,0.0
GD,2012-06-30,0.0
GD,2012-07-31,0.0
GD,2012-08-31,0.0
GD,2012-09-30,0.0
GD,2012-10-31,0.0
GD,2012-11-30,0.0
GD,2012-12-31,0.0
GD,2013-01-31,0.0
GD,2013-02-28,0.0
GD,2013-03-31,0.0
GD,2013-04-30,0.0
GD,2013-05-31,0.0
GD,2013-06-30,0.0
GD,2013-07-31,0.0
GD,2013-08-31,0.0
GD,2013-09-30,0.0
GD,2013-10-31,0.0
GD,2013-11-30,0.0
GD,2013-12-31,0.0
GD,2014-01-31,0.0
GD,2014-02-28,0.0
GD,2014-03-31,0.0
GD,2014-04-30,0.0
GD,2014-05-31,0.0
GD,2014-06-30,0.0
GD,2014-07-31,0.0
GD,2014-08-31,0.0
GD,2014-09-30,0.0
GD,2014-10-31,0.0
GD,2014-11-30,0.0
GD,2014-12-31,0.0
GD,2015-01-31,0.0
GD,2015-02-28,0.0
GD,2015-03-31,0.0
GD,2015-04-30,0.0
GD,2015-05-31,0.0
GD,2015-06-30,0.0
GD,2015-07-31,0.0
GD,2015-08-31,0.0
GD,2015-09-30,0.0
GD,2015-10-31,0.0
GD,2015-11-30,0.0
GD,2015-12-31,0.0
GD,2016-01-31,0.0
GD,2016-02-29,0.0
GD,2016-03-31,0.0
GD,2016-04-30,0.0
GD,2016-05-31,0.0
GD,2016-06-30,0.0
GD,2016-07-31,0.0
GD,2016-08-31,
GD,2016-09-30,
GD,2016-10-31,
GD,2016-11-30,
GD,2016-12-31,
GD,2017-01-31,
GD,2017-02-28,
GD,2017-03-31,
GD,2017-04-30,
GD,2017-05-31,
GD,2017-06-30,
GD,2017-07-31,
GD,2017-08-31,
GD,2017-09-30,
GD,2017-10-31,
GD,2017-11-30,
GD,2017-12-31,
GD,2018-01-31,
GD,2018-02-28,
GD,2018-03-31,
GD,2018-04-30,
GD,2018-05-31,
GD,2018-06-30,
GD,2018-07-31,
GD,2018-08-31,
GD,2018-09-30,
GD,2018-10-31,
GD,2018-11-30,
GD,2018-12-31,
GD,2019-01-31,
GD,2019-02-28,
GD,2019-03-31,
GD,2019-04-30,
GD,2019-05-31,
GD,2019-06-30,
GD,2019-07-31,
GD,2019-08-31,
GD,2019-09-30,
GD,2019-10-31,
GD,2019-11-30,
GD,2019-12-31,
GD,2020-01-31,
GD,2020-02-29,
GD,2020-03-31,
GD,2020-04-30,
GD,2020-05-31,
GD,2020-06-30,
GD,2020-07-31,
GD,2020-08-31,
GD,2020-09-30,
GD,2020-10-31,
GD,2020-11-30,
GD,2020-12-31,
GD,2021-01-31,
GD,2021-02-28,
GD,2021-03-31,
GD,2021-04-30,
GD,2021-05-31,
GD,2021-06-30,
GD,2021-07-31,
GD,2021-08-31,
GD,2021-09-30,
GD,2021-10-31,
GD,2021-11-30,
GD,2021-12-31,
GD,2022-01-31,
GD,2022-02-28,
GD,2022-03-31,
GD,2022-04-30,
GD,2022-05-31,
GD,2022-06-30,
GD,2022-07-31,
GD,2022-08-31,
GD,2022-09-30,
GD,2022-10-31,
GD,2022-11-30,
GD,2022-12-31,
GD,2023-01-31,
GD,2023-02-28,
GD,2023-03-31,
GD,2023-04-30,
GD,2023-05-31,
GD,2023-06-30,
GD,2023-07-31,
GD,2023-08-31,
GD,2023-09-30,
GD,2023-10-31,
GD,2023-11-30,
GD,2023-12-31,
GD,2024-01-31,
GD,2024-02-29,
GD,2024-03-31,
GD,2024-04-30,
GD,2024-05-31,
GD,2024-06-30,
GD,2024-07-31,
GD,2024-08-31,
GD,2024-09-30,
GD,2024-10-31,
GD,2024-11-30,
GD,2024-12-31,
GD,2025-01-31,
GE,2002-01-31,
GE,2002-02-28,
GE,2002-03-31,
GE,2002-04-30,
GE,2002-05-31,
GE,2002-06-30,
GE,2002-07-31,
GE,2002-08-31,
GE,2002-09-30,
GE,2002-10-31,
GE,2002-11-30,
GE,2002-12-31,
GE,2003-01-31,
GE,2003-02-28,
GE,2003-03-31,
GE,2003-04-30,
GE,2003-05-31,
GE,2003-06-30,
GE,2003-07-31,
GE,2003-08-31,
GE,2003-09-30,
GE,2003-10-31,
GE,2003-11-30,
GE,2003-12-31,
GE,2004-01-31,
GE,2004-02-29,
GE,2004-03-31,
GE,2004-04-30,
GE,2004-05-31,
GE,2004-06-30,
GE,2004-07-31,
GE,2004-08-31,
GE,2004-09-30,
GE,2004-10-31,
GE,2004-11-30,
GE,2004-12-31,
GE,2005-01-31,
GE,2005-02-28,
GE,2005-03-31,
GE,2005-04-30,
GE,2005-05-31,
GE,2005-06-30,
GE,2005-07-31,
GE,2005-08-31,
GE,2005-09-30,
GE,2005-10-31,
GE,2005-11-30,
GE,2005-12-31,
GE,2006-01-31,
GE,2006-02-28,
GE,2006-03-31,
GE,2006-04-30,
GE,2006-05-31,
GE,2006-06-30,
GE,2006-07-31,
GE,2006-08-31,
GE,2006-09-30,
GE,2006-10-31,
GE,2006-11-30,
GE,2006-12-31,
GE,2007-01-31,
GE,2007-02-28,
GE,2007-03-31,
GE,2007-04-30,
GE,2007-05-31,
GE,2007-06-30,
GE,2007-07-31,
GE,2007-08-31,
GE,2007-09-30,
GE,2007-10-31,
GE,2007-11-30,
GE,2007-12-31,
GE,2008-01-31,
GE,2008-02-29,
GE,2008-03-31,
GE,2008-04-30,
GE,2008-05-31,
GE,2008-06-30,
GE,2008-07-31,
GE,2008-08-31,
GE,2008-09-30,
GE,2008-10-31,
GE,2008-11-30,
GE,2008-12-31,
GE,2009-01-31,
GE,2009-02-28,
GE,2009-03-31,
GE,2009-04-30,
GE,2009-05-31,
GE,2009-06-30,
GE,2009-07-31,
GE,2009-08-31,
GE,2009-09-30,
GE,2009-10-31,
GE,2009-11-30,
GE,2009-12-31,
GE,2010-01-31,
GE,2010-02-28,
GE,2010-03-31,
GE,2010-04-30,
GE,2010-05-31,
GE,2010-06-30,
GE,2010-07-31,
GE,2010-08-31,
GE,2010-09-30,
GE,2010-10-31,
GE,2010-11-30,
GE,2010-12-31,
GE,2011-01-31,
GE,2011-02-28,
GE,2011-03-31,
GE,2011-04-30,
GE,2011-05-31,
GE,2011-06-30,
GE,2011-07-31,
GE,2011-08-31,
GE,2011-09-30,
GE,2011-10-31,
GE,2011-11-30,
GE,2011-12-31,
GE,2012-01-31,
GE,2012-02-29,
GE,2012-03-31,
GE,2012-04-30,
GE,2012-05-31,
GE,2012-06-30,
GE,2012-07-31,
GE,2012-08-31,
GE,2012-09-30,
GE,2012-10-31,
GE,2012-11-30,
GE,2012-12-31,
GE,2013-01-31,
GE,2013-02-28,
GE,2013-03-31,
GE,2013-04-30,
GE,2013-05-31,
GE,2013-06-30,
GE,2013-07-31,
GE,2013-08-31,
GE,2013-09-30,
GE,2013-10-31,
GE,2013-11-30,
GE,2013-12-31,
GE,2014-01-31,
GE,2014-02-28,
GE,2014-03-31,
GE,2014-04-30,
GE,2014-05-31,
GE,2014-06-30,
GE,2014-07-31,
GE,2014-08-31,
GE,2014-09-30,
GE,2014-10-31,
GE,2014-11-30,
GE,2014-12-31,
GE,2015-01-31,
GE,2015-02-28,
GE,2015-03-31,
GE,2015-04-30,
GE,2015-05-31,
GE,2015-06-30,
GE,2015-07-31,
GE,2015-08-31,
GE,2015-09-30,
GE,2015-10-31,
GE,2015-11-30,
GE,2015-12-31,
GE,2016-01-31,
GE,2016-02-29,
GE,2016-03-31,
GE,2016-04-30,
GE,2016-05-31,
GE,2016-06-30,
GE,2016-07-31,
GE,2016-08-31,
GE,2016-09-30,
GE,2016-10-31,
GE,2016-11-30,
GE,2016-12-31,
GE,2017-01-31,
GE,2017-02-28,
GE,2017-03-31,
GE,2017-04-30,
GE,2017-05-31,
GE,2017-06-30,
GE,2017-07-31,
GE,2017-08-31,
GE,2017-09-30,
GE,2017-10-31,
GE,2017-11-30,
GE,2017-12-31,
GE,2018-01-31,
GE,2018-02-28,
GE,2018-03-31,
GE,2018-04-30,
GE,2018-05-31,
GE,2018-06-30,
GE,2018-07-31,
GE,2018-08-31,
GE,2018-09-30,
GE,2018-10-31,
GE,2018-11-30,
GE,2018-12-31,
GE,2019-01-31,
GE,2019-02-28,
GE,2019-03-31,
GE,2019-04-30,
GE,2019-05-31,
GE,2019-06-30,
GE,2019-07-31,
GE,2019-08-31,
GE,2019-09-30,
GE,2019-10-31,
GE,2019-11-30,
GE,2019-12-31,
GE,2020-01-31,
GE,2020-02-29,
GE,2020-03-31,
GE,2020-04-30,
GE,2020-05-31,
GE,2020-06-30,
GE,2020-07-31,
GE,2020-08-31,
GE,2020-09-30,
GE,2020-10-31,
GE,2020-11-30,
GE,2020-12-31,
GE,2021-01-31,
GE,2021-02-28,
GE,2021-03-31,
GE,2021-04-30,
GE,2021-05-31,
GE,2021-06-30,
GE,2021-07-31,
GE,2021-08-31,
GE,2021-09-30,
GE,2021-10-31,
GE,2021-11-30,
GE,2021-12-31,
GE,2022-01-31,
GE,2022-02-28,
GE,2022-03-31,
GE,2022-04-30,
GE,2022-05-31,
GE,2022-06-30,
GE,2022-07-31,
GE,2022-08-31,
GE,2022-09-30,
GE,2022-10-31,
GE,2022-11-30,
GE,2022-12-31,
GE,2023-01-31,
GE,2023-02-28,
GE,2023-03-31,
GE,2023-04-30,
GE,2023-05-31,
GE,2023-06-30,
GE,2023-07-31,
GE,2023-08-31,
GE,2023-09-30,
GE,2023-10-31,
GE,2023-11-30,
GE,2023-12-31,
GE,2024-01-31,
GE,2024-02-29,
GE,2024-03-31,
GE,2024-04-30,
GE,2024-05-31,
GE,2024-06-30,
GE,2024-07-31,
GE,2024-08-31,
GE,2024-09-30,
GE,2024-10-31,
GE,2024-11-30,
GE,2024-12-31,
GE,2025-01-31,
GE,2025-02-28,
GE,2025-03-31,
GM,2002-01-31,
GM,2002-02-28,
GM,2002-03-31,
GM,2002-04-30,
GM,2002-05-31,
GM,2002-06-30,
GM,2002-07-31,
GM,2002-08-31,
GM,2002-09-30,
GM,2002-10-31,
GM,2002-11-30,
GM,2002-12-31,
GM,2003-01-31,
GM,2003-02-28,
GM,2003-03-31,
GM,2003-04-30,
GM,2003-05-31,
GM,2003-06-30,
GM,2003-07-31,
GM,2003-08-31,
GM,2003-09-30,
GM,2003-10-31,
GM,2003-11-30,
GM,2003-12-31,
GM,2004-01-31,
GM,2004-02-29,
GM,2004-03-31,
GM,2004-04-30,
GM,2004-05-31,
GM,2004-06-30,
GM,2004-07-31,
GM,2004-08-31,
GM,2004-09-30,
GM,2004-10-31,
GM,2004-11-30,
GM,2004-12-31,
GM,2005-01-31,
GM,2005-02-28,
GM,2005-03-31,
GM,2005-04-30,
GM,2005-05-31,
GM,2005-06-30,
GM,2005-07-31,
GM,2005-08-31,
GM,2005-09-30,
GM,2005-10-31,
GM,2005-11-30,
GM,2005-12-31,
GM,2006-01-31,
GM,2006-02-28,
GM,2006-03-31,
GM,2006-04-30,
GM,2006-05-31,
GM,2006-06-30,
GM,2006-07-31,
GM,2006-08-31,
GM,2006-09-30,
GM,2006-10-31,
GM,2006-11-30,
GM,2006-12-31,
GM,2007-01-31,
GM,2007-02-28,
GM,2007-03-31,
GM,2007-04-30,
GM,2007-05-31,
GM,2007-06-30,
GM,2007-07-31,
GM,2007-08-31,
GM,2007-09-30,
GM,2007-10-31,
GM,2007-11-30,
GM,2007-12-31,
GM,2008-01-31,
GM,2008-02-29,
GM,2008-03-31,
GM,2008-04-30,
GM,2008-05-31,
GM,2008-06-30,
GM,2008-07-31,
GM,2008-08-31,
GM,2008-09-30,
GM,2008-10-31,
GM,2008-11-30,
GM,2008-12-31,
GM,2009-01-31,
GM,2009-02-28,
GM,2009-03-31,
GM,2009-04-30,
GM,2009-05-31,
GM,2009-06-30,
GM,2009-07-31,
GM,2009-08-31,
GM,2009-09-30,
GM,2009-10-31,
GM,2009-11-30,
GM,2009-12-31,
GM,2010-01-31,
GM,2010-02-28,
GM,2010-03-31,
GM,2010-04-30,
GM,2010-05-31,
GM,2010-06-30,
GM,2010-07-31,
GM,2010-08-31,
GM,2010-09-30,
GM,2010-10-31,
GM,2010-11-30,
GM,2010-12-31,
GM,2011-01-31,
GM,2011-02-28,
GM,2011-03-31,
GM,2011-04-30,
GM,2011-05-31,
GM,2011-06-30,
GM,2011-07-31,
GM,2011-08-31,
GM,2011-09-30,
GM,2011-10-31,
GM,2011-11-30,
GM,2011-12-31,
GM,2012-01-31,
GM,2012-02-29,
GM,2012-03-31,
GM,2012-04-30,
GM,2012-05-31,
GM,2012-06-30,
GM,2012-07-31,
GM,2012-08-31,
GM,2012-09-30,
GM,2012-10-31,
GM,2012-11-30,
GM,2012-12-31,
GM,2013-01-31,
GM,2013-02-28,
GM,2013-03-31,
GM,2013-04-30,
GM,2013-05-31,
GM,2013-06-30,
GM,2013-07-31,
GM,2013-08-31,
GM,2013-09-30,
GM,2013-10-31,
GM,2013-11-30,
GM,2013-12-31,
GM,2014-01-31,
GM,2014-02-28,
GM,2014-03-31,
GM,2014-04-30,
GM,2014-05-31,
GM,2014-06-30,
GM,2014-07-31,
GM,2014-08-31,
GM,2014-09-30,
GM,2014-10-31,
GM,2014-11-30,
GM,2014-12-31,
GM,2015-01-31,
GM,2015-02-28,
GM,2015-03-31,
GM,2015-04-30,
GM,2015-05-31,
GM,2015-06-30,
GM,2015-07-31,
GM,2015-08-31,
GM,2015-09-30,
GM,2015-10-31,
GM,2015-11-30,
GM,2015-12-31,
GM,2016-01-31,
GM,2016-02-29,
GM,2016-03-31,
GM,2016-04-30,
GM,2016-05-31,
GM,2016-06-30,
GM,2016-07-31,
GM,2016-08-31,
GM,2016-09-30,
GM,2016-10-31,
GM,2016-11-30,
GM,2016-12-31,
GM,2017-01-31,
GM,2017-02-28,
GM,2017-03-31,
GM,2017-04-30,
GM,2017-05-31,
GM,2017-06-30,
GM,2017-07-31,
GM,2017-08-31,
GM,2017-09-30,
GM,2017-10-31,
GM,2017-11-30,
GM,2017-12-31,
GM,2018-01-31,
GM,2018-02-28,
GM,2018-03-31,
GM,2018-04-30,
GM,2018-05-31,
GM,2018-06-30,
GM,2018-07-31,
GM,2018-08-31,
GM,2018-09-30,
GM,2018-10-31,
GM,2018-11-30,
GM,2018-12-31,
GM,2019-01-31,
GM,2019-02-28,
GM,2019-03-31,
GM,2019-04-30,
GM,2019-05-31,
GM,2019-06-30,
GM,2019-07-31,
GM,2019-08-31,
GM,2019-09-30,
GM,2019-10-31,
GM,2019-11-30,
GM,2019-12-31,
GM,2020-01-31,
GM,2020-02-29,
GM,2020-03-31,
GM,2020-04-30,
GM,2020-05-31,
GM,2020-06-30,
GM,2020-07-31,
GM,2020-08-31,
GM,2020-09-30,
GM,2020-10-31,
GM,2020-11-30,
GM,2020-12-31,
GM,2021-01-31,
GM,2021-02-28,
GM,2021-03-31,
GM,2021-04-30,
GM,2021-05-31,
GM,2021-06-30,
GM,2021-07-31,
GM,2021-08-31,
GM,2021-09-30,
GM,2021-10-31,
GM,2021-11-30,
GM,2021-12-31,
GM,2022-01-31,
GM,2022-02-28,
GM,2022-03-31,
GM,2022-04-30,
GM,2022-05-31,
GM,2022-06-30,
GM,2022-07-31,
GM,2022-08-31,
GM,2022-09-30,
GM,2022-10-31,
GM,2022-11-30,
GM,2022-12-31,
GM,2023-01-31,
GM,2023-02-28,
GM,2023-03-31,
GM,2023-04-30,
GM,2023-05-31,
GM,2023-06-30,
GM,2023-07-31,
GM,2023-08-31,
GM,2023-09-30,
GM,2023-10-31,
GM,2023-11-30,
GM,2023-12-31,
GM,2024-01-31,
GM,2024-02-29,
GM,2024-03-31,
GM,2024-04-30,
GM,2024-05-31,
GM,2024-06-30,
GM,2024-07-31,
GM,2024-08-31,
GM,2024-09-30,
GM,2024-10-31,
GM,2024-11-30,
GM,2024-12-31,
GM,2025-01-31,
GM,2025-02-28,
GM,2025-03-31,
GQ,2002-01-31,
GQ,2002-02-28,
GQ,2002-03-31,
GQ,2002-04-30,
GQ,2002-05-31,
GQ,2002-06-30,
GQ,2002-07-31,
GQ,2002-08-31,
GQ,2002-09-30,
GQ,2002-10-31,
GQ,2002-11-30,
GQ,2002-12-31,
GQ,2003-01-31,
GQ,2003-02-28,
GQ,2003-03-31,
GQ,2003-04-30,
GQ,2003-05-31,
GQ,2003-06-30,
GQ,2003-07-31,
GQ,2003-08-31,
GQ,2003-09-30,
GQ,2003-10-31,
GQ,2003-11-30,
GQ,2003-12-31,
GQ,2004-01-31,
GQ,2004-02-29,
GQ,2004-03-31,
GQ,2004-04-30,
GQ,2004-05-31,
GQ,2004-06-30,
GQ,2004-07-31,
GQ,2004-08-31,
GQ,2004-09-30,
GQ,2004-10-31,
GQ,2004-11-30,
GQ,2004-12-31,
GQ,2005-01-31,
GQ,2005-02-28,
GQ,2005-03-31,
GQ,2005-04-30,
GQ,2005-05-31,
GQ,2005-06-30,
GQ,2005-07-31,
GQ,2005-08-31,
GQ,2005-09-30,
GQ,2005-10-31,
GQ,2005-11-30,
GQ,2005-12-31,
GQ,2006-01-31,
GQ,2006-02-28,
GQ,2006-03-31,
GQ,2006-04-30,
GQ,2006-05-31,
GQ,2006-06-30,
GQ,2006-07-31,
GQ,2006-08-31,
GQ,2006-09-30,
GQ,2006-10-31,
GQ,2006-11-30,
GQ,2006-12-31,
GQ,2007-01-31,
GQ,2007-02-28,
GQ,2007-03-31,
GQ,2007-04-30,
GQ,2007-05-31,
GQ,2007-06-30,
GQ,2007-07-31,
GQ,2007-08-31,
GQ,2007-09-30,
GQ,2007-10-31,
GQ,2007-11-30,
GQ,2007-12-31,
GQ,2008-01-31,
GQ,2008-02-29,
GQ,2008-03-31,
GQ,2008-04-30,
GQ,2008-05-31,
GQ,2008-06-30,
GQ,2008-07-31,
GQ,2008-08-31,
GQ,2008-09-30,
GQ,2008-10-31,
GQ,2008-11-30,
GQ,2008-12-31,
GQ,2009-01-31,
GQ,2009-02-28,
GQ,2009-03-31,
GQ,2009-04-30,
GQ,2009-05-31,
GQ,2009-06-30,
GQ,2009-07-31,
GQ,2009-08-31,
GQ,2009-09-30,
GQ,2009-10-31,
GQ,2009-11-30,
GQ,2009-12-31,
GQ,2010-01-31,
GQ,2010-02-28,
GQ,2010-03-31,
GQ,2010-04-30,
GQ,2010-05-31,
GQ,2010-06-30,
GQ,2010-07-31,
GQ,2010-08-31,
GQ,2010-09-30,
GQ,2010-10-31,
GQ,2010-11-30,
GQ,2010-12-31,
GQ,2011-01-31,
GQ,2011-02-28,
GQ,2011-03-31,
GQ,2011-04-30,
GQ,2011-05-31,
GQ,2011-06-30,
GQ,2011-07-31,
GQ,2011-08-31,
GQ,2011-09-30,
GQ,2011-10-31,
GQ,2011-11-30,
GQ,2011-12-31,
GQ,2012-01-31,
GQ,2012-02-29,
GQ,2012-03-31,
GQ,2012-04-30,
GQ,2012-05-31,
GQ,2012-06-30,
GQ,2012-07-31,
GQ,2012-08-31,
GQ,2012-09-30,
GQ,2012-10-31,
GQ,2012-11-30,
GQ,2012-12-31,
GQ,2013-01-31,
GQ,2013-02-28,
GQ,2013-03-31,
GQ,2013-04-30,
GQ,2013-05-31,
GQ,2013-06-30,
GQ,2013-07-31,
GQ,2013-08-31,
GQ,2013-09-30,
GQ,2013-10-31,
GQ,2013-11-30,
GQ,2013-12-31,
GQ,2014-01-31,
GQ,2014-02-28,
GQ,2014-03-31,
GQ,2014-04-30,
GQ,2014-05-31,
GQ,2014-06-30,
GQ,2014-07-31,
GQ,2014-08-31,
GQ,2014-09-30,
GQ,2014-10-31,
GQ,2014-11-30,
GQ,2014-12-31,
GQ,2015-01-31,
GQ,2015-02-28,
GQ,2015-03-31,
GQ,2015-04-30,
GQ,2015-05-31,
GQ,2015-06-30,
GQ,2015-07-31,
GQ,2015-08-31,
GQ,2015-09-30,
GQ,2015-10-31,
GQ,2015-11-30,
GQ,2015-12-31,
GQ,2016-01-31,
GQ,2016-02-29,
GQ,2016-03-31,
GQ,2016-04-30,
GQ,2016-05-31,
GQ,2016-06-30,
GQ,2016-07-31,
GQ,2016-08-31,
GQ,2016-09-30,
GQ,2016-10-31,
GQ,2016-11-30,
GQ,2016-12-31,
GQ,2017-01-31,
GQ,2017-02-28,
GQ,2017-03-31,
GQ,2017-04-30,
GQ,2017-05-31,
GQ,2017-06-30,
GQ,2017-07-31,
GQ,2017-08-31,
GQ,2017-09-30,
GQ,2017-10-31,
GQ,2017-11-30,
GQ,2017-12-31,
GQ,2018-01-31,
GQ,2018-02-28,
GQ,2018-03-31,
GQ,2018-04-30,
GQ,2018-05-31,
GQ,2018-06-30,
GQ,2018-07-31,
GQ,2018-08-31,
GQ,2018-09-30,
GQ,2018-10-31,
GQ,2018-11-30,
GQ,2018-12-31,
GQ,2019-01-31,0.0
GQ,2019-02-28,0.0
GQ,2019-03-31,0.0
GQ,2019-04-30,0.0
GQ,2019-05-31,0.0
GQ,2019-06-30,0.0
GQ,2019-07-31,0.0
GQ,2019-08-31,0.0
GQ,2019-09-30,0.0
GQ,2019-10-31,0.0
GQ,2019-11-30,0.0
GQ,2019-12-31,0.0
GQ,2020-01-31,0.0
GQ,2020-02-29,0.0
GQ,2020-03-31,0.0
GQ,2020-04-30,0.0
GQ,2020-05-31,0.0
GQ,2020-06-30,0.0
GQ,2020-07-31,0.0
GQ,2020-08-31,0.0
GQ,2020-09-30,0.0
GQ,2020-10-31,0.0
GQ,2020-11-30,0.0
GQ,2020-12-31,0.0
GQ,2021-01-31,0.0
GQ,2021-02-28,0.0
GQ,2021-03-31,0.0
GQ,2021-04-30,0.0
GQ,2021-05-31,0.0
GQ,2021-06-30,0.0
GQ,2021-07-31,0.0
GQ,2021-08-31,0.0
GQ,2021-09-30,0.0
GQ,2021-10-31,0.0
GQ,2021-11-30,0.0
GQ,2021-12-31,0.0
GQ,2022-01-31,0.0
GQ,2022-02-28,0.0
GQ,2022-03-31,0.0
GQ,2022-04-30,0.0
GQ,2022-05-31,0.0
GQ,2022-06-30,0.0
GQ,2022-07-31,0.0
GQ,2022-08-31,0.0
GQ,2022-09-30,0.0
GQ,2022-10-31,0.0
GQ,2022-11-30,0.0
GQ,2022-12-31,0.0
GQ,2023-01-31,0.0
GQ,2023-02-28,0.0
GQ,2023-03-31,0.0
GQ,2023-04-30,0.0
GQ,2023-05-31,0.0
GQ,2023-06-30,0.0
GQ,2023-07-31,0.0
GQ,2023-08-31,0.0
GQ,2023-09-30,0.0
GQ,2023-10-31,0.0
GQ,2023-11-30,0.0
GQ,2023-12-31,0.0
GQ,2024-01-31,
GQ,2024-02-29,
GQ,2024-03-31,
GQ,2024-04-30,
GQ,2024-05-31,
GQ,2024-06-30,
GQ,2024-07-31,
GQ,2024-08-31,
GQ,2024-09-30,
GQ,2024-10-31,
GQ,2024-11-30,
GQ,2024-12-31,
GQ,2025-01-31,
GQ,2025-02-28,
GQ,2025-03-31,
GT,2002-01-31,
GT,2002-02-28,
GT,2002-03-31,
GT,2002-04-30,
GT,2002-05-31,
GT,2002-06-30,
GT,2002-07-31,
GT,2002-08-31,
GT,2002-09-30,
GT,2002-10-31,
GT,2002-11-30,
GT,2002-12-31,
GT,2003-01-31,
GT,2003-02-28,
GT,2003-03-31,
GT,2003-04-30,
GT,2003-05-31,
GT,2003-06-30,
GT,2003-07-31,
GT,2003-08-31,
GT,2003-09-30,
GT,2003-10-31,
GT,2003-11-30,
GT,2003-12-31,
GT,2004-01-31,
GT,2004-02-29,
GT,2004-03-31,
GT,2004-04-30,
GT,2004-05-31,
GT,2004-06-30,
GT,2004-07-31,
GT,2004-08-31,
GT,2004-09-30,
GT,2004-10-31,
GT,2004-11-30,
GT,2004-12-31,
GT,2005-01-31,
GT,2005-02-28,
GT,2005-03-31,
GT,2005-04-30,
GT,2005-05-31,
GT,2005-06-30,
GT,2005-07-31,
GT,2005-08-31,
GT,2005-09-30,
GT,2005-10-31,
GT,2005-11-30,
GT,2005-12-31,
GT,2006-01-31,
GT,2006-02-28,
GT,2006-03-31,
GT,2006-04-30,
GT,2006-05-31,
GT,2006-06-30,
GT,2006-07-31,
GT,2006-08-31,
GT,2006-09-30,
GT,2006-10-31,
GT,2006-11-30,
GT,2006-12-31,
GT,2007-01-31,
GT,2007-02-28,
GT,2007-03-31,
GT,2007-04-30,
GT,2007-05-31,
GT,2007-06-30,
GT,2007-07-31,
GT,2007-08-31,
GT,2007-09-30,
GT,2007-10-31,
GT,2007-11-30,
GT,2007-12-31,
GT,2008-01-31,
GT,2008-02-29,
GT,2008-03-31,
GT,2008-04-30,
GT,2008-05-31,
GT,2008-06-30,
GT,2008-07-31,
GT,2008-08-31,
GT,2008-09-30,
GT,2008-10-31,
GT,2008-11-30,
GT,2008-12-31,
GT,2009-01-31,0.0
GT,2009-02-28,0.0
GT,2009-03-31,0.0
GT,2009-04-30,0.0
GT,2009-05-31,0.0
GT,2009-06-30,0.0
GT,2009-07-31,0.0
GT,2009-08-31,0.0
GT,2009-09-30,0.0
GT,2009-10-31,0.0
GT,2009-11-30,0.0
GT,2009-12-31,0.0
GT,2010-01-31,0.0
GT,2010-02-28,0.0
GT,2010-03-31,0.0
GT,2010-04-30,0.0
GT,2010-05-31,0.0
GT,2010-06-30,0.0
GT,2010-07-31,0.0
GT,2010-08-31,0.0
GT,2010-09-30,0.0
GT,2010-10-31,0.0
GT,2010-11-30,0.0
GT,2010-12-31,0.0
GT,2011-01-31,0.0
GT,2011-02-28,0.0
GT,2011-03-31,0.0
GT,2011-04-30,0.0
GT,2011-05-31,0.0
GT,2011-06-30,0.0
GT,2011-07-31,0.0
GT,2011-08-31,0.0
GT,2011-09-30,0.0
GT,2011-10-31,0.0
GT,2011-11-30,0.0
GT,2011-12-31,0.0
GT,2012-01-31,0.0
GT,2012-02-29,0.0
GT,2012-03-31,0.0
GT,2012-04-30,0.0
GT,2012-05-31,0.0
GT,2012-06-30,0.0
GT,2012-07-31,0.0
GT,2012-08-31,0.0
GT,2012-09-30,0.0
GT,2012-10-31,0.0
GT,2012-11-30,0.0
GT,2012-12-31,0.0
GT,2013-01-31,0.0
GT,2013-02-28,0.0
GT,2013-03-31,0.0
GT,2013-04-30,0.0
GT,2013-05-31,0.0
GT,2013-06-30,0.0
GT,2013-07-31,0.0
GT,2013-08-31,0.0
GT,2013-09-30,0.0
GT,2013-10-31,0.0
GT,2013-11-30,0.0
GT,2013-12-31,0.0
GT,2014-01-31,0.0
GT,2014-02-28,0.0
GT,2014-03-31,0.0
GT,2014-04-30,0.0
GT,2014-05-31,0.0
GT,2014-06-30,0.0
GT,2014-07-31,0.0
GT,2014-08-31,0.0
GT,2014-09-30,0.0
GT,2014-10-31,0.0
GT,2014-11-30,0.0
GT,2014-12-31,0.0
GT,2015-01-31,0.0
GT,2015-02-28,0.0
GT,2015-03-31,0.0
GT,2015-04-30,0.0
GT,2015-05-31,0.0
GT,2015-06-30,0.0
GT,2015-07-31,0.0
GT,2015-08-31,0.0
GT,2015-09-30,0.0
GT,2015-10-31,0.0
GT,2015-11-30,0.0
GT,2015-12-31,0.0
GT,2016-01-31,0.0
GT,2016-02-29,0.0
GT,2016-03-31,0.0
GT,2016-04-30,0.0
GT,2016-05-31,0.0
GT,2016-06-30,0.0
GT,2016-07-31,0.0
GT,2016-08-31,
GT,2016-09-30,
GT,2016-10-31,
GT,2016-11-30,
GT,2016-12-31,
GT,2017-01-31,
GT,2017-02-28,
GT,2017-03-31,
GT,2017-04-30,
GT,2017-05-31,
GT,2017-06-30,
GT,2017-07-31,
GT,2017-08-31,
GT,2017-09-30,
GT,2017-10-31,
GT,2017-11-30,
GT,2017-12-31,
GT,2018-01-31,
GT,2018-02-28,
GT,2018-03-31,
GT,2018-04-30,
GT,2018-05-31,
GT,2018-06-30,
GT,2018-07-31,
GT,2018-08-31,
GT,2018-09-30,
GT,2018-10-31,
GT,2018-11-30,
GT,2018-12-31,
GT,2019-01-31,
GT,2019-02-28,
GT,2019-03-31,
GT,2019-04-30,
GT,2019-05-31,
GT,2019-06-30,
GT,2019-07-31,
GT,2019-08-31,
GT,2019-09-30,
GT,2019-10-31,
GT,2019-11-30,
GT,2019-12-31,
GT,2020-01-31,
GT,2020-02-29,
GT,2020-03-31,
GT,2020-04-30,
GT,2020-05-31,
GT,2020-06-30,
GT,2020-07-31,
GT,2020-08-31,
GT,2020-09-30,
GT,2020-10-31,
GT,2020-11-30,
GT,2020-12-31,
GT,2021-01-31,
GT,2021-02-28,
GT,2021-03-31,
GT,2021-04-30,
GT,2021-05-31,
GT,2021-06-30,
GT,2021-07-31,
GT,2021-08-31,
GT,2021-09-30,
GT,2021-10-31,
GT,2021-11-30,
GT,2021-12-31,
GT,2022-01-31,
GT,2022-02-28,
GT,2022-03-31,
GT,2022-04-30,
GT,2022-05-31,
GT,2022-06-30,
GT,2022-07-31,
GT,2022-08-31,
GT,2022-09-30,
GT,2022-10-31,
GT,2022-11-30,
GT,2022-12-31,
GT,2023-01-31,
GT,2023-02-28,
GT,2023-03-31,
GT,2023-04-30,
GT,2023-05-31,
GT,2023-06-30,
GT,2023-07-31,
GT,2023-08-31,
GT,2023-09-30,
GT,2023-10-31,
GT,2023-11-30,
GT,2023-12-31,
GT,2024-01-31,
GT,2024-02-29,
GT,2024-03-31,
GT,2024-04-30,
GT,2024-05-31,
GT,2024-06-30,
GT,2024-07-31,
GT,2024-08-31,
GT,2024-09-30,
GT,2024-10-31,
GT,2024-11-30,
GT,2024-12-31,
GT,2025-01-31,
GY,2002-01-31,
GY,2002-02-28,
GY,2002-03-31,
GY,2002-04-30,
GY,2002-05-31,
GY,2002-06-30,
GY,2002-07-31,
GY,2002-08-31,
GY,2002-09-30,
GY,2002-10-31,
GY,2002-11-30,
GY,2002-12-31,
GY,2003-01-31,
GY,2003-02-28,
GY,2003-03-31,
GY,2003-04-30,
GY,2003-05-31,
GY,2003-06-30,
GY,2003-07-31,
GY,2003-08-31,
GY,2003-09-30,
GY,2003-10-31,
GY,2003-11-30,
GY,2003-12-31,
GY,2004-01-31,
GY,2004-02-29,
GY,2004-03-31,
GY,2004-04-30,
GY,2004-05-31,
GY,2004-06-30,
GY,2004-07-31,
GY,2004-08-31,
GY,2004-09-30,
GY,2004-10-31,
GY,2004-11-30,
GY,2004-12-31,
GY,2005-01-31,
GY,2005-02-28,
GY,2005-03-31,
GY,2005-04-30,
GY,2005-05-31,
GY,2005-06-30,
GY,2005-07-31,
GY,2005-08-31,
GY,2005-09-30,
GY,2005-10-31,
GY,2005-11-30,
GY,2005-12-31,
GY,2006-01-31,
GY,2006-02-28,
GY,2006-03-31,
GY,2006-04-30,
GY,2006-05-31,
GY,2006-06-30,
GY,2006-07-31,
GY,2006-08-31,
GY,2006-09-30,
GY,2006-10-31,
GY,2006-11-30,
GY,2006-12-31,
GY,2007-01-31,
GY,2007-02-28,
GY,2007-03-31,
GY,2007-04-30,
GY,2007-05-31,
GY,2007-06-30,
GY,2007-07-31,
GY,2007-08-31,
GY,2007-09-30,
GY,2007-10-31,
GY,2007-11-30,
GY,2007-12-31,
GY,2008-01-31,
GY,2008-02-29,
GY,2008-03-31,
GY,2008-04-30,
GY,2008-05-31,
GY,2008-06-30,
GY,2008-07-31,
GY,2008-08-31,
GY,2008-09-30,
GY,2008-10-31,
GY,2008-11-30,
GY,2008-12-31,
GY,2009-01-31,0.0
GY,2009-02-28,0.0
GY,2009-03-31,0.0
GY,2009-04-30,0.0
GY,2009-05-31,0.0
GY,2009-06-30,0.0
GY,2009-07-31,0.0
GY,2009-08-31,0.0
GY,2009-09-30,0.0
GY,2009-10-31,0.0
GY,2009-11-30,0.0
GY,2009-12-31,0.0
GY,2010-01-31,0.0
GY,2010-02-28,0.0
GY,2010-03-31,0.0
GY,2010-04-30,0.0
GY,2010-05-31,0.0
GY,2010-06-30,0.0
GY,2010-07-31,0.0
GY,2010-08-31,0.0
GY,2010-09-30,0.0
GY,2010-10-31,0.0
GY,2010-11-30,0.0
GY,2010-12-31,0.0
GY,2011-01-31,0.0
GY,2011-02-28,0.0
GY,2011-03-31,0.0
GY,2011-04-30,0.0
GY,2011-05-31,0.0
GY,2011-06-30,0.0
GY,2011-07-31,0.0
GY,2011-08-31,0.0
GY,2011-09-30,0.0
GY,2011-10-31,0.0
GY,2011-11-30,0.0
GY,2011-12-31,0.0
GY,2012-01-31,0.0
GY,2012-02-29,0.0
GY,2012-03-31,0.0
GY,2012-04-30,0.0
GY,2012-05-31,0.0
GY,2012-06-30,0.0
GY,2012-07-31,0.0
GY,2012-08-31,0.0
GY,2012-09-30,0.0
GY,2012-10-31,0.0
GY,2012-11-30,0.0
GY,2012-12-31,0.0
GY,2013-01-31,0.0
GY,2013-02-28,0.0
GY,2013-03-31,0.0
GY,2013-04-30,0.0
GY,2013-05-31,0.0
GY,2013-06-30,0.0
GY,2013-07-31,0.0
GY,2013-08-31,0.0
GY,2013-09-30,0.0
GY,2013-10-31,0.0
GY,2013-11-30,0.0
GY,2013-12-31,0.0
GY,2014-01-31,0.0
GY,2014-02-28,0.0
GY,2014-03-31,0.0
GY,2014-04-30,0.0
GY,2014-05-31,0.0
GY,2014-06-30,0.0
GY,2014-07-31,0.0
GY,2014-08-31,0.0
GY,2014-09-30,0.0
GY,2014-10-31,0.0
GY,2014-11-30,0.0
GY,2014-12-31,0.0
GY,2015-01-31,0.0
GY,2015-02-28,0.0
GY,2015-03-31,0.0
GY,2015-04-30,0.0
GY,2015-05-31,0.0
GY,2015-06-30,0.0
GY,2015-07-31,0.0
GY,2015-08-31,0.0
GY,2015-09-30,0.0
GY,2015-10-31,0.0
GY,2015-11-30,0.0
GY,2015-12-31,0.0
GY,2016-01-31,0.0
GY,2016-02-29,0.0
GY,2016-03-31,0.0
GY,2016-04-30,0.0
GY,2016-05-31,0.0
GY,2016-06-30,0.0
GY,2016-07-31,0.0
GY,2016-08-31,
GY,2016-09-30,
GY,2016-10-31,
GY,2016-11-30,
GY,2016-12-31,
GY,2017-01-31,
GY,2017-02-28,
GY,2017-03-31,
GY,2017-04-30,
GY,2017-05-31,
GY,2017-06-30,
GY,2017-07-31,
GY,2017-08-31,
GY,2017-09-30,
GY,2017-10-31,
GY,2017-11-30,
GY,2017-12-31,
GY,2018-01-31,
GY,2018-02-28,
GY,2018-03-31,
GY,2018-04-30,
GY,2018-05-31,
GY,2018-06-30,
GY,2018-07-31,
GY,2018-08-31,
GY,2018-09-30,
GY,2018-10-31,
GY,2018-11-30,
GY,2018-12-31,
GY,2019-01-31,
GY,2019-02-28,
GY,2019-03-31,
GY,2019-04-30,
GY,2019-05-31,
GY,2019-06-30,
GY,2019-07-31,
GY,2019-08-31,
GY,2019-09-30,
GY,2019-10-31,
GY,2019-11-30,
GY,2019-12-31,
GY,2020-01-31,
GY,2020-02-29,
GY,2020-03-31,
GY,2020-04-30,
GY,2020-05-31,
GY,2020-06-30,
GY,2020-07-31,
GY,2020-08-31,
GY,2020-09-30,
GY,2020-10-31,
GY,2020-11-30,
GY,2020-12-31,
GY,2021-01-31,
GY,2021-02-28,
GY,2021-03-31,
GY,2021-04-30,
GY,2021-05-31,
GY,2021-06-30,
GY,2021-07-31,
GY,2021-08-31,
GY,2021-09-30,
GY,2021-10-31,
GY,2021-11-30,
GY,2021-12-31,
GY,2022-01-31,
GY,2022-02-28,
GY,2022-03-31,
GY,2022-04-30,
GY,2022-05-31,
GY,2022-06-30,
GY,2022-07-31,
GY,2022-08-31,
GY,2022-09-30,
GY,2022-10-31,
GY,2022-11-30,
GY,2022-12-31,
GY,2023-01-31,
GY,2023-02-28,
GY,2023-03-31,
GY,2023-04-30,
GY,2023-05-31,
GY,2023-06-30,
GY,2023-07-31,
GY,2023-08-31,
GY,2023-09-30,
GY,2023-10-31,
GY,2023-11-30,
GY,2023-12-31,
GY,2024-01-31,
GY,2024-02-29,
GY,2024-03-31,
GY,2024-04-30,
GY,2024-05-31,
GY,2024-06-30,
GY,2024-07-31,
GY,2024-08-31,
GY,2024-09-30,
GY,2024-10-31,
GY,2024-11-30,
GY,2024-12-31,
GY,2025-01-31,
HK,2002-01-31,
HK,2002-02-28,
HK,2002-03-31,
HK,2002-04-30,
HK,2002-05-31,
HK,2002-06-30,
HK,2002-07-31,
HK,2002-08-31,
HK,2002-09-30,
HK,2002-10-31,
HK,2002-11-30,
HK,2002-12-31,
HK,2003-01-31,
HK,2003-02-28,
HK,2003-03-31,
HK,2003-04-30,
HK,2003-05-31,
HK,2003-06-30,
HK,2003-07-31,
HK,2003-08-31,
HK,2003-09-30,
HK,2003-10-31,
HK,2003-11-30,
HK,2003-12-31,
HK,2004-01-31,
HK,2004-02-29,
HK,2004-03-31,
HK,2004-04-30,
HK,2004-05-31,
HK,2004-06-30,
HK,2004-07-31,
HK,2004-08-31,
HK,2004-09-30,
HK,2004-10-31,
HK,2004-11-30,
HK,2004-12-31,
HK,2005-01-31,
HK,2005-02-28,
HK,2005-03-31,
HK,2005-04-30,
HK,2005-05-31,
HK,2005-06-30,
HK,2005-07-31,
HK,2005-08-31,
HK,2005-09-30,
HK,2005-10-31,
HK,2005-11-30,
HK,2005-12-31,
HK,2006-01-31,
HK,2006-02-28,
HK,2006-03-31,
HK,2006-04-30,
HK,2006-05-31,
HK,2006-06-30,
HK,2006-07-31,
HK,2006-08-31,
HK,2006-09-30,
HK,2006-10-31,
HK,2006-11-30,
HK,2006-12-31,
HK,2007-01-31,
HK,2007-02-28,
HK,2007-03-31,
HK,2007-04-30,
HK,2007-05-31,
HK,2007-06-30,
HK,2007-07-31,
HK,2007-08-31,
HK,2007-09-30,
HK,2007-10-31,
HK,2007-11-30,
HK,2007-12-31,
HK,2008-01-31,
HK,2008-02-29,
HK,2008-03-31,
HK,2008-04-30,
HK,2008-05-31,
HK,2008-06-30,
HK,2008-07-31,
HK,2008-08-31,
HK,2008-09-30,
HK,2008-10-31,
HK,2008-11-30,
HK,2008-12-31,
HK,2009-01-31,
HK,2009-02-28,
HK,2009-03-31,
HK,2009-04-30,
HK,2009-05-31,
HK,2009-06-30,
HK,2009-07-31,
HK,2009-08-31,
HK,2009-09-30,
HK,2009-10-31,
HK,2009-11-30,
HK,2009-12-31,
HK,2010-01-31,
HK,2010-02-28,
HK,2010-03-31,
HK,2010-04-30,
HK,2010-05-31,
HK,2010-06-30,
HK,2010-07-31,
HK,2010-08-31,
HK,2010-09-30,
HK,2010-10-31,
HK,2010-11-30,
HK,2010-12-31,
HK,2011-01-31,
HK,2011-02-28,
HK,2011-03-31,
HK,2011-04-30,
HK,2011-05-31,
HK,2011-06-30,
HK,2011-07-31,
HK,2011-08-31,
HK,2011-09-30,
HK,2011-10-31,
HK,2011-11-30,
HK,2011-12-31,
HK,2012-01-31,
HK,2012-02-29,
HK,2012-03-31,
HK,2012-04-30,
HK,2012-05-31,
HK,2012-06-30,
HK,2012-07-31,
HK,2012-08-31,
HK,2012-09-30,
HK,2012-10-31,
HK,2012-11-30,
HK,2012-12-31,
HK,2013-01-31,
HK,2013-02-28,
HK,2013-03-31,
HK,2013-04-30,
HK,2013-05-31,
HK,2013-06-30,
HK,2013-07-31,
HK,2013-08-31,
HK,2013-09-30,
HK,2013-10-31,
HK,2013-11-30,
HK,2013-12-31,
HK,2014-01-31,
HK,2014-02-28,
HK,2014-03-31,
HK,2014-04-30,
HK,2014-05-31,
HK,2014-06-30,
HK,2014-07-31,
HK,2014-08-31,
HK,2014-09-30,
HK,2014-10-31,
HK,2014-11-30,
HK,2014-12-31,
HK,2015-01-31,
HK,2015-02-28,
HK,2015-03-31,
HK,2015-04-30,
HK,2015-05-31,
HK,2015-06-30,
HK,2015-07-31,
HK,2015-08-31,
HK,2015-09-30,
HK,2015-10-31,
HK,2015-11-30,
HK,2015-12-31,
HK,2016-01-31,
HK,2016-02-29,
HK,2016-03-31,
HK,2016-04-30,
HK,2016-05-31,
HK,2016-06-30,
HK,2016-07-31,
HK,2016-08-31,
HK,2016-09-30,
HK,2016-10-31,
HK,2016-11-30,
HK,2016-12-31,
HK,2017-01-31,
HK,2017-02-28,
HK,2017-03-31,
HK,2017-04-30,
HK,2017-05-31,
HK,2017-06-30,
HK,2017-07-31,
HK,2017-08-31,
HK,2017-09-30,
HK,2017-10-31,
HK,2017-11-30,
HK,2017-12-31,
HK,2018-01-31,
HK,2018-02-28,
HK,2018-03-31,
HK,2018-04-30,
HK,2018-05-31,
HK,2018-06-30,
HK,2018-07-31,
HK,2018-08-31,
HK,2018-09-30,
HK,2018-10-31,
HK,2018-11-30,
HK,2018-12-31,
HK,2019-01-31,
HK,2019-02-28,
HK,2019-03-31,
HK,2019-04-30,
HK,2019-05-31,
HK,2019-06-30,
HK,2019-07-31,
HK,2019-08-31,
HK,2019-09-30,
HK,2019-10-31,
HK,2019-11-30,
HK,2019-12-31,
HK,2020-01-31,
HK,2020-02-29,
HK,2020-03-31,
HK,2020-04-30,
HK,2020-05-31,
HK,2020-06-30,
HK,2020-07-31,
HK,2020-08-31,
HK,2020-09-30,
HK,2020-10-31,
HK,2020-11-30,
HK,2020-12-31,
HK,2021-01-31,
HK,2021-02-28,
HK,2021-03-31,
HK,2021-04-30,
HK,2021-05-31,
HK,2021-06-30,
HK,2021-07-31,
HK,2021-08-31,
HK,2021-09-30,
HK,2021-10-31,
HK,2021-11-30,
HK,2021-12-31,
HK,2022-01-31,
HK,2022-02-28,
HK,2022-03-31,
HK,2022-04-30,
HK,2022-05-31,
HK,2022-06-30,
HK,2022-07-31,
HK,2022-08-31,
HK,2022-09-30,
HK,2022-10-31,
HK,2022-11-30,
HK,2022-12-31,
HK,2023-01-31,
HK,2023-02-28,
HK,2023-03-31,
HK,2023-04-30,
HK,2023-05-31,
HK,2023-06-30,
HK,2023-07-31,
HK,2023-08-31,
HK,2023-09-30,
HK,2023-10-31,
HK,2023-11-30,
HK,2023-12-31,
HK,2024-01-31,
HK,2024-02-29,
HK,2024-03-31,
HK,2024-04-30,
HK,2024-05-31,
HK,2024-06-30,
HK,2024-07-31,
HK,2024-08-31,
HK,2024-09-30,
HK,2024-10-31,
HK,2024-11-30,
HK,2024-12-31,
HK,2025-01-31,
HK,2025-02-28,
HK,2025-03-31,
HN,2002-01-31,
HN,2002-02-28,
HN,2002-03-31,
HN,2002-04-30,
HN,2002-05-31,
HN,2002-06-30,
HN,2002-07-31,
HN,2002-08-31,
HN,2002-09-30,
HN,2002-10-31,
HN,2002-11-30,
HN,2002-12-31,
HN,2003-01-31,
HN,2003-02-28,
HN,2003-03-31,
HN,2003-04-30,
HN,2003-05-31,
HN,2003-06-30,
HN,2003-07-31,
HN,2003-08-31,
HN,2003-09-30,
HN,2003-10-31,
HN,2003-11-30,
HN,2003-12-31,
HN,2004-01-31,
HN,2004-02-29,
HN,2004-03-31,
HN,2004-04-30,
HN,2004-05-31,
HN,2004-06-30,
HN,2004-07-31,
HN,2004-08-31,
HN,2004-09-30,
HN,2004-10-31,
HN,2004-11-30,
HN,2004-12-31,
HN,2005-01-31,
HN,2005-02-28,
HN,2005-03-31,
HN,2005-04-30,
HN,2005-05-31,
HN,2005-06-30,
HN,2005-07-31,
HN,2005-08-31,
HN,2005-09-30,
HN,2005-10-31,
HN,2005-11-30,
HN,2005-12-31,
HN,2006-01-31,
HN,2006-02-28,
HN,2006-03-31,
HN,2006-04-30,
HN,2006-05-31,
HN,2006-06-30,
HN,2006-07-31,
HN,2006-08-31,
HN,2006-09-30,
HN,2006-10-31,
HN,2006-11-30,
HN,2006-12-31,
HN,2007-01-31,
HN,2007-02-28,
HN,2007-03-31,
HN,2007-04-30,
HN,2007-05-31,
HN,2007-06-30,
HN,2007-07-31,
HN,2007-08-31,
HN,2007-09-30,
HN,2007-10-31,
HN,2007-11-30,
HN,2007-12-31,
HN,2008-01-31,
HN,2008-02-29,
HN,2008-03-31,
HN,2008-04-30,
HN,2008-05-31,
HN,2008-06-30,
HN,2008-07-31,
HN,2008-08-31,
HN,2008-09-30,
HN,2008-10-31,
HN,2008-11-30,
HN,2008-12-31,
HN,2009-01-31,0.0
HN,2009-02-28,0.0
HN,2009-03-31,0.0
HN,2009-04-30,0.0
HN,2009-05-31,0.0
HN,2009-06-30,0.0
HN,2009-07-31,0.0
HN,2009-08-31,0.0
HN,2009-09-30,0.0
HN,2009-10-31,0.0
HN,2009-11-30,0.0
HN,2009-12-31,0.0
HN,2010-01-31,0.0
HN,2010-02-28,0.0
HN,2010-03-31,0.0
HN,2010-04-30,0.0
HN,2010-05-31,0.0
HN,2010-06-30,0.0
HN,2010-07-31,0.0
HN,2010-08-31,0.0
HN,2010-09-30,0.0
HN,2010-10-31,0.0
HN,2010-11-30,0.0
HN,2010-12-31,0.0
HN,2011-01-31,0.0
HN,2011-02-28,0.0
HN,2011-03-31,0.0
HN,2011-04-30,0.0
HN,2011-05-31,0.0
HN,2011-06-30,0.0
HN,2011-07-31,0.0
HN,2011-08-31,0.0
HN,2011-09-30,0.0
HN,2011-10-31,0.0
HN,2011-11-30,0.0
HN,2011-12-31,0.0
HN,2012-01-31,0.0
HN,2012-02-29,0.0
HN,2012-03-31,0.0
HN,2012-04-30,0.0
HN,2012-05-31,0.0
HN,2012-06-30,0.0
HN,2012-07-31,0.0
HN,2012-08-31,0.0
HN,2012-09-30,0.0
HN,2012-10-31,0.0
HN,2012-11-30,0.0
HN,2012-12-31,0.0
HN,2013-01-31,0.0
HN,2013-02-28,0.0
HN,2013-03-31,0.0
HN,2013-04-30,0.0
HN,2013-05-31,0.0
HN,2013-06-30,0.0
HN,2013-07-31,0.0
HN,2013-08-31,0.0
HN,2013-09-30,0.0
HN,2013-10-31,0.0
HN,2013-11-30,0.0
HN,2013-12-31,0.0
HN,2014-01-31,0.0
HN,2014-02-28,0.0
HN,2014-03-31,0.0
HN,2014-04-30,0.0
HN,2014-05-31,0.0
HN,2014-06-30,0.0
HN,2014-07-31,0.0
HN,2014-08-31,0.0
HN,2014-09-30,0.0
HN,2014-10-31,0.0
HN,2014-11-30,0.0
HN,2014-12-31,0.0
HN,2015-01-31,0.0
HN,2015-02-28,0.0
HN,2015-03-31,0.0
HN,2015-04-30,0.0
HN,2015-05-31,0.0
HN,2015-06-30,0.0
HN,2015-07-31,0.0
HN,2015-08-31,0.0
HN,2015-09-30,0.0
HN,2015-10-31,0.0
HN,2015-11-30,0.0
HN,2015-12-31,0.0
HN,2016-01-31,0.0
HN,2016-02-29,0.0
HN,2016-03-31,0.0
HN,2016-04-30,0.0
HN,2016-05-31,0.0
HN,2016-06-30,0.0
HN,2016-07-31,0.0
HN,2016-08-31,
HN,2016-09-30,
HN,2016-10-31,
HN,2016-11-30,
HN,2016-12-31,
HN,2017-01-31,
HN,2017-02-28,
HN,2017-03-31,
HN,2017-04-30,
HN,2017-05-31,
HN,2017-06-30,
HN,2017-07-31,
HN,2017-08-31,
HN,2017-09-30,
HN,2017-10-31,
HN,2017-11-30,
HN,2017-12-31,
HN,2018-01-31,
HN,2018-02-28,
HN,2018-03-31,
HN,2018-04-30,
HN,2018-05-31,
HN,2018-06-30,
HN,2018-07-31,
HN,2018-08-31,
HN,2018-09-30,
HN,2018-10-31,
HN,2018-11-30,
HN,2018-12-31,
HN,2019-01-31,
HN,2019-02-28,
HN,2019-03-31,
HN,2019-04-30,
HN,2019-05-31,
HN,2019-06-30,
HN,2019-07-31,
HN,2019-08-31,
HN,2019-09-30,
HN,2019-10-31,
HN,2019-11-30,
HN,2019-12-31,
HN,2020-01-31,
HN,2020-02-29,
HN,2020-03-31,
HN,2020-04-30,
HN,2020-05-31,
HN,2020-06-30,
HN,2020-07-31,
HN,2020-08-31,
HN,2020-09-30,
HN,2020-10-31,
HN,2020-11-30,
HN,2020-12-31,
HN,2021-01-31,
HN,2021-02-28,
HN,2021-03-31,
HN,2021-04-30,
HN,2021-05-31,
HN,2021-06-30,
HN,2021-07-31,
HN,2021-08-31,
HN,2021-09-30,
HN,2021-10-31,
HN,2021-11-30,
HN,2021-12-31,
HN,2022-01-31,
HN,2022-02-28,
HN,2022-03-31,
HN,2022-04-30,
HN,2022-05-31,
HN,2022-06-30,
HN,2022-07-31,
HN,2022-08-31,
HN,2022-09-30,
HN,2022-10-31,
HN,2022-11-30,
HN,2022-12-31,
HN,2023-01-31,
HN,2023-02-28,
HN,2023-03-31,
HN,2023-04-30,
HN,2023-05-31,
HN,2023-06-30,
HN,2023-07-31,
HN,2023-08-31,
HN,2023-09-30,
HN,2023-10-31,
HN,2023-11-30,
HN,2023-12-31,
HN,2024-01-31,
HN,2024-02-29,
HN,2024-03-31,
HN,2024-04-30,
HN,2024-05-31,
HN,2024-06-30,
HN,2024-07-31,
HN,2024-08-31,
HN,2024-09-30,
HN,2024-10-31,
HN,2024-11-30,
HN,2024-12-31,
HN,2025-01-31,
HR,2002-01-31,
HR,2002-02-28,
HR,2002-03-31,
HR,2002-04-30,
HR,2002-05-31,
HR,2002-06-30,
HR,2002-07-31,
HR,2002-08-31,
HR,2002-09-30,
HR,2002-10-31,
HR,2002-11-30,
HR,2002-12-31,
HR,2003-01-31,
HR,2003-02-28,
HR,2003-03-31,
HR,2003-04-30,
HR,2003-05-31,
HR,2003-06-30,
HR,2003-07-31,
HR,2003-08-31,
HR,2003-09-30,
HR,2003-10-31,
HR,2003-11-30,
HR,2003-12-31,
HR,2004-01-31,
HR,2004-02-29,
HR,2004-03-31,
HR,2004-04-30,
HR,2004-05-31,
HR,2004-06-30,
HR,2004-07-31,
HR,2004-08-31,
HR,2004-09-30,
HR,2004-10-31,
HR,2004-11-30,
HR,2004-12-31,
HR,2005-01-31,
HR,2005-02-28,
HR,2005-03-31,
HR,2005-04-30,
HR,2005-05-31,
HR,2005-06-30,
HR,2005-07-31,
HR,2005-08-31,
HR,2005-09-30,
HR,2005-10-31,
HR,2005-11-30,
HR,2005-12-31,
HR,2006-01-31,
HR,2006-02-28,
HR,2006-03-31,
HR,2006-04-30,
HR,2006-05-31,
HR,2006-06-30,
HR,2006-07-31,
HR,2006-08-31,
HR,2006-09-30,
HR,2006-10-31,
HR,2006-11-30,
HR,2006-12-31,
HR,2007-01-31,
HR,2007-02-28,
HR,2007-03-31,
HR,2007-04-30,
HR,2007-05-31,
HR,2007-06-30,
HR,2007-07-31,
HR,2007-08-31,
HR,2007-09-30,
HR,2007-10-31,
HR,2007-11-30,
HR,2007-12-31,
HR,2008-01-31,
HR,2008-02-29,
HR,2008-03-31,
HR,2008-04-30,
HR,2008-05-31,
HR,2008-06-30,
HR,2008-07-31,
HR,2008-08-31,
HR,2008-09-30,
HR,2008-10-31,
HR,2008-11-30,
HR,2008-12-31,
HR,2009-01-31,
HR,2009-02-28,
HR,2009-03-31,
HR,2009-04-30,
HR,2009-05-31,
HR,2009-06-30,
HR,2009-07-31,
HR,2009-08-31,
HR,2009-09-30,
HR,2009-10-31,
HR,2009-11-30,
HR,2009-12-31,
HR,2010-01-31,
HR,2010-02-28,
HR,2010-03-31,
HR,2010-04-30,
HR,2010-05-31,
HR,2010-06-30,
HR,2010-07-31,
HR,2010-08-31,
HR,2010-09-30,
HR,2010-10-31,
HR,2010-11-30,
HR,2010-12-31,
HR,2011-01-31,
HR,2011-02-28,
HR,2011-03-31,
HR,2011-04-30,
HR,2011-05-31,
HR,2011-06-30,
HR,2011-07-31,
HR,2011-08-31,
HR,2011-09-30,
HR,2011-10-31,
HR,2011-11-30,
HR,2011-12-31,
HR,2012-01-31,
HR,2012-02-29,
HR,2012-03-31,
HR,2012-04-30,
HR,2012-05-31,
HR,2012-06-30,
HR,2012-07-31,
HR,2012-08-31,
HR,2012-09-30,
HR,2012-10-31,
HR,2012-11-30,
HR,2012-12-31,
HR,2013-01-31,
HR,2013-02-28,
HR,2013-03-31,
HR,2013-04-30,
HR,2013-05-31,
HR,2013-06-30,
HR,2013-07-31,
HR,2013-08-31,
HR,2013-09-30,
HR,2013-10-31,
HR,2013-11-30,
HR,2013-12-31,
HR,2014-01-31,
HR,2014-02-28,
HR,2014-03-31,
HR,2014-04-30,
HR,2014-05-31,
HR,2014-06-30,
HR,2014-07-31,
HR,2014-08-31,
HR,2014-09-30,
HR,2014-10-31,
HR,2014-11-30,
HR,2014-12-31,
HR,2015-01-31,
HR,2015-02-28,
HR,2015-03-31,
HR,2015-04-30,
HR,2015-05-31,
HR,2015-06-30,
HR,2015-07-31,
HR,2015-08-31,
HR,2015-09-30,
HR,2015-10-31,
HR,2015-11-30,
HR,2015-12-31,
HR,2016-01-31,
HR,2016-02-29,
HR,2016-03-31,
HR,2016-04-30,
HR,2016-05-31,
HR,2016-06-30,
HR,2016-07-31,
HR,2016-08-31,
HR,2016-09-30,
HR,2016-10-31,
HR,2016-11-30,
HR,2016-12-31,
HR,2017-01-31,
HR,2017-02-28,
HR,2017-03-31,
HR,2017-04-30,
HR,2017-05-31,
HR,2017-06-30,
HR,2017-07-31,
HR,2017-08-31,
HR,2017-09-30,
HR,2017-10-31,
HR,2017-11-30,
HR,2017-12-31,
HR,2018-01-31,
HR,2018-02-28,
HR,2018-03-31,
HR,2018-04-30,
HR,2018-05-31,
HR,2018-06-30,
HR,2018-07-31,
HR,2018-08-31,
HR,2018-09-30,
HR,2018-10-31,
HR,2018-11-30,
HR,2018-12-31,
HR,2019-01-31,
HR,2019-02-28,
HR,2019-03-31,
HR,2019-04-30,
HR,2019-05-31,
HR,2019-06-30,
HR,2019-07-31,
HR,2019-08-31,
HR,2019-09-30,
HR,2019-10-31,
HR,2019-11-30,
HR,2019-12-31,
HR,2020-01-31,
HR,2020-02-29,
HR,2020-03-31,
HR,2020-04-30,
HR,2020-05-31,
HR,2020-06-30,
HR,2020-07-31,
HR,2020-08-31,
HR,2020-09-30,
HR,2020-10-31,
HR,2020-11-30,
HR,2020-12-31,
HR,2021-01-31,
HR,2021-02-28,
HR,2021-03-31,
HR,2021-04-30,
HR,2021-05-31,
HR,2021-06-30,
HR,2021-07-31,
HR,2021-08-31,
HR,2021-09-30,
HR,2021-10-31,
HR,2021-11-30,
HR,2021-12-31,
HR,2022-01-31,
HR,2022-02-28,
HR,2022-03-31,
HR,2022-04-30,
HR,2022-05-31,
HR,2022-06-30,
HR,2022-07-31,
HR,2022-08-31,
HR,2022-09-30,
HR,2022-10-31,
HR,2022-11-30,
HR,2022-12-31,
HR,2023-01-31,
HR,2023-02-28,
HR,2023-03-31,
HR,2023-04-30,
HR,2023-05-31,
HR,2023-06-30,
HR,2023-07-31,
HR,2023-08-31,
HR,2023-09-30,
HR,2023-10-31,
HR,2023-11-30,
HR,2023-12-31,
HR,2024-01-31,
HR,2024-02-29,
HR,2024-03-31,
HR,2024-04-30,
HR,2024-05-31,
HR,2024-06-30,
HR,2024-07-31,
HR,2024-08-31,
HR,2024-09-30,
HR,2024-10-31,
HR,2024-11-30,
HR,2024-12-31,
HR,2025-01-31,
HR,2025-02-28,
HR,2025-03-31,
HT,2002-01-31,
HT,2002-02-28,
HT,2002-03-31,
HT,2002-04-30,
HT,2002-05-31,
HT,2002-06-30,
HT,2002-07-31,
HT,2002-08-31,
HT,2002-09-30,
HT,2002-10-31,
HT,2002-11-30,
HT,2002-12-31,
HT,2003-01-31,
HT,2003-02-28,
HT,2003-03-31,
HT,2003-04-30,
HT,2003-05-31,
HT,2003-06-30,
HT,2003-07-31,
HT,2003-08-31,
HT,2003-09-30,
HT,2003-10-31,
HT,2003-11-30,
HT,2003-12-31,
HT,2004-01-31,
HT,2004-02-29,
HT,2004-03-31,
HT,2004-04-30,
HT,2004-05-31,
HT,2004-06-30,
HT,2004-07-31,
HT,2004-08-31,
HT,2004-09-30,
HT,2004-10-31,
HT,2004-11-30,
HT,2004-12-31,
HT,2005-01-31,
HT,2005-02-28,
HT,2005-03-31,
HT,2005-04-30,
HT,2005-05-31,
HT,2005-06-30,
HT,2005-07-31,
HT,2005-08-31,
HT,2005-09-30,
HT,2005-10-31,
HT,2005-11-30,
HT,2005-12-31,
HT,2006-01-31,
HT,2006-02-28,
HT,2006-03-31,
HT,2006-04-30,
HT,2006-05-31,
HT,2006-06-30,
HT,2006-07-31,
HT,2006-08-31,
HT,2006-09-30,
HT,2006-10-31,
HT,2006-11-30,
HT,2006-12-31,
HT,2007-01-31,
HT,2007-02-28,
HT,2007-03-31,
HT,2007-04-30,
HT,2007-05-31,
HT,2007-06-30,
HT,2007-07-31,
HT,2007-08-31,
HT,2007-09-30,
HT,2007-10-31,
HT,2007-11-30,
HT,2007-12-31,
HT,2008-01-31,
HT,2008-02-29,
HT,2008-03-31,
HT,2008-04-30,
HT,2008-05-31,
HT,2008-06-30,
HT,2008-07-31,
HT,2008-08-31,
HT,2008-09-30,
HT,2008-10-31,
HT,2008-11-30,
HT,2008-12-31,
HT,2009-01-31,0.0
HT,2009-02-28,0.0
HT,2009-03-31,0.0
HT,2009-04-30,0.0
HT,2009-05-31,0.0
HT,2009-06-30,0.0
HT,2009-07-31,0.0
HT,2009-08-31,0.0
HT,2009-09-30,0.0
HT,2009-10-31,0.0
HT,2009-11-30,0.0
HT,2009-12-31,0.0
HT,2010-01-31,0.0
HT,2010-02-28,0.0
HT,2010-03-31,0.0
HT,2010-04-30,0.0
HT,2010-05-31,0.0
HT,2010-06-30,0.0
HT,2010-07-31,0.0
HT,2010-08-31,0.0
HT,2010-09-30,0.0
HT,2010-10-31,0.0
HT,2010-11-30,0.0
HT,2010-12-31,0.0
HT,2011-01-31,0.0
HT,2011-02-28,0.0
HT,2011-03-31,0.0
HT,2011-04-30,0.0
HT,2011-05-31,0.0
HT,2011-06-30,0.0
HT,2011-07-31,0.0
HT,2011-08-31,0.0
HT,2011-09-30,0.0
HT,2011-10-31,0.0
HT,2011-11-30,0.0
HT,2011-12-31,0.0
HT,2012-01-31,0.0
HT,2012-02-29,0.0
HT,2012-03-31,0.0
HT,2012-04-30,0.0
HT,2012-05-31,0.0
HT,2012-06-30,0.0
HT,2012-07-31,0.0
HT,2012-08-31,0.0
HT,2012-09-30,0.0
HT,2012-10-31,0.0
HT,2012-11-30,0.0
HT,2012-12-31,0.0
HT,2013-01-31,0.0
HT,2013-02-28,0.0
HT,2013-03-31,0.0
HT,2013-04-30,0.0
HT,2013-05-31,0.0
HT,2013-06-30,0.0
HT,2013-07-31,0.0
HT,2013-08-31,0.0
HT,2013-09-30,0.0
HT,2013-10-31,0.0
HT,2013-11-30,0.0
HT,2013-12-31,0.0
HT,2014-01-31,0.0
HT,2014-02-28,0.0
HT,2014-03-31,0.0
HT,2014-04-30,0.0
HT,2014-05-31,0.0
HT,2014-06-30,0.0
HT,2014-07-31,0.0
HT,2014-08-31,0.0
HT,2014-09-30,0.0
HT,2014-10-31,0.0
HT,2014-11-30,0.0
HT,2014-12-31,0.0
HT,2015-01-31,0.0
HT,2015-02-28,0.0
HT,2015-03-31,0.0
HT,2015-04-30,0.0
HT,2015-05-31,0.0
HT,2015-06-30,0.0
HT,2015-07-31,0.0
HT,2015-08-31,0.0
HT,2015-09-30,0.0
HT,2015-10-31,0.0
HT,2015-11-30,0.0
HT,2015-12-31,0.0
HT,2016-01-31,0.0
HT,2016-02-29,0.0
HT,2016-03-31,0.0
HT,2016-04-30,0.0
HT,2016-05-31,0.0
HT,2016-06-30,0.0
HT,2016-07-31,0.0
HT,2016-08-31,
HT,2016-09-30,
HT,2016-10-31,
HT,2016-11-30,
HT,2016-12-31,
HT,2017-01-31,
HT,2017-02-28,
HT,2017-03-31,
HT,2017-04-30,
HT,2017-05-31,
HT,2017-06-30,
HT,2017-07-31,
HT,2017-08-31,
HT,2017-09-30,
HT,2017-10-31,
HT,2017-11-30,
HT,2017-12-31,
HT,2018-01-31,
HT,2018-02-28,
HT,2018-03-31,
HT,2018-04-30,
HT,2018-05-31,
HT,2018-06-30,
HT,2018-07-31,
HT,2018-08-31,
HT,2018-09-30,
HT,2018-10-31,
HT,2018-11-30,
HT,2018-12-31,
HT,2019-01-31,
HT,2019-02-28,
HT,2019-03-31,
HT,2019-04-30,
HT,2019-05-31,
HT,2019-06-30,
HT,2019-07-31,
HT,2019-08-31,
HT,2019-09-30,
HT,2019-10-31,
HT,2019-11-30,
HT,2019-12-31,
HT,2020-01-31,
HT,2020-02-29,
HT,2020-03-31,
HT,2020-04-30,
HT,2020-05-31,
HT,2020-06-30,
HT,2020-07-31,
HT,2020-08-31,
HT,2020-09-30,
HT,2020-10-31,
HT,2020-11-30,
HT,2020-12-31,
HT,2021-01-31,
HT,2021-02-28,
HT,2021-03-31,
HT,2021-04-30,
HT,2021-05-31,
HT,2021-06-30,
HT,2021-07-31,
HT,2021-08-31,
HT,2021-09-30,
HT,2021-10-31,
HT,2021-11-30,
HT,2021-12-31,
HT,2022-01-31,
HT,2022-02-28,
HT,2022-03-31,
HT,2022-04-30,
HT,2022-05-31,
HT,2022-06-30,
HT,2022-07-31,
HT,2022-08-31,
HT,2022-09-30,
HT,2022-10-31,
HT,2022-11-30,
HT,2022-12-31,
HT,2023-01-31,
HT,2023-02-28,
HT,2023-03-31,
HT,2023-04-30,
HT,2023-05-31,
HT,2023-06-30,
HT,2023-07-31,
HT,2023-08-31,
HT,2023-09-30,
HT,2023-10-31,
HT,2023-11-30,
HT,2023-12-31,
HT,2024-01-31,
HT,2024-02-29,
HT,2024-03-31,
HT,2024-04-30,
HT,2024-05-31,
HT,2024-06-30,
HT,2024-07-31,
HT,2024-08-31,
HT,2024-09-30,
HT,2024-10-31,
HT,2024-11-30,
HT,2024-12-31,
HT,2025-01-31,
IN,2002-01-31,
IN,2002-02-28,
IN,2002-03-31,
IN,2002-04-30,
IN,2002-05-31,
IN,2002-06-30,
IN,2002-07-31,
IN,2002-08-31,
IN,2002-09-30,
IN,2002-10-31,
IN,2002-11-30,
IN,2002-12-31,
IN,2003-01-31,
IN,2003-02-28,
IN,2003-03-31,
IN,2003-04-30,
IN,2003-05-31,
IN,2003-06-30,
IN,2003-07-31,
IN,2003-08-31,
IN,2003-09-30,
IN,2003-10-31,
IN,2003-11-30,
IN,2003-12-31,
IN,2004-01-31,
IN,2004-02-29,
IN,2004-03-31,
IN,2004-04-30,
IN,2004-05-31,
IN,2004-06-30,
IN,2004-07-31,
IN,2004-08-31,
IN,2004-09-30,
IN,2004-10-31,
IN,2004-11-30,
IN,2004-12-31,
IN,2005-01-31,
IN,2005-02-28,
IN,2005-03-31,
IN,2005-04-30,
IN,2005-05-31,
IN,2005-06-30,
IN,2005-07-31,
IN,2005-08-31,
IN,2005-09-30,
IN,2005-10-31,
IN,2005-11-30,
IN,2005-12-31,
IN,2006-01-31,
IN,2006-02-28,
IN,2006-03-31,
IN,2006-04-30,
IN,2006-05-31,
IN,2006-06-30,
IN,2006-07-31,
IN,2006-08-31,
IN,2006-09-30,
IN,2006-10-31,
IN,2006-11-30,
IN,2006-12-31,
IN,2007-01-31,
IN,2007-02-28,
IN,2007-03-31,
IN,2007-04-30,
IN,2007-05-31,
IN,2007-06-30,
IN,2007-07-31,
IN,2007-08-31,
IN,2007-09-30,
IN,2007-10-31,
IN,2007-11-30,
IN,2007-12-31,
IN,2008-01-31,
IN,2008-02-29,
IN,2008-03-31,
IN,2008-04-30,
IN,2008-05-31,
IN,2008-06-30,
IN,2008-07-31,
IN,2008-08-31,
IN,2008-09-30,
IN,2008-10-31,
IN,2008-11-30,
IN,2008-12-31,
IN,2009-01-31,
IN,2009-02-28,
IN,2009-03-31,
IN,2009-04-30,
IN,2009-05-31,
IN,2009-06-30,
IN,2009-07-31,
IN,2009-08-31,
IN,2009-09-30,
IN,2009-10-31,
IN,2009-11-30,
IN,2009-12-31,
IN,2010-01-31,
IN,2010-02-28,
IN,2010-03-31,
IN,2010-04-30,
IN,2010-05-31,
IN,2010-06-30,
IN,2010-07-31,
IN,2010-08-31,
IN,2010-09-30,
IN,2010-10-31,
IN,2010-11-30,
IN,2010-12-31,
IN,2011-01-31,
IN,2011-02-28,
IN,2011-03-31,
IN,2011-04-30,
IN,2011-05-31,
IN,2011-06-30,
IN,2011-07-31,
IN,2011-08-31,
IN,2011-09-30,
IN,2011-10-31,
IN,2011-11-30,
IN,2011-12-31,
IN,2012-01-31,
IN,2012-02-29,
IN,2012-03-31,
IN,2012-04-30,
IN,2012-05-31,
IN,2012-06-30,
IN,2012-07-31,
IN,2012-08-31,
IN,2012-09-30,
IN,2012-10-31,
IN,2012-11-30,
IN,2012-12-31,
IN,2013-01-31,
IN,2013-02-28,
IN,2013-03-31,
IN,2013-04-30,
IN,2013-05-31,
IN,2013-06-30,
IN,2013-07-31,
IN,2013-08-31,
IN,2013-09-30,
IN,2013-10-31,
IN,2013-11-30,
IN,2013-12-31,
IN,2014-01-31,
IN,2014-02-28,
IN,2014-03-31,
IN,2014-04-30,
IN,2014-05-31,
IN,2014-06-30,
IN,2014-07-31,
IN,2014-08-31,
IN,2014-09-30,
IN,2014-10-31,
IN,2014-11-30,
IN,2014-12-31,
IN,2015-01-31,
IN,2015-02-28,
IN,2015-03-31,
IN,2015-04-30,
IN,2015-05-31,
IN,2015-06-30,
IN,2015-07-31,
IN,2015-08-31,
IN,2015-09-30,
IN,2015-10-31,
IN,2015-11-30,
IN,2015-12-31,
IN,2016-01-31,
IN,2016-02-29,
IN,2016-03-31,
IN,2016-04-30,
IN,2016-05-31,
IN,2016-06-30,
IN,2016-07-31,
IN,2016-08-31,
IN,2016-09-30,
IN,2016-10-31,
IN,2016-11-30,
IN,2016-12-31,
IN,2017-01-31,
IN,2017-02-28,
IN,2017-03-31,
IN,2017-04-30,
IN,2017-05-31,
IN,2017-06-30,
IN,2017-07-31,
IN,2017-08-31,
IN,2017-09-30,
IN,2017-10-31,
IN,2017-11-30,
IN,2017-12-31,
IN,2018-01-31,
IN,2018-02-28,
IN,2018-03-31,
IN,2018-04-30,
IN,2018-05-31,
IN,2018-06-30,
IN,2018-07-31,
IN,2018-08-31,
IN,2018-09-30,
IN,2018-10-31,
IN,2018-11-30,
IN,2018-12-31,
IN,2019-01-31,
IN,2019-02-28,
IN,2019-03-31,
IN,2019-04-30,
IN,2019-05-31,
IN,2019-06-30,
IN,2019-07-31,
IN,2019-08-31,
IN,2019-09-30,
IN,2019-10-31,
IN,2019-11-30,
IN,2019-12-31,
IN,2020-01-31,
IN,2020-02-29,
IN,2020-03-31,
IN,2020-04-30,
IN,2020-05-31,
IN,2020-06-30,
IN,2020-07-31,
IN,2020-08-31,
IN,2020-09-30,
IN,2020-10-31,
IN,2020-11-30,
IN,2020-12-31,
IN,2021-01-31,
IN,2021-02-28,
IN,2021-03-31,
IN,2021-04-30,
IN,2021-05-31,
IN,2021-06-30,
IN,2021-07-31,
IN,2021-08-31,
IN,2021-09-30,
IN,2021-10-31,
IN,2021-11-30,
IN,2021-12-31,
IN,2022-01-31,
IN,2022-02-28,
IN,2022-03-31,
IN,2022-04-30,
IN,2022-05-31,
IN,2022-06-30,
IN,2022-07-31,
IN,2022-08-31,
IN,2022-09-30,
IN,2022-10-31,
IN,2022-11-30,
IN,2022-12-31,
IN,2023-01-31,
IN,2023-02-28,
IN,2023-03-31,
IN,2023-04-30,
IN,2023-05-31,
IN,2023-06-30,
IN,2023-07-31,
IN,2023-08-31,
IN,2023-09-30,
IN,2023-10-31,
IN,2023-11-30,
IN,2023-12-31,
IN,2024-01-31,
IN,2024-02-29,
IN,2024-03-31,
IN,2024-04-30,
IN,2024-05-31,
IN,2024-06-30,
IN,2024-07-31,
IN,2024-08-31,
IN,2024-09-30,
IN,2024-10-31,
IN,2024-11-30,
IN,2024-12-31,
IN,2025-01-31,
IN,2025-02-28,
IN,2025-03-31,
IQ,2002-01-31,
IQ,2002-02-28,
IQ,2002-03-31,
IQ,2002-04-30,
IQ,2002-05-31,
IQ,2002-06-30,
IQ,2002-07-31,
IQ,2002-08-31,
IQ,2002-09-30,
IQ,2002-10-31,
IQ,2002-11-30,
IQ,2002-12-31,
IQ,2003-01-31,
IQ,2003-02-28,
IQ,2003-03-31,
IQ,2003-04-30,
IQ,2003-05-31,
IQ,2003-06-30,
IQ,2003-07-31,
IQ,2003-08-31,
IQ,2003-09-30,
IQ,2003-10-31,
IQ,2003-11-30,
IQ,2003-12-31,
IQ,2004-01-31,
IQ,2004-02-29,
IQ,2004-03-31,
IQ,2004-04-30,
IQ,2004-05-31,
IQ,2004-06-30,
IQ,2004-07-31,
IQ,2004-08-31,
IQ,2004-09-30,
IQ,2004-10-31,
IQ,2004-11-30,
IQ,2004-12-31,
IQ,2005-01-31,
IQ,2005-02-28,
IQ,2005-03-31,
IQ,2005-04-30,
IQ,2005-05-31,
IQ,2005-06-30,
IQ,2005-07-31,
IQ,2005-08-31,
IQ,2005-09-30,
IQ,2005-10-31,
IQ,2005-11-30,
IQ,2005-12-31,
IQ,2006-01-31,
IQ,2006-02-28,
IQ,2006-03-31,
IQ,2006-04-30,
IQ,2006-05-31,
IQ,2006-06-30,
IQ,2006-07-31,
IQ,2006-08-31,
IQ,2006-09-30,
IQ,2006-10-31,
IQ,2006-11-30,
IQ,2006-12-31,
IQ,2007-01-31,
IQ,2007-02-28,
IQ,2007-03-31,
IQ,2007-04-30,
IQ,2007-05-31,
IQ,2007-06-30,
IQ,2007-07-31,
IQ,2007-08-31,
IQ,2007-09-30,
IQ,2007-10-31,
IQ,2007-11-30,
IQ,2007-12-31,
IQ,2008-01-31,
IQ,2008-02-29,
IQ,2008-03-31,
IQ,2008-04-30,
IQ,2008-05-31,
IQ,2008-06-30,
IQ,2008-07-31,
IQ,2008-08-31,
IQ,2008-09-30,
IQ,2008-10-31,
IQ,2008-11-30,
IQ,2008-12-31,
IQ,2009-01-31,1891.0
IQ,2009-02-28,1960.0
IQ,2009-03-31,2201.0
IQ,2009-04-30,1650.0
IQ,2009-05-31,2046.0
IQ,2009-06-30,2400.0
IQ,2009-07-31,2697.0
IQ,2009-08-31,2387.0
IQ,2009-09-30,2490.0
IQ,2009-10-31,1953.0
IQ,2009-11-30,1680.0
IQ,2009-12-31,2015.0
IQ,2010-01-31,1829.0
IQ,2010-02-28,1596.0
IQ,2010-03-31,1519.0
IQ,2010-04-30,1920.0
IQ,2010-05-31,2046.0
IQ,2010-06-30,2040.0
IQ,2010-07-31,2387.0
IQ,2010-08-31,1922.0
IQ,2010-09-30,1920.0
IQ,2010-10-31,2170.0
IQ,2010-11-30,1770.0
IQ,2010-12-31,2480.0
IQ,2011-01-31,2170.0
IQ,2011-02-28,1708.0
IQ,2011-03-31,1829.0
IQ,2011-04-30,1620.0
IQ,2011-05-31,1643.0
IQ,2011-06-30,1890.0
IQ,2011-07-31,2015.0
IQ,2011-08-31,2201.0
IQ,2011-09-30,2250.0
IQ,2011-10-31,1519.0
IQ,2011-11-30,2220.0
IQ,2011-12-31,2077.0
IQ,2012-01-31,2046.0
IQ,2012-02-29,1798.0
IQ,2012-03-31,1798.0
IQ,2012-04-30,1680.0
IQ,2012-05-31,1674.0
IQ,2012-06-30,2070.0
IQ,2012-07-31,1922.0
IQ,2012-08-31,2046.0
IQ,2012-09-30,2070.0
IQ,2012-10-31,1767.0
IQ,2012-11-30,1440.0
IQ,2012-12-31,1674.0
IQ,2013-01-31,1829.0
IQ,2013-02-28,
IQ,2013-03-31,1798.0
IQ,2013-04-30,1680.0
IQ,2013-05-31,2418.0
IQ,2013-06-30,2670.0
IQ,2013-07-31,4123.0
IQ,2013-08-31,4495.0
IQ,2013-09-30,3660.0
IQ,2013-10-31,3038.0
IQ,2013-11-30,2610.0
IQ,2013-12-31,4030.0
IQ,2014-01-31,4154.0
IQ,2014-02-28,3836.0
IQ,2014-03-31,3224.0
IQ,2014-04-30,3450.0
IQ,2014-05-31,4371.0
IQ,2014-06-30,4260.0
IQ,2014-07-31,4805.0
IQ,2014-08-31,4712.0
IQ,2014-09-30,4800.0
IQ,2014-10-31,4433.0
IQ,2014-11-30,3390.0
IQ,2014-12-31,4712.0
IQ,2015-01-31,4681.0
IQ,2015-02-28,3920.0
IQ,2015-03-31,3472.0
IQ,2015-04-30,3600.0
IQ,2015-05-31,5084.0
IQ,2015-06-30,5700.0
IQ,2015-07-31,6913.0
IQ,2015-08-31,6882.0
IQ,2015-09-30,6690.0
IQ,2015-10-31,5735.0
IQ,2015-11-30,3780.0
IQ,2015-12-31,5456.0
IQ,2016-01-31,4991.0
IQ,2016-02-29,4437.0
IQ,2016-03-31,3379.0
IQ,2016-04-30,3720.0
IQ,2016-05-31,4526.0
IQ,2016-06-30,5610.0
IQ,2016-07-31,6014.0
IQ,2016-08-31,6386.0
IQ,2016-09-30,5850.0
IQ,2016-10-31,5022.0
IQ,2016-11-30,5070.0
IQ,2016-12-31,6727.0
IQ,2017-01-31,6479.0
IQ,2017-02-28,5460.0
IQ,2017-03-31,4061.0
IQ,2017-04-30,3990.0
IQ,2017-05-31,5549.0
IQ,2017-06-30,6270.0
IQ,2017-07-31,3410.0
IQ,2017-08-31,2294.0
IQ,2017-09-30,0.0
IQ,2017-10-31,2542.0
IQ,2017-11-30,3990.0
IQ,2017-12-31,0.0
IQ,2018-01-31,2480.0
IQ,2018-02-28,532.0
IQ,2018-03-31,868.0
IQ,2018-04-30,3450.0
IQ,2018-05-31,961.0
IQ,2018-06-30,0.0
IQ,2018-07-31,961.0
IQ,2018-08-31,0.0
IQ,2018-09-30,1050.0
IQ,2018-10-31,930.0
IQ,2018-11-30,930.0
IQ,2018-12-31,744.0
IQ,2019-01-31,589.0
IQ,2019-02-28,2884.0
IQ,2019-03-31,1333.0
IQ,2019-04-30,330.0
IQ,2019-05-31,372.0
IQ,2019-06-30,390.0
IQ,2019-07-31,310.0
IQ,2019-08-31,341.0
IQ,2019-09-30,240.0
IQ,2019-10-31,2635.0
IQ,2019-11-30,300.0
IQ,2019-12-31,434.0
IQ,2020-01-31,4588.0
IQ,2020-02-29,1189.0
IQ,2020-03-31,1209.0
IQ,2020-04-30,2460.0
IQ,2020-05-31,310.0
IQ,2020-06-30,240.0
IQ,2020-07-31,558.0
IQ,2020-08-31,310.0
IQ,2020-09-30,30.0
IQ,2020-10-31,310.0
IQ,2020-11-30,300.0
IQ,2020-12-31,310.0
IQ,2021-01-31,620.0
IQ,2021-02-28,280.0
IQ,2021-03-31,310.0
IQ,2021-04-30,300.0
IQ,2021-05-31,1550.0
IQ,2021-06-30,1500.0
IQ,2021-07-31,1550.0
IQ,2021-08-31,1550.0
IQ,2021-09-30,300.0
IQ,2021-10-31,310.0
IQ,2021-11-30,300.0
IQ,2021-12-31,310.0
IQ,2022-01-31,310.0
IQ,2022-02-28,280.0
IQ,2022-03-31,310.0
IQ,2022-04-30,3000.0
IQ,2022-05-31,5890.0
IQ,2022-06-30,7620.0
IQ,2022-07-31,7843.0
IQ,2022-08-31,7409.0
IQ,2022-09-30,6960.0
IQ,2022-10-31,5425.0
IQ,2022-11-30,4140.0
IQ,2022-12-31,5487.0
IQ,2023-01-31,6572.0
IQ,2023-02-28,6076.0
IQ,2023-03-31,4061.0
IQ,2023-04-30,3720.0
IQ,2023-05-31,7068.0
IQ,2023-06-30,7950.0
IQ,2023-07-31,8153.0
IQ,2023-08-31,8277.0
IQ,2023-09-30,7320.0
IQ,2023-10-31,5053.0
IQ,2023-11-30,3180.0
IQ,2023-12-31,5270.0
IQ,2024-01-31,6324.0
IQ,2024-02-29,5684.0
IQ,2024-03-31,4154.0
IQ,2024-04-30,
IQ,2024-05-31,
IQ,2024-06-30,
IQ,2024-07-31,
IQ,2024-08-31,
IQ,2024-09-30,
IQ,2024-10-31,
IQ,2024-11-30,
IQ,2024-12-31,
IQ,2025-01-31,
IQ,2025-02-28,
IQ,2025-03-31,
IR,2002-01-31,
IR,2002-02-28,
IR,2002-03-31,
IR,2002-04-30,
IR,2002-05-31,
IR,2002-06-30,
IR,2002-07-31,
IR,2002-08-31,
IR,2002-09-30,
IR,2002-10-31,
IR,2002-11-30,
IR,2002-12-31,
IR,2003-01-31,
IR,2003-02-28,
IR,2003-03-31,
IR,2003-04-30,
IR,2003-05-31,
IR,2003-06-30,
IR,2003-07-31,
IR,2003-08-31,
IR,2003-09-30,
IR,2003-10-31,
IR,2003-11-30,
IR,2003-12-31,
IR,2004-01-31,
IR,2004-02-29,
IR,2004-03-31,
IR,2004-04-30,
IR,2004-05-31,
IR,2004-06-30,
IR,2004-07-31,
IR,2004-08-31,
IR,2004-09-30,
IR,2004-10-31,
IR,2004-11-30,
IR,2004-12-31,
IR,2005-01-31,
IR,2005-02-28,
IR,2005-03-31,
IR,2005-04-30,
IR,2005-05-31,
IR,2005-06-30,
IR,2005-07-31,
IR,2005-08-31,
IR,2005-09-30,
IR,2005-10-31,
IR,2005-11-30,
IR,2005-12-31,
IR,2006-01-31,
IR,2006-02-28,
IR,2006-03-31,
IR,2006-04-30,
IR,2006-05-31,
IR,2006-06-30,
IR,2006-07-31,
IR,2006-08-31,
IR,2006-09-30,
IR,2006-10-31,
IR,2006-11-30,
IR,2006-12-31,
IR,2007-01-31,
IR,2007-02-28,
IR,2007-03-31,
IR,2007-04-30,
IR,2007-05-31,
IR,2007-06-30,
IR,2007-07-31,
IR,2007-08-31,
IR,2007-09-30,
IR,2007-10-31,
IR,2007-11-30,
IR,2007-12-31,
IR,2008-01-31,
IR,2008-02-29,
IR,2008-03-31,
IR,2008-04-30,
IR,2008-05-31,
IR,2008-06-30,
IR,2008-07-31,
IR,2008-08-31,
IR,2008-09-30,
IR,2008-10-31,
IR,2008-11-30,
IR,2008-12-31,
IR,2009-01-31,0.0
IR,2009-02-28,0.0
IR,2009-03-31,0.0
IR,2009-04-30,0.0
IR,2009-05-31,0.0
IR,2009-06-30,0.0
IR,2009-07-31,0.0
IR,2009-08-31,0.0
IR,2009-09-30,0.0
IR,2009-10-31,0.0
IR,2009-11-30,0.0
IR,2009-12-31,0.0
IR,2010-01-31,0.0
IR,2010-02-28,0.0
IR,2010-03-31,0.0
IR,2010-04-30,0.0
IR,2010-05-31,0.0
IR,2010-06-30,0.0
IR,2010-07-31,0.0
IR,2010-08-31,0.0
IR,2010-09-30,0.0
IR,2010-10-31,0.0
IR,2010-11-30,0.0
IR,2010-12-31,0.0
IR,2011-01-31,0.0
IR,2011-02-28,0.0
IR,2011-03-31,0.0
IR,2011-04-30,0.0
IR,2011-05-31,0.0
IR,2011-06-30,0.0
IR,2011-07-31,0.0
IR,2011-08-31,
IR,2011-09-30,0.0
IR,2011-10-31,0.0
IR,2011-11-30,0.0
IR,2011-12-31,
IR,2012-01-31,0.0
IR,2012-02-29,0.0
IR,2012-03-31,0.0
IR,2012-04-30,0.0
IR,2012-05-31,0.0
IR,2012-06-30,
IR,2012-07-31,0.0
IR,2012-08-31,0.0
IR,2012-09-30,0.0
IR,2012-10-31,0.0
IR,2012-11-30,0.0
IR,2012-12-31,0.0
IR,2013-01-31,0.0
IR,2013-02-28,0.0
IR,2013-03-31,0.0
IR,2013-04-30,0.0
IR,2013-05-31,0.0
IR,2013-06-30,0.0
IR,2013-07-31,0.0
IR,2013-08-31,0.0
IR,2013-09-30,0.0
IR,2013-10-31,0.0
IR,2013-11-30,0.0
IR,2013-12-31,0.0
IR,2014-01-31,0.0
IR,2014-02-28,0.0
IR,2014-03-31,0.0
IR,2014-04-30,0.0
IR,2014-05-31,0.0
IR,2014-06-30,0.0
IR,2014-07-31,0.0
IR,2014-08-31,0.0
IR,2014-09-30,0.0
IR,2014-10-31,0.0
IR,2014-11-30,0.0
IR,2014-12-31,0.0
IR,2015-01-31,0.0
IR,2015-02-28,0.0
IR,2015-03-31,0.0
IR,2015-04-30,0.0
IR,2015-05-31,0.0
IR,2015-06-30,0.0
IR,2015-07-31,0.0
IR,2015-08-31,0.0
IR,2015-09-30,0.0
IR,2015-10-31,0.0
IR,2015-11-30,0.0
IR,2015-12-31,0.0
IR,2016-01-31,0.0
IR,2016-02-29,0.0
IR,2016-03-31,0.0
IR,2016-04-30,0.0
IR,2016-05-31,0.0
IR,2016-06-30,0.0
IR,2016-07-31,0.0
IR,2016-08-31,0.0
IR,2016-09-30,0.0
IR,2016-10-31,0.0
IR,2016-11-30,0.0
IR,2016-12-31,0.0
IR,2017-01-31,0.0
IR,2017-02-28,0.0
IR,2017-03-31,0.0
IR,2017-04-30,0.0
IR,2017-05-31,0.0
IR,2017-06-30,0.0
IR,2017-07-31,0.0
IR,2017-08-31,
IR,2017-09-30,
IR,2017-10-31,
IR,2017-11-30,0.0
IR,2017-12-31,0.0
IR,2018-01-31,0.0
IR,2018-02-28,0.0
IR,2018-03-31,0.0
IR,2018-04-30,0.0
IR,2018-05-31,0.0
IR,2018-06-30,0.0
IR,2018-07-31,0.0
IR,2018-08-31,
IR,2018-09-30,
IR,2018-10-31,
IR,2018-11-30,
IR,2018-12-31,
IR,2019-01-31,
IR,2019-02-28,
IR,2019-03-31,
IR,2019-04-30,
IR,2019-05-31,
IR,2019-06-30,
IR,2019-07-31,
IR,2019-08-31,
IR,2019-09-30,
IR,2019-10-31,
IR,2019-11-30,
IR,2019-12-31,
IR,2020-01-31,
IR,2020-02-29,
IR,2020-03-31,
IR,2020-04-30,
IR,2020-05-31,
IR,2020-06-30,
IR,2020-07-31,
IR,2020-08-31,
IR,2020-09-30,
IR,2020-10-31,
IR,2020-11-30,
IR,2020-12-31,
IR,2021-01-31,
IR,2021-02-28,
IR,2021-03-31,
IR,2021-04-30,
IR,2021-05-31,
IR,2021-06-30,
IR,2021-07-31,
IR,2021-08-31,
IR,2021-09-30,
IR,2021-10-31,
IR,2021-11-30,
IR,2021-12-31,
IR,2022-01-31,
IR,2022-02-28,
IR,2022-03-31,
IR,2022-04-30,
IR,2022-05-31,
IR,2022-06-30,
IR,2022-07-31,
IR,2022-08-31,
IR,2022-09-30,
IR,2022-10-31,
IR,2022-11-30,
IR,2022-12-31,
IR,2023-01-31,
IR,2023-02-28,
IR,2023-03-31,
IR,2023-04-30,
IR,2023-05-31,
IR,2023-06-30,
IR,2023-07-31,
IR,2023-08-31,
IR,2023-09-30,
IR,2023-10-31,
IR,2023-11-30,
IR,2023-12-31,
IR,2024-01-31,
IR,2024-02-29,
IR,2024-03-31,
IR,2024-04-30,
IR,2024-05-31,
IR,2024-06-30,
IR,2024-07-31,
IR,2024-08-31,
IR,2024-09-30,
IR,2024-10-31,
IR,2024-11-30,
IR,2024-12-31,
IR,2025-01-31,
IR,2025-02-28,
IR,2025-03-31,
JM,2002-01-31,
JM,2002-02-28,
JM,2002-03-31,
JM,2002-04-30,
JM,2002-05-31,
JM,2002-06-30,
JM,2002-07-31,
JM,2002-08-31,
JM,2002-09-30,
JM,2002-10-31,
JM,2002-11-30,
JM,2002-12-31,
JM,2003-01-31,
JM,2003-02-28,
JM,2003-03-31,
JM,2003-04-30,
JM,2003-05-31,
JM,2003-06-30,
JM,2003-07-31,
JM,2003-08-31,
JM,2003-09-30,
JM,2003-10-31,
JM,2003-11-30,
JM,2003-12-31,
JM,2004-01-31,
JM,2004-02-29,
JM,2004-03-31,
JM,2004-04-30,
JM,2004-05-31,
JM,2004-06-30,
JM,2004-07-31,
JM,2004-08-31,
JM,2004-09-30,
JM,2004-10-31,
JM,2004-11-30,
JM,2004-12-31,
JM,2005-01-31,
JM,2005-02-28,
JM,2005-03-31,
JM,2005-04-30,
JM,2005-05-31,
JM,2005-06-30,
JM,2005-07-31,
JM,2005-08-31,
JM,2005-09-30,
JM,2005-10-31,
JM,2005-11-30,
JM,2005-12-31,
JM,2006-01-31,
JM,2006-02-28,
JM,2006-03-31,
JM,2006-04-30,
JM,2006-05-31,
JM,2006-06-30,
JM,2006-07-31,
JM,2006-08-31,
JM,2006-09-30,
JM,2006-10-31,
JM,2006-11-30,
JM,2006-12-31,
JM,2007-01-31,
JM,2007-02-28,
JM,2007-03-31,
JM,2007-04-30,
JM,2007-05-31,
JM,2007-06-30,
JM,2007-07-31,
JM,2007-08-31,
JM,2007-09-30,
JM,2007-10-31,
JM,2007-11-30,
JM,2007-12-31,
JM,2008-01-31,
JM,2008-02-29,
JM,2008-03-31,
JM,2008-04-30,
JM,2008-05-31,
JM,2008-06-30,
JM,2008-07-31,
JM,2008-08-31,
JM,2008-09-30,
JM,2008-10-31,
JM,2008-11-30,
JM,2008-12-31,
JM,2009-01-31,0.0
JM,2009-02-28,0.0
JM,2009-03-31,0.0
JM,2009-04-30,0.0
JM,2009-05-31,0.0
JM,2009-06-30,0.0
JM,2009-07-31,0.0
JM,2009-08-31,0.0
JM,2009-09-30,0.0
JM,2009-10-31,0.0
JM,2009-11-30,0.0
JM,2009-12-31,0.0
JM,2010-01-31,0.0
JM,2010-02-28,0.0
JM,2010-03-31,0.0
JM,2010-04-30,0.0
JM,2010-05-31,0.0
JM,2010-06-30,0.0
JM,2010-07-31,0.0
JM,2010-08-31,0.0
JM,2010-09-30,0.0
JM,2010-10-31,0.0
JM,2010-11-30,0.0
JM,2010-12-31,0.0
JM,2011-01-31,0.0
JM,2011-02-28,0.0
JM,2011-03-31,0.0
JM,2011-04-30,0.0
JM,2011-05-31,0.0
JM,2011-06-30,0.0
JM,2011-07-31,0.0
JM,2011-08-31,0.0
JM,2011-09-30,0.0
JM,2011-10-31,0.0
JM,2011-11-30,0.0
JM,2011-12-31,0.0
JM,2012-01-31,0.0
JM,2012-02-29,0.0
JM,2012-03-31,0.0
JM,2012-04-30,0.0
JM,2012-05-31,0.0
JM,2012-06-30,0.0
JM,2012-07-31,0.0
JM,2012-08-31,0.0
JM,2012-09-30,0.0
JM,2012-10-31,0.0
JM,2012-11-30,0.0
JM,2012-12-31,0.0
JM,2013-01-31,0.0
JM,2013-02-28,0.0
JM,2013-03-31,0.0
JM,2013-04-30,0.0
JM,2013-05-31,0.0
JM,2013-06-30,0.0
JM,2013-07-31,0.0
JM,2013-08-31,0.0
JM,2013-09-30,0.0
JM,2013-10-31,0.0
JM,2013-11-30,0.0
JM,2013-12-31,0.0
JM,2014-01-31,0.0
JM,2014-02-28,0.0
JM,2014-03-31,0.0
JM,2014-04-30,0.0
JM,2014-05-31,0.0
JM,2014-06-30,0.0
JM,2014-07-31,0.0
JM,2014-08-31,0.0
JM,2014-09-30,0.0
JM,2014-10-31,0.0
JM,2014-11-30,0.0
JM,2014-12-31,0.0
JM,2015-01-31,0.0
JM,2015-02-28,0.0
JM,2015-03-31,0.0
JM,2015-04-30,0.0
JM,2015-05-31,0.0
JM,2015-06-30,0.0
JM,2015-07-31,0.0
JM,2015-08-31,0.0
JM,2015-09-30,0.0
JM,2015-10-31,0.0
JM,2015-11-30,0.0
JM,2015-12-31,0.0
JM,2016-01-31,0.0
JM,2016-02-29,0.0
JM,2016-03-31,0.0
JM,2016-04-30,0.0
JM,2016-05-31,0.0
JM,2016-06-30,0.0
JM,2016-07-31,0.0
JM,2016-08-31,
JM,2016-09-30,
JM,2016-10-31,
JM,2016-11-30,
JM,2016-12-31,
JM,2017-01-31,
JM,2017-02-28,
JM,2017-03-31,
JM,2017-04-30,
JM,2017-05-31,
JM,2017-06-30,
JM,2017-07-31,
JM,2017-08-31,
JM,2017-09-30,
JM,2017-10-31,
JM,2017-11-30,
JM,2017-12-31,
JM,2018-01-31,
JM,2018-02-28,
JM,2018-03-31,
JM,2018-04-30,
JM,2018-05-31,
JM,2018-06-30,
JM,2018-07-31,
JM,2018-08-31,
JM,2018-09-30,
JM,2018-10-31,
JM,2018-11-30,
JM,2018-12-31,
JM,2019-01-31,
JM,2019-02-28,
JM,2019-03-31,
JM,2019-04-30,
JM,2019-05-31,
JM,2019-06-30,
JM,2019-07-31,
JM,2019-08-31,
JM,2019-09-30,
JM,2019-10-31,
JM,2019-11-30,
JM,2019-12-31,
JM,2020-01-31,
JM,2020-02-29,
JM,2020-03-31,
JM,2020-04-30,
JM,2020-05-31,
JM,2020-06-30,
JM,2020-07-31,
JM,2020-08-31,
JM,2020-09-30,
JM,2020-10-31,
JM,2020-11-30,
JM,2020-12-31,
JM,2021-01-31,
JM,2021-02-28,
JM,2021-03-31,
JM,2021-04-30,
JM,2021-05-31,
JM,2021-06-30,
JM,2021-07-31,
JM,2021-08-31,
JM,2021-09-30,
JM,2021-10-31,
JM,2021-11-30,
JM,2021-12-31,
JM,2022-01-31,
JM,2022-02-28,
JM,2022-03-31,
JM,2022-04-30,
JM,2022-05-31,
JM,2022-06-30,
JM,2022-07-31,
JM,2022-08-31,
JM,2022-09-30,
JM,2022-10-31,
JM,2022-11-30,
JM,2022-12-31,
JM,2023-01-31,
JM,2023-02-28,
JM,2023-03-31,
JM,2023-04-30,
JM,2023-05-31,
JM,2023-06-30,
JM,2023-07-31,
JM,2023-08-31,
JM,2023-09-30,
JM,2023-10-31,
JM,2023-11-30,
JM,2023-12-31,
JM,2024-01-31,
JM,2024-02-29,
JM,2024-03-31,
JM,2024-04-30,
JM,2024-05-31,
JM,2024-06-30,
JM,2024-07-31,
JM,2024-08-31,
JM,2024-09-30,
JM,2024-10-31,
JM,2024-11-30,
JM,2024-12-31,
JM,2025-01-31,
JP,2002-01-31,
JP,2002-02-28,
JP,2002-03-31,
JP,2002-04-30,
JP,2002-05-31,
JP,2002-06-30,
JP,2002-07-31,
JP,2002-08-31,
JP,2002-09-30,
JP,2002-10-31,
JP,2002-11-30,
JP,2002-12-31,
JP,2003-01-31,
JP,2003-02-28,
JP,2003-03-31,
JP,2003-04-30,
JP,2003-05-31,
JP,2003-06-30,
JP,2003-07-31,
JP,2003-08-31,
JP,2003-09-30,
JP,2003-10-31,
JP,2003-11-30,
JP,2003-12-31,
JP,2004-01-31,
JP,2004-02-29,
JP,2004-03-31,
JP,2004-04-30,
JP,2004-05-31,
JP,2004-06-30,
JP,2004-07-31,
JP,2004-08-31,
JP,2004-09-30,
JP,2004-10-31,
JP,2004-11-30,
JP,2004-12-31,
JP,2005-01-31,
JP,2005-02-28,
JP,2005-03-31,
JP,2005-04-30,
JP,2005-05-31,
JP,2005-06-30,
JP,2005-07-31,
JP,2005-08-31,
JP,2005-09-30,
JP,2005-10-31,
JP,2005-11-30,
JP,2005-12-31,
JP,2006-01-31,
JP,2006-02-28,
JP,2006-03-31,
JP,2006-04-30,
JP,2006-05-31,
JP,2006-06-30,
JP,2006-07-31,
JP,2006-08-31,
JP,2006-09-30,
JP,2006-10-31,
JP,2006-11-30,
JP,2006-12-31,
JP,2007-01-31,
JP,2007-02-28,
JP,2007-03-31,
JP,2007-04-30,
JP,2007-05-31,
JP,2007-06-30,
JP,2007-07-31,
JP,2007-08-31,
JP,2007-09-30,
JP,2007-10-31,
JP,2007-11-30,
JP,2007-12-31,
JP,2008-01-31,
JP,2008-02-29,
JP,2008-03-31,
JP,2008-04-30,
JP,2008-05-31,
JP,2008-06-30,
JP,2008-07-31,
JP,2008-08-31,
JP,2008-09-30,
JP,2008-10-31,
JP,2008-11-30,
JP,2008-12-31,
JP,2009-01-31,2925.89
JP,2009-02-28,1975.16
JP,2009-03-31,1746.69
JP,2009-04-30,1275.01
JP,2009-05-31,884.4
JP,2009-06-30,1540.33
JP,2009-07-31,2616.35
JP,2009-08-31,2756.38
JP,2009-09-30,1982.53
JP,2009-10-31,2365.77
JP,2009-11-30,2122.56
JP,2009-12-31,2225.74
JP,2010-01-31,2034.12
JP,2010-02-28,1702.47
JP,2010-03-31,1437.15
JP,2010-04-30,1665.62
JP,2010-05-31,2984.85
JP,2010-06-30,1238.16
JP,2010-07-31,2778.49
JP,2010-08-31,4186.16
JP,2010-09-30,4576.77
JP,2010-10-31,921.25
JP,2010-11-30,1842.5
JP,2010-12-31,1621.4
JP,2011-01-31,3404.94
JP,2011-02-28,2712.16
JP,2011-03-31,3965.06
JP,2011-04-30,3080.66
JP,2011-05-31,2903.78
JP,2011-06-30,4200.9
JP,2011-07-31,4724.17
JP,2011-08-31,6006.55
JP,2011-09-30,5262.18
JP,2011-10-31,6920.43
JP,2011-11-30,7384.74
JP,2011-12-31,10406.44
JP,2012-01-31,9264.09
JP,2012-02-29,10627.54
JP,2012-03-31,8807.15
JP,2012-04-30,9772.62
JP,2012-05-31,9639.96
JP,2012-06-30,7148.9
JP,2012-07-31,5269.55
JP,2012-08-31,8084.89
JP,2012-09-30,7576.36
JP,2012-10-31,7650.06
JP,2012-11-30,6198.17
JP,2012-12-31,9971.61
JP,2013-01-31,8858.74
JP,2013-02-28,7443.7
JP,2013-03-31,5837.04
JP,2013-04-30,6249.76
JP,2013-05-31,7443.7
JP,2013-06-30,5873.89
JP,2013-07-31,5785.45
JP,2013-08-31,7244.71
JP,2013-09-30,4105.09
JP,2013-10-31,6117.1
JP,2013-11-30,6507.71
JP,2013-12-31,7347.89
JP,2014-01-31,8291.25
JP,2014-02-28,7959.6
JP,2014-03-31,5977.07
JP,2014-04-30,5593.83
JP,2014-05-31,4355.67
JP,2014-06-30,3935.58
JP,2014-07-31,4171.42
JP,2014-08-31,3073.29
JP,2014-09-30,1400.3
JP,2014-10-31,2712.16
JP,2014-11-30,3029.07
JP,2014-12-31,5571.72
JP,2015-01-31,5188.48
JP,2015-02-28,4613.62
JP,2015-03-31,5564.35
JP,2015-04-30,4053.5
JP,2015-05-31,3014.33
JP,2015-06-30,4200.9
JP,2015-07-31,2726.9
JP,2015-08-31,3972.43
JP,2015-09-30,1400.3
JP,2015-10-31,2623.72
JP,2015-11-30,3279.65
JP,2015-12-31,3795.55
JP,2016-01-31,4790.5
JP,2016-02-29,3699.74
JP,2016-03-31,2203.63
JP,2016-04-30,1989.9
JP,2016-05-31,1068.65
JP,2016-06-30,1105.5
JP,2016-07-31,1717.21
JP,2016-08-31,1901.46
JP,2016-09-30,1002.32
JP,2016-10-31,847.55
JP,2016-11-30,1216.05
JP,2016-12-31,2446.84
JP,2017-01-31,1201.31
JP,2017-02-28,1650.88
JP,2017-03-31,1415.04
JP,2017-04-30,825.44
JP,2017-05-31,773.85
JP,2017-06-30,619.08
JP,2017-07-31,707.52
JP,2017-08-31,530.64
JP,2017-09-30,198.99
JP,2017-10-31,228.47
JP,2017-11-30,397.98
JP,2017-12-31,928.62
JP,2018-01-31,1201.31
JP,2018-02-28,1577.18
JP,2018-03-31,582.23
JP,2018-04-30,375.87
JP,2018-05-31,442.2
JP,2018-06-30,176.88
JP,2018-07-31,788.59
JP,2018-08-31,655.93
JP,2018-09-30,294.8
JP,2018-10-31,309.54
JP,2018-11-30,501.16
JP,2018-12-31,368.5
JP,2019-01-31,191.62
JP,2019-02-28,88.44
JP,2019-03-31,103.18
JP,2019-04-30,73.7
JP,2019-05-31,73.7
JP,2019-06-30,125.29
JP,2019-07-31,29.48
JP,2019-08-31,66.33
JP,2019-09-30,51.59
JP,2019-10-31,58.96
JP,2019-11-30,198.99
JP,2019-12-31,73.7
JP,2020-01-31,44.22
JP,2020-02-29,66.33
JP,2020-03-31,88.44
JP,2020-04-30,51.59
JP,2020-05-31,66.33
JP,2020-06-30,58.96
JP,2020-07-31,44.22
JP,2020-08-31,44.22
JP,2020-09-30,29.48
JP,2020-10-31,73.7
JP,2020-11-30,44.22
JP,2020-12-31,479.05
JP,2021-01-31,832.81
JP,2021-02-28,176.88
JP,2021-03-31,140.03
JP,2021-04-30,206.36
JP,2021-05-31,110.55
JP,2021-06-30,243.21
JP,2021-07-31,58.96
JP,2021-08-31,66.33
JP,2021-09-30,14.74
JP,2021-10-31,103.18
JP,2021-11-30,228.47
JP,2021-12-31,235.84
JP,2022-01-31,81.07
JP,2022-02-28,206.36
JP,2022-03-31,117.92
JP,2022-04-30,184.25
JP,2022-05-31,117.92
JP,2022-06-30,132.66
JP,2022-07-31,176.88
JP,2022-08-31,140.03
JP,2022-09-30,110.55
JP,2022-10-31,147.4
JP,2022-11-30,228.47
JP,2022-12-31,154.77
JP,2023-01-31,235.84
JP,2023-02-28,353.76
JP,2023-03-31,95.81
JP,2023-04-30,95.81
JP,2023-05-31,58.96
JP,2023-06-30,58.96
JP,2023-07-31,88.44
JP,2023-08-31,36.85
JP,2023-09-30,117.92
JP,2023-10-31,95.81
JP,2023-11-30,73.7
JP,2023-12-31,66.33
JP,2024-01-31,81.07
JP,2024-02-29,95.81
JP,2024-03-31,66.33
JP,2024-04-30,73.7
JP,2024-05-31,66.33
JP,2024-06-30,73.7
JP,2024-07-31,51.59
JP,2024-08-31,58.96
JP,2024-09-30,58.96
JP,2024-10-31,44.22
JP,2024-11-30,88.44
JP,2024-12-31,7.37
JP,2025-01-31,14.74
JP,2025-02-28,14.74
JP,2025-03-31,7.37
KZ,2002-01-31,
KZ,2002-02-28,
KZ,2002-03-31,
KZ,2002-04-30,
KZ,2002-05-31,
KZ,2002-06-30,
KZ,2002-07-31,
KZ,2002-08-31,
KZ,2002-09-30,
KZ,2002-10-31,
KZ,2002-11-30,
KZ,2002-12-31,
KZ,2003-01-31,
KZ,2003-02-28,
KZ,2003-03-31,
KZ,2003-04-30,
KZ,2003-05-31,
KZ,2003-06-30,
KZ,2003-07-31,
KZ,2003-08-31,
KZ,2003-09-30,
KZ,2003-10-31,
KZ,2003-11-30,
KZ,2003-12-31,
KZ,2004-01-31,
KZ,2004-02-29,
KZ,2004-03-31,
KZ,2004-04-30,
KZ,2004-05-31,
KZ,2004-06-30,
KZ,2004-07-31,
KZ,2004-08-31,
KZ,2004-09-30,
KZ,2004-10-31,
KZ,2004-11-30,
KZ,2004-12-31,
KZ,2005-01-31,
KZ,2005-02-28,
KZ,2005-03-31,
KZ,2005-04-30,
KZ,2005-05-31,
KZ,2005-06-30,
KZ,2005-07-31,
KZ,2005-08-31,
KZ,2005-09-30,
KZ,2005-10-31,
KZ,2005-11-30,
KZ,2005-12-31,
KZ,2006-01-31,
KZ,2006-02-28,
KZ,2006-03-31,
KZ,2006-04-30,
KZ,2006-05-31,
KZ,2006-06-30,
KZ,2006-07-31,
KZ,2006-08-31,
KZ,2006-09-30,
KZ,2006-10-31,
KZ,2006-11-30,
KZ,2006-12-31,
KZ,2007-01-31,
KZ,2007-02-28,
KZ,2007-03-31,
KZ,2007-04-30,
KZ,2007-05-31,
KZ,2007-06-30,
KZ,2007-07-31,
KZ,2007-08-31,
KZ,2007-09-30,
KZ,2007-10-31,
KZ,2007-11-30,
KZ,2007-12-31,
KZ,2008-01-31,
KZ,2008-02-29,
KZ,2008-03-31,
KZ,2008-04-30,
KZ,2008-05-31,
KZ,2008-06-30,
KZ,2008-07-31,
KZ,2008-08-31,
KZ,2008-09-30,
KZ,2008-10-31,
KZ,2008-11-30,
KZ,2008-12-31,
KZ,2009-01-31,
KZ,2009-02-28,
KZ,2009-03-31,
KZ,2009-04-30,
KZ,2009-05-31,
KZ,2009-06-30,
KZ,2009-07-31,
KZ,2009-08-31,
KZ,2009-09-30,
KZ,2009-10-31,
KZ,2009-11-30,
KZ,2009-12-31,
KZ,2010-01-31,
KZ,2010-02-28,
KZ,2010-03-31,
KZ,2010-04-30,
KZ,2010-05-31,
KZ,2010-06-30,
KZ,2010-07-31,
KZ,2010-08-31,
KZ,2010-09-30,
KZ,2010-10-31,
KZ,2010-11-30,
KZ,2010-12-31,
KZ,2011-01-31,
KZ,2011-02-28,
KZ,2011-03-31,
KZ,2011-04-30,
KZ,2011-05-31,
KZ,2011-06-30,
KZ,2011-07-31,
KZ,2011-08-31,
KZ,2011-09-30,
KZ,2011-10-31,
KZ,2011-11-30,
KZ,2011-12-31,
KZ,2012-01-31,
KZ,2012-02-29,
KZ,2012-03-31,
KZ,2012-04-30,
KZ,2012-05-31,
KZ,2012-06-30,
KZ,2012-07-31,
KZ,2012-08-31,
KZ,2012-09-30,
KZ,2012-10-31,
KZ,2012-11-30,
KZ,2012-12-31,
KZ,2013-01-31,
KZ,2013-02-28,
KZ,2013-03-31,
KZ,2013-04-30,
KZ,2013-05-31,
KZ,2013-06-30,
KZ,2013-07-31,
KZ,2013-08-31,
KZ,2013-09-30,
KZ,2013-10-31,
KZ,2013-11-30,
KZ,2013-12-31,
KZ,2014-01-31,
KZ,2014-02-28,7834.31
KZ,2014-03-31,
KZ,2014-04-30,
KZ,2014-05-31,
KZ,2014-06-30,
KZ,2014-07-31,
KZ,2014-08-31,
KZ,2014-09-30,
KZ,2014-10-31,
KZ,2014-11-30,
KZ,2014-12-31,
KZ,2015-01-31,
KZ,2015-02-28,
KZ,2015-03-31,
KZ,2015-04-30,
KZ,2015-05-31,
KZ,2015-06-30,
KZ,2015-07-31,
KZ,2015-08-31,
KZ,2015-09-30,
KZ,2015-10-31,
KZ,2015-11-30,
KZ,2015-12-31,
KZ,2016-01-31,0.0
KZ,2016-02-29,0.0
KZ,2016-03-31,0.0
KZ,2016-04-30,0.0
KZ,2016-05-31,0.0
KZ,2016-06-30,0.0
KZ,2016-07-31,0.0
KZ,2016-08-31,0.0
KZ,2016-09-30,0.0
KZ,2016-10-31,0.0
KZ,2016-11-30,0.0
KZ,2016-12-31,0.0
KZ,2017-01-31,0.0
KZ,2017-02-28,0.0
KZ,2017-03-31,0.0
KZ,2017-04-30,0.0
KZ,2017-05-31,0.0
KZ,2017-06-30,0.0
KZ,2017-07-31,0.0
KZ,2017-08-31,0.0
KZ,2017-09-30,0.0
KZ,2017-10-31,0.0
KZ,2017-11-30,0.0
KZ,2017-12-31,0.0
KZ,2018-01-31,0.0
KZ,2018-02-28,0.0
KZ,2018-03-31,0.0
KZ,2018-04-30,0.0
KZ,2018-05-31,0.0
KZ,2018-06-30,0.0
KZ,2018-07-31,0.0
KZ,2018-08-31,0.0
KZ,2018-09-30,0.0
KZ,2018-10-31,0.0
KZ,2018-11-30,0.0
KZ,2018-12-31,0.0
KZ,2019-01-31,0.0
KZ,2019-02-28,0.0
KZ,2019-03-31,0.0
KZ,2019-04-30,0.0
KZ,2019-05-31,0.0
KZ,2019-06-30,
KZ,2019-07-31,
KZ,2019-08-31,
KZ,2019-09-30,
KZ,2019-10-31,
KZ,2019-11-30,
KZ,2019-12-31,
KZ,2020-01-31,
KZ,2020-02-29,
KZ,2020-03-31,
KZ,2020-04-30,
KZ,2020-05-31,
KZ,2020-06-30,
KZ,2020-07-31,
KZ,2020-08-31,
KZ,2020-09-30,
KZ,2020-10-31,
KZ,2020-11-30,
KZ,2020-12-31,
KZ,2021-01-31,
KZ,2021-02-28,
KZ,2021-03-31,
KZ,2021-04-30,
KZ,2021-05-31,
KZ,2021-06-30,
KZ,2021-07-31,
KZ,2021-08-31,
KZ,2021-09-30,
KZ,2021-10-31,
KZ,2021-11-30,
KZ,2021-12-31,
KZ,2022-01-31,
KZ,2022-02-28,
KZ,2022-03-31,
KZ,2022-04-30,
KZ,2022-05-31,
KZ,2022-06-30,
KZ,2022-07-31,
KZ,2022-08-31,
KZ,2022-09-30,
KZ,2022-10-31,
KZ,2022-11-30,
KZ,2022-12-31,
KZ,2023-01-31,
KZ,2023-02-28,
KZ,2023-03-31,
KZ,2023-04-30,
KZ,2023-05-31,
KZ,2023-06-30,
KZ,2023-07-31,
KZ,2023-08-31,
KZ,2023-09-30,
KZ,2023-10-31,
KZ,2023-11-30,
KZ,2023-12-31,
KZ,2024-01-31,
KZ,2024-02-29,
KZ,2024-03-31,
KZ,2024-04-30,
KZ,2024-05-31,
KZ,2024-06-30,
KZ,2024-07-31,
KZ,2024-08-31,
KZ,2024-09-30,
KZ,2024-10-31,
KZ,2024-11-30,
KZ,2024-12-31,
KZ,2025-01-31,
KZ,2025-02-28,
KZ,2025-03-31,
LT,2002-01-31,
LT,2002-02-28,
LT,2002-03-31,
LT,2002-04-30,
LT,2002-05-31,
LT,2002-06-30,
LT,2002-07-31,
LT,2002-08-31,
LT,2002-09-30,
LT,2002-10-31,
LT,2002-11-30,
LT,2002-12-31,
LT,2003-01-31,
LT,2003-02-28,
LT,2003-03-31,
LT,2003-04-30,
LT,2003-05-31,
LT,2003-06-30,
LT,2003-07-31,
LT,2003-08-31,
LT,2003-09-30,
LT,2003-10-31,
LT,2003-11-30,
LT,2003-12-31,
LT,2004-01-31,
LT,2004-02-29,
LT,2004-03-31,
LT,2004-04-30,
LT,2004-05-31,
LT,2004-06-30,
LT,2004-07-31,
LT,2004-08-31,
LT,2004-09-30,
LT,2004-10-31,
LT,2004-11-30,
LT,2004-12-31,
LT,2005-01-31,
LT,2005-02-28,
LT,2005-03-31,
LT,2005-04-30,
LT,2005-05-31,
LT,2005-06-30,
LT,2005-07-31,
LT,2005-08-31,
LT,2005-09-30,
LT,2005-10-31,
LT,2005-11-30,
LT,2005-12-31,
LT,2006-01-31,
LT,2006-02-28,
LT,2006-03-31,
LT,2006-04-30,
LT,2006-05-31,
LT,2006-06-30,
LT,2006-07-31,
LT,2006-08-31,
LT,2006-09-30,
LT,2006-10-31,
LT,2006-11-30,
LT,2006-12-31,
LT,2007-01-31,
LT,2007-02-28,
LT,2007-03-31,
LT,2007-04-30,
LT,2007-05-31,
LT,2007-06-30,
LT,2007-07-31,
LT,2007-08-31,
LT,2007-09-30,
LT,2007-10-31,
LT,2007-11-30,
LT,2007-12-31,
LT,2008-01-31,
LT,2008-02-29,
LT,2008-03-31,
LT,2008-04-30,
LT,2008-05-31,
LT,2008-06-30,
LT,2008-07-31,
LT,2008-08-31,
LT,2008-09-30,
LT,2008-10-31,
LT,2008-11-30,
LT,2008-12-31,
LT,2009-01-31,
LT,2009-02-28,
LT,2009-03-31,
LT,2009-04-30,
LT,2009-05-31,
LT,2009-06-30,
LT,2009-07-31,
LT,2009-08-31,
LT,2009-09-30,
LT,2009-10-31,
LT,2009-11-30,
LT,2009-12-31,
LT,2010-01-31,
LT,2010-02-28,
LT,2010-03-31,
LT,2010-04-30,
LT,2010-05-31,
LT,2010-06-30,
LT,2010-07-31,
LT,2010-08-31,
LT,2010-09-30,
LT,2010-10-31,
LT,2010-11-30,
LT,2010-12-31,
LT,2011-01-31,
LT,2011-02-28,
LT,2011-03-31,
LT,2011-04-30,
LT,2011-05-31,
LT,2011-06-30,
LT,2011-07-31,
LT,2011-08-31,
LT,2011-09-30,
LT,2011-10-31,
LT,2011-11-30,
LT,2011-12-31,
LT,2012-01-31,
LT,2012-02-29,
LT,2012-03-31,
LT,2012-04-30,
LT,2012-05-31,
LT,2012-06-30,
LT,2012-07-31,
LT,2012-08-31,
LT,2012-09-30,
LT,2012-10-31,
LT,2012-11-30,
LT,2012-12-31,
LT,2013-01-31,
LT,2013-02-28,
LT,2013-03-31,
LT,2013-04-30,
LT,2013-05-31,
LT,2013-06-30,
LT,2013-07-31,
LT,2013-08-31,
LT,2013-09-30,
LT,2013-10-31,
LT,2013-11-30,
LT,2013-12-31,
LT,2014-01-31,
LT,2014-02-28,
LT,2014-03-31,
LT,2014-04-30,
LT,2014-05-31,
LT,2014-06-30,
LT,2014-07-31,
LT,2014-08-31,
LT,2014-09-30,
LT,2014-10-31,
LT,2014-11-30,
LT,2014-12-31,
LT,2015-01-31,
LT,2015-02-28,
LT,2015-03-31,
LT,2015-04-30,
LT,2015-05-31,
LT,2015-06-30,
LT,2015-07-31,
LT,2015-08-31,
LT,2015-09-30,
LT,2015-10-31,
LT,2015-11-30,
LT,2015-12-31,
LT,2016-01-31,
LT,2016-02-29,
LT,2016-03-31,
LT,2016-04-30,
LT,2016-05-31,
LT,2016-06-30,
LT,2016-07-31,
LT,2016-08-31,
LT,2016-09-30,
LT,2016-10-31,
LT,2016-11-30,
LT,2016-12-31,
LT,2017-01-31,
LT,2017-02-28,
LT,2017-03-31,
LT,2017-04-30,
LT,2017-05-31,
LT,2017-06-30,
LT,2017-07-31,
LT,2017-08-31,
LT,2017-09-30,
LT,2017-10-31,
LT,2017-11-30,
LT,2017-12-31,
LT,2018-01-31,
LT,2018-02-28,
LT,2018-03-31,
LT,2018-04-30,
LT,2018-05-31,
LT,2018-06-30,
LT,2018-07-31,
LT,2018-08-31,
LT,2018-09-30,
LT,2018-10-31,
LT,2018-11-30,
LT,2018-12-31,
LT,2019-01-31,
LT,2019-02-28,
LT,2019-03-31,
LT,2019-04-30,
LT,2019-05-31,
LT,2019-06-30,
LT,2019-07-31,
LT,2019-08-31,
LT,2019-09-30,
LT,2019-10-31,
LT,2019-11-30,
LT,2019-12-31,
LT,2020-01-31,
LT,2020-02-29,
LT,2020-03-31,
LT,2020-04-30,
LT,2020-05-31,
LT,2020-06-30,
LT,2020-07-31,
LT,2020-08-31,
LT,2020-09-30,
LT,2020-10-31,
LT,2020-11-30,
LT,2020-12-31,
LT,2021-01-31,
LT,2021-02-28,
LT,2021-03-31,
LT,2021-04-30,
LT,2021-05-31,
LT,2021-06-30,
LT,2021-07-31,
LT,2021-08-31,
LT,2021-09-30,
LT,2021-10-31,
LT,2021-11-30,
LT,2021-12-31,
LT,2022-01-31,
LT,2022-02-28,
LT,2022-03-31,
LT,2022-04-30,
LT,2022-05-31,
LT,2022-06-30,
LT,2022-07-31,
LT,2022-08-31,
LT,2022-09-30,
LT,2022-10-31,
LT,2022-11-30,
LT,2022-12-31,
LT,2023-01-31,
LT,2023-02-28,
LT,2023-03-31,
LT,2023-04-30,
LT,2023-05-31,
LT,2023-06-30,
LT,2023-07-31,
LT,2023-08-31,
LT,2023-09-30,
LT,2023-10-31,
LT,2023-11-30,
LT,2023-12-31,
LT,2024-01-31,
LT,2024-02-29,
LT,2024-03-31,
LT,2024-04-30,
LT,2024-05-31,
LT,2024-06-30,
LT,2024-07-31,
LT,2024-08-31,
LT,2024-09-30,
LT,2024-10-31,
LT,2024-11-30,
LT,2024-12-31,
LT,2025-01-31,
LT,2025-02-28,
LT,2025-03-31,
LV,2002-01-31,
LV,2002-02-28,
LV,2002-03-31,
LV,2002-04-30,
LV,2002-05-31,
LV,2002-06-30,
LV,2002-07-31,
LV,2002-08-31,
LV,2002-09-30,
LV,2002-10-31,
LV,2002-11-30,
LV,2002-12-31,
LV,2003-01-31,
LV,2003-02-28,
LV,2003-03-31,
LV,2003-04-30,
LV,2003-05-31,
LV,2003-06-30,
LV,2003-07-31,
LV,2003-08-31,
LV,2003-09-30,
LV,2003-10-31,
LV,2003-11-30,
LV,2003-12-31,
LV,2004-01-31,
LV,2004-02-29,
LV,2004-03-31,
LV,2004-04-30,
LV,2004-05-31,
LV,2004-06-30,
LV,2004-07-31,
LV,2004-08-31,
LV,2004-09-30,
LV,2004-10-31,
LV,2004-11-30,
LV,2004-12-31,
LV,2005-01-31,
LV,2005-02-28,
LV,2005-03-31,
LV,2005-04-30,
LV,2005-05-31,
LV,2005-06-30,
LV,2005-07-31,
LV,2005-08-31,
LV,2005-09-30,
LV,2005-10-31,
LV,2005-11-30,
LV,2005-12-31,
LV,2006-01-31,
LV,2006-02-28,
LV,2006-03-31,
LV,2006-04-30,
LV,2006-05-31,
LV,2006-06-30,
LV,2006-07-31,
LV,2006-08-31,
LV,2006-09-30,
LV,2006-10-31,
LV,2006-11-30,
LV,2006-12-31,
LV,2007-01-31,
LV,2007-02-28,
LV,2007-03-31,
LV,2007-04-30,
LV,2007-05-31,
LV,2007-06-30,
LV,2007-07-31,
LV,2007-08-31,
LV,2007-09-30,
LV,2007-10-31,
LV,2007-11-30,
LV,2007-12-31,
LV,2008-01-31,
LV,2008-02-29,
LV,2008-03-31,
LV,2008-04-30,
LV,2008-05-31,
LV,2008-06-30,
LV,2008-07-31,
LV,2008-08-31,
LV,2008-09-30,
LV,2008-10-31,
LV,2008-11-30,
LV,2008-12-31,
LV,2009-01-31,
LV,2009-02-28,
LV,2009-03-31,
LV,2009-04-30,
LV,2009-05-31,
LV,2009-06-30,
LV,2009-07-31,
LV,2009-08-31,
LV,2009-09-30,
LV,2009-10-31,
LV,2009-11-30,
LV,2009-12-31,
LV,2010-01-31,
LV,2010-02-28,
LV,2010-03-31,
LV,2010-04-30,
LV,2010-05-31,
LV,2010-06-30,
LV,2010-07-31,
LV,2010-08-31,
LV,2010-09-30,
LV,2010-10-31,
LV,2010-11-30,
LV,2010-12-31,
LV,2011-01-31,
LV,2011-02-28,
LV,2011-03-31,
LV,2011-04-30,
LV,2011-05-31,
LV,2011-06-30,
LV,2011-07-31,
LV,2011-08-31,
LV,2011-09-30,
LV,2011-10-31,
LV,2011-11-30,
LV,2011-12-31,
LV,2012-01-31,
LV,2012-02-29,
LV,2012-03-31,
LV,2012-04-30,
LV,2012-05-31,
LV,2012-06-30,
LV,2012-07-31,
LV,2012-08-31,
LV,2012-09-30,
LV,2012-10-31,
LV,2012-11-30,
LV,2012-12-31,
LV,2013-01-31,
LV,2013-02-28,
LV,2013-03-31,
LV,2013-04-30,
LV,2013-05-31,
LV,2013-06-30,
LV,2013-07-31,
LV,2013-08-31,
LV,2013-09-30,
LV,2013-10-31,
LV,2013-11-30,
LV,2013-12-31,
LV,2014-01-31,
LV,2014-02-28,
LV,2014-03-31,
LV,2014-04-30,
LV,2014-05-31,
LV,2014-06-30,
LV,2014-07-31,
LV,2014-08-31,
LV,2014-09-30,
LV,2014-10-31,
LV,2014-11-30,
LV,2014-12-31,
LV,2015-01-31,
LV,2015-02-28,
LV,2015-03-31,
LV,2015-04-30,
LV,2015-05-31,
LV,2015-06-30,
LV,2015-07-31,
LV,2015-08-31,
LV,2015-09-30,
LV,2015-10-31,
LV,2015-11-30,
LV,2015-12-31,
LV,2016-01-31,
LV,2016-02-29,
LV,2016-03-31,
LV,2016-04-30,
LV,2016-05-31,
LV,2016-06-30,
LV,2016-07-31,
LV,2016-08-31,
LV,2016-09-30,
LV,2016-10-31,
LV,2016-11-30,
LV,2016-12-31,
LV,2017-01-31,
LV,2017-02-28,
LV,2017-03-31,
LV,2017-04-30,
LV,2017-05-31,
LV,2017-06-30,
LV,2017-07-31,
LV,2017-08-31,
LV,2017-09-30,
LV,2017-10-31,
LV,2017-11-30,
LV,2017-12-31,
LV,2018-01-31,
LV,2018-02-28,
LV,2018-03-31,
LV,2018-04-30,
LV,2018-05-31,
LV,2018-06-30,
LV,2018-07-31,
LV,2018-08-31,
LV,2018-09-30,
LV,2018-10-31,
LV,2018-11-30,
LV,2018-12-31,
LV,2019-01-31,
LV,2019-02-28,
LV,2019-03-31,
LV,2019-04-30,
LV,2019-05-31,
LV,2019-06-30,
LV,2019-07-31,
LV,2019-08-31,
LV,2019-09-30,
LV,2019-10-31,
LV,2019-11-30,
LV,2019-12-31,
LV,2020-01-31,
LV,2020-02-29,
LV,2020-03-31,
LV,2020-04-30,
LV,2020-05-31,
LV,2020-06-30,
LV,2020-07-31,
LV,2020-08-31,
LV,2020-09-30,
LV,2020-10-31,
LV,2020-11-30,
LV,2020-12-31,
LV,2021-01-31,
LV,2021-02-28,
LV,2021-03-31,
LV,2021-04-30,
LV,2021-05-31,
LV,2021-06-30,
LV,2021-07-31,
LV,2021-08-31,
LV,2021-09-30,
LV,2021-10-31,
LV,2021-11-30,
LV,2021-12-31,
LV,2022-01-31,
LV,2022-02-28,
LV,2022-03-31,
LV,2022-04-30,
LV,2022-05-31,
LV,2022-06-30,
LV,2022-07-31,
LV,2022-08-31,
LV,2022-09-30,
LV,2022-10-31,
LV,2022-11-30,
LV,2022-12-31,
LV,2023-01-31,
LV,2023-02-28,
LV,2023-03-31,
LV,2023-04-30,
LV,2023-05-31,
LV,2023-06-30,
LV,2023-07-31,
LV,2023-08-31,
LV,2023-09-30,
LV,2023-10-31,
LV,2023-11-30,
LV,2023-12-31,
LV,2024-01-31,
LV,2024-02-29,
LV,2024-03-31,
LV,2024-04-30,
LV,2024-05-31,
LV,2024-06-30,
LV,2024-07-31,
LV,2024-08-31,
LV,2024-09-30,
LV,2024-10-31,
LV,2024-11-30,
LV,2024-12-31,
LV,2025-01-31,
LV,2025-02-28,
LV,2025-03-31,
LY,2002-01-31,
LY,2002-02-28,
LY,2002-03-31,
LY,2002-04-30,
LY,2002-05-31,
LY,2002-06-30,
LY,2002-07-31,
LY,2002-08-31,
LY,2002-09-30,
LY,2002-10-31,
LY,2002-11-30,
LY,2002-12-31,
LY,2003-01-31,
LY,2003-02-28,
LY,2003-03-31,
LY,2003-04-30,
LY,2003-05-31,
LY,2003-06-30,
LY,2003-07-31,
LY,2003-08-31,
LY,2003-09-30,
LY,2003-10-31,
LY,2003-11-30,
LY,2003-12-31,
LY,2004-01-31,
LY,2004-02-29,
LY,2004-03-31,
LY,2004-04-30,
LY,2004-05-31,
LY,2004-06-30,
LY,2004-07-31,
LY,2004-08-31,
LY,2004-09-30,
LY,2004-10-31,
LY,2004-11-30,
LY,2004-12-31,
LY,2005-01-31,
LY,2005-02-28,
LY,2005-03-31,
LY,2005-04-30,
LY,2005-05-31,
LY,2005-06-30,
LY,2005-07-31,
LY,2005-08-31,
LY,2005-09-30,
LY,2005-10-31,
LY,2005-11-30,
LY,2005-12-31,
LY,2006-01-31,
LY,2006-02-28,
LY,2006-03-31,
LY,2006-04-30,
LY,2006-05-31,
LY,2006-06-30,
LY,2006-07-31,
LY,2006-08-31,
LY,2006-09-30,
LY,2006-10-31,
LY,2006-11-30,
LY,2006-12-31,
LY,2007-01-31,
LY,2007-02-28,
LY,2007-03-31,
LY,2007-04-30,
LY,2007-05-31,
LY,2007-06-30,
LY,2007-07-31,
LY,2007-08-31,
LY,2007-09-30,
LY,2007-10-31,
LY,2007-11-30,
LY,2007-12-31,
LY,2008-01-31,
LY,2008-02-29,
LY,2008-03-31,
LY,2008-04-30,
LY,2008-05-31,
LY,2008-06-30,
LY,2008-07-31,
LY,2008-08-31,
LY,2008-09-30,
LY,2008-10-31,
LY,2008-11-30,
LY,2008-12-31,
LY,2009-01-31,0.0
LY,2009-02-28,0.0
LY,2009-03-31,0.0
LY,2009-04-30,0.0
LY,2009-05-31,0.0
LY,2009-06-30,0.0
LY,2009-07-31,0.0
LY,2009-08-31,0.0
LY,2009-09-30,0.0
LY,2009-10-31,0.0
LY,2009-11-30,0.0
LY,2009-12-31,0.0
LY,2010-01-31,0.0
LY,2010-02-28,0.0
LY,2010-03-31,0.0
LY,2010-04-30,0.0
LY,2010-05-31,0.0
LY,2010-06-30,0.0
LY,2010-07-31,0.0
LY,2010-08-31,0.0
LY,2010-09-30,0.0
LY,2010-10-31,0.0
LY,2010-11-30,0.0
LY,2010-12-31,0.0
LY,2011-01-31,0.0
LY,2011-02-28,0.0
LY,2011-03-31,0.0
LY,2011-04-30,
LY,2011-05-31,0.0
LY,2011-06-30,0.0
LY,2011-07-31,0.0
LY,2011-08-31,0.0
LY,2011-09-30,0.0
LY,2011-10-31,
LY,2011-11-30,
LY,2011-12-31,
LY,2012-01-31,0.0
LY,2012-02-29,0.0
LY,2012-03-31,0.0
LY,2012-04-30,0.0
LY,2012-05-31,0.0
LY,2012-06-30,0.0
LY,2012-07-31,0.0
LY,2012-08-31,0.0
LY,2012-09-30,0.0
LY,2012-10-31,0.0
LY,2012-11-30,0.0
LY,2012-12-31,0.0
LY,2013-01-31,0.0
LY,2013-02-28,0.0
LY,2013-03-31,0.0
LY,2013-04-30,0.0
LY,2013-05-31,0.0
LY,2013-06-30,0.0
LY,2013-07-31,0.0
LY,2013-08-31,0.0
LY,2013-09-30,0.0
LY,2013-10-31,0.0
LY,2013-11-30,0.0
LY,2013-12-31,0.0
LY,2014-01-31,0.0
LY,2014-02-28,0.0
LY,2014-03-31,0.0
LY,2014-04-30,
LY,2014-05-31,
LY,2014-06-30,
LY,2014-07-31,
LY,2014-08-31,
LY,2014-09-30,
LY,2014-10-31,
LY,2014-11-30,
LY,2014-12-31,
LY,2015-01-31,
LY,2015-02-28,
LY,2015-03-31,
LY,2015-04-30,
LY,2015-05-31,
LY,2015-06-30,
LY,2015-07-31,
LY,2015-08-31,
LY,2015-09-30,
LY,2015-10-31,
LY,2015-11-30,
LY,2015-12-31,
LY,2016-01-31,
LY,2016-02-29,
LY,2016-03-31,
LY,2016-04-30,
LY,2016-05-31,
LY,2016-06-30,
LY,2016-07-31,
LY,2016-08-31,
LY,2016-09-30,
LY,2016-10-31,
LY,2016-11-30,
LY,2016-12-31,
LY,2017-01-31,
LY,2017-02-28,
LY,2017-03-31,
LY,2017-04-30,
LY,2017-05-31,
LY,2017-06-30,
LY,2017-07-31,
LY,2017-08-31,
LY,2017-09-30,
LY,2017-10-31,
LY,2017-11-30,
LY,2017-12-31,
LY,2018-01-31,
LY,2018-02-28,
LY,2018-03-31,
LY,2018-04-30,
LY,2018-05-31,
LY,2018-06-30,
LY,2018-07-31,
LY,2018-08-31,
LY,2018-09-30,
LY,2018-10-31,
LY,2018-11-30,
LY,2018-12-31,
LY,2019-01-31,
LY,2019-02-28,
LY,2019-03-31,
LY,2019-04-30,
LY,2019-05-31,
LY,2019-06-30,
LY,2019-07-31,
LY,2019-08-31,
LY,2019-09-30,
LY,2019-10-31,
LY,2019-11-30,
LY,2019-12-31,
LY,2020-01-31,
LY,2020-02-29,
LY,2020-03-31,
LY,2020-04-30,
LY,2020-05-31,
LY,2020-06-30,
LY,2020-07-31,
LY,2020-08-31,
LY,2020-09-30,
LY,2020-10-31,
LY,2020-11-30,
LY,2020-12-31,
LY,2021-01-31,
LY,2021-02-28,
LY,2021-03-31,
LY,2021-04-30,
LY,2021-05-31,
LY,2021-06-30,
LY,2021-07-31,
LY,2021-08-31,
LY,2021-09-30,
LY,2021-10-31,
LY,2021-11-30,
LY,2021-12-31,
LY,2022-01-31,
LY,2022-02-28,
LY,2022-03-31,
LY,2022-04-30,
LY,2022-05-31,
LY,2022-06-30,
LY,2022-07-31,
LY,2022-08-31,
LY,2022-09-30,
LY,2022-10-31,
LY,2022-11-30,
LY,2022-12-31,
LY,2023-01-31,
LY,2023-02-28,
LY,2023-03-31,
LY,2023-04-30,
LY,2023-05-31,
LY,2023-06-30,
LY,2023-07-31,
LY,2023-08-31,
LY,2023-09-30,
LY,2023-10-31,
LY,2023-11-30,
LY,2023-12-31,
LY,2024-01-31,
LY,2024-02-29,
LY,2024-03-31,
LY,2024-04-30,
LY,2024-05-31,
LY,2024-06-30,
LY,2024-07-31,
LY,2024-08-31,
LY,2024-09-30,
LY,2024-10-31,
LY,2024-11-30,
LY,2024-12-31,
LY,2025-01-31,
LY,2025-02-28,
LY,2025-03-31,
MD,2002-01-31,
MD,2002-02-28,
MD,2002-03-31,
MD,2002-04-30,
MD,2002-05-31,
MD,2002-06-30,
MD,2002-07-31,
MD,2002-08-31,
MD,2002-09-30,
MD,2002-10-31,
MD,2002-11-30,
MD,2002-12-31,
MD,2003-01-31,
MD,2003-02-28,
MD,2003-03-31,
MD,2003-04-30,
MD,2003-05-31,
MD,2003-06-30,
MD,2003-07-31,
MD,2003-08-31,
MD,2003-09-30,
MD,2003-10-31,
MD,2003-11-30,
MD,2003-12-31,
MD,2004-01-31,
MD,2004-02-29,
MD,2004-03-31,
MD,2004-04-30,
MD,2004-05-31,
MD,2004-06-30,
MD,2004-07-31,
MD,2004-08-31,
MD,2004-09-30,
MD,2004-10-31,
MD,2004-11-30,
MD,2004-12-31,
MD,2005-01-31,
MD,2005-02-28,
MD,2005-03-31,
MD,2005-04-30,
MD,2005-05-31,
MD,2005-06-30,
MD,2005-07-31,
MD,2005-08-31,
MD,2005-09-30,
MD,2005-10-31,
MD,2005-11-30,
MD,2005-12-31,
MD,2006-01-31,
MD,2006-02-28,
MD,2006-03-31,
MD,2006-04-30,
MD,2006-05-31,
MD,2006-06-30,
MD,2006-07-31,
MD,2006-08-31,
MD,2006-09-30,
MD,2006-10-31,
MD,2006-11-30,
MD,2006-12-31,
MD,2007-01-31,
MD,2007-02-28,
MD,2007-03-31,
MD,2007-04-30,
MD,2007-05-31,
MD,2007-06-30,
MD,2007-07-31,
MD,2007-08-31,
MD,2007-09-30,
MD,2007-10-31,
MD,2007-11-30,
MD,2007-12-31,
MD,2008-01-31,
MD,2008-02-29,
MD,2008-03-31,
MD,2008-04-30,
MD,2008-05-31,
MD,2008-06-30,
MD,2008-07-31,
MD,2008-08-31,
MD,2008-09-30,
MD,2008-10-31,
MD,2008-11-30,
MD,2008-12-31,
MD,2009-01-31,
MD,2009-02-28,
MD,2009-03-31,
MD,2009-04-30,
MD,2009-05-31,
MD,2009-06-30,
MD,2009-07-31,
MD,2009-08-31,
MD,2009-09-30,
MD,2009-10-31,
MD,2009-11-30,
MD,2009-12-31,
MD,2010-01-31,
MD,2010-02-28,
MD,2010-03-31,
MD,2010-04-30,
MD,2010-05-31,
MD,2010-06-30,
MD,2010-07-31,
MD,2010-08-31,
MD,2010-09-30,
MD,2010-10-31,
MD,2010-11-30,
MD,2010-12-31,
MD,2011-01-31,
MD,2011-02-28,
MD,2011-03-31,
MD,2011-04-30,
MD,2011-05-31,
MD,2011-06-30,
MD,2011-07-31,
MD,2011-08-31,
MD,2011-09-30,
MD,2011-10-31,
MD,2011-11-30,
MD,2011-12-31,
MD,2012-01-31,
MD,2012-02-29,
MD,2012-03-31,
MD,2012-04-30,
MD,2012-05-31,
MD,2012-06-30,
MD,2012-07-31,
MD,2012-08-31,
MD,2012-09-30,
MD,2012-10-31,
MD,2012-11-30,
MD,2012-12-31,
MD,2013-01-31,
MD,2013-02-28,
MD,2013-03-31,
MD,2013-04-30,
MD,2013-05-31,
MD,2013-06-30,
MD,2013-07-31,
MD,2013-08-31,
MD,2013-09-30,
MD,2013-10-31,
MD,2013-11-30,
MD,2013-12-31,
MD,2014-01-31,
MD,2014-02-28,
MD,2014-03-31,
MD,2014-04-30,
MD,2014-05-31,
MD,2014-06-30,
MD,2014-07-31,
MD,2014-08-31,
MD,2014-09-30,
MD,2014-10-31,
MD,2014-11-30,
MD,2014-12-31,
MD,2015-01-31,
MD,2015-02-28,
MD,2015-03-31,
MD,2015-04-30,
MD,2015-05-31,
MD,2015-06-30,
MD,2015-07-31,
MD,2015-08-31,
MD,2015-09-30,
MD,2015-10-31,
MD,2015-11-30,
MD,2015-12-31,
MD,2016-01-31,
MD,2016-02-29,
MD,2016-03-31,
MD,2016-04-30,
MD,2016-05-31,
MD,2016-06-30,
MD,2016-07-31,
MD,2016-08-31,
MD,2016-09-30,
MD,2016-10-31,
MD,2016-11-30,
MD,2016-12-31,
MD,2017-01-31,
MD,2017-02-28,
MD,2017-03-31,
MD,2017-04-30,
MD,2017-05-31,
MD,2017-06-30,
MD,2017-07-31,
MD,2017-08-31,
MD,2017-09-30,
MD,2017-10-31,
MD,2017-11-30,
MD,2017-12-31,
MD,2018-01-31,
MD,2018-02-28,
MD,2018-03-31,
MD,2018-04-30,
MD,2018-05-31,
MD,2018-06-30,
MD,2018-07-31,
MD,2018-08-31,
MD,2018-09-30,
MD,2018-10-31,
MD,2018-11-30,
MD,2018-12-31,
MD,2019-01-31,
MD,2019-02-28,
MD,2019-03-31,
MD,2019-04-30,
MD,2019-05-31,
MD,2019-06-30,
MD,2019-07-31,
MD,2019-08-31,
MD,2019-09-30,
MD,2019-10-31,
MD,2019-11-30,
MD,2019-12-31,
MD,2020-01-31,
MD,2020-02-29,
MD,2020-03-31,
MD,2020-04-30,
MD,2020-05-31,
MD,2020-06-30,
MD,2020-07-31,
MD,2020-08-31,
MD,2020-09-30,
MD,2020-10-31,
MD,2020-11-30,
MD,2020-12-31,
MD,2021-01-31,
MD,2021-02-28,
MD,2021-03-31,
MD,2021-04-30,
MD,2021-05-31,
MD,2021-06-30,
MD,2021-07-31,
MD,2021-08-31,
MD,2021-09-30,
MD,2021-10-31,
MD,2021-11-30,
MD,2021-12-31,
MD,2022-01-31,
MD,2022-02-28,
MD,2022-03-31,
MD,2022-04-30,
MD,2022-05-31,
MD,2022-06-30,
MD,2022-07-31,
MD,2022-08-31,
MD,2022-09-30,
MD,2022-10-31,
MD,2022-11-30,
MD,2022-12-31,
MD,2023-01-31,
MD,2023-02-28,
MD,2023-03-31,
MD,2023-04-30,
MD,2023-05-31,
MD,2023-06-30,
MD,2023-07-31,
MD,2023-08-31,
MD,2023-09-30,
MD,2023-10-31,
MD,2023-11-30,
MD,2023-12-31,
MD,2024-01-31,
MD,2024-02-29,
MD,2024-03-31,
MD,2024-04-30,
MD,2024-05-31,
MD,2024-06-30,
MD,2024-07-31,
MD,2024-08-31,
MD,2024-09-30,
MD,2024-10-31,
MD,2024-11-30,
MD,2024-12-31,
MD,2025-01-31,
MD,2025-02-28,
MD,2025-03-31,
MK,2002-01-31,
MK,2002-02-28,
MK,2002-03-31,
MK,2002-04-30,
MK,2002-05-31,
MK,2002-06-30,
MK,2002-07-31,
MK,2002-08-31,
MK,2002-09-30,
MK,2002-10-31,
MK,2002-11-30,
MK,2002-12-31,
MK,2003-01-31,
MK,2003-02-28,
MK,2003-03-31,
MK,2003-04-30,
MK,2003-05-31,
MK,2003-06-30,
MK,2003-07-31,
MK,2003-08-31,
MK,2003-09-30,
MK,2003-10-31,
MK,2003-11-30,
MK,2003-12-31,
MK,2004-01-31,
MK,2004-02-29,
MK,2004-03-31,
MK,2004-04-30,
MK,2004-05-31,
MK,2004-06-30,
MK,2004-07-31,
MK,2004-08-31,
MK,2004-09-30,
MK,2004-10-31,
MK,2004-11-30,
MK,2004-12-31,
MK,2005-01-31,
MK,2005-02-28,
MK,2005-03-31,
MK,2005-04-30,
MK,2005-05-31,
MK,2005-06-30,
MK,2005-07-31,
MK,2005-08-31,
MK,2005-09-30,
MK,2005-10-31,
MK,2005-11-30,
MK,2005-12-31,
MK,2006-01-31,
MK,2006-02-28,
MK,2006-03-31,
MK,2006-04-30,
MK,2006-05-31,
MK,2006-06-30,
MK,2006-07-31,
MK,2006-08-31,
MK,2006-09-30,
MK,2006-10-31,
MK,2006-11-30,
MK,2006-12-31,
MK,2007-01-31,
MK,2007-02-28,
MK,2007-03-31,
MK,2007-04-30,
MK,2007-05-31,
MK,2007-06-30,
MK,2007-07-31,
MK,2007-08-31,
MK,2007-09-30,
MK,2007-10-31,
MK,2007-11-30,
MK,2007-12-31,
MK,2008-01-31,
MK,2008-02-29,
MK,2008-03-31,
MK,2008-04-30,
MK,2008-05-31,
MK,2008-06-30,
MK,2008-07-31,
MK,2008-08-31,
MK,2008-09-30,
MK,2008-10-31,
MK,2008-11-30,
MK,2008-12-31,
MK,2009-01-31,
MK,2009-02-28,
MK,2009-03-31,
MK,2009-04-30,
MK,2009-05-31,
MK,2009-06-30,
MK,2009-07-31,
MK,2009-08-31,
MK,2009-09-30,
MK,2009-10-31,
MK,2009-11-30,
MK,2009-12-31,
MK,2010-01-31,
MK,2010-02-28,
MK,2010-03-31,
MK,2010-04-30,
MK,2010-05-31,
MK,2010-06-30,
MK,2010-07-31,
MK,2010-08-31,
MK,2010-09-30,
MK,2010-10-31,
MK,2010-11-30,
MK,2010-12-31,
MK,2011-01-31,
MK,2011-02-28,
MK,2011-03-31,
MK,2011-04-30,
MK,2011-05-31,
MK,2011-06-30,
MK,2011-07-31,
MK,2011-08-31,
MK,2011-09-30,
MK,2011-10-31,
MK,2011-11-30,
MK,2011-12-31,
MK,2012-01-31,
MK,2012-02-29,
MK,2012-03-31,
MK,2012-04-30,
MK,2012-05-31,
MK,2012-06-30,
MK,2012-07-31,
MK,2012-08-31,
MK,2012-09-30,
MK,2012-10-31,
MK,2012-11-30,
MK,2012-12-31,
MK,2013-01-31,
MK,2013-02-28,
MK,2013-03-31,
MK,2013-04-30,
MK,2013-05-31,
MK,2013-06-30,
MK,2013-07-31,
MK,2013-08-31,
MK,2013-09-30,
MK,2013-10-31,
MK,2013-11-30,
MK,2013-12-31,
MK,2014-01-31,
MK,2014-02-28,
MK,2014-03-31,
MK,2014-04-30,
MK,2014-05-31,
MK,2014-06-30,
MK,2014-07-31,
MK,2014-08-31,
MK,2014-09-30,
MK,2014-10-31,
MK,2014-11-30,
MK,2014-12-31,
MK,2015-01-31,
MK,2015-02-28,0.0
MK,2015-03-31,0.0
MK,2015-04-30,0.0
MK,2015-05-31,0.0
MK,2015-06-30,0.0
MK,2015-07-31,0.0
MK,2015-08-31,0.0
MK,2015-09-30,0.0
MK,2015-10-31,0.0
MK,2015-11-30,0.0
MK,2015-12-31,0.0
MK,2016-01-31,0.0
MK,2016-02-29,0.0
MK,2016-03-31,0.0
MK,2016-04-30,0.0
MK,2016-05-31,0.0
MK,2016-06-30,0.0
MK,2016-07-31,0.0
MK,2016-08-31,0.0
MK,2016-09-30,0.0
MK,2016-10-31,0.0
MK,2016-11-30,0.0
MK,2016-12-31,0.0
MK,2017-01-31,0.0
MK,2017-02-28,0.0
MK,2017-03-31,0.0
MK,2017-04-30,0.0
MK,2017-05-31,0.0
MK,2017-06-30,0.0
MK,2017-07-31,0.0
MK,2017-08-31,0.0
MK,2017-09-30,0.0
MK,2017-10-31,0.0
MK,2017-11-30,0.0
MK,2017-12-31,0.0
MK,2018-01-31,0.0
MK,2018-02-28,0.0
MK,2018-03-31,0.0
MK,2018-04-30,0.0
MK,2018-05-31,0.0
MK,2018-06-30,0.0
MK,2018-07-31,0.0
MK,2018-08-31,0.0
MK,2018-09-30,0.0
MK,2018-10-31,0.0
MK,2018-11-30,0.0
MK,2018-12-31,0.0
MK,2019-01-31,0.0
MK,2019-02-28,0.0
MK,2019-03-31,0.0
MK,2019-04-30,0.0
MK,2019-05-31,0.0
MK,2019-06-30,0.0
MK,2019-07-31,0.0
MK,2019-08-31,0.0
MK,2019-09-30,0.0
MK,2019-10-31,0.0
MK,2019-11-30,0.0
MK,2019-12-31,0.0
MK,2020-01-31,0.0
MK,2020-02-29,0.0
MK,2020-03-31,0.0
MK,2020-04-30,0.0
MK,2020-05-31,0.0
MK,2020-06-30,0.0
MK,2020-07-31,0.0
MK,2020-08-31,0.0
MK,2020-09-30,0.0
MK,2020-10-31,0.0
MK,2020-11-30,0.0
MK,2020-12-31,0.0
MK,2021-01-31,0.0
MK,2021-02-28,0.0
MK,2021-03-31,0.0
MK,2021-04-30,0.0
MK,2021-05-31,0.0
MK,2021-06-30,0.0
MK,2021-07-31,0.0
MK,2021-08-31,0.0
MK,2021-09-30,0.0
MK,2021-10-31,0.0
MK,2021-11-30,0.0
MK,2021-12-31,0.0
MK,2022-01-31,0.0
MK,2022-02-28,0.0
MK,2022-03-31,0.0
MK,2022-04-30,0.0
MK,2022-05-31,0.0
MK,2022-06-30,0.0
MK,2022-07-31,0.0
MK,2022-08-31,0.0
MK,2022-09-30,0.0
MK,2022-10-31,
MK,2022-11-30,
MK,2022-12-31,
MK,2023-01-31,
MK,2023-02-28,
MK,2023-03-31,
MK,2023-04-30,
MK,2023-05-31,
MK,2023-06-30,
MK,2023-07-31,
MK,2023-08-31,
MK,2023-09-30,
MK,2023-10-31,
MK,2023-11-30,
MK,2023-12-31,
MK,2024-01-31,
MK,2024-02-29,
MK,2024-03-31,
MK,2024-04-30,
MK,2024-05-31,
MK,2024-06-30,
MK,2024-07-31,
MK,2024-08-31,
MK,2024-09-30,
MK,2024-10-31,
MK,2024-11-30,
MK,2024-12-31,
MK,2025-01-31,
MK,2025-02-28,
MK,2025-03-31,
MM,2002-01-31,
MM,2002-02-28,
MM,2002-03-31,
MM,2002-04-30,
MM,2002-05-31,
MM,2002-06-30,
MM,2002-07-31,
MM,2002-08-31,
MM,2002-09-30,
MM,2002-10-31,
MM,2002-11-30,
MM,2002-12-31,
MM,2003-01-31,
MM,2003-02-28,
MM,2003-03-31,
MM,2003-04-30,
MM,2003-05-31,
MM,2003-06-30,
MM,2003-07-31,
MM,2003-08-31,
MM,2003-09-30,
MM,2003-10-31,
MM,2003-11-30,
MM,2003-12-31,
MM,2004-01-31,
MM,2004-02-29,
MM,2004-03-31,
MM,2004-04-30,
MM,2004-05-31,
MM,2004-06-30,
MM,2004-07-31,
MM,2004-08-31,
MM,2004-09-30,
MM,2004-10-31,
MM,2004-11-30,
MM,2004-12-31,
MM,2005-01-31,
MM,2005-02-28,
MM,2005-03-31,
MM,2005-04-30,
MM,2005-05-31,
MM,2005-06-30,
MM,2005-07-31,
MM,2005-08-31,
MM,2005-09-30,
MM,2005-10-31,
MM,2005-11-30,
MM,2005-12-31,
MM,2006-01-31,
MM,2006-02-28,
MM,2006-03-31,
MM,2006-04-30,
MM,2006-05-31,
MM,2006-06-30,
MM,2006-07-31,
MM,2006-08-31,
MM,2006-09-30,
MM,2006-10-31,
MM,2006-11-30,
MM,2006-12-31,
MM,2007-01-31,
MM,2007-02-28,
MM,2007-03-31,
MM,2007-04-30,
MM,2007-05-31,
MM,2007-06-30,
MM,2007-07-31,
MM,2007-08-31,
MM,2007-09-30,
MM,2007-10-31,
MM,2007-11-30,
MM,2007-12-31,
MM,2008-01-31,
MM,2008-02-29,
MM,2008-03-31,
MM,2008-04-30,
MM,2008-05-31,
MM,2008-06-30,
MM,2008-07-31,
MM,2008-08-31,
MM,2008-09-30,
MM,2008-10-31,
MM,2008-11-30,
MM,2008-12-31,
MM,2009-01-31,
MM,2009-02-28,
MM,2009-03-31,
MM,2009-04-30,
MM,2009-05-31,
MM,2009-06-30,
MM,2009-07-31,
MM,2009-08-31,
MM,2009-09-30,
MM,2009-10-31,
MM,2009-11-30,
MM,2009-12-31,
MM,2010-01-31,
MM,2010-02-28,
MM,2010-03-31,
MM,2010-04-30,
MM,2010-05-31,
MM,2010-06-30,
MM,2010-07-31,
MM,2010-08-31,
MM,2010-09-30,
MM,2010-10-31,
MM,2010-11-30,
MM,2010-12-31,
MM,2011-01-31,
MM,2011-02-28,
MM,2011-03-31,
MM,2011-04-30,
MM,2011-05-31,
MM,2011-06-30,
MM,2011-07-31,
MM,2011-08-31,
MM,2011-09-30,
MM,2011-10-31,
MM,2011-11-30,
MM,2011-12-31,
MM,2012-01-31,
MM,2012-02-29,
MM,2012-03-31,
MM,2012-04-30,
MM,2012-05-31,
MM,2012-06-30,
MM,2012-07-31,
MM,2012-08-31,
MM,2012-09-30,
MM,2012-10-31,
MM,2012-11-30,
MM,2012-12-31,
MM,2013-01-31,
MM,2013-02-28,
MM,2013-03-31,
MM,2013-04-30,
MM,2013-05-31,
MM,2013-06-30,
MM,2013-07-31,
MM,2013-08-31,
MM,2013-09-30,
MM,2013-10-31,
MM,2013-11-30,
MM,2013-12-31,
MM,2014-01-31,
MM,2014-02-28,
MM,2014-03-31,
MM,2014-04-30,
MM,2014-05-31,
MM,2014-06-30,
MM,2014-07-31,
MM,2014-08-31,
MM,2014-09-30,
MM,2014-10-31,
MM,2014-11-30,
MM,2014-12-31,
MM,2015-01-31,
MM,2015-02-28,
MM,2015-03-31,
MM,2015-04-30,
MM,2015-05-31,
MM,2015-06-30,
MM,2015-07-31,
MM,2015-08-31,
MM,2015-09-30,
MM,2015-10-31,
MM,2015-11-30,
MM,2015-12-31,
MM,2016-01-31,
MM,2016-02-29,
MM,2016-03-31,
MM,2016-04-30,
MM,2016-05-31,
MM,2016-06-30,
MM,2016-07-31,
MM,2016-08-31,
MM,2016-09-30,
MM,2016-10-31,
MM,2016-11-30,
MM,2016-12-31,
MM,2017-01-31,
MM,2017-02-28,
MM,2017-03-31,
MM,2017-04-30,
MM,2017-05-31,
MM,2017-06-30,
MM,2017-07-31,
MM,2017-08-31,
MM,2017-09-30,
MM,2017-10-31,
MM,2017-11-30,
MM,2017-12-31,
MM,2018-01-31,
MM,2018-02-28,
MM,2018-03-31,
MM,2018-04-30,
MM,2018-05-31,
MM,2018-06-30,
MM,2018-07-31,
MM,2018-08-31,
MM,2018-09-30,
MM,2018-10-31,
MM,2018-11-30,
MM,2018-12-31,
MM,2019-01-31,
MM,2019-02-28,
MM,2019-03-31,
MM,2019-04-30,
MM,2019-05-31,
MM,2019-06-30,
MM,2019-07-31,
MM,2019-08-31,
MM,2019-09-30,
MM,2019-10-31,
MM,2019-11-30,
MM,2019-12-31,
MM,2020-01-31,
MM,2020-02-29,
MM,2020-03-31,
MM,2020-04-30,
MM,2020-05-31,
MM,2020-06-30,
MM,2020-07-31,
MM,2020-08-31,
MM,2020-09-30,
MM,2020-10-31,
MM,2020-11-30,
MM,2020-12-31,
MM,2021-01-31,
MM,2021-02-28,
MM,2021-03-31,
MM,2021-04-30,
MM,2021-05-31,
MM,2021-06-30,
MM,2021-07-31,
MM,2021-08-31,
MM,2021-09-30,
MM,2021-10-31,
MM,2021-11-30,
MM,2021-12-31,
MM,2022-01-31,
MM,2022-02-28,
MM,2022-03-31,
MM,2022-04-30,
MM,2022-05-31,
MM,2022-06-30,
MM,2022-07-31,
MM,2022-08-31,
MM,2022-09-30,
MM,2022-10-31,
MM,2022-11-30,
MM,2022-12-31,
MM,2023-01-31,
MM,2023-02-28,
MM,2023-03-31,
MM,2023-04-30,
MM,2023-05-31,
MM,2023-06-30,
MM,2023-07-31,
MM,2023-08-31,
MM,2023-09-30,
MM,2023-10-31,
MM,2023-11-30,
MM,2023-12-31,
MM,2024-01-31,
MM,2024-02-29,
MM,2024-03-31,
MM,2024-04-30,
MM,2024-05-31,
MM,2024-06-30,
MM,2024-07-31,
MM,2024-08-31,
MM,2024-09-30,
MM,2024-10-31,
MM,2024-11-30,
MM,2024-12-31,
MM,2025-01-31,
MM,2025-02-28,
MM,2025-03-31,
MT,2002-01-31,
MT,2002-02-28,
MT,2002-03-31,
MT,2002-04-30,
MT,2002-05-31,
MT,2002-06-30,
MT,2002-07-31,
MT,2002-08-31,
MT,2002-09-30,
MT,2002-10-31,
MT,2002-11-30,
MT,2002-12-31,
MT,2003-01-31,
MT,2003-02-28,
MT,2003-03-31,
MT,2003-04-30,
MT,2003-05-31,
MT,2003-06-30,
MT,2003-07-31,
MT,2003-08-31,
MT,2003-09-30,
MT,2003-10-31,
MT,2003-11-30,
MT,2003-12-31,
MT,2004-01-31,
MT,2004-02-29,
MT,2004-03-31,
MT,2004-04-30,
MT,2004-05-31,
MT,2004-06-30,
MT,2004-07-31,
MT,2004-08-31,
MT,2004-09-30,
MT,2004-10-31,
MT,2004-11-30,
MT,2004-12-31,
MT,2005-01-31,
MT,2005-02-28,
MT,2005-03-31,
MT,2005-04-30,
MT,2005-05-31,
MT,2005-06-30,
MT,2005-07-31,
MT,2005-08-31,
MT,2005-09-30,
MT,2005-10-31,
MT,2005-11-30,
MT,2005-12-31,
MT,2006-01-31,
MT,2006-02-28,
MT,2006-03-31,
MT,2006-04-30,
MT,2006-05-31,
MT,2006-06-30,
MT,2006-07-31,
MT,2006-08-31,
MT,2006-09-30,
MT,2006-10-31,
MT,2006-11-30,
MT,2006-12-31,
MT,2007-01-31,
MT,2007-02-28,
MT,2007-03-31,
MT,2007-04-30,
MT,2007-05-31,
MT,2007-06-30,
MT,2007-07-31,
MT,2007-08-31,
MT,2007-09-30,
MT,2007-10-31,
MT,2007-11-30,
MT,2007-12-31,
MT,2008-01-31,
MT,2008-02-29,
MT,2008-03-31,
MT,2008-04-30,
MT,2008-05-31,
MT,2008-06-30,
MT,2008-07-31,
MT,2008-08-31,
MT,2008-09-30,
MT,2008-10-31,
MT,2008-11-30,
MT,2008-12-31,
MT,2009-01-31,
MT,2009-02-28,
MT,2009-03-31,
MT,2009-04-30,
MT,2009-05-31,
MT,2009-06-30,
MT,2009-07-31,
MT,2009-08-31,
MT,2009-09-30,
MT,2009-10-31,
MT,2009-11-30,
MT,2009-12-31,
MT,2010-01-31,
MT,2010-02-28,
MT,2010-03-31,
MT,2010-04-30,
MT,2010-05-31,
MT,2010-06-30,
MT,2010-07-31,
MT,2010-08-31,
MT,2010-09-30,
MT,2010-10-31,
MT,2010-11-30,
MT,2010-12-31,
MT,2011-01-31,
MT,2011-02-28,
MT,2011-03-31,
MT,2011-04-30,
MT,2011-05-31,
MT,2011-06-30,
MT,2011-07-31,
MT,2011-08-31,
MT,2011-09-30,
MT,2011-10-31,
MT,2011-11-30,
MT,2011-12-31,
MT,2012-01-31,
MT,2012-02-29,
MT,2012-03-31,
MT,2012-04-30,
MT,2012-05-31,
MT,2012-06-30,
MT,2012-07-31,
MT,2012-08-31,
MT,2012-09-30,
MT,2012-10-31,
MT,2012-11-30,
MT,2012-12-31,
MT,2013-01-31,
MT,2013-02-28,
MT,2013-03-31,
MT,2013-04-30,
MT,2013-05-31,
MT,2013-06-30,
MT,2013-07-31,
MT,2013-08-31,
MT,2013-09-30,
MT,2013-10-31,
MT,2013-11-30,
MT,2013-12-31,
MT,2014-01-31,
MT,2014-02-28,
MT,2014-03-31,
MT,2014-04-30,
MT,2014-05-31,
MT,2014-06-30,
MT,2014-07-31,
MT,2014-08-31,
MT,2014-09-30,
MT,2014-10-31,
MT,2014-11-30,
MT,2014-12-31,
MT,2015-01-31,
MT,2015-02-28,
MT,2015-03-31,
MT,2015-04-30,
MT,2015-05-31,
MT,2015-06-30,
MT,2015-07-31,
MT,2015-08-31,
MT,2015-09-30,
MT,2015-10-31,
MT,2015-11-30,
MT,2015-12-31,
MT,2016-01-31,
MT,2016-02-29,
MT,2016-03-31,
MT,2016-04-30,
MT,2016-05-31,
MT,2016-06-30,
MT,2016-07-31,
MT,2016-08-31,
MT,2016-09-30,
MT,2016-10-31,
MT,2016-11-30,
MT,2016-12-31,
MT,2017-01-31,
MT,2017-02-28,
MT,2017-03-31,
MT,2017-04-30,
MT,2017-05-31,
MT,2017-06-30,
MT,2017-07-31,
MT,2017-08-31,
MT,2017-09-30,
MT,2017-10-31,
MT,2017-11-30,
MT,2017-12-31,
MT,2018-01-31,
MT,2018-02-28,
MT,2018-03-31,
MT,2018-04-30,
MT,2018-05-31,
MT,2018-06-30,
MT,2018-07-31,
MT,2018-08-31,
MT,2018-09-30,
MT,2018-10-31,
MT,2018-11-30,
MT,2018-12-31,
MT,2019-01-31,
MT,2019-02-28,
MT,2019-03-31,
MT,2019-04-30,
MT,2019-05-31,
MT,2019-06-30,
MT,2019-07-31,
MT,2019-08-31,
MT,2019-09-30,
MT,2019-10-31,
MT,2019-11-30,
MT,2019-12-31,
MT,2020-01-31,
MT,2020-02-29,
MT,2020-03-31,
MT,2020-04-30,
MT,2020-05-31,
MT,2020-06-30,
MT,2020-07-31,
MT,2020-08-31,
MT,2020-09-30,
MT,2020-10-31,
MT,2020-11-30,
MT,2020-12-31,
MT,2021-01-31,
MT,2021-02-28,
MT,2021-03-31,
MT,2021-04-30,
MT,2021-05-31,
MT,2021-06-30,
MT,2021-07-31,
MT,2021-08-31,
MT,2021-09-30,
MT,2021-10-31,
MT,2021-11-30,
MT,2021-12-31,
MT,2022-01-31,
MT,2022-02-28,
MT,2022-03-31,
MT,2022-04-30,
MT,2022-05-31,
MT,2022-06-30,
MT,2022-07-31,
MT,2022-08-31,
MT,2022-09-30,
MT,2022-10-31,
MT,2022-11-30,
MT,2022-12-31,
MT,2023-01-31,
MT,2023-02-28,
MT,2023-03-31,
MT,2023-04-30,
MT,2023-05-31,
MT,2023-06-30,
MT,2023-07-31,
MT,2023-08-31,
MT,2023-09-30,
MT,2023-10-31,
MT,2023-11-30,
MT,2023-12-31,
MT,2024-01-31,
MT,2024-02-29,
MT,2024-03-31,
MT,2024-04-30,
MT,2024-05-31,
MT,2024-06-30,
MT,2024-07-31,
MT,2024-08-31,
MT,2024-09-30,
MT,2024-10-31,
MT,2024-11-30,
MT,2024-12-31,
MT,2025-01-31,
MT,2025-02-28,
MT,2025-03-31,
MU,2002-01-31,
MU,2002-02-28,
MU,2002-03-31,
MU,2002-04-30,
MU,2002-05-31,
MU,2002-06-30,
MU,2002-07-31,
MU,2002-08-31,
MU,2002-09-30,
MU,2002-10-31,
MU,2002-11-30,
MU,2002-12-31,
MU,2003-01-31,
MU,2003-02-28,
MU,2003-03-31,
MU,2003-04-30,
MU,2003-05-31,
MU,2003-06-30,
MU,2003-07-31,
MU,2003-08-31,
MU,2003-09-30,
MU,2003-10-31,
MU,2003-11-30,
MU,2003-12-31,
MU,2004-01-31,
MU,2004-02-29,
MU,2004-03-31,
MU,2004-04-30,
MU,2004-05-31,
MU,2004-06-30,
MU,2004-07-31,
MU,2004-08-31,
MU,2004-09-30,
MU,2004-10-31,
MU,2004-11-30,
MU,2004-12-31,
MU,2005-01-31,
MU,2005-02-28,
MU,2005-03-31,
MU,2005-04-30,
MU,2005-05-31,
MU,2005-06-30,
MU,2005-07-31,
MU,2005-08-31,
MU,2005-09-30,
MU,2005-10-31,
MU,2005-11-30,
MU,2005-12-31,
MU,2006-01-31,
MU,2006-02-28,
MU,2006-03-31,
MU,2006-04-30,
MU,2006-05-31,
MU,2006-06-30,
MU,2006-07-31,
MU,2006-08-31,
MU,2006-09-30,
MU,2006-10-31,
MU,2006-11-30,
MU,2006-12-31,
MU,2007-01-31,
MU,2007-02-28,
MU,2007-03-31,
MU,2007-04-30,
MU,2007-05-31,
MU,2007-06-30,
MU,2007-07-31,
MU,2007-08-31,
MU,2007-09-30,
MU,2007-10-31,
MU,2007-11-30,
MU,2007-12-31,
MU,2008-01-31,
MU,2008-02-29,
MU,2008-03-31,
MU,2008-04-30,
MU,2008-05-31,
MU,2008-06-30,
MU,2008-07-31,
MU,2008-08-31,
MU,2008-09-30,
MU,2008-10-31,
MU,2008-11-30,
MU,2008-12-31,
MU,2009-01-31,
MU,2009-02-28,
MU,2009-03-31,
MU,2009-04-30,
MU,2009-05-31,
MU,2009-06-30,
MU,2009-07-31,
MU,2009-08-31,
MU,2009-09-30,
MU,2009-10-31,
MU,2009-11-30,
MU,2009-12-31,
MU,2010-01-31,
MU,2010-02-28,
MU,2010-03-31,
MU,2010-04-30,
MU,2010-05-31,
MU,2010-06-30,
MU,2010-07-31,
MU,2010-08-31,
MU,2010-09-30,
MU,2010-10-31,
MU,2010-11-30,
MU,2010-12-31,
MU,2011-01-31,
MU,2011-02-28,
MU,2011-03-31,
MU,2011-04-30,
MU,2011-05-31,
MU,2011-06-30,
MU,2011-07-31,
MU,2011-08-31,
MU,2011-09-30,
MU,2011-10-31,
MU,2011-11-30,
MU,2011-12-31,
MU,2012-01-31,
MU,2012-02-29,
MU,2012-03-31,
MU,2012-04-30,
MU,2012-05-31,
MU,2012-06-30,
MU,2012-07-31,
MU,2012-08-31,
MU,2012-09-30,
MU,2012-10-31,
MU,2012-11-30,
MU,2012-12-31,
MU,2013-01-31,
MU,2013-02-28,
MU,2013-03-31,
MU,2013-04-30,
MU,2013-05-31,
MU,2013-06-30,
MU,2013-07-31,
MU,2013-08-31,
MU,2013-09-30,
MU,2013-10-31,
MU,2013-11-30,
MU,2013-12-31,
MU,2014-01-31,
MU,2014-02-28,
MU,2014-03-31,
MU,2014-04-30,
MU,2014-05-31,
MU,2014-06-30,
MU,2014-07-31,
MU,2014-08-31,
MU,2014-09-30,
MU,2014-10-31,
MU,2014-11-30,
MU,2014-12-31,
MU,2015-01-31,
MU,2015-02-28,
MU,2015-03-31,
MU,2015-04-30,
MU,2015-05-31,
MU,2015-06-30,
MU,2015-07-31,
MU,2015-08-31,
MU,2015-09-30,
MU,2015-10-31,
MU,2015-11-30,
MU,2015-12-31,
MU,2016-01-31,
MU,2016-02-29,
MU,2016-03-31,
MU,2016-04-30,
MU,2016-05-31,
MU,2016-06-30,
MU,2016-07-31,
MU,2016-08-31,
MU,2016-09-30,
MU,2016-10-31,
MU,2016-11-30,
MU,2016-12-31,
MU,2017-01-31,
MU,2017-02-28,
MU,2017-03-31,
MU,2017-04-30,
MU,2017-05-31,
MU,2017-06-30,
MU,2017-07-31,
MU,2017-08-31,
MU,2017-09-30,
MU,2017-10-31,
MU,2017-11-30,
MU,2017-12-31,
MU,2018-01-31,
MU,2018-02-28,
MU,2018-03-31,
MU,2018-04-30,
MU,2018-05-31,
MU,2018-06-30,
MU,2018-07-31,
MU,2018-08-31,
MU,2018-09-30,
MU,2018-10-31,
MU,2018-11-30,
MU,2018-12-31,
MU,2019-01-31,
MU,2019-02-28,
MU,2019-03-31,
MU,2019-04-30,
MU,2019-05-31,
MU,2019-06-30,
MU,2019-07-31,
MU,2019-08-31,
MU,2019-09-30,
MU,2019-10-31,
MU,2019-11-30,
MU,2019-12-31,
MU,2020-01-31,
MU,2020-02-29,
MU,2020-03-31,
MU,2020-04-30,
MU,2020-05-31,
MU,2020-06-30,
MU,2020-07-31,
MU,2020-08-31,
MU,2020-09-30,
MU,2020-10-31,
MU,2020-11-30,
MU,2020-12-31,
MU,2021-01-31,
MU,2021-02-28,
MU,2021-03-31,
MU,2021-04-30,
MU,2021-05-31,
MU,2021-06-30,
MU,2021-07-31,
MU,2021-08-31,
MU,2021-09-30,
MU,2021-10-31,
MU,2021-11-30,
MU,2021-12-31,
MU,2022-01-31,
MU,2022-02-28,
MU,2022-03-31,
MU,2022-04-30,
MU,2022-05-31,
MU,2022-06-30,
MU,2022-07-31,
MU,2022-08-31,
MU,2022-09-30,
MU,2022-10-31,
MU,2022-11-30,
MU,2022-12-31,
MU,2023-01-31,
MU,2023-02-28,
MU,2023-03-31,
MU,2023-04-30,
MU,2023-05-31,
MU,2023-06-30,
MU,2023-07-31,
MU,2023-08-31,
MU,2023-09-30,
MU,2023-10-31,
MU,2023-11-30,
MU,2023-12-31,
MU,2024-01-31,
MU,2024-02-29,
MU,2024-03-31,
MU,2024-04-30,
MU,2024-05-31,
MU,2024-06-30,
MU,2024-07-31,
MU,2024-08-31,
MU,2024-09-30,
MU,2024-10-31,
MU,2024-11-30,
MU,2024-12-31,
MU,2025-01-31,
MU,2025-02-28,
MU,2025-03-31,
MY,2002-01-31,
MY,2002-02-28,
MY,2002-03-31,
MY,2002-04-30,
MY,2002-05-31,
MY,2002-06-30,
MY,2002-07-31,
MY,2002-08-31,
MY,2002-09-30,
MY,2002-10-31,
MY,2002-11-30,
MY,2002-12-31,
MY,2003-01-31,
MY,2003-02-28,
MY,2003-03-31,
MY,2003-04-30,
MY,2003-05-31,
MY,2003-06-30,
MY,2003-07-31,
MY,2003-08-31,
MY,2003-09-30,
MY,2003-10-31,
MY,2003-11-30,
MY,2003-12-31,
MY,2004-01-31,
MY,2004-02-29,
MY,2004-03-31,
MY,2004-04-30,
MY,2004-05-31,
MY,2004-06-30,
MY,2004-07-31,
MY,2004-08-31,
MY,2004-09-30,
MY,2004-10-31,
MY,2004-11-30,
MY,2004-12-31,
MY,2005-01-31,
MY,2005-02-28,
MY,2005-03-31,
MY,2005-04-30,
MY,2005-05-31,
MY,2005-06-30,
MY,2005-07-31,
MY,2005-08-31,
MY,2005-09-30,
MY,2005-10-31,
MY,2005-11-30,
MY,2005-12-31,
MY,2006-01-31,
MY,2006-02-28,
MY,2006-03-31,
MY,2006-04-30,
MY,2006-05-31,
MY,2006-06-30,
MY,2006-07-31,
MY,2006-08-31,
MY,2006-09-30,
MY,2006-10-31,
MY,2006-11-30,
MY,2006-12-31,
MY,2007-01-31,
MY,2007-02-28,
MY,2007-03-31,
MY,2007-04-30,
MY,2007-05-31,
MY,2007-06-30,
MY,2007-07-31,
MY,2007-08-31,
MY,2007-09-30,
MY,2007-10-31,
MY,2007-11-30,
MY,2007-12-31,
MY,2008-01-31,
MY,2008-02-29,
MY,2008-03-31,
MY,2008-04-30,
MY,2008-05-31,
MY,2008-06-30,
MY,2008-07-31,
MY,2008-08-31,
MY,2008-09-30,
MY,2008-10-31,
MY,2008-11-30,
MY,2008-12-31,
MY,2009-01-31,
MY,2009-02-28,
MY,2009-03-31,
MY,2009-04-30,
MY,2009-05-31,
MY,2009-06-30,
MY,2009-07-31,
MY,2009-08-31,
MY,2009-09-30,
MY,2009-10-31,
MY,2009-11-30,
MY,2009-12-31,
MY,2010-01-31,
MY,2010-02-28,
MY,2010-03-31,
MY,2010-04-30,
MY,2010-05-31,
MY,2010-06-30,
MY,2010-07-31,
MY,2010-08-31,
MY,2010-09-30,
MY,2010-10-31,
MY,2010-11-30,
MY,2010-12-31,
MY,2011-01-31,
MY,2011-02-28,
MY,2011-03-31,
MY,2011-04-30,
MY,2011-05-31,
MY,2011-06-30,
MY,2011-07-31,
MY,2011-08-31,
MY,2011-09-30,
MY,2011-10-31,
MY,2011-11-30,
MY,2011-12-31,
MY,2012-01-31,
MY,2012-02-29,
MY,2012-03-31,
MY,2012-04-30,
MY,2012-05-31,
MY,2012-06-30,
MY,2012-07-31,
MY,2012-08-31,
MY,2012-09-30,
MY,2012-10-31,
MY,2012-11-30,
MY,2012-12-31,
MY,2013-01-31,
MY,2013-02-28,
MY,2013-03-31,
MY,2013-04-30,
MY,2013-05-31,
MY,2013-06-30,
MY,2013-07-31,
MY,2013-08-31,
MY,2013-09-30,
MY,2013-10-31,
MY,2013-11-30,
MY,2013-12-31,
MY,2014-01-31,
MY,2014-02-28,
MY,2014-03-31,
MY,2014-04-30,
MY,2014-05-31,
MY,2014-06-30,
MY,2014-07-31,
MY,2014-08-31,
MY,2014-09-30,
MY,2014-10-31,
MY,2014-11-30,
MY,2014-12-31,
MY,2015-01-31,
MY,2015-02-28,
MY,2015-03-31,
MY,2015-04-30,
MY,2015-05-31,
MY,2015-06-30,
MY,2015-07-31,
MY,2015-08-31,
MY,2015-09-30,
MY,2015-10-31,
MY,2015-11-30,
MY,2015-12-31,
MY,2016-01-31,
MY,2016-02-29,
MY,2016-03-31,
MY,2016-04-30,
MY,2016-05-31,
MY,2016-06-30,
MY,2016-07-31,
MY,2016-08-31,
MY,2016-09-30,
MY,2016-10-31,
MY,2016-11-30,
MY,2016-12-31,
MY,2017-01-31,
MY,2017-02-28,
MY,2017-03-31,
MY,2017-04-30,
MY,2017-05-31,
MY,2017-06-30,
MY,2017-07-31,
MY,2017-08-31,
MY,2017-09-30,
MY,2017-10-31,
MY,2017-11-30,
MY,2017-12-31,
MY,2018-01-31,
MY,2018-02-28,
MY,2018-03-31,
MY,2018-04-30,
MY,2018-05-31,
MY,2018-06-30,
MY,2018-07-31,
MY,2018-08-31,
MY,2018-09-30,
MY,2018-10-31,
MY,2018-11-30,
MY,2018-12-31,
MY,2019-01-31,
MY,2019-02-28,
MY,2019-03-31,
MY,2019-04-30,
MY,2019-05-31,
MY,2019-06-30,
MY,2019-07-31,
MY,2019-08-31,
MY,2019-09-30,
MY,2019-10-31,
MY,2019-11-30,
MY,2019-12-31,
MY,2020-01-31,
MY,2020-02-29,
MY,2020-03-31,
MY,2020-04-30,
MY,2020-05-31,
MY,2020-06-30,
MY,2020-07-31,
MY,2020-08-31,
MY,2020-09-30,
MY,2020-10-31,
MY,2020-11-30,
MY,2020-12-31,
MY,2021-01-31,
MY,2021-02-28,
MY,2021-03-31,
MY,2021-04-30,
MY,2021-05-31,
MY,2021-06-30,
MY,2021-07-31,
MY,2021-08-31,
MY,2021-09-30,
MY,2021-10-31,
MY,2021-11-30,
MY,2021-12-31,
MY,2022-01-31,
MY,2022-02-28,
MY,2022-03-31,
MY,2022-04-30,
MY,2022-05-31,
MY,2022-06-30,
MY,2022-07-31,
MY,2022-08-31,
MY,2022-09-30,
MY,2022-10-31,
MY,2022-11-30,
MY,2022-12-31,
MY,2023-01-31,
MY,2023-02-28,
MY,2023-03-31,
MY,2023-04-30,
MY,2023-05-31,
MY,2023-06-30,
MY,2023-07-31,
MY,2023-08-31,
MY,2023-09-30,
MY,2023-10-31,
MY,2023-11-30,
MY,2023-12-31,
MY,2024-01-31,
MY,2024-02-29,
MY,2024-03-31,
MY,2024-04-30,
MY,2024-05-31,
MY,2024-06-30,
MY,2024-07-31,
MY,2024-08-31,
MY,2024-09-30,
MY,2024-10-31,
MY,2024-11-30,
MY,2024-12-31,
MY,2025-01-31,
MY,2025-02-28,
MY,2025-03-31,
NE,2002-01-31,
NE,2002-02-28,
NE,2002-03-31,
NE,2002-04-30,
NE,2002-05-31,
NE,2002-06-30,
NE,2002-07-31,
NE,2002-08-31,
NE,2002-09-30,
NE,2002-10-31,
NE,2002-11-30,
NE,2002-12-31,
NE,2003-01-31,
NE,2003-02-28,
NE,2003-03-31,
NE,2003-04-30,
NE,2003-05-31,
NE,2003-06-30,
NE,2003-07-31,
NE,2003-08-31,
NE,2003-09-30,
NE,2003-10-31,
NE,2003-11-30,
NE,2003-12-31,
NE,2004-01-31,
NE,2004-02-29,
NE,2004-03-31,
NE,2004-04-30,
NE,2004-05-31,
NE,2004-06-30,
NE,2004-07-31,
NE,2004-08-31,
NE,2004-09-30,
NE,2004-10-31,
NE,2004-11-30,
NE,2004-12-31,
NE,2005-01-31,
NE,2005-02-28,
NE,2005-03-31,
NE,2005-04-30,
NE,2005-05-31,
NE,2005-06-30,
NE,2005-07-31,
NE,2005-08-31,
NE,2005-09-30,
NE,2005-10-31,
NE,2005-11-30,
NE,2005-12-31,
NE,2006-01-31,
NE,2006-02-28,
NE,2006-03-31,
NE,2006-04-30,
NE,2006-05-31,
NE,2006-06-30,
NE,2006-07-31,
NE,2006-08-31,
NE,2006-09-30,
NE,2006-10-31,
NE,2006-11-30,
NE,2006-12-31,
NE,2007-01-31,
NE,2007-02-28,
NE,2007-03-31,
NE,2007-04-30,
NE,2007-05-31,
NE,2007-06-30,
NE,2007-07-31,
NE,2007-08-31,
NE,2007-09-30,
NE,2007-10-31,
NE,2007-11-30,
NE,2007-12-31,
NE,2008-01-31,
NE,2008-02-29,
NE,2008-03-31,
NE,2008-04-30,
NE,2008-05-31,
NE,2008-06-30,
NE,2008-07-31,
NE,2008-08-31,
NE,2008-09-30,
NE,2008-10-31,
NE,2008-11-30,
NE,2008-12-31,
NE,2009-01-31,
NE,2009-02-28,
NE,2009-03-31,
NE,2009-04-30,
NE,2009-05-31,
NE,2009-06-30,
NE,2009-07-31,
NE,2009-08-31,
NE,2009-09-30,
NE,2009-10-31,
NE,2009-11-30,
NE,2009-12-31,
NE,2010-01-31,
NE,2010-02-28,
NE,2010-03-31,
NE,2010-04-30,
NE,2010-05-31,
NE,2010-06-30,
NE,2010-07-31,
NE,2010-08-31,
NE,2010-09-30,
NE,2010-10-31,
NE,2010-11-30,
NE,2010-12-31,
NE,2011-01-31,
NE,2011-02-28,
NE,2011-03-31,
NE,2011-04-30,
NE,2011-05-31,
NE,2011-06-30,
NE,2011-07-31,
NE,2011-08-31,
NE,2011-09-30,
NE,2011-10-31,
NE,2011-11-30,
NE,2011-12-31,
NE,2012-01-31,
NE,2012-02-29,
NE,2012-03-31,
NE,2012-04-30,
NE,2012-05-31,
NE,2012-06-30,
NE,2012-07-31,
NE,2012-08-31,
NE,2012-09-30,
NE,2012-10-31,
NE,2012-11-30,
NE,2012-12-31,
NE,2013-01-31,
NE,2013-02-28,
NE,2013-03-31,
NE,2013-04-30,
NE,2013-05-31,
NE,2013-06-30,
NE,2013-07-31,
NE,2013-08-31,
NE,2013-09-30,
NE,2013-10-31,
NE,2013-11-30,
NE,2013-12-31,
NE,2014-01-31,
NE,2014-02-28,
NE,2014-03-31,
NE,2014-04-30,
NE,2014-05-31,
NE,2014-06-30,
NE,2014-07-31,
NE,2014-08-31,
NE,2014-09-30,
NE,2014-10-31,
NE,2014-11-30,
NE,2014-12-31,
NE,2015-01-31,
NE,2015-02-28,
NE,2015-03-31,
NE,2015-04-30,
NE,2015-05-31,
NE,2015-06-30,
NE,2015-07-31,
NE,2015-08-31,
NE,2015-09-30,
NE,2015-10-31,
NE,2015-11-30,
NE,2015-12-31,
NE,2016-01-31,
NE,2016-02-29,
NE,2016-03-31,
NE,2016-04-30,
NE,2016-05-31,
NE,2016-06-30,
NE,2016-07-31,
NE,2016-08-31,
NE,2016-09-30,
NE,2016-10-31,
NE,2016-11-30,
NE,2016-12-31,
NE,2017-01-31,
NE,2017-02-28,
NE,2017-03-31,
NE,2017-04-30,
NE,2017-05-31,
NE,2017-06-30,
NE,2017-07-31,
NE,2017-08-31,
NE,2017-09-30,
NE,2017-10-31,
NE,2017-11-30,
NE,2017-12-31,
NE,2018-01-31,
NE,2018-02-28,
NE,2018-03-31,
NE,2018-04-30,
NE,2018-05-31,
NE,2018-06-30,
NE,2018-07-31,
NE,2018-08-31,
NE,2018-09-30,
NE,2018-10-31,
NE,2018-11-30,
NE,2018-12-31,
NE,2019-01-31,
NE,2019-02-28,
NE,2019-03-31,
NE,2019-04-30,
NE,2019-05-31,
NE,2019-06-30,
NE,2019-07-31,
NE,2019-08-31,
NE,2019-09-30,
NE,2019-10-31,
NE,2019-11-30,
NE,2019-12-31,
NE,2020-01-31,
NE,2020-02-29,
NE,2020-03-31,
NE,2020-04-30,
NE,2020-05-31,
NE,2020-06-30,
NE,2020-07-31,
NE,2020-08-31,
NE,2020-09-30,
NE,2020-10-31,
NE,2020-11-30,
NE,2020-12-31,
NE,2021-01-31,
NE,2021-02-28,
NE,2021-03-31,
NE,2021-04-30,
NE,2021-05-31,
NE,2021-06-30,
NE,2021-07-31,
NE,2021-08-31,
NE,2021-09-30,
NE,2021-10-31,
NE,2021-11-30,
NE,2021-12-31,
NE,2022-01-31,
NE,2022-02-28,
NE,2022-03-31,
NE,2022-04-30,
NE,2022-05-31,
NE,2022-06-30,
NE,2022-07-31,
NE,2022-08-31,
NE,2022-09-30,
NE,2022-10-31,
NE,2022-11-30,
NE,2022-12-31,
NE,2023-01-31,
NE,2023-02-28,
NE,2023-03-31,
NE,2023-04-30,
NE,2023-05-31,
NE,2023-06-30,
NE,2023-07-31,
NE,2023-08-31,
NE,2023-09-30,
NE,2023-10-31,
NE,2023-11-30,
NE,2023-12-31,
NE,2024-01-31,
NE,2024-02-29,
NE,2024-03-31,
NE,2024-04-30,
NE,2024-05-31,
NE,2024-06-30,
NE,2024-07-31,
NE,2024-08-31,
NE,2024-09-30,
NE,2024-10-31,
NE,2024-11-30,
NE,2024-12-31,
NE,2025-01-31,
NE,2025-02-28,
NE,2025-03-31,
NI,2002-01-31,
NI,2002-02-28,
NI,2002-03-31,
NI,2002-04-30,
NI,2002-05-31,
NI,2002-06-30,
NI,2002-07-31,
NI,2002-08-31,
NI,2002-09-30,
NI,2002-10-31,
NI,2002-11-30,
NI,2002-12-31,
NI,2003-01-31,
NI,2003-02-28,
NI,2003-03-31,
NI,2003-04-30,
NI,2003-05-31,
NI,2003-06-30,
NI,2003-07-31,
NI,2003-08-31,
NI,2003-09-30,
NI,2003-10-31,
NI,2003-11-30,
NI,2003-12-31,
NI,2004-01-31,
NI,2004-02-29,
NI,2004-03-31,
NI,2004-04-30,
NI,2004-05-31,
NI,2004-06-30,
NI,2004-07-31,
NI,2004-08-31,
NI,2004-09-30,
NI,2004-10-31,
NI,2004-11-30,
NI,2004-12-31,
NI,2005-01-31,
NI,2005-02-28,
NI,2005-03-31,
NI,2005-04-30,
NI,2005-05-31,
NI,2005-06-30,
NI,2005-07-31,
NI,2005-08-31,
NI,2005-09-30,
NI,2005-10-31,
NI,2005-11-30,
NI,2005-12-31,
NI,2006-01-31,
NI,2006-02-28,
NI,2006-03-31,
NI,2006-04-30,
NI,2006-05-31,
NI,2006-06-30,
NI,2006-07-31,
NI,2006-08-31,
NI,2006-09-30,
NI,2006-10-31,
NI,2006-11-30,
NI,2006-12-31,
NI,2007-01-31,
NI,2007-02-28,
NI,2007-03-31,
NI,2007-04-30,
NI,2007-05-31,
NI,2007-06-30,
NI,2007-07-31,
NI,2007-08-31,
NI,2007-09-30,
NI,2007-10-31,
NI,2007-11-30,
NI,2007-12-31,
NI,2008-01-31,
NI,2008-02-29,
NI,2008-03-31,
NI,2008-04-30,
NI,2008-05-31,
NI,2008-06-30,
NI,2008-07-31,
NI,2008-08-31,
NI,2008-09-30,
NI,2008-10-31,
NI,2008-11-30,
NI,2008-12-31,
NI,2009-01-31,0.0
NI,2009-02-28,0.0
NI,2009-03-31,0.0
NI,2009-04-30,0.0
NI,2009-05-31,0.0
NI,2009-06-30,0.0
NI,2009-07-31,0.0
NI,2009-08-31,0.0
NI,2009-09-30,0.0
NI,2009-10-31,0.0
NI,2009-11-30,0.0
NI,2009-12-31,0.0
NI,2010-01-31,0.0
NI,2010-02-28,0.0
NI,2010-03-31,0.0
NI,2010-04-30,0.0
NI,2010-05-31,0.0
NI,2010-06-30,0.0
NI,2010-07-31,0.0
NI,2010-08-31,0.0
NI,2010-09-30,0.0
NI,2010-10-31,0.0
NI,2010-11-30,0.0
NI,2010-12-31,0.0
NI,2011-01-31,0.0
NI,2011-02-28,0.0
NI,2011-03-31,0.0
NI,2011-04-30,0.0
NI,2011-05-31,0.0
NI,2011-06-30,0.0
NI,2011-07-31,0.0
NI,2011-08-31,0.0
NI,2011-09-30,0.0
NI,2011-10-31,0.0
NI,2011-11-30,0.0
NI,2011-12-31,0.0
NI,2012-01-31,0.0
NI,2012-02-29,0.0
NI,2012-03-31,0.0
NI,2012-04-30,0.0
NI,2012-05-31,0.0
NI,2012-06-30,0.0
NI,2012-07-31,0.0
NI,2012-08-31,0.0
NI,2012-09-30,0.0
NI,2012-10-31,0.0
NI,2012-11-30,0.0
NI,2012-12-31,0.0
NI,2013-01-31,0.0
NI,2013-02-28,0.0
NI,2013-03-31,0.0
NI,2013-04-30,0.0
NI,2013-05-31,0.0
NI,2013-06-30,0.0
NI,2013-07-31,0.0
NI,2013-08-31,0.0
NI,2013-09-30,0.0
NI,2013-10-31,0.0
NI,2013-11-30,0.0
NI,2013-12-31,0.0
NI,2014-01-31,0.0
NI,2014-02-28,0.0
NI,2014-03-31,0.0
NI,2014-04-30,0.0
NI,2014-05-31,0.0
NI,2014-06-30,0.0
NI,2014-07-31,0.0
NI,2014-08-31,0.0
NI,2014-09-30,0.0
NI,2014-10-31,0.0
NI,2014-11-30,0.0
NI,2014-12-31,0.0
NI,2015-01-31,0.0
NI,2015-02-28,0.0
NI,2015-03-31,0.0
NI,2015-04-30,0.0
NI,2015-05-31,0.0
NI,2015-06-30,0.0
NI,2015-07-31,0.0
NI,2015-08-31,0.0
NI,2015-09-30,0.0
NI,2015-10-31,0.0
NI,2015-11-30,0.0
NI,2015-12-31,0.0
NI,2016-01-31,0.0
NI,2016-02-29,0.0
NI,2016-03-31,0.0
NI,2016-04-30,0.0
NI,2016-05-31,0.0
NI,2016-06-30,0.0
NI,2016-07-31,0.0
NI,2016-08-31,
NI,2016-09-30,
NI,2016-10-31,
NI,2016-11-30,
NI,2016-12-31,
NI,2017-01-31,
NI,2017-02-28,
NI,2017-03-31,
NI,2017-04-30,
NI,2017-05-31,
NI,2017-06-30,
NI,2017-07-31,
NI,2017-08-31,
NI,2017-09-30,
NI,2017-10-31,
NI,2017-11-30,
NI,2017-12-31,
NI,2018-01-31,
NI,2018-02-28,
NI,2018-03-31,
NI,2018-04-30,
NI,2018-05-31,
NI,2018-06-30,
NI,2018-07-31,
NI,2018-08-31,
NI,2018-09-30,
NI,2018-10-31,
NI,2018-11-30,
NI,2018-12-31,
NI,2019-01-31,
NI,2019-02-28,
NI,2019-03-31,
NI,2019-04-30,
NI,2019-05-31,
NI,2019-06-30,
NI,2019-07-31,
NI,2019-08-31,
NI,2019-09-30,
NI,2019-10-31,
NI,2019-11-30,
NI,2019-12-31,
NI,2020-01-31,
NI,2020-02-29,
NI,2020-03-31,
NI,2020-04-30,
NI,2020-05-31,
NI,2020-06-30,
NI,2020-07-31,
NI,2020-08-31,
NI,2020-09-30,
NI,2020-10-31,
NI,2020-11-30,
NI,2020-12-31,
NI,2021-01-31,
NI,2021-02-28,
NI,2021-03-31,
NI,2021-04-30,
NI,2021-05-31,
NI,2021-06-30,
NI,2021-07-31,
NI,2021-08-31,
NI,2021-09-30,
NI,2021-10-31,
NI,2021-11-30,
NI,2021-12-31,
NI,2022-01-31,
NI,2022-02-28,
NI,2022-03-31,
NI,2022-04-30,
NI,2022-05-31,
NI,2022-06-30,
NI,2022-07-31,
NI,2022-08-31,
NI,2022-09-30,
NI,2022-10-31,
NI,2022-11-30,
NI,2022-12-31,
NI,2023-01-31,
NI,2023-02-28,
NI,2023-03-31,
NI,2023-04-30,
NI,2023-05-31,
NI,2023-06-30,
NI,2023-07-31,
NI,2023-08-31,
NI,2023-09-30,
NI,2023-10-31,
NI,2023-11-30,
NI,2023-12-31,
NI,2024-01-31,
NI,2024-02-29,
NI,2024-03-31,
NI,2024-04-30,
NI,2024-05-31,
NI,2024-06-30,
NI,2024-07-31,
NI,2024-08-31,
NI,2024-09-30,
NI,2024-10-31,
NI,2024-11-30,
NI,2024-12-31,
NI,2025-01-31,
NL,2002-01-31,
NL,2002-02-28,
NL,2002-03-31,
NL,2002-04-30,
NL,2002-05-31,
NL,2002-06-30,
NL,2002-07-31,
NL,2002-08-31,
NL,2002-09-30,
NL,2002-10-31,
NL,2002-11-30,
NL,2002-12-31,
NL,2003-01-31,
NL,2003-02-28,
NL,2003-03-31,
NL,2003-04-30,
NL,2003-05-31,
NL,2003-06-30,
NL,2003-07-31,
NL,2003-08-31,
NL,2003-09-30,
NL,2003-10-31,
NL,2003-11-30,
NL,2003-12-31,
NL,2004-01-31,
NL,2004-02-29,
NL,2004-03-31,
NL,2004-04-30,
NL,2004-05-31,
NL,2004-06-30,
NL,2004-07-31,
NL,2004-08-31,
NL,2004-09-30,
NL,2004-10-31,
NL,2004-11-30,
NL,2004-12-31,
NL,2005-01-31,
NL,2005-02-28,
NL,2005-03-31,
NL,2005-04-30,
NL,2005-05-31,
NL,2005-06-30,
NL,2005-07-31,
NL,2005-08-31,
NL,2005-09-30,
NL,2005-10-31,
NL,2005-11-30,
NL,2005-12-31,
NL,2006-01-31,
NL,2006-02-28,
NL,2006-03-31,
NL,2006-04-30,
NL,2006-05-31,
NL,2006-06-30,
NL,2006-07-31,
NL,2006-08-31,
NL,2006-09-30,
NL,2006-10-31,
NL,2006-11-30,
NL,2006-12-31,
NL,2007-01-31,
NL,2007-02-28,
NL,2007-03-31,
NL,2007-04-30,
NL,2007-05-31,
NL,2007-06-30,
NL,2007-07-31,
NL,2007-08-31,
NL,2007-09-30,
NL,2007-10-31,
NL,2007-11-30,
NL,2007-12-31,
NL,2008-01-31,
NL,2008-02-29,
NL,2008-03-31,
NL,2008-04-30,
NL,2008-05-31,
NL,2008-06-30,
NL,2008-07-31,
NL,2008-08-31,
NL,2008-09-30,
NL,2008-10-31,
NL,2008-11-30,
NL,2008-12-31,
NL,2009-01-31,0.0
NL,2009-02-28,0.0
NL,2009-03-31,0.0
NL,2009-04-30,0.0
NL,2009-05-31,0.0
NL,2009-06-30,0.0
NL,2009-07-31,0.0
NL,2009-08-31,0.0
NL,2009-09-30,0.0
NL,2009-10-31,0.0
NL,2009-11-30,0.0
NL,2009-12-31,0.0
NL,2010-01-31,0.0
NL,2010-02-28,0.0
NL,2010-03-31,0.0
NL,2010-04-30,0.0
NL,2010-05-31,0.0
NL,2010-06-30,0.0
NL,2010-07-31,0.0
NL,2010-08-31,0.0
NL,2010-09-30,0.0
NL,2010-10-31,0.0
NL,2010-11-30,0.0
NL,2010-12-31,0.0
NL,2011-01-31,0.0
NL,2011-02-28,0.0
NL,2011-03-31,0.0
NL,2011-04-30,0.0
NL,2011-05-31,0.0
NL,2011-06-30,0.0
NL,2011-07-31,0.0
NL,2011-08-31,0.0
NL,2011-09-30,0.0
NL,2011-10-31,0.0
NL,2011-11-30,0.0
NL,2011-12-31,0.0
NL,2012-01-31,0.0
NL,2012-02-29,0.0
NL,2012-03-31,0.0
NL,2012-04-30,0.0
NL,2012-05-31,0.0
NL,2012-06-30,0.0
NL,2012-07-31,0.0
NL,2012-08-31,0.0
NL,2012-09-30,0.0
NL,2012-10-31,0.0
NL,2012-11-30,0.0
NL,2012-12-31,0.0
NL,2013-01-31,0.0
NL,2013-02-28,0.0
NL,2013-03-31,0.0
NL,2013-04-30,0.0
NL,2013-05-31,0.0
NL,2013-06-30,0.0
NL,2013-07-31,0.0
NL,2013-08-31,0.0
NL,2013-09-30,0.0
NL,2013-10-31,0.0
NL,2013-11-30,0.0
NL,2013-12-31,0.0
NL,2014-01-31,0.0
NL,2014-02-28,0.0
NL,2014-03-31,0.0
NL,2014-04-30,0.0
NL,2014-05-31,0.0
NL,2014-06-30,0.0
NL,2014-07-31,0.0
NL,2014-08-31,0.0
NL,2014-09-30,0.0
NL,2014-10-31,0.0
NL,2014-11-30,0.0
NL,2014-12-31,0.0
NL,2015-01-31,0.0
NL,2015-02-28,176.88
NL,2015-03-31,73.7
NL,2015-04-30,0.0
NL,2015-05-31,0.0
NL,2015-06-30,0.0
NL,2015-07-31,0.0
NL,2015-08-31,0.0
NL,2015-09-30,0.0
NL,2015-10-31,0.0
NL,2015-11-30,0.0
NL,2015-12-31,0.0
NL,2016-01-31,0.0
NL,2016-02-29,0.0
NL,2016-03-31,0.0
NL,2016-04-30,0.0
NL,2016-05-31,0.0
NL,2016-06-30,0.0
NL,2016-07-31,0.0
NL,2016-08-31,0.0
NL,2016-09-30,0.0
NL,2016-10-31,0.0
NL,2016-11-30,0.0
NL,2016-12-31,0.0
NL,2017-01-31,0.0
NL,2017-02-28,0.0
NL,2017-03-31,0.0
NL,2017-04-30,0.0
NL,2017-05-31,0.0
NL,2017-06-30,0.0
NL,2017-07-31,0.0
NL,2017-08-31,0.0
NL,2017-09-30,0.0
NL,2017-10-31,0.0
NL,2017-11-30,0.0
NL,2017-12-31,0.0
NL,2018-01-31,501.16
NL,2018-02-28,567.49
NL,2018-03-31,280.06
NL,2018-04-30,73.7
NL,2018-05-31,869.66
NL,2018-06-30,280.06
NL,2018-07-31,383.24
NL,2018-08-31,412.72
NL,2018-09-30,22.11
NL,2018-10-31,1650.88
NL,2018-11-30,501.16
NL,2018-12-31,1017.06
NL,2019-01-31,412.72
NL,2019-02-28,405.35
NL,2019-03-31,213.73
NL,2019-04-30,589.6
NL,2019-05-31,567.49
NL,2019-06-30,383.24
NL,2019-07-31,737.0
NL,2019-08-31,737.0
NL,2019-09-30,633.82
NL,2019-10-31,331.65
NL,2019-11-30,1039.17
NL,2019-12-31,420.09
NL,2020-01-31,1842.5
NL,2020-02-29,1061.28
NL,2020-03-31,1532.96
NL,2020-04-30,1127.61
NL,2020-05-31,906.51
NL,2020-06-30,1046.54
NL,2020-07-31,611.71
NL,2020-08-31,604.34
NL,2020-09-30,154.77
NL,2020-10-31,140.03
NL,2020-11-30,397.98
NL,2020-12-31,198.99
NL,2021-01-31,324.28
NL,2021-02-28,2594.24
NL,2021-03-31,464.31
NL,2021-04-30,1820.39
NL,2021-05-31,854.92
NL,2021-06-30,1392.93
NL,2021-07-31,1039.17
NL,2021-08-31,2292.07
NL,2021-09-30,471.68
NL,2021-10-31,818.07
NL,2021-11-30,1967.79
NL,2021-12-31,928.62
NL,2022-01-31,1938.31
NL,2022-02-28,869.66
NL,2022-03-31,464.31
NL,2022-04-30,1245.53
NL,2022-05-31,633.82
NL,2022-06-30,1120.24
NL,2022-07-31,795.96
NL,2022-08-31,560.12
NL,2022-09-30,420.09
NL,2022-10-31,0.0
NL,2022-11-30,471.68
NL,2022-12-31,2085.71
NL,2023-01-31,2402.62
NL,2023-02-28,1031.8
NL,2023-03-31,678.04
NL,2023-04-30,574.86
NL,2023-05-31,184.25
NL,2023-06-30,877.03
NL,2023-07-31,213.73
NL,2023-08-31,847.55
NL,2023-09-30,2645.83
NL,2023-10-31,2800.6
NL,2023-11-30,869.66
NL,2023-12-31,1680.36
NL,2024-01-31,2527.91
NL,2024-02-29,751.74
NL,2024-03-31,700.15
NL,2024-04-30,818.07
NL,2024-05-31,567.49
NL,2024-06-30,346.39
NL,2024-07-31,479.05
NL,2024-08-31,935.99
NL,2024-09-30,198.99
NL,2024-10-31,1053.91
NL,2024-11-30,604.34
NL,2024-12-31,663.3
NL,2025-01-31,449.57
NL,2025-02-28,1039.17
NL,2025-03-31,663.3
NP,2002-01-31,
NP,2002-02-28,
NP,2002-03-31,
NP,2002-04-30,
NP,2002-05-31,
NP,2002-06-30,
NP,2002-07-31,
NP,2002-08-31,
NP,2002-09-30,
NP,2002-10-31,
NP,2002-11-30,
NP,2002-12-31,
NP,2003-01-31,
NP,2003-02-28,
NP,2003-03-31,
NP,2003-04-30,
NP,2003-05-31,
NP,2003-06-30,
NP,2003-07-31,
NP,2003-08-31,
NP,2003-09-30,
NP,2003-10-31,
NP,2003-11-30,
NP,2003-12-31,
NP,2004-01-31,
NP,2004-02-29,
NP,2004-03-31,
NP,2004-04-30,
NP,2004-05-31,
NP,2004-06-30,
NP,2004-07-31,
NP,2004-08-31,
NP,2004-09-30,
NP,2004-10-31,
NP,2004-11-30,
NP,2004-12-31,
NP,2005-01-31,
NP,2005-02-28,
NP,2005-03-31,
NP,2005-04-30,
NP,2005-05-31,
NP,2005-06-30,
NP,2005-07-31,
NP,2005-08-31,
NP,2005-09-30,
NP,2005-10-31,
NP,2005-11-30,
NP,2005-12-31,
NP,2006-01-31,
NP,2006-02-28,
NP,2006-03-31,
NP,2006-04-30,
NP,2006-05-31,
NP,2006-06-30,
NP,2006-07-31,
NP,2006-08-31,
NP,2006-09-30,
NP,2006-10-31,
NP,2006-11-30,
NP,2006-12-31,
NP,2007-01-31,
NP,2007-02-28,
NP,2007-03-31,
NP,2007-04-30,
NP,2007-05-31,
NP,2007-06-30,
NP,2007-07-31,
NP,2007-08-31,
NP,2007-09-30,
NP,2007-10-31,
NP,2007-11-30,
NP,2007-12-31,
NP,2008-01-31,
NP,2008-02-29,
NP,2008-03-31,
NP,2008-04-30,
NP,2008-05-31,
NP,2008-06-30,
NP,2008-07-31,
NP,2008-08-31,
NP,2008-09-30,
NP,2008-10-31,
NP,2008-11-30,
NP,2008-12-31,
NP,2009-01-31,
NP,2009-02-28,
NP,2009-03-31,
NP,2009-04-30,
NP,2009-05-31,
NP,2009-06-30,
NP,2009-07-31,
NP,2009-08-31,
NP,2009-09-30,
NP,2009-10-31,
NP,2009-11-30,
NP,2009-12-31,
NP,2010-01-31,
NP,2010-02-28,
NP,2010-03-31,
NP,2010-04-30,
NP,2010-05-31,
NP,2010-06-30,
NP,2010-07-31,
NP,2010-08-31,
NP,2010-09-30,
NP,2010-10-31,
NP,2010-11-30,
NP,2010-12-31,
NP,2011-01-31,
NP,2011-02-28,
NP,2011-03-31,
NP,2011-04-30,
NP,2011-05-31,
NP,2011-06-30,
NP,2011-07-31,
NP,2011-08-31,
NP,2011-09-30,
NP,2011-10-31,
NP,2011-11-30,
NP,2011-12-31,
NP,2012-01-31,
NP,2012-02-29,
NP,2012-03-31,
NP,2012-04-30,
NP,2012-05-31,
NP,2012-06-30,
NP,2012-07-31,
NP,2012-08-31,
NP,2012-09-30,
NP,2012-10-31,
NP,2012-11-30,
NP,2012-12-31,
NP,2013-01-31,
NP,2013-02-28,
NP,2013-03-31,
NP,2013-04-30,
NP,2013-05-31,
NP,2013-06-30,
NP,2013-07-31,
NP,2013-08-31,
NP,2013-09-30,
NP,2013-10-31,
NP,2013-11-30,
NP,2013-12-31,
NP,2014-01-31,
NP,2014-02-28,
NP,2014-03-31,
NP,2014-04-30,
NP,2014-05-31,
NP,2014-06-30,
NP,2014-07-31,
NP,2014-08-31,
NP,2014-09-30,
NP,2014-10-31,
NP,2014-11-30,
NP,2014-12-31,
NP,2015-01-31,
NP,2015-02-28,
NP,2015-03-31,
NP,2015-04-30,
NP,2015-05-31,
NP,2015-06-30,
NP,2015-07-31,
NP,2015-08-31,
NP,2015-09-30,
NP,2015-10-31,
NP,2015-11-30,
NP,2015-12-31,
NP,2016-01-31,
NP,2016-02-29,
NP,2016-03-31,
NP,2016-04-30,
NP,2016-05-31,
NP,2016-06-30,
NP,2016-07-31,
NP,2016-08-31,
NP,2016-09-30,
NP,2016-10-31,
NP,2016-11-30,
NP,2016-12-31,
NP,2017-01-31,
NP,2017-02-28,
NP,2017-03-31,
NP,2017-04-30,
NP,2017-05-31,
NP,2017-06-30,
NP,2017-07-31,
NP,2017-08-31,
NP,2017-09-30,
NP,2017-10-31,
NP,2017-11-30,
NP,2017-12-31,
NP,2018-01-31,
NP,2018-02-28,
NP,2018-03-31,
NP,2018-04-30,
NP,2018-05-31,
NP,2018-06-30,
NP,2018-07-31,
NP,2018-08-31,
NP,2018-09-30,
NP,2018-10-31,
NP,2018-11-30,
NP,2018-12-31,
NP,2019-01-31,
NP,2019-02-28,
NP,2019-03-31,
NP,2019-04-30,
NP,2019-05-31,
NP,2019-06-30,
NP,2019-07-31,
NP,2019-08-31,
NP,2019-09-30,
NP,2019-10-31,
NP,2019-11-30,
NP,2019-12-31,
NP,2020-01-31,
NP,2020-02-29,
NP,2020-03-31,
NP,2020-04-30,
NP,2020-05-31,
NP,2020-06-30,
NP,2020-07-31,
NP,2020-08-31,
NP,2020-09-30,
NP,2020-10-31,
NP,2020-11-30,
NP,2020-12-31,
NP,2021-01-31,
NP,2021-02-28,
NP,2021-03-31,
NP,2021-04-30,
NP,2021-05-31,
NP,2021-06-30,
NP,2021-07-31,
NP,2021-08-31,
NP,2021-09-30,
NP,2021-10-31,
NP,2021-11-30,
NP,2021-12-31,
NP,2022-01-31,
NP,2022-02-28,
NP,2022-03-31,
NP,2022-04-30,
NP,2022-05-31,
NP,2022-06-30,
NP,2022-07-31,
NP,2022-08-31,
NP,2022-09-30,
NP,2022-10-31,
NP,2022-11-30,
NP,2022-12-31,
NP,2023-01-31,
NP,2023-02-28,
NP,2023-03-31,
NP,2023-04-30,
NP,2023-05-31,
NP,2023-06-30,
NP,2023-07-31,
NP,2023-08-31,
NP,2023-09-30,
NP,2023-10-31,
NP,2023-11-30,
NP,2023-12-31,
NP,2024-01-31,
NP,2024-02-29,
NP,2024-03-31,
NP,2024-04-30,
NP,2024-05-31,
NP,2024-06-30,
NP,2024-07-31,
NP,2024-08-31,
NP,2024-09-30,
NP,2024-10-31,
NP,2024-11-30,
NP,2024-12-31,
NP,2025-01-31,
NP,2025-02-28,
NP,2025-03-31,
OM,2002-01-31,
OM,2002-02-28,
OM,2002-03-31,
OM,2002-04-30,
OM,2002-05-31,
OM,2002-06-30,
OM,2002-07-31,
OM,2002-08-31,
OM,2002-09-30,
OM,2002-10-31,
OM,2002-11-30,
OM,2002-12-31,
OM,2003-01-31,
OM,2003-02-28,
OM,2003-03-31,
OM,2003-04-30,
OM,2003-05-31,
OM,2003-06-30,
OM,2003-07-31,
OM,2003-08-31,
OM,2003-09-30,
OM,2003-10-31,
OM,2003-11-30,
OM,2003-12-31,
OM,2004-01-31,
OM,2004-02-29,
OM,2004-03-31,
OM,2004-04-30,
OM,2004-05-31,
OM,2004-06-30,
OM,2004-07-31,
OM,2004-08-31,
OM,2004-09-30,
OM,2004-10-31,
OM,2004-11-30,
OM,2004-12-31,
OM,2005-01-31,
OM,2005-02-28,
OM,2005-03-31,
OM,2005-04-30,
OM,2005-05-31,
OM,2005-06-30,
OM,2005-07-31,
OM,2005-08-31,
OM,2005-09-30,
OM,2005-10-31,
OM,2005-11-30,
OM,2005-12-31,
OM,2006-01-31,
OM,2006-02-28,
OM,2006-03-31,
OM,2006-04-30,
OM,2006-05-31,
OM,2006-06-30,
OM,2006-07-31,
OM,2006-08-31,
OM,2006-09-30,
OM,2006-10-31,
OM,2006-11-30,
OM,2006-12-31,
OM,2007-01-31,
OM,2007-02-28,
OM,2007-03-31,
OM,2007-04-30,
OM,2007-05-31,
OM,2007-06-30,
OM,2007-07-31,
OM,2007-08-31,
OM,2007-09-30,
OM,2007-10-31,
OM,2007-11-30,
OM,2007-12-31,
OM,2008-01-31,
OM,2008-02-29,
OM,2008-03-31,
OM,2008-04-30,
OM,2008-05-31,
OM,2008-06-30,
OM,2008-07-31,
OM,2008-08-31,
OM,2008-09-30,
OM,2008-10-31,
OM,2008-11-30,
OM,2008-12-31,
OM,2009-01-31,
OM,2009-02-28,
OM,2009-03-31,
OM,2009-04-30,
OM,2009-05-31,
OM,2009-06-30,
OM,2009-07-31,
OM,2009-08-31,
OM,2009-09-30,
OM,2009-10-31,
OM,2009-11-30,
OM,2009-12-31,
OM,2010-01-31,
OM,2010-02-28,
OM,2010-03-31,
OM,2010-04-30,
OM,2010-05-31,
OM,2010-06-30,
OM,2010-07-31,
OM,2010-08-31,
OM,2010-09-30,
OM,2010-10-31,
OM,2010-11-30,
OM,2010-12-31,
OM,2011-01-31,
OM,2011-02-28,
OM,2011-03-31,
OM,2011-04-30,
OM,2011-05-31,
OM,2011-06-30,
OM,2011-07-31,
OM,2011-08-31,
OM,2011-09-30,
OM,2011-10-31,
OM,2011-11-30,
OM,2011-12-31,
OM,2012-01-31,
OM,2012-02-29,
OM,2012-03-31,
OM,2012-04-30,
OM,2012-05-31,
OM,2012-06-30,
OM,2012-07-31,
OM,2012-08-31,
OM,2012-09-30,
OM,2012-10-31,
OM,2012-11-30,
OM,2012-12-31,
OM,2013-01-31,
OM,2013-02-28,
OM,2013-03-31,
OM,2013-04-30,
OM,2013-05-31,
OM,2013-06-30,
OM,2013-07-31,
OM,2013-08-31,
OM,2013-09-30,
OM,2013-10-31,
OM,2013-11-30,
OM,2013-12-31,
OM,2014-01-31,
OM,2014-02-28,
OM,2014-03-31,
OM,2014-04-30,
OM,2014-05-31,
OM,2014-06-30,
OM,2014-07-31,
OM,2014-08-31,
OM,2014-09-30,
OM,2014-10-31,
OM,2014-11-30,
OM,2014-12-31,
OM,2015-01-31,
OM,2015-02-28,
OM,2015-03-31,
OM,2015-04-30,
OM,2015-05-31,
OM,2015-06-30,
OM,2015-07-31,
OM,2015-08-31,
OM,2015-09-30,
OM,2015-10-31,
OM,2015-11-30,
OM,2015-12-31,
OM,2016-01-31,
OM,2016-02-29,
OM,2016-03-31,
OM,2016-04-30,
OM,2016-05-31,
OM,2016-06-30,
OM,2016-07-31,
OM,2016-08-31,
OM,2016-09-30,
OM,2016-10-31,
OM,2016-11-30,
OM,2016-12-31,
OM,2017-01-31,
OM,2017-02-28,
OM,2017-03-31,
OM,2017-04-30,
OM,2017-05-31,
OM,2017-06-30,
OM,2017-07-31,
OM,2017-08-31,
OM,2017-09-30,
OM,2017-10-31,
OM,2017-11-30,
OM,2017-12-31,
OM,2018-01-31,
OM,2018-02-28,
OM,2018-03-31,
OM,2018-04-30,
OM,2018-05-31,
OM,2018-06-30,
OM,2018-07-31,
OM,2018-08-31,
OM,2018-09-30,
OM,2018-10-31,
OM,2018-11-30,
OM,2018-12-31,
OM,2019-01-31,
OM,2019-02-28,
OM,2019-03-31,
OM,2019-04-30,
OM,2019-05-31,
OM,2019-06-30,
OM,2019-07-31,
OM,2019-08-31,
OM,2019-09-30,
OM,2019-10-31,
OM,2019-11-30,
OM,2019-12-31,
OM,2020-01-31,
OM,2020-02-29,
OM,2020-03-31,
OM,2020-04-30,
OM,2020-05-31,
OM,2020-06-30,
OM,2020-07-31,
OM,2020-08-31,
OM,2020-09-30,
OM,2020-10-31,
OM,2020-11-30,
OM,2020-12-31,
OM,2021-01-31,
OM,2021-02-28,
OM,2021-03-31,
OM,2021-04-30,
OM,2021-05-31,
OM,2021-06-30,
OM,2021-07-31,
OM,2021-08-31,
OM,2021-09-30,
OM,2021-10-31,
OM,2021-11-30,
OM,2021-12-31,
OM,2022-01-31,
OM,2022-02-28,
OM,2022-03-31,
OM,2022-04-30,
OM,2022-05-31,
OM,2022-06-30,
OM,2022-07-31,
OM,2022-08-31,
OM,2022-09-30,
OM,2022-10-31,
OM,2022-11-30,
OM,2022-12-31,
OM,2023-01-31,
OM,2023-02-28,
OM,2023-03-31,
OM,2023-04-30,
OM,2023-05-31,
OM,2023-06-30,
OM,2023-07-31,
OM,2023-08-31,
OM,2023-09-30,
OM,2023-10-31,
OM,2023-11-30,
OM,2023-12-31,
OM,2024-01-31,
OM,2024-02-29,
OM,2024-03-31,
OM,2024-04-30,
OM,2024-05-31,
OM,2024-06-30,
OM,2024-07-31,
OM,2024-08-31,
OM,2024-09-30,
OM,2024-10-31,
OM,2024-11-30,
OM,2024-12-31,
OM,2025-01-31,
OM,2025-02-28,
OM,2025-03-31,
PA,2002-01-31,
PA,2002-02-28,
PA,2002-03-31,
PA,2002-04-30,
PA,2002-05-31,
PA,2002-06-30,
PA,2002-07-31,
PA,2002-08-31,
PA,2002-09-30,
PA,2002-10-31,
PA,2002-11-30,
PA,2002-12-31,
PA,2003-01-31,
PA,2003-02-28,
PA,2003-03-31,
PA,2003-04-30,
PA,2003-05-31,
PA,2003-06-30,
PA,2003-07-31,
PA,2003-08-31,
PA,2003-09-30,
PA,2003-10-31,
PA,2003-11-30,
PA,2003-12-31,
PA,2004-01-31,
PA,2004-02-29,
PA,2004-03-31,
PA,2004-04-30,
PA,2004-05-31,
PA,2004-06-30,
PA,2004-07-31,
PA,2004-08-31,
PA,2004-09-30,
PA,2004-10-31,
PA,2004-11-30,
PA,2004-12-31,
PA,2005-01-31,
PA,2005-02-28,
PA,2005-03-31,
PA,2005-04-30,
PA,2005-05-31,
PA,2005-06-30,
PA,2005-07-31,
PA,2005-08-31,
PA,2005-09-30,
PA,2005-10-31,
PA,2005-11-30,
PA,2005-12-31,
PA,2006-01-31,
PA,2006-02-28,
PA,2006-03-31,
PA,2006-04-30,
PA,2006-05-31,
PA,2006-06-30,
PA,2006-07-31,
PA,2006-08-31,
PA,2006-09-30,
PA,2006-10-31,
PA,2006-11-30,
PA,2006-12-31,
PA,2007-01-31,
PA,2007-02-28,
PA,2007-03-31,
PA,2007-04-30,
PA,2007-05-31,
PA,2007-06-30,
PA,2007-07-31,
PA,2007-08-31,
PA,2007-09-30,
PA,2007-10-31,
PA,2007-11-30,
PA,2007-12-31,
PA,2008-01-31,
PA,2008-02-29,
PA,2008-03-31,
PA,2008-04-30,
PA,2008-05-31,
PA,2008-06-30,
PA,2008-07-31,
PA,2008-08-31,
PA,2008-09-30,
PA,2008-10-31,
PA,2008-11-30,
PA,2008-12-31,
PA,2009-01-31,0.0
PA,2009-02-28,0.0
PA,2009-03-31,0.0
PA,2009-04-30,0.0
PA,2009-05-31,0.0
PA,2009-06-30,0.0
PA,2009-07-31,0.0
PA,2009-08-31,0.0
PA,2009-09-30,0.0
PA,2009-10-31,0.0
PA,2009-11-30,0.0
PA,2009-12-31,0.0
PA,2010-01-31,0.0
PA,2010-02-28,0.0
PA,2010-03-31,0.0
PA,2010-04-30,0.0
PA,2010-05-31,0.0
PA,2010-06-30,0.0
PA,2010-07-31,0.0
PA,2010-08-31,0.0
PA,2010-09-30,0.0
PA,2010-10-31,0.0
PA,2010-11-30,0.0
PA,2010-12-31,0.0
PA,2011-01-31,0.0
PA,2011-02-28,0.0
PA,2011-03-31,0.0
PA,2011-04-30,0.0
PA,2011-05-31,0.0
PA,2011-06-30,0.0
PA,2011-07-31,0.0
PA,2011-08-31,0.0
PA,2011-09-30,0.0
PA,2011-10-31,0.0
PA,2011-11-30,0.0
PA,2011-12-31,0.0
PA,2012-01-31,0.0
PA,2012-02-29,0.0
PA,2012-03-31,0.0
PA,2012-04-30,0.0
PA,2012-05-31,0.0
PA,2012-06-30,0.0
PA,2012-07-31,0.0
PA,2012-08-31,0.0
PA,2012-09-30,0.0
PA,2012-10-31,0.0
PA,2012-11-30,0.0
PA,2012-12-31,0.0
PA,2013-01-31,0.0
PA,2013-02-28,0.0
PA,2013-03-31,0.0
PA,2013-04-30,0.0
PA,2013-05-31,0.0
PA,2013-06-30,0.0
PA,2013-07-31,0.0
PA,2013-08-31,0.0
PA,2013-09-30,0.0
PA,2013-10-31,0.0
PA,2013-11-30,0.0
PA,2013-12-31,0.0
PA,2014-01-31,0.0
PA,2014-02-28,0.0
PA,2014-03-31,0.0
PA,2014-04-30,0.0
PA,2014-05-31,0.0
PA,2014-06-30,0.0
PA,2014-07-31,0.0
PA,2014-08-31,0.0
PA,2014-09-30,0.0
PA,2014-10-31,0.0
PA,2014-11-30,0.0
PA,2014-12-31,0.0
PA,2015-01-31,0.0
PA,2015-02-28,0.0
PA,2015-03-31,0.0
PA,2015-04-30,0.0
PA,2015-05-31,0.0
PA,2015-06-30,0.0
PA,2015-07-31,0.0
PA,2015-08-31,0.0
PA,2015-09-30,0.0
PA,2015-10-31,0.0
PA,2015-11-30,0.0
PA,2015-12-31,0.0
PA,2016-01-31,0.0
PA,2016-02-29,0.0
PA,2016-03-31,0.0
PA,2016-04-30,0.0
PA,2016-05-31,0.0
PA,2016-06-30,0.0
PA,2016-07-31,0.0
PA,2016-08-31,
PA,2016-09-30,
PA,2016-10-31,
PA,2016-11-30,
PA,2016-12-31,
PA,2017-01-31,
PA,2017-02-28,
PA,2017-03-31,
PA,2017-04-30,
PA,2017-05-31,
PA,2017-06-30,
PA,2017-07-31,
PA,2017-08-31,
PA,2017-09-30,
PA,2017-10-31,
PA,2017-11-30,
PA,2017-12-31,
PA,2018-01-31,
PA,2018-02-28,
PA,2018-03-31,
PA,2018-04-30,
PA,2018-05-31,
PA,2018-06-30,
PA,2018-07-31,
PA,2018-08-31,
PA,2018-09-30,
PA,2018-10-31,
PA,2018-11-30,
PA,2018-12-31,
PA,2019-01-31,
PA,2019-02-28,
PA,2019-03-31,
PA,2019-04-30,
PA,2019-05-31,
PA,2019-06-30,
PA,2019-07-31,
PA,2019-08-31,
PA,2019-09-30,
PA,2019-10-31,
PA,2019-11-30,
PA,2019-12-31,
PA,2020-01-31,
PA,2020-02-29,
PA,2020-03-31,
PA,2020-04-30,
PA,2020-05-31,
PA,2020-06-30,
PA,2020-07-31,
PA,2020-08-31,
PA,2020-09-30,
PA,2020-10-31,
PA,2020-11-30,
PA,2020-12-31,
PA,2021-01-31,
PA,2021-02-28,
PA,2021-03-31,
PA,2021-04-30,
PA,2021-05-31,
PA,2021-06-30,
PA,2021-07-31,
PA,2021-08-31,
PA,2021-09-30,
PA,2021-10-31,
PA,2021-11-30,
PA,2021-12-31,
PA,2022-01-31,
PA,2022-02-28,
PA,2022-03-31,
PA,2022-04-30,
PA,2022-05-31,
PA,2022-06-30,
PA,2022-07-31,
PA,2022-08-31,
PA,2022-09-30,
PA,2022-10-31,
PA,2022-11-30,
PA,2022-12-31,
PA,2023-01-31,
PA,2023-02-28,
PA,2023-03-31,
PA,2023-04-30,
PA,2023-05-31,
PA,2023-06-30,
PA,2023-07-31,
PA,2023-08-31,
PA,2023-09-30,
PA,2023-10-31,
PA,2023-11-30,
PA,2023-12-31,
PA,2024-01-31,
PA,2024-02-29,
PA,2024-03-31,
PA,2024-04-30,
PA,2024-05-31,
PA,2024-06-30,
PA,2024-07-31,
PA,2024-08-31,
PA,2024-09-30,
PA,2024-10-31,
PA,2024-11-30,
PA,2024-12-31,
PA,2025-01-31,
PE,2002-01-31,
PE,2002-02-28,
PE,2002-03-31,
PE,2002-04-30,
PE,2002-05-31,
PE,2002-06-30,
PE,2002-07-31,
PE,2002-08-31,
PE,2002-09-30,
PE,2002-10-31,
PE,2002-11-30,
PE,2002-12-31,
PE,2003-01-31,
PE,2003-02-28,
PE,2003-03-31,
PE,2003-04-30,
PE,2003-05-31,
PE,2003-06-30,
PE,2003-07-31,
PE,2003-08-31,
PE,2003-09-30,
PE,2003-10-31,
PE,2003-11-30,
PE,2003-12-31,
PE,2004-01-31,
PE,2004-02-29,
PE,2004-03-31,
PE,2004-04-30,
PE,2004-05-31,
PE,2004-06-30,
PE,2004-07-31,
PE,2004-08-31,
PE,2004-09-30,
PE,2004-10-31,
PE,2004-11-30,
PE,2004-12-31,
PE,2005-01-31,
PE,2005-02-28,
PE,2005-03-31,
PE,2005-04-30,
PE,2005-05-31,
PE,2005-06-30,
PE,2005-07-31,
PE,2005-08-31,
PE,2005-09-30,
PE,2005-10-31,
PE,2005-11-30,
PE,2005-12-31,
PE,2006-01-31,
PE,2006-02-28,
PE,2006-03-31,
PE,2006-04-30,
PE,2006-05-31,
PE,2006-06-30,
PE,2006-07-31,
PE,2006-08-31,
PE,2006-09-30,
PE,2006-10-31,
PE,2006-11-30,
PE,2006-12-31,
PE,2007-01-31,
PE,2007-02-28,
PE,2007-03-31,
PE,2007-04-30,
PE,2007-05-31,
PE,2007-06-30,
PE,2007-07-31,
PE,2007-08-31,
PE,2007-09-30,
PE,2007-10-31,
PE,2007-11-30,
PE,2007-12-31,
PE,2008-01-31,
PE,2008-02-29,
PE,2008-03-31,
PE,2008-04-30,
PE,2008-05-31,
PE,2008-06-30,
PE,2008-07-31,
PE,2008-08-31,
PE,2008-09-30,
PE,2008-10-31,
PE,2008-11-30,
PE,2008-12-31,
PE,2009-01-31,0.0
PE,2009-02-28,0.0
PE,2009-03-31,0.0
PE,2009-04-30,0.0
PE,2009-05-31,0.0
PE,2009-06-30,0.0
PE,2009-07-31,0.0
PE,2009-08-31,0.0
PE,2009-09-30,0.0
PE,2009-10-31,0.0
PE,2009-11-30,0.0
PE,2009-12-31,0.0
PE,2010-01-31,0.0
PE,2010-02-28,0.0
PE,2010-03-31,0.0
PE,2010-04-30,0.0
PE,2010-05-31,0.0
PE,2010-06-30,0.0
PE,2010-07-31,0.0
PE,2010-08-31,0.0
PE,2010-09-30,0.0
PE,2010-10-31,0.0
PE,2010-11-30,0.0
PE,2010-12-31,0.0
PE,2011-01-31,0.0
PE,2011-02-28,0.0
PE,2011-03-31,0.0
PE,2011-04-30,0.0
PE,2011-05-31,0.0
PE,2011-06-30,0.0
PE,2011-07-31,0.0
PE,2011-08-31,0.0
PE,2011-09-30,0.0
PE,2011-10-31,0.0
PE,2011-11-30,0.0
PE,2011-12-31,0.0
PE,2012-01-31,0.0
PE,2012-02-29,0.0
PE,2012-03-31,0.0
PE,2012-04-30,0.0
PE,2012-05-31,0.0
PE,2012-06-30,0.0
PE,2012-07-31,0.0
PE,2012-08-31,0.0
PE,2012-09-30,0.0
PE,2012-10-31,0.0
PE,2012-11-30,0.0
PE,2012-12-31,0.0
PE,2013-01-31,0.0
PE,2013-02-28,0.0
PE,2013-03-31,0.0
PE,2013-04-30,0.0
PE,2013-05-31,0.0
PE,2013-06-30,0.0
PE,2013-07-31,0.0
PE,2013-08-31,0.0
PE,2013-09-30,0.0
PE,2013-10-31,0.0
PE,2013-11-30,0.0
PE,2013-12-31,0.0
PE,2014-01-31,0.0
PE,2014-02-28,0.0
PE,2014-03-31,0.0
PE,2014-04-30,0.0
PE,2014-05-31,0.0
PE,2014-06-30,0.0
PE,2014-07-31,0.0
PE,2014-08-31,0.0
PE,2014-09-30,0.0
PE,2014-10-31,0.0
PE,2014-11-30,0.0
PE,2014-12-31,0.0
PE,2015-01-31,0.0
PE,2015-02-28,0.0
PE,2015-03-31,0.0
PE,2015-04-30,0.0
PE,2015-05-31,0.0
PE,2015-06-30,0.0
PE,2015-07-31,0.0
PE,2015-08-31,0.0
PE,2015-09-30,0.0
PE,2015-10-31,0.0
PE,2015-11-30,0.0
PE,2015-12-31,0.0
PE,2016-01-31,0.0
PE,2016-02-29,0.0
PE,2016-03-31,0.0
PE,2016-04-30,0.0
PE,2016-05-31,0.0
PE,2016-06-30,0.0
PE,2016-07-31,0.0
PE,2016-08-31,0.0
PE,2016-09-30,0.0
PE,2016-10-31,0.0
PE,2016-11-30,0.0
PE,2016-12-31,0.0
PE,2017-01-31,0.0
PE,2017-02-28,0.0
PE,2017-03-31,0.0
PE,2017-04-30,0.0
PE,2017-05-31,0.0
PE,2017-06-30,0.0
PE,2017-07-31,0.0
PE,2017-08-31,0.0
PE,2017-09-30,0.0
PE,2017-10-31,0.0
PE,2017-11-30,0.0
PE,2017-12-31,0.0
PE,2018-01-31,0.0
PE,2018-02-28,0.0
PE,2018-03-31,0.0
PE,2018-04-30,0.0
PE,2018-05-31,0.0
PE,2018-06-30,0.0
PE,2018-07-31,0.0
PE,2018-08-31,0.0
PE,2018-09-30,0.0
PE,2018-10-31,0.0
PE,2018-11-30,0.0
PE,2018-12-31,0.0
PE,2019-01-31,0.0
PE,2019-02-28,0.0
PE,2019-03-31,0.0
PE,2019-04-30,0.0
PE,2019-05-31,0.0
PE,2019-06-30,0.0
PE,2019-07-31,0.0
PE,2019-08-31,0.0
PE,2019-09-30,0.0
PE,2019-10-31,0.0
PE,2019-11-30,0.0
PE,2019-12-31,0.0
PE,2020-01-31,0.0
PE,2020-02-29,0.0
PE,2020-03-31,0.0
PE,2020-04-30,0.0
PE,2020-05-31,0.0
PE,2020-06-30,0.0
PE,2020-07-31,0.0
PE,2020-08-31,0.0
PE,2020-09-30,0.0
PE,2020-10-31,0.0
PE,2020-11-30,0.0
PE,2020-12-31,0.0
PE,2021-01-31,0.0
PE,2021-02-28,0.0
PE,2021-03-31,0.0
PE,2021-04-30,0.0
PE,2021-05-31,0.0
PE,2021-06-30,0.0
PE,2021-07-31,0.0
PE,2021-08-31,0.0
PE,2021-09-30,0.0
PE,2021-10-31,0.0
PE,2021-11-30,0.0
PE,2021-12-31,0.0
PE,2022-01-31,0.0
PE,2022-02-28,0.0
PE,2022-03-31,0.0
PE,2022-04-30,0.0
PE,2022-05-31,0.0
PE,2022-06-30,0.0
PE,2022-07-31,0.0
PE,2022-08-31,0.0
PE,2022-09-30,0.0
PE,2022-10-31,0.0
PE,2022-11-30,0.0
PE,2022-12-31,0.0
PE,2023-01-31,0.0
PE,2023-02-28,0.0
PE,2023-03-31,0.0
PE,2023-04-30,0.0
PE,2023-05-31,0.0
PE,2023-06-30,0.0
PE,2023-07-31,0.0
PE,2023-08-31,0.0
PE,2023-09-30,0.0
PE,2023-10-31,0.0
PE,2023-11-30,0.0
PE,2023-12-31,0.0
PE,2024-01-31,0.0
PE,2024-02-29,0.0
PE,2024-03-31,0.0
PE,2024-04-30,0.0
PE,2024-05-31,0.0
PE,2024-06-30,0.0
PE,2024-07-31,0.0
PE,2024-08-31,
PE,2024-09-30,
PE,2024-10-31,
PE,2024-11-30,
PE,2024-12-31,
PE,2025-01-31,
PE,2025-02-28,
PE,2025-03-31,
PG,2002-01-31,
PG,2002-02-28,
PG,2002-03-31,
PG,2002-04-30,
PG,2002-05-31,
PG,2002-06-30,
PG,2002-07-31,
PG,2002-08-31,
PG,2002-09-30,
PG,2002-10-31,
PG,2002-11-30,
PG,2002-12-31,
PG,2003-01-31,
PG,2003-02-28,
PG,2003-03-31,
PG,2003-04-30,
PG,2003-05-31,
PG,2003-06-30,
PG,2003-07-31,
PG,2003-08-31,
PG,2003-09-30,
PG,2003-10-31,
PG,2003-11-30,
PG,2003-12-31,
PG,2004-01-31,
PG,2004-02-29,
PG,2004-03-31,
PG,2004-04-30,
PG,2004-05-31,
PG,2004-06-30,
PG,2004-07-31,
PG,2004-08-31,
PG,2004-09-30,
PG,2004-10-31,
PG,2004-11-30,
PG,2004-12-31,
PG,2005-01-31,
PG,2005-02-28,
PG,2005-03-31,
PG,2005-04-30,
PG,2005-05-31,
PG,2005-06-30,
PG,2005-07-31,
PG,2005-08-31,
PG,2005-09-30,
PG,2005-10-31,
PG,2005-11-30,
PG,2005-12-31,
PG,2006-01-31,
PG,2006-02-28,
PG,2006-03-31,
PG,2006-04-30,
PG,2006-05-31,
PG,2006-06-30,
PG,2006-07-31,
PG,2006-08-31,
PG,2006-09-30,
PG,2006-10-31,
PG,2006-11-30,
PG,2006-12-31,
PG,2007-01-31,
PG,2007-02-28,
PG,2007-03-31,
PG,2007-04-30,
PG,2007-05-31,
PG,2007-06-30,
PG,2007-07-31,
PG,2007-08-31,
PG,2007-09-30,
PG,2007-10-31,
PG,2007-11-30,
PG,2007-12-31,
PG,2008-01-31,
PG,2008-02-29,
PG,2008-03-31,
PG,2008-04-30,
PG,2008-05-31,
PG,2008-06-30,
PG,2008-07-31,
PG,2008-08-31,
PG,2008-09-30,
PG,2008-10-31,
PG,2008-11-30,
PG,2008-12-31,
PG,2009-01-31,
PG,2009-02-28,
PG,2009-03-31,
PG,2009-04-30,
PG,2009-05-31,
PG,2009-06-30,
PG,2009-07-31,
PG,2009-08-31,
PG,2009-09-30,
PG,2009-10-31,
PG,2009-11-30,
PG,2009-12-31,
PG,2010-01-31,
PG,2010-02-28,
PG,2010-03-31,
PG,2010-04-30,
PG,2010-05-31,
PG,2010-06-30,
PG,2010-07-31,
PG,2010-08-31,
PG,2010-09-30,
PG,2010-10-31,
PG,2010-11-30,
PG,2010-12-31,
PG,2011-01-31,
PG,2011-02-28,
PG,2011-03-31,
PG,2011-04-30,
PG,2011-05-31,
PG,2011-06-30,
PG,2011-07-31,
PG,2011-08-31,
PG,2011-09-30,
PG,2011-10-31,
PG,2011-11-30,
PG,2011-12-31,
PG,2012-01-31,0.0
PG,2012-02-29,0.0
PG,2012-03-31,0.0
PG,2012-04-30,0.0
PG,2012-05-31,0.0
PG,2012-06-30,0.0
PG,2012-07-31,0.0
PG,2012-08-31,0.0
PG,2012-09-30,0.0
PG,2012-10-31,0.0
PG,2012-11-30,0.0
PG,2012-12-31,0.0
PG,2013-01-31,0.0
PG,2013-02-28,0.0
PG,2013-03-31,0.0
PG,2013-04-30,0.0
PG,2013-05-31,0.0
PG,2013-06-30,0.0
PG,2013-07-31,0.0
PG,2013-08-31,0.0
PG,2013-09-30,0.0
PG,2013-10-31,0.0
PG,2013-11-30,0.0
PG,2013-12-31,0.0
PG,2014-01-31,0.0
PG,2014-02-28,0.0
PG,2014-03-31,0.0
PG,2014-04-30,0.0
PG,2014-05-31,0.0
PG,2014-06-30,0.0
PG,2014-07-31,0.0
PG,2014-08-31,0.0
PG,2014-09-30,0.0
PG,2014-10-31,0.0
PG,2014-11-30,0.0
PG,2014-12-31,0.0
PG,2015-01-31,0.0
PG,2015-02-28,0.0
PG,2015-03-31,0.0
PG,2015-04-30,0.0
PG,2015-05-31,0.0
PG,2015-06-30,0.0
PG,2015-07-31,0.0
PG,2015-08-31,0.0
PG,2015-09-30,0.0
PG,2015-10-31,0.0
PG,2015-11-30,0.0
PG,2015-12-31,0.0
PG,2016-01-31,0.0
PG,2016-02-29,0.0
PG,2016-03-31,0.0
PG,2016-04-30,0.0
PG,2016-05-31,0.0
PG,2016-06-30,0.0
PG,2016-07-31,0.0
PG,2016-08-31,0.0
PG,2016-09-30,0.0
PG,2016-10-31,0.0
PG,2016-11-30,0.0
PG,2016-12-31,0.0
PG,2017-01-31,0.0
PG,2017-02-28,0.0
PG,2017-03-31,0.0
PG,2017-04-30,0.0
PG,2017-05-31,0.0
PG,2017-06-30,0.0
PG,2017-07-31,0.0
PG,2017-08-31,0.0
PG,2017-09-30,0.0
PG,2017-10-31,0.0
PG,2017-11-30,0.0
PG,2017-12-31,0.0
PG,2018-01-31,0.0
PG,2018-02-28,0.0
PG,2018-03-31,0.0
PG,2018-04-30,0.0
PG,2018-05-31,0.0
PG,2018-06-30,0.0
PG,2018-07-31,0.0
PG,2018-08-31,0.0
PG,2018-09-30,0.0
PG,2018-10-31,0.0
PG,2018-11-30,0.0
PG,2018-12-31,0.0
PG,2019-01-31,0.0
PG,2019-02-28,0.0
PG,2019-03-31,0.0
PG,2019-04-30,0.0
PG,2019-05-31,0.0
PG,2019-06-30,0.0
PG,2019-07-31,0.0
PG,2019-08-31,0.0
PG,2019-09-30,0.0
PG,2019-10-31,0.0
PG,2019-11-30,0.0
PG,2019-12-31,0.0
PG,2020-01-31,0.0
PG,2020-02-29,0.0
PG,2020-03-31,0.0
PG,2020-04-30,
PG,2020-05-31,0.0
PG,2020-06-30,0.0
PG,2020-07-31,0.0
PG,2020-08-31,0.0
PG,2020-09-30,
PG,2020-10-31,0.0
PG,2020-11-30,0.0
PG,2020-12-31,0.0
PG,2021-01-31,0.0
PG,2021-02-28,0.0
PG,2021-03-31,0.0
PG,2021-04-30,0.0
PG,2021-05-31,0.0
PG,2021-06-30,0.0
PG,2021-07-31,0.0
PG,2021-08-31,
PG,2021-09-30,
PG,2021-10-31,
PG,2021-11-30,
PG,2021-12-31,
PG,2022-01-31,0.0
PG,2022-02-28,0.0
PG,2022-03-31,0.0
PG,2022-04-30,0.0
PG,2022-05-31,0.0
PG,2022-06-30,0.0
PG,2022-07-31,
PG,2022-08-31,0.0
PG,2022-09-30,0.0
PG,2022-10-31,
PG,2022-11-30,
PG,2022-12-31,
PG,2023-01-31,
PG,2023-02-28,
PG,2023-03-31,
PG,2023-04-30,
PG,2023-05-31,
PG,2023-06-30,
PG,2023-07-31,
PG,2023-08-31,
PG,2023-09-30,
PG,2023-10-31,
PG,2023-11-30,
PG,2023-12-31,
PG,2024-01-31,
PG,2024-02-29,
PG,2024-03-31,
PG,2024-04-30,
PG,2024-05-31,
PG,2024-06-30,0.0
PG,2024-07-31,
PG,2024-08-31,
PG,2024-09-30,
PG,2024-10-31,
PG,2024-11-30,
PG,2024-12-31,
PG,2025-01-31,
PG,2025-02-28,
PG,2025-03-31,
PH,2002-01-31,
PH,2002-02-28,
PH,2002-03-31,
PH,2002-04-30,
PH,2002-05-31,
PH,2002-06-30,
PH,2002-07-31,
PH,2002-08-31,
PH,2002-09-30,
PH,2002-10-31,
PH,2002-11-30,
PH,2002-12-31,
PH,2003-01-31,
PH,2003-02-28,
PH,2003-03-31,
PH,2003-04-30,
PH,2003-05-31,
PH,2003-06-30,
PH,2003-07-31,
PH,2003-08-31,
PH,2003-09-30,
PH,2003-10-31,
PH,2003-11-30,
PH,2003-12-31,
PH,2004-01-31,
PH,2004-02-29,
PH,2004-03-31,
PH,2004-04-30,
PH,2004-05-31,
PH,2004-06-30,
PH,2004-07-31,
PH,2004-08-31,
PH,2004-09-30,
PH,2004-10-31,
PH,2004-11-30,
PH,2004-12-31,
PH,2005-01-31,
PH,2005-02-28,
PH,2005-03-31,
PH,2005-04-30,
PH,2005-05-31,
PH,2005-06-30,
PH,2005-07-31,
PH,2005-08-31,
PH,2005-09-30,
PH,2005-10-31,
PH,2005-11-30,
PH,2005-12-31,
PH,2006-01-31,
PH,2006-02-28,
PH,2006-03-31,
PH,2006-04-30,
PH,2006-05-31,
PH,2006-06-30,
PH,2006-07-31,
PH,2006-08-31,
PH,2006-09-30,
PH,2006-10-31,
PH,2006-11-30,
PH,2006-12-31,
PH,2007-01-31,
PH,2007-02-28,
PH,2007-03-31,
PH,2007-04-30,
PH,2007-05-31,
PH,2007-06-30,
PH,2007-07-31,
PH,2007-08-31,
PH,2007-09-30,
PH,2007-10-31,
PH,2007-11-30,
PH,2007-12-31,
PH,2008-01-31,
PH,2008-02-29,
PH,2008-03-31,
PH,2008-04-30,
PH,2008-05-31,
PH,2008-06-30,
PH,2008-07-31,
PH,2008-08-31,
PH,2008-09-30,
PH,2008-10-31,
PH,2008-11-30,
PH,2008-12-31,
PH,2009-01-31,0.0
PH,2009-02-28,0.0
PH,2009-03-31,0.0
PH,2009-04-30,0.0
PH,2009-05-31,0.0
PH,2009-06-30,0.0
PH,2009-07-31,0.0
PH,2009-08-31,0.0
PH,2009-09-30,0.0
PH,2009-10-31,0.0
PH,2009-11-30,0.0
PH,2009-12-31,0.0
PH,2010-01-31,0.0
PH,2010-02-28,0.0
PH,2010-03-31,0.0
PH,2010-04-30,0.0
PH,2010-05-31,0.0
PH,2010-06-30,0.0
PH,2010-07-31,0.0
PH,2010-08-31,0.0
PH,2010-09-30,0.0
PH,2010-10-31,0.0
PH,2010-11-30,0.0
PH,2010-12-31,0.0
PH,2011-01-31,0.0
PH,2011-02-28,0.0
PH,2011-03-31,0.0
PH,2011-04-30,0.0
PH,2011-05-31,0.0
PH,2011-06-30,0.0
PH,2011-07-31,0.0
PH,2011-08-31,0.0
PH,2011-09-30,0.0
PH,2011-10-31,0.0
PH,2011-11-30,0.0
PH,2011-12-31,0.0
PH,2012-01-31,0.0
PH,2012-02-29,0.0
PH,2012-03-31,0.0
PH,2012-04-30,0.0
PH,2012-05-31,0.0
PH,2012-06-30,0.0
PH,2012-07-31,0.0
PH,2012-08-31,0.0
PH,2012-09-30,0.0
PH,2012-10-31,0.0
PH,2012-11-30,0.0
PH,2012-12-31,0.0
PH,2013-01-31,0.0
PH,2013-02-28,0.0
PH,2013-03-31,0.0
PH,2013-04-30,0.0
PH,2013-05-31,0.0
PH,2013-06-30,0.0
PH,2013-07-31,0.0
PH,2013-08-31,0.0
PH,2013-09-30,0.0
PH,2013-10-31,0.0
PH,2013-11-30,0.0
PH,2013-12-31,0.0
PH,2014-01-31,0.0
PH,2014-02-28,0.0
PH,2014-03-31,0.0
PH,2014-04-30,0.0
PH,2014-05-31,0.0
PH,2014-06-30,0.0
PH,2014-07-31,0.0
PH,2014-08-31,0.0
PH,2014-09-30,0.0
PH,2014-10-31,0.0
PH,2014-11-30,0.0
PH,2014-12-31,0.0
PH,2015-01-31,0.0
PH,2015-02-28,0.0
PH,2015-03-31,0.0
PH,2015-04-30,0.0
PH,2015-05-31,0.0
PH,2015-06-30,0.0
PH,2015-07-31,0.0
PH,2015-08-31,0.0
PH,2015-09-30,0.0
PH,2015-10-31,0.0
PH,2015-11-30,0.0
PH,2015-12-31,0.0
PH,2016-01-31,0.0
PH,2016-02-29,0.0
PH,2016-03-31,0.0
PH,2016-04-30,0.0
PH,2016-05-31,0.0
PH,2016-06-30,0.0
PH,2016-07-31,0.0
PH,2016-08-31,0.0
PH,2016-09-30,0.0
PH,2016-10-31,0.0
PH,2016-11-30,0.0
PH,2016-12-31,0.0
PH,2017-01-31,0.0
PH,2017-02-28,0.0
PH,2017-03-31,0.0
PH,2017-04-30,0.0
PH,2017-05-31,0.0
PH,2017-06-30,0.0
PH,2017-07-31,0.0
PH,2017-08-31,0.0
PH,2017-09-30,0.0
PH,2017-10-31,0.0
PH,2017-11-30,0.0
PH,2017-12-31,0.0
PH,2018-01-31,0.0
PH,2018-02-28,0.0
PH,2018-03-31,0.0
PH,2018-04-30,0.0
PH,2018-05-31,0.0
PH,2018-06-30,0.0
PH,2018-07-31,0.0
PH,2018-08-31,0.0
PH,2018-09-30,0.0
PH,2018-10-31,0.0
PH,2018-11-30,0.0
PH,2018-12-31,0.0
PH,2019-01-31,0.0
PH,2019-02-28,0.0
PH,2019-03-31,0.0
PH,2019-04-30,0.0
PH,2019-05-31,0.0
PH,2019-06-30,0.0
PH,2019-07-31,0.0
PH,2019-08-31,0.0
PH,2019-09-30,0.0
PH,2019-10-31,0.0
PH,2019-11-30,0.0
PH,2019-12-31,0.0
PH,2020-01-31,0.0
PH,2020-02-29,0.0
PH,2020-03-31,0.0
PH,2020-04-30,0.0
PH,2020-05-31,0.0
PH,2020-06-30,0.0
PH,2020-07-31,0.0
PH,2020-08-31,0.0
PH,2020-09-30,0.0
PH,2020-10-31,0.0
PH,2020-11-30,0.0
PH,2020-12-31,0.0
PH,2021-01-31,0.0
PH,2021-02-28,0.0
PH,2021-03-31,0.0
PH,2021-04-30,0.0
PH,2021-05-31,0.0
PH,2021-06-30,0.0
PH,2021-07-31,0.0
PH,2021-08-31,0.0
PH,2021-09-30,0.0
PH,2021-10-31,0.0
PH,2021-11-30,0.0
PH,2021-12-31,0.0
PH,2022-01-31,0.0
PH,2022-02-28,0.0
PH,2022-03-31,0.0
PH,2022-04-30,0.0
PH,2022-05-31,0.0
PH,2022-06-30,0.0
PH,2022-07-31,0.0
PH,2022-08-31,0.0
PH,2022-09-30,0.0
PH,2022-10-31,
PH,2022-11-30,
PH,2022-12-31,
PH,2023-01-31,
PH,2023-02-28,
PH,2023-03-31,
PH,2023-04-30,
PH,2023-05-31,
PH,2023-06-30,
PH,2023-07-31,
PH,2023-08-31,
PH,2023-09-30,
PH,2023-10-31,
PH,2023-11-30,
PH,2023-12-31,
PH,2024-01-31,
PH,2024-02-29,
PH,2024-03-31,
PH,2024-04-30,
PH,2024-05-31,
PH,2024-06-30,
PH,2024-07-31,
PH,2024-08-31,
PH,2024-09-30,
PH,2024-10-31,
PH,2024-11-30,
PH,2024-12-31,
PH,2025-01-31,
PH,2025-02-28,
PH,2025-03-31,
PY,2002-01-31,
PY,2002-02-28,
PY,2002-03-31,
PY,2002-04-30,
PY,2002-05-31,
PY,2002-06-30,
PY,2002-07-31,
PY,2002-08-31,
PY,2002-09-30,
PY,2002-10-31,
PY,2002-11-30,
PY,2002-12-31,
PY,2003-01-31,
PY,2003-02-28,
PY,2003-03-31,
PY,2003-04-30,
PY,2003-05-31,
PY,2003-06-30,
PY,2003-07-31,
PY,2003-08-31,
PY,2003-09-30,
PY,2003-10-31,
PY,2003-11-30,
PY,2003-12-31,
PY,2004-01-31,
PY,2004-02-29,
PY,2004-03-31,
PY,2004-04-30,
PY,2004-05-31,
PY,2004-06-30,
PY,2004-07-31,
PY,2004-08-31,
PY,2004-09-30,
PY,2004-10-31,
PY,2004-11-30,
PY,2004-12-31,
PY,2005-01-31,
PY,2005-02-28,
PY,2005-03-31,
PY,2005-04-30,
PY,2005-05-31,
PY,2005-06-30,
PY,2005-07-31,
PY,2005-08-31,
PY,2005-09-30,
PY,2005-10-31,
PY,2005-11-30,
PY,2005-12-31,
PY,2006-01-31,
PY,2006-02-28,
PY,2006-03-31,
PY,2006-04-30,
PY,2006-05-31,
PY,2006-06-30,
PY,2006-07-31,
PY,2006-08-31,
PY,2006-09-30,
PY,2006-10-31,
PY,2006-11-30,
PY,2006-12-31,
PY,2007-01-31,
PY,2007-02-28,
PY,2007-03-31,
PY,2007-04-30,
PY,2007-05-31,
PY,2007-06-30,
PY,2007-07-31,
PY,2007-08-31,
PY,2007-09-30,
PY,2007-10-31,
PY,2007-11-30,
PY,2007-12-31,
PY,2008-01-31,
PY,2008-02-29,
PY,2008-03-31,
PY,2008-04-30,
PY,2008-05-31,
PY,2008-06-30,
PY,2008-07-31,
PY,2008-08-31,
PY,2008-09-30,
PY,2008-10-31,
PY,2008-11-30,
PY,2008-12-31,
PY,2009-01-31,0.0
PY,2009-02-28,0.0
PY,2009-03-31,0.0
PY,2009-04-30,0.0
PY,2009-05-31,0.0
PY,2009-06-30,0.0
PY,2009-07-31,0.0
PY,2009-08-31,0.0
PY,2009-09-30,0.0
PY,2009-10-31,0.0
PY,2009-11-30,0.0
PY,2009-12-31,0.0
PY,2010-01-31,0.0
PY,2010-02-28,0.0
PY,2010-03-31,0.0
PY,2010-04-30,0.0
PY,2010-05-31,0.0
PY,2010-06-30,0.0
PY,2010-07-31,0.0
PY,2010-08-31,0.0
PY,2010-09-30,0.0
PY,2010-10-31,0.0
PY,2010-11-30,0.0
PY,2010-12-31,0.0
PY,2011-01-31,0.0
PY,2011-02-28,0.0
PY,2011-03-31,0.0
PY,2011-04-30,0.0
PY,2011-05-31,0.0
PY,2011-06-30,0.0
PY,2011-07-31,0.0
PY,2011-08-31,0.0
PY,2011-09-30,0.0
PY,2011-10-31,0.0
PY,2011-11-30,0.0
PY,2011-12-31,0.0
PY,2012-01-31,0.0
PY,2012-02-29,0.0
PY,2012-03-31,0.0
PY,2012-04-30,0.0
PY,2012-05-31,0.0
PY,2012-06-30,0.0
PY,2012-07-31,0.0
PY,2012-08-31,0.0
PY,2012-09-30,0.0
PY,2012-10-31,0.0
PY,2012-11-30,0.0
PY,2012-12-31,0.0
PY,2013-01-31,0.0
PY,2013-02-28,0.0
PY,2013-03-31,0.0
PY,2013-04-30,0.0
PY,2013-05-31,0.0
PY,2013-06-30,0.0
PY,2013-07-31,0.0
PY,2013-08-31,0.0
PY,2013-09-30,0.0
PY,2013-10-31,0.0
PY,2013-11-30,0.0
PY,2013-12-31,0.0
PY,2014-01-31,0.0
PY,2014-02-28,0.0
PY,2014-03-31,0.0
PY,2014-04-30,0.0
PY,2014-05-31,0.0
PY,2014-06-30,0.0
PY,2014-07-31,0.0
PY,2014-08-31,0.0
PY,2014-09-30,0.0
PY,2014-10-31,0.0
PY,2014-11-30,0.0
PY,2014-12-31,0.0
PY,2015-01-31,0.0
PY,2015-02-28,0.0
PY,2015-03-31,0.0
PY,2015-04-30,0.0
PY,2015-05-31,0.0
PY,2015-06-30,0.0
PY,2015-07-31,0.0
PY,2015-08-31,0.0
PY,2015-09-30,0.0
PY,2015-10-31,0.0
PY,2015-11-30,0.0
PY,2015-12-31,0.0
PY,2016-01-31,0.0
PY,2016-02-29,0.0
PY,2016-03-31,0.0
PY,2016-04-30,0.0
PY,2016-05-31,0.0
PY,2016-06-30,0.0
PY,2016-07-31,0.0
PY,2016-08-31,
PY,2016-09-30,
PY,2016-10-31,
PY,2016-11-30,
PY,2016-12-31,
PY,2017-01-31,
PY,2017-02-28,
PY,2017-03-31,
PY,2017-04-30,
PY,2017-05-31,
PY,2017-06-30,
PY,2017-07-31,
PY,2017-08-31,
PY,2017-09-30,
PY,2017-10-31,
PY,2017-11-30,
PY,2017-12-31,
PY,2018-01-31,
PY,2018-02-28,
PY,2018-03-31,
PY,2018-04-30,
PY,2018-05-31,
PY,2018-06-30,
PY,2018-07-31,
PY,2018-08-31,
PY,2018-09-30,
PY,2018-10-31,
PY,2018-11-30,
PY,2018-12-31,
PY,2019-01-31,
PY,2019-02-28,
PY,2019-03-31,
PY,2019-04-30,
PY,2019-05-31,
PY,2019-06-30,
PY,2019-07-31,
PY,2019-08-31,
PY,2019-09-30,
PY,2019-10-31,
PY,2019-11-30,
PY,2019-12-31,
PY,2020-01-31,
PY,2020-02-29,
PY,2020-03-31,
PY,2020-04-30,
PY,2020-05-31,
PY,2020-06-30,
PY,2020-07-31,
PY,2020-08-31,
PY,2020-09-30,
PY,2020-10-31,
PY,2020-11-30,
PY,2020-12-31,
PY,2021-01-31,
PY,2021-02-28,
PY,2021-03-31,
PY,2021-04-30,
PY,2021-05-31,
PY,2021-06-30,
PY,2021-07-31,
PY,2021-08-31,
PY,2021-09-30,
PY,2021-10-31,
PY,2021-11-30,
PY,2021-12-31,
PY,2022-01-31,
PY,2022-02-28,
PY,2022-03-31,
PY,2022-04-30,
PY,2022-05-31,
PY,2022-06-30,
PY,2022-07-31,
PY,2022-08-31,
PY,2022-09-30,
PY,2022-10-31,
PY,2022-11-30,
PY,2022-12-31,
PY,2023-01-31,
PY,2023-02-28,
PY,2023-03-31,
PY,2023-04-30,
PY,2023-05-31,
PY,2023-06-30,
PY,2023-07-31,
PY,2023-08-31,
PY,2023-09-30,
PY,2023-10-31,
PY,2023-11-30,
PY,2023-12-31,
PY,2024-01-31,
PY,2024-02-29,
PY,2024-03-31,
PY,2024-04-30,
PY,2024-05-31,
PY,2024-06-30,
PY,2024-07-31,
PY,2024-08-31,
PY,2024-09-30,
PY,2024-10-31,
PY,2024-11-30,
PY,2024-12-31,
PY,2025-01-31,
QA,2002-01-31,
QA,2002-02-28,
QA,2002-03-31,
QA,2002-04-30,
QA,2002-05-31,
QA,2002-06-30,
QA,2002-07-31,
QA,2002-08-31,
QA,2002-09-30,
QA,2002-10-31,
QA,2002-11-30,
QA,2002-12-31,
QA,2003-01-31,
QA,2003-02-28,
QA,2003-03-31,
QA,2003-04-30,
QA,2003-05-31,
QA,2003-06-30,
QA,2003-07-31,
QA,2003-08-31,
QA,2003-09-30,
QA,2003-10-31,
QA,2003-11-30,
QA,2003-12-31,
QA,2004-01-31,
QA,2004-02-29,
QA,2004-03-31,
QA,2004-04-30,
QA,2004-05-31,
QA,2004-06-30,
QA,2004-07-31,
QA,2004-08-31,
QA,2004-09-30,
QA,2004-10-31,
QA,2004-11-30,
QA,2004-12-31,
QA,2005-01-31,
QA,2005-02-28,
QA,2005-03-31,
QA,2005-04-30,
QA,2005-05-31,
QA,2005-06-30,
QA,2005-07-31,
QA,2005-08-31,
QA,2005-09-30,
QA,2005-10-31,
QA,2005-11-30,
QA,2005-12-31,
QA,2006-01-31,
QA,2006-02-28,
QA,2006-03-31,
QA,2006-04-30,
QA,2006-05-31,
QA,2006-06-30,
QA,2006-07-31,
QA,2006-08-31,
QA,2006-09-30,
QA,2006-10-31,
QA,2006-11-30,
QA,2006-12-31,
QA,2007-01-31,
QA,2007-02-28,
QA,2007-03-31,
QA,2007-04-30,
QA,2007-05-31,
QA,2007-06-30,
QA,2007-07-31,
QA,2007-08-31,
QA,2007-09-30,
QA,2007-10-31,
QA,2007-11-30,
QA,2007-12-31,
QA,2008-01-31,
QA,2008-02-29,
QA,2008-03-31,
QA,2008-04-30,
QA,2008-05-31,
QA,2008-06-30,
QA,2008-07-31,
QA,2008-08-31,
QA,2008-09-30,
QA,2008-10-31,
QA,2008-11-30,
QA,2008-12-31,
QA,2009-01-31,0.0
QA,2009-02-28,0.0
QA,2009-03-31,0.0
QA,2009-04-30,0.0
QA,2009-05-31,0.0
QA,2009-06-30,0.0
QA,2009-07-31,0.0
QA,2009-08-31,0.0
QA,2009-09-30,0.0
QA,2009-10-31,0.0
QA,2009-11-30,0.0
QA,2009-12-31,0.0
QA,2010-01-31,0.0
QA,2010-02-28,0.0
QA,2010-03-31,0.0
QA,2010-04-30,0.0
QA,2010-05-31,0.0
QA,2010-06-30,0.0
QA,2010-07-31,0.0
QA,2010-08-31,0.0
QA,2010-09-30,0.0
QA,2010-10-31,0.0
QA,2010-11-30,0.0
QA,2010-12-31,0.0
QA,2011-01-31,0.0
QA,2011-02-28,0.0
QA,2011-03-31,0.0
QA,2011-04-30,0.0
QA,2011-05-31,0.0
QA,2011-06-30,0.0
QA,2011-07-31,0.0
QA,2011-08-31,0.0
QA,2011-09-30,0.0
QA,2011-10-31,0.0
QA,2011-11-30,0.0
QA,2011-12-31,0.0
QA,2012-01-31,0.0
QA,2012-02-29,0.0
QA,2012-03-31,0.0
QA,2012-04-30,0.0
QA,2012-05-31,0.0
QA,2012-06-30,0.0
QA,2012-07-31,0.0
QA,2012-08-31,0.0
QA,2012-09-30,0.0
QA,2012-10-31,0.0
QA,2012-11-30,0.0
QA,2012-12-31,0.0
QA,2013-01-31,0.0
QA,2013-02-28,0.0
QA,2013-03-31,0.0
QA,2013-04-30,0.0
QA,2013-05-31,0.0
QA,2013-06-30,0.0
QA,2013-07-31,0.0
QA,2013-08-31,0.0
QA,2013-09-30,0.0
QA,2013-10-31,0.0
QA,2013-11-30,0.0
QA,2013-12-31,0.0
QA,2014-01-31,0.0
QA,2014-02-28,0.0
QA,2014-03-31,0.0
QA,2014-04-30,0.0
QA,2014-05-31,0.0
QA,2014-06-30,0.0
QA,2014-07-31,0.0
QA,2014-08-31,0.0
QA,2014-09-30,0.0
QA,2014-10-31,0.0
QA,2014-11-30,0.0
QA,2014-12-31,0.0
QA,2015-01-31,0.0
QA,2015-02-28,0.0
QA,2015-03-31,0.0
QA,2015-04-30,0.0
QA,2015-05-31,0.0
QA,2015-06-30,0.0
QA,2015-07-31,0.0
QA,2015-08-31,0.0
QA,2015-09-30,0.0
QA,2015-10-31,0.0
QA,2015-11-30,0.0
QA,2015-12-31,0.0
QA,2016-01-31,0.0
QA,2016-02-29,0.0
QA,2016-03-31,0.0
QA,2016-04-30,0.0
QA,2016-05-31,0.0
QA,2016-06-30,0.0
QA,2016-07-31,0.0
QA,2016-08-31,0.0
QA,2016-09-30,0.0
QA,2016-10-31,0.0
QA,2016-11-30,0.0
QA,2016-12-31,0.0
QA,2017-01-31,0.0
QA,2017-02-28,0.0
QA,2017-03-31,0.0
QA,2017-04-30,0.0
QA,2017-05-31,0.0
QA,2017-06-30,0.0
QA,2017-07-31,0.0
QA,2017-08-31,0.0
QA,2017-09-30,0.0
QA,2017-10-31,0.0
QA,2017-11-30,0.0
QA,2017-12-31,0.0
QA,2018-01-31,0.0
QA,2018-02-28,0.0
QA,2018-03-31,0.0
QA,2018-04-30,0.0
QA,2018-05-31,0.0
QA,2018-06-30,0.0
QA,2018-07-31,0.0
QA,2018-08-31,0.0
QA,2018-09-30,0.0
QA,2018-10-31,0.0
QA,2018-11-30,0.0
QA,2018-12-31,0.0
QA,2019-01-31,
QA,2019-02-28,
QA,2019-03-31,
QA,2019-04-30,
QA,2019-05-31,
QA,2019-06-30,
QA,2019-07-31,
QA,2019-08-31,
QA,2019-09-30,
QA,2019-10-31,
QA,2019-11-30,
QA,2019-12-31,
QA,2020-01-31,
QA,2020-02-29,
QA,2020-03-31,
QA,2020-04-30,
QA,2020-05-31,
QA,2020-06-30,
QA,2020-07-31,
QA,2020-08-31,
QA,2020-09-30,
QA,2020-10-31,
QA,2020-11-30,
QA,2020-12-31,
QA,2021-01-31,
QA,2021-02-28,
QA,2021-03-31,
QA,2021-04-30,
QA,2021-05-31,
QA,2021-06-30,
QA,2021-07-31,
QA,2021-08-31,
QA,2021-09-30,
QA,2021-10-31,
QA,2021-11-30,
QA,2021-12-31,
QA,2022-01-31,
QA,2022-02-28,
QA,2022-03-31,
QA,2022-04-30,
QA,2022-05-31,
QA,2022-06-30,
QA,2022-07-31,
QA,2022-08-31,
QA,2022-09-30,
QA,2022-10-31,
QA,2022-11-30,
QA,2022-12-31,
QA,2023-01-31,
QA,2023-02-28,
QA,2023-03-31,
QA,2023-04-30,
QA,2023-05-31,
QA,2023-06-30,
QA,2023-07-31,
QA,2023-08-31,
QA,2023-09-30,
QA,2023-10-31,
QA,2023-11-30,
QA,2023-12-31,
QA,2024-01-31,
QA,2024-02-29,
QA,2024-03-31,
QA,2024-04-30,
QA,2024-05-31,
QA,2024-06-30,
QA,2024-07-31,
QA,2024-08-31,
QA,2024-09-30,
QA,2024-10-31,
QA,2024-11-30,
QA,2024-12-31,
QA,2025-01-31,
QA,2025-02-28,
QA,2025-03-31,
RO,2002-01-31,
RO,2002-02-28,
RO,2002-03-31,
RO,2002-04-30,
RO,2002-05-31,
RO,2002-06-30,
RO,2002-07-31,
RO,2002-08-31,
RO,2002-09-30,
RO,2002-10-31,
RO,2002-11-30,
RO,2002-12-31,
RO,2003-01-31,
RO,2003-02-28,
RO,2003-03-31,
RO,2003-04-30,
RO,2003-05-31,
RO,2003-06-30,
RO,2003-07-31,
RO,2003-08-31,
RO,2003-09-30,
RO,2003-10-31,
RO,2003-11-30,
RO,2003-12-31,
RO,2004-01-31,
RO,2004-02-29,
RO,2004-03-31,
RO,2004-04-30,
RO,2004-05-31,
RO,2004-06-30,
RO,2004-07-31,
RO,2004-08-31,
RO,2004-09-30,
RO,2004-10-31,
RO,2004-11-30,
RO,2004-12-31,
RO,2005-01-31,
RO,2005-02-28,
RO,2005-03-31,
RO,2005-04-30,
RO,2005-05-31,
RO,2005-06-30,
RO,2005-07-31,
RO,2005-08-31,
RO,2005-09-30,
RO,2005-10-31,
RO,2005-11-30,
RO,2005-12-31,
RO,2006-01-31,
RO,2006-02-28,
RO,2006-03-31,
RO,2006-04-30,
RO,2006-05-31,
RO,2006-06-30,
RO,2006-07-31,
RO,2006-08-31,
RO,2006-09-30,
RO,2006-10-31,
RO,2006-11-30,
RO,2006-12-31,
RO,2007-01-31,
RO,2007-02-28,
RO,2007-03-31,
RO,2007-04-30,
RO,2007-05-31,
RO,2007-06-30,
RO,2007-07-31,
RO,2007-08-31,
RO,2007-09-30,
RO,2007-10-31,
RO,2007-11-30,
RO,2007-12-31,
RO,2008-01-31,
RO,2008-02-29,
RO,2008-03-31,
RO,2008-04-30,
RO,2008-05-31,
RO,2008-06-30,
RO,2008-07-31,
RO,2008-08-31,
RO,2008-09-30,
RO,2008-10-31,
RO,2008-11-30,
RO,2008-12-31,
RO,2009-01-31,
RO,2009-02-28,
RO,2009-03-31,
RO,2009-04-30,
RO,2009-05-31,
RO,2009-06-30,
RO,2009-07-31,
RO,2009-08-31,
RO,2009-09-30,
RO,2009-10-31,
RO,2009-11-30,
RO,2009-12-31,
RO,2010-01-31,
RO,2010-02-28,
RO,2010-03-31,
RO,2010-04-30,
RO,2010-05-31,
RO,2010-06-30,
RO,2010-07-31,
RO,2010-08-31,
RO,2010-09-30,
RO,2010-10-31,
RO,2010-11-30,
RO,2010-12-31,
RO,2011-01-31,
RO,2011-02-28,
RO,2011-03-31,
RO,2011-04-30,
RO,2011-05-31,
RO,2011-06-30,
RO,2011-07-31,
RO,2011-08-31,
RO,2011-09-30,
RO,2011-10-31,
RO,2011-11-30,
RO,2011-12-31,
RO,2012-01-31,
RO,2012-02-29,
RO,2012-03-31,
RO,2012-04-30,
RO,2012-05-31,
RO,2012-06-30,
RO,2012-07-31,
RO,2012-08-31,
RO,2012-09-30,
RO,2012-10-31,
RO,2012-11-30,
RO,2012-12-31,
RO,2013-01-31,
RO,2013-02-28,
RO,2013-03-31,
RO,2013-04-30,
RO,2013-05-31,
RO,2013-06-30,
RO,2013-07-31,
RO,2013-08-31,
RO,2013-09-30,
RO,2013-10-31,
RO,2013-11-30,
RO,2013-12-31,
RO,2014-01-31,
RO,2014-02-28,
RO,2014-03-31,
RO,2014-04-30,
RO,2014-05-31,
RO,2014-06-30,
RO,2014-07-31,
RO,2014-08-31,
RO,2014-09-30,
RO,2014-10-31,
RO,2014-11-30,
RO,2014-12-31,
RO,2015-01-31,
RO,2015-02-28,
RO,2015-03-31,
RO,2015-04-30,
RO,2015-05-31,
RO,2015-06-30,
RO,2015-07-31,
RO,2015-08-31,
RO,2015-09-30,
RO,2015-10-31,
RO,2015-11-30,
RO,2015-12-31,
RO,2016-01-31,
RO,2016-02-29,
RO,2016-03-31,
RO,2016-04-30,
RO,2016-05-31,
RO,2016-06-30,
RO,2016-07-31,
RO,2016-08-31,
RO,2016-09-30,
RO,2016-10-31,
RO,2016-11-30,
RO,2016-12-31,
RO,2017-01-31,
RO,2017-02-28,
RO,2017-03-31,
RO,2017-04-30,
RO,2017-05-31,
RO,2017-06-30,
RO,2017-07-31,
RO,2017-08-31,
RO,2017-09-30,
RO,2017-10-31,
RO,2017-11-30,
RO,2017-12-31,
RO,2018-01-31,
RO,2018-02-28,
RO,2018-03-31,
RO,2018-04-30,
RO,2018-05-31,
RO,2018-06-30,
RO,2018-07-31,
RO,2018-08-31,
RO,2018-09-30,
RO,2018-10-31,
RO,2018-11-30,
RO,2018-12-31,
RO,2019-01-31,
RO,2019-02-28,
RO,2019-03-31,
RO,2019-04-30,
RO,2019-05-31,
RO,2019-06-30,
RO,2019-07-31,
RO,2019-08-31,
RO,2019-09-30,
RO,2019-10-31,
RO,2019-11-30,
RO,2019-12-31,
RO,2020-01-31,
RO,2020-02-29,
RO,2020-03-31,
RO,2020-04-30,
RO,2020-05-31,
RO,2020-06-30,
RO,2020-07-31,
RO,2020-08-31,
RO,2020-09-30,
RO,2020-10-31,
RO,2020-11-30,
RO,2020-12-31,
RO,2021-01-31,
RO,2021-02-28,
RO,2021-03-31,
RO,2021-04-30,
RO,2021-05-31,
RO,2021-06-30,
RO,2021-07-31,
RO,2021-08-31,
RO,2021-09-30,
RO,2021-10-31,
RO,2021-11-30,
RO,2021-12-31,
RO,2022-01-31,
RO,2022-02-28,
RO,2022-03-31,
RO,2022-04-30,
RO,2022-05-31,
RO,2022-06-30,
RO,2022-07-31,
RO,2022-08-31,
RO,2022-09-30,
RO,2022-10-31,
RO,2022-11-30,
RO,2022-12-31,
RO,2023-01-31,
RO,2023-02-28,
RO,2023-03-31,
RO,2023-04-30,
RO,2023-05-31,
RO,2023-06-30,
RO,2023-07-31,
RO,2023-08-31,
RO,2023-09-30,
RO,2023-10-31,
RO,2023-11-30,
RO,2023-12-31,
RO,2024-01-31,
RO,2024-02-29,
RO,2024-03-31,
RO,2024-04-30,
RO,2024-05-31,
RO,2024-06-30,
RO,2024-07-31,
RO,2024-08-31,
RO,2024-09-30,
RO,2024-10-31,
RO,2024-11-30,
RO,2024-12-31,
RO,2025-01-31,
RO,2025-02-28,
RO,2025-03-31,
RS,2002-01-31,
RS,2002-02-28,
RS,2002-03-31,
RS,2002-04-30,
RS,2002-05-31,
RS,2002-06-30,
RS,2002-07-31,
RS,2002-08-31,
RS,2002-09-30,
RS,2002-10-31,
RS,2002-11-30,
RS,2002-12-31,
RS,2003-01-31,
RS,2003-02-28,
RS,2003-03-31,
RS,2003-04-30,
RS,2003-05-31,
RS,2003-06-30,
RS,2003-07-31,
RS,2003-08-31,
RS,2003-09-30,
RS,2003-10-31,
RS,2003-11-30,
RS,2003-12-31,
RS,2004-01-31,
RS,2004-02-29,
RS,2004-03-31,
RS,2004-04-30,
RS,2004-05-31,
RS,2004-06-30,
RS,2004-07-31,
RS,2004-08-31,
RS,2004-09-30,
RS,2004-10-31,
RS,2004-11-30,
RS,2004-12-31,
RS,2005-01-31,
RS,2005-02-28,
RS,2005-03-31,
RS,2005-04-30,
RS,2005-05-31,
RS,2005-06-30,
RS,2005-07-31,
RS,2005-08-31,
RS,2005-09-30,
RS,2005-10-31,
RS,2005-11-30,
RS,2005-12-31,
RS,2006-01-31,
RS,2006-02-28,
RS,2006-03-31,
RS,2006-04-30,
RS,2006-05-31,
RS,2006-06-30,
RS,2006-07-31,
RS,2006-08-31,
RS,2006-09-30,
RS,2006-10-31,
RS,2006-11-30,
RS,2006-12-31,
RS,2007-01-31,
RS,2007-02-28,
RS,2007-03-31,
RS,2007-04-30,
RS,2007-05-31,
RS,2007-06-30,
RS,2007-07-31,
RS,2007-08-31,
RS,2007-09-30,
RS,2007-10-31,
RS,2007-11-30,
RS,2007-12-31,
RS,2008-01-31,
RS,2008-02-29,
RS,2008-03-31,
RS,2008-04-30,
RS,2008-05-31,
RS,2008-06-30,
RS,2008-07-31,
RS,2008-08-31,
RS,2008-09-30,
RS,2008-10-31,
RS,2008-11-30,
RS,2008-12-31,
RS,2009-01-31,
RS,2009-02-28,
RS,2009-03-31,
RS,2009-04-30,
RS,2009-05-31,
RS,2009-06-30,
RS,2009-07-31,
RS,2009-08-31,
RS,2009-09-30,
RS,2009-10-31,
RS,2009-11-30,
RS,2009-12-31,
RS,2010-01-31,
RS,2010-02-28,
RS,2010-03-31,
RS,2010-04-30,
RS,2010-05-31,
RS,2010-06-30,
RS,2010-07-31,
RS,2010-08-31,
RS,2010-09-30,
RS,2010-10-31,
RS,2010-11-30,
RS,2010-12-31,
RS,2011-01-31,
RS,2011-02-28,
RS,2011-03-31,
RS,2011-04-30,
RS,2011-05-31,
RS,2011-06-30,
RS,2011-07-31,
RS,2011-08-31,
RS,2011-09-30,
RS,2011-10-31,
RS,2011-11-30,
RS,2011-12-31,
RS,2012-01-31,
RS,2012-02-29,
RS,2012-03-31,
RS,2012-04-30,
RS,2012-05-31,
RS,2012-06-30,
RS,2012-07-31,
RS,2012-08-31,
RS,2012-09-30,
RS,2012-10-31,
RS,2012-11-30,
RS,2012-12-31,
RS,2013-01-31,
RS,2013-02-28,
RS,2013-03-31,
RS,2013-04-30,
RS,2013-05-31,
RS,2013-06-30,
RS,2013-07-31,
RS,2013-08-31,
RS,2013-09-30,
RS,2013-10-31,
RS,2013-11-30,
RS,2013-12-31,
RS,2014-01-31,
RS,2014-02-28,
RS,2014-03-31,
RS,2014-04-30,
RS,2014-05-31,
RS,2014-06-30,
RS,2014-07-31,
RS,2014-08-31,
RS,2014-09-30,
RS,2014-10-31,
RS,2014-11-30,
RS,2014-12-31,
RS,2015-01-31,
RS,2015-02-28,
RS,2015-03-31,
RS,2015-04-30,
RS,2015-05-31,
RS,2015-06-30,
RS,2015-07-31,
RS,2015-08-31,
RS,2015-09-30,
RS,2015-10-31,
RS,2015-11-30,
RS,2015-12-31,
RS,2016-01-31,
RS,2016-02-29,
RS,2016-03-31,
RS,2016-04-30,
RS,2016-05-31,
RS,2016-06-30,
RS,2016-07-31,
RS,2016-08-31,
RS,2016-09-30,
RS,2016-10-31,
RS,2016-11-30,
RS,2016-12-31,
RS,2017-01-31,
RS,2017-02-28,
RS,2017-03-31,
RS,2017-04-30,
RS,2017-05-31,
RS,2017-06-30,
RS,2017-07-31,
RS,2017-08-31,
RS,2017-09-30,
RS,2017-10-31,
RS,2017-11-30,
RS,2017-12-31,
RS,2018-01-31,
RS,2018-02-28,
RS,2018-03-31,
RS,2018-04-30,
RS,2018-05-31,
RS,2018-06-30,
RS,2018-07-31,
RS,2018-08-31,
RS,2018-09-30,
RS,2018-10-31,
RS,2018-11-30,
RS,2018-12-31,
RS,2019-01-31,
RS,2019-02-28,
RS,2019-03-31,
RS,2019-04-30,
RS,2019-05-31,
RS,2019-06-30,
RS,2019-07-31,
RS,2019-08-31,
RS,2019-09-30,
RS,2019-10-31,
RS,2019-11-30,
RS,2019-12-31,
RS,2020-01-31,
RS,2020-02-29,
RS,2020-03-31,
RS,2020-04-30,
RS,2020-05-31,
RS,2020-06-30,
RS,2020-07-31,
RS,2020-08-31,
RS,2020-09-30,
RS,2020-10-31,
RS,2020-11-30,
RS,2020-12-31,
RS,2021-01-31,
RS,2021-02-28,
RS,2021-03-31,
RS,2021-04-30,
RS,2021-05-31,
RS,2021-06-30,
RS,2021-07-31,
RS,2021-08-31,
RS,2021-09-30,
RS,2021-10-31,
RS,2021-11-30,
RS,2021-12-31,
RS,2022-01-31,
RS,2022-02-28,
RS,2022-03-31,
RS,2022-04-30,
RS,2022-05-31,
RS,2022-06-30,
RS,2022-07-31,
RS,2022-08-31,
RS,2022-09-30,
RS,2022-10-31,
RS,2022-11-30,
RS,2022-12-31,
RS,2023-01-31,
RS,2023-02-28,
RS,2023-03-31,
RS,2023-04-30,
RS,2023-05-31,
RS,2023-06-30,
RS,2023-07-31,
RS,2023-08-31,
RS,2023-09-30,
RS,2023-10-31,
RS,2023-11-30,
RS,2023-12-31,
RS,2024-01-31,
RS,2024-02-29,
RS,2024-03-31,
RS,2024-04-30,
RS,2024-05-31,
RS,2024-06-30,
RS,2024-07-31,
RS,2024-08-31,
RS,2024-09-30,
RS,2024-10-31,
RS,2024-11-30,
RS,2024-12-31,
RS,2025-01-31,
RS,2025-02-28,
RS,2025-03-31,
RU,2002-01-31,
RU,2002-02-28,
RU,2002-03-31,
RU,2002-04-30,
RU,2002-05-31,
RU,2002-06-30,
RU,2002-07-31,
RU,2002-08-31,
RU,2002-09-30,
RU,2002-10-31,
RU,2002-11-30,
RU,2002-12-31,
RU,2003-01-31,
RU,2003-02-28,
RU,2003-03-31,
RU,2003-04-30,
RU,2003-05-31,
RU,2003-06-30,
RU,2003-07-31,
RU,2003-08-31,
RU,2003-09-30,
RU,2003-10-31,
RU,2003-11-30,
RU,2003-12-31,
RU,2004-01-31,
RU,2004-02-29,
RU,2004-03-31,
RU,2004-04-30,
RU,2004-05-31,
RU,2004-06-30,
RU,2004-07-31,
RU,2004-08-31,
RU,2004-09-30,
RU,2004-10-31,
RU,2004-11-30,
RU,2004-12-31,
RU,2005-01-31,
RU,2005-02-28,
RU,2005-03-31,
RU,2005-04-30,
RU,2005-05-31,
RU,2005-06-30,
RU,2005-07-31,
RU,2005-08-31,
RU,2005-09-30,
RU,2005-10-31,
RU,2005-11-30,
RU,2005-12-31,
RU,2006-01-31,
RU,2006-02-28,
RU,2006-03-31,
RU,2006-04-30,
RU,2006-05-31,
RU,2006-06-30,
RU,2006-07-31,
RU,2006-08-31,
RU,2006-09-30,
RU,2006-10-31,
RU,2006-11-30,
RU,2006-12-31,
RU,2007-01-31,
RU,2007-02-28,
RU,2007-03-31,
RU,2007-04-30,
RU,2007-05-31,
RU,2007-06-30,
RU,2007-07-31,
RU,2007-08-31,
RU,2007-09-30,
RU,2007-10-31,
RU,2007-11-30,
RU,2007-12-31,
RU,2008-01-31,
RU,2008-02-29,
RU,2008-03-31,
RU,2008-04-30,
RU,2008-05-31,
RU,2008-06-30,
RU,2008-07-31,
RU,2008-08-31,
RU,2008-09-30,
RU,2008-10-31,
RU,2008-11-30,
RU,2008-12-31,
RU,2009-01-31,
RU,2009-02-28,
RU,2009-03-31,
RU,2009-04-30,
RU,2009-05-31,
RU,2009-06-30,
RU,2009-07-31,
RU,2009-08-31,
RU,2009-09-30,
RU,2009-10-31,
RU,2009-11-30,
RU,2009-12-31,
RU,2010-01-31,
RU,2010-02-28,
RU,2010-03-31,
RU,2010-04-30,
RU,2010-05-31,
RU,2010-06-30,
RU,2010-07-31,
RU,2010-08-31,
RU,2010-09-30,
RU,2010-10-31,
RU,2010-11-30,
RU,2010-12-31,
RU,2011-01-31,
RU,2011-02-28,
RU,2011-03-31,
RU,2011-04-30,
RU,2011-05-31,
RU,2011-06-30,
RU,2011-07-31,
RU,2011-08-31,
RU,2011-09-30,
RU,2011-10-31,
RU,2011-11-30,
RU,2011-12-31,
RU,2012-01-31,
RU,2012-02-29,
RU,2012-03-31,
RU,2012-04-30,
RU,2012-05-31,
RU,2012-06-30,
RU,2012-07-31,
RU,2012-08-31,
RU,2012-09-30,
RU,2012-10-31,
RU,2012-11-30,
RU,2012-12-31,
RU,2013-01-31,
RU,2013-02-28,
RU,2013-03-31,
RU,2013-04-30,
RU,2013-05-31,
RU,2013-06-30,
RU,2013-07-31,
RU,2013-08-31,
RU,2013-09-30,
RU,2013-10-31,
RU,2013-11-30,
RU,2013-12-31,
RU,2014-01-31,
RU,2014-02-28,
RU,2014-03-31,
RU,2014-04-30,
RU,2014-05-31,
RU,2014-06-30,
RU,2014-07-31,
RU,2014-08-31,
RU,2014-09-30,
RU,2014-10-31,
RU,2014-11-30,
RU,2014-12-31,
RU,2015-01-31,
RU,2015-02-28,
RU,2015-03-31,
RU,2015-04-30,
RU,2015-05-31,
RU,2015-06-30,
RU,2015-07-31,
RU,2015-08-31,
RU,2015-09-30,
RU,2015-10-31,
RU,2015-11-30,
RU,2015-12-31,
RU,2016-01-31,
RU,2016-02-29,
RU,2016-03-31,
RU,2016-04-30,
RU,2016-05-31,
RU,2016-06-30,
RU,2016-07-31,
RU,2016-08-31,
RU,2016-09-30,
RU,2016-10-31,
RU,2016-11-30,
RU,2016-12-31,
RU,2017-01-31,
RU,2017-02-28,
RU,2017-03-31,
RU,2017-04-30,
RU,2017-05-31,
RU,2017-06-30,
RU,2017-07-31,
RU,2017-08-31,
RU,2017-09-30,
RU,2017-10-31,
RU,2017-11-30,
RU,2017-12-31,
RU,2018-01-31,
RU,2018-02-28,
RU,2018-03-31,
RU,2018-04-30,
RU,2018-05-31,
RU,2018-06-30,
RU,2018-07-31,
RU,2018-08-31,
RU,2018-09-30,
RU,2018-10-31,
RU,2018-11-30,
RU,2018-12-31,
RU,2019-01-31,
RU,2019-02-28,
RU,2019-03-31,
RU,2019-04-30,
RU,2019-05-31,
RU,2019-06-30,
RU,2019-07-31,
RU,2019-08-31,
RU,2019-09-30,
RU,2019-10-31,
RU,2019-11-30,
RU,2019-12-31,
RU,2020-01-31,
RU,2020-02-29,
RU,2020-03-31,
RU,2020-04-30,
RU,2020-05-31,
RU,2020-06-30,
RU,2020-07-31,
RU,2020-08-31,
RU,2020-09-30,
RU,2020-10-31,
RU,2020-11-30,
RU,2020-12-31,
RU,2021-01-31,
RU,2021-02-28,
RU,2021-03-31,
RU,2021-04-30,
RU,2021-05-31,
RU,2021-06-30,
RU,2021-07-31,
RU,2021-08-31,
RU,2021-09-30,
RU,2021-10-31,
RU,2021-11-30,
RU,2021-12-31,
RU,2022-01-31,
RU,2022-02-28,
RU,2022-03-31,
RU,2022-04-30,
RU,2022-05-31,
RU,2022-06-30,
RU,2022-07-31,
RU,2022-08-31,
RU,2022-09-30,
RU,2022-10-31,
RU,2022-11-30,
RU,2022-12-31,
RU,2023-01-31,
RU,2023-02-28,
RU,2023-03-31,
RU,2023-04-30,
RU,2023-05-31,
RU,2023-06-30,
RU,2023-07-31,
RU,2023-08-31,
RU,2023-09-30,
RU,2023-10-31,
RU,2023-11-30,
RU,2023-12-31,
RU,2024-01-31,
RU,2024-02-29,
RU,2024-03-31,
RU,2024-04-30,
RU,2024-05-31,
RU,2024-06-30,
RU,2024-07-31,
RU,2024-08-31,
RU,2024-09-30,
RU,2024-10-31,
RU,2024-11-30,
RU,2024-12-31,
RU,2025-01-31,
RU,2025-02-28,
RU,2025-03-31,
SA,2002-01-31,
SA,2002-02-28,
SA,2002-03-31,
SA,2002-04-30,
SA,2002-05-31,
SA,2002-06-30,
SA,2002-07-31,
SA,2002-08-31,
SA,2002-09-30,
SA,2002-10-31,
SA,2002-11-30,
SA,2002-12-31,
SA,2003-01-31,
SA,2003-02-28,
SA,2003-03-31,
SA,2003-04-30,
SA,2003-05-31,
SA,2003-06-30,
SA,2003-07-31,
SA,2003-08-31,
SA,2003-09-30,
SA,2003-10-31,
SA,2003-11-30,
SA,2003-12-31,
SA,2004-01-31,
SA,2004-02-29,
SA,2004-03-31,
SA,2004-04-30,
SA,2004-05-31,
SA,2004-06-30,
SA,2004-07-31,
SA,2004-08-31,
SA,2004-09-30,
SA,2004-10-31,
SA,2004-11-30,
SA,2004-12-31,
SA,2005-01-31,
SA,2005-02-28,
SA,2005-03-31,
SA,2005-04-30,
SA,2005-05-31,
SA,2005-06-30,
SA,2005-07-31,
SA,2005-08-31,
SA,2005-09-30,
SA,2005-10-31,
SA,2005-11-30,
SA,2005-12-31,
SA,2006-01-31,
SA,2006-02-28,
SA,2006-03-31,
SA,2006-04-30,
SA,2006-05-31,
SA,2006-06-30,
SA,2006-07-31,
SA,2006-08-31,
SA,2006-09-30,
SA,2006-10-31,
SA,2006-11-30,
SA,2006-12-31,
SA,2007-01-31,
SA,2007-02-28,
SA,2007-03-31,
SA,2007-04-30,
SA,2007-05-31,
SA,2007-06-30,
SA,2007-07-31,
SA,2007-08-31,
SA,2007-09-30,
SA,2007-10-31,
SA,2007-11-30,
SA,2007-12-31,
SA,2008-01-31,
SA,2008-02-29,
SA,2008-03-31,
SA,2008-04-30,
SA,2008-05-31,
SA,2008-06-30,
SA,2008-07-31,
SA,2008-08-31,
SA,2008-09-30,
SA,2008-10-31,
SA,2008-11-30,
SA,2008-12-31,
SA,2009-01-31,4371.0
SA,2009-02-28,4536.0
SA,2009-03-31,4743.0
SA,2009-04-30,10860.0
SA,2009-05-31,17515.0
SA,2009-06-30,21450.0
SA,2009-07-31,19716.0
SA,2009-08-31,23684.0
SA,2009-09-30,21360.0
SA,2009-10-31,12834.0
SA,2009-11-30,9510.0
SA,2009-12-31,9052.0
SA,2010-01-31,9052.0
SA,2010-02-28,7784.0
SA,2010-03-31,9300.0
SA,2010-04-30,14310.0
SA,2010-05-31,18228.0
SA,2010-06-30,20520.0
SA,2010-07-31,20894.0
SA,2010-08-31,28241.0
SA,2010-09-30,21660.0
SA,2010-10-31,19127.0
SA,2010-11-30,13200.0
SA,2010-12-31,10447.0
SA,2011-01-31,10478.0
SA,2011-02-28,11200.0
SA,2011-03-31,8060.0
SA,2011-04-30,13830.0
SA,2011-05-31,21576.0
SA,2011-06-30,18480.0
SA,2011-07-31,21886.0
SA,2011-08-31,23281.0
SA,2011-09-30,21960.0
SA,2011-10-31,12586.0
SA,2011-11-30,14280.0
SA,2011-12-31,13144.0
SA,2012-01-31,10354.0
SA,2012-02-29,8787.0
SA,2012-03-31,11687.0
SA,2012-04-30,13230.0
SA,2012-05-31,17329.0
SA,2012-06-30,23340.0
SA,2012-07-31,23002.0
SA,2012-08-31,24149.0
SA,2012-09-30,22620.0
SA,2012-10-31,18569.0
SA,2012-11-30,11010.0
SA,2012-12-31,9393.0
SA,2013-01-31,9858.0
SA,2013-02-28,8232.0
SA,2013-03-31,11408.0
SA,2013-04-30,11340.0
SA,2013-05-31,16957.0
SA,2013-06-30,17760.0
SA,2013-07-31,23467.0
SA,2013-08-31,23312.0
SA,2013-09-30,19740.0
SA,2013-10-31,13981.0
SA,2013-11-30,10260.0
SA,2013-12-31,10633.0
SA,2014-01-31,11470.0
SA,2014-02-28,9884.0
SA,2014-03-31,11036.0
SA,2014-04-30,14520.0
SA,2014-05-31,21080.0
SA,2014-06-30,24810.0
SA,2014-07-31,27869.0
SA,2014-08-31,23839.0
SA,2014-09-30,19440.0
SA,2014-10-31,15872.0
SA,2014-11-30,10620.0
SA,2014-12-31,11966.0
SA,2015-01-31,8556.0
SA,2015-02-28,8820.0
SA,2015-03-31,10881.0
SA,2015-04-30,10740.0
SA,2015-05-31,20987.0
SA,2015-06-30,26820.0
SA,2015-07-31,26288.0
SA,2015-08-31,26288.0
SA,2015-09-30,22320.0
SA,2015-10-31,20677.0
SA,2015-11-30,14910.0
SA,2015-12-31,12152.0
SA,2016-01-31,9083.0
SA,2016-02-29,8439.0
SA,2016-03-31,12307.0
SA,2016-04-30,15030.0
SA,2016-05-31,20460.0
SA,2016-06-30,21120.0
SA,2016-07-31,21607.0
SA,2016-08-31,22909.0
SA,2016-09-30,14700.0
SA,2016-10-31,15252.0
SA,2016-11-30,10560.0
SA,2016-12-31,10943.0
SA,2017-01-31,7812.0
SA,2017-02-28,7924.0
SA,2017-03-31,9455.0
SA,2017-04-30,12630.0
SA,2017-05-31,18724.0
SA,2017-06-30,20400.0
SA,2017-07-31,20367.0
SA,2017-08-31,20429.0
SA,2017-09-30,19800.0
SA,2017-10-31,12648.0
SA,2017-11-30,9120.0
SA,2017-12-31,8060.0
SA,2018-01-31,10137.0
SA,2018-02-28,9604.0
SA,2018-03-31,10850.0
SA,2018-04-30,11640.0
SA,2018-05-31,12772.0
SA,2018-06-30,14040.0
SA,2018-07-31,17980.0
SA,2018-08-31,15190.0
SA,2018-09-30,16080.0
SA,2018-10-31,10323.0
SA,2018-11-30,9840.0
SA,2018-12-31,11284.0
SA,2019-01-31,11687.0
SA,2019-02-28,7252.0
SA,2019-03-31,8401.0
SA,2019-04-30,8430.0
SA,2019-05-31,13950.0
SA,2019-06-30,16500.0
SA,2019-07-31,16244.0
SA,2019-08-31,17422.0
SA,2019-09-30,16530.0
SA,2019-10-31,16926.0
SA,2019-11-30,10260.0
SA,2019-12-31,11594.0
SA,2020-01-31,9052.0
SA,2020-02-29,9222.0
SA,2020-03-31,8649.0
SA,2020-04-30,10650.0
SA,2020-05-31,12617.0
SA,2020-06-30,14070.0
SA,2020-07-31,19995.0
SA,2020-08-31,21762.0
SA,2020-09-30,18450.0
SA,2020-10-31,12121.0
SA,2020-11-30,9600.0
SA,2020-12-31,8277.0
SA,2021-01-31,8339.0
SA,2021-02-28,9380.0
SA,2021-03-31,9889.0
SA,2021-04-30,12210.0
SA,2021-05-31,13981.0
SA,2021-06-30,17580.0
SA,2021-07-31,21421.0
SA,2021-08-31,20274.0
SA,2021-09-30,16290.0
SA,2021-10-31,10168.0
SA,2021-11-30,10170.0
SA,2021-12-31,9858.0
SA,2022-01-31,12462.0
SA,2022-02-28,8148.0
SA,2022-03-31,10385.0
SA,2022-04-30,11910.0
SA,2022-05-31,18042.0
SA,2022-06-30,20610.0
SA,2022-07-31,20491.0
SA,2022-08-31,20584.0
SA,2022-09-30,15660.0
SA,2022-10-31,11780.0
SA,2022-11-30,12870.0
SA,2022-12-31,14787.0
SA,2023-01-31,9672.0
SA,2023-02-28,9212.0
SA,2023-03-31,10974.0
SA,2023-04-30,11670.0
SA,2023-05-31,14818.0
SA,2023-06-30,16290.0
SA,2023-07-31,18352.0
SA,2023-08-31,22506.0
SA,2023-09-30,18180.0
SA,2023-10-31,16461.0
SA,2023-11-30,15030.0
SA,2023-12-31,9393.0
SA,2024-01-31,9548.0
SA,2024-02-29,10440.0
SA,2024-03-31,9517.0
SA,2024-04-30,12000.0
SA,2024-05-31,12338.0
SA,2024-06-30,16740.0
SA,2024-07-31,23839.0
SA,2024-08-31,25234.0
SA,2024-09-30,15540.0
SA,2024-10-31,11222.0
SA,2024-11-30,11460.0
SA,2024-12-31,8649.0
SA,2025-01-31,8525.0
SA,2025-02-28,7924.0
SA,2025-03-31,11873.0
SD,2002-01-31,
SD,2002-02-28,
SD,2002-03-31,
SD,2002-04-30,
SD,2002-05-31,
SD,2002-06-30,
SD,2002-07-31,
SD,2002-08-31,
SD,2002-09-30,
SD,2002-10-31,
SD,2002-11-30,
SD,2002-12-31,
SD,2003-01-31,
SD,2003-02-28,
SD,2003-03-31,
SD,2003-04-30,
SD,2003-05-31,
SD,2003-06-30,
SD,2003-07-31,
SD,2003-08-31,
SD,2003-09-30,
SD,2003-10-31,
SD,2003-11-30,
SD,2003-12-31,
SD,2004-01-31,
SD,2004-02-29,
SD,2004-03-31,
SD,2004-04-30,
SD,2004-05-31,
SD,2004-06-30,
SD,2004-07-31,
SD,2004-08-31,
SD,2004-09-30,
SD,2004-10-31,
SD,2004-11-30,
SD,2004-12-31,
SD,2005-01-31,
SD,2005-02-28,
SD,2005-03-31,
SD,2005-04-30,
SD,2005-05-31,
SD,2005-06-30,
SD,2005-07-31,
SD,2005-08-31,
SD,2005-09-30,
SD,2005-10-31,
SD,2005-11-30,
SD,2005-12-31,
SD,2006-01-31,
SD,2006-02-28,
SD,2006-03-31,
SD,2006-04-30,
SD,2006-05-31,
SD,2006-06-30,
SD,2006-07-31,
SD,2006-08-31,
SD,2006-09-30,
SD,2006-10-31,
SD,2006-11-30,
SD,2006-12-31,
SD,2007-01-31,
SD,2007-02-28,
SD,2007-03-31,
SD,2007-04-30,
SD,2007-05-31,
SD,2007-06-30,
SD,2007-07-31,
SD,2007-08-31,
SD,2007-09-30,
SD,2007-10-31,
SD,2007-11-30,
SD,2007-12-31,
SD,2008-01-31,
SD,2008-02-29,
SD,2008-03-31,
SD,2008-04-30,
SD,2008-05-31,
SD,2008-06-30,
SD,2008-07-31,
SD,2008-08-31,
SD,2008-09-30,
SD,2008-10-31,
SD,2008-11-30,
SD,2008-12-31,
SD,2009-01-31,
SD,2009-02-28,
SD,2009-03-31,
SD,2009-04-30,
SD,2009-05-31,
SD,2009-06-30,
SD,2009-07-31,
SD,2009-08-31,
SD,2009-09-30,
SD,2009-10-31,
SD,2009-11-30,
SD,2009-12-31,
SD,2010-01-31,
SD,2010-02-28,
SD,2010-03-31,
SD,2010-04-30,
SD,2010-05-31,
SD,2010-06-30,
SD,2010-07-31,
SD,2010-08-31,
SD,2010-09-30,
SD,2010-10-31,
SD,2010-11-30,
SD,2010-12-31,
SD,2011-01-31,
SD,2011-02-28,
SD,2011-03-31,
SD,2011-04-30,
SD,2011-05-31,
SD,2011-06-30,
SD,2011-07-31,
SD,2011-08-31,
SD,2011-09-30,
SD,2011-10-31,
SD,2011-11-30,
SD,2011-12-31,
SD,2012-01-31,
SD,2012-02-29,
SD,2012-03-31,
SD,2012-04-30,
SD,2012-05-31,
SD,2012-06-30,
SD,2012-07-31,
SD,2012-08-31,
SD,2012-09-30,
SD,2012-10-31,
SD,2012-11-30,
SD,2012-12-31,
SD,2013-01-31,
SD,2013-02-28,
SD,2013-03-31,
SD,2013-04-30,
SD,2013-05-31,
SD,2013-06-30,
SD,2013-07-31,
SD,2013-08-31,
SD,2013-09-30,
SD,2013-10-31,
SD,2013-11-30,
SD,2013-12-31,
SD,2014-01-31,
SD,2014-02-28,
SD,2014-03-31,
SD,2014-04-30,
SD,2014-05-31,
SD,2014-06-30,
SD,2014-07-31,
SD,2014-08-31,
SD,2014-09-30,
SD,2014-10-31,
SD,2014-11-30,
SD,2014-12-31,
SD,2015-01-31,
SD,2015-02-28,
SD,2015-03-31,
SD,2015-04-30,
SD,2015-05-31,
SD,2015-06-30,
SD,2015-07-31,
SD,2015-08-31,
SD,2015-09-30,
SD,2015-10-31,
SD,2015-11-30,
SD,2015-12-31,
SD,2016-01-31,
SD,2016-02-29,
SD,2016-03-31,
SD,2016-04-30,
SD,2016-05-31,
SD,2016-06-30,
SD,2016-07-31,
SD,2016-08-31,
SD,2016-09-30,
SD,2016-10-31,
SD,2016-11-30,
SD,2016-12-31,
SD,2017-01-31,
SD,2017-02-28,
SD,2017-03-31,
SD,2017-04-30,
SD,2017-05-31,
SD,2017-06-30,
SD,2017-07-31,
SD,2017-08-31,
SD,2017-09-30,
SD,2017-10-31,
SD,2017-11-30,
SD,2017-12-31,
SD,2018-01-31,
SD,2018-02-28,
SD,2018-03-31,
SD,2018-04-30,
SD,2018-05-31,
SD,2018-06-30,
SD,2018-07-31,
SD,2018-08-31,
SD,2018-09-30,
SD,2018-10-31,
SD,2018-11-30,
SD,2018-12-31,
SD,2019-01-31,
SD,2019-02-28,
SD,2019-03-31,
SD,2019-04-30,
SD,2019-05-31,
SD,2019-06-30,
SD,2019-07-31,
SD,2019-08-31,
SD,2019-09-30,
SD,2019-10-31,
SD,2019-11-30,
SD,2019-12-31,
SD,2020-01-31,
SD,2020-02-29,
SD,2020-03-31,
SD,2020-04-30,
SD,2020-05-31,
SD,2020-06-30,
SD,2020-07-31,
SD,2020-08-31,
SD,2020-09-30,
SD,2020-10-31,
SD,2020-11-30,
SD,2020-12-31,
SD,2021-01-31,
SD,2021-02-28,
SD,2021-03-31,
SD,2021-04-30,
SD,2021-05-31,
SD,2021-06-30,
SD,2021-07-31,
SD,2021-08-31,
SD,2021-09-30,
SD,2021-10-31,
SD,2021-11-30,
SD,2021-12-31,
SD,2022-01-31,
SD,2022-02-28,
SD,2022-03-31,
SD,2022-04-30,
SD,2022-05-31,
SD,2022-06-30,
SD,2022-07-31,
SD,2022-08-31,
SD,2022-09-30,
SD,2022-10-31,
SD,2022-11-30,
SD,2022-12-31,
SD,2023-01-31,
SD,2023-02-28,
SD,2023-03-31,
SD,2023-04-30,
SD,2023-05-31,
SD,2023-06-30,
SD,2023-07-31,
SD,2023-08-31,
SD,2023-09-30,
SD,2023-10-31,
SD,2023-11-30,
SD,2023-12-31,
SD,2024-01-31,
SD,2024-02-29,
SD,2024-03-31,
SD,2024-04-30,
SD,2024-05-31,
SD,2024-06-30,
SD,2024-07-31,
SD,2024-08-31,
SD,2024-09-30,
SD,2024-10-31,
SD,2024-11-30,
SD,2024-12-31,
SD,2025-01-31,
SD,2025-02-28,
SD,2025-03-31,
SG,2002-01-31,
SG,2002-02-28,
SG,2002-03-31,
SG,2002-04-30,
SG,2002-05-31,
SG,2002-06-30,
SG,2002-07-31,
SG,2002-08-31,
SG,2002-09-30,
SG,2002-10-31,
SG,2002-11-30,
SG,2002-12-31,
SG,2003-01-31,
SG,2003-02-28,
SG,2003-03-31,
SG,2003-04-30,
SG,2003-05-31,
SG,2003-06-30,
SG,2003-07-31,
SG,2003-08-31,
SG,2003-09-30,
SG,2003-10-31,
SG,2003-11-30,
SG,2003-12-31,
SG,2004-01-31,
SG,2004-02-29,
SG,2004-03-31,
SG,2004-04-30,
SG,2004-05-31,
SG,2004-06-30,
SG,2004-07-31,
SG,2004-08-31,
SG,2004-09-30,
SG,2004-10-31,
SG,2004-11-30,
SG,2004-12-31,
SG,2005-01-31,
SG,2005-02-28,
SG,2005-03-31,
SG,2005-04-30,
SG,2005-05-31,
SG,2005-06-30,
SG,2005-07-31,
SG,2005-08-31,
SG,2005-09-30,
SG,2005-10-31,
SG,2005-11-30,
SG,2005-12-31,
SG,2006-01-31,
SG,2006-02-28,
SG,2006-03-31,
SG,2006-04-30,
SG,2006-05-31,
SG,2006-06-30,
SG,2006-07-31,
SG,2006-08-31,
SG,2006-09-30,
SG,2006-10-31,
SG,2006-11-30,
SG,2006-12-31,
SG,2007-01-31,
SG,2007-02-28,
SG,2007-03-31,
SG,2007-04-30,
SG,2007-05-31,
SG,2007-06-30,
SG,2007-07-31,
SG,2007-08-31,
SG,2007-09-30,
SG,2007-10-31,
SG,2007-11-30,
SG,2007-12-31,
SG,2008-01-31,
SG,2008-02-29,
SG,2008-03-31,
SG,2008-04-30,
SG,2008-05-31,
SG,2008-06-30,
SG,2008-07-31,
SG,2008-08-31,
SG,2008-09-30,
SG,2008-10-31,
SG,2008-11-30,
SG,2008-12-31,
SG,2009-01-31,
SG,2009-02-28,
SG,2009-03-31,
SG,2009-04-30,
SG,2009-05-31,
SG,2009-06-30,
SG,2009-07-31,
SG,2009-08-31,
SG,2009-09-30,
SG,2009-10-31,
SG,2009-11-30,
SG,2009-12-31,
SG,2010-01-31,
SG,2010-02-28,
SG,2010-03-31,
SG,2010-04-30,
SG,2010-05-31,
SG,2010-06-30,
SG,2010-07-31,
SG,2010-08-31,
SG,2010-09-30,
SG,2010-10-31,
SG,2010-11-30,
SG,2010-12-31,
SG,2011-01-31,
SG,2011-02-28,
SG,2011-03-31,
SG,2011-04-30,
SG,2011-05-31,
SG,2011-06-30,
SG,2011-07-31,
SG,2011-08-31,
SG,2011-09-30,
SG,2011-10-31,
SG,2011-11-30,
SG,2011-12-31,
SG,2012-01-31,
SG,2012-02-29,
SG,2012-03-31,
SG,2012-04-30,
SG,2012-05-31,
SG,2012-06-30,
SG,2012-07-31,
SG,2012-08-31,
SG,2012-09-30,
SG,2012-10-31,
SG,2012-11-30,
SG,2012-12-31,
SG,2013-01-31,
SG,2013-02-28,
SG,2013-03-31,
SG,2013-04-30,
SG,2013-05-31,
SG,2013-06-30,
SG,2013-07-31,
SG,2013-08-31,
SG,2013-09-30,
SG,2013-10-31,
SG,2013-11-30,
SG,2013-12-31,
SG,2014-01-31,
SG,2014-02-28,
SG,2014-03-31,
SG,2014-04-30,
SG,2014-05-31,
SG,2014-06-30,
SG,2014-07-31,
SG,2014-08-31,
SG,2014-09-30,
SG,2014-10-31,
SG,2014-11-30,
SG,2014-12-31,
SG,2015-01-31,
SG,2015-02-28,
SG,2015-03-31,
SG,2015-04-30,
SG,2015-05-31,
SG,2015-06-30,
SG,2015-07-31,
SG,2015-08-31,
SG,2015-09-30,
SG,2015-10-31,
SG,2015-11-30,
SG,2015-12-31,
SG,2016-01-31,
SG,2016-02-29,
SG,2016-03-31,
SG,2016-04-30,
SG,2016-05-31,
SG,2016-06-30,
SG,2016-07-31,
SG,2016-08-31,
SG,2016-09-30,
SG,2016-10-31,
SG,2016-11-30,
SG,2016-12-31,
SG,2017-01-31,
SG,2017-02-28,
SG,2017-03-31,
SG,2017-04-30,
SG,2017-05-31,
SG,2017-06-30,
SG,2017-07-31,
SG,2017-08-31,
SG,2017-09-30,
SG,2017-10-31,
SG,2017-11-30,
SG,2017-12-31,
SG,2018-01-31,
SG,2018-02-28,
SG,2018-03-31,
SG,2018-04-30,
SG,2018-05-31,
SG,2018-06-30,
SG,2018-07-31,
SG,2018-08-31,
SG,2018-09-30,
SG,2018-10-31,
SG,2018-11-30,
SG,2018-12-31,
SG,2019-01-31,
SG,2019-02-28,
SG,2019-03-31,
SG,2019-04-30,
SG,2019-05-31,
SG,2019-06-30,
SG,2019-07-31,
SG,2019-08-31,
SG,2019-09-30,
SG,2019-10-31,
SG,2019-11-30,
SG,2019-12-31,
SG,2020-01-31,
SG,2020-02-29,
SG,2020-03-31,
SG,2020-04-30,
SG,2020-05-31,
SG,2020-06-30,
SG,2020-07-31,
SG,2020-08-31,
SG,2020-09-30,
SG,2020-10-31,
SG,2020-11-30,
SG,2020-12-31,
SG,2021-01-31,
SG,2021-02-28,
SG,2021-03-31,
SG,2021-04-30,
SG,2021-05-31,
SG,2021-06-30,
SG,2021-07-31,
SG,2021-08-31,
SG,2021-09-30,
SG,2021-10-31,
SG,2021-11-30,
SG,2021-12-31,
SG,2022-01-31,
SG,2022-02-28,
SG,2022-03-31,
SG,2022-04-30,
SG,2022-05-31,
SG,2022-06-30,
SG,2022-07-31,
SG,2022-08-31,
SG,2022-09-30,
SG,2022-10-31,
SG,2022-11-30,
SG,2022-12-31,
SG,2023-01-31,
SG,2023-02-28,
SG,2023-03-31,
SG,2023-04-30,
SG,2023-05-31,
SG,2023-06-30,
SG,2023-07-31,
SG,2023-08-31,
SG,2023-09-30,
SG,2023-10-31,
SG,2023-11-30,
SG,2023-12-31,
SG,2024-01-31,
SG,2024-02-29,
SG,2024-03-31,
SG,2024-04-30,
SG,2024-05-31,
SG,2024-06-30,
SG,2024-07-31,
SG,2024-08-31,
SG,2024-09-30,
SG,2024-10-31,
SG,2024-11-30,
SG,2024-12-31,
SG,2025-01-31,
SG,2025-02-28,
SG,2025-03-31,
SI,2002-01-31,
SI,2002-02-28,
SI,2002-03-31,
SI,2002-04-30,
SI,2002-05-31,
SI,2002-06-30,
SI,2002-07-31,
SI,2002-08-31,
SI,2002-09-30,
SI,2002-10-31,
SI,2002-11-30,
SI,2002-12-31,
SI,2003-01-31,
SI,2003-02-28,
SI,2003-03-31,
SI,2003-04-30,
SI,2003-05-31,
SI,2003-06-30,
SI,2003-07-31,
SI,2003-08-31,
SI,2003-09-30,
SI,2003-10-31,
SI,2003-11-30,
SI,2003-12-31,
SI,2004-01-31,
SI,2004-02-29,
SI,2004-03-31,
SI,2004-04-30,
SI,2004-05-31,
SI,2004-06-30,
SI,2004-07-31,
SI,2004-08-31,
SI,2004-09-30,
SI,2004-10-31,
SI,2004-11-30,
SI,2004-12-31,
SI,2005-01-31,
SI,2005-02-28,
SI,2005-03-31,
SI,2005-04-30,
SI,2005-05-31,
SI,2005-06-30,
SI,2005-07-31,
SI,2005-08-31,
SI,2005-09-30,
SI,2005-10-31,
SI,2005-11-30,
SI,2005-12-31,
SI,2006-01-31,
SI,2006-02-28,
SI,2006-03-31,
SI,2006-04-30,
SI,2006-05-31,
SI,2006-06-30,
SI,2006-07-31,
SI,2006-08-31,
SI,2006-09-30,
SI,2006-10-31,
SI,2006-11-30,
SI,2006-12-31,
SI,2007-01-31,
SI,2007-02-28,
SI,2007-03-31,
SI,2007-04-30,
SI,2007-05-31,
SI,2007-06-30,
SI,2007-07-31,
SI,2007-08-31,
SI,2007-09-30,
SI,2007-10-31,
SI,2007-11-30,
SI,2007-12-31,
SI,2008-01-31,
SI,2008-02-29,
SI,2008-03-31,
SI,2008-04-30,
SI,2008-05-31,
SI,2008-06-30,
SI,2008-07-31,
SI,2008-08-31,
SI,2008-09-30,
SI,2008-10-31,
SI,2008-11-30,
SI,2008-12-31,
SI,2009-01-31,
SI,2009-02-28,
SI,2009-03-31,
SI,2009-04-30,
SI,2009-05-31,
SI,2009-06-30,
SI,2009-07-31,
SI,2009-08-31,
SI,2009-09-30,
SI,2009-10-31,
SI,2009-11-30,
SI,2009-12-31,
SI,2010-01-31,
SI,2010-02-28,
SI,2010-03-31,
SI,2010-04-30,
SI,2010-05-31,
SI,2010-06-30,
SI,2010-07-31,
SI,2010-08-31,
SI,2010-09-30,
SI,2010-10-31,
SI,2010-11-30,
SI,2010-12-31,
SI,2011-01-31,
SI,2011-02-28,
SI,2011-03-31,
SI,2011-04-30,
SI,2011-05-31,
SI,2011-06-30,
SI,2011-07-31,
SI,2011-08-31,
SI,2011-09-30,
SI,2011-10-31,
SI,2011-11-30,
SI,2011-12-31,
SI,2012-01-31,
SI,2012-02-29,
SI,2012-03-31,
SI,2012-04-30,
SI,2012-05-31,
SI,2012-06-30,
SI,2012-07-31,
SI,2012-08-31,
SI,2012-09-30,
SI,2012-10-31,
SI,2012-11-30,
SI,2012-12-31,
SI,2013-01-31,
SI,2013-02-28,
SI,2013-03-31,
SI,2013-04-30,
SI,2013-05-31,
SI,2013-06-30,
SI,2013-07-31,
SI,2013-08-31,
SI,2013-09-30,
SI,2013-10-31,
SI,2013-11-30,
SI,2013-12-31,
SI,2014-01-31,
SI,2014-02-28,
SI,2014-03-31,
SI,2014-04-30,
SI,2014-05-31,
SI,2014-06-30,
SI,2014-07-31,
SI,2014-08-31,
SI,2014-09-30,
SI,2014-10-31,
SI,2014-11-30,
SI,2014-12-31,
SI,2015-01-31,
SI,2015-02-28,
SI,2015-03-31,
SI,2015-04-30,
SI,2015-05-31,
SI,2015-06-30,
SI,2015-07-31,
SI,2015-08-31,
SI,2015-09-30,
SI,2015-10-31,
SI,2015-11-30,
SI,2015-12-31,
SI,2016-01-31,
SI,2016-02-29,
SI,2016-03-31,
SI,2016-04-30,
SI,2016-05-31,
SI,2016-06-30,
SI,2016-07-31,
SI,2016-08-31,
SI,2016-09-30,
SI,2016-10-31,
SI,2016-11-30,
SI,2016-12-31,
SI,2017-01-31,
SI,2017-02-28,
SI,2017-03-31,
SI,2017-04-30,
SI,2017-05-31,
SI,2017-06-30,
SI,2017-07-31,
SI,2017-08-31,
SI,2017-09-30,
SI,2017-10-31,
SI,2017-11-30,
SI,2017-12-31,
SI,2018-01-31,
SI,2018-02-28,
SI,2018-03-31,
SI,2018-04-30,
SI,2018-05-31,
SI,2018-06-30,
SI,2018-07-31,
SI,2018-08-31,
SI,2018-09-30,
SI,2018-10-31,
SI,2018-11-30,
SI,2018-12-31,
SI,2019-01-31,
SI,2019-02-28,
SI,2019-03-31,
SI,2019-04-30,
SI,2019-05-31,
SI,2019-06-30,
SI,2019-07-31,
SI,2019-08-31,
SI,2019-09-30,
SI,2019-10-31,
SI,2019-11-30,
SI,2019-12-31,
SI,2020-01-31,
SI,2020-02-29,
SI,2020-03-31,
SI,2020-04-30,
SI,2020-05-31,
SI,2020-06-30,
SI,2020-07-31,
SI,2020-08-31,
SI,2020-09-30,
SI,2020-10-31,
SI,2020-11-30,
SI,2020-12-31,
SI,2021-01-31,
SI,2021-02-28,
SI,2021-03-31,
SI,2021-04-30,
SI,2021-05-31,
SI,2021-06-30,
SI,2021-07-31,
SI,2021-08-31,
SI,2021-09-30,
SI,2021-10-31,
SI,2021-11-30,
SI,2021-12-31,
SI,2022-01-31,
SI,2022-02-28,
SI,2022-03-31,
SI,2022-04-30,
SI,2022-05-31,
SI,2022-06-30,
SI,2022-07-31,
SI,2022-08-31,
SI,2022-09-30,
SI,2022-10-31,
SI,2022-11-30,
SI,2022-12-31,
SI,2023-01-31,
SI,2023-02-28,
SI,2023-03-31,
SI,2023-04-30,
SI,2023-05-31,
SI,2023-06-30,
SI,2023-07-31,
SI,2023-08-31,
SI,2023-09-30,
SI,2023-10-31,
SI,2023-11-30,
SI,2023-12-31,
SI,2024-01-31,
SI,2024-02-29,
SI,2024-03-31,
SI,2024-04-30,
SI,2024-05-31,
SI,2024-06-30,
SI,2024-07-31,
SI,2024-08-31,
SI,2024-09-30,
SI,2024-10-31,
SI,2024-11-30,
SI,2024-12-31,
SI,2025-01-31,
SI,2025-02-28,
SI,2025-03-31,
SR,2002-01-31,
SR,2002-02-28,
SR,2002-03-31,
SR,2002-04-30,
SR,2002-05-31,
SR,2002-06-30,
SR,2002-07-31,
SR,2002-08-31,
SR,2002-09-30,
SR,2002-10-31,
SR,2002-11-30,
SR,2002-12-31,
SR,2003-01-31,
SR,2003-02-28,
SR,2003-03-31,
SR,2003-04-30,
SR,2003-05-31,
SR,2003-06-30,
SR,2003-07-31,
SR,2003-08-31,
SR,2003-09-30,
SR,2003-10-31,
SR,2003-11-30,
SR,2003-12-31,
SR,2004-01-31,
SR,2004-02-29,
SR,2004-03-31,
SR,2004-04-30,
SR,2004-05-31,
SR,2004-06-30,
SR,2004-07-31,
SR,2004-08-31,
SR,2004-09-30,
SR,2004-10-31,
SR,2004-11-30,
SR,2004-12-31,
SR,2005-01-31,
SR,2005-02-28,
SR,2005-03-31,
SR,2005-04-30,
SR,2005-05-31,
SR,2005-06-30,
SR,2005-07-31,
SR,2005-08-31,
SR,2005-09-30,
SR,2005-10-31,
SR,2005-11-30,
SR,2005-12-31,
SR,2006-01-31,
SR,2006-02-28,
SR,2006-03-31,
SR,2006-04-30,
SR,2006-05-31,
SR,2006-06-30,
SR,2006-07-31,
SR,2006-08-31,
SR,2006-09-30,
SR,2006-10-31,
SR,2006-11-30,
SR,2006-12-31,
SR,2007-01-31,
SR,2007-02-28,
SR,2007-03-31,
SR,2007-04-30,
SR,2007-05-31,
SR,2007-06-30,
SR,2007-07-31,
SR,2007-08-31,
SR,2007-09-30,
SR,2007-10-31,
SR,2007-11-30,
SR,2007-12-31,
SR,2008-01-31,
SR,2008-02-29,
SR,2008-03-31,
SR,2008-04-30,
SR,2008-05-31,
SR,2008-06-30,
SR,2008-07-31,
SR,2008-08-31,
SR,2008-09-30,
SR,2008-10-31,
SR,2008-11-30,
SR,2008-12-31,
SR,2009-01-31,0.0
SR,2009-02-28,0.0
SR,2009-03-31,0.0
SR,2009-04-30,0.0
SR,2009-05-31,0.0
SR,2009-06-30,0.0
SR,2009-07-31,0.0
SR,2009-08-31,0.0
SR,2009-09-30,0.0
SR,2009-10-31,0.0
SR,2009-11-30,0.0
SR,2009-12-31,0.0
SR,2010-01-31,0.0
SR,2010-02-28,0.0
SR,2010-03-31,0.0
SR,2010-04-30,0.0
SR,2010-05-31,0.0
SR,2010-06-30,0.0
SR,2010-07-31,0.0
SR,2010-08-31,0.0
SR,2010-09-30,0.0
SR,2010-10-31,0.0
SR,2010-11-30,0.0
SR,2010-12-31,0.0
SR,2011-01-31,0.0
SR,2011-02-28,0.0
SR,2011-03-31,0.0
SR,2011-04-30,0.0
SR,2011-05-31,0.0
SR,2011-06-30,0.0
SR,2011-07-31,0.0
SR,2011-08-31,0.0
SR,2011-09-30,0.0
SR,2011-10-31,0.0
SR,2011-11-30,0.0
SR,2011-12-31,0.0
SR,2012-01-31,0.0
SR,2012-02-29,0.0
SR,2012-03-31,0.0
SR,2012-04-30,0.0
SR,2012-05-31,0.0
SR,2012-06-30,0.0
SR,2012-07-31,0.0
SR,2012-08-31,0.0
SR,2012-09-30,0.0
SR,2012-10-31,0.0
SR,2012-11-30,0.0
SR,2012-12-31,0.0
SR,2013-01-31,0.0
SR,2013-02-28,0.0
SR,2013-03-31,0.0
SR,2013-04-30,0.0
SR,2013-05-31,0.0
SR,2013-06-30,0.0
SR,2013-07-31,0.0
SR,2013-08-31,0.0
SR,2013-09-30,0.0
SR,2013-10-31,0.0
SR,2013-11-30,0.0
SR,2013-12-31,0.0
SR,2014-01-31,0.0
SR,2014-02-28,0.0
SR,2014-03-31,0.0
SR,2014-04-30,0.0
SR,2014-05-31,0.0
SR,2014-06-30,0.0
SR,2014-07-31,0.0
SR,2014-08-31,0.0
SR,2014-09-30,0.0
SR,2014-10-31,0.0
SR,2014-11-30,0.0
SR,2014-12-31,0.0
SR,2015-01-31,0.0
SR,2015-02-28,0.0
SR,2015-03-31,0.0
SR,2015-04-30,0.0
SR,2015-05-31,0.0
SR,2015-06-30,0.0
SR,2015-07-31,0.0
SR,2015-08-31,0.0
SR,2015-09-30,0.0
SR,2015-10-31,0.0
SR,2015-11-30,0.0
SR,2015-12-31,0.0
SR,2016-01-31,0.0
SR,2016-02-29,0.0
SR,2016-03-31,0.0
SR,2016-04-30,0.0
SR,2016-05-31,0.0
SR,2016-06-30,0.0
SR,2016-07-31,0.0
SR,2016-08-31,
SR,2016-09-30,
SR,2016-10-31,
SR,2016-11-30,
SR,2016-12-31,
SR,2017-01-31,
SR,2017-02-28,
SR,2017-03-31,
SR,2017-04-30,
SR,2017-05-31,
SR,2017-06-30,
SR,2017-07-31,
SR,2017-08-31,
SR,2017-09-30,
SR,2017-10-31,
SR,2017-11-30,
SR,2017-12-31,
SR,2018-01-31,
SR,2018-02-28,
SR,2018-03-31,
SR,2018-04-30,
SR,2018-05-31,
SR,2018-06-30,
SR,2018-07-31,
SR,2018-08-31,
SR,2018-09-30,
SR,2018-10-31,
SR,2018-11-30,
SR,2018-12-31,
SR,2019-01-31,
SR,2019-02-28,
SR,2019-03-31,
SR,2019-04-30,
SR,2019-05-31,
SR,2019-06-30,
SR,2019-07-31,
SR,2019-08-31,
SR,2019-09-30,
SR,2019-10-31,
SR,2019-11-30,
SR,2019-12-31,
SR,2020-01-31,
SR,2020-02-29,
SR,2020-03-31,
SR,2020-04-30,
SR,2020-05-31,
SR,2020-06-30,
SR,2020-07-31,
SR,2020-08-31,
SR,2020-09-30,
SR,2020-10-31,
SR,2020-11-30,
SR,2020-12-31,
SR,2021-01-31,
SR,2021-02-28,
SR,2021-03-31,
SR,2021-04-30,
SR,2021-05-31,
SR,2021-06-30,
SR,2021-07-31,
SR,2021-08-31,
SR,2021-09-30,
SR,2021-10-31,
SR,2021-11-30,
SR,2021-12-31,
SR,2022-01-31,
SR,2022-02-28,
SR,2022-03-31,
SR,2022-04-30,
SR,2022-05-31,
SR,2022-06-30,
SR,2022-07-31,
SR,2022-08-31,
SR,2022-09-30,
SR,2022-10-31,
SR,2022-11-30,
SR,2022-12-31,
SR,2023-01-31,
SR,2023-02-28,
SR,2023-03-31,
SR,2023-04-30,
SR,2023-05-31,
SR,2023-06-30,
SR,2023-07-31,
SR,2023-08-31,
SR,2023-09-30,
SR,2023-10-31,
SR,2023-11-30,
SR,2023-12-31,
SR,2024-01-31,
SR,2024-02-29,
SR,2024-03-31,
SR,2024-04-30,
SR,2024-05-31,
SR,2024-06-30,
SR,2024-07-31,
SR,2024-08-31,
SR,2024-09-30,
SR,2024-10-31,
SR,2024-11-30,
SR,2024-12-31,
SR,2025-01-31,
SV,2002-01-31,
SV,2002-02-28,
SV,2002-03-31,
SV,2002-04-30,
SV,2002-05-31,
SV,2002-06-30,
SV,2002-07-31,
SV,2002-08-31,
SV,2002-09-30,
SV,2002-10-31,
SV,2002-11-30,
SV,2002-12-31,
SV,2003-01-31,
SV,2003-02-28,
SV,2003-03-31,
SV,2003-04-30,
SV,2003-05-31,
SV,2003-06-30,
SV,2003-07-31,
SV,2003-08-31,
SV,2003-09-30,
SV,2003-10-31,
SV,2003-11-30,
SV,2003-12-31,
SV,2004-01-31,
SV,2004-02-29,
SV,2004-03-31,
SV,2004-04-30,
SV,2004-05-31,
SV,2004-06-30,
SV,2004-07-31,
SV,2004-08-31,
SV,2004-09-30,
SV,2004-10-31,
SV,2004-11-30,
SV,2004-12-31,
SV,2005-01-31,
SV,2005-02-28,
SV,2005-03-31,
SV,2005-04-30,
SV,2005-05-31,
SV,2005-06-30,
SV,2005-07-31,
SV,2005-08-31,
SV,2005-09-30,
SV,2005-10-31,
SV,2005-11-30,
SV,2005-12-31,
SV,2006-01-31,
SV,2006-02-28,
SV,2006-03-31,
SV,2006-04-30,
SV,2006-05-31,
SV,2006-06-30,
SV,2006-07-31,
SV,2006-08-31,
SV,2006-09-30,
SV,2006-10-31,
SV,2006-11-30,
SV,2006-12-31,
SV,2007-01-31,
SV,2007-02-28,
SV,2007-03-31,
SV,2007-04-30,
SV,2007-05-31,
SV,2007-06-30,
SV,2007-07-31,
SV,2007-08-31,
SV,2007-09-30,
SV,2007-10-31,
SV,2007-11-30,
SV,2007-12-31,
SV,2008-01-31,
SV,2008-02-29,
SV,2008-03-31,
SV,2008-04-30,
SV,2008-05-31,
SV,2008-06-30,
SV,2008-07-31,
SV,2008-08-31,
SV,2008-09-30,
SV,2008-10-31,
SV,2008-11-30,
SV,2008-12-31,
SV,2009-01-31,0.0
SV,2009-02-28,0.0
SV,2009-03-31,0.0
SV,2009-04-30,0.0
SV,2009-05-31,0.0
SV,2009-06-30,0.0
SV,2009-07-31,0.0
SV,2009-08-31,0.0
SV,2009-09-30,0.0
SV,2009-10-31,0.0
SV,2009-11-30,0.0
SV,2009-12-31,0.0
SV,2010-01-31,0.0
SV,2010-02-28,0.0
SV,2010-03-31,0.0
SV,2010-04-30,0.0
SV,2010-05-31,0.0
SV,2010-06-30,0.0
SV,2010-07-31,0.0
SV,2010-08-31,0.0
SV,2010-09-30,0.0
SV,2010-10-31,0.0
SV,2010-11-30,0.0
SV,2010-12-31,0.0
SV,2011-01-31,0.0
SV,2011-02-28,0.0
SV,2011-03-31,0.0
SV,2011-04-30,0.0
SV,2011-05-31,0.0
SV,2011-06-30,0.0
SV,2011-07-31,0.0
SV,2011-08-31,0.0
SV,2011-09-30,0.0
SV,2011-10-31,0.0
SV,2011-11-30,0.0
SV,2011-12-31,0.0
SV,2012-01-31,0.0
SV,2012-02-29,0.0
SV,2012-03-31,0.0
SV,2012-04-30,0.0
SV,2012-05-31,0.0
SV,2012-06-30,0.0
SV,2012-07-31,0.0
SV,2012-08-31,0.0
SV,2012-09-30,0.0
SV,2012-10-31,0.0
SV,2012-11-30,0.0
SV,2012-12-31,0.0
SV,2013-01-31,0.0
SV,2013-02-28,0.0
SV,2013-03-31,0.0
SV,2013-04-30,0.0
SV,2013-05-31,0.0
SV,2013-06-30,0.0
SV,2013-07-31,0.0
SV,2013-08-31,0.0
SV,2013-09-30,0.0
SV,2013-10-31,0.0
SV,2013-11-30,0.0
SV,2013-12-31,0.0
SV,2014-01-31,0.0
SV,2014-02-28,0.0
SV,2014-03-31,0.0
SV,2014-04-30,0.0
SV,2014-05-31,0.0
SV,2014-06-30,0.0
SV,2014-07-31,0.0
SV,2014-08-31,0.0
SV,2014-09-30,0.0
SV,2014-10-31,0.0
SV,2014-11-30,0.0
SV,2014-12-31,0.0
SV,2015-01-31,0.0
SV,2015-02-28,0.0
SV,2015-03-31,0.0
SV,2015-04-30,0.0
SV,2015-05-31,0.0
SV,2015-06-30,0.0
SV,2015-07-31,0.0
SV,2015-08-31,0.0
SV,2015-09-30,0.0
SV,2015-10-31,0.0
SV,2015-11-30,0.0
SV,2015-12-31,0.0
SV,2016-01-31,0.0
SV,2016-02-29,0.0
SV,2016-03-31,0.0
SV,2016-04-30,0.0
SV,2016-05-31,0.0
SV,2016-06-30,0.0
SV,2016-07-31,0.0
SV,2016-08-31,
SV,2016-09-30,
SV,2016-10-31,
SV,2016-11-30,
SV,2016-12-31,
SV,2017-01-31,
SV,2017-02-28,
SV,2017-03-31,
SV,2017-04-30,
SV,2017-05-31,
SV,2017-06-30,
SV,2017-07-31,
SV,2017-08-31,
SV,2017-09-30,
SV,2017-10-31,
SV,2017-11-30,
SV,2017-12-31,
SV,2018-01-31,
SV,2018-02-28,
SV,2018-03-31,
SV,2018-04-30,
SV,2018-05-31,
SV,2018-06-30,
SV,2018-07-31,
SV,2018-08-31,
SV,2018-09-30,
SV,2018-10-31,
SV,2018-11-30,
SV,2018-12-31,
SV,2019-01-31,
SV,2019-02-28,
SV,2019-03-31,
SV,2019-04-30,
SV,2019-05-31,
SV,2019-06-30,
SV,2019-07-31,
SV,2019-08-31,
SV,2019-09-30,
SV,2019-10-31,
SV,2019-11-30,
SV,2019-12-31,
SV,2020-01-31,
SV,2020-02-29,
SV,2020-03-31,
SV,2020-04-30,
SV,2020-05-31,
SV,2020-06-30,
SV,2020-07-31,
SV,2020-08-31,
SV,2020-09-30,
SV,2020-10-31,
SV,2020-11-30,
SV,2020-12-31,
SV,2021-01-31,
SV,2021-02-28,
SV,2021-03-31,
SV,2021-04-30,
SV,2021-05-31,
SV,2021-06-30,
SV,2021-07-31,
SV,2021-08-31,
SV,2021-09-30,
SV,2021-10-31,
SV,2021-11-30,
SV,2021-12-31,
SV,2022-01-31,
SV,2022-02-28,
SV,2022-03-31,
SV,2022-04-30,
SV,2022-05-31,
SV,2022-06-30,
SV,2022-07-31,
SV,2022-08-31,
SV,2022-09-30,
SV,2022-10-31,
SV,2022-11-30,
SV,2022-12-31,
SV,2023-01-31,
SV,2023-02-28,
SV,2023-03-31,
SV,2023-04-30,
SV,2023-05-31,
SV,2023-06-30,
SV,2023-07-31,
SV,2023-08-31,
SV,2023-09-30,
SV,2023-10-31,
SV,2023-11-30,
SV,2023-12-31,
SV,2024-01-31,
SV,2024-02-29,
SV,2024-03-31,
SV,2024-04-30,
SV,2024-05-31,
SV,2024-06-30,
SV,2024-07-31,
SV,2024-08-31,
SV,2024-09-30,
SV,2024-10-31,
SV,2024-11-30,
SV,2024-12-31,
SV,2025-01-31,
SY,2002-01-31,
SY,2002-02-28,
SY,2002-03-31,
SY,2002-04-30,
SY,2002-05-31,
SY,2002-06-30,
SY,2002-07-31,
SY,2002-08-31,
SY,2002-09-30,
SY,2002-10-31,
SY,2002-11-30,
SY,2002-12-31,
SY,2003-01-31,
SY,2003-02-28,
SY,2003-03-31,
SY,2003-04-30,
SY,2003-05-31,
SY,2003-06-30,
SY,2003-07-31,
SY,2003-08-31,
SY,2003-09-30,
SY,2003-10-31,
SY,2003-11-30,
SY,2003-12-31,
SY,2004-01-31,
SY,2004-02-29,
SY,2004-03-31,
SY,2004-04-30,
SY,2004-05-31,
SY,2004-06-30,
SY,2004-07-31,
SY,2004-08-31,
SY,2004-09-30,
SY,2004-10-31,
SY,2004-11-30,
SY,2004-12-31,
SY,2005-01-31,
SY,2005-02-28,
SY,2005-03-31,
SY,2005-04-30,
SY,2005-05-31,
SY,2005-06-30,
SY,2005-07-31,
SY,2005-08-31,
SY,2005-09-30,
SY,2005-10-31,
SY,2005-11-30,
SY,2005-12-31,
SY,2006-01-31,
SY,2006-02-28,
SY,2006-03-31,
SY,2006-04-30,
SY,2006-05-31,
SY,2006-06-30,
SY,2006-07-31,
SY,2006-08-31,
SY,2006-09-30,
SY,2006-10-31,
SY,2006-11-30,
SY,2006-12-31,
SY,2007-01-31,
SY,2007-02-28,
SY,2007-03-31,
SY,2007-04-30,
SY,2007-05-31,
SY,2007-06-30,
SY,2007-07-31,
SY,2007-08-31,
SY,2007-09-30,
SY,2007-10-31,
SY,2007-11-30,
SY,2007-12-31,
SY,2008-01-31,
SY,2008-02-29,
SY,2008-03-31,
SY,2008-04-30,
SY,2008-05-31,
SY,2008-06-30,
SY,2008-07-31,
SY,2008-08-31,
SY,2008-09-30,
SY,2008-10-31,
SY,2008-11-30,
SY,2008-12-31,
SY,2009-01-31,
SY,2009-02-28,
SY,2009-03-31,
SY,2009-04-30,
SY,2009-05-31,
SY,2009-06-30,
SY,2009-07-31,
SY,2009-08-31,
SY,2009-09-30,
SY,2009-10-31,
SY,2009-11-30,
SY,2009-12-31,
SY,2010-01-31,
SY,2010-02-28,
SY,2010-03-31,
SY,2010-04-30,
SY,2010-05-31,
SY,2010-06-30,
SY,2010-07-31,
SY,2010-08-31,
SY,2010-09-30,
SY,2010-10-31,
SY,2010-11-30,
SY,2010-12-31,
SY,2011-01-31,
SY,2011-02-28,
SY,2011-03-31,
SY,2011-04-30,
SY,2011-05-31,
SY,2011-06-30,
SY,2011-07-31,
SY,2011-08-31,
SY,2011-09-30,
SY,2011-10-31,
SY,2011-11-30,
SY,2011-12-31,
SY,2012-01-31,
SY,2012-02-29,
SY,2012-03-31,
SY,2012-04-30,
SY,2012-05-31,
SY,2012-06-30,
SY,2012-07-31,
SY,2012-08-31,
SY,2012-09-30,
SY,2012-10-31,
SY,2012-11-30,
SY,2012-12-31,
SY,2013-01-31,
SY,2013-02-28,
SY,2013-03-31,
SY,2013-04-30,
SY,2013-05-31,
SY,2013-06-30,
SY,2013-07-31,
SY,2013-08-31,
SY,2013-09-30,
SY,2013-10-31,
SY,2013-11-30,
SY,2013-12-31,
SY,2014-01-31,
SY,2014-02-28,
SY,2014-03-31,
SY,2014-04-30,
SY,2014-05-31,
SY,2014-06-30,
SY,2014-07-31,
SY,2014-08-31,
SY,2014-09-30,
SY,2014-10-31,
SY,2014-11-30,
SY,2014-12-31,
SY,2015-01-31,
SY,2015-02-28,
SY,2015-03-31,
SY,2015-04-30,
SY,2015-05-31,
SY,2015-06-30,
SY,2015-07-31,
SY,2015-08-31,
SY,2015-09-30,
SY,2015-10-31,
SY,2015-11-30,
SY,2015-12-31,
SY,2016-01-31,
SY,2016-02-29,
SY,2016-03-31,
SY,2016-04-30,
SY,2016-05-31,
SY,2016-06-30,
SY,2016-07-31,
SY,2016-08-31,
SY,2016-09-30,
SY,2016-10-31,
SY,2016-11-30,
SY,2016-12-31,
SY,2017-01-31,
SY,2017-02-28,
SY,2017-03-31,
SY,2017-04-30,
SY,2017-05-31,
SY,2017-06-30,
SY,2017-07-31,
SY,2017-08-31,
SY,2017-09-30,
SY,2017-10-31,
SY,2017-11-30,
SY,2017-12-31,
SY,2018-01-31,
SY,2018-02-28,
SY,2018-03-31,
SY,2018-04-30,
SY,2018-05-31,
SY,2018-06-30,
SY,2018-07-31,
SY,2018-08-31,
SY,2018-09-30,
SY,2018-10-31,
SY,2018-11-30,
SY,2018-12-31,
SY,2019-01-31,
SY,2019-02-28,
SY,2019-03-31,
SY,2019-04-30,
SY,2019-05-31,
SY,2019-06-30,
SY,2019-07-31,
SY,2019-08-31,
SY,2019-09-30,
SY,2019-10-31,
SY,2019-11-30,
SY,2019-12-31,
SY,2020-01-31,
SY,2020-02-29,
SY,2020-03-31,
SY,2020-04-30,
SY,2020-05-31,
SY,2020-06-30,
SY,2020-07-31,
SY,2020-08-31,
SY,2020-09-30,
SY,2020-10-31,
SY,2020-11-30,
SY,2020-12-31,
SY,2021-01-31,
SY,2021-02-28,
SY,2021-03-31,
SY,2021-04-30,
SY,2021-05-31,
SY,2021-06-30,
SY,2021-07-31,
SY,2021-08-31,
SY,2021-09-30,
SY,2021-10-31,
SY,2021-11-30,
SY,2021-12-31,
SY,2022-01-31,
SY,2022-02-28,
SY,2022-03-31,
SY,2022-04-30,
SY,2022-05-31,
SY,2022-06-30,
SY,2022-07-31,
SY,2022-08-31,
SY,2022-09-30,
SY,2022-10-31,
SY,2022-11-30,
SY,2022-12-31,
SY,2023-01-31,
SY,2023-02-28,
SY,2023-03-31,
SY,2023-04-30,
SY,2023-05-31,
SY,2023-06-30,
SY,2023-07-31,
SY,2023-08-31,
SY,2023-09-30,
SY,2023-10-31,
SY,2023-11-30,
SY,2023-12-31,
SY,2024-01-31,
SY,2024-02-29,
SY,2024-03-31,
SY,2024-04-30,
SY,2024-05-31,
SY,2024-06-30,
SY,2024-07-31,
SY,2024-08-31,
SY,2024-09-30,
SY,2024-10-31,
SY,2024-11-30,
SY,2024-12-31,
SY,2025-01-31,
SY,2025-02-28,
SY,2025-03-31,
SZ,2002-01-31,
SZ,2002-02-28,
SZ,2002-03-31,
SZ,2002-04-30,
SZ,2002-05-31,
SZ,2002-06-30,
SZ,2002-07-31,
SZ,2002-08-31,
SZ,2002-09-30,
SZ,2002-10-31,
SZ,2002-11-30,
SZ,2002-12-31,
SZ,2003-01-31,
SZ,2003-02-28,
SZ,2003-03-31,
SZ,2003-04-30,
SZ,2003-05-31,
SZ,2003-06-30,
SZ,2003-07-31,
SZ,2003-08-31,
SZ,2003-09-30,
SZ,2003-10-31,
SZ,2003-11-30,
SZ,2003-12-31,
SZ,2004-01-31,
SZ,2004-02-29,
SZ,2004-03-31,
SZ,2004-04-30,
SZ,2004-05-31,
SZ,2004-06-30,
SZ,2004-07-31,
SZ,2004-08-31,
SZ,2004-09-30,
SZ,2004-10-31,
SZ,2004-11-30,
SZ,2004-12-31,
SZ,2005-01-31,
SZ,2005-02-28,
SZ,2005-03-31,
SZ,2005-04-30,
SZ,2005-05-31,
SZ,2005-06-30,
SZ,2005-07-31,
SZ,2005-08-31,
SZ,2005-09-30,
SZ,2005-10-31,
SZ,2005-11-30,
SZ,2005-12-31,
SZ,2006-01-31,
SZ,2006-02-28,
SZ,2006-03-31,
SZ,2006-04-30,
SZ,2006-05-31,
SZ,2006-06-30,
SZ,2006-07-31,
SZ,2006-08-31,
SZ,2006-09-30,
SZ,2006-10-31,
SZ,2006-11-30,
SZ,2006-12-31,
SZ,2007-01-31,
SZ,2007-02-28,
SZ,2007-03-31,
SZ,2007-04-30,
SZ,2007-05-31,
SZ,2007-06-30,
SZ,2007-07-31,
SZ,2007-08-31,
SZ,2007-09-30,
SZ,2007-10-31,
SZ,2007-11-30,
SZ,2007-12-31,
SZ,2008-01-31,
SZ,2008-02-29,
SZ,2008-03-31,
SZ,2008-04-30,
SZ,2008-05-31,
SZ,2008-06-30,
SZ,2008-07-31,
SZ,2008-08-31,
SZ,2008-09-30,
SZ,2008-10-31,
SZ,2008-11-30,
SZ,2008-12-31,
SZ,2009-01-31,
SZ,2009-02-28,
SZ,2009-03-31,
SZ,2009-04-30,
SZ,2009-05-31,
SZ,2009-06-30,
SZ,2009-07-31,
SZ,2009-08-31,
SZ,2009-09-30,
SZ,2009-10-31,
SZ,2009-11-30,
SZ,2009-12-31,
SZ,2010-01-31,
SZ,2010-02-28,
SZ,2010-03-31,
SZ,2010-04-30,
SZ,2010-05-31,
SZ,2010-06-30,
SZ,2010-07-31,
SZ,2010-08-31,
SZ,2010-09-30,
SZ,2010-10-31,
SZ,2010-11-30,
SZ,2010-12-31,
SZ,2011-01-31,
SZ,2011-02-28,
SZ,2011-03-31,
SZ,2011-04-30,
SZ,2011-05-31,
SZ,2011-06-30,
SZ,2011-07-31,
SZ,2011-08-31,
SZ,2011-09-30,
SZ,2011-10-31,
SZ,2011-11-30,
SZ,2011-12-31,
SZ,2012-01-31,
SZ,2012-02-29,
SZ,2012-03-31,
SZ,2012-04-30,
SZ,2012-05-31,
SZ,2012-06-30,
SZ,2012-07-31,
SZ,2012-08-31,
SZ,2012-09-30,
SZ,2012-10-31,
SZ,2012-11-30,
SZ,2012-12-31,
SZ,2013-01-31,
SZ,2013-02-28,
SZ,2013-03-31,
SZ,2013-04-30,
SZ,2013-05-31,
SZ,2013-06-30,
SZ,2013-07-31,
SZ,2013-08-31,
SZ,2013-09-30,
SZ,2013-10-31,
SZ,2013-11-30,
SZ,2013-12-31,
SZ,2014-01-31,
SZ,2014-02-28,
SZ,2014-03-31,
SZ,2014-04-30,
SZ,2014-05-31,
SZ,2014-06-30,
SZ,2014-07-31,
SZ,2014-08-31,
SZ,2014-09-30,
SZ,2014-10-31,
SZ,2014-11-30,
SZ,2014-12-31,
SZ,2015-01-31,
SZ,2015-02-28,
SZ,2015-03-31,
SZ,2015-04-30,
SZ,2015-05-31,
SZ,2015-06-30,
SZ,2015-07-31,
SZ,2015-08-31,
SZ,2015-09-30,
SZ,2015-10-31,
SZ,2015-11-30,
SZ,2015-12-31,
SZ,2016-01-31,
SZ,2016-02-29,
SZ,2016-03-31,
SZ,2016-04-30,
SZ,2016-05-31,
SZ,2016-06-30,
SZ,2016-07-31,
SZ,2016-08-31,
SZ,2016-09-30,
SZ,2016-10-31,
SZ,2016-11-30,
SZ,2016-12-31,
SZ,2017-01-31,
SZ,2017-02-28,
SZ,2017-03-31,
SZ,2017-04-30,
SZ,2017-05-31,
SZ,2017-06-30,
SZ,2017-07-31,
SZ,2017-08-31,
SZ,2017-09-30,
SZ,2017-10-31,
SZ,2017-11-30,
SZ,2017-12-31,
SZ,2018-01-31,
SZ,2018-02-28,
SZ,2018-03-31,
SZ,2018-04-30,
SZ,2018-05-31,
SZ,2018-06-30,
SZ,2018-07-31,
SZ,2018-08-31,
SZ,2018-09-30,
SZ,2018-10-31,
SZ,2018-11-30,
SZ,2018-12-31,
SZ,2019-01-31,
SZ,2019-02-28,
SZ,2019-03-31,
SZ,2019-04-30,
SZ,2019-05-31,
SZ,2019-06-30,
SZ,2019-07-31,
SZ,2019-08-31,
SZ,2019-09-30,
SZ,2019-10-31,
SZ,2019-11-30,
SZ,2019-12-31,
SZ,2020-01-31,
SZ,2020-02-29,
SZ,2020-03-31,
SZ,2020-04-30,
SZ,2020-05-31,
SZ,2020-06-30,
SZ,2020-07-31,
SZ,2020-08-31,
SZ,2020-09-30,
SZ,2020-10-31,
SZ,2020-11-30,
SZ,2020-12-31,
SZ,2021-01-31,
SZ,2021-02-28,
SZ,2021-03-31,
SZ,2021-04-30,
SZ,2021-05-31,
SZ,2021-06-30,
SZ,2021-07-31,
SZ,2021-08-31,
SZ,2021-09-30,
SZ,2021-10-31,
SZ,2021-11-30,
SZ,2021-12-31,
SZ,2022-01-31,
SZ,2022-02-28,
SZ,2022-03-31,
SZ,2022-04-30,
SZ,2022-05-31,
SZ,2022-06-30,
SZ,2022-07-31,
SZ,2022-08-31,
SZ,2022-09-30,
SZ,2022-10-31,
SZ,2022-11-30,
SZ,2022-12-31,
SZ,2023-01-31,
SZ,2023-02-28,
SZ,2023-03-31,
SZ,2023-04-30,
SZ,2023-05-31,
SZ,2023-06-30,
SZ,2023-07-31,
SZ,2023-08-31,
SZ,2023-09-30,
SZ,2023-10-31,
SZ,2023-11-30,
SZ,2023-12-31,
SZ,2024-01-31,
SZ,2024-02-29,
SZ,2024-03-31,
SZ,2024-04-30,
SZ,2024-05-31,
SZ,2024-06-30,
SZ,2024-07-31,
SZ,2024-08-31,
SZ,2024-09-30,
SZ,2024-10-31,
SZ,2024-11-30,
SZ,2024-12-31,
SZ,2025-01-31,
SZ,2025-02-28,
SZ,2025-03-31,
TH,2002-01-31,
TH,2002-02-28,
TH,2002-03-31,
TH,2002-04-30,
TH,2002-05-31,
TH,2002-06-30,
TH,2002-07-31,
TH,2002-08-31,
TH,2002-09-30,
TH,2002-10-31,
TH,2002-11-30,
TH,2002-12-31,
TH,2003-01-31,
TH,2003-02-28,
TH,2003-03-31,
TH,2003-04-30,
TH,2003-05-31,
TH,2003-06-30,
TH,2003-07-31,
TH,2003-08-31,
TH,2003-09-30,
TH,2003-10-31,
TH,2003-11-30,
TH,2003-12-31,
TH,2004-01-31,
TH,2004-02-29,
TH,2004-03-31,
TH,2004-04-30,
TH,2004-05-31,
TH,2004-06-30,
TH,2004-07-31,
TH,2004-08-31,
TH,2004-09-30,
TH,2004-10-31,
TH,2004-11-30,
TH,2004-12-31,
TH,2005-01-31,
TH,2005-02-28,
TH,2005-03-31,
TH,2005-04-30,
TH,2005-05-31,
TH,2005-06-30,
TH,2005-07-31,
TH,2005-08-31,
TH,2005-09-30,
TH,2005-10-31,
TH,2005-11-30,
TH,2005-12-31,
TH,2006-01-31,
TH,2006-02-28,
TH,2006-03-31,
TH,2006-04-30,
TH,2006-05-31,
TH,2006-06-30,
TH,2006-07-31,
TH,2006-08-31,
TH,2006-09-30,
TH,2006-10-31,
TH,2006-11-30,
TH,2006-12-31,
TH,2007-01-31,
TH,2007-02-28,
TH,2007-03-31,
TH,2007-04-30,
TH,2007-05-31,
TH,2007-06-30,
TH,2007-07-31,
TH,2007-08-31,
TH,2007-09-30,
TH,2007-10-31,
TH,2007-11-30,
TH,2007-12-31,
TH,2008-01-31,
TH,2008-02-29,
TH,2008-03-31,
TH,2008-04-30,
TH,2008-05-31,
TH,2008-06-30,
TH,2008-07-31,
TH,2008-08-31,
TH,2008-09-30,
TH,2008-10-31,
TH,2008-11-30,
TH,2008-12-31,
TH,2009-01-31,
TH,2009-02-28,
TH,2009-03-31,
TH,2009-04-30,
TH,2009-05-31,
TH,2009-06-30,
TH,2009-07-31,
TH,2009-08-31,
TH,2009-09-30,
TH,2009-10-31,
TH,2009-11-30,
TH,2009-12-31,
TH,2010-01-31,
TH,2010-02-28,
TH,2010-03-31,
TH,2010-04-30,
TH,2010-05-31,
TH,2010-06-30,
TH,2010-07-31,
TH,2010-08-31,
TH,2010-09-30,
TH,2010-10-31,
TH,2010-11-30,
TH,2010-12-31,
TH,2011-01-31,
TH,2011-02-28,
TH,2011-03-31,
TH,2011-04-30,
TH,2011-05-31,
TH,2011-06-30,
TH,2011-07-31,
TH,2011-08-31,
TH,2011-09-30,
TH,2011-10-31,
TH,2011-11-30,
TH,2011-12-31,
TH,2012-01-31,
TH,2012-02-29,
TH,2012-03-31,
TH,2012-04-30,
TH,2012-05-31,
TH,2012-06-30,
TH,2012-07-31,
TH,2012-08-31,
TH,2012-09-30,
TH,2012-10-31,
TH,2012-11-30,
TH,2012-12-31,
TH,2013-01-31,
TH,2013-02-28,
TH,2013-03-31,
TH,2013-04-30,
TH,2013-05-31,
TH,2013-06-30,
TH,2013-07-31,
TH,2013-08-31,
TH,2013-09-30,
TH,2013-10-31,
TH,2013-11-30,
TH,2013-12-31,
TH,2014-01-31,
TH,2014-02-28,
TH,2014-03-31,
TH,2014-04-30,
TH,2014-05-31,
TH,2014-06-30,
TH,2014-07-31,
TH,2014-08-31,
TH,2014-09-30,
TH,2014-10-31,
TH,2014-11-30,
TH,2014-12-31,
TH,2015-01-31,
TH,2015-02-28,
TH,2015-03-31,
TH,2015-04-30,
TH,2015-05-31,
TH,2015-06-30,
TH,2015-07-31,
TH,2015-08-31,
TH,2015-09-30,
TH,2015-10-31,
TH,2015-11-30,
TH,2015-12-31,
TH,2016-01-31,
TH,2016-02-29,
TH,2016-03-31,
TH,2016-04-30,
TH,2016-05-31,
TH,2016-06-30,
TH,2016-07-31,
TH,2016-08-31,
TH,2016-09-30,
TH,2016-10-31,
TH,2016-11-30,2893.176
TH,2016-12-31,2151.198
TH,2017-01-31,
TH,2017-02-28,
TH,2017-03-31,
TH,2017-04-30,
TH,2017-05-31,
TH,2017-06-30,
TH,2017-07-31,2069.296
TH,2017-08-31,1975.05
TH,2017-09-30,2000.2
TH,2017-10-31,2509.731
TH,2017-11-30,2144.76
TH,2017-12-31,3075.66
TH,2018-01-31,2723.412
TH,2018-02-28,1937.15
TH,2018-03-31,2144.76
TH,2018-04-30,2094.526
TH,2018-05-31,2075.756
TH,2018-06-30,2088.195
TH,2018-07-31,2207.62
TH,2018-08-31,2723.412
TH,2018-09-30,
TH,2018-10-31,
TH,2018-11-30,0.0
TH,2018-12-31,2610.384
TH,2019-01-31,2453.136
TH,2019-02-28,1572.51
TH,2019-03-31,3163.968
TH,2019-04-30,0.0
TH,2019-05-31,2798.964
TH,2019-06-30,2930.909
TH,2019-07-31,2887.055
TH,2019-08-31,3126.067
TH,2019-09-30,0.0
TH,2019-10-31,0.0
TH,2019-11-30,2038.018
TH,2019-12-31,2780.08
TH,2020-01-31,2786.253
TH,2020-02-29,2213.962
TH,2020-03-31,2679.486
TH,2020-04-30,2251.788
TH,2020-05-31,2169.882
TH,2020-06-30,1987.504
TH,2020-07-31,2050.44
TH,2020-08-31,2069.296
TH,2020-09-30,2308.38
TH,2020-10-31,2509.731
TH,2020-11-30,2496.942
TH,2020-12-31,2308.38
TH,2021-01-31,2214.021
TH,2021-02-28,2415.27
TH,2021-03-31,2314.734
TH,2021-04-30,2075.756
TH,2021-05-31,2641.876
TH,2021-06-30,2409.0
TH,2021-07-31,1981.281
TH,2021-08-31,2251.788
TH,2021-09-30,2276.831
TH,2021-10-31,930.91
TH,2021-11-30,1144.687
TH,2021-12-31,924.56
TH,2022-01-31,1396.401
TH,2022-02-28,943.506
TH,2022-03-31,937.216
TH,2022-04-30,1264.284
TH,2022-05-31,672.98
TH,2022-06-30,855.387
TH,2022-07-31,540.94
TH,2022-08-31,452.848
TH,2022-09-30,584.96
TH,2022-10-31,1081.88
TH,2022-11-30,1956.132
TH,2022-12-31,1031.556
TH,2023-01-31,1396.401
TH,2023-02-28,943.506
TH,2023-03-31,937.216
TH,2023-04-30,-974.89
TH,2023-05-31,1031.556
TH,2023-06-30,1037.878
TH,2023-07-31,1276.8
TH,2023-08-31,1352.35
TH,2023-09-30,553.508
TH,2023-10-31,1333.514
TH,2023-11-30,867.986
TH,2023-12-31,1320.938
TH,2024-01-31,748.476
TH,2024-02-29,1226.568
TH,2024-03-31,1012.615
TH,2024-04-30,987.525
TH,2024-05-31,1056.672
TH,2024-06-30,1276.8
TH,2024-07-31,1081.88
TH,2024-08-31,1094.405
TH,2024-09-30,591.219
TH,2024-10-31,1226.448
TH,2024-11-30,1239.108
TH,2024-12-31,874.293
TH,2025-01-31,1195.116
TH,2025-02-28,1081.88
TH,2025-03-31,1201.3
TJ,2002-01-31,
TJ,2002-02-28,
TJ,2002-03-31,
TJ,2002-04-30,
TJ,2002-05-31,
TJ,2002-06-30,
TJ,2002-07-31,
TJ,2002-08-31,
TJ,2002-09-30,
TJ,2002-10-31,
TJ,2002-11-30,
TJ,2002-12-31,
TJ,2003-01-31,
TJ,2003-02-28,
TJ,2003-03-31,
TJ,2003-04-30,
TJ,2003-05-31,
TJ,2003-06-30,
TJ,2003-07-31,
TJ,2003-08-31,
TJ,2003-09-30,
TJ,2003-10-31,
TJ,2003-11-30,
TJ,2003-12-31,
TJ,2004-01-31,
TJ,2004-02-29,
TJ,2004-03-31,
TJ,2004-04-30,
TJ,2004-05-31,
TJ,2004-06-30,
TJ,2004-07-31,
TJ,2004-08-31,
TJ,2004-09-30,
TJ,2004-10-31,
TJ,2004-11-30,
TJ,2004-12-31,
TJ,2005-01-31,
TJ,2005-02-28,
TJ,2005-03-31,
TJ,2005-04-30,
TJ,2005-05-31,
TJ,2005-06-30,
TJ,2005-07-31,
TJ,2005-08-31,
TJ,2005-09-30,
TJ,2005-10-31,
TJ,2005-11-30,
TJ,2005-12-31,
TJ,2006-01-31,
TJ,2006-02-28,
TJ,2006-03-31,
TJ,2006-04-30,
TJ,2006-05-31,
TJ,2006-06-30,
TJ,2006-07-31,
TJ,2006-08-31,
TJ,2006-09-30,
TJ,2006-10-31,
TJ,2006-11-30,
TJ,2006-12-31,
TJ,2007-01-31,
TJ,2007-02-28,
TJ,2007-03-31,
TJ,2007-04-30,
TJ,2007-05-31,
TJ,2007-06-30,
TJ,2007-07-31,
TJ,2007-08-31,
TJ,2007-09-30,
TJ,2007-10-31,
TJ,2007-11-30,
TJ,2007-12-31,
TJ,2008-01-31,
TJ,2008-02-29,
TJ,2008-03-31,
TJ,2008-04-30,
TJ,2008-05-31,
TJ,2008-06-30,
TJ,2008-07-31,
TJ,2008-08-31,
TJ,2008-09-30,
TJ,2008-10-31,
TJ,2008-11-30,
TJ,2008-12-31,
TJ,2009-01-31,
TJ,2009-02-28,
TJ,2009-03-31,
TJ,2009-04-30,
TJ,2009-05-31,
TJ,2009-06-30,
TJ,2009-07-31,
TJ,2009-08-31,
TJ,2009-09-30,
TJ,2009-10-31,
TJ,2009-11-30,
TJ,2009-12-31,
TJ,2010-01-31,
TJ,2010-02-28,
TJ,2010-03-31,
TJ,2010-04-30,
TJ,2010-05-31,
TJ,2010-06-30,
TJ,2010-07-31,
TJ,2010-08-31,
TJ,2010-09-30,
TJ,2010-10-31,
TJ,2010-11-30,
TJ,2010-12-31,
TJ,2011-01-31,
TJ,2011-02-28,
TJ,2011-03-31,
TJ,2011-04-30,
TJ,2011-05-31,
TJ,2011-06-30,
TJ,2011-07-31,
TJ,2011-08-31,
TJ,2011-09-30,
TJ,2011-10-31,
TJ,2011-11-30,
TJ,2011-12-31,
TJ,2012-01-31,
TJ,2012-02-29,
TJ,2012-03-31,
TJ,2012-04-30,
TJ,2012-05-31,
TJ,2012-06-30,
TJ,2012-07-31,
TJ,2012-08-31,
TJ,2012-09-30,
TJ,2012-10-31,
TJ,2012-11-30,
TJ,2012-12-31,
TJ,2013-01-31,
TJ,2013-02-28,
TJ,2013-03-31,
TJ,2013-04-30,
TJ,2013-05-31,
TJ,2013-06-30,
TJ,2013-07-31,
TJ,2013-08-31,
TJ,2013-09-30,
TJ,2013-10-31,
TJ,2013-11-30,
TJ,2013-12-31,
TJ,2014-01-31,
TJ,2014-02-28,
TJ,2014-03-31,
TJ,2014-04-30,
TJ,2014-05-31,
TJ,2014-06-30,
TJ,2014-07-31,
TJ,2014-08-31,
TJ,2014-09-30,
TJ,2014-10-31,
TJ,2014-11-30,
TJ,2014-12-31,
TJ,2015-01-31,
TJ,2015-02-28,
TJ,2015-03-31,
TJ,2015-04-30,
TJ,2015-05-31,
TJ,2015-06-30,
TJ,2015-07-31,
TJ,2015-08-31,
TJ,2015-09-30,
TJ,2015-10-31,
TJ,2015-11-30,
TJ,2015-12-31,
TJ,2016-01-31,
TJ,2016-02-29,
TJ,2016-03-31,
TJ,2016-04-30,
TJ,2016-05-31,
TJ,2016-06-30,
TJ,2016-07-31,
TJ,2016-08-31,
TJ,2016-09-30,
TJ,2016-10-31,0.0
TJ,2016-11-30,
TJ,2016-12-31,
TJ,2017-01-31,
TJ,2017-02-28,
TJ,2017-03-31,
TJ,2017-04-30,
TJ,2017-05-31,
TJ,2017-06-30,
TJ,2017-07-31,
TJ,2017-08-31,
TJ,2017-09-30,
TJ,2017-10-31,
TJ,2017-11-30,
TJ,2017-12-31,
TJ,2018-01-31,
TJ,2018-02-28,
TJ,2018-03-31,
TJ,2018-04-30,
TJ,2018-05-31,
TJ,2018-06-30,
TJ,2018-07-31,
TJ,2018-08-31,
TJ,2018-09-30,
TJ,2018-10-31,
TJ,2018-11-30,
TJ,2018-12-31,
TJ,2019-01-31,
TJ,2019-02-28,
TJ,2019-03-31,
TJ,2019-04-30,
TJ,2019-05-31,
TJ,2019-06-30,
TJ,2019-07-31,
TJ,2019-08-31,
TJ,2019-09-30,
TJ,2019-10-31,
TJ,2019-11-30,
TJ,2019-12-31,
TJ,2020-01-31,
TJ,2020-02-29,
TJ,2020-03-31,
TJ,2020-04-30,
TJ,2020-05-31,
TJ,2020-06-30,
TJ,2020-07-31,
TJ,2020-08-31,
TJ,2020-09-30,
TJ,2020-10-31,
TJ,2020-11-30,
TJ,2020-12-31,
TJ,2021-01-31,
TJ,2021-02-28,
TJ,2021-03-31,
TJ,2021-04-30,
TJ,2021-05-31,
TJ,2021-06-30,
TJ,2021-07-31,
TJ,2021-08-31,
TJ,2021-09-30,
TJ,2021-10-31,
TJ,2021-11-30,
TJ,2021-12-31,
TJ,2022-01-31,
TJ,2022-02-28,
TJ,2022-03-31,
TJ,2022-04-30,
TJ,2022-05-31,
TJ,2022-06-30,
TJ,2022-07-31,
TJ,2022-08-31,
TJ,2022-09-30,
TJ,2022-10-31,
TJ,2022-11-30,
TJ,2022-12-31,
TJ,2023-01-31,
TJ,2023-02-28,
TJ,2023-03-31,
TJ,2023-04-30,
TJ,2023-05-31,
TJ,2023-06-30,
TJ,2023-07-31,
TJ,2023-08-31,
TJ,2023-09-30,
TJ,2023-10-31,
TJ,2023-11-30,
TJ,2023-12-31,
TJ,2024-01-31,
TJ,2024-02-29,
TJ,2024-03-31,
TJ,2024-04-30,
TJ,2024-05-31,
TJ,2024-06-30,
TJ,2024-07-31,
TJ,2024-08-31,
TJ,2024-09-30,
TJ,2024-10-31,
TJ,2024-11-30,
TJ,2024-12-31,
TJ,2025-01-31,
TJ,2025-02-28,
TJ,2025-03-31,
TT,2002-01-31,
TT,2002-02-28,
TT,2002-03-31,
TT,2002-04-30,
TT,2002-05-31,
TT,2002-06-30,
TT,2002-07-31,
TT,2002-08-31,
TT,2002-09-30,
TT,2002-10-31,
TT,2002-11-30,
TT,2002-12-31,
TT,2003-01-31,
TT,2003-02-28,
TT,2003-03-31,
TT,2003-04-30,
TT,2003-05-31,
TT,2003-06-30,
TT,2003-07-31,
TT,2003-08-31,
TT,2003-09-30,
TT,2003-10-31,
TT,2003-11-30,
TT,2003-12-31,
TT,2004-01-31,
TT,2004-02-29,
TT,2004-03-31,
TT,2004-04-30,
TT,2004-05-31,
TT,2004-06-30,
TT,2004-07-31,
TT,2004-08-31,
TT,2004-09-30,
TT,2004-10-31,
TT,2004-11-30,
TT,2004-12-31,
TT,2005-01-31,
TT,2005-02-28,
TT,2005-03-31,
TT,2005-04-30,
TT,2005-05-31,
TT,2005-06-30,
TT,2005-07-31,
TT,2005-08-31,
TT,2005-09-30,
TT,2005-10-31,
TT,2005-11-30,
TT,2005-12-31,
TT,2006-01-31,
TT,2006-02-28,
TT,2006-03-31,
TT,2006-04-30,
TT,2006-05-31,
TT,2006-06-30,
TT,2006-07-31,
TT,2006-08-31,
TT,2006-09-30,
TT,2006-10-31,
TT,2006-11-30,
TT,2006-12-31,
TT,2007-01-31,
TT,2007-02-28,
TT,2007-03-31,
TT,2007-04-30,
TT,2007-05-31,
TT,2007-06-30,
TT,2007-07-31,
TT,2007-08-31,
TT,2007-09-30,
TT,2007-10-31,
TT,2007-11-30,
TT,2007-12-31,
TT,2008-01-31,
TT,2008-02-29,
TT,2008-03-31,
TT,2008-04-30,
TT,2008-05-31,
TT,2008-06-30,
TT,2008-07-31,
TT,2008-08-31,
TT,2008-09-30,
TT,2008-10-31,
TT,2008-11-30,
TT,2008-12-31,
TT,2009-01-31,0.0
TT,2009-02-28,0.0
TT,2009-03-31,0.0
TT,2009-04-30,0.0
TT,2009-05-31,0.0
TT,2009-06-30,0.0
TT,2009-07-31,0.0
TT,2009-08-31,0.0
TT,2009-09-30,0.0
TT,2009-10-31,0.0
TT,2009-11-30,0.0
TT,2009-12-31,0.0
TT,2010-01-31,0.0
TT,2010-02-28,0.0
TT,2010-03-31,0.0
TT,2010-04-30,0.0
TT,2010-05-31,0.0
TT,2010-06-30,0.0
TT,2010-07-31,0.0
TT,2010-08-31,0.0
TT,2010-09-30,0.0
TT,2010-10-31,0.0
TT,2010-11-30,0.0
TT,2010-12-31,0.0
TT,2011-01-31,0.0
TT,2011-02-28,0.0
TT,2011-03-31,0.0
TT,2011-04-30,0.0
TT,2011-05-31,0.0
TT,2011-06-30,0.0
TT,2011-07-31,0.0
TT,2011-08-31,0.0
TT,2011-09-30,0.0
TT,2011-10-31,0.0
TT,2011-11-30,0.0
TT,2011-12-31,0.0
TT,2012-01-31,0.0
TT,2012-02-29,0.0
TT,2012-03-31,0.0
TT,2012-04-30,0.0
TT,2012-05-31,0.0
TT,2012-06-30,0.0
TT,2012-07-31,0.0
TT,2012-08-31,0.0
TT,2012-09-30,0.0
TT,2012-10-31,0.0
TT,2012-11-30,0.0
TT,2012-12-31,0.0
TT,2013-01-31,0.0
TT,2013-02-28,0.0
TT,2013-03-31,0.0
TT,2013-04-30,0.0
TT,2013-05-31,0.0
TT,2013-06-30,0.0
TT,2013-07-31,0.0
TT,2013-08-31,0.0
TT,2013-09-30,0.0
TT,2013-10-31,0.0
TT,2013-11-30,0.0
TT,2013-12-31,0.0
TT,2014-01-31,0.0
TT,2014-02-28,0.0
TT,2014-03-31,0.0
TT,2014-04-30,0.0
TT,2014-05-31,0.0
TT,2014-06-30,0.0
TT,2014-07-31,0.0
TT,2014-08-31,0.0
TT,2014-09-30,0.0
TT,2014-10-31,0.0
TT,2014-11-30,0.0
TT,2014-12-31,0.0
TT,2015-01-31,0.0
TT,2015-02-28,0.0
TT,2015-03-31,0.0
TT,2015-04-30,0.0
TT,2015-05-31,0.0
TT,2015-06-30,0.0
TT,2015-07-31,0.0
TT,2015-08-31,0.0
TT,2015-09-30,0.0
TT,2015-10-31,0.0
TT,2015-11-30,0.0
TT,2015-12-31,0.0
TT,2016-01-31,0.0
TT,2016-02-29,0.0
TT,2016-03-31,0.0
TT,2016-04-30,0.0
TT,2016-05-31,0.0
TT,2016-06-30,0.0
TT,2016-07-31,0.0
TT,2016-08-31,
TT,2016-09-30,
TT,2016-10-31,
TT,2016-11-30,
TT,2016-12-31,
TT,2017-01-31,
TT,2017-02-28,
TT,2017-03-31,
TT,2017-04-30,
TT,2017-05-31,
TT,2017-06-30,
TT,2017-07-31,
TT,2017-08-31,
TT,2017-09-30,
TT,2017-10-31,
TT,2017-11-30,
TT,2017-12-31,
TT,2018-01-31,
TT,2018-02-28,
TT,2018-03-31,
TT,2018-04-30,
TT,2018-05-31,
TT,2018-06-30,
TT,2018-07-31,
TT,2018-08-31,
TT,2018-09-30,
TT,2018-10-31,
TT,2018-11-30,
TT,2018-12-31,
TT,2019-01-31,
TT,2019-02-28,
TT,2019-03-31,
TT,2019-04-30,
TT,2019-05-31,
TT,2019-06-30,
TT,2019-07-31,
TT,2019-08-31,
TT,2019-09-30,
TT,2019-10-31,
TT,2019-11-30,
TT,2019-12-31,
TT,2020-01-31,
TT,2020-02-29,
TT,2020-03-31,
TT,2020-04-30,
TT,2020-05-31,
TT,2020-06-30,
TT,2020-07-31,
TT,2020-08-31,
TT,2020-09-30,
TT,2020-10-31,
TT,2020-11-30,
TT,2020-12-31,
TT,2021-01-31,
TT,2021-02-28,
TT,2021-03-31,
TT,2021-04-30,
TT,2021-05-31,
TT,2021-06-30,
TT,2021-07-31,
TT,2021-08-31,
TT,2021-09-30,
TT,2021-10-31,
TT,2021-11-30,
TT,2021-12-31,
TT,2022-01-31,
TT,2022-02-28,
TT,2022-03-31,
TT,2022-04-30,
TT,2022-05-31,
TT,2022-06-30,
TT,2022-07-31,
TT,2022-08-31,
TT,2022-09-30,
TT,2022-10-31,
TT,2022-11-30,
TT,2022-12-31,
TT,2023-01-31,
TT,2023-02-28,
TT,2023-03-31,
TT,2023-04-30,
TT,2023-05-31,
TT,2023-06-30,
TT,2023-07-31,
TT,2023-08-31,
TT,2023-09-30,
TT,2023-10-31,
TT,2023-11-30,
TT,2023-12-31,
TT,2024-01-31,
TT,2024-02-29,
TT,2024-03-31,
TT,2024-04-30,
TT,2024-05-31,
TT,2024-06-30,
TT,2024-07-31,
TT,2024-08-31,
TT,2024-09-30,
TT,2024-10-31,
TT,2024-11-30,
TT,2024-12-31,
TT,2025-01-31,
TW,2002-01-31,
TW,2002-02-28,
TW,2002-03-31,
TW,2002-04-30,
TW,2002-05-31,
TW,2002-06-30,
TW,2002-07-31,
TW,2002-08-31,
TW,2002-09-30,
TW,2002-10-31,
TW,2002-11-30,
TW,2002-12-31,
TW,2003-01-31,
TW,2003-02-28,
TW,2003-03-31,
TW,2003-04-30,
TW,2003-05-31,
TW,2003-06-30,
TW,2003-07-31,
TW,2003-08-31,
TW,2003-09-30,
TW,2003-10-31,
TW,2003-11-30,
TW,2003-12-31,
TW,2004-01-31,
TW,2004-02-29,
TW,2004-03-31,
TW,2004-04-30,
TW,2004-05-31,
TW,2004-06-30,
TW,2004-07-31,
TW,2004-08-31,
TW,2004-09-30,
TW,2004-10-31,
TW,2004-11-30,
TW,2004-12-31,
TW,2005-01-31,
TW,2005-02-28,
TW,2005-03-31,
TW,2005-04-30,
TW,2005-05-31,
TW,2005-06-30,
TW,2005-07-31,
TW,2005-08-31,
TW,2005-09-30,
TW,2005-10-31,
TW,2005-11-30,
TW,2005-12-31,
TW,2006-01-31,
TW,2006-02-28,
TW,2006-03-31,
TW,2006-04-30,
TW,2006-05-31,
TW,2006-06-30,
TW,2006-07-31,
TW,2006-08-31,
TW,2006-09-30,
TW,2006-10-31,
TW,2006-11-30,
TW,2006-12-31,
TW,2007-01-31,
TW,2007-02-28,
TW,2007-03-31,
TW,2007-04-30,
TW,2007-05-31,
TW,2007-06-30,
TW,2007-07-31,
TW,2007-08-31,
TW,2007-09-30,
TW,2007-10-31,
TW,2007-11-30,
TW,2007-12-31,
TW,2008-01-31,
TW,2008-02-29,
TW,2008-03-31,
TW,2008-04-30,
TW,2008-05-31,
TW,2008-06-30,
TW,2008-07-31,
TW,2008-08-31,
TW,2008-09-30,
TW,2008-10-31,
TW,2008-11-30,
TW,2008-12-31,
TW,2009-01-31,
TW,2009-02-28,
TW,2009-03-31,
TW,2009-04-30,
TW,2009-05-31,
TW,2009-06-30,
TW,2009-07-31,
TW,2009-08-31,
TW,2009-09-30,
TW,2009-10-31,
TW,2009-11-30,
TW,2009-12-31,
TW,2010-01-31,
TW,2010-02-28,
TW,2010-03-31,
TW,2010-04-30,
TW,2010-05-31,
TW,2010-06-30,
TW,2010-07-31,
TW,2010-08-31,
TW,2010-09-30,
TW,2010-10-31,
TW,2010-11-30,
TW,2010-12-31,
TW,2011-01-31,
TW,2011-02-28,
TW,2011-03-31,
TW,2011-04-30,
TW,2011-05-31,
TW,2011-06-30,
TW,2011-07-31,
TW,2011-08-31,
TW,2011-09-30,
TW,2011-10-31,
TW,2011-11-30,
TW,2011-12-31,
TW,2012-01-31,
TW,2012-02-29,
TW,2012-03-31,
TW,2012-04-30,
TW,2012-05-31,
TW,2012-06-30,
TW,2012-07-31,
TW,2012-08-31,
TW,2012-09-30,
TW,2012-10-31,
TW,2012-11-30,
TW,2012-12-31,
TW,2013-01-31,
TW,2013-02-28,
TW,2013-03-31,
TW,2013-04-30,
TW,2013-05-31,
TW,2013-06-30,
TW,2013-07-31,
TW,2013-08-31,
TW,2013-09-30,
TW,2013-10-31,
TW,2013-11-30,
TW,2013-12-31,
TW,2014-01-31,
TW,2014-02-28,
TW,2014-03-31,
TW,2014-04-30,
TW,2014-05-31,
TW,2014-06-30,
TW,2014-07-31,
TW,2014-08-31,
TW,2014-09-30,
TW,2014-10-31,
TW,2014-11-30,
TW,2014-12-31,
TW,2015-01-31,
TW,2015-02-28,
TW,2015-03-31,
TW,2015-04-30,
TW,2015-05-31,
TW,2015-06-30,
TW,2015-07-31,
TW,2015-08-31,
TW,2015-09-30,
TW,2015-10-31,
TW,2015-11-30,
TW,2015-12-31,
TW,2016-01-31,
TW,2016-02-29,
TW,2016-03-31,
TW,2016-04-30,
TW,2016-05-31,
TW,2016-06-30,
TW,2016-07-31,
TW,2016-08-31,
TW,2016-09-30,
TW,2016-10-31,
TW,2016-11-30,
TW,2016-12-31,
TW,2017-01-31,
TW,2017-02-28,
TW,2017-03-31,
TW,2017-04-30,
TW,2017-05-31,
TW,2017-06-30,
TW,2017-07-31,
TW,2017-08-31,
TW,2017-09-30,
TW,2017-10-31,
TW,2017-11-30,
TW,2017-12-31,
TW,2018-01-31,
TW,2018-02-28,
TW,2018-03-31,
TW,2018-04-30,
TW,2018-05-31,
TW,2018-06-30,
TW,2018-07-31,
TW,2018-08-31,
TW,2018-09-30,
TW,2018-10-31,
TW,2018-11-30,
TW,2018-12-31,
TW,2019-01-31,
TW,2019-02-28,
TW,2019-03-31,
TW,2019-04-30,
TW,2019-05-31,
TW,2019-06-30,
TW,2019-07-31,
TW,2019-08-31,
TW,2019-09-30,
TW,2019-10-31,
TW,2019-11-30,
TW,2019-12-31,
TW,2020-01-31,
TW,2020-02-29,
TW,2020-03-31,
TW,2020-04-30,
TW,2020-05-31,
TW,2020-06-30,
TW,2020-07-31,
TW,2020-08-31,
TW,2020-09-30,
TW,2020-10-31,
TW,2020-11-30,
TW,2020-12-31,
TW,2021-01-31,
TW,2021-02-28,
TW,2021-03-31,
TW,2021-04-30,
TW,2021-05-31,
TW,2021-06-30,
TW,2021-07-31,
TW,2021-08-31,
TW,2021-09-30,
TW,2021-10-31,
TW,2021-11-30,
TW,2021-12-31,
TW,2022-01-31,
TW,2022-02-28,
TW,2022-03-31,
TW,2022-04-30,
TW,2022-05-31,
TW,2022-06-30,
TW,2022-07-31,
TW,2022-08-31,
TW,2022-09-30,
TW,2022-10-31,
TW,2022-11-30,
TW,2022-12-31,
TW,2023-01-31,
TW,2023-02-28,
TW,2023-03-31,
TW,2023-04-30,
TW,2023-05-31,
TW,2023-06-30,
TW,2023-07-31,
TW,2023-08-31,
TW,2023-09-30,
TW,2023-10-31,
TW,2023-11-30,
TW,2023-12-31,
TW,2024-01-31,
TW,2024-02-29,
TW,2024-03-31,
TW,2024-04-30,
TW,2024-05-31,
TW,2024-06-30,
TW,2024-07-31,
TW,2024-08-31,
TW,2024-09-30,
TW,2024-10-31,
TW,2024-11-30,
TW,2024-12-31,
TW,2025-01-31,
TW,2025-02-28,
TW,2025-03-31,
UA,2002-01-31,
UA,2002-02-28,
UA,2002-03-31,
UA,2002-04-30,
UA,2002-05-31,
UA,2002-06-30,
UA,2002-07-31,
UA,2002-08-31,
UA,2002-09-30,
UA,2002-10-31,
UA,2002-11-30,
UA,2002-12-31,
UA,2003-01-31,
UA,2003-02-28,
UA,2003-03-31,
UA,2003-04-30,
UA,2003-05-31,
UA,2003-06-30,
UA,2003-07-31,
UA,2003-08-31,
UA,2003-09-30,
UA,2003-10-31,
UA,2003-11-30,
UA,2003-12-31,
UA,2004-01-31,
UA,2004-02-29,
UA,2004-03-31,
UA,2004-04-30,
UA,2004-05-31,
UA,2004-06-30,
UA,2004-07-31,
UA,2004-08-31,
UA,2004-09-30,
UA,2004-10-31,
UA,2004-11-30,
UA,2004-12-31,
UA,2005-01-31,
UA,2005-02-28,
UA,2005-03-31,
UA,2005-04-30,
UA,2005-05-31,
UA,2005-06-30,
UA,2005-07-31,
UA,2005-08-31,
UA,2005-09-30,
UA,2005-10-31,
UA,2005-11-30,
UA,2005-12-31,
UA,2006-01-31,
UA,2006-02-28,
UA,2006-03-31,
UA,2006-04-30,
UA,2006-05-31,
UA,2006-06-30,
UA,2006-07-31,
UA,2006-08-31,
UA,2006-09-30,
UA,2006-10-31,
UA,2006-11-30,
UA,2006-12-31,
UA,2007-01-31,
UA,2007-02-28,
UA,2007-03-31,
UA,2007-04-30,
UA,2007-05-31,
UA,2007-06-30,
UA,2007-07-31,
UA,2007-08-31,
UA,2007-09-30,
UA,2007-10-31,
UA,2007-11-30,
UA,2007-12-31,
UA,2008-01-31,
UA,2008-02-29,
UA,2008-03-31,
UA,2008-04-30,
UA,2008-05-31,
UA,2008-06-30,
UA,2008-07-31,
UA,2008-08-31,
UA,2008-09-30,
UA,2008-10-31,
UA,2008-11-30,
UA,2008-12-31,
UA,2009-01-31,
UA,2009-02-28,
UA,2009-03-31,
UA,2009-04-30,
UA,2009-05-31,
UA,2009-06-30,
UA,2009-07-31,
UA,2009-08-31,
UA,2009-09-30,
UA,2009-10-31,
UA,2009-11-30,
UA,2009-12-31,
UA,2010-01-31,
UA,2010-02-28,
UA,2010-03-31,
UA,2010-04-30,
UA,2010-05-31,
UA,2010-06-30,
UA,2010-07-31,
UA,2010-08-31,
UA,2010-09-30,
UA,2010-10-31,
UA,2010-11-30,
UA,2010-12-31,
UA,2011-01-31,
UA,2011-02-28,
UA,2011-03-31,
UA,2011-04-30,
UA,2011-05-31,
UA,2011-06-30,
UA,2011-07-31,
UA,2011-08-31,
UA,2011-09-30,
UA,2011-10-31,
UA,2011-11-30,
UA,2011-12-31,
UA,2012-01-31,
UA,2012-02-29,
UA,2012-03-31,
UA,2012-04-30,
UA,2012-05-31,
UA,2012-06-30,
UA,2012-07-31,
UA,2012-08-31,
UA,2012-09-30,
UA,2012-10-31,
UA,2012-11-30,
UA,2012-12-31,
UA,2013-01-31,
UA,2013-02-28,
UA,2013-03-31,
UA,2013-04-30,
UA,2013-05-31,
UA,2013-06-30,
UA,2013-07-31,
UA,2013-08-31,
UA,2013-09-30,
UA,2013-10-31,
UA,2013-11-30,
UA,2013-12-31,
UA,2014-01-31,
UA,2014-02-28,
UA,2014-03-31,
UA,2014-04-30,
UA,2014-05-31,
UA,2014-06-30,
UA,2014-07-31,
UA,2014-08-31,
UA,2014-09-30,
UA,2014-10-31,
UA,2014-11-30,
UA,2014-12-31,
UA,2015-01-31,
UA,2015-02-28,
UA,2015-03-31,
UA,2015-04-30,
UA,2015-05-31,
UA,2015-06-30,
UA,2015-07-31,
UA,2015-08-31,
UA,2015-09-30,
UA,2015-10-31,
UA,2015-11-30,
UA,2015-12-31,
UA,2016-01-31,
UA,2016-02-29,
UA,2016-03-31,
UA,2016-04-30,
UA,2016-05-31,
UA,2016-06-30,
UA,2016-07-31,
UA,2016-08-31,
UA,2016-09-30,
UA,2016-10-31,
UA,2016-11-30,
UA,2016-12-31,
UA,2017-01-31,
UA,2017-02-28,
UA,2017-03-31,
UA,2017-04-30,
UA,2017-05-31,
UA,2017-06-30,
UA,2017-07-31,
UA,2017-08-31,
UA,2017-09-30,
UA,2017-10-31,
UA,2017-11-30,
UA,2017-12-31,
UA,2018-01-31,
UA,2018-02-28,
UA,2018-03-31,
UA,2018-04-30,
UA,2018-05-31,
UA,2018-06-30,
UA,2018-07-31,
UA,2018-08-31,
UA,2018-09-30,
UA,2018-10-31,
UA,2018-11-30,
UA,2018-12-31,
UA,2019-01-31,
UA,2019-02-28,
UA,2019-03-31,
UA,2019-04-30,
UA,2019-05-31,
UA,2019-06-30,
UA,2019-07-31,
UA,2019-08-31,
UA,2019-09-30,
UA,2019-10-31,
UA,2019-11-30,
UA,2019-12-31,
UA,2020-01-31,
UA,2020-02-29,
UA,2020-03-31,
UA,2020-04-30,
UA,2020-05-31,
UA,2020-06-30,
UA,2020-07-31,
UA,2020-08-31,
UA,2020-09-30,
UA,2020-10-31,
UA,2020-11-30,
UA,2020-12-31,
UA,2021-01-31,
UA,2021-02-28,
UA,2021-03-31,
UA,2021-04-30,
UA,2021-05-31,
UA,2021-06-30,
UA,2021-07-31,
UA,2021-08-31,
UA,2021-09-30,
UA,2021-10-31,
UA,2021-11-30,
UA,2021-12-31,
UA,2022-01-31,
UA,2022-02-28,
UA,2022-03-31,
UA,2022-04-30,
UA,2022-05-31,
UA,2022-06-30,
UA,2022-07-31,
UA,2022-08-31,
UA,2022-09-30,
UA,2022-10-31,
UA,2022-11-30,
UA,2022-12-31,
UA,2023-01-31,
UA,2023-02-28,
UA,2023-03-31,
UA,2023-04-30,
UA,2023-05-31,
UA,2023-06-30,
UA,2023-07-31,
UA,2023-08-31,
UA,2023-09-30,
UA,2023-10-31,
UA,2023-11-30,
UA,2023-12-31,
UA,2024-01-31,
UA,2024-02-29,
UA,2024-03-31,
UA,2024-04-30,
UA,2024-05-31,
UA,2024-06-30,
UA,2024-07-31,
UA,2024-08-31,
UA,2024-09-30,
UA,2024-10-31,
UA,2024-11-30,
UA,2024-12-31,
UA,2025-01-31,
UA,2025-02-28,
UA,2025-03-31,
UY,2002-01-31,
UY,2002-02-28,
UY,2002-03-31,
UY,2002-04-30,
UY,2002-05-31,
UY,2002-06-30,
UY,2002-07-31,
UY,2002-08-31,
UY,2002-09-30,
UY,2002-10-31,
UY,2002-11-30,
UY,2002-12-31,
UY,2003-01-31,
UY,2003-02-28,
UY,2003-03-31,
UY,2003-04-30,
UY,2003-05-31,
UY,2003-06-30,
UY,2003-07-31,
UY,2003-08-31,
UY,2003-09-30,
UY,2003-10-31,
UY,2003-11-30,
UY,2003-12-31,
UY,2004-01-31,
UY,2004-02-29,
UY,2004-03-31,
UY,2004-04-30,
UY,2004-05-31,
UY,2004-06-30,
UY,2004-07-31,
UY,2004-08-31,
UY,2004-09-30,
UY,2004-10-31,
UY,2004-11-30,
UY,2004-12-31,
UY,2005-01-31,
UY,2005-02-28,
UY,2005-03-31,
UY,2005-04-30,
UY,2005-05-31,
UY,2005-06-30,
UY,2005-07-31,
UY,2005-08-31,
UY,2005-09-30,
UY,2005-10-31,
UY,2005-11-30,
UY,2005-12-31,
UY,2006-01-31,
UY,2006-02-28,
UY,2006-03-31,
UY,2006-04-30,
UY,2006-05-31,
UY,2006-06-30,
UY,2006-07-31,
UY,2006-08-31,
UY,2006-09-30,
UY,2006-10-31,
UY,2006-11-30,
UY,2006-12-31,
UY,2007-01-31,
UY,2007-02-28,
UY,2007-03-31,
UY,2007-04-30,
UY,2007-05-31,
UY,2007-06-30,
UY,2007-07-31,
UY,2007-08-31,
UY,2007-09-30,
UY,2007-10-31,
UY,2007-11-30,
UY,2007-12-31,
UY,2008-01-31,
UY,2008-02-29,
UY,2008-03-31,
UY,2008-04-30,
UY,2008-05-31,
UY,2008-06-30,
UY,2008-07-31,
UY,2008-08-31,
UY,2008-09-30,
UY,2008-10-31,
UY,2008-11-30,
UY,2008-12-31,
UY,2009-01-31,0.0
UY,2009-02-28,0.0
UY,2009-03-31,0.0
UY,2009-04-30,0.0
UY,2009-05-31,0.0
UY,2009-06-30,0.0
UY,2009-07-31,0.0
UY,2009-08-31,0.0
UY,2009-09-30,0.0
UY,2009-10-31,0.0
UY,2009-11-30,0.0
UY,2009-12-31,0.0
UY,2010-01-31,0.0
UY,2010-02-28,0.0
UY,2010-03-31,0.0
UY,2010-04-30,0.0
UY,2010-05-31,0.0
UY,2010-06-30,0.0
UY,2010-07-31,0.0
UY,2010-08-31,0.0
UY,2010-09-30,0.0
UY,2010-10-31,0.0
UY,2010-11-30,0.0
UY,2010-12-31,0.0
UY,2011-01-31,0.0
UY,2011-02-28,0.0
UY,2011-03-31,0.0
UY,2011-04-30,0.0
UY,2011-05-31,0.0
UY,2011-06-30,0.0
UY,2011-07-31,0.0
UY,2011-08-31,0.0
UY,2011-09-30,0.0
UY,2011-10-31,0.0
UY,2011-11-30,0.0
UY,2011-12-31,0.0
UY,2012-01-31,0.0
UY,2012-02-29,0.0
UY,2012-03-31,0.0
UY,2012-04-30,0.0
UY,2012-05-31,0.0
UY,2012-06-30,0.0
UY,2012-07-31,0.0
UY,2012-08-31,0.0
UY,2012-09-30,0.0
UY,2012-10-31,0.0
UY,2012-11-30,0.0
UY,2012-12-31,0.0
UY,2013-01-31,0.0
UY,2013-02-28,0.0
UY,2013-03-31,0.0
UY,2013-04-30,0.0
UY,2013-05-31,0.0
UY,2013-06-30,0.0
UY,2013-07-31,0.0
UY,2013-08-31,0.0
UY,2013-09-30,0.0
UY,2013-10-31,0.0
UY,2013-11-30,0.0
UY,2013-12-31,0.0
UY,2014-01-31,0.0
UY,2014-02-28,0.0
UY,2014-03-31,0.0
UY,2014-04-30,0.0
UY,2014-05-31,0.0
UY,2014-06-30,0.0
UY,2014-07-31,0.0
UY,2014-08-31,0.0
UY,2014-09-30,0.0
UY,2014-10-31,0.0
UY,2014-11-30,0.0
UY,2014-12-31,0.0
UY,2015-01-31,0.0
UY,2015-02-28,0.0
UY,2015-03-31,0.0
UY,2015-04-30,0.0
UY,2015-05-31,0.0
UY,2015-06-30,0.0
UY,2015-07-31,0.0
UY,2015-08-31,0.0
UY,2015-09-30,0.0
UY,2015-10-31,0.0
UY,2015-11-30,0.0
UY,2015-12-31,0.0
UY,2016-01-31,0.0
UY,2016-02-29,0.0
UY,2016-03-31,0.0
UY,2016-04-30,0.0
UY,2016-05-31,0.0
UY,2016-06-30,0.0
UY,2016-07-31,0.0
UY,2016-08-31,
UY,2016-09-30,
UY,2016-10-31,
UY,2016-11-30,
UY,2016-12-31,
UY,2017-01-31,
UY,2017-02-28,
UY,2017-03-31,
UY,2017-04-30,
UY,2017-05-31,
UY,2017-06-30,
UY,2017-07-31,
UY,2017-08-31,
UY,2017-09-30,
UY,2017-10-31,
UY,2017-11-30,
UY,2017-12-31,
UY,2018-01-31,
UY,2018-02-28,
UY,2018-03-31,
UY,2018-04-30,
UY,2018-05-31,
UY,2018-06-30,
UY,2018-07-31,
UY,2018-08-31,
UY,2018-09-30,
UY,2018-10-31,
UY,2018-11-30,
UY,2018-12-31,
UY,2019-01-31,
UY,2019-02-28,
UY,2019-03-31,
UY,2019-04-30,
UY,2019-05-31,
UY,2019-06-30,
UY,2019-07-31,
UY,2019-08-31,
UY,2019-09-30,
UY,2019-10-31,
UY,2019-11-30,
UY,2019-12-31,
UY,2020-01-31,
UY,2020-02-29,
UY,2020-03-31,
UY,2020-04-30,
UY,2020-05-31,
UY,2020-06-30,
UY,2020-07-31,
UY,2020-08-31,
UY,2020-09-30,
UY,2020-10-31,
UY,2020-11-30,
UY,2020-12-31,
UY,2021-01-31,
UY,2021-02-28,
UY,2021-03-31,
UY,2021-04-30,
UY,2021-05-31,
UY,2021-06-30,
UY,2021-07-31,
UY,2021-08-31,
UY,2021-09-30,
UY,2021-10-31,
UY,2021-11-30,
UY,2021-12-31,
UY,2022-01-31,
UY,2022-02-28,
UY,2022-03-31,
UY,2022-04-30,
UY,2022-05-31,
UY,2022-06-30,
UY,2022-07-31,
UY,2022-08-31,
UY,2022-09-30,
UY,2022-10-31,
UY,2022-11-30,
UY,2022-12-31,
UY,2023-01-31,
UY,2023-02-28,
UY,2023-03-31,
UY,2023-04-30,
UY,2023-05-31,
UY,2023-06-30,
UY,2023-07-31,
UY,2023-08-31,
UY,2023-09-30,
UY,2023-10-31,
UY,2023-11-30,
UY,2023-12-31,
UY,2024-01-31,
UY,2024-02-29,
UY,2024-03-31,
UY,2024-04-30,
UY,2024-05-31,
UY,2024-06-30,
UY,2024-07-31,
UY,2024-08-31,
UY,2024-09-30,
UY,2024-10-31,
UY,2024-11-30,
UY,2024-12-31,
UY,2025-01-31,
VN,2002-01-31,
VN,2002-02-28,
VN,2002-03-31,
VN,2002-04-30,
VN,2002-05-31,
VN,2002-06-30,
VN,2002-07-31,
VN,2002-08-31,
VN,2002-09-30,
VN,2002-10-31,
VN,2002-11-30,
VN,2002-12-31,
VN,2003-01-31,
VN,2003-02-28,
VN,2003-03-31,
VN,2003-04-30,
VN,2003-05-31,
VN,2003-06-30,
VN,2003-07-31,
VN,2003-08-31,
VN,2003-09-30,
VN,2003-10-31,
VN,2003-11-30,
VN,2003-12-31,
VN,2004-01-31,
VN,2004-02-29,
VN,2004-03-31,
VN,2004-04-30,
VN,2004-05-31,
VN,2004-06-30,
VN,2004-07-31,
VN,2004-08-31,
VN,2004-09-30,
VN,2004-10-31,
VN,2004-11-30,
VN,2004-12-31,
VN,2005-01-31,
VN,2005-02-28,
VN,2005-03-31,
VN,2005-04-30,
VN,2005-05-31,
VN,2005-06-30,
VN,2005-07-31,
VN,2005-08-31,
VN,2005-09-30,
VN,2005-10-31,
VN,2005-11-30,
VN,2005-12-31,
VN,2006-01-31,
VN,2006-02-28,
VN,2006-03-31,
VN,2006-04-30,
VN,2006-05-31,
VN,2006-06-30,
VN,2006-07-31,
VN,2006-08-31,
VN,2006-09-30,
VN,2006-10-31,
VN,2006-11-30,
VN,2006-12-31,
VN,2007-01-31,
VN,2007-02-28,
VN,2007-03-31,
VN,2007-04-30,
VN,2007-05-31,
VN,2007-06-30,
VN,2007-07-31,
VN,2007-08-31,
VN,2007-09-30,
VN,2007-10-31,
VN,2007-11-30,
VN,2007-12-31,
VN,2008-01-31,
VN,2008-02-29,
VN,2008-03-31,
VN,2008-04-30,
VN,2008-05-31,
VN,2008-06-30,
VN,2008-07-31,
VN,2008-08-31,
VN,2008-09-30,
VN,2008-10-31,
VN,2008-11-30,
VN,2008-12-31,
VN,2009-01-31,
VN,2009-02-28,
VN,2009-03-31,
VN,2009-04-30,
VN,2009-05-31,
VN,2009-06-30,
VN,2009-07-31,
VN,2009-08-31,
VN,2009-09-30,
VN,2009-10-31,
VN,2009-11-30,
VN,2009-12-31,
VN,2010-01-31,
VN,2010-02-28,
VN,2010-03-31,
VN,2010-04-30,
VN,2010-05-31,
VN,2010-06-30,
VN,2010-07-31,
VN,2010-08-31,
VN,2010-09-30,
VN,2010-10-31,
VN,2010-11-30,
VN,2010-12-31,
VN,2011-01-31,
VN,2011-02-28,
VN,2011-03-31,
VN,2011-04-30,
VN,2011-05-31,
VN,2011-06-30,
VN,2011-07-31,
VN,2011-08-31,
VN,2011-09-30,
VN,2011-10-31,
VN,2011-11-30,
VN,2011-12-31,
VN,2012-01-31,
VN,2012-02-29,
VN,2012-03-31,
VN,2012-04-30,
VN,2012-05-31,
VN,2012-06-30,
VN,2012-07-31,
VN,2012-08-31,
VN,2012-09-30,
VN,2012-10-31,
VN,2012-11-30,
VN,2012-12-31,
VN,2013-01-31,
VN,2013-02-28,
VN,2013-03-31,
VN,2013-04-30,
VN,2013-05-31,
VN,2013-06-30,
VN,2013-07-31,
VN,2013-08-31,
VN,2013-09-30,
VN,2013-10-31,
VN,2013-11-30,
VN,2013-12-31,
VN,2014-01-31,
VN,2014-02-28,
VN,2014-03-31,
VN,2014-04-30,
VN,2014-05-31,
VN,2014-06-30,
VN,2014-07-31,
VN,2014-08-31,
VN,2014-09-30,
VN,2014-10-31,
VN,2014-11-30,
VN,2014-12-31,
VN,2015-01-31,
VN,2015-02-28,
VN,2015-03-31,
VN,2015-04-30,
VN,2015-05-31,
VN,2015-06-30,
VN,2015-07-31,
VN,2015-08-31,
VN,2015-09-30,
VN,2015-10-31,
VN,2015-11-30,
VN,2015-12-31,
VN,2016-01-31,
VN,2016-02-29,
VN,2016-03-31,
VN,2016-04-30,
VN,2016-05-31,
VN,2016-06-30,
VN,2016-07-31,
VN,2016-08-31,
VN,2016-09-30,
VN,2016-10-31,
VN,2016-11-30,
VN,2016-12-31,
VN,2017-01-31,
VN,2017-02-28,
VN,2017-03-31,
VN,2017-04-30,
VN,2017-05-31,
VN,2017-06-30,
VN,2017-07-31,
VN,2017-08-31,
VN,2017-09-30,
VN,2017-10-31,
VN,2017-11-30,
VN,2017-12-31,
VN,2018-01-31,
VN,2018-02-28,
VN,2018-03-31,
VN,2018-04-30,
VN,2018-05-31,
VN,2018-06-30,
VN,2018-07-31,
VN,2018-08-31,
VN,2018-09-30,
VN,2018-10-31,
VN,2018-11-30,
VN,2018-12-31,
VN,2019-01-31,
VN,2019-02-28,
VN,2019-03-31,
VN,2019-04-30,
VN,2019-05-31,
VN,2019-06-30,
VN,2019-07-31,
VN,2019-08-31,
VN,2019-09-30,
VN,2019-10-31,
VN,2019-11-30,
VN,2019-12-31,
VN,2020-01-31,
VN,2020-02-29,
VN,2020-03-31,
VN,2020-04-30,
VN,2020-05-31,
VN,2020-06-30,
VN,2020-07-31,
VN,2020-08-31,
VN,2020-09-30,
VN,2020-10-31,
VN,2020-11-30,
VN,2020-12-31,
VN,2021-01-31,
VN,2021-02-28,
VN,2021-03-31,
VN,2021-04-30,
VN,2021-05-31,
VN,2021-06-30,
VN,2021-07-31,
VN,2021-08-31,
VN,2021-09-30,
VN,2021-10-31,
VN,2021-11-30,
VN,2021-12-31,
VN,2022-01-31,
VN,2022-02-28,
VN,2022-03-31,
VN,2022-04-30,
VN,2022-05-31,
VN,2022-06-30,
VN,2022-07-31,
VN,2022-08-31,
VN,2022-09-30,
VN,2022-10-31,
VN,2022-11-30,
VN,2022-12-31,
VN,2023-01-31,
VN,2023-02-28,
VN,2023-03-31,
VN,2023-04-30,
VN,2023-05-31,
VN,2023-06-30,
VN,2023-07-31,
VN,2023-08-31,
VN,2023-09-30,
VN,2023-10-31,
VN,2023-11-30,
VN,2023-12-31,
VN,2024-01-31,
VN,2024-02-29,
VN,2024-03-31,
VN,2024-04-30,
VN,2024-05-31,
VN,2024-06-30,
VN,2024-07-31,
VN,2024-08-31,
VN,2024-09-30,
VN,2024-10-31,
VN,2024-11-30,
VN,2024-12-31,
VN,2025-01-31,
VN,2025-02-28,
VN,2025-03-31,
YE,2002-01-31,
YE,2002-02-28,
YE,2002-03-31,
YE,2002-04-30,
YE,2002-05-31,
YE,2002-06-30,
YE,2002-07-31,
YE,2002-08-31,
YE,2002-09-30,
YE,2002-10-31,
YE,2002-11-30,
YE,2002-12-31,
YE,2003-01-31,
YE,2003-02-28,
YE,2003-03-31,
YE,2003-04-30,
YE,2003-05-31,
YE,2003-06-30,
YE,2003-07-31,
YE,2003-08-31,
YE,2003-09-30,
YE,2003-10-31,
YE,2003-11-30,
YE,2003-12-31,
YE,2004-01-31,
YE,2004-02-29,
YE,2004-03-31,
YE,2004-04-30,
YE,2004-05-31,
YE,2004-06-30,
YE,2004-07-31,
YE,2004-08-31,
YE,2004-09-30,
YE,2004-10-31,
YE,2004-11-30,
YE,2004-12-31,
YE,2005-01-31,
YE,2005-02-28,
YE,2005-03-31,
YE,2005-04-30,
YE,2005-05-31,
YE,2005-06-30,
YE,2005-07-31,
YE,2005-08-31,
YE,2005-09-30,
YE,2005-10-31,
YE,2005-11-30,
YE,2005-12-31,
YE,2006-01-31,
YE,2006-02-28,
YE,2006-03-31,
YE,2006-04-30,
YE,2006-05-31,
YE,2006-06-30,
YE,2006-07-31,
YE,2006-08-31,
YE,2006-09-30,
YE,2006-10-31,
YE,2006-11-30,
YE,2006-12-31,
YE,2007-01-31,
YE,2007-02-28,
YE,2007-03-31,
YE,2007-04-30,
YE,2007-05-31,
YE,2007-06-30,
YE,2007-07-31,
YE,2007-08-31,
YE,2007-09-30,
YE,2007-10-31,
YE,2007-11-30,
YE,2007-12-31,
YE,2008-01-31,
YE,2008-02-29,
YE,2008-03-31,
YE,2008-04-30,
YE,2008-05-31,
YE,2008-06-30,
YE,2008-07-31,
YE,2008-08-31,
YE,2008-09-30,
YE,2008-10-31,
YE,2008-11-30,
YE,2008-12-31,
YE,2009-01-31,
YE,2009-02-28,
YE,2009-03-31,
YE,2009-04-30,
YE,2009-05-31,
YE,2009-06-30,
YE,2009-07-31,
YE,2009-08-31,
YE,2009-09-30,
YE,2009-10-31,
YE,2009-11-30,
YE,2009-12-31,
YE,2010-01-31,
YE,2010-02-28,
YE,2010-03-31,
YE,2010-04-30,
YE,2010-05-31,
YE,2010-06-30,
YE,2010-07-31,
YE,2010-08-31,
YE,2010-09-30,
YE,2010-10-31,
YE,2010-11-30,
YE,2010-12-31,
YE,2011-01-31,
YE,2011-02-28,
YE,2011-03-31,
YE,2011-04-30,
YE,2011-05-31,
YE,2011-06-30,
YE,2011-07-31,
YE,2011-08-31,
YE,2011-09-30,
YE,2011-10-31,
YE,2011-11-30,
YE,2011-12-31,
YE,2012-01-31,
YE,2012-02-29,
YE,2012-03-31,
YE,2012-04-30,
YE,2012-05-31,
YE,2012-06-30,
YE,2012-07-31,
YE,2012-08-31,
YE,2012-09-30,
YE,2012-10-31,
YE,2012-11-30,
YE,2012-12-31,
YE,2013-01-31,
YE,2013-02-28,
YE,2013-03-31,
YE,2013-04-30,
YE,2013-05-31,
YE,2013-06-30,
YE,2013-07-31,
YE,2013-08-31,
YE,2013-09-30,
YE,2013-10-31,
YE,2013-11-30,
YE,2013-12-31,
YE,2014-01-31,
YE,2014-02-28,
YE,2014-03-31,
YE,2014-04-30,
YE,2014-05-31,
YE,2014-06-30,
YE,2014-07-31,
YE,2014-08-31,
YE,2014-09-30,
YE,2014-10-31,
YE,2014-11-30,
YE,2014-12-31,
YE,2015-01-31,
YE,2015-02-28,
YE,2015-03-31,
YE,2015-04-30,
YE,2015-05-31,
YE,2015-06-30,
YE,2015-07-31,
YE,2015-08-31,
YE,2015-09-30,
YE,2015-10-31,
YE,2015-11-30,
YE,2015-12-31,
YE,2016-01-31,
YE,2016-02-29,
YE,2016-03-31,
YE,2016-04-30,
YE,2016-05-31,
YE,2016-06-30,
YE,2016-07-31,
YE,2016-08-31,
YE,2016-09-30,
YE,2016-10-31,
YE,2016-11-30,
YE,2016-12-31,
YE,2017-01-31,
YE,2017-02-28,
YE,2017-03-31,
YE,2017-04-30,
YE,2017-05-31,
YE,2017-06-30,
YE,2017-07-31,
YE,2017-08-31,
YE,2017-09-30,
YE,2017-10-31,
YE,2017-11-30,
YE,2017-12-31,
YE,2018-01-31,
YE,2018-02-28,
YE,2018-03-31,
YE,2018-04-30,
YE,2018-05-31,
YE,2018-06-30,
YE,2018-07-31,
YE,2018-08-31,
YE,2018-09-30,
YE,2018-10-31,
YE,2018-11-30,
YE,2018-12-31,
YE,2019-01-31,
YE,2019-02-28,
YE,2019-03-31,
YE,2019-04-30,
YE,2019-05-31,
YE,2019-06-30,
YE,2019-07-31,
YE,2019-08-31,
YE,2019-09-30,
YE,2019-10-31,
YE,2019-11-30,
YE,2019-12-31,
YE,2020-01-31,
YE,2020-02-29,
YE,2020-03-31,
YE,2020-04-30,
YE,2020-05-31,
YE,2020-06-30,
YE,2020-07-31,
YE,2020-08-31,
YE,2020-09-30,
YE,2020-10-31,
YE,2020-11-30,
YE,2020-12-31,
YE,2021-01-31,
YE,2021-02-28,
YE,2021-03-31,
YE,2021-04-30,
YE,2021-05-31,
YE,2021-06-30,
YE,2021-07-31,
YE,2021-08-31,
YE,2021-09-30,
YE,2021-10-31,
YE,2021-11-30,
YE,2021-12-31,
YE,2022-01-31,
YE,2022-02-28,
YE,2022-03-31,
YE,2022-04-30,
YE,2022-05-31,
YE,2022-06-30,
YE,2022-07-31,
YE,2022-08-31,
YE,2022-09-30,
YE,2022-10-31,
YE,2022-11-30,
YE,2022-12-31,
YE,2023-01-31,
YE,2023-02-28,
YE,2023-03-31,
YE,2023-04-30,
YE,2023-05-31,
YE,2023-06-30,
YE,2023-07-31,
YE,2023-08-31,
YE,2023-09-30,
YE,2023-10-31,
YE,2023-11-30,
YE,2023-12-31,
YE,2024-01-31,
YE,2024-02-29,
YE,2024-03-31,
YE,2024-04-30,
YE,2024-05-31,
YE,2024-06-30,
YE,2024-07-31,
YE,2024-08-31,
YE,2024-09-30,
YE,2024-10-31,
YE,2024-11-30,
YE,2024-12-31,
YE,2025-01-31,
YE,2025-02-28,
YE,2025-03-31,
ZA,2002-01-31,
ZA,2002-02-28,
ZA,2002-03-31,
ZA,2002-04-30,
ZA,2002-05-31,
ZA,2002-06-30,
ZA,2002-07-31,
ZA,2002-08-31,
ZA,2002-09-30,
ZA,2002-10-31,
ZA,2002-11-30,
ZA,2002-12-31,
ZA,2003-01-31,
ZA,2003-02-28,
ZA,2003-03-31,
ZA,2003-04-30,
ZA,2003-05-31,
ZA,2003-06-30,
ZA,2003-07-31,
ZA,2003-08-31,
ZA,2003-09-30,
ZA,2003-10-31,
ZA,2003-11-30,
ZA,2003-12-31,
ZA,2004-01-31,
ZA,2004-02-29,
ZA,2004-03-31,
ZA,2004-04-30,
ZA,2004-05-31,
ZA,2004-06-30,
ZA,2004-07-31,
ZA,2004-08-31,
ZA,2004-09-30,
ZA,2004-10-31,
ZA,2004-11-30,
ZA,2004-12-31,
ZA,2005-01-31,
ZA,2005-02-28,
ZA,2005-03-31,
ZA,2005-04-30,
ZA,2005-05-31,
ZA,2005-06-30,
ZA,2005-07-31,
ZA,2005-08-31,
ZA,2005-09-30,
ZA,2005-10-31,
ZA,2005-11-30,
ZA,2005-12-31,
ZA,2006-01-31,
ZA,2006-02-28,
ZA,2006-03-31,
ZA,2006-04-30,
ZA,2006-05-31,
ZA,2006-06-30,
ZA,2006-07-31,
ZA,2006-08-31,
ZA,2006-09-30,
ZA,2006-10-31,
ZA,2006-11-30,
ZA,2006-12-31,
ZA,2007-01-31,
ZA,2007-02-28,
ZA,2007-03-31,
ZA,2007-04-30,
ZA,2007-05-31,
ZA,2007-06-30,
ZA,2007-07-31,
ZA,2007-08-31,
ZA,2007-09-30,
ZA,2007-10-31,
ZA,2007-11-30,
ZA,2007-12-31,
ZA,2008-01-31,
ZA,2008-02-29,
ZA,2008-03-31,
ZA,2008-04-30,
ZA,2008-05-31,
ZA,2008-06-30,
ZA,2008-07-31,
ZA,2008-08-31,
ZA,2008-09-30,
ZA,2008-10-31,
ZA,2008-11-30,
ZA,2008-12-31,
ZA,2009-01-31,
ZA,2009-02-28,
ZA,2009-03-31,
ZA,2009-04-30,0.0
ZA,2009-05-31,0.0
ZA,2009-06-30,51.18
ZA,2009-07-31,221.78
ZA,2009-08-31,264.43
ZA,2009-09-30,264.43
ZA,2009-10-31,0.0
ZA,2009-11-30,0.0
ZA,2009-12-31,264.43
ZA,2010-01-31,0.0
ZA,2010-02-28,0.0
ZA,2010-03-31,0.0
ZA,2010-04-30,34.12
ZA,2010-05-31,230.31
ZA,2010-06-30,255.9
ZA,2010-07-31,255.9
ZA,2010-08-31,8.53
ZA,2010-09-30,247.37
ZA,2010-10-31,0.0
ZA,2010-11-30,25.59
ZA,2010-12-31,25.59
ZA,2011-01-31,153.54
ZA,2011-02-28,187.66
ZA,2011-03-31,0.0
ZA,2011-04-30,0.0
ZA,2011-05-31,153.54
ZA,2011-06-30,93.83
ZA,2011-07-31,34.12
ZA,2011-08-31,76.77
ZA,2011-09-30,8.53
ZA,2011-10-31,170.6
ZA,2011-11-30,17.06
ZA,2011-12-31,0.0
ZA,2012-01-31,102.36
ZA,2012-02-29,230.31
ZA,2012-03-31,264.43
ZA,2012-04-30,0.0
ZA,2012-05-31,221.78
ZA,2012-06-30,307.08
ZA,2012-07-31,68.24
ZA,2012-08-31,51.18
ZA,2012-09-30,85.3
ZA,2012-10-31,
ZA,2012-11-30,
ZA,2012-12-31,
ZA,2013-01-31,187.66
ZA,2013-02-28,68.24
ZA,2013-03-31,784.76
ZA,2013-04-30,537.39
ZA,2013-05-31,0.0
ZA,2013-06-30,170.6
ZA,2013-07-31,0.0
ZA,2013-08-31,0.0
ZA,2013-09-30,0.0
ZA,2013-10-31,93.83
ZA,2013-11-30,25.59
ZA,2013-12-31,25.59
ZA,2014-01-31,230.31
ZA,2014-02-28,332.67
ZA,2014-03-31,255.9
ZA,2014-04-30,469.15
ZA,2014-05-31,42.65
ZA,2014-06-30,341.2
ZA,2014-07-31,119.42
ZA,2014-08-31,42.65
ZA,2014-09-30,25.59
ZA,2014-10-31,204.72
ZA,2014-11-30,34.12
ZA,2014-12-31,588.57
ZA,2015-01-31,571.51
ZA,2015-02-28,17.06
ZA,2015-03-31,17.06
ZA,2015-04-30,68.24
ZA,2015-05-31,315.61
ZA,2015-06-30,102.36
ZA,2015-07-31,0.0
ZA,2015-08-31,0.0
ZA,2015-09-30,0.0
ZA,2015-10-31,0.0
ZA,2015-11-30,0.0
ZA,2015-12-31,0.0
ZA,2016-01-31,
ZA,2016-02-29,
ZA,2016-03-31,
ZA,2016-04-30,
ZA,2016-05-31,
ZA,2016-06-30,
ZA,2016-07-31,
ZA,2016-08-31,
ZA,2016-09-30,
ZA,2016-10-31,
ZA,2016-11-30,
ZA,2016-12-31,
ZA,2017-01-31,0.0
ZA,2017-02-28,0.0
ZA,2017-03-31,0.0
ZA,2017-04-30,0.0
ZA,2017-05-31,0.0
ZA,2017-06-30,0.0
ZA,2017-07-31,0.0
ZA,2017-08-31,0.0
ZA,2017-09-30,0.0
ZA,2017-10-31,0.0
ZA,2017-11-30,0.0
ZA,2017-12-31,0.0
ZA,2018-01-31,0.0
ZA,2018-02-28,0.0
ZA,2018-03-31,0.0
ZA,2018-04-30,0.0
ZA,2018-05-31,0.0
ZA,2018-06-30,0.0
ZA,2018-07-31,0.0
ZA,2018-08-31,0.0
ZA,2018-09-30,0.0
ZA,2018-10-31,0.0
ZA,2018-11-30,0.0
ZA,2018-12-31,0.0
ZA,2019-01-31,0.0
ZA,2019-02-28,0.0
ZA,2019-03-31,0.0
ZA,2019-04-30,0.0
ZA,2019-05-31,0.0
ZA,2019-06-30,0.0
ZA,2019-07-31,0.0
ZA,2019-08-31,0.0
ZA,2019-09-30,0.0
ZA,2019-10-31,0.0
ZA,2019-11-30,0.0
ZA,2019-12-31,0.0
ZA,2020-01-31,0.0
ZA,2020-02-29,0.0
ZA,2020-03-31,0.0
ZA,2020-04-30,0.0
ZA,2020-05-31,0.0
ZA,2020-06-30,0.0
ZA,2020-07-31,0.0
ZA,2020-08-31,0.0
ZA,2020-09-30,0.0
ZA,2020-10-31,0.0
ZA,2020-11-30,0.0
ZA,2020-12-31,0.0
ZA,2021-01-31,0.0
ZA,2021-02-28,0.0
ZA,2021-03-31,0.0
ZA,2021-04-30,0.0
ZA,2021-05-31,0.0
ZA,2021-06-30,0.0
ZA,2021-07-31,0.0
ZA,2021-08-31,0.0
ZA,2021-09-30,0.0
ZA,2021-10-31,0.0
ZA,2021-11-30,0.0
ZA,2021-12-31,0.0
ZA,2022-01-31,0.0
ZA,2022-02-28,0.0
ZA,2022-03-31,0.0
ZA,2022-04-30,0.0
ZA,2022-05-31,0.0
ZA,2022-06-30,0.0
ZA,2022-07-31,0.0
ZA,2022-08-31,0.0
ZA,2022-09-30,0.0
ZA,2022-10-31,0.0
ZA,2022-11-30,0.0
ZA,2022-12-31,0.0
ZA,2023-01-31,0.0
ZA,2023-02-28,0.0
ZA,2023-03-31,0.0
ZA,2023-04-30,0.0
ZA,2023-05-31,0.0
ZA,2023-06-30,0.0
ZA,2023-07-31,0.0
ZA,2023-08-31,0.0
ZA,2023-09-30,0.0
ZA,2023-10-31,0.0
ZA,2023-11-30,0.0
ZA,2023-12-31,0.0
ZA,2024-01-31,
ZA,2024-02-29,
ZA,2024-03-31,
ZA,2024-04-30,
ZA,2024-05-31,
ZA,2024-06-30,
ZA,2024-07-31,
ZA,2024-08-31,
ZA,2024-09-30,
ZA,2024-10-31,
ZA,2024-11-30,
ZA,2024-12-31,
ZA,2025-01-31,
ZA,2025-02-28,
ZA,2025-03-31,
