REF_AREA,TIME_PERIOD,OBS_VALUE
AE,2002-01-31,202.0
AE,2002-02-28,218.0
AE,2002-03-31,211.0
AE,2002-04-30,201.0
AE,2002-05-31,212.0
AE,2002-06-30,213.0
AE,2002-07-31,200.0
AE,2002-08-31,203.0
AE,2002-09-30,208.0
AE,2002-10-31,212.0
AE,2002-11-30,200.0
AE,2002-12-31,220.0
AE,2003-01-31,214.0
AE,2003-02-28,266.0
AE,2003-03-31,229.0
AE,2003-04-30,222.0
AE,2003-05-31,206.0
AE,2003-06-30,205.0
AE,2003-07-31,203.0
AE,2003-08-31,210.0
AE,2003-09-30,211.0
AE,2003-10-31,205.0
AE,2003-11-30,168.0
AE,2003-12-31,181.0
AE,2004-01-31,78.0
AE,2004-02-29,187.0
AE,2004-03-31,216.0
AE,2004-04-30,206.0
AE,2004-05-31,217.0
AE,2004-06-30,219.0
AE,2004-07-31,223.0
AE,2004-08-31,221.0
AE,2004-09-30,222.0
AE,2004-10-31,226.0
AE,2004-11-30,223.0
AE,2004-12-31,233.0
AE,2005-01-31,205.0
AE,2005-02-28,137.0
AE,2005-03-31,145.0
AE,2005-04-30,196.0
AE,2005-05-31,221.0
AE,2005-06-30,224.0
AE,2005-07-31,220.0
AE,2005-08-31,226.0
AE,2005-09-30,228.0
AE,2005-10-31,232.0
AE,2005-11-30,221.0
AE,2005-12-31,237.0
AE,2006-01-31,232.0
AE,2006-02-28,213.0
AE,2006-03-31,235.0
AE,2006-04-30,230.0
AE,2006-05-31,261.0
AE,2006-06-30,250.0
AE,2006-07-31,262.0
AE,2006-08-31,258.0
AE,2006-09-30,213.0
AE,2006-10-31,228.0
AE,2006-11-30,206.0
AE,2006-12-31,231.0
AE,2007-01-31,219.0
AE,2007-02-28,209.0
AE,2007-03-31,221.0
AE,2007-04-30,195.0
AE,2007-05-31,203.0
AE,2007-06-30,215.0
AE,2007-07-31,223.0
AE,2007-08-31,217.0
AE,2007-09-30,216.0
AE,2007-10-31,220.0
AE,2007-11-30,213.0
AE,2007-12-31,229.0
AE,2008-01-31,180.0
AE,2008-02-29,75.0
AE,2008-03-31,240.0
AE,2008-04-30,225.0
AE,2008-05-31,226.0
AE,2008-06-30,209.0
AE,2008-07-31,235.0
AE,2008-08-31,230.0
AE,2008-09-30,217.0
AE,2008-10-31,228.0
AE,2008-11-30,226.0
AE,2008-12-31,136.0
AE,2009-01-31,233.0
AE,2009-02-28,219.0
AE,2009-03-31,174.0
AE,2009-04-30,194.0
AE,2009-05-31,229.0
AE,2009-06-30,215.0
AE,2009-07-31,228.0
AE,2009-08-31,224.0
AE,2009-09-30,221.0
AE,2009-10-31,236.0
AE,2009-11-30,212.0
AE,2009-12-31,240.0
AE,2010-01-31,234.0
AE,2010-02-28,147.0
AE,2010-03-31,168.0
AE,2010-04-30,215.0
AE,2010-05-31,225.0
AE,2010-06-30,211.0
AE,2010-07-31,224.0
AE,2010-08-31,221.0
AE,2010-09-30,203.0
AE,2010-10-31,225.0
AE,2010-11-30,205.0
AE,2010-12-31,237.0
AE,2011-01-31,217.0
AE,2011-02-28,200.0
AE,2011-03-31,249.0
AE,2011-04-30,213.0
AE,2011-05-31,232.0
AE,2011-06-30,214.0
AE,2011-07-31,233.0
AE,2011-08-31,227.0
AE,2011-09-30,215.0
AE,2011-10-31,231.0
AE,2011-11-30,225.0
AE,2011-12-31,236.0
AE,2012-01-31,223.0
AE,2012-02-29,138.0
AE,2012-03-31,118.0
AE,2012-04-30,148.0
AE,2012-05-31,214.0
AE,2012-06-30,225.0
AE,2012-07-31,219.0
AE,2012-08-31,220.0
AE,2012-09-30,229.0
AE,2012-10-31,234.0
AE,2012-11-30,227.0
AE,2012-12-31,228.0
AE,2013-01-31,483.0
AE,2013-02-28,433.0
AE,2013-03-31,362.0
AE,2013-04-30,417.0
AE,2013-05-31,485.0
AE,2013-06-30,443.0
AE,2013-07-31,498.0
AE,2013-08-31,507.0
AE,2013-09-30,485.0
AE,2013-10-31,483.0
AE,2013-11-30,453.0
AE,2013-12-31,398.0
AE,2014-01-31,473.0
AE,2014-02-28,475.0
AE,2014-03-31,479.0
AE,2014-04-30,453.0
AE,2014-05-31,476.0
AE,2014-06-30,475.0
AE,2014-07-31,527.0
AE,2014-08-31,532.0
AE,2014-09-30,493.0
AE,2014-10-31,422.0
AE,2014-11-30,269.0
AE,2014-12-31,493.0
AE,2015-01-31,413.0
AE,2015-02-28,475.0
AE,2015-03-31,500.0
AE,2015-04-30,674.0
AE,2015-05-31,810.0
AE,2015-06-30,806.0
AE,2015-07-31,852.0
AE,2015-08-31,812.0
AE,2015-09-30,794.0
AE,2015-10-31,867.0
AE,2015-11-30,841.0
AE,2015-12-31,884.0
AE,2016-01-31,883.0
AE,2016-02-29,878.0
AE,2016-03-31,751.0
AE,2016-04-30,808.0
AE,2016-05-31,903.0
AE,2016-06-30,902.0
AE,2016-07-31,913.0
AE,2016-08-31,904.0
AE,2016-09-30,886.0
AE,2016-10-31,897.0
AE,2016-11-30,910.0
AE,2016-12-31,921.0
AE,2017-01-31,724.0
AE,2017-02-28,756.0
AE,2017-03-31,823.0
AE,2017-04-30,838.0
AE,2017-05-31,864.0
AE,2017-06-30,864.0
AE,2017-07-31,884.0
AE,2017-08-31,912.0
AE,2017-09-30,892.0
AE,2017-10-31,882.0
AE,2017-11-30,848.0
AE,2017-12-31,875.0
AE,2018-01-31,935.0
AE,2018-02-28,944.0
AE,2018-03-31,1596.0
AE,2018-04-30,891.0
AE,2018-05-31,929.0
AE,2018-06-30,1612.0
AE,2018-07-31,933.0
AE,2018-08-31,916.0
AE,2018-09-30,1598.0
AE,2018-10-31,924.0
AE,2018-11-30,899.0
AE,2018-12-31,1568.0
AE,2019-01-31,
AE,2019-02-28,
AE,2019-03-31,
AE,2019-04-30,
AE,2019-05-31,
AE,2019-06-30,
AE,2019-07-31,
AE,2019-08-31,
AE,2019-09-30,
AE,2019-10-31,
AE,2019-11-30,
AE,2019-12-31,
AE,2020-01-31,
AE,2020-02-29,
AE,2020-03-31,
AE,2020-04-30,
AE,2020-05-31,
AE,2020-06-30,
AE,2020-07-31,
AE,2020-08-31,
AE,2020-09-30,
AE,2020-10-31,
AE,2020-11-30,
AE,2020-12-31,
AE,2021-01-31,
AE,2021-02-28,
AE,2021-03-31,
AE,2021-04-30,
AE,2021-05-31,
AE,2021-06-30,
AE,2021-07-31,
AE,2021-08-31,
AE,2021-09-30,
AE,2021-10-31,
AE,2021-11-30,
AE,2021-12-31,
AE,2022-01-31,
AE,2022-02-28,
AE,2022-03-31,
AE,2022-04-30,
AE,2022-05-31,
AE,2022-06-30,
AE,2022-07-31,
AE,2022-08-31,
AE,2022-09-30,
AE,2022-10-31,
AE,2022-11-30,
AE,2022-12-31,
AE,2023-01-31,
AE,2023-02-28,
AE,2023-03-31,
AE,2023-04-30,
AE,2023-05-31,
AE,2023-06-30,
AE,2023-07-31,
AE,2023-08-31,
AE,2023-09-30,
AE,2023-10-31,
AE,2023-11-30,
AE,2023-12-31,
AE,2024-01-31,
AE,2024-02-29,
AE,2024-03-31,
AE,2024-04-30,
AE,2024-05-31,
AE,2024-06-30,
AE,2024-07-31,
AE,2024-08-31,
AE,2024-09-30,
AE,2024-10-31,
AE,2024-11-30,
AE,2024-12-31,
AE,2025-01-31,
AE,2025-02-28,
AE,2025-03-31,
AL,2002-01-31,
AL,2002-02-28,
AL,2002-03-31,
AL,2002-04-30,
AL,2002-05-31,
AL,2002-06-30,
AL,2002-07-31,
AL,2002-08-31,
AL,2002-09-30,
AL,2002-10-31,
AL,2002-11-30,
AL,2002-12-31,
AL,2003-01-31,
AL,2003-02-28,
AL,2003-03-31,
AL,2003-04-30,
AL,2003-05-31,
AL,2003-06-30,
AL,2003-07-31,
AL,2003-08-31,
AL,2003-09-30,
AL,2003-10-31,
AL,2003-11-30,
AL,2003-12-31,
AL,2004-01-31,
AL,2004-02-29,
AL,2004-03-31,
AL,2004-04-30,
AL,2004-05-31,
AL,2004-06-30,
AL,2004-07-31,
AL,2004-08-31,
AL,2004-09-30,
AL,2004-10-31,
AL,2004-11-30,
AL,2004-12-31,
AL,2005-01-31,
AL,2005-02-28,
AL,2005-03-31,
AL,2005-04-30,
AL,2005-05-31,
AL,2005-06-30,
AL,2005-07-31,
AL,2005-08-31,
AL,2005-09-30,
AL,2005-10-31,
AL,2005-11-30,
AL,2005-12-31,
AL,2006-01-31,
AL,2006-02-28,
AL,2006-03-31,
AL,2006-04-30,
AL,2006-05-31,
AL,2006-06-30,
AL,2006-07-31,
AL,2006-08-31,
AL,2006-09-30,
AL,2006-10-31,
AL,2006-11-30,
AL,2006-12-31,
AL,2007-01-31,
AL,2007-02-28,
AL,2007-03-31,
AL,2007-04-30,
AL,2007-05-31,
AL,2007-06-30,
AL,2007-07-31,
AL,2007-08-31,
AL,2007-09-30,
AL,2007-10-31,
AL,2007-11-30,
AL,2007-12-31,
AL,2008-01-31,
AL,2008-02-29,
AL,2008-03-31,
AL,2008-04-30,
AL,2008-05-31,
AL,2008-06-30,
AL,2008-07-31,
AL,2008-08-31,
AL,2008-09-30,
AL,2008-10-31,
AL,2008-11-30,
AL,2008-12-31,
AL,2009-01-31,
AL,2009-02-28,
AL,2009-03-31,
AL,2009-04-30,
AL,2009-05-31,
AL,2009-06-30,
AL,2009-07-31,
AL,2009-08-31,
AL,2009-09-30,
AL,2009-10-31,
AL,2009-11-30,
AL,2009-12-31,
AL,2010-01-31,
AL,2010-02-28,
AL,2010-03-31,
AL,2010-04-30,
AL,2010-05-31,
AL,2010-06-30,
AL,2010-07-31,
AL,2010-08-31,
AL,2010-09-30,
AL,2010-10-31,
AL,2010-11-30,
AL,2010-12-31,
AL,2011-01-31,
AL,2011-02-28,
AL,2011-03-31,
AL,2011-04-30,
AL,2011-05-31,
AL,2011-06-30,
AL,2011-07-31,
AL,2011-08-31,
AL,2011-09-30,
AL,2011-10-31,
AL,2011-11-30,
AL,2011-12-31,
AL,2012-01-31,
AL,2012-02-29,
AL,2012-03-31,
AL,2012-04-30,
AL,2012-05-31,
AL,2012-06-30,
AL,2012-07-31,
AL,2012-08-31,
AL,2012-09-30,
AL,2012-10-31,
AL,2012-11-30,
AL,2012-12-31,
AL,2013-01-31,
AL,2013-02-28,
AL,2013-03-31,
AL,2013-04-30,
AL,2013-05-31,
AL,2013-06-30,
AL,2013-07-31,
AL,2013-08-31,
AL,2013-09-30,
AL,2013-10-31,
AL,2013-11-30,
AL,2013-12-31,
AL,2014-01-31,
AL,2014-02-28,
AL,2014-03-31,
AL,2014-04-30,
AL,2014-05-31,
AL,2014-06-30,
AL,2014-07-31,
AL,2014-08-31,
AL,2014-09-30,
AL,2014-10-31,
AL,2014-11-30,
AL,2014-12-31,
AL,2015-01-31,
AL,2015-02-28,
AL,2015-03-31,
AL,2015-04-30,
AL,2015-05-31,
AL,2015-06-30,
AL,2015-07-31,
AL,2015-08-31,
AL,2015-09-30,
AL,2015-10-31,
AL,2015-11-30,
AL,2015-12-31,
AL,2016-01-31,
AL,2016-02-29,
AL,2016-03-31,
AL,2016-04-30,
AL,2016-05-31,
AL,2016-06-30,
AL,2016-07-31,
AL,2016-08-31,
AL,2016-09-30,
AL,2016-10-31,
AL,2016-11-30,
AL,2016-12-31,
AL,2017-01-31,
AL,2017-02-28,
AL,2017-03-31,
AL,2017-04-30,
AL,2017-05-31,
AL,2017-06-30,
AL,2017-07-31,
AL,2017-08-31,
AL,2017-09-30,
AL,2017-10-31,
AL,2017-11-30,
AL,2017-12-31,
AL,2018-01-31,
AL,2018-02-28,
AL,2018-03-31,
AL,2018-04-30,
AL,2018-05-31,
AL,2018-06-30,
AL,2018-07-31,
AL,2018-08-31,
AL,2018-09-30,
AL,2018-10-31,
AL,2018-11-30,
AL,2018-12-31,
AL,2019-01-31,
AL,2019-02-28,
AL,2019-03-31,
AL,2019-04-30,
AL,2019-05-31,
AL,2019-06-30,
AL,2019-07-31,
AL,2019-08-31,
AL,2019-09-30,
AL,2019-10-31,
AL,2019-11-30,
AL,2019-12-31,
AL,2020-01-31,
AL,2020-02-29,
AL,2020-03-31,
AL,2020-04-30,
AL,2020-05-31,
AL,2020-06-30,
AL,2020-07-31,
AL,2020-08-31,
AL,2020-09-30,
AL,2020-10-31,
AL,2020-11-30,
AL,2020-12-31,
AL,2021-01-31,
AL,2021-02-28,
AL,2021-03-31,
AL,2021-04-30,
AL,2021-05-31,
AL,2021-06-30,
AL,2021-07-31,
AL,2021-08-31,
AL,2021-09-30,
AL,2021-10-31,
AL,2021-11-30,
AL,2021-12-31,
AL,2022-01-31,
AL,2022-02-28,
AL,2022-03-31,
AL,2022-04-30,
AL,2022-05-31,
AL,2022-06-30,
AL,2022-07-31,
AL,2022-08-31,
AL,2022-09-30,
AL,2022-10-31,
AL,2022-11-30,
AL,2022-12-31,
AL,2023-01-31,
AL,2023-02-28,
AL,2023-03-31,
AL,2023-04-30,
AL,2023-05-31,
AL,2023-06-30,
AL,2023-07-31,
AL,2023-08-31,
AL,2023-09-30,
AL,2023-10-31,
AL,2023-11-30,
AL,2023-12-31,
AL,2024-01-31,
AL,2024-02-29,
AL,2024-03-31,
AL,2024-04-30,
AL,2024-05-31,
AL,2024-06-30,
AL,2024-07-31,
AL,2024-08-31,
AL,2024-09-30,
AL,2024-10-31,
AL,2024-11-30,
AL,2024-12-31,
AL,2025-01-31,
AL,2025-02-28,
AL,2025-03-31,
AM,2002-01-31,
AM,2002-02-28,
AM,2002-03-31,
AM,2002-04-30,
AM,2002-05-31,
AM,2002-06-30,
AM,2002-07-31,
AM,2002-08-31,
AM,2002-09-30,
AM,2002-10-31,
AM,2002-11-30,
AM,2002-12-31,
AM,2003-01-31,
AM,2003-02-28,
AM,2003-03-31,
AM,2003-04-30,
AM,2003-05-31,
AM,2003-06-30,
AM,2003-07-31,
AM,2003-08-31,
AM,2003-09-30,
AM,2003-10-31,
AM,2003-11-30,
AM,2003-12-31,
AM,2004-01-31,
AM,2004-02-29,
AM,2004-03-31,
AM,2004-04-30,
AM,2004-05-31,
AM,2004-06-30,
AM,2004-07-31,
AM,2004-08-31,
AM,2004-09-30,
AM,2004-10-31,
AM,2004-11-30,
AM,2004-12-31,
AM,2005-01-31,
AM,2005-02-28,
AM,2005-03-31,
AM,2005-04-30,
AM,2005-05-31,
AM,2005-06-30,
AM,2005-07-31,
AM,2005-08-31,
AM,2005-09-30,
AM,2005-10-31,
AM,2005-11-30,
AM,2005-12-31,
AM,2006-01-31,
AM,2006-02-28,
AM,2006-03-31,
AM,2006-04-30,
AM,2006-05-31,
AM,2006-06-30,
AM,2006-07-31,
AM,2006-08-31,
AM,2006-09-30,
AM,2006-10-31,
AM,2006-11-30,
AM,2006-12-31,
AM,2007-01-31,
AM,2007-02-28,
AM,2007-03-31,
AM,2007-04-30,
AM,2007-05-31,
AM,2007-06-30,
AM,2007-07-31,
AM,2007-08-31,
AM,2007-09-30,
AM,2007-10-31,
AM,2007-11-30,
AM,2007-12-31,
AM,2008-01-31,
AM,2008-02-29,
AM,2008-03-31,
AM,2008-04-30,
AM,2008-05-31,
AM,2008-06-30,
AM,2008-07-31,
AM,2008-08-31,
AM,2008-09-30,
AM,2008-10-31,
AM,2008-11-30,
AM,2008-12-31,
AM,2009-01-31,
AM,2009-02-28,
AM,2009-03-31,
AM,2009-04-30,
AM,2009-05-31,
AM,2009-06-30,
AM,2009-07-31,
AM,2009-08-31,
AM,2009-09-30,
AM,2009-10-31,
AM,2009-11-30,
AM,2009-12-31,
AM,2010-01-31,
AM,2010-02-28,
AM,2010-03-31,
AM,2010-04-30,
AM,2010-05-31,
AM,2010-06-30,
AM,2010-07-31,
AM,2010-08-31,
AM,2010-09-30,
AM,2010-10-31,
AM,2010-11-30,
AM,2010-12-31,
AM,2011-01-31,
AM,2011-02-28,
AM,2011-03-31,
AM,2011-04-30,
AM,2011-05-31,
AM,2011-06-30,
AM,2011-07-31,
AM,2011-08-31,
AM,2011-09-30,
AM,2011-10-31,
AM,2011-11-30,
AM,2011-12-31,
AM,2012-01-31,
AM,2012-02-29,
AM,2012-03-31,
AM,2012-04-30,
AM,2012-05-31,
AM,2012-06-30,
AM,2012-07-31,
AM,2012-08-31,
AM,2012-09-30,
AM,2012-10-31,
AM,2012-11-30,
AM,2012-12-31,
AM,2013-01-31,
AM,2013-02-28,
AM,2013-03-31,
AM,2013-04-30,
AM,2013-05-31,
AM,2013-06-30,
AM,2013-07-31,
AM,2013-08-31,
AM,2013-09-30,
AM,2013-10-31,
AM,2013-11-30,
AM,2013-12-31,
AM,2014-01-31,
AM,2014-02-28,
AM,2014-03-31,
AM,2014-04-30,
AM,2014-05-31,
AM,2014-06-30,
AM,2014-07-31,
AM,2014-08-31,
AM,2014-09-30,
AM,2014-10-31,
AM,2014-11-30,
AM,2014-12-31,
AM,2015-01-31,
AM,2015-02-28,
AM,2015-03-31,
AM,2015-04-30,
AM,2015-05-31,
AM,2015-06-30,
AM,2015-07-31,
AM,2015-08-31,
AM,2015-09-30,
AM,2015-10-31,
AM,2015-11-30,
AM,2015-12-31,
AM,2016-01-31,
AM,2016-02-29,
AM,2016-03-31,
AM,2016-04-30,
AM,2016-05-31,
AM,2016-06-30,
AM,2016-07-31,
AM,2016-08-31,
AM,2016-09-30,
AM,2016-10-31,
AM,2016-11-30,
AM,2016-12-31,
AM,2017-01-31,
AM,2017-02-28,
AM,2017-03-31,
AM,2017-04-30,
AM,2017-05-31,
AM,2017-06-30,
AM,2017-07-31,
AM,2017-08-31,
AM,2017-09-30,
AM,2017-10-31,
AM,2017-11-30,
AM,2017-12-31,
AM,2018-01-31,
AM,2018-02-28,
AM,2018-03-31,
AM,2018-04-30,
AM,2018-05-31,
AM,2018-06-30,
AM,2018-07-31,
AM,2018-08-31,
AM,2018-09-30,
AM,2018-10-31,
AM,2018-11-30,
AM,2018-12-31,
AM,2019-01-31,
AM,2019-02-28,
AM,2019-03-31,
AM,2019-04-30,
AM,2019-05-31,
AM,2019-06-30,
AM,2019-07-31,
AM,2019-08-31,
AM,2019-09-30,
AM,2019-10-31,
AM,2019-11-30,
AM,2019-12-31,
AM,2020-01-31,
AM,2020-02-29,
AM,2020-03-31,
AM,2020-04-30,
AM,2020-05-31,
AM,2020-06-30,
AM,2020-07-31,
AM,2020-08-31,
AM,2020-09-30,
AM,2020-10-31,
AM,2020-11-30,
AM,2020-12-31,
AM,2021-01-31,
AM,2021-02-28,
AM,2021-03-31,
AM,2021-04-30,
AM,2021-05-31,
AM,2021-06-30,
AM,2021-07-31,
AM,2021-08-31,
AM,2021-09-30,
AM,2021-10-31,
AM,2021-11-30,
AM,2021-12-31,
AM,2022-01-31,
AM,2022-02-28,
AM,2022-03-31,
AM,2022-04-30,
AM,2022-05-31,
AM,2022-06-30,
AM,2022-07-31,
AM,2022-08-31,
AM,2022-09-30,
AM,2022-10-31,
AM,2022-11-30,
AM,2022-12-31,
AM,2023-01-31,
AM,2023-02-28,
AM,2023-03-31,
AM,2023-04-30,
AM,2023-05-31,
AM,2023-06-30,
AM,2023-07-31,
AM,2023-08-31,
AM,2023-09-30,
AM,2023-10-31,
AM,2023-11-30,
AM,2023-12-31,
AM,2024-01-31,
AM,2024-02-29,
AM,2024-03-31,
AM,2024-04-30,
AM,2024-05-31,
AM,2024-06-30,
AM,2024-07-31,
AM,2024-08-31,
AM,2024-09-30,
AM,2024-10-31,
AM,2024-11-30,
AM,2024-12-31,
AM,2025-01-31,
AM,2025-02-28,
AM,2025-03-31,
AO,2002-01-31,
AO,2002-02-28,
AO,2002-03-31,
AO,2002-04-30,
AO,2002-05-31,
AO,2002-06-30,
AO,2002-07-31,
AO,2002-08-31,
AO,2002-09-30,
AO,2002-10-31,31.0742
AO,2002-11-30,40.014
AO,2002-12-31,38.4842
AO,2003-01-31,40.3965
AO,2003-02-28,40.2257
AO,2003-03-31,26.2935
AO,2003-04-30,26.429
AO,2003-05-31,23.1861
AO,2003-06-30,31.369
AO,2003-07-31,43.0258
AO,2003-08-31,41.8306
AO,2003-09-30,41.249
AO,2003-10-31,31.0742
AO,2003-11-30,40.014
AO,2003-12-31,38.4842
AO,2004-01-31,35.1377
AO,2004-02-29,39.6052
AO,2004-03-31,41.3526
AO,2004-04-30,45.201
AO,2004-05-31,45.8942
AO,2004-06-30,43.225
AO,2004-07-31,43.5039
AO,2004-08-31,45.1771
AO,2004-09-30,24.947
AO,2004-10-31,5.9758
AO,2004-11-30,38.038
AO,2004-12-31,38.9623
AO,2005-01-31,35.3768
AO,2005-02-28,37.5793
AO,2005-03-31,42.3087
AO,2005-04-30,35.321
AO,2005-05-31,37.5281
AO,2005-06-30,39.767
AO,2005-07-31,33.7035
AO,2005-08-31,37.05
AO,2005-09-30,27.417
AO,2005-10-31,42.0697
AO,2005-11-30,41.249
AO,2005-12-31,34.6597
AO,2006-01-31,38.7232
AO,2006-02-28,37.05
AO,2006-03-31,44.221
AO,2006-04-30,33.839
AO,2006-05-31,36.811
AO,2006-06-30,40.508
AO,2006-07-31,33.7035
AO,2006-08-31,43.7429
AO,2006-09-30,
AO,2006-10-31,40.6355
AO,2006-11-30,32.604
AO,2006-12-31,17.6884
AO,2007-01-31,45.0
AO,2007-02-28,39.0
AO,2007-03-31,40.0
AO,2007-04-30,31.0
AO,2007-05-31,38.0
AO,2007-06-30,38.0
AO,2007-07-31,40.0
AO,2007-08-31,36.0
AO,2007-09-30,35.0
AO,2007-10-31,38.0
AO,2007-11-30,36.0
AO,2007-12-31,43.0
AO,2008-01-31,40.0
AO,2008-02-29,35.0
AO,2008-03-31,35.0
AO,2008-04-30,
AO,2008-05-31,
AO,2008-06-30,
AO,2008-07-31,41.0
AO,2008-08-31,38.0
AO,2008-09-30,38.0
AO,2008-10-31,38.0
AO,2008-11-30,47.0
AO,2008-12-31,41.0
AO,2009-01-31,37.0
AO,2009-02-28,36.0
AO,2009-03-31,44.0
AO,2009-04-30,49.0
AO,2009-05-31,43.0
AO,2009-06-30,38.0
AO,2009-07-31,48.0
AO,2009-08-31,39.0
AO,2009-09-30,36.0
AO,2009-10-31,42.0
AO,2009-11-30,40.0
AO,2009-12-31,44.0
AO,2010-01-31,0.0
AO,2010-02-28,44.0
AO,2010-03-31,40.0
AO,2010-04-30,36.0
AO,2010-05-31,23.0
AO,2010-06-30,4.0
AO,2010-07-31,41.0
AO,2010-08-31,38.0
AO,2010-09-30,44.0
AO,2010-10-31,
AO,2010-11-30,44.0
AO,2010-12-31,25.0
AO,2011-01-31,86.0
AO,2011-02-28,45.0
AO,2011-03-31,45.0
AO,2011-04-30,46.0
AO,2011-05-31,44.0
AO,2011-06-30,33.0
AO,2011-07-31,46.0
AO,2011-08-31,18.0
AO,2011-09-30,46.0
AO,2011-10-31,43.0
AO,2011-11-30,35.0
AO,2011-12-31,46.0
AO,2012-01-31,42.0
AO,2012-02-29,39.0
AO,2012-03-31,44.0
AO,2012-04-30,40.0
AO,2012-05-31,50.0
AO,2012-06-30,37.0
AO,2012-07-31,30.0
AO,2012-08-31,37.0
AO,2012-09-30,32.0
AO,2012-10-31,36.0
AO,2012-11-30,30.0
AO,2012-12-31,49.0
AO,2013-01-31,29.0
AO,2013-02-28,26.0
AO,2013-03-31,11.0
AO,2013-04-30,56.0
AO,2013-05-31,21.0
AO,2013-06-30,38.0
AO,2013-07-31,16.0
AO,2013-08-31,25.0
AO,2013-09-30,50.0
AO,2013-10-31,43.0
AO,2013-11-30,46.0
AO,2013-12-31,40.0
AO,2014-01-31,21.0
AO,2014-02-28,41.0
AO,2014-03-31,35.0
AO,2014-04-30,28.0
AO,2014-05-31,17.0
AO,2014-06-30,41.0
AO,2014-07-31,26.0
AO,2014-08-31,31.0
AO,2014-09-30,45.0
AO,2014-10-31,30.0
AO,2014-11-30,36.0
AO,2014-12-31,29.0
AO,2015-01-31,30.0
AO,2015-02-28,18.0
AO,2015-03-31,78.0
AO,2015-04-30,34.0
AO,2015-05-31,59.0
AO,2015-06-30,63.0
AO,2015-07-31,59.0
AO,2015-08-31,70.0
AO,2015-09-30,37.0
AO,2015-10-31,42.0
AO,2015-11-30,61.0
AO,2015-12-31,69.0
AO,2016-01-31,29.0
AO,2016-02-29,43.0
AO,2016-03-31,61.0
AO,2016-04-30,29.0
AO,2016-05-31,49.0
AO,2016-06-30,65.0
AO,2016-07-31,48.0
AO,2016-08-31,0.0
AO,2016-09-30,44.0
AO,2016-10-31,66.0
AO,2016-11-30,37.0
AO,2016-12-31,59.0
AO,2017-01-31,36.0
AO,2017-02-28,75.0
AO,2017-03-31,54.0
AO,2017-04-30,54.0
AO,2017-05-31,60.0
AO,2017-06-30,64.0
AO,2017-07-31,60.0
AO,2017-08-31,64.0
AO,2017-09-30,34.0
AO,2017-10-31,54.0
AO,2017-11-30,15.0
AO,2017-12-31,88.0
AO,2018-01-31,66.0
AO,2018-02-28,42.0
AO,2018-03-31,30.0
AO,2018-04-30,69.0
AO,2018-05-31,35.0
AO,2018-06-30,61.0
AO,2018-07-31,19.0
AO,2018-08-31,34.0
AO,2018-09-30,8.0
AO,2018-10-31,4.0
AO,2018-11-30,0.0
AO,2018-12-31,13.0
AO,2019-01-31,20.0
AO,2019-02-28,0.0
AO,2019-03-31,0.0
AO,2019-04-30,0.0
AO,2019-05-31,0.0
AO,2019-06-30,0.0
AO,2019-07-31,0.0
AO,2019-08-31,0.0
AO,2019-09-30,0.0
AO,2019-10-31,62.0
AO,2019-11-30,0.0
AO,2019-12-31,0.0
AO,2020-01-31,0.0
AO,2020-02-29,60.0
AO,2020-03-31,0.0
AO,2020-04-30,0.0
AO,2020-05-31,47.0
AO,2020-06-30,30.0
AO,2020-07-31,28.0
AO,2020-08-31,48.0
AO,2020-09-30,50.0
AO,2020-10-31,44.0
AO,2020-11-30,46.0
AO,2020-12-31,59.0
AO,2021-01-31,32.0
AO,2021-02-28,39.0
AO,2021-03-31,43.0
AO,2021-04-30,32.0
AO,2021-05-31,42.0
AO,2021-06-30,50.0
AO,2021-07-31,42.0
AO,2021-08-31,38.0
AO,2021-09-30,35.0
AO,2021-10-31,47.0
AO,2021-11-30,0.0
AO,2021-12-31,45.0
AO,2022-01-31,0.0
AO,2022-02-28,59.0
AO,2022-03-31,54.0
AO,2022-04-30,34.0
AO,2022-05-31,3.0
AO,2022-06-30,36.0
AO,2022-07-31,0.0
AO,2022-08-31,0.0
AO,2022-09-30,53.0
AO,2022-10-31,0.0
AO,2022-11-30,0.0
AO,2022-12-31,0.0
AO,2023-01-31,0.0
AO,2023-02-28,40.0
AO,2023-03-31,0.0
AO,2023-04-30,0.0
AO,2023-05-31,49.0
AO,2023-06-30,37.0
AO,2023-07-31,36.0
AO,2023-08-31,17.0
AO,2023-09-30,18.0
AO,2023-10-31,17.0
AO,2023-11-30,34.0
AO,2023-12-31,
AO,2024-01-31,
AO,2024-02-29,
AO,2024-03-31,
AO,2024-04-30,
AO,2024-05-31,
AO,2024-06-30,
AO,2024-07-31,
AO,2024-08-31,
AO,2024-09-30,
AO,2024-10-31,
AO,2024-11-30,
AO,2024-12-31,
AO,2025-01-31,
AO,2025-02-28,
AO,2025-03-31,
AR,2002-01-31,507.0645
AR,2002-02-28,485.8214
AR,2002-03-31,485.9032
AR,2002-04-30,505.9
AR,2002-05-31,502.3871
AR,2002-06-30,495.6333
AR,2002-07-31,486.7419
AR,2002-08-31,459.871
AR,2002-09-30,509.0
AR,2002-10-31,517.8065
AR,2002-11-30,516.0667
AR,2002-12-31,532.3548
AR,2003-01-31,523.6452
AR,2003-02-28,512.3929
AR,2003-03-31,516.2903
AR,2003-04-30,527.9
AR,2003-05-31,522.0
AR,2003-06-30,536.2667
AR,2003-07-31,525.4194
AR,2003-08-31,527.6129
AR,2003-09-30,510.6333
AR,2003-10-31,519.0968
AR,2003-11-30,543.5
AR,2003-12-31,521.5806
AR,2004-01-31,546.5484
AR,2004-02-29,507.2414
AR,2004-03-31,542.9032
AR,2004-04-30,509.3667
AR,2004-05-31,520.7742
AR,2004-06-30,539.4
AR,2004-07-31,552.7742
AR,2004-08-31,539.3871
AR,2004-09-30,560.5667
AR,2004-10-31,563.9677
AR,2004-11-30,504.0667
AR,2004-12-31,550.7742
AR,2005-01-31,516.1613
AR,2005-02-28,559.9643
AR,2005-03-31,551.4194
AR,2005-04-30,509.9667
AR,2005-05-31,503.7742
AR,2005-06-30,517.5333
AR,2005-07-31,508.8065
AR,2005-08-31,551.5161
AR,2005-09-30,563.2
AR,2005-10-31,544.7742
AR,2005-11-30,551.3333
AR,2005-12-31,559.5484
AR,2006-01-31,553.3548
AR,2006-02-28,569.7857
AR,2006-03-31,558.3871
AR,2006-04-30,562.9333
AR,2006-05-31,558.5161
AR,2006-06-30,572.6333
AR,2006-07-31,558.9355
AR,2006-08-31,590.4516
AR,2006-09-30,521.5333
AR,2006-10-31,530.4839
AR,2006-11-30,585.9
AR,2006-12-31,593.9032
AR,2007-01-31,574.0
AR,2007-02-28,595.25
AR,2007-03-31,613.0
AR,2007-04-30,590.4
AR,2007-05-31,589.4194
AR,2007-06-30,612.5
AR,2007-07-31,618.0
AR,2007-08-31,601.7419
AR,2007-09-30,598.1
AR,2007-10-31,579.7097
AR,2007-11-30,588.7333
AR,2007-12-31,577.6452
AR,2008-01-31,589.9032
AR,2008-02-29,571.1379
AR,2008-03-31,560.5806
AR,2008-04-30,584.0
AR,2008-05-31,599.1613
AR,2008-06-30,565.6667
AR,2008-07-31,544.1613
AR,2008-08-31,594.871
AR,2008-09-30,594.6333
AR,2008-10-31,572.9032
AR,2008-11-30,515.0333
AR,2008-12-31,558.2581
AR,2009-01-31,535.4194
AR,2009-02-28,525.3929
AR,2009-03-31,541.1613
AR,2009-04-30,548.9667
AR,2009-05-31,538.129
AR,2009-06-30,550.0333
AR,2009-07-31,501.129
AR,2009-08-31,522.5806
AR,2009-09-30,497.4333
AR,2009-10-31,468.129
AR,2009-11-30,549.5
AR,2009-12-31,538.3871
AR,2010-01-31,540.6129
AR,2010-02-28,558.9643
AR,2010-03-31,557.6129
AR,2010-04-30,536.7
AR,2010-05-31,526.1613
AR,2010-06-30,524.7667
AR,2010-07-31,533.8065
AR,2010-08-31,558.3226
AR,2010-09-30,533.6667
AR,2010-10-31,484.9677
AR,2010-11-30,532.1333
AR,2010-12-31,481.4194
AR,2011-01-31,523.1613
AR,2011-02-28,542.75
AR,2011-03-31,533.2581
AR,2011-04-30,517.4
AR,2011-05-31,485.0
AR,2011-06-30,526.8333
AR,2011-07-31,534.4194
AR,2011-08-31,473.3548
AR,2011-09-30,549.9
AR,2011-10-31,484.3226
AR,2011-11-30,485.6
AR,2011-12-31,528.5484
AR,2012-01-31,506.0645
AR,2012-02-29,501.3793
AR,2012-03-31,514.4516
AR,2012-04-30,508.2
AR,2012-05-31,511.871
AR,2012-06-30,527.8
AR,2012-07-31,547.1613
AR,2012-08-31,547.1613
AR,2012-09-30,569.1333
AR,2012-10-31,551.8065
AR,2012-11-30,521.7
AR,2012-12-31,544.4516
AR,2013-01-31,520.6774
AR,2013-02-28,522.8214
AR,2013-03-31,539.9677
AR,2013-04-30,477.7667
AR,2013-05-31,485.9032
AR,2013-06-30,526.6667
AR,2013-07-31,526.2903
AR,2013-08-31,540.4194
AR,2013-09-30,547.7667
AR,2013-10-31,530.0968
AR,2013-11-30,528.2667
AR,2013-12-31,528.5806
AR,2014-01-31,528.5806
AR,2014-02-28,545.25
AR,2014-03-31,439.129
AR,2014-04-30,506.2667
AR,2014-05-31,549.4194
AR,2014-06-30,548.6
AR,2014-07-31,536.8065
AR,2014-08-31,512.7742
AR,2014-09-30,529.8667
AR,2014-10-31,541.3548
AR,2014-11-30,504.6333
AR,2014-12-31,488.3548
AR,2015-01-31,540.7419
AR,2015-02-28,534.9643
AR,2015-03-31,541.5806
AR,2015-04-30,548.1
AR,2015-05-31,534.3548
AR,2015-06-30,526.8
AR,2015-07-31,563.2258
AR,2015-08-31,533.0323
AR,2015-09-30,513.4667
AR,2015-10-31,532.7419
AR,2015-11-30,522.3333
AR,2015-12-31,536.3871
AR,2016-01-31,520.9032
AR,2016-02-29,530.8276
AR,2016-03-31,510.3871
AR,2016-04-30,501.0667
AR,2016-05-31,494.129
AR,2016-06-30,525.6667
AR,2016-07-31,517.5161
AR,2016-08-31,490.1935
AR,2016-09-30,151.7667
AR,2016-10-31,514.4194
AR,2016-11-30,500.5333
AR,2016-12-31,510.9355
AR,2017-01-31,514.4194
AR,2017-02-28,495.7857
AR,2017-03-31,485.0323
AR,2017-04-30,500.3333
AR,2017-05-31,487.4516
AR,2017-06-30,514.8333
AR,2017-07-31,498.2258
AR,2017-08-31,506.1613
AR,2017-09-30,508.0667
AR,2017-10-31,446.0645
AR,2017-11-30,479.1
AR,2017-12-31,463.6452
AR,2018-01-31,491.0
AR,2018-02-28,500.4286
AR,2018-03-31,479.8387
AR,2018-04-30,478.1667
AR,2018-05-31,472.2581
AR,2018-06-30,422.4333
AR,2018-07-31,407.5806
AR,2018-08-31,480.0323
AR,2018-09-30,465.1
AR,2018-10-31,484.6774
AR,2018-11-30,449.6667
AR,2018-12-31,476.9677
AR,2019-01-31,473.9032
AR,2019-02-28,450.1429
AR,2019-03-31,476.2258
AR,2019-04-30,441.6667
AR,2019-05-31,480.9355
AR,2019-06-30,454.2333
AR,2019-07-31,462.4194
AR,2019-08-31,491.1935
AR,2019-09-30,475.1
AR,2019-10-31,498.2581
AR,2019-11-30,485.4333
AR,2019-12-31,483.7742
AR,2020-01-31,496.7097
AR,2020-02-29,493.8621
AR,2020-03-31,437.1935
AR,2020-04-30,286.2333
AR,2020-05-31,351.4194
AR,2020-06-30,454.2333
AR,2020-07-31,462.4194
AR,2020-08-31,
AR,2020-09-30,
AR,2020-10-31,
AR,2020-11-30,
AR,2020-12-31,
AR,2021-01-31,
AR,2021-02-28,
AR,2021-03-31,
AR,2021-04-30,
AR,2021-05-31,
AR,2021-06-30,
AR,2021-07-31,
AR,2021-08-31,
AR,2021-09-30,
AR,2021-10-31,
AR,2021-11-30,
AR,2021-12-31,
AR,2022-01-31,
AR,2022-02-28,
AR,2022-03-31,
AR,2022-04-30,
AR,2022-05-31,
AR,2022-06-30,
AR,2022-07-31,
AR,2022-08-31,
AR,2022-09-30,
AR,2022-10-31,
AR,2022-11-30,
AR,2022-12-31,
AR,2023-01-31,
AR,2023-02-28,
AR,2023-03-31,
AR,2023-04-30,
AR,2023-05-31,
AR,2023-06-30,
AR,2023-07-31,
AR,2023-08-31,
AR,2023-09-30,
AR,2023-10-31,
AR,2023-11-30,
AR,2023-12-31,
AR,2024-01-31,
AR,2024-02-29,
AR,2024-03-31,
AR,2024-04-30,
AR,2024-05-31,
AR,2024-06-30,
AR,2024-07-31,
AR,2024-08-31,
AR,2024-09-30,
AR,2024-10-31,
AR,2024-11-30,
AR,2024-12-31,
AR,2025-01-31,
AT,2002-01-31,185.3226
AT,2002-02-28,191.7857
AT,2002-03-31,191.6129
AT,2002-04-30,122.5
AT,2002-05-31,187.9839
AT,2002-06-30,189.0
AT,2002-07-31,192.8226
AT,2002-08-31,189.6774
AT,2002-09-30,192.75
AT,2002-10-31,180.9677
AT,2002-11-30,192.75
AT,2002-12-31,188.2258
AT,2003-01-31,170.5645
AT,2003-02-28,171.9643
AT,2003-03-31,166.9355
AT,2003-04-30,174.0
AT,2003-05-31,201.2903
AT,2003-06-30,189.0
AT,2003-07-31,175.8871
AT,2003-08-31,179.0323
AT,2003-09-30,184.0
AT,2003-10-31,182.9032
AT,2003-11-30,185.0
AT,2003-12-31,193.5484
AT,2004-01-31,190.4032
AT,2004-02-29,183.8793
AT,2004-03-31,173.4677
AT,2004-04-30,99.25
AT,2004-05-31,136.2097
AT,2004-06-30,178.25
AT,2004-07-31,182.1774
AT,2004-08-31,186.0484
AT,2004-09-30,197.0
AT,2004-10-31,193.5484
AT,2004-11-30,179.5
AT,2004-12-31,175.6452
AT,2005-01-31,175.4032
AT,2005-02-28,167.9464
AT,2005-03-31,167.1774
AT,2005-04-30,183.5
AT,2005-05-31,192.0968
AT,2005-06-30,187.75
AT,2005-07-31,183.871
AT,2005-08-31,151.4516
AT,2005-09-30,188.25
AT,2005-10-31,187.5
AT,2005-11-30,182.5
AT,2005-12-31,188.4677
AT,2006-01-31,182.9032
AT,2006-02-28,156.4286
AT,2006-03-31,157.2581
AT,2006-04-30,148.5
AT,2006-05-31,183.1452
AT,2006-06-30,190.75
AT,2006-07-31,126.5323
AT,2006-08-31,182.9032
AT,2006-09-30,181.0
AT,2006-10-31,194.2742
AT,2006-11-30,199.75
AT,2006-12-31,184.5968
AT,2007-01-31,180.2419
AT,2007-02-28,180.5357
AT,2007-03-31,178.7903
AT,2007-04-30,90.0
AT,2007-05-31,174.4355
AT,2007-06-30,195.25
AT,2007-07-31,187.7419
AT,2007-08-31,172.5
AT,2007-09-30,178.75
AT,2007-10-31,183.3871
AT,2007-11-30,186.25
AT,2007-12-31,186.5323
AT,2008-01-31,172.2581
AT,2008-02-29,181.8103
AT,2008-03-31,175.6452
AT,2008-04-30,179.75
AT,2008-05-31,184.5968
AT,2008-06-30,175.5
AT,2008-07-31,183.629
AT,2008-08-31,183.629
AT,2008-09-30,180.25
AT,2008-10-31,184.1129
AT,2008-11-30,165.75
AT,2008-12-31,174.4355
AT,2009-01-31,167.9032
AT,2009-02-28,174.375
AT,2009-03-31,162.3387
AT,2009-04-30,160.5
AT,2009-05-31,180.2419
AT,2009-06-30,170.0
AT,2009-07-31,177.8226
AT,2009-08-31,177.0968
AT,2009-09-30,159.5
AT,2009-10-31,175.1613
AT,2009-11-30,172.25
AT,2009-12-31,166.2097
AT,2010-01-31,163.7903
AT,2010-02-28,162.5893
AT,2010-03-31,158.4677
AT,2010-04-30,182.5
AT,2010-05-31,85.1613
AT,2010-06-30,88.5
AT,2010-07-31,177.8226
AT,2010-08-31,164.0323
AT,2010-09-30,176.75
AT,2010-10-31,187.9839
AT,2010-11-30,186.25
AT,2010-12-31,169.5968
AT,2011-01-31,175.8871
AT,2011-02-28,173.5714
AT,2011-03-31,175.1613
AT,2011-04-30,158.5
AT,2011-05-31,149.0323
AT,2011-06-30,161.75
AT,2011-07-31,175.6452
AT,2011-08-31,159.4355
AT,2011-09-30,172.5
AT,2011-10-31,166.6935
AT,2011-11-30,173.5
AT,2011-12-31,173.2258
AT,2012-01-31,161.371
AT,2012-02-29,156.2069
AT,2012-03-31,176.371
AT,2012-04-30,170.25
AT,2012-05-31,168.1452
AT,2012-06-30,178.75
AT,2012-07-31,178.3065
AT,2012-08-31,173.4677
AT,2012-09-30,180.5
AT,2012-10-31,192.0968
AT,2012-11-30,163.0
AT,2012-12-31,153.3871
AT,2013-01-31,156.2903
AT,2013-02-28,164.4643
AT,2013-03-31,164.2742
AT,2013-04-30,181.25
AT,2013-05-31,173.7097
AT,2013-06-30,186.5
AT,2013-07-31,188.7097
AT,2013-08-31,182.6613
AT,2013-09-30,177.5
AT,2013-10-31,174.6774
AT,2013-11-30,194.0
AT,2013-12-31,171.7742
AT,2014-01-31,183.1452
AT,2014-02-28,178.125
AT,2014-03-31,157.2581
AT,2014-04-30,117.0
AT,2014-05-31,188.4677
AT,2014-06-30,173.75
AT,2014-07-31,180.4839
AT,2014-08-31,174.1935
AT,2014-09-30,182.25
AT,2014-10-31,184.3548
AT,2014-11-30,177.5
AT,2014-12-31,184.3548
AT,2015-01-31,177.8226
AT,2015-02-28,180.0
AT,2015-03-31,183.1452
AT,2015-04-30,191.5
AT,2015-05-31,185.3226
AT,2015-06-30,184.75
AT,2015-07-31,167.4194
AT,2015-08-31,181.4516
AT,2015-09-30,183.5
AT,2015-10-31,181.6935
AT,2015-11-30,183.5
AT,2015-12-31,183.3871
AT,2016-01-31,155.5645
AT,2016-02-29,174.0517
AT,2016-03-31,170.8065
AT,2016-04-30,33.25
AT,2016-05-31,161.129
AT,2016-06-30,193.25
AT,2016-07-31,183.871
AT,2016-08-31,190.6452
AT,2016-09-30,189.25
AT,2016-10-31,189.9194
AT,2016-11-30,188.5
AT,2016-12-31,182.4194
AT,2017-01-31,184.8387
AT,2017-02-28,191.7857
AT,2017-03-31,189.6774
AT,2017-04-30,65.75
AT,2017-05-31,131.129
AT,2017-06-30,142.0
AT,2017-07-31,180.0
AT,2017-08-31,187.2581
AT,2017-09-30,191.25
AT,2017-10-31,181.4516
AT,2017-11-30,178.25
AT,2017-12-31,173.7097
AT,2018-01-31,175.4032
AT,2018-02-28,175.7143
AT,2018-03-31,182.1774
AT,2018-04-30,174.25
AT,2018-05-31,177.3387
AT,2018-06-30,190.5
AT,2018-07-31,188.9516
AT,2018-08-31,190.1613
AT,2018-09-30,193.5
AT,2018-10-31,188.9516
AT,2018-11-30,188.0
AT,2018-12-31,191.8548
AT,2019-01-31,194.2742
AT,2019-02-28,190.4464
AT,2019-03-31,188.4677
AT,2019-04-30,189.25
AT,2019-05-31,188.2258
AT,2019-06-30,187.0
AT,2019-07-31,185.0806
AT,2019-08-31,194.0323
AT,2019-09-30,173.0
AT,2019-10-31,196.6935
AT,2019-11-30,178.25
AT,2019-12-31,198.1452
AT,2020-01-31,188.2258
AT,2020-02-29,187.5
AT,2020-03-31,166.9355
AT,2020-04-30,154.0
AT,2020-05-31,168.3871
AT,2020-06-30,106.0
AT,2020-07-31,189.1935
AT,2020-08-31,188.2258
AT,2020-09-30,190.5
AT,2020-10-31,190.1613
AT,2020-11-30,120.0
AT,2020-12-31,138.629
AT,2021-01-31,165.4839
AT,2021-02-28,154.8214
AT,2021-03-31,154.1129
AT,2021-04-30,166.5
AT,2021-05-31,169.3548
AT,2021-06-30,175.75
AT,2021-07-31,170.8065
AT,2021-08-31,182.1774
AT,2021-09-30,176.0
AT,2021-10-31,170.0806
AT,2021-11-30,174.75
AT,2021-12-31,178.5484
AT,2022-01-31,179.5161
AT,2022-02-28,172.2321
AT,2022-03-31,178.3065
AT,2022-04-30,115.25
AT,2022-05-31,44.5161
AT,2022-06-30,36.0
AT,2022-07-31,48.871
AT,2022-08-31,38.2258
AT,2022-09-30,43.75
AT,2022-10-31,186.2903
AT,2022-11-30,171.75
AT,2022-12-31,181.6935
AT,2023-01-31,176.6129
AT,2023-02-28,176.5179
AT,2023-03-31,172.2581
AT,2023-04-30,178.75
AT,2023-05-31,179.5161
AT,2023-06-30,141.75
AT,2023-07-31,137.6613
AT,2023-08-31,154.5968
AT,2023-09-30,167.25
AT,2023-10-31,172.7419
AT,2023-11-30,161.0
AT,2023-12-31,164.7581
AT,2024-01-31,156.7742
AT,2024-02-29,158.0172
AT,2024-03-31,151.2097
AT,2024-04-30,159.5
AT,2024-05-31,151.4516
AT,2024-06-30,167.0
AT,2024-07-31,181.9355
AT,2024-08-31,174.1935
AT,2024-09-30,167.0
AT,2024-10-31,180.0
AT,2024-11-30,173.75
AT,2024-12-31,174.6774
AT,2025-01-31,185.3226
AT,2025-02-28,183.2143
AT,2025-03-31,176.8548
AU,2002-01-31,708.1361
AU,2002-02-28,707.7771
AU,2002-03-31,698.8384
AU,2002-04-30,675.1333
AU,2002-05-31,709.1413
AU,2002-06-30,678.2493
AU,2002-07-31,690.7971
AU,2002-08-31,742.5629
AU,2002-09-30,727.8457
AU,2002-10-31,702.1052
AU,2002-11-30,710.7077
AU,2002-12-31,713.1619
AU,2003-01-31,760.4045
AU,2003-02-28,723.0789
AU,2003-03-31,716.4287
AU,2003-04-30,728.8843
AU,2003-05-31,742.8142
AU,2003-06-30,614.631
AU,2003-07-31,589.7784
AU,2003-08-31,607.3687
AU,2003-09-30,596.1947
AU,2003-10-31,625.4616
AU,2003-11-30,573.8633
AU,2003-12-31,628.9797
AU,2004-01-31,624.4565
AU,2004-02-29,598.2183
AU,2004-03-31,629.4823
AU,2004-04-30,633.327
AU,2004-05-31,600.0813
AU,2004-06-30,600.609
AU,2004-07-31,684.7661
AU,2004-08-31,640.2877
AU,2004-09-30,647.6087
AU,2004-10-31,641.2929
AU,2004-11-30,643.454
AU,2004-12-31,674.7145
AU,2005-01-31,653.8574
AU,2005-02-28,587.5886
AU,2005-03-31,636.5184
AU,2005-04-30,641.3767
AU,2005-05-31,547.5616
AU,2005-06-30,610.4763
AU,2005-07-31,601.3377
AU,2005-08-31,564.6494
AU,2005-09-30,613.073
AU,2005-10-31,589.0245
AU,2005-11-30,583.9903
AU,2005-12-31,624.959
AU,2006-01-31,607.1174
AU,2006-02-28,565.6096
AU,2006-03-31,590.281
AU,2006-04-30,589.4433
AU,2006-05-31,532.4842
AU,2006-06-30,540.1067
AU,2006-07-31,598.071
AU,2006-08-31,614.9074
AU,2006-09-30,599.5703
AU,2006-10-31,624.2052
AU,2006-11-30,620.863
AU,2006-12-31,669.6887
AU,2007-01-31,663.909
AU,2007-02-28,598.9954
AU,2007-03-31,666.9245
AU,2007-04-30,597.493
AU,2007-05-31,613.9023
AU,2007-06-30,606.3217
AU,2007-07-31,630.4874
AU,2007-08-31,628.2258
AU,2007-09-30,578.2777
AU,2007-10-31,572.6906
AU,2007-11-30,605.283
AU,2007-12-31,598.3223
AU,2008-01-31,660.8935
AU,2008-02-29,525.9593
AU,2008-03-31,566.1571
AU,2008-04-30,573.0843
AU,2008-05-31,532.2329
AU,2008-06-30,543.4823
AU,2008-07-31,568.9213
AU,2008-08-31,608.3739
AU,2008-09-30,541.9243
AU,2008-10-31,551.0797
AU,2008-11-30,563.996
AU,2008-12-31,591.5374
AU,2009-01-31,586.2581
AU,2009-02-28,596.4214
AU,2009-03-31,544.2387
AU,2009-04-30,589.16
AU,2009-05-31,589.7806
AU,2009-06-30,584.22
AU,2009-07-31,587.5161
AU,2009-08-31,599.8452
AU,2009-09-30,555.36
AU,2009-10-31,483.6
AU,2009-11-30,572.78
AU,2009-12-31,632.3032
AU,2010-01-31,637.0839
AU,2010-02-28,624.0
AU,2010-03-31,490.3935
AU,2010-04-30,640.64
AU,2010-05-31,565.3742
AU,2010-06-30,573.04
AU,2010-07-31,571.9161
AU,2010-08-31,663.2516
AU,2010-09-30,650.78
AU,2010-10-31,574.6839
AU,2010-11-30,646.88
AU,2010-12-31,638.3419
AU,2011-01-31,609.1548
AU,2011-02-28,650.1857
AU,2011-03-31,658.7226
AU,2011-04-30,660.4
AU,2011-05-31,635.3226
AU,2011-06-30,650.52
AU,2011-07-31,591.7935
AU,2011-08-31,660.7355
AU,2011-09-30,606.32
AU,2011-10-31,521.8452
AU,2011-11-30,625.04
AU,2011-12-31,653.4387
AU,2012-01-31,633.3097
AU,2012-02-29,627.4966
AU,2012-03-31,583.2387
AU,2012-04-30,635.44
AU,2012-05-31,598.0839
AU,2012-06-30,596.7
AU,2012-07-31,623.7484
AU,2012-08-31,567.1355
AU,2012-09-30,607.88
AU,2012-10-31,571.1613
AU,2012-11-30,542.36
AU,2012-12-31,608.9032
AU,2013-01-31,597.8323
AU,2013-02-28,602.55
AU,2013-03-31,578.7097
AU,2013-04-30,554.84
AU,2013-05-31,559.0839
AU,2013-06-30,576.68
AU,2013-07-31,588.7742
AU,2013-08-31,619.471
AU,2013-09-30,548.86
AU,2013-10-31,593.8065
AU,2013-11-30,612.56
AU,2013-12-31,617.7097
AU,2014-01-31,598.5871
AU,2014-02-28,593.6357
AU,2014-03-31,606.6387
AU,2014-04-30,581.88
AU,2014-05-31,456.1742
AU,2014-06-30,505.7
AU,2014-07-31,567.8903
AU,2014-08-31,580.471
AU,2014-09-30,511.42
AU,2014-10-31,485.3613
AU,2014-11-30,493.22
AU,2014-12-31,481.8387
AU,2015-01-31,497.6903
AU,2015-02-28,497.8071
AU,2015-03-31,473.0323
AU,2015-04-30,495.56
AU,2015-05-31,386.4774
AU,2015-06-30,376.22
AU,2015-07-31,429.0
AU,2015-08-31,424.2194
AU,2015-09-30,351.0
AU,2015-10-31,362.3226
AU,2015-11-30,397.54
AU,2015-12-31,437.8065
AU,2016-01-31,434.0323
AU,2016-02-29,443.2552
AU,2016-03-31,426.2323
AU,2016-04-30,442.78
AU,2016-05-31,445.1032
AU,2016-06-30,439.14
AU,2016-07-31,438.3097
AU,2016-08-31,448.8774
AU,2016-09-30,422.76
AU,2016-10-31,411.1355
AU,2016-11-30,416.26
AU,2016-12-31,432.7742
AU,2017-01-31,442.5871
AU,2017-02-28,377.1857
AU,2017-03-31,323.071
AU,2017-04-30,443.56
AU,2017-05-31,451.3935
AU,2017-06-30,440.7
AU,2017-07-31,451.8968
AU,2017-08-31,394.529
AU,2017-09-30,423.02
AU,2017-10-31,438.5613
AU,2017-11-30,400.66
AU,2017-12-31,440.071
AU,2018-01-31,489.8903
AU,2018-02-28,470.2286
AU,2018-03-31,479.5742
AU,2018-04-30,455.26
AU,2018-05-31,466.7419
AU,2018-06-30,490.1
AU,2018-07-31,478.0645
AU,2018-08-31,440.8258
AU,2018-09-30,500.5
AU,2018-10-31,465.7355
AU,2018-11-30,473.98
AU,2018-12-31,477.8129
AU,2019-01-31,484.3548
AU,2019-02-28,493.6286
AU,2019-03-31,491.6516
AU,2019-04-30,476.84
AU,2019-05-31,456.4258
AU,2019-06-30,499.98
AU,2019-07-31,472.7806
AU,2019-08-31,418.6839
AU,2019-09-30,440.18
AU,2019-10-31,410.8839
AU,2019-11-30,432.64
AU,2019-12-31,499.7032
AU,2020-01-31,485.6129
AU,2020-02-29,491.131
AU,2020-03-31,458.1871
AU,2020-04-30,404.3
AU,2020-05-31,302.9419
AU,2020-06-30,314.08
AU,2020-07-31,313.5097
AU,2020-08-31,326.0903
AU,2020-09-30,336.96
AU,2020-10-31,386.4774
AU,2020-11-30,420.16
AU,2020-12-31,422.4581
AU,2021-01-31,434.2839
AU,2021-02-28,401.7
AU,2021-03-31,359.3032
AU,2021-04-30,361.4
AU,2021-05-31,360.5613
AU,2021-06-30,354.64
AU,2021-07-31,328.6065
AU,2021-08-31,287.3419
AU,2021-09-30,254.02
AU,2021-10-31,250.6065
AU,2021-11-30,263.9
AU,2021-12-31,279.0387
AU,2022-01-31,282.8129
AU,2022-02-28,253.5
AU,2022-03-31,254.3806
AU,2022-04-30,280.54
AU,2022-05-31,265.2
AU,2022-06-30,270.14
AU,2022-07-31,260.4194
AU,2022-08-31,238.2774
AU,2022-09-30,290.94
AU,2022-10-31,251.1097
AU,2022-11-30,260.0
AU,2022-12-31,264.9484
AU,2023-01-31,263.6903
AU,2023-02-28,279.9643
AU,2023-03-31,259.6645
AU,2023-04-30,275.34
AU,2023-05-31,273.7548
AU,2023-06-30,232.96
AU,2023-07-31,263.4387
AU,2023-08-31,251.1097
AU,2023-09-30,288.34
AU,2023-10-31,255.1355
AU,2023-11-30,260.52
AU,2023-12-31,262.4323
AU,2024-01-31,251.1097
AU,2024-02-29,273.269
AU,2024-03-31,261.6774
AU,2024-04-30,265.46
AU,2024-05-31,267.9677
AU,2024-06-30,260.0
AU,2024-07-31,233.7484
AU,2024-08-31,205.8194
AU,2024-09-30,235.82
AU,2024-10-31,257.4
AU,2024-11-30,262.08
AU,2024-12-31,277.529
AU,2025-01-31,251.8645
AU,2025-02-28,269.6571
AU,2025-03-31,254.129
AZ,2002-01-31,114.5916
AZ,2002-02-28,123.1843
AZ,2002-03-31,112.4519
AZ,2002-04-30,116.6917
AZ,2002-05-31,155.2455
AZ,2002-06-30,160.1747
AZ,2002-07-31,132.1845
AZ,2002-08-31,127.6674
AZ,2002-09-30,127.501
AZ,2002-10-31,121.0106
AZ,2002-11-30,123.5703
AZ,2002-12-31,118.871
AZ,2003-01-31,134.0865
AZ,2003-02-28,141.8725
AZ,2003-03-31,133.3732
AZ,2003-04-30,111.7783
AZ,2003-05-31,115.0671
AZ,2003-06-30,113.2523
AZ,2003-07-31,118.871
AZ,2003-08-31,122.9126
AZ,2003-09-30,123.816
AZ,2003-10-31,126.241
AZ,2003-11-30,127.0097
AZ,2003-12-31,154.0568
AZ,2004-01-31,128.6184
AZ,2004-02-29,127.069
AZ,2004-03-31,131.2335
AZ,2004-04-30,126.027
AZ,2004-05-31,126.0032
AZ,2004-06-30,128.4837
AZ,2004-07-31,124.8145
AZ,2004-08-31,121.4861
AZ,2004-09-30,129.712
AZ,2004-10-31,115.5426
AZ,2004-11-30,128.7293
AZ,2004-12-31,132.1845
AZ,2005-01-31,123.1503
AZ,2005-02-28,122.1314
AZ,2005-03-31,126.0032
AZ,2005-04-30,178.1083
AZ,2005-05-31,178.3065
AZ,2005-06-30,158.7007
AZ,2005-07-31,133.8487
AZ,2005-08-31,139.079
AZ,2005-09-30,211.2733
AZ,2005-10-31,124.1013
AZ,2005-11-30,161.6487
AZ,2005-12-31,160.4758
AZ,2006-01-31,160.0003
AZ,2006-02-28,172.6686
AZ,2006-03-31,162.6155
AZ,2006-04-30,165.825
AZ,2006-05-31,160.4758
AZ,2006-06-30,155.9983
AZ,2006-07-31,159.2871
AZ,2006-08-31,122.1994
AZ,2006-09-30,120.131
AZ,2006-10-31,122.4371
AZ,2006-11-30,149.3653
AZ,2006-12-31,164.5174
AZ,2007-01-31,164.2797
AZ,2007-02-28,162.6664
AZ,2007-03-31,162.8532
AZ,2007-04-30,161.8943
AZ,2007-05-31,154.0568
AZ,2007-06-30,138.3103
AZ,2007-07-31,134.7997
AZ,2007-08-31,140.5055
AZ,2007-09-30,151.085
AZ,2007-10-31,162.14
AZ,2007-11-30,131.6773
AZ,2007-12-31,151.2039
AZ,2008-01-31,144.7848
AZ,2008-02-29,156.2948
AZ,2008-03-31,156.4342
AZ,2008-04-30,134.871
AZ,2008-05-31,136.9394
AZ,2008-06-30,136.345
AZ,2008-07-31,153.819
AZ,2008-08-31,145.9735
AZ,2008-09-30,147.6457
AZ,2008-10-31,152.1548
AZ,2008-11-30,154.033
AZ,2008-12-31,152.1548
AZ,2009-01-31,136.7016
AZ,2009-02-28,113.7086
AZ,2009-03-31,115.3048
AZ,2009-04-30,122.342
AZ,2009-05-31,118.1577
AZ,2009-06-30,127.501
AZ,2009-07-31,116.7313
AZ,2009-08-31,115.5426
AZ,2009-09-30,137.082
AZ,2009-10-31,112.4519
AZ,2009-11-30,111.7783
AZ,2009-12-31,134.7997
AZ,2010-01-31,134.3242
AZ,2010-02-28,122.6579
AZ,2010-03-31,129.3316
AZ,2010-04-30,133.8883
AZ,2010-05-31,119.3465
AZ,2010-06-30,123.5703
AZ,2010-07-31,128.1429
AZ,2010-08-31,121.7239
AZ,2010-09-30,131.923
AZ,2010-10-31,128.6184
AZ,2010-11-30,130.6947
AZ,2010-12-31,123.8635
AZ,2011-01-31,124.5768
AZ,2011-02-28,108.1811
AZ,2011-03-31,125.5277
AZ,2011-04-30,124.7987
AZ,2011-05-31,114.5916
AZ,2011-06-30,120.3767
AZ,2011-07-31,141.6942
AZ,2011-08-31,142.8829
AZ,2011-09-30,116.2003
AZ,2011-10-31,123.3881
AZ,2011-11-30,110.55
AZ,2011-12-31,121.2484
AZ,2012-01-31,118.1577
AZ,2012-02-29,116.6493
AZ,2012-03-31,124.1013
AZ,2012-04-30,115.2177
AZ,2012-05-31,132.1845
AZ,2012-06-30,118.4113
AZ,2012-07-31,123.3881
AZ,2012-08-31,133.611
AZ,2012-09-30,122.342
AZ,2012-10-31,109.1235
AZ,2012-11-30,115.2177
AZ,2012-12-31,121.9616
AZ,2013-01-31,135.7506
AZ,2013-02-28,127.6589
AZ,2013-03-31,127.9052
AZ,2013-04-30,124.7987
AZ,2013-05-31,135.7506
AZ,2013-06-30,127.501
AZ,2013-07-31,140.2677
AZ,2013-08-31,125.7655
AZ,2013-09-30,121.8507
AZ,2013-10-31,123.1503
AZ,2013-11-30,140.5213
AZ,2013-12-31,119.8219
AZ,2014-01-31,132.8977
AZ,2014-02-28,129.2382
AZ,2014-03-31,126.4787
AZ,2014-04-30,74.1913
AZ,2014-05-31,113.1652
AZ,2014-06-30,153.5417
AZ,2014-07-31,150.0152
AZ,2014-08-31,144.3094
AZ,2014-09-30,148.3827
AZ,2014-10-31,140.5055
AZ,2014-11-30,145.4347
AZ,2014-12-31,126.7165
AZ,2015-01-31,144.0716
AZ,2015-02-28,120.5521
AZ,2015-03-31,145.7358
AZ,2015-04-30,141.504
AZ,2015-05-31,122.4371
AZ,2015-06-30,64.6103
AZ,2015-07-31,140.7432
AZ,2015-08-31,140.7432
AZ,2015-09-30,122.5877
AZ,2015-10-31,137.1771
AZ,2015-11-30,132.1687
AZ,2015-12-31,100.3271
AZ,2016-01-31,129.8071
AZ,2016-02-29,124.7817
AZ,2016-03-31,122.9126
AZ,2016-04-30,91.6337
AZ,2016-05-31,130.9958
AZ,2016-06-30,111.0413
AZ,2016-07-31,125.29
AZ,2016-08-31,77.5039
AZ,2016-09-30,121.605
AZ,2016-10-31,109.8368
AZ,2016-11-30,126.2727
AZ,2016-12-31,94.859
AZ,2017-01-31,126.4787
AZ,2017-02-28,124.7636
AZ,2017-03-31,104.6065
AZ,2017-04-30,126.027
AZ,2017-05-31,123.6258
AZ,2017-06-30,103.4257
AZ,2017-07-31,125.5277
AZ,2017-08-31,78.6926
AZ,2017-09-30,116.2003
AZ,2017-10-31,102.4668
AZ,2017-11-30,127.9923
AZ,2017-12-31,98.4252
AZ,2018-01-31,126.4787
AZ,2018-02-28,120.8154
AZ,2018-03-31,103.4177
AZ,2018-04-30,133.8883
AZ,2018-05-31,131.709
AZ,2018-06-30,97.0383
AZ,2018-07-31,121.0106
AZ,2018-08-31,133.1355
AZ,2018-09-30,92.125
AZ,2018-10-31,97.7119
AZ,2018-11-30,130.9403
AZ,2018-12-31,109.599
AZ,2019-01-31,131.9468
AZ,2019-02-28,124.5004
AZ,2019-03-31,98.6629
AZ,2019-04-30,133.397
AZ,2019-05-31,126.0032
AZ,2019-06-30,100.7233
AZ,2019-07-31,140.2677
AZ,2019-08-31,136.9394
AZ,2019-09-30,99.7407
AZ,2019-10-31,97.4742
AZ,2019-11-30,133.8883
AZ,2019-12-31,100.0894
AZ,2020-01-31,130.9958
AZ,2020-02-29,128.0855
AZ,2020-03-31,97.4742
AZ,2020-04-30,143.4693
AZ,2020-05-31,87.7268
AZ,2020-06-30,104.4083
AZ,2020-07-31,104.3687
AZ,2020-08-31,110.55
AZ,2020-09-30,58.4687
AZ,2020-10-31,116.2558
AZ,2020-11-30,111.287
AZ,2020-12-31,112.2142
AZ,2021-01-31,44.6955
AZ,2021-02-28,84.4918
AZ,2021-03-31,88.44
AZ,2021-04-30,138.8017
AZ,2021-05-31,102.229
AZ,2021-06-30,131.923
AZ,2021-07-31,135.7506
AZ,2021-08-31,139.3168
AZ,2021-09-30,128.4837
AZ,2021-10-31,95.0968
AZ,2021-11-30,124.3073
AZ,2021-12-31,126.9542
AZ,2022-01-31,130.9958
AZ,2022-02-28,112.1293
AZ,2022-03-31,126.0032
AZ,2022-04-30,76.4023
AZ,2022-05-31,75.8397
AZ,2022-06-30,128.238
AZ,2022-07-31,127.9052
AZ,2022-08-31,128.6184
AZ,2022-09-30,127.7467
AZ,2022-10-31,123.8635
AZ,2022-11-30,124.0617
AZ,2022-12-31,115.3048
AZ,2023-01-31,112.9274
AZ,2023-02-28,117.1304
AZ,2023-03-31,115.7803
AZ,2023-04-30,114.7263
AZ,2023-05-31,112.2142
AZ,2023-06-30,114.235
AZ,2023-07-31,117.4445
AZ,2023-08-31,121.0106
AZ,2023-09-30,115.2177
AZ,2023-10-31,121.9616
AZ,2023-11-30,116.6917
AZ,2023-12-31,115.3048
AZ,2024-01-31,87.489
AZ,2024-02-29,108.0086
AZ,2024-03-31,79.4058
AZ,2024-04-30,105.1453
AZ,2024-05-31,84.6361
AZ,2024-06-30,78.122
AZ,2024-07-31,76.5529
AZ,2024-08-31,79.4058
AZ,2024-09-30,108.5847
AZ,2024-10-31,97.9497
AZ,2024-11-30,15.477
AZ,2024-12-31,75.6019
AZ,2025-01-31,123.3881
AZ,2025-02-28,131.8704
AZ,2025-03-31,51.8277
BB,2002-01-31,0.0
BB,2002-02-28,0.0
BB,2002-03-31,0.0
BB,2002-04-30,0.0
BB,2002-05-31,0.0
BB,2002-06-30,0.0
BB,2002-07-31,0.0
BB,2002-08-31,0.0
BB,2002-09-30,0.0
BB,2002-10-31,0.0
BB,2002-11-30,0.0
BB,2002-12-31,0.0
BB,2003-01-31,0.0
BB,2003-02-28,0.0
BB,2003-03-31,0.0
BB,2003-04-30,0.0
BB,2003-05-31,0.0
BB,2003-06-30,0.0
BB,2003-07-31,0.0
BB,2003-08-31,0.0
BB,2003-09-30,0.0
BB,2003-10-31,0.0
BB,2003-11-30,0.0
BB,2003-12-31,0.0
BB,2004-01-31,0.0
BB,2004-02-29,0.0
BB,2004-03-31,0.0
BB,2004-04-30,0.0
BB,2004-05-31,0.0
BB,2004-06-30,0.0
BB,2004-07-31,0.0
BB,2004-08-31,0.0
BB,2004-09-30,0.0
BB,2004-10-31,0.0
BB,2004-11-30,0.0
BB,2004-12-31,0.0
BB,2005-01-31,0.0
BB,2005-02-28,0.0
BB,2005-03-31,0.0
BB,2005-04-30,0.0
BB,2005-05-31,0.0
BB,2005-06-30,0.0
BB,2005-07-31,0.0
BB,2005-08-31,0.0
BB,2005-09-30,0.0
BB,2005-10-31,0.0
BB,2005-11-30,0.0
BB,2005-12-31,0.0
BB,2006-01-31,0.0
BB,2006-02-28,0.0
BB,2006-03-31,0.0
BB,2006-04-30,0.0
BB,2006-05-31,0.0
BB,2006-06-30,0.0
BB,2006-07-31,0.0
BB,2006-08-31,0.0
BB,2006-09-30,0.0
BB,2006-10-31,0.0
BB,2006-11-30,0.0
BB,2006-12-31,0.0
BB,2007-01-31,0.0
BB,2007-02-28,0.0
BB,2007-03-31,0.0
BB,2007-04-30,0.0
BB,2007-05-31,0.0
BB,2007-06-30,0.0
BB,2007-07-31,0.0
BB,2007-08-31,0.0
BB,2007-09-30,0.0
BB,2007-10-31,0.0
BB,2007-11-30,0.0
BB,2007-12-31,0.0
BB,2008-01-31,0.0
BB,2008-02-29,0.0
BB,2008-03-31,0.0
BB,2008-04-30,0.0
BB,2008-05-31,0.0
BB,2008-06-30,0.0
BB,2008-07-31,0.0
BB,2008-08-31,0.0
BB,2008-09-30,0.0
BB,2008-10-31,0.0
BB,2008-11-30,0.0
BB,2008-12-31,0.0
BB,2009-01-31,0.0
BB,2009-02-28,0.0
BB,2009-03-31,0.0
BB,2009-04-30,0.0
BB,2009-05-31,0.0
BB,2009-06-30,0.0
BB,2009-07-31,0.0
BB,2009-08-31,0.0
BB,2009-09-30,0.0
BB,2009-10-31,0.0
BB,2009-11-30,0.0
BB,2009-12-31,0.0
BB,2010-01-31,0.0
BB,2010-02-28,0.0
BB,2010-03-31,0.0
BB,2010-04-30,0.0
BB,2010-05-31,0.0
BB,2010-06-30,0.0
BB,2010-07-31,0.0
BB,2010-08-31,0.0
BB,2010-09-30,0.0
BB,2010-10-31,0.0
BB,2010-11-30,0.0
BB,2010-12-31,0.0
BB,2011-01-31,0.0
BB,2011-02-28,0.0
BB,2011-03-31,0.0
BB,2011-04-30,0.0
BB,2011-05-31,0.0
BB,2011-06-30,0.0
BB,2011-07-31,0.0
BB,2011-08-31,0.0
BB,2011-09-30,0.0
BB,2011-10-31,0.0
BB,2011-11-30,0.0
BB,2011-12-31,0.0
BB,2012-01-31,0.0
BB,2012-02-29,0.0
BB,2012-03-31,0.0
BB,2012-04-30,0.0
BB,2012-05-31,0.0
BB,2012-06-30,0.0
BB,2012-07-31,0.0
BB,2012-08-31,0.0
BB,2012-09-30,0.0
BB,2012-10-31,0.0
BB,2012-11-30,0.0
BB,2012-12-31,0.0
BB,2013-01-31,0.0
BB,2013-02-28,0.0
BB,2013-03-31,0.0
BB,2013-04-30,0.0
BB,2013-05-31,0.0
BB,2013-06-30,0.0
BB,2013-07-31,0.0
BB,2013-08-31,0.0
BB,2013-09-30,0.0
BB,2013-10-31,0.0
BB,2013-11-30,0.0
BB,2013-12-31,0.0
BB,2014-01-31,0.0
BB,2014-02-28,0.0
BB,2014-03-31,0.0
BB,2014-04-30,0.0
BB,2014-05-31,0.0
BB,2014-06-30,0.0
BB,2014-07-31,0.0
BB,2014-08-31,0.0
BB,2014-09-30,0.0
BB,2014-10-31,0.0
BB,2014-11-30,0.0
BB,2014-12-31,0.0
BB,2015-01-31,0.0
BB,2015-02-28,0.0
BB,2015-03-31,0.0
BB,2015-04-30,0.0
BB,2015-05-31,0.0
BB,2015-06-30,0.0
BB,2015-07-31,0.0
BB,2015-08-31,0.0
BB,2015-09-30,0.0
BB,2015-10-31,0.0
BB,2015-11-30,0.0
BB,2015-12-31,0.0
BB,2016-01-31,0.0
BB,2016-02-29,0.0
BB,2016-03-31,0.0
BB,2016-04-30,0.0
BB,2016-05-31,0.0
BB,2016-06-30,0.0
BB,2016-07-31,0.0
BB,2016-08-31,
BB,2016-09-30,
BB,2016-10-31,
BB,2016-11-30,
BB,2016-12-31,
BB,2017-01-31,
BB,2017-02-28,
BB,2017-03-31,
BB,2017-04-30,
BB,2017-05-31,
BB,2017-06-30,
BB,2017-07-31,
BB,2017-08-31,
BB,2017-09-30,
BB,2017-10-31,
BB,2017-11-30,
BB,2017-12-31,
BB,2018-01-31,
BB,2018-02-28,
BB,2018-03-31,
BB,2018-04-30,
BB,2018-05-31,
BB,2018-06-30,
BB,2018-07-31,
BB,2018-08-31,
BB,2018-09-30,
BB,2018-10-31,
BB,2018-11-30,
BB,2018-12-31,
BB,2019-01-31,
BB,2019-02-28,
BB,2019-03-31,
BB,2019-04-30,
BB,2019-05-31,
BB,2019-06-30,
BB,2019-07-31,
BB,2019-08-31,
BB,2019-09-30,
BB,2019-10-31,
BB,2019-11-30,
BB,2019-12-31,
BB,2020-01-31,
BB,2020-02-29,
BB,2020-03-31,
BB,2020-04-30,
BB,2020-05-31,
BB,2020-06-30,
BB,2020-07-31,
BB,2020-08-31,
BB,2020-09-30,
BB,2020-10-31,
BB,2020-11-30,
BB,2020-12-31,
BB,2021-01-31,
BB,2021-02-28,
BB,2021-03-31,
BB,2021-04-30,
BB,2021-05-31,
BB,2021-06-30,
BB,2021-07-31,
BB,2021-08-31,
BB,2021-09-30,
BB,2021-10-31,
BB,2021-11-30,
BB,2021-12-31,
BB,2022-01-31,
BB,2022-02-28,
BB,2022-03-31,
BB,2022-04-30,
BB,2022-05-31,
BB,2022-06-30,
BB,2022-07-31,
BB,2022-08-31,
BB,2022-09-30,
BB,2022-10-31,
BB,2022-11-30,
BB,2022-12-31,
BB,2023-01-31,
BB,2023-02-28,
BB,2023-03-31,
BB,2023-04-30,
BB,2023-05-31,
BB,2023-06-30,
BB,2023-07-31,
BB,2023-08-31,
BB,2023-09-30,
BB,2023-10-31,
BB,2023-11-30,
BB,2023-12-31,
BB,2024-01-31,
BB,2024-02-29,
BB,2024-03-31,
BB,2024-04-30,
BB,2024-05-31,
BB,2024-06-30,
BB,2024-07-31,
BB,2024-08-31,
BB,2024-09-30,
BB,2024-10-31,
BB,2024-11-30,
BB,2024-12-31,
BB,2025-01-31,
BD,2002-01-31,
BD,2002-02-28,
BD,2002-03-31,
BD,2002-04-30,
BD,2002-05-31,
BD,2002-06-30,
BD,2002-07-31,
BD,2002-08-31,
BD,2002-09-30,
BD,2002-10-31,
BD,2002-11-30,
BD,2002-12-31,
BD,2003-01-31,
BD,2003-02-28,
BD,2003-03-31,
BD,2003-04-30,
BD,2003-05-31,
BD,2003-06-30,
BD,2003-07-31,
BD,2003-08-31,
BD,2003-09-30,
BD,2003-10-31,
BD,2003-11-30,
BD,2003-12-31,
BD,2004-01-31,
BD,2004-02-29,
BD,2004-03-31,
BD,2004-04-30,
BD,2004-05-31,
BD,2004-06-30,
BD,2004-07-31,
BD,2004-08-31,
BD,2004-09-30,
BD,2004-10-31,
BD,2004-11-30,
BD,2004-12-31,
BD,2005-01-31,
BD,2005-02-28,
BD,2005-03-31,
BD,2005-04-30,
BD,2005-05-31,
BD,2005-06-30,
BD,2005-07-31,
BD,2005-08-31,
BD,2005-09-30,
BD,2005-10-31,
BD,2005-11-30,
BD,2005-12-31,
BD,2006-01-31,
BD,2006-02-28,
BD,2006-03-31,
BD,2006-04-30,
BD,2006-05-31,
BD,2006-06-30,
BD,2006-07-31,
BD,2006-08-31,
BD,2006-09-30,
BD,2006-10-31,
BD,2006-11-30,
BD,2006-12-31,
BD,2007-01-31,
BD,2007-02-28,
BD,2007-03-31,
BD,2007-04-30,
BD,2007-05-31,
BD,2007-06-30,
BD,2007-07-31,
BD,2007-08-31,
BD,2007-09-30,
BD,2007-10-31,
BD,2007-11-30,
BD,2007-12-31,
BD,2008-01-31,
BD,2008-02-29,
BD,2008-03-31,
BD,2008-04-30,
BD,2008-05-31,
BD,2008-06-30,
BD,2008-07-31,
BD,2008-08-31,
BD,2008-09-30,
BD,2008-10-31,
BD,2008-11-30,
BD,2008-12-31,
BD,2009-01-31,
BD,2009-02-28,
BD,2009-03-31,
BD,2009-04-30,
BD,2009-05-31,
BD,2009-06-30,
BD,2009-07-31,
BD,2009-08-31,
BD,2009-09-30,
BD,2009-10-31,
BD,2009-11-30,
BD,2009-12-31,
BD,2010-01-31,
BD,2010-02-28,
BD,2010-03-31,
BD,2010-04-30,
BD,2010-05-31,
BD,2010-06-30,
BD,2010-07-31,
BD,2010-08-31,
BD,2010-09-30,
BD,2010-10-31,
BD,2010-11-30,
BD,2010-12-31,
BD,2011-01-31,
BD,2011-02-28,
BD,2011-03-31,
BD,2011-04-30,
BD,2011-05-31,
BD,2011-06-30,
BD,2011-07-31,
BD,2011-08-31,
BD,2011-09-30,
BD,2011-10-31,
BD,2011-11-30,
BD,2011-12-31,
BD,2012-01-31,
BD,2012-02-29,
BD,2012-03-31,
BD,2012-04-30,
BD,2012-05-31,
BD,2012-06-30,
BD,2012-07-31,
BD,2012-08-31,
BD,2012-09-30,
BD,2012-10-31,
BD,2012-11-30,
BD,2012-12-31,
BD,2013-01-31,
BD,2013-02-28,
BD,2013-03-31,
BD,2013-04-30,
BD,2013-05-31,
BD,2013-06-30,
BD,2013-07-31,
BD,2013-08-31,
BD,2013-09-30,
BD,2013-10-31,
BD,2013-11-30,
BD,2013-12-31,
BD,2014-01-31,
BD,2014-02-28,
BD,2014-03-31,
BD,2014-04-30,
BD,2014-05-31,
BD,2014-06-30,
BD,2014-07-31,
BD,2014-08-31,
BD,2014-09-30,
BD,2014-10-31,
BD,2014-11-30,
BD,2014-12-31,
BD,2015-01-31,
BD,2015-02-28,
BD,2015-03-31,
BD,2015-04-30,
BD,2015-05-31,
BD,2015-06-30,
BD,2015-07-31,
BD,2015-08-31,
BD,2015-09-30,
BD,2015-10-31,
BD,2015-11-30,
BD,2015-12-31,
BD,2016-01-31,
BD,2016-02-29,
BD,2016-03-31,
BD,2016-04-30,
BD,2016-05-31,
BD,2016-06-30,
BD,2016-07-31,
BD,2016-08-31,
BD,2016-09-30,
BD,2016-10-31,
BD,2016-11-30,
BD,2016-12-31,
BD,2017-01-31,
BD,2017-02-28,
BD,2017-03-31,
BD,2017-04-30,
BD,2017-05-31,
BD,2017-06-30,
BD,2017-07-31,
BD,2017-08-31,
BD,2017-09-30,
BD,2017-10-31,
BD,2017-11-30,
BD,2017-12-31,
BD,2018-01-31,
BD,2018-02-28,
BD,2018-03-31,
BD,2018-04-30,
BD,2018-05-31,
BD,2018-06-30,
BD,2018-07-31,
BD,2018-08-31,
BD,2018-09-30,
BD,2018-10-31,
BD,2018-11-30,
BD,2018-12-31,
BD,2019-01-31,
BD,2019-02-28,
BD,2019-03-31,
BD,2019-04-30,
BD,2019-05-31,
BD,2019-06-30,
BD,2019-07-31,
BD,2019-08-31,
BD,2019-09-30,
BD,2019-10-31,
BD,2019-11-30,
BD,2019-12-31,
BD,2020-01-31,
BD,2020-02-29,
BD,2020-03-31,
BD,2020-04-30,
BD,2020-05-31,
BD,2020-06-30,
BD,2020-07-31,
BD,2020-08-31,
BD,2020-09-30,
BD,2020-10-31,
BD,2020-11-30,
BD,2020-12-31,
BD,2021-01-31,
BD,2021-02-28,
BD,2021-03-31,
BD,2021-04-30,
BD,2021-05-31,
BD,2021-06-30,
BD,2021-07-31,
BD,2021-08-31,
BD,2021-09-30,
BD,2021-10-31,
BD,2021-11-30,
BD,2021-12-31,
BD,2022-01-31,
BD,2022-02-28,
BD,2022-03-31,
BD,2022-04-30,
BD,2022-05-31,
BD,2022-06-30,
BD,2022-07-31,
BD,2022-08-31,
BD,2022-09-30,
BD,2022-10-31,
BD,2022-11-30,
BD,2022-12-31,
BD,2023-01-31,
BD,2023-02-28,
BD,2023-03-31,
BD,2023-04-30,
BD,2023-05-31,
BD,2023-06-30,
BD,2023-07-31,
BD,2023-08-31,
BD,2023-09-30,
BD,2023-10-31,
BD,2023-11-30,
BD,2023-12-31,
BD,2024-01-31,
BD,2024-02-29,
BD,2024-03-31,
BD,2024-04-30,
BD,2024-05-31,
BD,2024-06-30,
BD,2024-07-31,
BD,2024-08-31,
BD,2024-09-30,
BD,2024-10-31,
BD,2024-11-30,
BD,2024-12-31,
BD,2025-01-31,
BD,2025-02-28,
BD,2025-03-31,
BE,2002-01-31,635.7219
BE,2002-02-28,604.8664
BE,2002-03-31,628.8274
BE,2002-04-30,678.5313
BE,2002-05-31,683.9835
BE,2002-06-30,728.893
BE,2002-07-31,638.8126
BE,2002-08-31,696.8216
BE,2002-09-30,688.8493
BE,2002-10-31,687.0742
BE,2002-11-30,735.0347
BE,2002-12-31,715.6032
BE,2003-01-31,710.3729
BE,2003-02-28,705.9407
BE,2003-03-31,805.9452
BE,2003-04-30,805.541
BE,2003-05-31,789.7787
BE,2003-06-30,730.367
BE,2003-07-31,762.2006
BE,2003-08-31,692.78
BE,2003-09-30,678.2857
BE,2003-10-31,691.1158
BE,2003-11-30,692.78
BE,2003-12-31,712.5126
BE,2004-01-31,710.1352
BE,2004-02-29,724.039
BE,2004-03-31,629.3029
BE,2004-04-30,706.046
BE,2004-05-31,699.9123
BE,2004-06-30,678.2857
BE,2004-07-31,742.7058
BE,2004-08-31,716.0787
BE,2004-09-30,638.7333
BE,2004-10-31,688.9761
BE,2004-11-30,660.8433
BE,2004-12-31,716.5542
BE,2005-01-31,668.2926
BE,2005-02-28,688.3054
BE,2005-03-31,699.6745
BE,2005-04-30,734.789
BE,2005-05-31,551.0858
BE,2005-06-30,482.2437
BE,2005-07-31,536.8213
BE,2005-08-31,690.4026
BE,2005-09-30,720.5403
BE,2005-10-31,688.5006
BE,2005-11-30,637.9963
BE,2005-12-31,675.9003
BE,2006-01-31,673.9984
BE,2006-02-28,663.0368
BE,2006-03-31,655.93
BE,2006-04-30,714.6443
BE,2006-05-31,697.0594
BE,2006-06-30,715.627
BE,2006-07-31,668.0548
BE,2006-08-31,666.3906
BE,2006-09-30,627.924
BE,2006-10-31,654.0281
BE,2006-11-30,349.8293
BE,2006-12-31,531.591
BE,2007-01-31,639.0503
BE,2007-02-28,681.4618
BE,2007-03-31,591.7397
BE,2007-04-30,522.0417
BE,2007-05-31,570.8184
BE,2007-06-30,635.294
BE,2007-07-31,655.6923
BE,2007-08-31,735.8113
BE,2007-09-30,719.312
BE,2007-10-31,760.061
BE,2007-11-30,749.2833
BE,2007-12-31,726.7771
BE,2008-01-31,707.0445
BE,2008-02-29,697.8628
BE,2008-03-31,653.5526
BE,2008-04-30,698.1847
BE,2008-05-31,666.3906
BE,2008-06-30,631.1177
BE,2008-07-31,648.7977
BE,2008-08-31,726.7771
BE,2008-09-30,671.6527
BE,2008-10-31,708.9465
BE,2008-11-30,656.667
BE,2008-12-31,681.6061
BE,2009-01-31,636.2913
BE,2009-02-28,666.5064
BE,2009-03-31,617.6116
BE,2009-04-30,644.7957
BE,2009-05-31,647.8774
BE,2009-06-30,610.589
BE,2009-07-31,545.9668
BE,2009-08-31,625.8874
BE,2009-09-30,657.501
BE,2009-10-31,638.6558
BE,2009-11-30,666.7857
BE,2009-12-31,698.2416
BE,2010-01-31,700.3697
BE,2010-02-28,758.1314
BE,2010-03-31,645.2765
BE,2010-04-30,606.6797
BE,2010-05-31,598.6955
BE,2010-06-30,654.3247
BE,2010-07-31,658.5177
BE,2010-08-31,708.1726
BE,2010-09-30,671.6723
BE,2010-10-31,698.2416
BE,2010-11-30,705.3903
BE,2010-12-31,655.4439
BE,2011-01-31,682.3994
BE,2011-02-28,655.7732
BE,2011-03-31,637.9465
BE,2011-04-30,597.395
BE,2011-05-31,582.3803
BE,2011-06-30,622.317
BE,2011-07-31,589.4739
BE,2011-08-31,645.5129
BE,2011-09-30,637.71
BE,2011-10-31,528.4694
BE,2011-11-30,463.5003
BE,2011-12-31,553.2968
BE,2012-01-31,616.4294
BE,2012-02-29,624.5666
BE,2012-03-31,607.2077
BE,2012-04-30,654.0803
BE,2012-05-31,680.2713
BE,2012-06-30,698.0603
BE,2012-07-31,672.9413
BE,2012-08-31,627.779
BE,2012-09-30,603.0147
BE,2012-10-31,590.4197
BE,2012-11-30,640.3977
BE,2012-12-31,640.7839
BE,2013-01-31,624.7052
BE,2013-02-28,632.4743
BE,2013-03-31,694.9313
BE,2013-04-30,612.788
BE,2013-05-31,521.3758
BE,2013-06-30,580.2917
BE,2013-07-31,586.1635
BE,2013-08-31,539.5826
BE,2013-09-30,585.667
BE,2013-10-31,374.5394
BE,2013-11-30,420.9863
BE,2013-12-31,492.7652
BE,2014-01-31,516.4103
BE,2014-02-28,639.0189
BE,2014-03-31,688.0742
BE,2014-04-30,695.617
BE,2014-05-31,666.7935
BE,2014-06-30,623.2943
BE,2014-07-31,635.3455
BE,2014-08-31,660.1729
BE,2014-09-30,660.1887
BE,2014-10-31,688.5471
BE,2014-11-30,641.6193
BE,2014-12-31,626.8332
BE,2015-01-31,655.9168
BE,2015-02-28,672.5275
BE,2015-03-31,633.6903
BE,2015-04-30,682.9117
BE,2015-05-31,667.9758
BE,2015-06-30,608.1457
BE,2015-07-31,650.9513
BE,2015-08-31,630.1435
BE,2015-09-30,626.9593
BE,2015-10-31,594.4394
BE,2015-11-30,634.5337
BE,2015-12-31,667.7394
BE,2016-01-31,676.961
BE,2016-02-29,684.7231
BE,2016-03-31,620.2126
BE,2016-04-30,590.5537
BE,2016-05-31,647.641
BE,2016-06-30,688.287
BE,2016-07-31,677.6703
BE,2016-08-31,677.9068
BE,2016-09-30,657.7453
BE,2016-10-31,568.4297
BE,2016-11-30,528.9817
BE,2016-12-31,665.8477
BE,2017-01-31,658.2813
BE,2017-02-28,598.7039
BE,2017-03-31,706.0445
BE,2017-04-30,672.161
BE,2017-05-31,660.6458
BE,2017-06-30,702.4583
BE,2017-07-31,718.1035
BE,2017-08-31,725.4335
BE,2017-09-30,702.7027
BE,2017-10-31,680.5077
BE,2017-11-30,676.559
BE,2017-12-31,705.8081
BE,2018-01-31,641.7297
BE,2018-02-28,641.1132
BE,2018-03-31,535.3265
BE,2018-04-30,505.5257
BE,2018-05-31,559.9174
BE,2018-06-30,653.3473
BE,2018-07-31,691.8574
BE,2018-08-31,757.3545
BE,2018-09-30,728.3577
BE,2018-10-31,716.6848
BE,2018-11-30,778.6903
BE,2018-12-31,746.9506
BE,2019-01-31,737.2561
BE,2019-02-28,740.33
BE,2019-03-31,711.01
BE,2019-04-30,720.0503
BE,2019-05-31,678.8526
BE,2019-06-30,692.9293
BE,2019-07-31,683.3452
BE,2019-08-31,701.7884
BE,2019-09-30,664.3423
BE,2019-10-31,662.301
BE,2019-11-30,684.8663
BE,2019-12-31,647.1681
BE,2020-01-31,683.5816
BE,2020-02-29,705.9548
BE,2020-03-31,701.5519
BE,2020-04-30,670.2063
BE,2020-05-31,643.6213
BE,2020-06-30,458.858
BE,2020-07-31,481.4155
BE,2020-08-31,514.0458
BE,2020-09-30,477.916
BE,2020-10-31,202.4026
BE,2020-11-30,428.3163
BE,2020-12-31,572.2129
BE,2021-01-31,626.3603
BE,2021-02-28,613.8875
BE,2021-03-31,597.2768
BE,2021-04-30,556.1027
BE,2021-05-31,558.0258
BE,2021-06-30,563.9213
BE,2021-07-31,551.4052
BE,2021-08-31,569.3755
BE,2021-09-30,556.5913
BE,2021-10-31,578.8335
BE,2021-11-30,603.7477
BE,2021-12-31,552.1145
BE,2022-01-31,566.0652
BE,2022-02-28,566.2425
BE,2022-03-31,454.2235
BE,2022-04-30,335.9583
BE,2022-05-31,516.1739
BE,2022-06-30,611.322
BE,2022-07-31,649.2961
BE,2022-08-31,628.4884
BE,2022-09-30,626.2263
BE,2022-10-31,572.9223
BE,2022-11-30,585.1783
BE,2022-12-31,577.1784
BE,2023-01-31,620.9219
BE,2023-02-28,617.5525
BE,2023-03-31,631.3258
BE,2023-04-30,583.7123
BE,2023-05-31,580.9616
BE,2023-06-30,599.3497
BE,2023-07-31,613.8284
BE,2023-08-31,621.8677
BE,2023-09-30,592.997
BE,2023-10-31,580.0158
BE,2023-11-30,588.599
BE,2023-12-31,641.9661
BE,2024-01-31,624.7052
BE,2024-02-29,617.4893
BE,2024-03-31,613.5919
BE,2024-04-30,644.0627
BE,2024-05-31,598.459
BE,2024-06-30,632.3347
BE,2024-07-31,636.5277
BE,2024-08-31,603.1881
BE,2024-09-30,597.395
BE,2024-10-31,611.9368
BE,2024-11-30,613.7653
BE,2024-12-31,608.8629
BE,2025-01-31,589.9468
BE,2025-02-28,551.8443
BE,2025-03-31,627.3061
BG,2002-01-31,
BG,2002-02-28,
BG,2002-03-31,
BG,2002-04-30,
BG,2002-05-31,
BG,2002-06-30,
BG,2002-07-31,
BG,2002-08-31,
BG,2002-09-30,
BG,2002-10-31,
BG,2002-11-30,
BG,2002-12-31,
BG,2003-01-31,92.689
BG,2003-02-28,95.8136
BG,2003-03-31,85.359
BG,2003-04-30,118.9903
BG,2003-05-31,133.5952
BG,2003-06-30,85.028
BG,2003-07-31,125.7923
BG,2003-08-31,130.9942
BG,2003-09-30,113.615
BG,2003-10-31,117.28
BG,2003-11-30,56.441
BG,2003-12-31,56.7484
BG,2004-01-31,66.6794
BG,2004-02-29,102.3672
BG,2004-03-31,105.4574
BG,2004-04-30,124.8543
BG,2004-05-31,134.7774
BG,2004-06-30,139.7587
BG,2004-07-31,119.6445
BG,2004-08-31,105.4574
BG,2004-09-30,118.746
BG,2004-10-31,117.28
BG,2004-11-30,121.9223
BG,2004-12-31,98.3639
BG,2005-01-31,113.7332
BG,2005-02-28,81.1536
BG,2005-03-31,98.1274
BG,2005-04-30,121.1893
BG,2005-05-31,129.1026
BG,2005-06-30,136.8267
BG,2005-07-31,136.9055
BG,2005-08-31,134.3045
BG,2005-09-30,152.464
BG,2005-10-31,157.0039
BG,2005-11-30,132.9173
BG,2005-12-31,121.7726
BG,2006-01-31,147.3094
BG,2006-02-28,137.4375
BG,2006-03-31,150.8561
BG,2006-04-30,147.0887
BG,2006-05-31,95.29
BG,2006-06-30,147.0887
BG,2006-07-31,146.3635
BG,2006-08-31,144.7084
BG,2006-09-30,156.862
BG,2006-10-31,147.5458
BG,2006-11-30,143.4237
BG,2006-12-31,144.7084
BG,2007-01-31,90.3245
BG,2007-02-28,96.3371
BG,2007-03-31,148.0187
BG,2007-04-30,153.6857
BG,2007-05-31,155.8216
BG,2007-06-30,156.3733
BG,2007-07-31,154.1665
BG,2007-08-31,153.4571
BG,2007-09-30,153.6857
BG,2007-10-31,151.8019
BG,2007-11-30,147.0887
BG,2007-12-31,144.2355
BG,2008-01-31,141.6345
BG,2008-02-29,91.2459
BG,2008-03-31,141.3981
BG,2008-04-30,154.9073
BG,2008-05-31,152.7477
BG,2008-06-30,152.9527
BG,2008-07-31,155.5852
BG,2008-08-31,155.8216
BG,2008-09-30,146.3557
BG,2008-10-31,149.4374
BG,2008-11-30,140.4917
BG,2008-12-31,130.7577
BG,2009-01-31,112.7874
BG,2009-02-28,95.29
BG,2009-03-31,143.999
BG,2009-04-30,148.5547
BG,2009-05-31,152.0384
BG,2009-06-30,140.4917
BG,2009-07-31,119.881
BG,2009-08-31,124.61
BG,2009-09-30,119.9677
BG,2009-10-31,114.4426
BG,2009-11-30,114.8367
BG,2009-12-31,116.0977
BG,2010-01-31,127.211
BG,2010-02-28,0.5236
BG,2010-03-31,107.5855
BG,2010-04-30,151.2423
BG,2010-05-31,132.6494
BG,2010-06-30,131.6957
BG,2010-07-31,122.4819
BG,2010-08-31,104.5116
BG,2010-09-30,116.0583
BG,2010-10-31,105.221
BG,2010-11-30,125.343
BG,2010-12-31,96.7087
BG,2011-01-31,96.2358
BG,2011-02-28,79.5829
BG,2011-03-31,109.2406
BG,2011-04-30,111.416
BG,2011-05-31,97.1816
BG,2011-06-30,113.1263
BG,2011-07-31,99.3097
BG,2011-08-31,110.8958
BG,2011-09-30,113.3707
BG,2011-10-31,98.3639
BG,2011-11-30,98.222
BG,2011-12-31,96.9452
BG,2012-01-31,132.4129
BG,2012-02-29,44.7383
BG,2012-03-31,113.0239
BG,2012-04-30,135.1163
BG,2012-05-31,131.4671
BG,2012-06-30,133.406
BG,2012-07-31,117.28
BG,2012-08-31,139.0335
BG,2012-09-30,140.9803
BG,2012-10-31,132.4129
BG,2012-11-30,121.4337
BG,2012-12-31,118.2258
BG,2013-01-31,104.2752
BG,2013-02-28,112.3061
BG,2013-03-31,79.9206
BG,2013-04-30,127.2977
BG,2013-05-31,122.009
BG,2013-06-30,123.144
BG,2013-07-31,129.339
BG,2013-08-31,125.7923
BG,2013-09-30,119.7233
BG,2013-10-31,114.9155
BG,2013-11-30,111.416
BG,2013-12-31,85.1226
BG,2014-01-31,82.0487
BG,2014-02-28,85.8657
BG,2014-03-31,3.7832
BG,2014-04-30,99.9323
BG,2014-05-31,142.1074
BG,2014-06-30,117.28
BG,2014-07-31,120.1174
BG,2014-08-31,122.009
BG,2014-09-30,119.7233
BG,2014-10-31,130.7577
BG,2014-11-30,109.4613
BG,2014-12-31,108.7677
BG,2015-01-31,104.7481
BG,2015-02-28,77.7504
BG,2015-03-31,118.2258
BG,2015-04-30,119.9677
BG,2015-05-31,132.1765
BG,2015-06-30,122.6553
BG,2015-07-31,123.6642
BG,2015-08-31,130.7577
BG,2015-09-30,130.2297
BG,2015-10-31,131.94
BG,2015-11-30,125.8317
BG,2015-12-31,124.8465
BG,2016-01-31,131.94
BG,2016-02-29,134.4676
BG,2016-03-31,28.1377
BG,2016-04-30,129.2523
BG,2016-05-31,136.4326
BG,2016-06-30,139.0257
BG,2016-07-31,129.8119
BG,2016-08-31,128.1568
BG,2016-09-30,134.139
BG,2016-10-31,138.5606
BG,2016-11-30,138.0483
BG,2016-12-31,137.8513
BG,2017-01-31,135.9597
BG,2017-02-28,142.1496
BG,2017-03-31,114.4426
BG,2017-04-30,129.741
BG,2017-05-31,139.27
BG,2017-06-30,137.804
BG,2017-07-31,140.6887
BG,2017-08-31,141.871
BG,2017-09-30,140.736
BG,2017-10-31,134.3045
BG,2017-11-30,138.537
BG,2017-12-31,137.1419
BG,2018-01-31,130.9942
BG,2018-02-28,127.7514
BG,2018-03-31,0.4729
BG,2018-04-30,59.1287
BG,2018-05-31,124.1371
BG,2018-06-30,142.6907
BG,2018-07-31,120.8268
BG,2018-08-31,148.4916
BG,2018-09-30,132.9173
BG,2018-10-31,147.0729
BG,2018-11-30,145.3783
BG,2018-12-31,140.2158
BG,2019-01-31,137.8513
BG,2019-02-28,137.4375
BG,2019-03-31,87.2506
BG,2019-04-30,142.202
BG,2019-05-31,147.7823
BG,2019-06-30,146.1113
BG,2019-07-31,146.1271
BG,2019-08-31,144.9448
BG,2019-09-30,150.998
BG,2019-10-31,152.7477
BG,2019-11-30,142.935
BG,2019-12-31,131.7035
BG,2020-01-31,134.541
BG,2020-02-29,136.4897
BG,2020-03-31,121.5361
BG,2020-04-30,108.2397
BG,2020-05-31,59.8223
BG,2020-06-30,81.8517
BG,2020-07-31,98.1274
BG,2020-08-31,87.2506
BG,2020-09-30,88.693
BG,2020-10-31,88.9058
BG,2020-11-30,88.2043
BG,2020-12-31,85.5955
BG,2021-01-31,78.7384
BG,2021-02-28,93.7193
BG,2021-03-31,109.4771
BG,2021-04-30,80.3857
BG,2021-05-31,108.5313
BG,2021-06-30,112.149
BG,2021-07-31,113.2603
BG,2021-08-31,121.0632
BG,2021-09-30,118.9903
BG,2021-10-31,0.7094
BG,2021-11-30,0.4887
BG,2021-12-31,80.8665
BG,2022-01-31,120.8268
BG,2022-02-28,123.5629
BG,2022-03-31,140.4523
BG,2022-04-30,127.542
BG,2022-05-31,146.8365
BG,2022-06-30,154.1743
BG,2022-07-31,154.4029
BG,2022-08-31,152.9842
BG,2022-09-30,145.134
BG,2022-10-31,155.3487
BG,2022-11-30,155.6403
BG,2022-12-31,114.4426
BG,2023-01-31,153.6935
BG,2023-02-28,106.8086
BG,2023-03-31,90.3245
BG,2023-04-30,85.5167
BG,2023-05-31,106.1668
BG,2023-06-30,118.9903
BG,2023-07-31,141.3981
BG,2023-08-31,153.93
BG,2023-09-30,141.2247
BG,2023-10-31,148.9645
BG,2023-11-30,126.076
BG,2023-12-31,134.7774
BG,2024-01-31,106.8761
BG,2024-02-29,122.0824
BG,2024-03-31,140.9252
BG,2024-04-30,149.0433
BG,2024-05-31,144.9448
BG,2024-06-30,146.1113
BG,2024-07-31,130.5213
BG,2024-08-31,139.27
BG,2024-09-30,130.7183
BG,2024-10-31,130.7577
BG,2024-11-30,122.411
BG,2024-12-31,126.9745
BG,2025-01-31,130.0484
BG,2025-02-28,132.4636
BG,2025-03-31,
BH,2002-01-31,
BH,2002-02-28,
BH,2002-03-31,
BH,2002-04-30,
BH,2002-05-31,
BH,2002-06-30,
BH,2002-07-31,
BH,2002-08-31,
BH,2002-09-30,
BH,2002-10-31,
BH,2002-11-30,
BH,2002-12-31,
BH,2003-01-31,
BH,2003-02-28,
BH,2003-03-31,
BH,2003-04-30,
BH,2003-05-31,
BH,2003-06-30,
BH,2003-07-31,
BH,2003-08-31,
BH,2003-09-30,
BH,2003-10-31,
BH,2003-11-30,
BH,2003-12-31,
BH,2004-01-31,
BH,2004-02-29,
BH,2004-03-31,
BH,2004-04-30,
BH,2004-05-31,
BH,2004-06-30,
BH,2004-07-31,
BH,2004-08-31,
BH,2004-09-30,
BH,2004-10-31,
BH,2004-11-30,
BH,2004-12-31,
BH,2005-01-31,
BH,2005-02-28,
BH,2005-03-31,
BH,2005-04-30,
BH,2005-05-31,
BH,2005-06-30,
BH,2005-07-31,
BH,2005-08-31,
BH,2005-09-30,
BH,2005-10-31,
BH,2005-11-30,
BH,2005-12-31,
BH,2006-01-31,
BH,2006-02-28,
BH,2006-03-31,
BH,2006-04-30,
BH,2006-05-31,
BH,2006-06-30,
BH,2006-07-31,
BH,2006-08-31,
BH,2006-09-30,
BH,2006-10-31,
BH,2006-11-30,
BH,2006-12-31,
BH,2007-01-31,
BH,2007-02-28,
BH,2007-03-31,
BH,2007-04-30,
BH,2007-05-31,
BH,2007-06-30,
BH,2007-07-31,
BH,2007-08-31,
BH,2007-09-30,
BH,2007-10-31,
BH,2007-11-30,
BH,2007-12-31,
BH,2008-01-31,
BH,2008-02-29,
BH,2008-03-31,
BH,2008-04-30,
BH,2008-05-31,
BH,2008-06-30,
BH,2008-07-31,
BH,2008-08-31,
BH,2008-09-30,
BH,2008-10-31,
BH,2008-11-30,
BH,2008-12-31,
BH,2009-01-31,
BH,2009-02-28,
BH,2009-03-31,
BH,2009-04-30,
BH,2009-05-31,
BH,2009-06-30,
BH,2009-07-31,
BH,2009-08-31,
BH,2009-09-30,
BH,2009-10-31,
BH,2009-11-30,
BH,2009-12-31,
BH,2010-01-31,
BH,2010-02-28,
BH,2010-03-31,
BH,2010-04-30,
BH,2010-05-31,
BH,2010-06-30,
BH,2010-07-31,
BH,2010-08-31,
BH,2010-09-30,
BH,2010-10-31,
BH,2010-11-30,
BH,2010-12-31,
BH,2011-01-31,
BH,2011-02-28,
BH,2011-03-31,
BH,2011-04-30,
BH,2011-05-31,
BH,2011-06-30,
BH,2011-07-31,
BH,2011-08-31,
BH,2011-09-30,
BH,2011-10-31,
BH,2011-11-30,
BH,2011-12-31,
BH,2012-01-31,
BH,2012-02-29,
BH,2012-03-31,
BH,2012-04-30,
BH,2012-05-31,
BH,2012-06-30,
BH,2012-07-31,
BH,2012-08-31,
BH,2012-09-30,
BH,2012-10-31,
BH,2012-11-30,
BH,2012-12-31,
BH,2013-01-31,
BH,2013-02-28,
BH,2013-03-31,
BH,2013-04-30,
BH,2013-05-31,
BH,2013-06-30,
BH,2013-07-31,
BH,2013-08-31,
BH,2013-09-30,
BH,2013-10-31,
BH,2013-11-30,
BH,2013-12-31,
BH,2014-01-31,
BH,2014-02-28,
BH,2014-03-31,
BH,2014-04-30,
BH,2014-05-31,
BH,2014-06-30,272.1987
BH,2014-07-31,270.7881
BH,2014-08-31,271.0258
BH,2014-09-30,271.4617
BH,2014-10-31,271.739
BH,2014-11-30,275.3923
BH,2014-12-31,259.8519
BH,2015-01-31,273.1655
BH,2015-02-28,272.4268
BH,2015-03-31,274.1165
BH,2015-04-30,259.6697
BH,2015-05-31,252.4819
BH,2015-06-30,265.8113
BH,2015-07-31,272.4523
BH,2015-08-31,272.9277
BH,2015-09-30,267.531
BH,2015-10-31,276.4939
BH,2015-11-30,274.4097
BH,2015-12-31,273.641
BH,2016-01-31,274.5919
BH,2016-02-29,269.3862
BH,2016-03-31,267.9352
BH,2016-04-30,236.8227
BH,2016-05-31,269.8371
BH,2016-06-30,275.3923
BH,2016-07-31,268.6484
BH,2016-08-31,271.739
BH,2016-09-30,269.9877
BH,2016-10-31,272.2145
BH,2016-11-30,235.5943
BH,2016-12-31,220.3868
BH,2017-01-31,282.4374
BH,2017-02-28,252.1593
BH,2017-03-31,286.7168
BH,2017-04-30,267.0397
BH,2017-05-31,270.5503
BH,2017-06-30,283.008
BH,2017-07-31,275.3052
BH,2017-08-31,274.3542
BH,2017-09-30,286.693
BH,2017-10-31,256.999
BH,2017-11-30,252.5453
BH,2017-12-31,226.5681
BH,2018-01-31,196.1371
BH,2018-02-28,263.4775
BH,2018-03-31,221.8132
BH,2018-04-30,297.748
BH,2018-05-31,288.8565
BH,2018-06-30,270.479
BH,2018-07-31,298.3661
BH,2018-08-31,288.1432
BH,2018-09-30,236.577
BH,2018-10-31,295.2755
BH,2018-11-30,203.1663
BH,2018-12-31,269.8371
BH,2019-01-31,259.1387
BH,2019-02-28,275.0589
BH,2019-03-31,248.2026
BH,2019-04-30,262.1263
BH,2019-05-31,266.5087
BH,2019-06-30,278.0947
BH,2019-07-31,279.109
BH,2019-08-31,283.6261
BH,2019-09-30,254.265
BH,2019-10-31,296.2265
BH,2019-11-30,285.956
BH,2019-12-31,225.8548
BH,2020-01-31,204.4581
BH,2020-02-29,219.8293
BH,2020-03-31,253.6706
BH,2020-04-30,241.2447
BH,2020-05-31,199.2277
BH,2020-06-30,277.3577
BH,2020-07-31,243.6855
BH,2020-08-31,251.531
BH,2020-09-30,252.2997
BH,2020-10-31,155.4832
BH,2020-11-30,221.3457
BH,2020-12-31,172.6006
BH,2021-01-31,195.8994
BH,2021-02-28,204.2543
BH,2021-03-31,242.0213
BH,2021-04-30,187.4437
BH,2021-05-31,198.2768
BH,2021-06-30,217.415
BH,2021-07-31,213.0168
BH,2021-08-31,214.681
BH,2021-09-30,248.369
BH,2021-10-31,298.1284
BH,2021-11-30,276.8663
BH,2021-12-31,230.3719
BH,2022-01-31,251.531
BH,2022-02-28,279.5336
BH,2022-03-31,267.4597
BH,2022-04-30,278.586
BH,2022-05-31,302.8832
BH,2022-06-30,263.3547
BH,2022-07-31,266.9842
BH,2022-08-31,229.1832
BH,2022-09-30,188.9177
BH,2022-10-31,194.2352
BH,2022-11-30,297.9937
BH,2022-12-31,252.2442
BH,2023-01-31,224.9039
BH,2023-02-28,184.5132
BH,2023-03-31,259.3765
BH,2023-04-30,275.8837
BH,2023-05-31,252.7197
BH,2023-06-30,242.9643
BH,2023-07-31,215.8697
BH,2023-08-31,255.3348
BH,2023-09-30,272.9357
BH,2023-10-31,266.9842
BH,2023-11-30,275.638
BH,2023-12-31,251.0555
BH,2024-01-31,274.5919
BH,2024-02-29,271.9276
BH,2024-03-31,275.0674
BH,2024-04-30,252.054
BH,2024-05-31,255.0971
BH,2024-06-30,244.4383
BH,2024-07-31,266.0332
BH,2024-08-31,272.2145
BH,2024-09-30,257.7043
BH,2024-10-31,251.2932
BH,2024-11-30,261.635
BH,2024-12-31,295.751
BH,2025-01-31,259.3765
BH,2025-02-28,284.5346
BH,2025-03-31,243.9232
BM,2002-01-31,
BM,2002-02-28,
BM,2002-03-31,
BM,2002-04-30,
BM,2002-05-31,
BM,2002-06-30,
BM,2002-07-31,
BM,2002-08-31,
BM,2002-09-30,
BM,2002-10-31,
BM,2002-11-30,
BM,2002-12-31,
BM,2003-01-31,
BM,2003-02-28,
BM,2003-03-31,
BM,2003-04-30,
BM,2003-05-31,
BM,2003-06-30,
BM,2003-07-31,
BM,2003-08-31,
BM,2003-09-30,
BM,2003-10-31,
BM,2003-11-30,
BM,2003-12-31,
BM,2004-01-31,
BM,2004-02-29,
BM,2004-03-31,
BM,2004-04-30,
BM,2004-05-31,
BM,2004-06-30,
BM,2004-07-31,
BM,2004-08-31,
BM,2004-09-30,
BM,2004-10-31,
BM,2004-11-30,
BM,2004-12-31,
BM,2005-01-31,
BM,2005-02-28,
BM,2005-03-31,
BM,2005-04-30,
BM,2005-05-31,
BM,2005-06-30,
BM,2005-07-31,
BM,2005-08-31,
BM,2005-09-30,
BM,2005-10-31,
BM,2005-11-30,
BM,2005-12-31,
BM,2006-01-31,
BM,2006-02-28,
BM,2006-03-31,
BM,2006-04-30,
BM,2006-05-31,
BM,2006-06-30,
BM,2006-07-31,
BM,2006-08-31,
BM,2006-09-30,
BM,2006-10-31,
BM,2006-11-30,
BM,2006-12-31,
BM,2007-01-31,
BM,2007-02-28,
BM,2007-03-31,
BM,2007-04-30,
BM,2007-05-31,
BM,2007-06-30,
BM,2007-07-31,
BM,2007-08-31,
BM,2007-09-30,
BM,2007-10-31,
BM,2007-11-30,
BM,2007-12-31,
BM,2008-01-31,
BM,2008-02-29,
BM,2008-03-31,
BM,2008-04-30,
BM,2008-05-31,
BM,2008-06-30,
BM,2008-07-31,
BM,2008-08-31,
BM,2008-09-30,
BM,2008-10-31,
BM,2008-11-30,
BM,2008-12-31,
BM,2009-01-31,
BM,2009-02-28,
BM,2009-03-31,
BM,2009-04-30,
BM,2009-05-31,
BM,2009-06-30,
BM,2009-07-31,
BM,2009-08-31,
BM,2009-09-30,
BM,2009-10-31,
BM,2009-11-30,
BM,2009-12-31,
BM,2010-01-31,
BM,2010-02-28,
BM,2010-03-31,
BM,2010-04-30,
BM,2010-05-31,
BM,2010-06-30,
BM,2010-07-31,
BM,2010-08-31,
BM,2010-09-30,
BM,2010-10-31,
BM,2010-11-30,
BM,2010-12-31,
BM,2011-01-31,
BM,2011-02-28,
BM,2011-03-31,
BM,2011-04-30,
BM,2011-05-31,
BM,2011-06-30,
BM,2011-07-31,
BM,2011-08-31,
BM,2011-09-30,
BM,2011-10-31,
BM,2011-11-30,
BM,2011-12-31,
BM,2012-01-31,
BM,2012-02-29,
BM,2012-03-31,
BM,2012-04-30,
BM,2012-05-31,
BM,2012-06-30,
BM,2012-07-31,
BM,2012-08-31,
BM,2012-09-30,
BM,2012-10-31,
BM,2012-11-30,
BM,2012-12-31,
BM,2013-01-31,
BM,2013-02-28,
BM,2013-03-31,
BM,2013-04-30,
BM,2013-05-31,
BM,2013-06-30,
BM,2013-07-31,
BM,2013-08-31,
BM,2013-09-30,
BM,2013-10-31,
BM,2013-11-30,
BM,2013-12-31,
BM,2014-01-31,
BM,2014-02-28,
BM,2014-03-31,
BM,2014-04-30,
BM,2014-05-31,
BM,2014-06-30,
BM,2014-07-31,
BM,2014-08-31,
BM,2014-09-30,
BM,2014-10-31,
BM,2014-11-30,
BM,2014-12-31,
BM,2015-01-31,
BM,2015-02-28,
BM,2015-03-31,
BM,2015-04-30,
BM,2015-05-31,
BM,2015-06-30,
BM,2015-07-31,
BM,2015-08-31,
BM,2015-09-30,
BM,2015-10-31,
BM,2015-11-30,
BM,2015-12-31,
BM,2016-01-31,
BM,2016-02-29,
BM,2016-03-31,
BM,2016-04-30,
BM,2016-05-31,
BM,2016-06-30,
BM,2016-07-31,
BM,2016-08-31,
BM,2016-09-30,
BM,2016-10-31,
BM,2016-11-30,
BM,2016-12-31,
BM,2017-01-31,
BM,2017-02-28,
BM,2017-03-31,
BM,2017-04-30,
BM,2017-05-31,
BM,2017-06-30,
BM,2017-07-31,
BM,2017-08-31,
BM,2017-09-30,
BM,2017-10-31,
BM,2017-11-30,
BM,2017-12-31,
BM,2018-01-31,
BM,2018-02-28,
BM,2018-03-31,
BM,2018-04-30,
BM,2018-05-31,
BM,2018-06-30,
BM,2018-07-31,
BM,2018-08-31,
BM,2018-09-30,
BM,2018-10-31,
BM,2018-11-30,
BM,2018-12-31,
BM,2019-01-31,
BM,2019-02-28,
BM,2019-03-31,
BM,2019-04-30,
BM,2019-05-31,
BM,2019-06-30,
BM,2019-07-31,
BM,2019-08-31,
BM,2019-09-30,
BM,2019-10-31,
BM,2019-11-30,
BM,2019-12-31,
BM,2020-01-31,
BM,2020-02-29,
BM,2020-03-31,
BM,2020-04-30,
BM,2020-05-31,
BM,2020-06-30,
BM,2020-07-31,
BM,2020-08-31,
BM,2020-09-30,
BM,2020-10-31,
BM,2020-11-30,
BM,2020-12-31,
BM,2021-01-31,
BM,2021-02-28,
BM,2021-03-31,
BM,2021-04-30,
BM,2021-05-31,
BM,2021-06-30,
BM,2021-07-31,
BM,2021-08-31,
BM,2021-09-30,
BM,2021-10-31,
BM,2021-11-30,
BM,2021-12-31,
BM,2022-01-31,
BM,2022-02-28,
BM,2022-03-31,
BM,2022-04-30,
BM,2022-05-31,
BM,2022-06-30,
BM,2022-07-31,
BM,2022-08-31,
BM,2022-09-30,
BM,2022-10-31,
BM,2022-11-30,
BM,2022-12-31,
BM,2023-01-31,
BM,2023-02-28,
BM,2023-03-31,
BM,2023-04-30,
BM,2023-05-31,
BM,2023-06-30,
BM,2023-07-31,
BM,2023-08-31,
BM,2023-09-30,
BM,2023-10-31,
BM,2023-11-30,
BM,2023-12-31,
BM,2024-01-31,
BM,2024-02-29,
BM,2024-03-31,
BM,2024-04-30,
BM,2024-05-31,
BM,2024-06-30,
BM,2024-07-31,
BM,2024-08-31,
BM,2024-09-30,
BM,2024-10-31,
BM,2024-11-30,
BM,2024-12-31,
BM,2025-01-31,
BM,2025-02-28,
BM,2025-03-31,
BN,2002-01-31,12.376
BN,2002-02-28,13.0288
BN,2002-03-31,12.7823
BN,2002-04-30,12.7885
BN,2002-05-31,11.7677
BN,2002-06-30,14.4668
BN,2002-07-31,13.5936
BN,2002-08-31,12.5798
BN,2002-09-30,15.7248
BN,2002-10-31,15.0152
BN,2002-11-30,13.8377
BN,2002-12-31,12.7823
BN,2003-01-31,12.9853
BN,2003-02-28,13.2527
BN,2003-03-31,16.2323
BN,2003-04-30,13.2084
BN,2003-05-31,10.9571
BN,2003-06-30,15.0955
BN,2003-07-31,14.2026
BN,2003-08-31,14.0001
BN,2003-09-30,14.886
BN,2003-10-31,15.0143
BN,2003-11-30,13.8376
BN,2003-12-31,13.7965
BN,2004-01-31,15.2175
BN,2004-02-29,12.5793
BN,2004-03-31,16.2323
BN,2004-04-30,13.2084
BN,2004-05-31,14.2026
BN,2004-06-30,13.419
BN,2004-07-31,14.2026
BN,2004-08-31,12.7823
BN,2004-09-30,14.2564
BN,2004-10-31,13.1876
BN,2004-11-30,13.8377
BN,2004-12-31,14.4058
BN,2005-01-31,11.9702
BN,2005-02-28,13.0288
BN,2005-03-31,14.6085
BN,2005-04-30,14.0467
BN,2005-05-31,14.812
BN,2005-06-30,14.2564
BN,2005-07-31,13.3913
BN,2005-08-31,14.4058
BN,2005-09-30,13.8376
BN,2005-10-31,13.3913
BN,2005-11-30,12.16
BN,2005-12-31,13.7965
BN,2006-01-31,15.4197
BN,2006-02-28,14.1519
BN,2006-03-31,16.4354
BN,2006-04-30,14.4668
BN,2006-05-31,14.0001
BN,2006-06-30,14.2564
BN,2006-07-31,14.812
BN,2006-08-31,12.173
BN,2006-09-30,15.3048
BN,2006-10-31,14.812
BN,2006-11-30,14.2564
BN,2006-12-31,14.0001
BN,2007-01-31,14.8111
BN,2007-02-28,14.3766
BN,2007-03-31,10.1452
BN,2007-04-30,10.0641
BN,2007-05-31,9.5358
BN,2007-06-30,10.692
BN,2007-07-31,11.1587
BN,2007-08-31,10.7536
BN,2007-09-30,10.0641
BN,2007-10-31,10.145
BN,2007-11-30,10.2732
BN,2007-12-31,10.7536
BN,2008-01-31,10.7535
BN,2008-02-29,10.6274
BN,2008-03-31,10.1452
BN,2008-04-30,10.4834
BN,2008-05-31,10.1452
BN,2008-06-30,9.4341
BN,2008-07-31,10.7536
BN,2008-08-31,11.1587
BN,2008-09-30,10.692
BN,2008-10-31,9.5358
BN,2008-11-30,10.902
BN,2008-12-31,10.3471
BN,2009-01-31,9.9418
BN,2009-02-28,9.8843
BN,2009-03-31,10.3471
BN,2009-04-30,9.644
BN,2009-05-31,9.7395
BN,2009-06-30,11.112
BN,2009-07-31,10.1452
BN,2009-08-31,10.1452
BN,2009-09-30,9.8547
BN,2009-10-31,7.9125
BN,2009-11-30,7.5475
BN,2009-12-31,10.7536
BN,2010-01-31,10.5501
BN,2010-02-28,10.5586
BN,2010-03-31,10.3477
BN,2010-04-30,10.2732
BN,2010-05-31,10.7535
BN,2010-06-30,10.2732
BN,2010-07-31,10.5503
BN,2010-08-31,8.1155
BN,2010-09-30,10.9017
BN,2010-10-31,11.1587
BN,2010-11-30,11.112
BN,2010-12-31,10.5503
BN,2011-01-31,10.9569
BN,2011-02-28,10.783
BN,2011-03-31,10.7535
BN,2011-04-30,10.4834
BN,2011-05-31,10.5503
BN,2011-06-30,11.112
BN,2011-07-31,10.9569
BN,2011-08-31,10.3471
BN,2011-09-30,9.8547
BN,2011-10-31,9.5368
BN,2011-11-30,9.6447
BN,2011-12-31,8.7248
BN,2012-01-31,0.0
BN,2012-02-29,0.4338
BN,2012-03-31,2.8405
BN,2012-04-30,6.7088
BN,2012-05-31,8.3183
BN,2012-06-30,8.386
BN,2012-07-31,9.1298
BN,2012-08-31,8.1161
BN,2012-09-30,6.2894
BN,2012-10-31,9.3336
BN,2012-11-30,9.4341
BN,2012-12-31,8.3187
BN,2013-01-31,7.1013
BN,2013-02-28,10.5586
BN,2013-03-31,9.5368
BN,2013-04-30,8.596
BN,2013-05-31,2.4348
BN,2013-06-30,6.2894
BN,2013-07-31,9.7395
BN,2013-08-31,9.9418
BN,2013-09-30,8.3867
BN,2013-10-31,8.5215
BN,2013-11-30,8.8056
BN,2013-12-31,8.7248
BN,2014-01-31,5.2752
BN,2014-02-28,4.268
BN,2014-03-31,5.275
BN,2014-04-30,5.8704
BN,2014-05-31,1.2174
BN,2014-06-30,4.822
BN,2014-07-31,4.6666
BN,2014-08-31,4.2608
BN,2014-09-30,1.6772
BN,2014-10-31,5.275
BN,2014-11-30,6.08
BN,2014-12-31,6.4924
BN,2015-01-31,6.0871
BN,2015-02-28,6.0654
BN,2015-03-31,6.0871
BN,2015-04-30,5.2416
BN,2015-05-31,5.2752
BN,2015-06-30,6.08
BN,2015-07-31,6.0871
BN,2015-08-31,5.681
BN,2015-09-30,5.6611
BN,2015-10-31,1.2174
BN,2015-11-30,3.1447
BN,2015-12-31,6.2901
BN,2016-01-31,5.0728
BN,2016-02-29,6.0728
BN,2016-03-31,6.2895
BN,2016-04-30,3.9835
BN,2016-05-31,5.4785
BN,2016-06-30,6.08
BN,2016-07-31,5.8839
BN,2016-08-31,5.4785
BN,2016-09-30,4.4028
BN,2016-10-31,1.2174
BN,2016-11-30,4.822
BN,2016-12-31,2.8405
BN,2017-01-31,3.855
BN,2017-02-28,3.8186
BN,2017-03-31,5.0725
BN,2017-04-30,5.2416
BN,2017-05-31,5.0725
BN,2017-06-30,0.0
BN,2017-07-31,3.449
BN,2017-08-31,1.2174
BN,2017-09-30,4.1933
BN,2017-10-31,4.8697
BN,2017-11-30,5.4509
BN,2017-12-31,5.8839
BN,2018-01-31,4.8693
BN,2018-02-28,5.1666
BN,2018-03-31,4.0581
BN,2018-04-30,5.0316
BN,2018-05-31,5.275
BN,2018-06-30,6.9188
BN,2018-07-31,4.0581
BN,2018-08-31,5.681
BN,2018-09-30,1.0483
BN,2018-10-31,4.0581
BN,2018-11-30,2.7254
BN,2018-12-31,4.4638
BN,2019-01-31,1.8261
BN,2019-02-28,2.4711
BN,2019-03-31,5.8839
BN,2019-04-30,5.2419
BN,2019-05-31,4.6665
BN,2019-06-30,4.4028
BN,2019-07-31,3.2462
BN,2019-08-31,4.4638
BN,2019-09-30,2.3063
BN,2019-10-31,3.449
BN,2019-11-30,3.3544
BN,2019-12-31,3.6523
BN,2020-01-31,110.7845
BN,2020-02-29,109.7431
BN,2020-03-31,114.4361
BN,2020-04-30,113.6336
BN,2020-05-31,104.0855
BN,2020-06-30,135.864
BN,2020-07-31,112.3992
BN,2020-08-31,106.112
BN,2020-09-30,0.0
BN,2020-10-31,106.9306
BN,2020-11-30,140.6874
BN,2020-12-31,96.9858
BN,2021-01-31,153.3807
BN,2021-02-28,143.1014
BN,2021-03-31,167.1854
BN,2021-04-30,164.5728
BN,2021-05-31,157.4537
BN,2021-06-30,198.1241
BN,2021-07-31,139.7919
BN,2021-08-31,161.3135
BN,2021-09-30,195.1853
BN,2021-10-31,180.9941
BN,2021-11-30,126.42
BN,2021-12-31,197.6311
BN,2022-01-31,189.0947
BN,2022-02-28,173.415
BN,2022-03-31,120.9194
BN,2022-04-30,220.1297
BN,2022-05-31,163.937
BN,2022-06-30,219.52
BN,2022-07-31,196.2124
BN,2022-08-31,146.4859
BN,2022-09-30,146.98
BN,2022-10-31,212.6469
BN,2022-11-30,173.1679
BN,2022-12-31,154.6081
BN,2023-01-31,142.021
BN,2023-02-28,215.4245
BN,2023-03-31,19.2754
BN,2023-04-30,105.8832
BN,2023-05-31,120.5271
BN,2023-06-30,236.0836
BN,2023-07-31,122.7493
BN,2023-08-31,158.6609
BN,2023-09-30,132.7177
BN,2023-10-31,188.4919
BN,2023-11-30,173.1679
BN,2023-12-31,172.8687
BN,2024-01-31,175.7104
BN,2024-02-29,182.4083
BN,2024-03-31,185.8586
BN,2024-04-30,174.2187
BN,2024-05-31,175.3099
BN,2024-06-30,127.8909
BN,2024-07-31,150.9577
BN,2024-08-31,171.2344
BN,2024-09-30,170.6721
BN,2024-10-31,188.4919
BN,2024-11-30,182.4008
BN,2024-12-31,173.4828
BN,2025-01-31,179.9809
BN,2025-02-28,173.6331
BN,2025-03-31,178.1324
BO,2002-01-31,30.2581
BO,2002-02-28,32.8929
BO,2002-03-31,32.5161
BO,2002-04-30,33.1667
BO,2002-05-31,35.1935
BO,2002-06-30,32.5333
BO,2002-07-31,33.6452
BO,2002-08-31,34.871
BO,2002-09-30,36.1667
BO,2002-10-31,35.0968
BO,2002-11-30,37.9667
BO,2002-12-31,37.9355
BO,2003-01-31,36.4194
BO,2003-02-28,33.8214
BO,2003-03-31,35.5161
BO,2003-04-30,33.2
BO,2003-05-31,36.7419
BO,2003-06-30,28.6
BO,2003-07-31,39.871
BO,2003-08-31,31.2903
BO,2003-09-30,36.4
BO,2003-10-31,33.6452
BO,2003-11-30,37.2333
BO,2003-12-31,39.129
BO,2004-01-31,36.2903
BO,2004-02-29,38.7931
BO,2004-03-31,39.2903
BO,2004-04-30,39.6667
BO,2004-05-31,39.3548
BO,2004-06-30,0.0
BO,2004-07-31,38.871
BO,2004-08-31,41.9355
BO,2004-09-30,42.2333
BO,2004-10-31,42.7742
BO,2004-11-30,42.0333
BO,2004-12-31,42.4194
BO,2005-01-31,38.0645
BO,2005-02-28,38.0714
BO,2005-03-31,38.1935
BO,2005-04-30,32.6333
BO,2005-05-31,37.6129
BO,2005-06-30,37.6333
BO,2005-07-31,39.0
BO,2005-08-31,37.5806
BO,2005-09-30,35.5333
BO,2005-10-31,38.871
BO,2005-11-30,37.4333
BO,2005-12-31,36.4839
BO,2006-01-31,30.0
BO,2006-02-28,38.9286
BO,2006-03-31,39.9677
BO,2006-04-30,37.2333
BO,2006-05-31,38.4516
BO,2006-06-30,38.8667
BO,2006-07-31,40.1613
BO,2006-08-31,40.2258
BO,2006-09-30,40.0333
BO,2006-10-31,40.4194
BO,2006-11-30,40.2
BO,2006-12-31,39.7742
BO,2007-01-31,39.5484
BO,2007-02-28,40.3929
BO,2007-03-31,43.9677
BO,2007-04-30,47.0
BO,2007-05-31,49.1935
BO,2007-06-30,46.8
BO,2007-07-31,47.8387
BO,2007-08-31,45.6129
BO,2007-09-30,49.1667
BO,2007-10-31,43.9677
BO,2007-11-30,48.3333
BO,2007-12-31,43.4839
BO,2008-01-31,50.3226
BO,2008-02-29,48.7241
BO,2008-03-31,44.1613
BO,2008-04-30,49.6
BO,2008-05-31,49.9677
BO,2008-06-30,47.4667
BO,2008-07-31,48.6129
BO,2008-08-31,48.6129
BO,2008-09-30,46.0667
BO,2008-10-31,46.0323
BO,2008-11-30,45.7
BO,2008-12-31,46.0645
BO,2009-01-31,37.7742
BO,2009-02-28,39.0357
BO,2009-03-31,43.1613
BO,2009-04-30,42.2667
BO,2009-05-31,36.6774
BO,2009-06-30,44.8667
BO,2009-07-31,47.3871
BO,2009-08-31,43.7419
BO,2009-09-30,38.4333
BO,2009-10-31,40.7742
BO,2009-11-30,41.7667
BO,2009-12-31,38.3548
BO,2010-01-31,35.9677
BO,2010-02-28,40.6786
BO,2010-03-31,37.4516
BO,2010-04-30,42.8667
BO,2010-05-31,41.4839
BO,2010-06-30,47.8667
BO,2010-07-31,47.0
BO,2010-08-31,42.871
BO,2010-09-30,45.8333
BO,2010-10-31,43.129
BO,2010-11-30,43.2
BO,2010-12-31,42.9355
BO,2011-01-31,44.2581
BO,2011-02-28,44.6071
BO,2011-03-31,44.4194
BO,2011-04-30,40.2333
BO,2011-05-31,41.8387
BO,2011-06-30,44.5
BO,2011-07-31,45.9032
BO,2011-08-31,45.9677
BO,2011-09-30,4.9
BO,2011-10-31,47.4194
BO,2011-11-30,46.1667
BO,2011-12-31,44.7097
BO,2012-01-31,44.0
BO,2012-02-29,42.2069
BO,2012-03-31,47.0645
BO,2012-04-30,47.5333
BO,2012-05-31,47.3548
BO,2012-06-30,46.6333
BO,2012-07-31,45.1613
BO,2012-08-31,38.129
BO,2012-09-30,49.6
BO,2012-10-31,45.871
BO,2012-11-30,47.1667
BO,2012-12-31,45.6452
BO,2013-01-31,51.7742
BO,2013-02-28,50.75
BO,2013-03-31,51.8387
BO,2013-04-30,51.9333
BO,2013-05-31,52.129
BO,2013-06-30,51.8
BO,2013-07-31,50.129
BO,2013-08-31,50.129
BO,2013-09-30,51.8
BO,2013-10-31,50.129
BO,2013-11-30,51.8
BO,2013-12-31,50.129
BO,2014-01-31,54.1613
BO,2014-02-28,53.6071
BO,2014-03-31,54.2581
BO,2014-04-30,55.1
BO,2014-05-31,44.2258
BO,2014-06-30,54.8
BO,2014-07-31,53.0323
BO,2014-08-31,53.0323
BO,2014-09-30,54.8
BO,2014-10-31,53.3871
BO,2014-11-30,53.6
BO,2014-12-31,58.6129
BO,2015-01-31,59.1613
BO,2015-02-28,56.0357
BO,2015-03-31,62.2903
BO,2015-04-30,62.4667
BO,2015-05-31,60.0968
BO,2015-06-30,62.1
BO,2015-07-31,60.0968
BO,2015-08-31,63.8065
BO,2015-09-30,60.2333
BO,2015-10-31,59.9677
BO,2015-11-30,0.0
BO,2015-12-31,0.0
BO,2016-01-31,0.0
BO,2016-02-29,0.0
BO,2016-03-31,0.0
BO,2016-04-30,0.0
BO,2016-05-31,0.0
BO,2016-06-30,0.0
BO,2016-07-31,0.0
BO,2016-08-31,
BO,2016-09-30,
BO,2016-10-31,
BO,2016-11-30,
BO,2016-12-31,
BO,2017-01-31,
BO,2017-02-28,
BO,2017-03-31,
BO,2017-04-30,
BO,2017-05-31,
BO,2017-06-30,
BO,2017-07-31,
BO,2017-08-31,
BO,2017-09-30,
BO,2017-10-31,
BO,2017-11-30,
BO,2017-12-31,
BO,2018-01-31,
BO,2018-02-28,
BO,2018-03-31,
BO,2018-04-30,
BO,2018-05-31,
BO,2018-06-30,
BO,2018-07-31,
BO,2018-08-31,
BO,2018-09-30,
BO,2018-10-31,
BO,2018-11-30,
BO,2018-12-31,
BO,2019-01-31,
BO,2019-02-28,
BO,2019-03-31,
BO,2019-04-30,
BO,2019-05-31,
BO,2019-06-30,
BO,2019-07-31,
BO,2019-08-31,
BO,2019-09-30,
BO,2019-10-31,
BO,2019-11-30,
BO,2019-12-31,
BO,2020-01-31,
BO,2020-02-29,
BO,2020-03-31,
BO,2020-04-30,
BO,2020-05-31,
BO,2020-06-30,
BO,2020-07-31,
BO,2020-08-31,
BO,2020-09-30,
BO,2020-10-31,
BO,2020-11-30,
BO,2020-12-31,
BO,2021-01-31,
BO,2021-02-28,
BO,2021-03-31,
BO,2021-04-30,
BO,2021-05-31,
BO,2021-06-30,
BO,2021-07-31,
BO,2021-08-31,
BO,2021-09-30,
BO,2021-10-31,
BO,2021-11-30,
BO,2021-12-31,
BO,2022-01-31,
BO,2022-02-28,
BO,2022-03-31,
BO,2022-04-30,
BO,2022-05-31,
BO,2022-06-30,
BO,2022-07-31,
BO,2022-08-31,
BO,2022-09-30,
BO,2022-10-31,
BO,2022-11-30,
BO,2022-12-31,
BO,2023-01-31,
BO,2023-02-28,
BO,2023-03-31,
BO,2023-04-30,
BO,2023-05-31,
BO,2023-06-30,
BO,2023-07-31,
BO,2023-08-31,
BO,2023-09-30,
BO,2023-10-31,
BO,2023-11-30,
BO,2023-12-31,
BO,2024-01-31,
BO,2024-02-29,
BO,2024-03-31,
BO,2024-04-30,
BO,2024-05-31,
BO,2024-06-30,
BO,2024-07-31,
BO,2024-08-31,
BO,2024-09-30,
BO,2024-10-31,
BO,2024-11-30,
BO,2024-12-31,
BO,2025-01-31,
BR,2002-01-31,1591.0968
BR,2002-02-28,1651.3214
BR,2002-03-31,1696.1935
BR,2002-04-30,1634.7333
BR,2002-05-31,1558.129
BR,2002-06-30,1542.9333
BR,2002-07-31,1643.5484
BR,2002-08-31,1637.8387
BR,2002-09-30,1647.2
BR,2002-10-31,1652.7742
BR,2002-11-30,1676.5667
BR,2002-12-31,1421.5161
BR,2003-01-31,1530.871
BR,2003-02-28,1608.5714
BR,2003-03-31,1697.5161
BR,2003-04-30,1718.6333
BR,2003-05-31,1542.4194
BR,2003-06-30,1545.5
BR,2003-07-31,1620.5806
BR,2003-08-31,1567.7419
BR,2003-09-30,1712.1333
BR,2003-10-31,1636.5161
BR,2003-11-30,1531.6333
BR,2003-12-31,1525.5806
BR,2004-01-31,1647.6129
BR,2004-02-29,1730.1724
BR,2004-03-31,1736.6774
BR,2004-04-30,1757.0333
BR,2004-05-31,1614.6452
BR,2004-06-30,1608.2
BR,2004-07-31,1662.3871
BR,2004-08-31,1709.7419
BR,2004-09-30,1721.9333
BR,2004-10-31,1794.1935
BR,2004-11-30,1674.0333
BR,2004-12-31,1721.0645
BR,2005-01-31,1698.5161
BR,2005-02-28,1680.6429
BR,2005-03-31,1725.7742
BR,2005-04-30,1577.9
BR,2005-05-31,1624.6129
BR,2005-06-30,1613.7333
BR,2005-07-31,1744.2903
BR,2005-08-31,1796.3226
BR,2005-09-30,1755.0
BR,2005-10-31,1753.0323
BR,2005-11-30,1734.5333
BR,2005-12-31,1721.2258
BR,2006-01-31,1729.7419
BR,2006-02-28,1668.2143
BR,2006-03-31,1802.3226
BR,2006-04-30,1747.0
BR,2006-05-31,1756.6129
BR,2006-06-30,1734.5667
BR,2006-07-31,1635.3871
BR,2006-08-31,1654.9677
BR,2006-09-30,1696.5
BR,2006-10-31,1657.3871
BR,2006-11-30,1685.5
BR,2006-12-31,1643.129
BR,2007-01-31,1665.4839
BR,2007-02-28,1717.0357
BR,2007-03-31,1811.1935
BR,2007-04-30,1744.8333
BR,2007-05-31,1710.7097
BR,2007-06-30,1751.2667
BR,2007-07-31,1770.8387
BR,2007-08-31,1761.6452
BR,2007-09-30,1756.6
BR,2007-10-31,1707.5806
BR,2007-11-30,1692.4
BR,2007-12-31,1801.871
BR,2008-01-31,1709.7742
BR,2008-02-29,1831.2759
BR,2008-03-31,1628.5806
BR,2008-04-30,1773.1667
BR,2008-05-31,1835.0645
BR,2008-06-30,1861.0667
BR,2008-07-31,1800.6774
BR,2008-08-31,1756.6452
BR,2008-09-30,1801.9333
BR,2008-10-31,1601.8065
BR,2008-11-30,1781.4333
BR,2008-12-31,1717.6129
BR,2009-01-31,1658.4194
BR,2009-02-28,1770.2857
BR,2009-03-31,1807.9355
BR,2009-04-30,1700.3667
BR,2009-05-31,1733.4194
BR,2009-06-30,1765.9333
BR,2009-07-31,1690.0645
BR,2009-08-31,1782.7097
BR,2009-09-30,1823.7333
BR,2009-10-31,1814.5806
BR,2009-11-30,1805.1667
BR,2009-12-31,1839.9355
BR,2010-01-31,1768.9032
BR,2010-02-28,1770.2143
BR,2010-03-31,1600.6129
BR,2010-04-30,1710.4
BR,2010-05-31,1726.4516
BR,2010-06-30,1895.2
BR,2010-07-31,1913.7419
BR,2010-08-31,1750.2581
BR,2010-09-30,1759.6
BR,2010-10-31,1799.3871
BR,2010-11-30,1931.4667
BR,2010-12-31,1918.2258
BR,2011-01-31,1789.7419
BR,2011-02-28,1819.1071
BR,2011-03-31,1883.2903
BR,2011-04-30,1827.5333
BR,2011-05-31,1941.129
BR,2011-06-30,1888.9667
BR,2011-07-31,1727.7097
BR,2011-08-31,1844.4839
BR,2011-09-30,1829.6667
BR,2011-10-31,1905.129
BR,2011-11-30,1914.3
BR,2011-12-31,1855.4516
BR,2012-01-31,1859.4516
BR,2012-02-29,1823.0
BR,2012-03-31,1900.0
BR,2012-04-30,1901.9333
BR,2012-05-31,1842.4194
BR,2012-06-30,1863.4333
BR,2012-07-31,1901.0
BR,2012-08-31,2000.9677
BR,2012-09-30,1965.5333
BR,2012-10-31,1930.8065
BR,2012-11-30,1923.4667
BR,2012-12-31,1969.3871
BR,2013-01-31,2060.6129
BR,2013-02-28,2049.1071
BR,2013-03-31,2041.1935
BR,2013-04-30,2043.8333
BR,2013-05-31,2054.0323
BR,2013-06-30,2069.3333
BR,2013-07-31,2072.3871
BR,2013-08-31,2034.0323
BR,2013-09-30,1939.1
BR,2013-10-31,1887.6129
BR,2013-11-30,2092.9
BR,2013-12-31,1984.5484
BR,2014-01-31,2039.9355
BR,2014-02-28,2027.8214
BR,2014-03-31,2124.0
BR,2014-04-30,2107.7667
BR,2014-05-31,1970.9355
BR,2014-06-30,2149.3667
BR,2014-07-31,2131.3226
BR,2014-08-31,2123.871
BR,2014-09-30,2043.5333
BR,2014-10-31,2082.8387
BR,2014-11-30,2108.0667
BR,2014-12-31,2028.6452
BR,2015-01-31,1893.6452
BR,2015-02-28,1900.5714
BR,2015-03-31,1931.4194
BR,2015-04-30,1958.2
BR,2015-05-31,2038.5484
BR,2015-06-30,2060.7
BR,2015-07-31,2039.5806
BR,2015-08-31,1988.9677
BR,2015-09-30,1970.4333
BR,2015-10-31,1939.9032
BR,2015-11-30,1854.7333
BR,2015-12-31,1857.0
BR,2016-01-31,1940.9355
BR,2016-02-29,1886.4483
BR,2016-03-31,1807.9677
BR,2016-04-30,1873.9
BR,2016-05-31,1783.8387
BR,2016-06-30,1876.1667
BR,2016-07-31,1811.4516
BR,2016-08-31,1782.7742
BR,2016-09-30,1701.8667
BR,2016-10-31,1771.1935
BR,2016-11-30,1623.9333
BR,2016-12-31,1508.0323
BR,2017-01-31,1703.9677
BR,2017-02-28,1755.2857
BR,2017-03-31,1661.3871
BR,2017-04-30,1684.8
BR,2017-05-31,1618.3548
BR,2017-06-30,
BR,2017-07-31,1609.6774
BR,2017-08-31,1608.3548
BR,2017-09-30,1715.9667
BR,2017-10-31,1673.1613
BR,2017-11-30,1684.0333
BR,2017-12-31,1540.6129
BR,2018-01-31,1537.6774
BR,2018-02-28,1533.8571
BR,2018-03-31,1522.1613
BR,2018-04-30,1712.3333
BR,2018-05-31,1737.7419
BR,2018-06-30,1706.6
BR,2018-07-31,1736.129
BR,2018-08-31,1625.2581
BR,2018-09-30,1594.0667
BR,2018-10-31,1651.3548
BR,2018-11-30,1614.3
BR,2018-12-31,1578.9032
BR,2019-01-31,1612.1613
BR,2019-02-28,1679.5
BR,2019-03-31,1640.3226
BR,2019-04-30,1690.7667
BR,2019-05-31,1619.6774
BR,2019-06-30,1615.9
BR,2019-07-31,1678.3226
BR,2019-08-31,1752.0
BR,2019-09-30,1726.3667
BR,2019-10-31,1510.0645
BR,2019-11-30,
BR,2019-12-31,1760.2258
BR,2020-01-31,1769.129
BR,2020-02-29,1715.4138
BR,2020-03-31,1670.8387
BR,2020-04-30,1264.8667
BR,2020-05-31,1595.1613
BR,2020-06-30,1662.0667
BR,2020-07-31,1716.4516
BR,2020-08-31,1836.0645
BR,2020-09-30,1782.4667
BR,2020-10-31,1783.7097
BR,2020-11-30,1770.1667
BR,2020-12-31,1730.9677
BR,2021-01-31,1723.1935
BR,2021-02-28,1833.0714
BR,2021-03-31,1681.0645
BR,2021-04-30,1549.1333
BR,2021-05-31,1577.5484
BR,2021-06-30,1758.5667
BR,2021-07-31,1815.6452
BR,2021-08-31,1753.871
BR,2021-09-30,1828.7333
BR,2021-10-31,1899.2903
BR,2021-11-30,1814.9
BR,2021-12-31,1756.3548
BR,2022-01-31,1827.3548
BR,2022-02-28,1864.7857
BR,2022-03-31,1880.6129
BR,2022-04-30,1907.0333
BR,2022-05-31,1851.9355
BR,2022-06-30,1922.0
BR,2022-07-31,1957.9355
BR,2022-08-31,1885.4194
BR,2022-09-30,1755.0667
BR,2022-10-31,1757.2903
BR,2022-11-30,1788.3667
BR,2022-12-31,1869.2903
BR,2023-01-31,
BR,2023-02-28,
BR,2023-03-31,
BR,2023-04-30,
BR,2023-05-31,
BR,2023-06-30,
BR,2023-07-31,
BR,2023-08-31,
BR,2023-09-30,
BR,2023-10-31,
BR,2023-11-30,
BR,2023-12-31,
BR,2024-01-31,
BR,2024-02-29,
BR,2024-03-31,
BR,2024-04-30,
BR,2024-05-31,
BR,2024-06-30,
BR,2024-07-31,
BR,2024-08-31,
BR,2024-09-30,
BR,2024-10-31,
BR,2024-11-30,
BR,2024-12-31,
BR,2025-01-31,
BY,2002-01-31,
BY,2002-02-28,
BY,2002-03-31,
BY,2002-04-30,
BY,2002-05-31,
BY,2002-06-30,
BY,2002-07-31,
BY,2002-08-31,
BY,2002-09-30,
BY,2002-10-31,
BY,2002-11-30,
BY,2002-12-31,
BY,2003-01-31,
BY,2003-02-28,
BY,2003-03-31,
BY,2003-04-30,
BY,2003-05-31,
BY,2003-06-30,
BY,2003-07-31,
BY,2003-08-31,
BY,2003-09-30,
BY,2003-10-31,
BY,2003-11-30,
BY,2003-12-31,
BY,2004-01-31,
BY,2004-02-29,
BY,2004-03-31,
BY,2004-04-30,
BY,2004-05-31,
BY,2004-06-30,
BY,2004-07-31,
BY,2004-08-31,
BY,2004-09-30,
BY,2004-10-31,
BY,2004-11-30,
BY,2004-12-31,
BY,2005-01-31,
BY,2005-02-28,
BY,2005-03-31,
BY,2005-04-30,
BY,2005-05-31,
BY,2005-06-30,
BY,2005-07-31,
BY,2005-08-31,
BY,2005-09-30,
BY,2005-10-31,
BY,2005-11-30,
BY,2005-12-31,
BY,2006-01-31,
BY,2006-02-28,
BY,2006-03-31,
BY,2006-04-30,
BY,2006-05-31,
BY,2006-06-30,
BY,2006-07-31,
BY,2006-08-31,
BY,2006-09-30,
BY,2006-10-31,
BY,2006-11-30,
BY,2006-12-31,
BY,2007-01-31,
BY,2007-02-28,
BY,2007-03-31,
BY,2007-04-30,
BY,2007-05-31,
BY,2007-06-30,
BY,2007-07-31,
BY,2007-08-31,
BY,2007-09-30,
BY,2007-10-31,
BY,2007-11-30,
BY,2007-12-31,
BY,2008-01-31,
BY,2008-02-29,
BY,2008-03-31,
BY,2008-04-30,
BY,2008-05-31,
BY,2008-06-30,
BY,2008-07-31,
BY,2008-08-31,
BY,2008-09-30,
BY,2008-10-31,
BY,2008-11-30,
BY,2008-12-31,
BY,2009-01-31,
BY,2009-02-28,
BY,2009-03-31,
BY,2009-04-30,
BY,2009-05-31,
BY,2009-06-30,
BY,2009-07-31,
BY,2009-08-31,
BY,2009-09-30,
BY,2009-10-31,
BY,2009-11-30,
BY,2009-12-31,
BY,2010-01-31,
BY,2010-02-28,
BY,2010-03-31,
BY,2010-04-30,
BY,2010-05-31,
BY,2010-06-30,
BY,2010-07-31,
BY,2010-08-31,
BY,2010-09-30,
BY,2010-10-31,
BY,2010-11-30,
BY,2010-12-31,
BY,2011-01-31,
BY,2011-02-28,
BY,2011-03-31,
BY,2011-04-30,
BY,2011-05-31,
BY,2011-06-30,
BY,2011-07-31,
BY,2011-08-31,
BY,2011-09-30,
BY,2011-10-31,
BY,2011-11-30,
BY,2011-12-31,
BY,2012-01-31,
BY,2012-02-29,
BY,2012-03-31,
BY,2012-04-30,
BY,2012-05-31,
BY,2012-06-30,
BY,2012-07-31,
BY,2012-08-31,
BY,2012-09-30,
BY,2012-10-31,
BY,2012-11-30,
BY,2012-12-31,
BY,2013-01-31,
BY,2013-02-28,
BY,2013-03-31,
BY,2013-04-30,
BY,2013-05-31,
BY,2013-06-30,
BY,2013-07-31,
BY,2013-08-31,
BY,2013-09-30,
BY,2013-10-31,
BY,2013-11-30,
BY,2013-12-31,
BY,2014-01-31,457.7953
BY,2014-02-28,464.542
BY,2014-03-31,461.5924
BY,2014-04-30,468.6409
BY,2014-05-31,469.8987
BY,2014-06-30,473.3003
BY,2014-07-31,472.7466
BY,2014-08-31,394.9048
BY,2014-09-30,398.7494
BY,2014-10-31,402.2618
BY,2014-11-30,468.8861
BY,2014-12-31,466.1015
BY,2015-01-31,481.0529
BY,2015-02-28,485.8248
BY,2015-03-31,483.6634
BY,2015-04-30,482.8644
BY,2015-05-31,480.5782
BY,2015-06-30,493.1642
BY,2015-07-31,408.1948
BY,2015-08-31,480.3409
BY,2015-09-30,402.9184
BY,2015-10-31,400.6005
BY,2015-11-30,481.393
BY,2015-12-31,491.7324
BY,2016-01-31,484.1381
BY,2016-02-29,483.7862
BY,2016-03-31,483.9007
BY,2016-04-30,482.6192
BY,2016-05-31,484.85
BY,2016-06-30,479.1859
BY,2016-07-31,271.0224
BY,2016-08-31,271.497
BY,2016-09-30,286.1873
BY,2016-10-31,269.3611
BY,2016-11-30,251.8546
BY,2016-12-31,249.6634
BY,2017-01-31,296.8905
BY,2017-02-28,343.9398
BY,2017-03-31,348.3895
BY,2017-04-30,388.9401
BY,2017-05-31,427.418
BY,2017-06-30,426.706
BY,2017-07-31,390.8703
BY,2017-08-31,344.5924
BY,2017-09-30,323.2175
BY,2017-10-31,308.994
BY,2017-11-30,400.466
BY,2017-12-31,399.4139
BY,2018-01-31,363.3409
BY,2018-02-28,362.8578
BY,2018-03-31,367.138
BY,2018-04-30,387.7139
BY,2018-05-31,359.0691
BY,2018-06-30,379.1307
BY,2018-07-31,352.424
BY,2018-08-31,350.5255
BY,2018-09-30,407.0873
BY,2018-10-31,349.3388
BY,2018-11-30,371.7737
BY,2018-12-31,370.9352
BY,2019-01-31,381.3774
BY,2019-02-28,379.411
BY,2019-03-31,380.4281
BY,2019-04-30,335.9697
BY,2019-05-31,327.7425
BY,2019-06-30,335.4792
BY,2019-07-31,393.9555
BY,2019-08-31,416.2638
BY,2019-09-30,385.9973
BY,2019-10-31,273.1583
BY,2019-11-30,375.6975
BY,2019-12-31,339.8459
BY,2020-01-31,232.5761
BY,2020-02-29,222.9932
BY,2020-03-31,214.3023
BY,2020-04-30,368.3405
BY,2020-05-31,305.6715
BY,2020-06-30,278.5851
BY,2020-07-31,391.8196
BY,2020-08-31,350.5255
BY,2020-09-30,354.3622
BY,2020-10-31,413.4159
BY,2020-11-30,416.4062
BY,2020-12-31,381.6147
BY,2021-01-31,342.4565
BY,2021-02-28,356.0263
BY,2021-03-31,333.2009
BY,2021-04-30,368.0952
BY,2021-05-31,
BY,2021-06-30,
BY,2021-07-31,
BY,2021-08-31,
BY,2021-09-30,
BY,2021-10-31,
BY,2021-11-30,
BY,2021-12-31,
BY,2022-01-31,
BY,2022-02-28,
BY,2022-03-31,
BY,2022-04-30,
BY,2022-05-31,
BY,2022-06-30,
BY,2022-07-31,
BY,2022-08-31,
BY,2022-09-30,
BY,2022-10-31,
BY,2022-11-30,
BY,2022-12-31,
BY,2023-01-31,
BY,2023-02-28,
BY,2023-03-31,
BY,2023-04-30,
BY,2023-05-31,
BY,2023-06-30,
BY,2023-07-31,
BY,2023-08-31,
BY,2023-09-30,
BY,2023-10-31,
BY,2023-11-30,
BY,2023-12-31,
BY,2024-01-31,
BY,2024-02-29,
BY,2024-03-31,
BY,2024-04-30,
BY,2024-05-31,
BY,2024-06-30,
BY,2024-07-31,
BY,2024-08-31,
BY,2024-09-30,
BY,2024-10-31,
BY,2024-11-30,
BY,2024-12-31,
BY,2025-01-31,
BY,2025-02-28,
BY,2025-03-31,
BZ,2002-01-31,0.0
BZ,2002-02-28,0.0
BZ,2002-03-31,0.0
BZ,2002-04-30,0.0
BZ,2002-05-31,0.0
BZ,2002-06-30,0.0
BZ,2002-07-31,0.0
BZ,2002-08-31,0.0
BZ,2002-09-30,0.0
BZ,2002-10-31,0.0
BZ,2002-11-30,0.0
BZ,2002-12-31,0.0
BZ,2003-01-31,0.0
BZ,2003-02-28,0.0
BZ,2003-03-31,0.0
BZ,2003-04-30,0.0
BZ,2003-05-31,0.0
BZ,2003-06-30,0.0
BZ,2003-07-31,0.0
BZ,2003-08-31,0.0
BZ,2003-09-30,0.0
BZ,2003-10-31,0.0
BZ,2003-11-30,0.0
BZ,2003-12-31,0.0
BZ,2004-01-31,0.0
BZ,2004-02-29,0.0
BZ,2004-03-31,0.0
BZ,2004-04-30,0.0
BZ,2004-05-31,0.0
BZ,2004-06-30,0.0
BZ,2004-07-31,0.0
BZ,2004-08-31,0.0
BZ,2004-09-30,0.0
BZ,2004-10-31,0.0
BZ,2004-11-30,0.0
BZ,2004-12-31,0.0
BZ,2005-01-31,0.0
BZ,2005-02-28,0.0
BZ,2005-03-31,0.0
BZ,2005-04-30,0.0
BZ,2005-05-31,0.0
BZ,2005-06-30,0.0
BZ,2005-07-31,0.0
BZ,2005-08-31,0.0
BZ,2005-09-30,0.0
BZ,2005-10-31,0.0
BZ,2005-11-30,0.0
BZ,2005-12-31,0.0
BZ,2006-01-31,0.0
BZ,2006-02-28,0.0
BZ,2006-03-31,0.0
BZ,2006-04-30,0.0
BZ,2006-05-31,0.0
BZ,2006-06-30,0.0
BZ,2006-07-31,0.0
BZ,2006-08-31,0.0
BZ,2006-09-30,0.0
BZ,2006-10-31,0.0
BZ,2006-11-30,0.0
BZ,2006-12-31,0.0
BZ,2007-01-31,0.0
BZ,2007-02-28,0.0
BZ,2007-03-31,0.0
BZ,2007-04-30,0.0
BZ,2007-05-31,0.0
BZ,2007-06-30,0.0
BZ,2007-07-31,0.0
BZ,2007-08-31,0.0
BZ,2007-09-30,0.0
BZ,2007-10-31,0.0
BZ,2007-11-30,0.0
BZ,2007-12-31,0.0
BZ,2008-01-31,0.0
BZ,2008-02-29,0.0
BZ,2008-03-31,0.0
BZ,2008-04-30,0.0
BZ,2008-05-31,0.0
BZ,2008-06-30,0.0
BZ,2008-07-31,0.0
BZ,2008-08-31,0.0
BZ,2008-09-30,0.0
BZ,2008-10-31,0.0
BZ,2008-11-30,0.0
BZ,2008-12-31,0.0
BZ,2009-01-31,0.0
BZ,2009-02-28,0.0
BZ,2009-03-31,0.0
BZ,2009-04-30,0.0
BZ,2009-05-31,0.0
BZ,2009-06-30,0.0
BZ,2009-07-31,0.0
BZ,2009-08-31,0.0
BZ,2009-09-30,0.0
BZ,2009-10-31,0.0
BZ,2009-11-30,0.0
BZ,2009-12-31,0.0
BZ,2010-01-31,0.0
BZ,2010-02-28,0.0
BZ,2010-03-31,0.0
BZ,2010-04-30,0.0
BZ,2010-05-31,0.0
BZ,2010-06-30,0.0
BZ,2010-07-31,0.0
BZ,2010-08-31,0.0
BZ,2010-09-30,0.0
BZ,2010-10-31,0.0
BZ,2010-11-30,0.0
BZ,2010-12-31,0.0
BZ,2011-01-31,0.0
BZ,2011-02-28,0.0
BZ,2011-03-31,0.0
BZ,2011-04-30,0.0
BZ,2011-05-31,0.0
BZ,2011-06-30,0.0
BZ,2011-07-31,0.0
BZ,2011-08-31,0.0
BZ,2011-09-30,0.0
BZ,2011-10-31,0.0
BZ,2011-11-30,0.0
BZ,2011-12-31,0.0
BZ,2012-01-31,0.0
BZ,2012-02-29,0.0
BZ,2012-03-31,0.0
BZ,2012-04-30,0.0
BZ,2012-05-31,0.0
BZ,2012-06-30,0.0
BZ,2012-07-31,0.0
BZ,2012-08-31,0.0
BZ,2012-09-30,0.0
BZ,2012-10-31,0.0
BZ,2012-11-30,0.0
BZ,2012-12-31,0.0
BZ,2013-01-31,0.0
BZ,2013-02-28,0.0
BZ,2013-03-31,0.0
BZ,2013-04-30,0.0
BZ,2013-05-31,0.0
BZ,2013-06-30,0.0
BZ,2013-07-31,0.0
BZ,2013-08-31,0.0
BZ,2013-09-30,0.0
BZ,2013-10-31,0.0
BZ,2013-11-30,0.0
BZ,2013-12-31,0.0
BZ,2014-01-31,0.0
BZ,2014-02-28,0.0
BZ,2014-03-31,0.0
BZ,2014-04-30,0.0
BZ,2014-05-31,0.0
BZ,2014-06-30,0.0
BZ,2014-07-31,0.0
BZ,2014-08-31,0.0
BZ,2014-09-30,0.0
BZ,2014-10-31,0.0
BZ,2014-11-30,0.0
BZ,2014-12-31,0.0
BZ,2015-01-31,0.0
BZ,2015-02-28,0.0
BZ,2015-03-31,0.0
BZ,2015-04-30,0.0
BZ,2015-05-31,0.0
BZ,2015-06-30,0.0
BZ,2015-07-31,0.0
BZ,2015-08-31,0.0
BZ,2015-09-30,0.0
BZ,2015-10-31,0.0
BZ,2015-11-30,0.0
BZ,2015-12-31,0.0
BZ,2016-01-31,0.0
BZ,2016-02-29,0.0
BZ,2016-03-31,0.0
BZ,2016-04-30,0.0
BZ,2016-05-31,0.0
BZ,2016-06-30,0.0
BZ,2016-07-31,0.0
BZ,2016-08-31,
BZ,2016-09-30,
BZ,2016-10-31,
BZ,2016-11-30,
BZ,2016-12-31,
BZ,2017-01-31,
BZ,2017-02-28,
BZ,2017-03-31,
BZ,2017-04-30,
BZ,2017-05-31,
BZ,2017-06-30,
BZ,2017-07-31,
BZ,2017-08-31,
BZ,2017-09-30,
BZ,2017-10-31,
BZ,2017-11-30,
BZ,2017-12-31,
BZ,2018-01-31,
BZ,2018-02-28,
BZ,2018-03-31,
BZ,2018-04-30,
BZ,2018-05-31,
BZ,2018-06-30,
BZ,2018-07-31,
BZ,2018-08-31,
BZ,2018-09-30,
BZ,2018-10-31,
BZ,2018-11-30,
BZ,2018-12-31,
BZ,2019-01-31,
BZ,2019-02-28,
BZ,2019-03-31,
BZ,2019-04-30,
BZ,2019-05-31,
BZ,2019-06-30,
BZ,2019-07-31,
BZ,2019-08-31,
BZ,2019-09-30,
BZ,2019-10-31,
BZ,2019-11-30,
BZ,2019-12-31,
BZ,2020-01-31,
BZ,2020-02-29,
BZ,2020-03-31,
BZ,2020-04-30,
BZ,2020-05-31,
BZ,2020-06-30,
BZ,2020-07-31,
BZ,2020-08-31,
BZ,2020-09-30,
BZ,2020-10-31,
BZ,2020-11-30,
BZ,2020-12-31,
BZ,2021-01-31,
BZ,2021-02-28,
BZ,2021-03-31,
BZ,2021-04-30,
BZ,2021-05-31,
BZ,2021-06-30,
BZ,2021-07-31,
BZ,2021-08-31,
BZ,2021-09-30,
BZ,2021-10-31,
BZ,2021-11-30,
BZ,2021-12-31,
BZ,2022-01-31,
BZ,2022-02-28,
BZ,2022-03-31,
BZ,2022-04-30,
BZ,2022-05-31,
BZ,2022-06-30,
BZ,2022-07-31,
BZ,2022-08-31,
BZ,2022-09-30,
BZ,2022-10-31,
BZ,2022-11-30,
BZ,2022-12-31,
BZ,2023-01-31,
BZ,2023-02-28,
BZ,2023-03-31,
BZ,2023-04-30,
BZ,2023-05-31,
BZ,2023-06-30,
BZ,2023-07-31,
BZ,2023-08-31,
BZ,2023-09-30,
BZ,2023-10-31,
BZ,2023-11-30,
BZ,2023-12-31,
BZ,2024-01-31,
BZ,2024-02-29,
BZ,2024-03-31,
BZ,2024-04-30,
BZ,2024-05-31,
BZ,2024-06-30,
BZ,2024-07-31,
BZ,2024-08-31,
BZ,2024-09-30,
BZ,2024-10-31,
BZ,2024-11-30,
BZ,2024-12-31,
BZ,2025-01-31,
CA,2002-01-31,1573.0284
CA,2002-02-28,1561.325
CA,2002-03-31,1521.5568
CA,2002-04-30,1398.7547
CA,2002-05-31,1505.9523
CA,2002-06-30,1549.6527
CA,2002-07-31,1572.0968
CA,2002-08-31,1612.389
CA,2002-09-30,1569.628
CA,2002-10-31,1521.5568
CA,2002-11-30,1543.3953
CA,2002-12-31,1579.7826
CA,2003-01-31,1606.5665
CA,2003-02-28,1568.2871
CA,2003-03-31,1416.5174
CA,2003-04-30,1573.238
CA,2003-05-31,1659.9013
CA,2003-06-30,1556.632
CA,2003-07-31,1592.5923
CA,2003-08-31,1556.0265
CA,2003-09-30,1540.748
CA,2003-10-31,1558.1226
CA,2003-11-30,1588.6407
CA,2003-12-31,1543.2168
CA,2004-01-31,1596.0858
CA,2004-02-29,1602.3421
CA,2004-03-31,1579.7826
CA,2004-04-30,1522.698
CA,2004-05-31,1511.0761
CA,2004-06-30,1649.77
CA,2004-07-31,1686.9181
CA,2004-08-31,1614.951
CA,2004-09-30,1587.1967
CA,2004-10-31,1513.871
CA,2004-11-30,1544.1173
CA,2004-12-31,1624.0342
CA,2005-01-31,1630.5555
CA,2005-02-28,1640.4871
CA,2005-03-31,1622.8697
CA,2005-04-30,1414.398
CA,2005-05-31,1481.4974
CA,2005-06-30,1533.7687
CA,2005-07-31,1514.8026
CA,2005-08-31,1551.8342
CA,2005-09-30,1579.014
CA,2005-10-31,1551.6013
CA,2005-11-30,1552.5407
CA,2005-12-31,1501.5271
CA,2006-01-31,1516.8987
CA,2006-02-28,1515.1686
CA,2006-03-31,1529.0097
CA,2006-04-30,1332.09
CA,2006-05-31,1237.8806
CA,2006-06-30,1502.482
CA,2006-07-31,1606.7994
CA,2006-08-31,1607.0323
CA,2006-09-30,1560.4827
CA,2006-10-31,1385.7742
CA,2006-11-30,1510.424
CA,2006-12-31,1515.5013
CA,2007-01-31,1515.7342
CA,2007-02-28,1487.5779
CA,2007-03-31,1505.0206
CA,2007-04-30,1398.2733
CA,2007-05-31,1488.7174
CA,2007-06-30,1604.0433
CA,2007-07-31,1604.0045
CA,2007-08-31,1551.3684
CA,2007-09-30,1504.1667
CA,2007-10-31,1435.1497
CA,2007-11-30,1450.7387
CA,2007-12-31,1607.4981
CA,2008-01-31,1604.9361
CA,2008-02-29,1540.1007
CA,2008-03-31,1402.0774
CA,2008-04-30,1425.7093
CA,2008-05-31,1441.2052
CA,2008-06-30,1522.9387
CA,2008-07-31,1507.1168
CA,2008-08-31,1386.0071
CA,2008-09-30,1371.078
CA,2008-10-31,1421.6413
CA,2008-11-30,1381.6673
CA,2008-12-31,1468.6877
CA,2009-01-31,1472.1813
CA,2009-02-28,1501.5021
CA,2009-03-31,1461.7006
CA,2009-04-30,1197.3167
CA,2009-05-31,1286.0916
CA,2009-06-30,1378.298
CA,2009-07-31,1374.129
CA,2009-08-31,1402.3103
CA,2009-09-30,1198.52
CA,2009-10-31,1210.8639
CA,2009-11-30,1308.0233
CA,2009-12-31,1371.8
CA,2010-01-31,1492.4439
CA,2010-02-28,1402.485
CA,2010-03-31,1323.8219
CA,2010-04-30,1332.5713
CA,2010-05-31,1378.3213
CA,2010-06-30,1421.8587
CA,2010-07-31,1426.0665
CA,2010-08-31,1434.2181
CA,2010-09-30,1409.5847
CA,2010-10-31,1176.86
CA,2010-11-30,1326.314
CA,2010-12-31,1403.009
CA,2011-01-31,1387.6374
CA,2011-02-28,1358.6493
CA,2011-03-31,1370.8684
CA,2011-04-30,1228.3627
CA,2011-05-31,1265.1303
CA,2011-06-30,1162.42
CA,2011-07-31,1229.4961
CA,2011-08-31,1309.3819
CA,2011-09-30,1299.8407
CA,2011-10-31,1262.5684
CA,2011-11-30,1276.496
CA,2011-12-31,1290.9826
CA,2012-01-31,1310.7794
CA,2012-02-29,1366.5717
CA,2012-03-31,1361.0865
CA,2012-04-30,1320.7787
CA,2012-05-31,1287.9548
CA,2012-06-30,1353.9907
CA,2012-07-31,1423.0387
CA,2012-08-31,1395.3232
CA,2012-09-30,1405.2527
CA,2012-10-31,1353.6335
CA,2012-11-30,1425.95
CA,2012-12-31,1442.8355
CA,2013-01-31,1400.9129
CA,2013-02-28,1430.8493
CA,2013-03-31,1346.1806
CA,2013-04-30,1215.3667
CA,2013-05-31,1041.7761
CA,2013-06-30,1287.5667
CA,2013-07-31,1243.2374
CA,2013-08-31,1346.4135
CA,2013-09-30,1325.592
CA,2013-10-31,1155.4329
CA,2013-11-30,1159.532
CA,2013-12-31,1195.7252
CA,2014-01-31,1208.5348
CA,2014-02-28,1362.775
CA,2014-03-31,1157.0632
CA,2014-04-30,1093.83
CA,2014-05-31,1259.5406
CA,2014-06-30,1386.962
CA,2014-07-31,1306.82
CA,2014-08-31,1327.3155
CA,2014-09-30,1196.1133
CA,2014-10-31,1142.8561
CA,2014-11-30,1366.024
CA,2014-12-31,1312.1768
CA,2015-01-31,1397.4194
CA,2015-02-28,1329.2536
CA,2015-03-31,1352.9348
CA,2015-04-30,1320.7787
CA,2015-05-31,1342.2213
CA,2015-06-30,1372.2813
CA,2015-07-31,1389.9665
CA,2015-08-31,1456.111
CA,2015-09-30,1327.9987
CA,2015-10-31,1242.0729
CA,2015-11-30,1255.7987
CA,2015-12-31,1330.5761
CA,2016-01-31,1250.4574
CA,2016-02-29,1157.1917
CA,2016-03-31,1179.8877
CA,2016-04-30,1198.0387
CA,2016-05-31,960.9587
CA,2016-06-30,1186.0053
CA,2016-07-31,1345.4819
CA,2016-08-31,1328.0142
CA,2016-09-30,1134.5027
CA,2016-10-31,954.6703
CA,2016-11-30,1108.992
CA,2016-12-31,1147.2813
CA,2017-01-31,1186.409
CA,2017-02-28,1158.2943
CA,2017-03-31,1246.2652
CA,2017-04-30,1214.1633
CA,2017-05-31,1272.8161
CA,2017-06-30,1335.4593
CA,2017-07-31,1345.9477
CA,2017-08-31,1297.9697
CA,2017-09-30,1234.8607
CA,2017-10-31,1219.4813
CA,2017-11-30,1246.6533
CA,2017-12-31,1226.2355
CA,2018-01-31,1240.2097
CA,2018-02-28,1264.5314
CA,2018-03-31,1281.2006
CA,2018-04-30,986.7333
CA,2018-05-31,1082.0684
CA,2018-06-30,1271.2013
CA,2018-07-31,1305.1897
CA,2018-08-31,1302.6277
CA,2018-09-30,1243.0433
CA,2018-10-31,1090.6858
CA,2018-11-30,1121.988
CA,2018-12-31,1155.2
CA,2019-01-31,1266.7606
CA,2019-02-28,1252.4121
CA,2019-03-31,1235.0858
CA,2019-04-30,1023.5553
CA,2019-05-31,1153.5697
CA,2019-06-30,1298.3967
CA,2019-07-31,1316.6019
CA,2019-08-31,1335.2342
CA,2019-09-30,1269.0353
CA,2019-10-31,1206.9045
CA,2019-11-30,1275.774
CA,2019-12-31,1362.0181
CA,2020-01-31,1239.2781
CA,2020-02-29,1256.031
CA,2020-03-31,1164.9819
CA,2020-04-30,843.0553
CA,2020-05-31,959.3284
CA,2020-06-30,953.04
CA,2020-07-31,1111.6471
CA,2020-08-31,1041.7761
CA,2020-09-30,1120.0627
CA,2020-10-31,1182.2168
CA,2020-11-30,1263.5
CA,2020-12-31,1194.0948
CA,2021-01-31,1199.2187
CA,2021-02-28,1135.0871
CA,2021-03-31,1165.6806
CA,2021-04-30,1108.7513
CA,2021-05-31,1129.5806
CA,2021-06-30,1308.0233
CA,2021-07-31,1347.3452
CA,2021-08-31,1300.9974
CA,2021-09-30,1252.9107
CA,2021-10-31,1176.3942
CA,2021-11-30,1303.21
CA,2021-12-31,1311.9439
CA,2022-01-31,1265.3632
CA,2022-02-28,1281.0343
CA,2022-03-31,1195.7252
CA,2022-04-30,1138.8347
CA,2022-05-31,1134.9374
CA,2022-06-30,1208.1467
CA,2022-07-31,1259.7735
CA,2022-08-31,1234.3871
CA,2022-09-30,1180.7107
CA,2022-10-31,1083.4658
CA,2022-11-30,1227.4
CA,2022-12-31,1217.6181
CA,2023-01-31,1221.1116
CA,2023-02-28,1173.7657
CA,2023-03-31,1179.8877
CA,2023-04-30,1113.324
CA,2023-05-31,1183.3813
CA,2023-06-30,1255.3173
CA,2023-07-31,1288.8865
CA,2023-08-31,1286.3245
CA,2023-09-30,1155.2
CA,2023-10-31,942.3265
CA,2023-11-30,1114.5273
CA,2023-12-31,1207.3703
CA,2024-01-31,1187.5735
CA,2024-02-29,1192.7938
CA,2024-03-31,1157.2961
CA,2024-04-30,939.8033
CA,2024-05-31,1035.9535
CA,2024-06-30,1219.6987
CA,2024-07-31,1309.149
CA,2024-08-31,1260.2394
CA,2024-09-30,1145.3327
CA,2024-10-31,1197.5884
CA,2024-11-30,1280.5873
CA,2024-12-31,1269.7884
CA,2025-01-31,1206.6716
CA,2025-02-28,1134.0557
CA,2025-03-31,1174.2981
CH,2002-01-31,102.7045
CH,2002-02-28,103.4432
CH,2002-03-31,92.4816
CH,2002-04-30,96.0557
CH,2002-05-31,103.4177
CH,2002-06-30,106.3737
CH,2002-07-31,108.1726
CH,2002-08-31,97.9497
CH,2002-09-30,53.801
CH,2002-10-31,91.5306
CH,2002-11-30,101.9517
CH,2002-12-31,106.7461
CH,2003-01-31,96.5232
CH,2003-02-28,103.4432
CH,2003-03-31,99.6139
CH,2003-04-30,92.3707
CH,2003-05-31,46.5974
CH,2003-06-30,100.969
CH,2003-07-31,103.4177
CH,2003-08-31,109.1235
CH,2003-09-30,106.128
CH,2003-10-31,66.33
CH,2003-11-30,81.5613
CH,2003-12-31,89.391
CH,2004-01-31,100.3271
CH,2004-02-29,101.1469
CH,2004-03-31,110.55
CH,2004-04-30,105.1453
CH,2004-05-31,108.1726
CH,2004-06-30,104.4083
CH,2004-07-31,103.8932
CH,2004-08-31,100.8026
CH,2004-09-30,87.9487
CH,2004-10-31,95.81
CH,2004-11-30,102.1973
CH,2004-12-31,108.6481
CH,2005-01-31,109.8368
CH,2005-02-28,109.2339
CH,2005-03-31,79.1681
CH,2005-04-30,86.7203
CH,2005-05-31,80.8323
CH,2005-06-30,55.5207
CH,2005-07-31,106.2706
CH,2005-08-31,111.0255
CH,2005-09-30,113.0067
CH,2005-10-31,97.9497
CH,2005-11-30,104.8997
CH,2005-12-31,103.8932
CH,2006-01-31,110.7877
CH,2006-02-28,114.7614
CH,2006-03-31,115.3048
CH,2006-04-30,113.498
CH,2006-05-31,101.2781
CH,2006-06-30,97.7753
CH,2006-07-31,108.6481
CH,2006-08-31,109.599
CH,2006-09-30,111.7783
CH,2006-10-31,111.0255
CH,2006-11-30,112.024
CH,2006-12-31,110.55
CH,2007-01-31,109.1235
CH,2007-02-28,109.2339
CH,2007-03-31,109.3613
CH,2007-04-30,95.073
CH,2007-05-31,44.9332
CH,2007-06-30,51.3443
CH,2007-07-31,65.6168
CH,2007-08-31,95.81
CH,2007-09-30,112.5153
CH,2007-10-31,114.5916
CH,2007-11-30,113.498
CH,2007-12-31,112.6897
CH,2008-01-31,114.1161
CH,2008-02-29,90.7272
CH,2008-03-31,111.501
CH,2008-04-30,108.0933
CH,2008-05-31,113.6406
CH,2008-06-30,112.024
CH,2008-07-31,106.0329
CH,2008-08-31,103.4177
CH,2008-09-30,109.076
CH,2008-10-31,110.7877
CH,2008-11-30,86.966
CH,2008-12-31,46.3597
CH,2009-01-31,105.4194
CH,2009-02-28,111.5571
CH,2009-03-31,105.6645
CH,2009-04-30,107.6667
CH,2009-05-31,107.871
CH,2009-06-30,95.2533
CH,2009-07-31,97.329
CH,2009-08-31,67.4194
CH,2009-09-30,92.9733
CH,2009-10-31,101.7419
CH,2009-11-30,100.32
CH,2009-12-31,94.3871
CH,2010-01-31,92.9161
CH,2010-02-28,98.2571
CH,2010-03-31,102.7226
CH,2010-04-30,51.68
CH,2010-05-31,64.2323
CH,2010-06-30,101.08
CH,2010-07-31,97.5742
CH,2010-08-31,108.1161
CH,2010-09-30,109.9467
CH,2010-10-31,90.4645
CH,2010-11-30,101.3333
CH,2010-12-31,103.4581
CH,2011-01-31,108.3613
CH,2011-02-28,99.0714
CH,2011-03-31,93.1613
CH,2011-04-30,58.2667
CH,2011-05-31,76.9806
CH,2011-06-30,90.9467
CH,2011-07-31,86.7871
CH,2011-08-31,86.2968
CH,2011-09-30,84.6133
CH,2011-10-31,94.6323
CH,2011-11-30,104.12
CH,2011-12-31,102.7226
CH,2012-01-31,72.0774
CH,2012-02-29,50.3172
CH,2012-03-31,31.6258
CH,2012-04-30,52.9467
CH,2012-05-31,39.471
CH,2012-06-30,44.08
CH,2012-07-31,69.871
CH,2012-08-31,97.8194
CH,2012-09-30,90.1867
CH,2012-10-31,89.4839
CH,2012-11-30,103.6133
CH,2012-12-31,103.4581
CH,2013-01-31,101.0065
CH,2013-02-28,104.5
CH,2013-03-31,108.1161
CH,2013-04-30,113.24
CH,2013-05-31,110.0774
CH,2013-06-30,111.2133
CH,2013-07-31,108.6065
CH,2013-08-31,108.6065
CH,2013-09-30,67.8933
CH,2013-10-31,62.0258
CH,2013-11-30,108.1733
CH,2013-12-31,107.871
CH,2014-01-31,106.4
CH,2014-02-28,101.7857
CH,2014-03-31,62.7613
CH,2014-04-30,105.64
CH,2014-05-31,99.0452
CH,2014-06-30,93.2267
CH,2014-07-31,106.4
CH,2014-08-31,109.3419
CH,2014-09-30,114.76
CH,2014-10-31,111.0581
CH,2014-11-30,105.64
CH,2014-12-31,105.9097
CH,2015-01-31,95.1226
CH,2015-02-28,97.4429
CH,2015-03-31,70.6065
CH,2015-04-30,60.04
CH,2015-05-31,24.5161
CH,2015-06-30,9.3733
CH,2015-07-31,57.6129
CH,2015-08-31,61.7806
CH,2015-09-30,61.0533
CH,2015-10-31,43.1484
CH,2015-11-30,56.7467
CH,2015-12-31,65.2129
CH,2016-01-31,66.1935
CH,2016-02-29,66.0414
CH,2016-03-31,63.7419
CH,2016-04-30,62.5733
CH,2016-05-31,61.0452
CH,2016-06-30,55.9867
CH,2016-07-31,59.0839
CH,2016-08-31,57.8581
CH,2016-09-30,44.84
CH,2016-10-31,63.2516
CH,2016-11-30,65.36
CH,2016-12-31,64.4774
CH,2017-01-31,63.7419
CH,2017-02-28,61.0714
CH,2017-03-31,59.329
CH,2017-04-30,65.6133
CH,2017-05-31,49.0323
CH,2017-06-30,14.6933
CH,2017-07-31,62.7613
CH,2017-08-31,64.9677
CH,2017-09-30,68.1467
CH,2017-10-31,68.6452
CH,2017-11-30,67.3867
CH,2017-12-31,66.4387
CH,2018-01-31,64.9677
CH,2018-02-28,47.5
CH,2018-03-31,62.7613
CH,2018-04-30,63.5867
CH,2018-05-31,62.7613
CH,2018-06-30,63.84
CH,2018-07-31,62.271
CH,2018-08-31,61.0452
CH,2018-09-30,59.7867
CH,2018-10-31,66.1935
CH,2018-11-30,69.92
CH,2018-12-31,66.929
CH,2019-01-31,59.329
CH,2019-02-28,64.8714
CH,2019-03-31,64.2323
CH,2019-04-30,61.3067
CH,2019-05-31,54.4258
CH,2019-06-30,0.0
CH,2019-07-31,53.9355
CH,2019-08-31,64.9677
CH,2019-09-30,63.3333
CH,2019-10-31,64.7226
CH,2019-11-30,64.8533
CH,2019-12-31,63.9871
CH,2020-01-31,64.4774
CH,2020-02-29,65.2552
CH,2020-03-31,59.8194
CH,2020-04-30,62.32
CH,2020-05-31,63.0065
CH,2020-06-30,59.5333
CH,2020-07-31,56.3871
CH,2020-08-31,55.4065
CH,2020-09-30,50.6667
CH,2020-10-31,53.4452
CH,2020-11-30,55.7333
CH,2020-12-31,55.4065
CH,2021-01-31,53.2
CH,2021-02-28,48.3143
CH,2021-03-31,50.0129
CH,2021-04-30,51.68
CH,2021-05-31,16.671
CH,2021-06-30,0.0
CH,2021-07-31,38.7355
CH,2021-08-31,51.9742
CH,2021-09-30,59.7867
CH,2021-10-31,64.7226
CH,2021-11-30,73.2133
CH,2021-12-31,63.4968
CH,2022-01-31,67.4194
CH,2022-02-28,66.7714
CH,2022-03-31,67.1742
CH,2022-04-30,64.6
CH,2022-05-31,67.1742
CH,2022-06-30,65.6133
CH,2022-07-31,63.4968
CH,2022-08-31,59.8194
CH,2022-09-30,61.3067
CH,2022-10-31,57.3677
CH,2022-11-30,58.0133
CH,2022-12-31,57.6129
CH,2023-01-31,38.9806
CH,2023-02-28,56.7286
CH,2023-03-31,64.4774
CH,2023-04-30,58.0133
CH,2023-05-31,56.3871
CH,2023-06-30,58.2667
CH,2023-07-31,61.2903
CH,2023-08-31,62.271
CH,2023-09-30,62.0667
CH,2023-10-31,59.8194
CH,2023-11-30,63.3333
CH,2023-12-31,62.271
CH,2024-01-31,60.8
CH,2024-02-29,62.3724
CH,2024-03-31,62.0258
CH,2024-04-30,58.52
CH,2024-05-31,7.1097
CH,2024-06-30,10.64
CH,2024-07-31,58.3484
CH,2024-08-31,63.7419
CH,2024-09-30,64.8533
CH,2024-10-31,62.271
CH,2024-11-30,63.5867
CH,2024-12-31,60.5548
CH,2025-01-31,60.8
CH,2025-02-28,67.0429
CH,2025-03-31,69.871
CL,2002-01-31,195.9455
CL,2002-02-28,196.2193
CL,2002-03-31,192.3377
CL,2002-04-30,181.507
CL,2002-05-31,179.0342
CL,2002-06-30,181.973
CL,2002-07-31,191.8868
CL,2002-08-31,184.2203
CL,2002-09-30,177.779
CL,2002-10-31,177.2303
CL,2002-11-30,182.206
CL,2002-12-31,179.4852
CL,2003-01-31,213.3077
CL,2003-02-28,213.4446
CL,2003-03-31,209.4745
CL,2003-04-30,197.584
CL,2003-05-31,195.0435
CL,2003-06-30,198.05
CL,2003-07-31,208.7981
CL,2003-08-31,200.6806
CL,2003-09-30,193.623
CL,2003-10-31,193.0142
CL,2003-11-30,198.516
CL,2003-12-31,195.4945
CL,2004-01-31,220.5232
CL,2004-02-29,213.3155
CL,2004-03-31,216.69
CL,2004-04-30,204.341
CL,2004-05-31,201.5826
CL,2004-06-30,204.807
CL,2004-07-31,216.0135
CL,2004-08-31,207.4452
CL,2004-09-30,200.38
CL,2004-10-31,199.7787
CL,2004-11-30,205.273
CL,2004-12-31,202.0335
CL,2005-01-31,210.151
CL,2005-02-28,210.4489
CL,2005-03-31,206.3177
CL,2005-04-30,194.555
CL,2005-05-31,192.1123
CL,2005-06-30,195.021
CL,2005-07-31,205.6413
CL,2005-08-31,197.5239
CL,2005-09-30,190.827
CL,2005-10-31,190.0829
CL,2005-11-30,195.487
CL,2005-12-31,192.3377
CL,2006-01-31,229.0916
CL,2006-02-28,221.9325
CL,2006-03-31,199.5532
CL,2006-04-30,207.137
CL,2006-05-31,216.4645
CL,2006-06-30,205.04
CL,2006-07-31,224.131
CL,2006-08-31,214.4352
CL,2006-09-30,215.292
CL,2006-10-31,228.4152
CL,2006-11-30,217.855
CL,2006-12-31,223.68
CL,2007-01-31,217.5919
CL,2007-02-28,218.1879
CL,2007-03-31,219.6213
CL,2007-04-30,216.224
CL,2007-05-31,186.4752
CL,2007-06-30,196.186
CL,2007-07-31,211.2784
CL,2007-08-31,176.3284
CL,2007-09-30,167.061
CL,2007-10-31,188.279
CL,2007-11-30,202.71
CL,2007-12-31,188.279
CL,2008-01-31,228.6406
CL,2008-02-29,227.5366
CL,2008-03-31,222.1016
CL,2008-04-30,191.293
CL,2008-05-31,181.5145
CL,2008-06-30,216.923
CL,2008-07-31,196.6219
CL,2008-08-31,193.2397
CL,2008-09-30,199.914
CL,2008-10-31,200.6806
CL,2008-11-30,200.38
CL,2008-12-31,196.171
CL,2009-01-31,197.2984
CL,2009-02-28,198.4661
CL,2009-03-31,205.8668
CL,2009-04-30,173.119
CL,2009-05-31,170.4658
CL,2009-06-30,191.06
CL,2009-07-31,204.2884
CL,2009-08-31,203.161
CL,2009-09-30,185.002
CL,2009-10-31,181.74
CL,2009-11-30,175.682
CL,2009-12-31,174.5245
CL,2010-01-31,181.0635
CL,2010-02-28,176.4975
CL,2010-03-31,60.2042
CL,2010-04-30,91.103
CL,2010-05-31,128.3003
CL,2010-06-30,163.799
CL,2010-07-31,178.3577
CL,2010-08-31,179.0342
CL,2010-09-30,185.468
CL,2010-10-31,185.7987
CL,2010-11-30,185.701
CL,2010-12-31,193.6906
CL,2011-01-31,183.5439
CL,2011-02-28,177.7457
CL,2011-03-31,184.8968
CL,2011-04-30,185.002
CL,2011-05-31,179.0342
CL,2011-06-30,168.459
CL,2011-07-31,188.279
CL,2011-08-31,197.0729
CL,2011-09-30,180.109
CL,2011-10-31,134.8394
CL,2011-11-30,176.614
CL,2011-12-31,166.6326
CL,2012-01-31,160.319
CL,2012-02-29,151.8517
CL,2012-03-31,157.1623
CL,2012-04-30,148.887
CL,2012-05-31,172.2697
CL,2012-06-30,166.595
CL,2012-07-31,160.5445
CL,2012-08-31,122.4377
CL,2012-09-30,167.294
CL,2012-10-31,184.8968
CL,2012-11-30,179.643
CL,2012-12-31,176.3284
CL,2013-01-31,175.8774
CL,2013-02-28,192.4746
CL,2013-03-31,158.7406
CL,2013-04-30,142.596
CL,2013-05-31,177.0048
CL,2013-06-30,187.332
CL,2013-07-31,180.1616
CL,2013-08-31,174.5245
CL,2013-09-30,187.332
CL,2013-10-31,162.3484
CL,2013-11-30,155.411
CL,2013-12-31,179.9361
CL,2014-01-31,177.0048
CL,2014-02-28,169.2579
CL,2014-03-31,174.0735
CL,2014-04-30,180.109
CL,2014-05-31,182.8674
CL,2014-06-30,171.954
CL,2014-07-31,170.0148
CL,2014-08-31,182.4165
CL,2014-09-30,174.75
CL,2014-10-31,164.1523
CL,2014-11-30,152.149
CL,2014-12-31,166.4071
CL,2015-01-31,166.4071
CL,2015-02-28,178.9939
CL,2015-03-31,155.1329
CL,2015-04-30,157.741
CL,2015-05-31,177.4558
CL,2015-06-30,172.886
CL,2015-07-31,173.8481
CL,2015-08-31,151.7506
CL,2015-09-30,173.119
CL,2015-10-31,155.8094
CL,2015-11-30,149.586
CL,2015-12-31,177.9068
CL,2016-01-31,178.8087
CL,2016-02-29,173.5448
CL,2016-03-31,167.309
CL,2016-04-30,154.246
CL,2016-05-31,161.6719
CL,2016-06-30,175.216
CL,2016-07-31,145.4371
CL,2016-08-31,169.5639
CL,2016-09-30,175.682
CL,2016-10-31,173.1716
CL,2016-11-30,158.673
CL,2016-12-31,188.279
CL,2017-01-31,197.7494
CL,2017-02-28,199.9639
CL,2017-03-31,178.3577
CL,2017-04-30,154.945
CL,2017-05-31,188.73
CL,2017-06-30,194.555
CL,2017-07-31,182.191
CL,2017-08-31,183.7694
CL,2017-09-30,194.089
CL,2017-10-31,173.6226
CL,2017-11-30,192.225
CL,2017-12-31,202.4845
CL,2018-01-31,194.3671
CL,2018-02-28,195.4704
CL,2018-03-31,197.2984
CL,2018-04-30,197.584
CL,2018-05-31,162.1229
CL,2018-06-30,181.041
CL,2018-07-31,179.7106
CL,2018-08-31,191.8868
CL,2018-09-30,188.264
CL,2018-10-31,190.5339
CL,2018-11-30,188.264
CL,2018-12-31,196.6219
CL,2019-01-31,211.2784
CL,2019-02-28,202.4604
CL,2019-03-31,188.5045
CL,2019-04-30,198.516
CL,2019-05-31,214.8861
CL,2019-06-30,202.71
CL,2019-07-31,199.5532
CL,2019-08-31,207.4452
CL,2019-09-30,205.972
CL,2019-10-31,203.161
CL,2019-11-30,202.71
CL,2019-12-31,212.6313
CL,2020-01-31,211.5039
CL,2020-02-29,210.4231
CL,2020-03-31,194.8181
CL,2020-04-30,150.052
CL,2020-05-31,126.4965
CL,2020-06-30,98.326
CL,2020-07-31,100.1148
CL,2020-08-31,119.9574
CL,2020-09-30,181.973
CL,2020-10-31,210.6019
CL,2020-11-30,168.459
CL,2020-12-31,195.4945
CL,2021-01-31,165.2797
CL,2021-02-28,226.9254
CL,2021-03-31,197.0729
CL,2021-04-30,171.488
CL,2021-05-31,170.6913
CL,2021-06-30,178.711
CL,2021-07-31,173.6226
CL,2021-08-31,209.4745
CL,2021-09-30,198.516
CL,2021-10-31,184.8968
CL,2021-11-30,137.703
CL,2021-12-31,187.1516
CL,2022-01-31,194.3671
CL,2022-02-28,212.4461
CL,2022-03-31,208.3471
CL,2022-04-30,185.002
CL,2022-05-31,134.6139
CL,2022-06-30,103.685
CL,2022-07-31,111.6145
CL,2022-08-31,152.4271
CL,2022-09-30,170.789
CL,2022-10-31,190.5339
CL,2022-11-30,157.275
CL,2022-12-31,177.6813
CL,2023-01-31,185.7987
CL,2023-02-28,189.7286
CL,2023-03-31,188.279
CL,2023-04-30,210.632
CL,2023-05-31,193.9161
CL,2023-06-30,142.829
CL,2023-07-31,193.0142
CL,2023-08-31,188.73
CL,2023-09-30,195.953
CL,2023-10-31,193.0142
CL,2023-11-30,188.73
CL,2023-12-31,130.1042
CL,2024-01-31,170.6913
CL,2024-02-29,185.1145
CL,2024-03-31,183.0929
CL,2024-04-30,173.119
CL,2024-05-31,162.1229
CL,2024-06-30,183.138
CL,2024-07-31,201.8081
CL,2024-08-31,193.4652
CL,2024-09-30,201.545
CL,2024-10-31,161.6719
CL,2024-11-30,156.576
CL,2024-12-31,202.259
CL,2025-01-31,202.0335
CL,2025-02-28,203.4589
CL,2025-03-31,
CN,2002-01-31,3976.649
CN,2002-02-28,4214.2286
CN,2002-03-31,4199.791
CN,2002-04-30,4632.584
CN,2002-05-31,4563.6658
CN,2002-06-30,4379.556
CN,2002-07-31,4052.4465
CN,2002-08-31,4186.5677
CN,2002-09-30,4634.048
CN,2002-10-31,4627.8929
CN,2002-11-30,4634.292
CN,2002-12-31,4683.1471
CN,2003-01-31,4558.2348
CN,2003-02-28,4823.0957
CN,2003-03-31,4643.2413
CN,2003-04-30,4834.372
CN,2003-05-31,4326.8284
CN,2003-06-30,4590.616
CN,2003-07-31,4793.6555
CN,2003-08-31,4917.151
CN,2003-09-30,5170.848
CN,2003-10-31,5136.751
CN,2003-11-30,5124.0
CN,2003-12-31,5402.8684
CN,2004-01-31,5657.6516
CN,2004-02-29,6181.6138
CN,2004-03-31,5395.5484
CN,2004-04-30,5978.0
CN,2004-05-31,5192.4774
CN,2004-06-30,6363.52
CN,2004-07-31,5589.1742
CN,2004-08-31,5539.5871
CN,2004-09-30,5863.32
CN,2004-10-31,5612.7871
CN,2004-11-30,6329.36
CN,2004-12-31,6214.9161
CN,2005-01-31,5343.6
CN,2005-02-28,6308.2714
CN,2005-03-31,6120.4645
CN,2005-04-30,6270.8
CN,2005-05-31,5974.0645
CN,2005-06-30,5995.08
CN,2005-07-31,6000.0387
CN,2005-08-31,5702.5161
CN,2005-09-30,6241.52
CN,2005-10-31,6243.2516
CN,2005-11-30,5743.76
CN,2005-12-31,5964.6194
CN,2006-01-31,6833.5742
CN,2006-02-28,6444.2143
CN,2006-03-31,6330.6194
CN,2006-04-30,6668.52
CN,2006-05-31,6488.8258
CN,2006-06-30,6478.2
CN,2006-07-31,6134.6323
CN,2006-08-31,6170.0516
CN,2006-09-30,7012.56
CN,2006-10-31,6033.0968
CN,2006-11-30,6836.88
CN,2006-12-31,6264.5032
CN,2007-01-31,6902.0516
CN,2007-02-28,6878.1857
CN,2007-03-31,6866.6323
CN,2007-04-30,7256.56
CN,2007-05-31,6798.1548
CN,2007-06-30,7161.4
CN,2007-07-31,6968.1677
CN,2007-08-31,7076.7871
CN,2007-09-30,7107.72
CN,2007-10-31,6616.3355
CN,2007-11-30,6980.84
CN,2007-12-31,6576.1935
CN,2008-01-31,6947.8606
CN,2008-02-29,6931.7876
CN,2008-03-31,7407.84
CN,2008-04-30,6626.552
CN,2008-05-31,7022.0052
CN,2008-06-30,6562.868
CN,2008-07-31,6341.2452
CN,2008-08-31,6608.071
CN,2008-09-30,6344.488
CN,2008-10-31,6783.751
CN,2008-11-30,6269.336
CN,2008-12-31,6239.2374
CN,2009-01-31,6392.249
CN,2009-02-28,6665.1214
CN,2009-03-31,7669.471
CN,2009-04-30,7699.176
CN,2009-05-31,7550.6981
CN,2009-06-30,7955.132
CN,2009-07-31,8166.9948
CN,2009-08-31,8250.1123
CN,2009-09-30,8151.308
CN,2009-10-31,8296.6297
CN,2009-11-30,7854.36
CN,2009-12-31,8956.1381
CN,2010-01-31,7893.7935
CN,2010-02-28,8475.2529
CN,2010-03-31,8796.751
CN,2010-04-30,9062.404
CN,2010-05-31,8130.8671
CN,2010-06-30,9281.028
CN,2010-07-31,8234.0555
CN,2010-08-31,8562.9832
CN,2010-09-30,9301.524
CN,2010-10-31,7709.849
CN,2010-11-30,9288.104
CN,2010-12-31,8914.5794
CN,2011-01-31,9326.6245
CN,2011-02-28,9158.3657
CN,2011-03-31,9062.6323
CN,2011-04-30,9109.008
CN,2011-05-31,8922.1355
CN,2011-06-30,8645.408
CN,2011-07-31,8355.4258
CN,2011-08-31,8606.6671
CN,2011-09-30,8519.992
CN,2011-10-31,8469.24
CN,2011-11-30,9375.7
CN,2011-12-31,9018.4761
CN,2012-01-31,9526.6258
CN,2012-02-29,9964.2869
CN,2012-03-31,9486.72
CN,2012-04-30,9224.664
CN,2012-05-31,9580.9355
CN,2012-06-30,8550.736
CN,2012-07-31,8443.9742
CN,2012-08-31,8190.8439
CN,2012-09-30,8847.928
CN,2012-10-31,9571.0181
CN,2012-11-30,9712.664
CN,2012-12-31,9778.3394
CN,2013-01-31,9832.1768
CN,2013-02-28,9568.8086
CN,2013-03-31,9313.8735
CN,2013-04-30,9577.0
CN,2013-05-31,9450.5923
CN,2013-06-30,9531.616
CN,2013-07-31,9992.9806
CN,2013-08-31,8694.9794
CN,2013-09-30,9906.156
CN,2013-10-31,8643.5032
CN,2013-11-30,9629.46
CN,2013-12-31,10261.2232
CN,2014-01-31,10656.031
CN,2014-02-28,10208.7857
CN,2014-03-31,9534.6542
CN,2014-04-30,10735.512
CN,2014-05-31,10096.6413
CN,2014-06-30,9879.316
CN,2014-07-31,9529.4594
CN,2014-08-31,9744.5729
CN,2014-09-30,10558.368
CN,2014-10-31,9615.6465
CN,2014-11-30,10222.38
CN,2014-12-31,11117.6632
CN,2015-01-31,10841.3923
CN,2015-02-28,10841.4429
CN,2015-03-31,10371.2594
CN,2015-04-30,11752.016
CN,2015-05-31,9899.4735
CN,2015-06-30,11845.712
CN,2015-07-31,11637.6194
CN,2015-08-31,10551.6619
CN,2015-09-30,11125.424
CN,2015-10-31,10920.0232
CN,2015-11-30,11330.872
CN,2015-12-31,12518.8529
CN,2016-01-31,11153.3187
CN,2016-02-29,11153.4083
CN,2016-03-31,11649.8981
CN,2016-04-30,11953.316
CN,2016-05-31,11549.071
CN,2016-06-30,11479.224
CN,2016-07-31,11317.4284
CN,2016-08-31,11590.1574
CN,2016-09-30,11749.576
CN,2016-10-31,10615.6529
CN,2016-11-30,11864.012
CN,2016-12-31,12470.9187
CN,2017-01-31,11912.9458
CN,2017-02-28,11913.0386
CN,2017-03-31,12879.8942
CN,2017-04-30,12239.284
CN,2017-05-31,12548.6052
CN,2017-06-30,12581.616
CN,2017-07-31,11973.1587
CN,2017-08-31,11830.7729
CN,2017-09-30,12865.388
CN,2017-10-31,11076.5768
CN,2017-11-30,13116.464
CN,2017-12-31,11367.2516
CN,2018-01-31,12791.1097
CN,2018-02-28,12791.1771
CN,2018-03-31,12976.471
CN,2018-04-30,13474.656
CN,2018-05-31,12764.191
CN,2018-06-30,11983.572
CN,2018-07-31,12127.351
CN,2018-08-31,12673.0452
CN,2018-09-30,12760.224
CN,2018-10-31,12984.4994
CN,2018-11-30,14214.22
CN,2018-12-31,14363.9652
CN,2019-01-31,13880.1368
CN,2019-02-28,13659.9043
CN,2019-03-31,12853.4477
CN,2019-04-30,14654.884
CN,2019-05-31,13567.9742
CN,2019-06-30,13522.968
CN,2019-07-31,13359.9445
CN,2019-08-31,13830.7858
CN,2019-09-30,14204.46
CN,2019-10-31,14615.6787
CN,2019-11-30,14865.212
CN,2019-12-31,14793.4839
CN,2020-01-31,13814.2568
CN,2020-02-29,14040.5172
CN,2020-03-31,13431.7277
CN,2020-04-30,14694.9
CN,2020-05-31,15421.5871
CN,2020-06-30,17056.576
CN,2020-07-31,15581.4465
CN,2020-08-31,14859.3639
CN,2020-09-30,16478.052
CN,2020-10-31,13908.7084
CN,2020-11-30,14885.952
CN,2020-12-31,12865.7265
CN,2021-01-31,14532.5613
CN,2021-02-28,15619.5729
CN,2021-03-31,15746.7368
CN,2021-04-30,13851.148
CN,2021-05-31,13694.5394
CN,2021-06-30,13819.672
CN,2021-07-31,13581.6697
CN,2021-08-31,14535.631
CN,2021-09-30,14050.008
CN,2021-10-31,12878.7135
CN,2021-11-30,13997.792
CN,2021-12-31,14659.5987
CN,2022-01-31,13931.3768
CN,2022-02-28,15537.2229
CN,2022-03-31,14267.6245
CN,2022-04-30,14605.352
CN,2022-05-31,14967.511
CN,2022-06-30,12883.2
CN,2022-07-31,12847.3084
CN,2022-08-31,13414.2542
CN,2022-09-30,13743.788
CN,2022-10-31,14207.8839
CN,2022-11-30,15499.612
CN,2022-12-31,15322.649
CN,2023-01-31,13954.9897
CN,2023-02-28,15440.2329
CN,2023-03-31,16580.9806
CN,2023-04-30,14562.896
CN,2023-05-31,16376.4929
CN,2023-06-30,16949.216
CN,2023-07-31,14346.4916
CN,2023-08-31,16538.9497
CN,2023-09-30,15244.632
CN,2023-10-31,15653.9381
CN,2023-11-30,14532.64
CN,2023-12-31,15565.3897
CN,2024-01-31,15506.8297
CN,2024-02-29,14575.8869
CN,2024-03-31,15905.8877
CN,2024-04-30,15108.968
CN,2024-05-31,15375.3058
CN,2024-06-30,15694.812
CN,2024-07-31,14215.2039
CN,2024-08-31,15678.4955
CN,2024-09-30,15205.104
CN,2024-10-31,14702.8103
CN,2024-11-30,15986.392
CN,2024-12-31,15425.3652
CN,2025-01-31,14560.1884
CN,2025-02-28,14627.7129
CN,2025-03-31,
CO,2002-01-31,377.5161
CO,2002-02-28,288.2143
CO,2002-03-31,264.1935
CO,2002-04-30,312.9
CO,2002-05-31,310.4839
CO,2002-06-30,253.0333
CO,2002-07-31,279.2258
CO,2002-08-31,288.7742
CO,2002-09-30,309.7
CO,2002-10-31,301.4516
CO,2002-11-30,301.1333
CO,2002-12-31,288.0645
CO,2003-01-31,264.0645
CO,2003-02-28,226.3571
CO,2003-03-31,306.8065
CO,2003-04-30,307.0333
CO,2003-05-31,304.0
CO,2003-06-30,283.0667
CO,2003-07-31,297.1613
CO,2003-08-31,293.7742
CO,2003-09-30,292.5667
CO,2003-10-31,304.3548
CO,2003-11-30,314.7333
CO,2003-12-31,312.9355
CO,2004-01-31,304.0968
CO,2004-02-29,308.3448
CO,2004-03-31,292.0968
CO,2004-04-30,303.5
CO,2004-05-31,306.871
CO,2004-06-30,306.8
CO,2004-07-31,315.7742
CO,2004-08-31,294.5484
CO,2004-09-30,320.7667
CO,2004-10-31,318.6129
CO,2004-11-30,329.4667
CO,2004-12-31,317.1613
CO,2005-01-31,284.1935
CO,2005-02-28,310.8214
CO,2005-03-31,320.9677
CO,2005-04-30,320.7
CO,2005-05-31,308.1935
CO,2005-06-30,244.7
CO,2005-07-31,310.2581
CO,2005-08-31,320.7419
CO,2005-09-30,318.4333
CO,2005-10-31,311.6452
CO,2005-11-30,274.6667
CO,2005-12-31,273.5161
CO,2006-01-31,315.3871
CO,2006-02-28,316.5
CO,2006-03-31,314.9032
CO,2006-04-30,321.9667
CO,2006-05-31,324.3226
CO,2006-06-30,322.5667
CO,2006-07-31,316.0
CO,2006-08-31,306.9032
CO,2006-09-30,321.4333
CO,2006-10-31,318.6129
CO,2006-11-30,324.7
CO,2006-12-31,286.5161
CO,2007-01-31,312.0645
CO,2007-02-28,281.6071
CO,2007-03-31,306.1613
CO,2007-04-30,316.6667
CO,2007-05-31,316.6774
CO,2007-06-30,319.6
CO,2007-07-31,318.4516
CO,2007-08-31,330.2581
CO,2007-09-30,283.7333
CO,2007-10-31,317.871
CO,2007-11-30,330.1
CO,2007-12-31,330.0
CO,2008-01-31,325.9677
CO,2008-02-29,323.5862
CO,2008-03-31,276.1935
CO,2008-04-30,309.3
CO,2008-05-31,321.9677
CO,2008-06-30,306.1667
CO,2008-07-31,319.0645
CO,2008-08-31,312.9677
CO,2008-09-30,316.6333
CO,2008-10-31,312.5161
CO,2008-11-30,317.5667
CO,2008-12-31,314.2258
CO,2009-01-31,291.871
CO,2009-02-28,323.1429
CO,2009-03-31,291.871
CO,2009-04-30,301.6
CO,2009-05-31,291.871
CO,2009-06-30,301.6
CO,2009-07-31,291.871
CO,2009-08-31,291.871
CO,2009-09-30,301.6
CO,2009-10-31,291.871
CO,2009-11-30,301.6
CO,2009-12-31,291.871
CO,2010-01-31,291.871
CO,2010-02-28,323.1429
CO,2010-03-31,291.871
CO,2010-04-30,301.6
CO,2010-05-31,291.871
CO,2010-06-30,301.6
CO,2010-07-31,291.871
CO,2010-08-31,291.871
CO,2010-09-30,301.6
CO,2010-10-31,291.871
CO,2010-11-30,301.6
CO,2010-12-31,291.871
CO,2011-01-31,291.871
CO,2011-02-28,323.1429
CO,2011-03-31,291.871
CO,2011-04-30,301.6
CO,2011-05-31,291.871
CO,2011-06-30,301.6
CO,2011-07-31,291.871
CO,2011-08-31,291.871
CO,2011-09-30,301.6
CO,2011-10-31,291.871
CO,2011-11-30,301.6
CO,2011-12-31,291.871
CO,2012-01-31,291.871
CO,2012-02-29,312.0
CO,2012-03-31,291.871
CO,2012-04-30,301.6
CO,2012-05-31,291.871
CO,2012-06-30,301.6
CO,2012-07-31,291.871
CO,2012-08-31,291.871
CO,2012-09-30,301.6
CO,2012-10-31,291.871
CO,2012-11-30,301.6
CO,2012-12-31,291.871
CO,2013-01-31,286.9355
CO,2013-02-28,304.5
CO,2013-03-31,303.9677
CO,2013-04-30,306.6333
CO,2013-05-31,297.2581
CO,2013-06-30,294.1667
CO,2013-07-31,302.0645
CO,2013-08-31,263.9355
CO,2013-09-30,280.2667
CO,2013-10-31,260.0
CO,2013-11-30,257.8667
CO,2013-12-31,305.6129
CO,2014-01-31,288.2258
CO,2014-02-28,288.7857
CO,2014-03-31,245.6452
CO,2014-04-30,237.9667
CO,2014-05-31,239.7419
CO,2014-06-30,0.0
CO,2014-07-31,239.5806
CO,2014-08-31,229.9677
CO,2014-09-30,237.9
CO,2014-10-31,244.3871
CO,2014-11-30,221.2
CO,2014-12-31,0.0
CO,2015-01-31,222.2581
CO,2015-02-28,241.25
CO,2015-03-31,241.2903
CO,2015-04-30,233.1333
CO,2015-05-31,243.4194
CO,2015-06-30,238.7667
CO,2015-07-31,243.9032
CO,2015-08-31,200.9677
CO,2015-09-30,218.9667
CO,2015-10-31,235.871
CO,2015-11-30,305.9
CO,2015-12-31,300.0
CO,2016-01-31,310.871
CO,2016-02-29,319.0
CO,2016-03-31,345.0323
CO,2016-04-30,347.1667
CO,2016-05-31,341.5484
CO,2016-06-30,340.7
CO,2016-07-31,297.1613
CO,2016-08-31,351.2581
CO,2016-09-30,346.2
CO,2016-10-31,339.4194
CO,2016-11-30,323.8333
CO,2016-12-31,377.3226
CO,2017-01-31,338.3871
CO,2017-02-28,363.8571
CO,2017-03-31,344.9032
CO,2017-04-30,345.3333
CO,2017-05-31,
CO,2017-06-30,347.8667
CO,2017-07-31,
CO,2017-08-31,
CO,2017-09-30,
CO,2017-10-31,
CO,2017-11-30,
CO,2017-12-31,
CO,2018-01-31,
CO,2018-02-28,
CO,2018-03-31,
CO,2018-04-30,
CO,2018-05-31,
CO,2018-06-30,
CO,2018-07-31,
CO,2018-08-31,
CO,2018-09-30,
CO,2018-10-31,
CO,2018-11-30,
CO,2018-12-31,
CO,2019-01-31,
CO,2019-02-28,
CO,2019-03-31,
CO,2019-04-30,
CO,2019-05-31,
CO,2019-06-30,
CO,2019-07-31,
CO,2019-08-31,
CO,2019-09-30,
CO,2019-10-31,
CO,2019-11-30,
CO,2019-12-31,
CO,2020-01-31,
CO,2020-02-29,
CO,2020-03-31,
CO,2020-04-30,
CO,2020-05-31,
CO,2020-06-30,
CO,2020-07-31,
CO,2020-08-31,
CO,2020-09-30,
CO,2020-10-31,
CO,2020-11-30,
CO,2020-12-31,
CO,2021-01-31,
CO,2021-02-28,
CO,2021-03-31,
CO,2021-04-30,
CO,2021-05-31,
CO,2021-06-30,
CO,2021-07-31,
CO,2021-08-31,
CO,2021-09-30,
CO,2021-10-31,
CO,2021-11-30,
CO,2021-12-31,
CO,2022-01-31,
CO,2022-02-28,
CO,2022-03-31,
CO,2022-04-30,
CO,2022-05-31,
CO,2022-06-30,
CO,2022-07-31,
CO,2022-08-31,
CO,2022-09-30,
CO,2022-10-31,
CO,2022-11-30,
CO,2022-12-31,
CO,2023-01-31,
CO,2023-02-28,
CO,2023-03-31,
CO,2023-04-30,
CO,2023-05-31,
CO,2023-06-30,
CO,2023-07-31,
CO,2023-08-31,
CO,2023-09-30,
CO,2023-10-31,
CO,2023-11-30,
CO,2023-12-31,
CO,2024-01-31,
CO,2024-02-29,
CO,2024-03-31,
CO,2024-04-30,
CO,2024-05-31,
CO,2024-06-30,
CO,2024-07-31,
CO,2024-08-31,
CO,2024-09-30,
CO,2024-10-31,
CO,2024-11-30,
CO,2024-12-31,
CO,2025-01-31,
CR,2002-01-31,14.3548
CR,2002-02-28,12.2143
CR,2002-03-31,6.7097
CR,2002-04-30,10.4333
CR,2002-05-31,0.0968
CR,2002-06-30,5.9
CR,2002-07-31,13.8387
CR,2002-08-31,11.5484
CR,2002-09-30,12.2333
CR,2002-10-31,14.0
CR,2002-11-30,12.1333
CR,2002-12-31,7.5484
CR,2003-01-31,0.2581
CR,2003-02-28,0.7857
CR,2003-03-31,11.2258
CR,2003-04-30,11.6
CR,2003-05-31,15.5484
CR,2003-06-30,15.1
CR,2003-07-31,9.6774
CR,2003-08-31,3.6774
CR,2003-09-30,14.2667
CR,2003-10-31,17.1935
CR,2003-11-30,17.2333
CR,2003-12-31,4.4839
CR,2004-01-31,0.4194
CR,2004-02-29,7.3448
CR,2004-03-31,16.9032
CR,2004-04-30,13.9
CR,2004-05-31,8.8065
CR,2004-06-30,0.2667
CR,2004-07-31,16.5161
CR,2004-08-31,10.5161
CR,2004-09-30,6.5
CR,2004-10-31,10.9355
CR,2004-11-30,17.6
CR,2004-12-31,15.2581
CR,2005-01-31,6.9355
CR,2005-02-28,0.0
CR,2005-03-31,0.0
CR,2005-04-30,3.8667
CR,2005-05-31,16.7097
CR,2005-06-30,16.8333
CR,2005-07-31,6.9355
CR,2005-08-31,14.5806
CR,2005-09-30,9.2
CR,2005-10-31,15.7419
CR,2005-11-30,15.2
CR,2005-12-31,10.4516
CR,2006-01-31,9.5484
CR,2006-02-28,13.5714
CR,2006-03-31,14.3548
CR,2006-04-30,17.4333
CR,2006-05-31,17.2581
CR,2006-06-30,17.8333
CR,2006-07-31,0.3226
CR,2006-08-31,12.129
CR,2006-09-30,17.7667
CR,2006-10-31,17.4839
CR,2006-11-30,15.7333
CR,2006-12-31,14.0645
CR,2007-01-31,13.0323
CR,2007-02-28,14.5
CR,2007-03-31,17.6452
CR,2007-04-30,17.4333
CR,2007-05-31,17.4839
CR,2007-06-30,18.9333
CR,2007-07-31,16.6774
CR,2007-08-31,8.0
CR,2007-09-30,10.8
CR,2007-10-31,16.3226
CR,2007-11-30,15.1
CR,2007-12-31,14.7742
CR,2008-01-31,10.8065
CR,2008-02-29,12.931
CR,2008-03-31,13.5484
CR,2008-04-30,14.4
CR,2008-05-31,16.7097
CR,2008-06-30,9.2667
CR,2008-07-31,12.3226
CR,2008-08-31,8.0
CR,2008-09-30,16.8333
CR,2008-10-31,15.871
CR,2008-11-30,8.4667
CR,2008-12-31,11.4194
CR,2009-01-31,0.0
CR,2009-02-28,0.0
CR,2009-03-31,0.0
CR,2009-04-30,0.0
CR,2009-05-31,0.0
CR,2009-06-30,9.6667
CR,2009-07-31,12.9677
CR,2009-08-31,12.6774
CR,2009-09-30,13.0667
CR,2009-10-31,14.3548
CR,2009-11-30,13.0
CR,2009-12-31,13.9677
CR,2010-01-31,8.129
CR,2010-02-28,14.3214
CR,2010-03-31,13.871
CR,2010-04-30,15.5
CR,2010-05-31,13.3226
CR,2010-06-30,9.8333
CR,2010-07-31,0.0
CR,2010-08-31,13.4839
CR,2010-09-30,8.9333
CR,2010-10-31,12.6452
CR,2010-11-30,0.0
CR,2010-12-31,0.0
CR,2011-01-31,11.4516
CR,2011-02-28,7.2857
CR,2011-03-31,0.0
CR,2011-04-30,0.0
CR,2011-05-31,11.0645
CR,2011-06-30,2.8667
CR,2011-07-31,0.0
CR,2011-08-31,3.8387
CR,2011-09-30,0.0
CR,2011-10-31,0.0
CR,2011-11-30,0.0
CR,2011-12-31,0.0
CR,2012-01-31,0.0
CR,2012-02-29,0.0
CR,2012-03-31,0.0
CR,2012-04-30,0.0
CR,2012-05-31,0.0
CR,2012-06-30,0.0
CR,2012-07-31,0.0
CR,2012-08-31,0.0
CR,2012-09-30,0.0
CR,2012-10-31,0.0
CR,2012-11-30,0.0
CR,2012-12-31,0.0
CR,2013-01-31,0.0
CR,2013-02-28,0.0
CR,2013-03-31,0.0
CR,2013-04-30,0.0
CR,2013-05-31,0.0
CR,2013-06-30,0.0
CR,2013-07-31,0.0
CR,2013-08-31,0.0
CR,2013-09-30,0.0
CR,2013-10-31,0.0
CR,2013-11-30,0.0
CR,2013-12-31,0.0
CR,2014-01-31,0.0
CR,2014-02-28,0.0
CR,2014-03-31,0.0
CR,2014-04-30,0.0
CR,2014-05-31,0.0
CR,2014-06-30,0.0
CR,2014-07-31,0.0
CR,2014-08-31,0.0
CR,2014-09-30,0.0
CR,2014-10-31,0.0
CR,2014-11-30,0.0
CR,2014-12-31,0.0
CR,2015-01-31,0.0
CR,2015-02-28,0.0
CR,2015-03-31,0.0
CR,2015-04-30,0.0
CR,2015-05-31,0.0
CR,2015-06-30,0.0
CR,2015-07-31,0.0
CR,2015-08-31,0.0
CR,2015-09-30,0.0
CR,2015-10-31,0.0
CR,2015-11-30,0.0
CR,2015-12-31,0.0
CR,2016-01-31,0.0
CR,2016-02-29,0.0
CR,2016-03-31,0.0
CR,2016-04-30,0.0
CR,2016-05-31,0.0
CR,2016-06-30,0.0
CR,2016-07-31,0.0
CR,2016-08-31,
CR,2016-09-30,
CR,2016-10-31,
CR,2016-11-30,
CR,2016-12-31,
CR,2017-01-31,
CR,2017-02-28,
CR,2017-03-31,
CR,2017-04-30,
CR,2017-05-31,
CR,2017-06-30,
CR,2017-07-31,
CR,2017-08-31,
CR,2017-09-30,
CR,2017-10-31,
CR,2017-11-30,
CR,2017-12-31,
CR,2018-01-31,
CR,2018-02-28,
CR,2018-03-31,
CR,2018-04-30,
CR,2018-05-31,
CR,2018-06-30,
CR,2018-07-31,
CR,2018-08-31,
CR,2018-09-30,
CR,2018-10-31,
CR,2018-11-30,
CR,2018-12-31,
CR,2019-01-31,
CR,2019-02-28,
CR,2019-03-31,
CR,2019-04-30,
CR,2019-05-31,
CR,2019-06-30,
CR,2019-07-31,
CR,2019-08-31,
CR,2019-09-30,
CR,2019-10-31,
CR,2019-11-30,
CR,2019-12-31,
CR,2020-01-31,
CR,2020-02-29,
CR,2020-03-31,
CR,2020-04-30,
CR,2020-05-31,
CR,2020-06-30,
CR,2020-07-31,
CR,2020-08-31,
CR,2020-09-30,
CR,2020-10-31,
CR,2020-11-30,
CR,2020-12-31,
CR,2021-01-31,
CR,2021-02-28,
CR,2021-03-31,
CR,2021-04-30,
CR,2021-05-31,
CR,2021-06-30,
CR,2021-07-31,
CR,2021-08-31,
CR,2021-09-30,
CR,2021-10-31,
CR,2021-11-30,
CR,2021-12-31,
CR,2022-01-31,
CR,2022-02-28,
CR,2022-03-31,
CR,2022-04-30,
CR,2022-05-31,
CR,2022-06-30,
CR,2022-07-31,
CR,2022-08-31,
CR,2022-09-30,
CR,2022-10-31,
CR,2022-11-30,
CR,2022-12-31,
CR,2023-01-31,
CR,2023-02-28,
CR,2023-03-31,
CR,2023-04-30,
CR,2023-05-31,
CR,2023-06-30,
CR,2023-07-31,
CR,2023-08-31,
CR,2023-09-30,
CR,2023-10-31,
CR,2023-11-30,
CR,2023-12-31,
CR,2024-01-31,
CR,2024-02-29,
CR,2024-03-31,
CR,2024-04-30,
CR,2024-05-31,
CR,2024-06-30,
CR,2024-07-31,
CR,2024-08-31,
CR,2024-09-30,
CR,2024-10-31,
CR,2024-11-30,
CR,2024-12-31,
CR,2025-01-31,
CU,2002-01-31,0.0
CU,2002-02-28,0.0
CU,2002-03-31,0.0
CU,2002-04-30,0.0
CU,2002-05-31,0.0
CU,2002-06-30,0.0
CU,2002-07-31,0.0
CU,2002-08-31,0.0
CU,2002-09-30,0.0
CU,2002-10-31,0.0
CU,2002-11-30,0.0
CU,2002-12-31,0.0
CU,2003-01-31,0.0
CU,2003-02-28,0.0
CU,2003-03-31,0.0
CU,2003-04-30,0.0
CU,2003-05-31,0.0
CU,2003-06-30,0.0
CU,2003-07-31,0.0
CU,2003-08-31,0.0
CU,2003-09-30,0.0
CU,2003-10-31,0.0
CU,2003-11-30,0.0
CU,2003-12-31,0.0
CU,2004-01-31,53.7742
CU,2004-02-29,45.6897
CU,2004-03-31,35.3548
CU,2004-04-30,35.7333
CU,2004-05-31,42.9355
CU,2004-06-30,47.3667
CU,2004-07-31,54.4839
CU,2004-08-31,45.5161
CU,2004-09-30,39.8
CU,2004-10-31,46.2581
CU,2004-11-30,38.1
CU,2004-12-31,45.129
CU,2005-01-31,50.7419
CU,2005-02-28,50.3571
CU,2005-03-31,42.4839
CU,2005-04-30,50.2
CU,2005-05-31,42.6452
CU,2005-06-30,51.6
CU,2005-07-31,47.8065
CU,2005-08-31,56.6774
CU,2005-09-30,45.2
CU,2005-10-31,45.1613
CU,2005-11-30,20.3
CU,2005-12-31,42.3871
CU,2006-01-31,0.0
CU,2006-02-28,0.0
CU,2006-03-31,0.0
CU,2006-04-30,0.0
CU,2006-05-31,0.0
CU,2006-06-30,0.0
CU,2006-07-31,0.0
CU,2006-08-31,0.0
CU,2006-09-30,0.0
CU,2006-10-31,0.0
CU,2006-11-30,0.0
CU,2006-12-31,0.0
CU,2007-01-31,0.0
CU,2007-02-28,0.0
CU,2007-03-31,0.0
CU,2007-04-30,0.0
CU,2007-05-31,0.0
CU,2007-06-30,0.0
CU,2007-07-31,0.0
CU,2007-08-31,0.0
CU,2007-09-30,0.0
CU,2007-10-31,0.0
CU,2007-11-30,0.0
CU,2007-12-31,0.0
CU,2008-01-31,0.0
CU,2008-02-29,0.0
CU,2008-03-31,0.0
CU,2008-04-30,0.0
CU,2008-05-31,0.0
CU,2008-06-30,0.0
CU,2008-07-31,0.0
CU,2008-08-31,0.0
CU,2008-09-30,0.0
CU,2008-10-31,0.0
CU,2008-11-30,0.0
CU,2008-12-31,0.0
CU,2009-01-31,0.0
CU,2009-02-28,0.0
CU,2009-03-31,0.0
CU,2009-04-30,0.0
CU,2009-05-31,0.0
CU,2009-06-30,0.0
CU,2009-07-31,0.0
CU,2009-08-31,0.0
CU,2009-09-30,0.0
CU,2009-10-31,0.0
CU,2009-11-30,0.0
CU,2009-12-31,0.0
CU,2010-01-31,0.0
CU,2010-02-28,0.0
CU,2010-03-31,0.0
CU,2010-04-30,0.0
CU,2010-05-31,0.0
CU,2010-06-30,0.0
CU,2010-07-31,0.0
CU,2010-08-31,0.0
CU,2010-09-30,0.0
CU,2010-10-31,0.0
CU,2010-11-30,0.0
CU,2010-12-31,0.0
CU,2011-01-31,0.0
CU,2011-02-28,0.0
CU,2011-03-31,0.0
CU,2011-04-30,0.0
CU,2011-05-31,0.0
CU,2011-06-30,0.0
CU,2011-07-31,0.0
CU,2011-08-31,0.0
CU,2011-09-30,0.0
CU,2011-10-31,0.0
CU,2011-11-30,0.0
CU,2011-12-31,0.0
CU,2012-01-31,0.0
CU,2012-02-29,0.0
CU,2012-03-31,0.0
CU,2012-04-30,0.0
CU,2012-05-31,0.0
CU,2012-06-30,0.0
CU,2012-07-31,0.0
CU,2012-08-31,0.0
CU,2012-09-30,0.0
CU,2012-10-31,0.0
CU,2012-11-30,0.0
CU,2012-12-31,0.0
CU,2013-01-31,0.0
CU,2013-02-28,0.0
CU,2013-03-31,0.0
CU,2013-04-30,0.0
CU,2013-05-31,0.0
CU,2013-06-30,0.0
CU,2013-07-31,0.0
CU,2013-08-31,0.0
CU,2013-09-30,0.0
CU,2013-10-31,0.0
CU,2013-11-30,0.0
CU,2013-12-31,0.0
CU,2014-01-31,0.0
CU,2014-02-28,0.0
CU,2014-03-31,0.0
CU,2014-04-30,0.0
CU,2014-05-31,0.0
CU,2014-06-30,0.0
CU,2014-07-31,0.0
CU,2014-08-31,0.0
CU,2014-09-30,0.0
CU,2014-10-31,0.0
CU,2014-11-30,0.0
CU,2014-12-31,0.0
CU,2015-01-31,0.0
CU,2015-02-28,0.0
CU,2015-03-31,0.0
CU,2015-04-30,0.0
CU,2015-05-31,0.0
CU,2015-06-30,0.0
CU,2015-07-31,0.0
CU,2015-08-31,0.0
CU,2015-09-30,0.0
CU,2015-10-31,0.0
CU,2015-11-30,0.0
CU,2015-12-31,0.0
CU,2016-01-31,0.0
CU,2016-02-29,0.0
CU,2016-03-31,0.0
CU,2016-04-30,0.0
CU,2016-05-31,0.0
CU,2016-06-30,0.0
CU,2016-07-31,0.0
CU,2016-08-31,
CU,2016-09-30,
CU,2016-10-31,
CU,2016-11-30,
CU,2016-12-31,
CU,2017-01-31,
CU,2017-02-28,
CU,2017-03-31,
CU,2017-04-30,
CU,2017-05-31,
CU,2017-06-30,
CU,2017-07-31,
CU,2017-08-31,
CU,2017-09-30,
CU,2017-10-31,
CU,2017-11-30,
CU,2017-12-31,
CU,2018-01-31,
CU,2018-02-28,
CU,2018-03-31,
CU,2018-04-30,
CU,2018-05-31,
CU,2018-06-30,
CU,2018-07-31,
CU,2018-08-31,
CU,2018-09-30,
CU,2018-10-31,
CU,2018-11-30,
CU,2018-12-31,
CU,2019-01-31,
CU,2019-02-28,
CU,2019-03-31,
CU,2019-04-30,
CU,2019-05-31,
CU,2019-06-30,
CU,2019-07-31,
CU,2019-08-31,
CU,2019-09-30,
CU,2019-10-31,
CU,2019-11-30,
CU,2019-12-31,
CU,2020-01-31,
CU,2020-02-29,
CU,2020-03-31,
CU,2020-04-30,
CU,2020-05-31,
CU,2020-06-30,
CU,2020-07-31,
CU,2020-08-31,
CU,2020-09-30,
CU,2020-10-31,
CU,2020-11-30,
CU,2020-12-31,
CU,2021-01-31,
CU,2021-02-28,
CU,2021-03-31,
CU,2021-04-30,
CU,2021-05-31,
CU,2021-06-30,
CU,2021-07-31,
CU,2021-08-31,
CU,2021-09-30,
CU,2021-10-31,
CU,2021-11-30,
CU,2021-12-31,
CU,2022-01-31,
CU,2022-02-28,
CU,2022-03-31,
CU,2022-04-30,
CU,2022-05-31,
CU,2022-06-30,
CU,2022-07-31,
CU,2022-08-31,
CU,2022-09-30,
CU,2022-10-31,
CU,2022-11-30,
CU,2022-12-31,
CU,2023-01-31,
CU,2023-02-28,
CU,2023-03-31,
CU,2023-04-30,
CU,2023-05-31,
CU,2023-06-30,
CU,2023-07-31,
CU,2023-08-31,
CU,2023-09-30,
CU,2023-10-31,
CU,2023-11-30,
CU,2023-12-31,
CU,2024-01-31,
CU,2024-02-29,
CU,2024-03-31,
CU,2024-04-30,
CU,2024-05-31,
CU,2024-06-30,
CU,2024-07-31,
CU,2024-08-31,
CU,2024-09-30,
CU,2024-10-31,
CU,2024-11-30,
CU,2024-12-31,
CU,2025-01-31,
CZ,2002-01-31,129.339
CZ,2002-02-28,107.8557
CZ,2002-03-31,115.3884
CZ,2002-04-30,120.4563
CZ,2002-05-31,127.9203
CZ,2002-06-30,122.411
CZ,2002-07-31,130.0484
CZ,2002-08-31,108.7677
CZ,2002-09-30,134.139
CZ,2002-10-31,140.9252
CZ,2002-11-30,133.1617
CZ,2002-12-31,131.4671
CZ,2003-01-31,128.3932
CZ,2003-02-28,130.6311
CZ,2003-03-31,112.0781
CZ,2003-04-30,118.746
CZ,2003-05-31,129.1026
CZ,2003-06-30,110.4387
CZ,2003-07-31,137.1419
CZ,2003-08-31,140.4523
CZ,2003-09-30,129.008
CZ,2003-10-31,134.7774
CZ,2003-11-30,163.7033
CZ,2003-12-31,149.201
CZ,2004-01-31,123.9006
CZ,2004-02-29,120.8186
CZ,2004-03-31,120.5903
CZ,2004-04-30,98.955
CZ,2004-05-31,147.0729
CZ,2004-06-30,119.479
CZ,2004-07-31,118.2258
CZ,2004-08-31,143.2897
CZ,2004-09-30,149.0433
CZ,2004-10-31,157.9497
CZ,2004-11-30,161.26
CZ,2004-12-31,149.4374
CZ,2005-01-31,144.7084
CZ,2005-02-28,145.0293
CZ,2005-03-31,121.2997
CZ,2005-04-30,134.6277
CZ,2005-05-31,148.4916
CZ,2005-06-30,169.0787
CZ,2005-07-31,168.1171
CZ,2005-08-31,168.59
CZ,2005-09-30,168.59
CZ,2005-10-31,167.1713
CZ,2005-11-30,170.3003
CZ,2005-12-31,160.3142
CZ,2006-01-31,155.8216
CZ,2006-02-28,140.8407
CZ,2006-03-31,111.3687
CZ,2006-04-30,158.0837
CZ,2006-05-31,165.5161
CZ,2006-06-30,171.0333
CZ,2006-07-31,171.9003
CZ,2006-08-31,173.319
CZ,2006-09-30,172.255
CZ,2006-10-31,150.1468
CZ,2006-11-30,175.4313
CZ,2006-12-31,149.6739
CZ,2007-01-31,157.0039
CZ,2007-02-28,164.925
CZ,2007-03-31,161.9694
CZ,2007-04-30,170.3003
CZ,2007-05-31,157.4768
CZ,2007-06-30,171.0333
CZ,2007-07-31,168.1171
CZ,2007-08-31,172.3732
CZ,2007-09-30,81.1187
CZ,2007-10-31,91.0339
CZ,2007-11-30,122.6553
CZ,2007-12-31,164.0974
CZ,2008-01-31,155.1123
CZ,2008-02-29,168.3372
CZ,2008-03-31,137.8513
CZ,2008-04-30,176.8973
CZ,2008-05-31,159.8413
CZ,2008-06-30,177.1417
CZ,2008-07-31,170.2452
CZ,2008-08-31,178.0481
CZ,2008-09-30,177.1417
CZ,2008-10-31,159.1319
CZ,2008-11-30,170.789
CZ,2008-12-31,153.4571
CZ,2009-01-31,142.3439
CZ,2009-02-28,161.5218
CZ,2009-03-31,153.4571
CZ,2009-04-30,129.9853
CZ,2009-05-31,108.0584
CZ,2009-06-30,136.338
CZ,2009-07-31,164.3339
CZ,2009-08-31,174.2648
CZ,2009-09-30,155.396
CZ,2009-10-31,143.7626
CZ,2009-11-30,164.4363
CZ,2009-12-31,144.7084
CZ,2010-01-31,141.3981
CZ,2010-02-28,150.0032
CZ,2010-03-31,147.3094
CZ,2010-04-30,163.459
CZ,2010-05-31,161.9694
CZ,2010-06-30,156.862
CZ,2010-07-31,172.6097
CZ,2010-08-31,171.9003
CZ,2010-09-30,159.5497
CZ,2010-10-31,162.6787
CZ,2010-11-30,168.3457
CZ,2010-12-31,147.5458
CZ,2011-01-31,141.3981
CZ,2011-02-28,137.1757
CZ,2011-03-31,118.9352
CZ,2011-04-30,150.7537
CZ,2011-05-31,164.0974
CZ,2011-06-30,169.323
CZ,2011-07-31,165.7526
CZ,2011-08-31,168.3535
CZ,2011-09-30,63.038
CZ,2011-10-31,127.9203
CZ,2011-11-30,159.794
CZ,2011-12-31,142.5803
CZ,2012-01-31,129.8119
CZ,2012-02-29,142.0503
CZ,2012-03-31,132.4129
CZ,2012-04-30,146.6
CZ,2012-05-31,139.9794
CZ,2012-06-30,152.9527
CZ,2012-07-31,149.9103
CZ,2012-08-31,158.8955
CZ,2012-09-30,164.925
CZ,2012-10-31,136.4326
CZ,2012-11-30,145.867
CZ,2012-12-31,142.5803
CZ,2013-01-31,131.7035
CZ,2013-02-28,142.6732
CZ,2013-03-31,123.9006
CZ,2013-04-30,148.066
CZ,2013-05-31,137.3784
CZ,2013-06-30,126.3203
CZ,2013-07-31,144.7084
CZ,2013-08-31,157.9497
CZ,2013-09-30,109.7057
CZ,2013-10-31,97.891
CZ,2013-11-30,147.0887
CZ,2013-12-31,139.27
CZ,2014-01-31,130.7577
CZ,2014-02-28,139.7936
CZ,2014-03-31,141.6345
CZ,2014-04-30,150.5093
CZ,2014-05-31,160.0777
CZ,2014-06-30,157.8393
CZ,2014-07-31,166.4619
CZ,2014-08-31,163.861
CZ,2014-09-30,145.3783
CZ,2014-10-31,151.0926
CZ,2014-11-30,146.8443
CZ,2014-12-31,151.0926
CZ,2015-01-31,141.871
CZ,2015-02-28,160.4746
CZ,2015-03-31,129.8119
CZ,2015-04-30,162.726
CZ,2015-05-31,166.9348
CZ,2015-06-30,167.124
CZ,2015-07-31,167.6442
CZ,2015-08-31,142.8168
CZ,2015-09-30,128.275
CZ,2015-10-31,131.7035
CZ,2015-11-30,122.411
CZ,2015-12-31,120.3539
CZ,2016-01-31,119.6445
CZ,2016-02-29,129.1597
CZ,2016-03-31,97.4181
CZ,2016-04-30,69.635
CZ,2016-05-31,88.6694
CZ,2016-06-30,82.5847
CZ,2016-07-31,82.2852
CZ,2016-08-31,83.7039
CZ,2016-09-30,83.0733
CZ,2016-10-31,140.2158
CZ,2016-11-30,166.8797
CZ,2016-12-31,160.0777
CZ,2017-01-31,148.2552
CZ,2017-02-28,157.595
CZ,2017-03-31,161.9694
CZ,2017-04-30,160.2827
CZ,2017-05-31,172.1368
CZ,2017-06-30,169.5673
CZ,2017-07-31,164.3339
CZ,2017-08-31,173.7919
CZ,2017-09-30,167.857
CZ,2017-10-31,170.0087
CZ,2017-11-30,128.7637
CZ,2017-12-31,123.4277
CZ,2018-01-31,145.4177
CZ,2018-02-28,167.5429
CZ,2018-03-31,138.3242
CZ,2018-04-30,90.4033
CZ,2018-05-31,131.94
CZ,2018-06-30,170.789
CZ,2018-07-31,169.2994
CZ,2018-08-31,169.5358
CZ,2018-09-30,143.4237
CZ,2018-10-31,161.0235
CZ,2018-11-30,171.0333
CZ,2018-12-31,154.8758
CZ,2019-01-31,141.871
CZ,2019-02-28,153.6682
CZ,2019-03-31,156.0581
CZ,2019-04-30,135.3607
CZ,2019-05-31,162.9152
CZ,2019-06-30,155.6403
CZ,2019-07-31,171.191
CZ,2019-08-31,169.0629
CZ,2019-09-30,169.5673
CZ,2019-10-31,161.0235
CZ,2019-11-30,166.6353
CZ,2019-12-31,147.5458
CZ,2020-01-31,153.6935
CZ,2020-02-29,134.2148
CZ,2020-03-31,108.7677
CZ,2020-04-30,53.7533
CZ,2020-05-31,55.5661
CZ,2020-06-30,78.1867
CZ,2020-07-31,144.9448
CZ,2020-08-31,155.5852
CZ,2020-09-30,157.1063
CZ,2020-10-31,158.8955
CZ,2020-11-30,142.4463
CZ,2020-12-31,114.2061
CZ,2021-01-31,124.8465
CZ,2021-02-28,139.5318
CZ,2021-03-31,136.1961
CZ,2021-04-30,124.1213
CZ,2021-05-31,143.7626
CZ,2021-06-30,120.7007
CZ,2021-07-31,152.5113
CZ,2021-08-31,151.8019
CZ,2021-09-30,157.595
CZ,2021-10-31,157.7132
CZ,2021-11-30,158.0837
CZ,2021-12-31,145.8906
CZ,2022-01-31,147.3094
CZ,2022-02-28,151.0504
CZ,2022-03-31,118.6987
CZ,2022-04-30,108.484
CZ,2022-05-31,141.1616
CZ,2022-06-30,152.9527
CZ,2022-07-31,158.4226
CZ,2022-08-31,160.0777
CZ,2022-09-30,169.0787
CZ,2022-10-31,166.9348
CZ,2022-11-30,164.192
CZ,2022-12-31,158.659
CZ,2023-01-31,145.8906
CZ,2023-02-28,156.2861
CZ,2023-03-31,134.0681
CZ,2023-04-30,142.935
CZ,2023-05-31,152.0384
CZ,2023-06-30,159.061
CZ,2023-07-31,161.9694
CZ,2023-08-31,162.6787
CZ,2023-09-30,152.464
CZ,2023-10-31,152.5113
CZ,2023-11-30,140.003
CZ,2023-12-31,145.6542
CZ,2024-01-31,147.3094
CZ,2024-02-29,159.4907
CZ,2024-03-31,138.0877
CZ,2024-04-30,67.6803
CZ,2024-05-31,83.7039
CZ,2024-06-30,108.2397
CZ,2024-07-31,147.5458
CZ,2024-08-31,111.1323
CZ,2024-09-30,139.27
CZ,2024-10-31,170.2452
CZ,2024-11-30,155.1517
CZ,2024-12-31,150.8561
CZ,2025-01-31,137.8513
CZ,2025-02-28,132.9871
CZ,2025-03-31,133.1223
DE,2002-01-31,2208.289
DE,2002-02-28,2234.65
DE,2002-03-31,2250.5148
DE,2002-04-30,2191.3907
DE,2002-05-31,2072.6839
DE,2002-06-30,2135.7893
DE,2002-07-31,2214.3213
DE,2002-08-31,2251.48
DE,2002-09-30,2185.4067
DE,2002-10-31,2083.5419
DE,2002-11-30,2231.284
DE,2002-12-31,2264.5097
DE,2003-01-31,2255.0994
DE,2003-02-28,2274.7214
DE,2003-03-31,2245.689
DE,2003-04-30,2290.376
DE,2003-05-31,2147.4839
DE,2003-06-30,2142.5213
DE,2003-07-31,1966.9987
DE,2003-08-31,2255.8232
DE,2003-09-30,2337.7493
DE,2003-10-31,2338.5858
DE,2003-11-30,2343.2347
DE,2003-12-31,2281.4
DE,2004-01-31,2281.6413
DE,2004-02-29,2295.0703
DE,2004-03-31,2067.6168
DE,2004-04-30,2244.0
DE,2004-05-31,2283.3303
DE,2004-06-30,2253.9733
DE,2004-07-31,2386.3613
DE,2004-08-31,2362.9561
DE,2004-09-30,2289.8773
DE,2004-10-31,2398.1845
DE,2004-11-30,2236.2707
DE,2004-12-31,2328.2103
DE,2005-01-31,2368.0232
DE,2005-02-28,2332.9586
DE,2005-03-31,2354.7523
DE,2005-04-30,2229.04
DE,2005-05-31,2339.0684
DE,2005-06-30,2307.58
DE,2005-07-31,2300.9445
DE,2005-08-31,2440.169
DE,2005-09-30,2452.692
DE,2005-10-31,2374.5381
DE,2005-11-30,2410.056
DE,2005-12-31,2414.8335
DE,2006-01-31,2270.5419
DE,2006-02-28,2290.2157
DE,2006-03-31,2063.5148
DE,2006-04-30,2302.344
DE,2006-05-31,2370.1948
DE,2006-06-30,2340.492
DE,2006-07-31,2366.3342
DE,2006-08-31,2424.9677
DE,2006-09-30,2180.9187
DE,2006-10-31,2188.9858
DE,2006-11-30,2405.0693
DE,2006-12-31,2321.9368
DE,2007-01-31,2263.3032
DE,2007-02-28,2305.4429
DE,2007-03-31,2205.8761
DE,2007-04-30,2194.1333
DE,2007-05-31,2145.7948
DE,2007-06-30,2289.1293
DE,2007-07-31,2307.2181
DE,2007-08-31,2136.1432
DE,2007-09-30,2296.36
DE,2007-10-31,2244.9652
DE,2007-11-30,2214.828
DE,2007-12-31,2307.9419
DE,2008-01-31,2258.4774
DE,2008-02-29,2204.2786
DE,2008-03-31,2349.4439
DE,2008-04-30,2194.8813
DE,2008-05-31,2084.7484
DE,2008-06-30,2109.36
DE,2008-07-31,2254.1342
DE,2008-08-31,2193.329
DE,2008-09-30,1957.7653
DE,2008-10-31,2264.751
DE,2008-11-30,2290.6253
DE,2008-12-31,2203.7045
DE,2009-01-31,2083.0594
DE,2009-02-28,2133.1357
DE,2009-03-31,2150.6206
DE,2009-04-30,2211.836
DE,2009-05-31,2057.0
DE,2009-06-30,2126.8133
DE,2009-07-31,2115.3923
DE,2009-08-31,2119.2529
DE,2009-09-30,2046.0293
DE,2009-10-31,1989.68
DE,2009-11-30,1947.5427
DE,2009-12-31,1883.7535
DE,2010-01-31,1916.569
DE,2010-02-28,1835.2714
DE,2010-03-31,1758.5239
DE,2010-04-30,1894.1853
DE,2010-05-31,1926.7032
DE,2010-06-30,2020.5973
DE,2010-07-31,1988.2323
DE,2010-08-31,2041.3161
DE,2010-09-30,2049.0213
DE,2010-10-31,1993.0581
DE,2010-11-30,2057.0
DE,2010-12-31,1993.2994
DE,2011-01-31,1982.2
DE,2011-02-28,1928.5043
DE,2011-03-31,1731.7406
DE,2011-04-30,1847.56
DE,2011-05-31,1839.3561
DE,2011-06-30,1786.7227
DE,2011-07-31,2020.3239
DE,2011-08-31,2019.6
DE,2011-09-30,1913.8827
DE,2011-10-31,2028.0452
DE,2011-11-30,1960.0093
DE,2011-12-31,1946.0065
DE,2012-01-31,1921.3948
DE,2012-02-29,1911.269
DE,2012-03-31,1802.4387
DE,2012-04-30,1908.148
DE,2012-05-31,1875.5497
DE,2012-06-30,1803.1787
DE,2012-07-31,1953.7277
DE,2012-08-31,1973.031
DE,2012-09-30,2035.308
DE,2012-10-31,2065.4452
DE,2012-11-30,2071.96
DE,2012-12-31,1961.449
DE,2013-01-31,1928.8748
DE,2013-02-28,1964.8357
DE,2013-03-31,1843.9406
DE,2013-04-30,1699.2067
DE,2013-05-31,1870.7239
DE,2013-06-30,1959.012
DE,2013-07-31,1923.0839
DE,2013-08-31,1876.2735
DE,2013-09-30,1861.5227
DE,2013-10-31,1968.2052
DE,2013-11-30,1968.4867
DE,2013-12-31,1879.6516
DE,2014-01-31,1894.129
DE,2014-02-28,1904.7286
DE,2014-03-31,1809.1948
DE,2014-04-30,1946.0467
DE,2014-05-31,1797.1303
DE,2014-06-30,1634.1307
DE,2014-07-31,1791.8219
DE,2014-08-31,1992.8168
DE,2014-09-30,1904.1587
DE,2014-10-31,1913.6735
DE,2014-11-30,1935.5747
DE,2014-12-31,1923.0839
DE,2015-01-31,1951.3148
DE,2015-02-28,1995.8243
DE,2015-03-31,1788.4439
DE,2015-04-30,1881.7187
DE,2015-05-31,2015.0155
DE,2015-06-30,1960.0093
DE,2015-07-31,1886.649
DE,2015-08-31,1928.151
DE,2015-09-30,1903.1613
DE,2015-10-31,1833.5652
DE,2015-11-30,1890.196
DE,2015-12-31,1941.4219
DE,2016-01-31,1918.0168
DE,2016-02-29,1910.2372
DE,2016-03-31,1905.2284
DE,2016-04-30,1774.0067
DE,2016-05-31,1827.7742
DE,2016-06-30,1931.0867
DE,2016-07-31,1980.0284
DE,2016-08-31,2000.7794
DE,2016-09-30,1985.192
DE,2016-10-31,1948.9019
DE,2016-11-30,1934.8267
DE,2016-12-31,1987.5084
DE,2017-01-31,1918.9819
DE,2017-02-28,1844.3543
DE,2017-03-31,1840.8039
DE,2017-04-30,1945.548
DE,2017-05-31,1744.0465
DE,2017-06-30,1770.7653
DE,2017-07-31,1889.5445
DE,2017-08-31,1991.1277
DE,2017-09-30,2031.8173
DE,2017-10-31,1986.7845
DE,2017-11-30,1925.8507
DE,2017-12-31,2001.2619
DE,2018-01-31,1949.3845
DE,2018-02-28,1928.5043
DE,2018-03-31,1787.72
DE,2018-04-30,1833.0987
DE,2018-05-31,1827.0503
DE,2018-06-30,1933.8293
DE,2018-07-31,1904.5045
DE,2018-08-31,1893.1639
DE,2018-09-30,1554.5933
DE,2018-10-31,1524.9548
DE,2018-11-30,1685.4933
DE,2018-12-31,1745.4942
DE,2019-01-31,1818.1226
DE,2019-02-28,1736.9629
DE,2019-03-31,1732.4645
DE,2019-04-30,1712.92
DE,2019-05-31,1652.3561
DE,2019-06-30,1747.328
DE,2019-07-31,1882.7884
DE,2019-08-31,1810.8839
DE,2019-09-30,1795.4493
DE,2019-10-31,1846.8361
DE,2019-11-30,1818.388
DE,2019-12-31,1836.9432
DE,2020-01-31,1854.3161
DE,2020-02-29,1879.5434
DE,2020-03-31,1646.0826
DE,2020-04-30,1560.0787
DE,2020-05-31,1764.3148
DE,2020-06-30,1743.3387
DE,2020-07-31,1743.3226
DE,2020-08-31,1747.9071
DE,2020-09-30,1663.3027
DE,2020-10-31,1738.4968
DE,2020-11-30,1676.7667
DE,2020-12-31,1584.071
DE,2021-01-31,1599.9961
DE,2021-02-28,1602.3229
DE,2021-03-31,1539.6735
DE,2021-04-30,1719.652
DE,2021-05-31,1662.249
DE,2021-06-30,1584.5133
DE,2021-07-31,1706.4052
DE,2021-08-31,1811.6077
DE,2021-09-30,1733.6147
DE,2021-10-31,1896.0594
DE,2021-11-30,1926.5987
DE,2021-12-31,1898.9548
DE,2022-01-31,1713.6439
DE,2022-02-28,1819.2429
DE,2022-03-31,1716.7806
DE,2022-04-30,1895.9307
DE,2022-05-31,1799.0606
DE,2022-06-30,1914.88
DE,2022-07-31,1860.831
DE,2022-08-31,1757.5587
DE,2022-09-30,1879.9733
DE,2022-10-31,1877.9626
DE,2022-11-30,1900.4187
DE,2022-12-31,1834.5303
DE,2023-01-31,1683.7239
DE,2023-02-28,1668.04
DE,2023-03-31,1582.6232
DE,2023-04-30,1551.6013
DE,2023-05-31,1542.3277
DE,2023-06-30,1683.0
DE,2023-07-31,1711.231
DE,2023-08-31,1715.3329
DE,2023-09-30,1590.996
DE,2023-10-31,1502.5148
DE,2023-11-30,1534.6467
DE,2023-12-31,1722.089
DE,2024-01-31,1724.9845
DE,2024-02-29,1797.2634
DE,2024-03-31,1762.1432
DE,2024-04-30,1809.1627
DE,2024-05-31,1827.0503
DE,2024-06-30,1795.948
DE,2024-07-31,1796.1652
DE,2024-08-31,1741.8748
DE,2024-09-30,1719.652
DE,2024-10-31,1661.0426
DE,2024-11-30,1775.004
DE,2024-12-31,1757.8
DE,2025-01-31,1703.0271
DE,2025-02-28,1604.7271
DE,2025-03-31,1731.4994
DK,2002-01-31,171.5452
DK,2002-02-28,167.455
DK,2002-03-31,165.5048
DK,2002-04-30,147.3033
DK,2002-05-31,156.5652
DK,2002-06-30,162.2833
DK,2002-07-31,174.6861
DK,2002-08-31,167.1961
DK,2002-09-30,157.0403
DK,2002-10-31,128.0548
DK,2002-11-30,140.063
DK,2002-12-31,163.5719
DK,2003-01-31,152.2161
DK,2003-02-28,162.9075
DK,2003-03-31,175.6526
DK,2003-04-30,173.5183
DK,2003-05-31,178.7935
DK,2003-06-30,175.7653
DK,2003-07-31,175.6526
DK,2003-08-31,178.5519
DK,2003-09-30,146.804
DK,2003-10-31,138.6858
DK,2003-11-30,181.7573
DK,2003-12-31,176.3774
DK,2004-01-31,175.8942
DK,2004-02-29,176.919
DK,2004-03-31,165.0216
DK,2004-04-30,169.5237
DK,2004-05-31,165.7465
DK,2004-06-30,154.0443
DK,2004-07-31,172.9948
DK,2004-08-31,173.7197
DK,2004-09-30,133.5717
DK,2004-10-31,170.5787
DK,2004-11-30,159.0377
DK,2004-12-31,160.6726
DK,2005-01-31,166.7129
DK,2005-02-28,169.3275
DK,2005-03-31,169.129
DK,2005-04-30,113.5983
DK,2005-05-31,146.659
DK,2005-06-30,171.521
DK,2005-07-31,170.0955
DK,2005-08-31,175.411
DK,2005-09-30,142.5597
DK,2005-10-31,161.3974
DK,2005-11-30,145.8053
DK,2005-12-31,169.129
DK,2006-01-31,172.9948
DK,2006-02-28,169.8625
DK,2006-03-31,147.3839
DK,2006-04-30,170.5223
DK,2006-05-31,174.6861
DK,2006-06-30,123.3353
DK,2006-07-31,157.29
DK,2006-08-31,166.7129
DK,2006-09-30,152.796
DK,2006-10-31,173.4781
DK,2006-11-30,171.2713
DK,2006-12-31,172.5116
DK,2007-01-31,175.6526
DK,2007-02-28,169.8625
DK,2007-03-31,153.6658
DK,2007-04-30,139.5637
DK,2007-05-31,122.981
DK,2007-06-30,168.2753
DK,2007-07-31,151.9745
DK,2007-08-31,154.149
DK,2007-09-30,171.7707
DK,2007-10-31,170.3371
DK,2007-11-30,166.7773
DK,2007-12-31,176.1358
DK,2008-01-31,143.7597
DK,2008-02-29,165.5548
DK,2008-03-31,137.2361
DK,2008-04-30,119.5903
DK,2008-05-31,168.6458
DK,2008-06-30,174.0177
DK,2008-07-31,169.8539
DK,2008-08-31,172.0284
DK,2008-09-30,179.76
DK,2008-10-31,173.7197
DK,2008-11-30,153.2953
DK,2008-12-31,153.6658
DK,2009-01-31,176.1358
DK,2009-02-28,181.0975
DK,2009-03-31,172.9948
DK,2009-04-30,166.0283
DK,2009-05-31,165.9881
DK,2009-06-30,155.043
DK,2009-07-31,156.3235
DK,2009-08-31,138.2026
DK,2009-09-30,143.808
DK,2009-10-31,156.3235
DK,2009-11-30,157.5397
DK,2009-12-31,153.9074
DK,2010-01-31,157.29
DK,2010-02-28,165.0475
DK,2010-03-31,165.0216
DK,2010-04-30,157.5397
DK,2010-05-31,157.7732
DK,2010-06-30,167.776
DK,2010-07-31,157.0484
DK,2010-08-31,148.1087
DK,2010-09-30,117.593
DK,2010-10-31,110.1755
DK,2010-11-30,124.5837
DK,2010-12-31,156.8068
DK,2011-01-31,155.1155
DK,2011-02-28,155.4175
DK,2011-03-31,106.0681
DK,2011-04-30,130.8253
DK,2011-05-31,157.0484
DK,2011-06-30,149.8
DK,2011-07-31,150.2832
DK,2011-08-31,156.5652
DK,2011-09-30,137.067
DK,2011-10-31,98.0948
DK,2011-11-30,130.0763
DK,2011-12-31,152.2161
DK,2012-01-31,150.7665
DK,2012-02-29,152.641
DK,2012-03-31,150.2832
DK,2012-04-30,156.7907
DK,2012-05-31,129.9877
DK,2012-06-30,148.302
DK,2012-07-31,165.0216
DK,2012-08-31,165.0216
DK,2012-09-30,146.5543
DK,2012-10-31,169.3706
DK,2012-11-30,172.27
DK,2012-12-31,165.9881
DK,2013-01-31,152.2161
DK,2013-02-28,131.3425
DK,2013-03-31,140.6187
DK,2013-04-30,163.0323
DK,2013-05-31,159.9477
DK,2013-06-30,151.7973
DK,2013-07-31,148.8335
DK,2013-08-31,128.2965
DK,2013-09-30,134.82
DK,2013-10-31,157.5316
DK,2013-11-30,148.5517
DK,2013-12-31,147.8671
DK,2014-01-31,146.1758
DK,2014-02-28,140.705
DK,2014-03-31,137.4777
DK,2014-04-30,148.0523
DK,2014-05-31,147.8671
DK,2014-06-30,142.31
DK,2014-07-31,144.2429
DK,2014-08-31,142.31
DK,2014-09-30,145.306
DK,2014-10-31,144.2429
DK,2014-11-30,119.091
DK,2014-12-31,143.2765
DK,2015-01-31,153.6658
DK,2015-02-28,150.87
DK,2015-03-31,145.451
DK,2015-04-30,151.7973
DK,2015-05-31,150.2832
DK,2015-06-30,155.792
DK,2015-07-31,158.9813
DK,2015-08-31,157.7732
DK,2015-09-30,111.601
DK,2015-10-31,161.8806
DK,2015-11-30,146.055
DK,2015-12-31,160.9142
DK,2016-01-31,164.0552
DK,2016-02-29,153.4159
DK,2016-03-31,155.1155
DK,2016-04-30,77.896
DK,2016-05-31,84.0813
DK,2016-06-30,143.059
DK,2016-07-31,154.149
DK,2016-08-31,154.8739
DK,2016-09-30,160.286
DK,2016-10-31,150.7665
DK,2016-11-30,155.043
DK,2016-12-31,164.2968
DK,2017-01-31,158.9813
DK,2017-02-28,161.3025
DK,2017-03-31,157.7732
DK,2017-04-30,159.2873
DK,2017-05-31,163.3303
DK,2017-06-30,160.0363
DK,2017-07-31,168.8874
DK,2017-08-31,165.2632
DK,2017-09-30,108.1057
DK,2017-10-31,126.6052
DK,2017-11-30,156.7907
DK,2017-12-31,162.3639
DK,2018-01-31,158.7397
DK,2018-02-28,161.57
DK,2018-03-31,150.0416
DK,2018-04-30,158.039
DK,2018-05-31,157.29
DK,2018-06-30,161.5343
DK,2018-07-31,161.3974
DK,2018-08-31,161.639
DK,2018-09-30,132.8227
DK,2018-10-31,139.8939
DK,2018-11-30,161.784
DK,2018-12-31,163.5719
DK,2019-01-31,165.0216
DK,2019-02-28,166.385
DK,2019-03-31,161.639
DK,2019-04-30,162.533
DK,2019-05-31,160.431
DK,2019-06-30,150.0497
DK,2019-07-31,158.4981
DK,2019-08-31,151.7329
DK,2019-09-30,124.334
DK,2019-10-31,161.3974
DK,2019-11-30,159.537
DK,2019-12-31,160.6726
DK,2020-01-31,170.0955
DK,2020-02-29,164.0052
DK,2020-03-31,137.961
DK,2020-04-30,150.549
DK,2020-05-31,148.1087
DK,2020-06-30,152.796
DK,2020-07-31,154.8739
DK,2020-08-31,142.31
DK,2020-09-30,79.1443
DK,2020-10-31,144.4845
DK,2020-11-30,148.0523
DK,2020-12-31,151.9745
DK,2021-01-31,154.149
DK,2021-02-28,153.2775
DK,2021-03-31,157.29
DK,2021-04-30,159.7867
DK,2021-05-31,155.3571
DK,2021-06-30,150.549
DK,2021-07-31,151.4913
DK,2021-08-31,155.5987
DK,2021-09-30,138.3153
DK,2021-10-31,151.9745
DK,2021-11-30,160.5357
DK,2021-12-31,156.5652
DK,2022-01-31,155.5987
DK,2022-02-28,155.9525
DK,2022-03-31,114.5245
DK,2022-04-30,159.0377
DK,2022-05-31,164.78
DK,2022-06-30,165.0297
DK,2022-07-31,164.0552
DK,2022-08-31,159.7061
DK,2022-09-30,151.298
DK,2022-10-31,97.37
DK,2022-11-30,152.2967
DK,2022-12-31,138.2026
DK,2023-01-31,149.3168
DK,2023-02-28,155.9525
DK,2023-03-31,150.7665
DK,2023-04-30,144.0577
DK,2023-05-31,161.1558
DK,2023-06-30,152.796
DK,2023-07-31,153.1826
DK,2023-08-31,125.6387
DK,2023-09-30,161.2847
DK,2023-10-31,161.1558
DK,2023-11-30,161.2847
DK,2023-12-31,158.2565
DK,2024-01-31,151.0081
DK,2024-02-29,151.0914
DK,2024-03-31,128.0548
DK,2024-04-30,123.585
DK,2024-05-31,133.3703
DK,2024-06-30,148.302
DK,2024-07-31,153.6658
DK,2024-08-31,141.5852
DK,2024-09-30,87.8827
DK,2024-10-31,139.8939
DK,2024-11-30,154.294
DK,2024-12-31,162.6055
DK,2025-01-31,131.679
DK,2025-02-28,150.6025
DK,2025-03-31,111.1419
DO,2002-01-31,31.0
DO,2002-02-28,32.0714
DO,2002-03-31,30.8387
DO,2002-04-30,33.2667
DO,2002-05-31,32.1935
DO,2002-06-30,31.0667
DO,2002-07-31,29.9355
DO,2002-08-31,30.1935
DO,2002-09-30,31.0
DO,2002-10-31,31.9355
DO,2002-11-30,31.3667
DO,2002-12-31,31.5484
DO,2003-01-31,23.5484
DO,2003-02-28,33.5357
DO,2003-03-31,34.0645
DO,2003-04-30,33.0333
DO,2003-05-31,33.0323
DO,2003-06-30,27.9
DO,2003-07-31,30.129
DO,2003-08-31,27.4516
DO,2003-09-30,31.4
DO,2003-10-31,31.4516
DO,2003-11-30,32.1333
DO,2003-12-31,30.5161
DO,2004-01-31,26.3871
DO,2004-02-29,46.1724
DO,2004-03-31,41.9032
DO,2004-04-30,39.3333
DO,2004-05-31,31.0323
DO,2004-06-30,48.6333
DO,2004-07-31,42.1935
DO,2004-08-31,46.9677
DO,2004-09-30,39.7667
DO,2004-10-31,47.5484
DO,2004-11-30,43.0333
DO,2004-12-31,47.2258
DO,2005-01-31,44.3226
DO,2005-02-28,38.75
DO,2005-03-31,43.7419
DO,2005-04-30,48.1667
DO,2005-05-31,35.5484
DO,2005-06-30,48.2667
DO,2005-07-31,43.8387
DO,2005-08-31,44.4839
DO,2005-09-30,28.6333
DO,2005-10-31,44.6452
DO,2005-11-30,39.2
DO,2005-12-31,41.0
DO,2006-01-31,37.3226
DO,2006-02-28,44.3571
DO,2006-03-31,37.6774
DO,2006-04-30,46.7333
DO,2006-05-31,40.0645
DO,2006-06-30,46.7333
DO,2006-07-31,40.7097
DO,2006-08-31,41.5484
DO,2006-09-30,41.2667
DO,2006-10-31,41.5806
DO,2006-11-30,40.6667
DO,2006-12-31,44.129
DO,2007-01-31,42.1935
DO,2007-02-28,41.9643
DO,2007-03-31,15.0323
DO,2007-04-30,38.4667
DO,2007-05-31,11.7419
DO,2007-06-30,41.7333
DO,2007-07-31,43.871
DO,2007-08-31,44.4839
DO,2007-09-30,44.2333
DO,2007-10-31,39.0323
DO,2007-11-30,19.6667
DO,2007-12-31,36.5484
DO,2008-01-31,34.1613
DO,2008-02-29,36.5172
DO,2008-03-31,42.3871
DO,2008-04-30,38.8
DO,2008-05-31,39.2903
DO,2008-06-30,39.5333
DO,2008-07-31,40.3871
DO,2008-08-31,37.5161
DO,2008-09-30,32.3667
DO,2008-10-31,27.129
DO,2008-11-30,28.2667
DO,2008-12-31,30.3548
DO,2009-01-31,28.6129
DO,2009-02-28,27.4643
DO,2009-03-31,11.5806
DO,2009-04-30,26.0667
DO,2009-05-31,26.7742
DO,2009-06-30,28.4333
DO,2009-07-31,28.4516
DO,2009-08-31,26.8387
DO,2009-09-30,26.6
DO,2009-10-31,26.4516
DO,2009-11-30,26.2333
DO,2009-12-31,28.9677
DO,2010-01-31,27.0323
DO,2010-02-28,27.6786
DO,2010-03-31,28.3548
DO,2010-04-30,24.1333
DO,2010-05-31,28.4516
DO,2010-06-30,28.8
DO,2010-07-31,29.2258
DO,2010-08-31,29.9355
DO,2010-09-30,28.4667
DO,2010-10-31,28.2258
DO,2010-11-30,26.6
DO,2010-12-31,29.7097
DO,2011-01-31,29.7742
DO,2011-02-28,29.9643
DO,2011-03-31,3.4516
DO,2011-04-30,29.1667
DO,2011-05-31,22.0
DO,2011-06-30,27.9
DO,2011-07-31,30.2581
DO,2011-08-31,29.8387
DO,2011-09-30,28.8667
DO,2011-10-31,28.8387
DO,2011-11-30,30.6667
DO,2011-12-31,28.2258
DO,2012-01-31,28.3226
DO,2012-02-29,30.1034
DO,2012-03-31,31.129
DO,2012-04-30,29.5
DO,2012-05-31,29.7419
DO,2012-06-30,29.4667
DO,2012-07-31,29.8065
DO,2012-08-31,30.5484
DO,2012-09-30,29.0667
DO,2012-10-31,26.1935
DO,2012-11-30,0.0
DO,2012-12-31,2.6452
DO,2013-01-31,26.9355
DO,2013-02-28,27.8571
DO,2013-03-31,26.5161
DO,2013-04-30,27.8667
DO,2013-05-31,23.3226
DO,2013-06-30,26.3
DO,2013-07-31,28.2903
DO,2013-08-31,28.5484
DO,2013-09-30,29.8333
DO,2013-10-31,29.6452
DO,2013-11-30,27.1
DO,2013-12-31,27.2258
DO,2014-01-31,26.9677
DO,2014-02-28,26.4643
DO,2014-03-31,27.2581
DO,2014-04-30,26.5667
DO,2014-05-31,25.1935
DO,2014-06-30,27.9667
DO,2014-07-31,27.4839
DO,2014-08-31,28.871
DO,2014-09-30,28.3667
DO,2014-10-31,27.129
DO,2014-11-30,27.1667
DO,2014-12-31,26.0645
DO,2015-01-31,8.7419
DO,2015-02-28,0.0
DO,2015-03-31,0.0
DO,2015-04-30,0.0
DO,2015-05-31,0.0
DO,2015-06-30,17.3333
DO,2015-07-31,28.9677
DO,2015-08-31,26.5484
DO,2015-09-30,27.9333
DO,2015-10-31,27.7742
DO,2015-11-30,29.2
DO,2015-12-31,27.3548
DO,2016-01-31,28.8387
DO,2016-02-29,28.2414
DO,2016-03-31,28.5484
DO,2016-04-30,29.6
DO,2016-05-31,28.1935
DO,2016-06-30,28.9667
DO,2016-07-31,28.129
DO,2016-08-31,8.6129
DO,2016-09-30,0.0
DO,2016-10-31,23.4516
DO,2016-11-30,23.2333
DO,2016-12-31,25.5161
DO,2017-01-31,25.2903
DO,2017-02-28,26.75
DO,2017-03-31,23.2258
DO,2017-04-30,27.1
DO,2017-05-31,22.3226
DO,2017-06-30,0.0
DO,2017-07-31,16.0968
DO,2017-08-31,25.7097
DO,2017-09-30,25.5
DO,2017-10-31,22.2903
DO,2017-11-30,0.0
DO,2017-12-31,15.8065
DO,2018-01-31,25.6452
DO,2018-02-28,26.1071
DO,2018-03-31,27.0
DO,2018-04-30,26.0
DO,2018-05-31,26.0645
DO,2018-06-30,25.6667
DO,2018-07-31,24.6774
DO,2018-08-31,24.8387
DO,2018-09-30,24.6
DO,2018-10-31,25.3226
DO,2018-11-30,25.9667
DO,2018-12-31,26.3871
DO,2019-01-31,25.7419
DO,2019-02-28,26.3214
DO,2019-03-31,22.7419
DO,2019-04-30,18.4
DO,2019-05-31,20.9032
DO,2019-06-30,26.4333
DO,2019-07-31,26.8065
DO,2019-08-31,25.9355
DO,2019-09-30,26.8333
DO,2019-10-31,26.3548
DO,2019-11-30,25.7333
DO,2019-12-31,25.7742
DO,2020-01-31,25.8065
DO,2020-02-29,5.931
DO,2020-03-31,18.1935
DO,2020-04-30,
DO,2020-05-31,5.9032
DO,2020-06-30,
DO,2020-07-31,23.7097
DO,2020-08-31,23.5484
DO,2020-09-30,17.8333
DO,2020-10-31,
DO,2020-11-30,
DO,2020-12-31,
DO,2021-01-31,
DO,2021-02-28,
DO,2021-03-31,
DO,2021-04-30,
DO,2021-05-31,
DO,2021-06-30,
DO,2021-07-31,
DO,2021-08-31,
DO,2021-09-30,
DO,2021-10-31,
DO,2021-11-30,
DO,2021-12-31,
DO,2022-01-31,
DO,2022-02-28,
DO,2022-03-31,
DO,2022-04-30,
DO,2022-05-31,
DO,2022-06-30,
DO,2022-07-31,
DO,2022-08-31,
DO,2022-09-30,
DO,2022-10-31,
DO,2022-11-30,
DO,2022-12-31,
DO,2023-01-31,
DO,2023-02-28,
DO,2023-03-31,
DO,2023-04-30,
DO,2023-05-31,
DO,2023-06-30,
DO,2023-07-31,
DO,2023-08-31,
DO,2023-09-30,
DO,2023-10-31,
DO,2023-11-30,
DO,2023-12-31,
DO,2024-01-31,
DO,2024-02-29,
DO,2024-03-31,
DO,2024-04-30,
DO,2024-05-31,
DO,2024-06-30,
DO,2024-07-31,
DO,2024-08-31,
DO,2024-09-30,
DO,2024-10-31,
DO,2024-11-30,
DO,2024-12-31,
DO,2025-01-31,
DZ,2002-01-31,365.0
DZ,2002-02-28,404.0
DZ,2002-03-31,365.0
DZ,2002-04-30,282.0
DZ,2002-05-31,305.0
DZ,2002-06-30,216.0
DZ,2002-07-31,275.0
DZ,2002-08-31,300.0
DZ,2002-09-30,290.0
DZ,2002-10-31,316.0
DZ,2002-11-30,401.0
DZ,2002-12-31,325.0
DZ,2003-01-31,355.0
DZ,2003-02-28,371.0
DZ,2003-03-31,375.0
DZ,2003-04-30,388.0
DZ,2003-05-31,371.0
DZ,2003-06-30,330.0
DZ,2003-07-31,330.0
DZ,2003-08-31,350.0
DZ,2003-09-30,350.0
DZ,2003-10-31,340.0
DZ,2003-11-30,335.0
DZ,2003-12-31,400.0
DZ,2004-01-31,349.0
DZ,2004-02-29,459.0
DZ,2004-03-31,482.0
DZ,2004-04-30,465.0
DZ,2004-05-31,477.0
DZ,2004-06-30,328.0
DZ,2004-07-31,236.0
DZ,2004-08-31,446.0
DZ,2004-09-30,410.0
DZ,2004-10-31,423.0
DZ,2004-11-30,419.0
DZ,2004-12-31,471.0
DZ,2005-01-31,455.0
DZ,2005-02-28,436.0
DZ,2005-03-31,314.0
DZ,2005-04-30,434.0
DZ,2005-05-31,401.0
DZ,2005-06-30,294.0
DZ,2005-07-31,411.0
DZ,2005-08-31,479.0
DZ,2005-09-30,480.0
DZ,2005-10-31,340.0
DZ,2005-11-30,463.0
DZ,2005-12-31,468.0
DZ,2006-01-31,450.0
DZ,2006-02-28,436.0
DZ,2006-03-31,429.0
DZ,2006-04-30,451.0
DZ,2006-05-31,369.0
DZ,2006-06-30,387.0
DZ,2006-07-31,439.0
DZ,2006-08-31,431.0
DZ,2006-09-30,461.0
DZ,2006-10-31,474.0
DZ,2006-11-30,430.0
DZ,2006-12-31,462.0
DZ,2007-01-31,436.0
DZ,2007-02-28,492.0
DZ,2007-03-31,353.0
DZ,2007-04-30,279.0
DZ,2007-05-31,457.0
DZ,2007-06-30,388.0
DZ,2007-07-31,439.0
DZ,2007-08-31,469.0
DZ,2007-09-30,499.0
DZ,2007-10-31,482.0
DZ,2007-11-30,469.0
DZ,2007-12-31,466.0
DZ,2008-01-31,450.0
DZ,2008-02-29,488.0
DZ,2008-03-31,351.0
DZ,2008-04-30,312.0
DZ,2008-05-31,542.0
DZ,2008-06-30,518.0
DZ,2008-07-31,512.0
DZ,2008-08-31,517.0
DZ,2008-09-30,510.0
DZ,2008-10-31,516.0
DZ,2008-11-30,491.0
DZ,2008-12-31,493.0
DZ,2009-01-31,497.0
DZ,2009-02-28,487.0
DZ,2009-03-31,372.0
DZ,2009-04-30,366.0
DZ,2009-05-31,521.0
DZ,2009-06-30,509.0
DZ,2009-07-31,500.0
DZ,2009-08-31,527.0
DZ,2009-09-30,497.0
DZ,2009-10-31,464.0
DZ,2009-11-30,490.0
DZ,2009-12-31,512.0
DZ,2010-01-31,506.0
DZ,2010-02-28,506.0
DZ,2010-03-31,510.0
DZ,2010-04-30,397.0
DZ,2010-05-31,385.0
DZ,2010-06-30,529.0
DZ,2010-07-31,514.0
DZ,2010-08-31,516.0
DZ,2010-09-30,497.0
DZ,2010-10-31,469.0
DZ,2010-11-30,514.0
DZ,2010-12-31,495.0
DZ,2011-01-31,486.0
DZ,2011-02-28,509.0
DZ,2011-03-31,523.0
DZ,2011-04-30,492.0
DZ,2011-05-31,511.0
DZ,2011-06-30,483.0
DZ,2011-07-31,446.0
DZ,2011-08-31,489.0
DZ,2011-09-30,424.0
DZ,2011-10-31,414.0
DZ,2011-11-30,437.0
DZ,2011-12-31,444.0
DZ,2012-01-31,429.0
DZ,2012-02-29,443.0
DZ,2012-03-31,479.0
DZ,2012-04-30,520.0
DZ,2012-05-31,546.0
DZ,2012-06-30,446.0
DZ,2012-07-31,274.0
DZ,2012-08-31,348.0
DZ,2012-09-30,
DZ,2012-10-31,415.0
DZ,2012-11-30,488.0
DZ,2012-12-31,373.0
DZ,2013-01-31,316.0
DZ,2013-02-28,364.0
DZ,2013-03-31,308.0
DZ,2013-04-30,354.0
DZ,2013-05-31,400.0
DZ,2013-06-30,564.0
DZ,2013-07-31,603.0
DZ,2013-08-31,574.0
DZ,2013-09-30,500.0
DZ,2013-10-31,456.0
DZ,2013-11-30,557.0
DZ,2013-12-31,610.0
DZ,2014-01-31,602.0
DZ,2014-02-28,610.0
DZ,2014-03-31,580.0
DZ,2014-04-30,590.0
DZ,2014-05-31,587.0
DZ,2014-06-30,587.0
DZ,2014-07-31,575.0
DZ,2014-08-31,581.0
DZ,2014-09-30,592.0
DZ,2014-10-31,611.0
DZ,2014-11-30,607.0
DZ,2014-12-31,591.0
DZ,2015-01-31,571.0
DZ,2015-02-28,587.0
DZ,2015-03-31,582.0
DZ,2015-04-30,586.0
DZ,2015-05-31,533.0
DZ,2015-06-30,504.0
DZ,2015-07-31,591.0
DZ,2015-08-31,
DZ,2015-09-30,596.0
DZ,2015-10-31,601.0
DZ,2015-11-30,588.0
DZ,2015-12-31,603.0
DZ,2016-01-31,578.0
DZ,2016-02-29,613.0
DZ,2016-03-31,578.0
DZ,2016-04-30,596.0
DZ,2016-05-31,583.0
DZ,2016-06-30,608.0
DZ,2016-07-31,588.0
DZ,2016-08-31,576.0
DZ,2016-09-30,530.0
DZ,2016-10-31,497.0
DZ,2016-11-30,574.0
DZ,2016-12-31,600.0
DZ,2017-01-31,580.0
DZ,2017-02-28,591.0
DZ,2017-03-31,587.0
DZ,2017-04-30,462.0
DZ,2017-05-31,397.0
DZ,2017-06-30,597.0
DZ,2017-07-31,586.0
DZ,2017-08-31,568.0
DZ,2017-09-30,509.0
DZ,2017-10-31,554.0
DZ,2017-11-30,490.0
DZ,2017-12-31,583.0
DZ,2018-01-31,569.0
DZ,2018-02-28,601.0
DZ,2018-03-31,612.0
DZ,2018-04-30,640.0
DZ,2018-05-31,519.0
DZ,2018-06-30,510.0
DZ,2018-07-31,430.0
DZ,2018-08-31,630.0
DZ,2018-09-30,666.0
DZ,2018-10-31,611.0
DZ,2018-11-30,646.0
DZ,2018-12-31,638.0
DZ,2019-01-31,474.0
DZ,2019-02-28,515.0
DZ,2019-03-31,623.0
DZ,2019-04-30,
DZ,2019-05-31,560.0
DZ,2019-06-30,639.0
DZ,2019-07-31,
DZ,2019-08-31,
DZ,2019-09-30,531.0
DZ,2019-10-31,448.0
DZ,2019-11-30,530.0
DZ,2019-12-31,566.0
DZ,2020-01-31,551.0
DZ,2020-02-29,580.0
DZ,2020-03-31,558.0
DZ,2020-04-30,520.0
DZ,2020-05-31,547.0
DZ,2020-06-30,587.0
DZ,2020-07-31,570.0
DZ,2020-08-31,564.0
DZ,2020-09-30,552.0
DZ,2020-10-31,448.0
DZ,2020-11-30,444.0
DZ,2020-12-31,580.0
DZ,2021-01-31,585.0
DZ,2021-02-28,599.0
DZ,2021-03-31,574.0
DZ,2021-04-30,542.0
DZ,2021-05-31,526.0
DZ,2021-06-30,551.0
DZ,2021-07-31,539.0
DZ,2021-08-31,516.0
DZ,2021-09-30,463.0
DZ,2021-10-31,426.0
DZ,2021-11-30,595.0
DZ,2021-12-31,557.0
DZ,2022-01-31,441.0
DZ,2022-02-28,568.0
DZ,2022-03-31,578.0
DZ,2022-04-30,552.0
DZ,2022-05-31,579.0
DZ,2022-06-30,586.0
DZ,2022-07-31,582.0
DZ,2022-08-31,574.0
DZ,2022-09-30,572.0
DZ,2022-10-31,480.0
DZ,2022-11-30,559.0
DZ,2022-12-31,591.0
DZ,2023-01-31,521.0
DZ,2023-02-28,580.0
DZ,2023-03-31,601.0
DZ,2023-04-30,590.0
DZ,2023-05-31,546.0
DZ,2023-06-30,579.0
DZ,2023-07-31,506.0
DZ,2023-08-31,579.0
DZ,2023-09-30,578.0
DZ,2023-10-31,599.0
DZ,2023-11-30,530.0
DZ,2023-12-31,581.0
DZ,2024-01-31,589.0
DZ,2024-02-29,599.0
DZ,2024-03-31,
DZ,2024-04-30,601.0
DZ,2024-05-31,326.0
DZ,2024-06-30,602.0
DZ,2024-07-31,605.0
DZ,2024-08-31,604.0
DZ,2024-09-30,590.0
DZ,2024-10-31,593.0
DZ,2024-11-30,594.0
DZ,2024-12-31,603.0
DZ,2025-01-31,606.0
DZ,2025-02-28,559.0
DZ,2025-03-31,598.0
EC,2002-01-31,158.1935
EC,2002-02-28,167.5357
EC,2002-03-31,150.8065
EC,2002-04-30,144.5
EC,2002-05-31,151.5806
EC,2002-06-30,165.2333
EC,2002-07-31,129.1935
EC,2002-08-31,134.9355
EC,2002-09-30,162.6333
EC,2002-10-31,142.7419
EC,2002-11-30,161.0333
EC,2002-12-31,162.0323
EC,2003-01-31,136.7419
EC,2003-02-28,122.6071
EC,2003-03-31,144.1613
EC,2003-04-30,139.4333
EC,2003-05-31,150.7419
EC,2003-06-30,142.7
EC,2003-07-31,129.5806
EC,2003-08-31,151.5806
EC,2003-09-30,130.0
EC,2003-10-31,151.3226
EC,2003-11-30,140.3667
EC,2003-12-31,157.1613
EC,2004-01-31,148.3226
EC,2004-02-29,159.5517
EC,2004-03-31,153.5484
EC,2004-04-30,158.6
EC,2004-05-31,167.2903
EC,2004-06-30,166.5
EC,2004-07-31,139.2258
EC,2004-08-31,138.8387
EC,2004-09-30,160.3667
EC,2004-10-31,170.3226
EC,2004-11-30,157.8333
EC,2004-12-31,157.2258
EC,2005-01-31,169.5484
EC,2005-02-28,116.2857
EC,2005-03-31,166.5806
EC,2005-04-30,157.9333
EC,2005-05-31,151.5161
EC,2005-06-30,170.7
EC,2005-07-31,141.8065
EC,2005-08-31,165.1935
EC,2005-09-30,152.2
EC,2005-10-31,137.5484
EC,2005-11-30,143.2333
EC,2005-12-31,156.2581
EC,2006-01-31,142.7419
EC,2006-02-28,110.75
EC,2006-03-31,146.4839
EC,2006-04-30,156.8
EC,2006-05-31,145.2903
EC,2006-06-30,166.9
EC,2006-07-31,158.129
EC,2006-08-31,159.4516
EC,2006-09-30,154.7
EC,2006-10-31,160.871
EC,2006-11-30,152.2667
EC,2006-12-31,161.0645
EC,2007-01-31,166.129
EC,2007-02-28,161.1071
EC,2007-03-31,153.3871
EC,2007-04-30,149.4667
EC,2007-05-31,110.9677
EC,2007-06-30,130.6667
EC,2007-07-31,159.2581
EC,2007-08-31,160.4516
EC,2007-09-30,160.4667
EC,2007-10-31,135.5806
EC,2007-11-30,159.9667
EC,2007-12-31,168.0323
EC,2008-01-31,156.0
EC,2008-02-29,146.0
EC,2008-03-31,158.0
EC,2008-04-30,150.0
EC,2008-05-31,158.0
EC,2008-06-30,147.0
EC,2008-07-31,152.0
EC,2008-08-31,160.0
EC,2008-09-30,165.0
EC,2008-10-31,160.0
EC,2008-11-30,144.0
EC,2008-12-31,132.0
EC,2009-01-31,140.0
EC,2009-02-28,126.0
EC,2009-03-31,134.0
EC,2009-04-30,142.0
EC,2009-05-31,132.0
EC,2009-06-30,139.0
EC,2009-07-31,136.0
EC,2009-08-31,141.0
EC,2009-09-30,137.0
EC,2009-10-31,139.0
EC,2009-11-30,134.0
EC,2009-12-31,130.0
EC,2010-01-31,135.0
EC,2010-02-28,122.0
EC,2010-03-31,73.0
EC,2010-04-30,88.0
EC,2010-05-31,119.0
EC,2010-06-30,131.0
EC,2010-07-31,154.0
EC,2010-08-31,132.0
EC,2010-09-30,139.0
EC,2010-10-31,140.0
EC,2010-11-30,151.0
EC,2010-12-31,146.0
EC,2011-01-31,161.0
EC,2011-02-28,152.0
EC,2011-03-31,157.0
EC,2011-04-30,156.0
EC,2011-05-31,150.0
EC,2011-06-30,162.0
EC,2011-07-31,165.0
EC,2011-08-31,159.0
EC,2011-09-30,163.0
EC,2011-10-31,153.0
EC,2011-11-30,153.0
EC,2011-12-31,148.0
EC,2012-01-31,144.0
EC,2012-02-29,160.0
EC,2012-03-31,154.0
EC,2012-04-30,161.0
EC,2012-05-31,152.0
EC,2012-06-30,158.0
EC,2012-07-31,137.0
EC,2012-08-31,153.0
EC,2012-09-30,149.0
EC,2012-10-31,151.0
EC,2012-11-30,161.0
EC,2012-12-31,144.0
EC,2013-01-31,158.0
EC,2013-02-28,110.0
EC,2013-03-31,113.0
EC,2013-04-30,120.0
EC,2013-05-31,160.0
EC,2013-06-30,147.0
EC,2013-07-31,153.0
EC,2013-08-31,151.0
EC,2013-09-30,158.0
EC,2013-10-31,147.0
EC,2013-11-30,150.0
EC,2013-12-31,118.0
EC,2014-01-31,155.0
EC,2014-02-28,146.0
EC,2014-03-31,133.0
EC,2014-04-30,142.0
EC,2014-05-31,138.0
EC,2014-06-30,159.0
EC,2014-07-31,123.0
EC,2014-08-31,115.0
EC,2014-09-30,119.0
EC,2014-10-31,63.0
EC,2014-11-30,94.0
EC,2014-12-31,114.0
EC,2015-01-31,108.0
EC,2015-02-28,118.0
EC,2015-03-31,129.0
EC,2015-04-30,131.0
EC,2015-05-31,109.0
EC,2015-06-30,113.0
EC,2015-07-31,116.0
EC,2015-08-31,116.0
EC,2015-09-30,110.0
EC,2015-10-31,112.0
EC,2015-11-30,120.0
EC,2015-12-31,166.0
EC,2016-01-31,158.0
EC,2016-02-29,164.0
EC,2016-03-31,173.0
EC,2016-04-30,160.0
EC,2016-05-31,141.0
EC,2016-06-30,143.0
EC,2016-07-31,143.0
EC,2016-08-31,147.0
EC,2016-09-30,149.0
EC,2016-10-31,136.0
EC,2016-11-30,148.0
EC,2016-12-31,141.0
EC,2017-01-31,148.0
EC,2017-02-28,139.0
EC,2017-03-31,141.0
EC,2017-04-30,100.0
EC,2017-05-31,160.0
EC,2017-06-30,165.0
EC,2017-07-31,174.0
EC,2017-08-31,171.0
EC,2017-09-30,167.0
EC,2017-10-31,169.0
EC,2017-11-30,165.0
EC,2017-12-31,172.0
EC,2018-01-31,173.0
EC,2018-02-28,167.0
EC,2018-03-31,161.0
EC,2018-04-30,160.0
EC,2018-05-31,164.0
EC,2018-06-30,164.0
EC,2018-07-31,164.0
EC,2018-08-31,159.0
EC,2018-09-30,163.0
EC,2018-10-31,133.0
EC,2018-11-30,158.0
EC,2018-12-31,156.0
EC,2019-01-31,163.0
EC,2019-02-28,171.0
EC,2019-03-31,110.0
EC,2019-04-30,106.0
EC,2019-05-31,162.0
EC,2019-06-30,155.0
EC,2019-07-31,164.0
EC,2019-08-31,155.0
EC,2019-09-30,155.0
EC,2019-10-31,126.0
EC,2019-11-30,144.0
EC,2019-12-31,121.0
EC,2020-01-31,
EC,2020-02-29,
EC,2020-03-31,
EC,2020-04-30,
EC,2020-05-31,
EC,2020-06-30,
EC,2020-07-31,
EC,2020-08-31,
EC,2020-09-30,
EC,2020-10-31,
EC,2020-11-30,
EC,2020-12-31,
EC,2021-01-31,
EC,2021-02-28,
EC,2021-03-31,
EC,2021-04-30,
EC,2021-05-31,
EC,2021-06-30,
EC,2021-07-31,
EC,2021-08-31,
EC,2021-09-30,
EC,2021-10-31,
EC,2021-11-30,
EC,2021-12-31,
EC,2022-01-31,
EC,2022-02-28,
EC,2022-03-31,
EC,2022-04-30,
EC,2022-05-31,
EC,2022-06-30,
EC,2022-07-31,
EC,2022-08-31,
EC,2022-09-30,
EC,2022-10-31,
EC,2022-11-30,
EC,2022-12-31,
EC,2023-01-31,
EC,2023-02-28,
EC,2023-03-31,
EC,2023-04-30,
EC,2023-05-31,
EC,2023-06-30,
EC,2023-07-31,
EC,2023-08-31,
EC,2023-09-30,
EC,2023-10-31,
EC,2023-11-30,
EC,2023-12-31,
EC,2024-01-31,
EC,2024-02-29,
EC,2024-03-31,
EC,2024-04-30,
EC,2024-05-31,
EC,2024-06-30,
EC,2024-07-31,
EC,2024-08-31,
EC,2024-09-30,
EC,2024-10-31,
EC,2024-11-30,
EC,2024-12-31,
EC,2025-01-31,
EC,2025-02-28,
EC,2025-03-31,
EG,2002-01-31,511.7129
EG,2002-02-28,522.72
EG,2002-03-31,501.6426
EG,2002-04-30,534.82
EG,2002-05-31,533.0245
EG,2002-06-30,514.976
EG,2002-07-31,504.6871
EG,2002-08-31,524.5935
EG,2002-09-30,503.36
EG,2002-10-31,498.3639
EG,2002-11-30,508.684
EG,2002-12-31,495.0852
EG,2003-01-31,526.2329
EG,2003-02-28,493.68
EG,2003-03-31,505.8581
EG,2003-04-30,513.524
EG,2003-05-31,526.7013
EG,2003-06-30,514.976
EG,2003-07-31,487.8252
EG,2003-08-31,522.72
EG,2003-09-30,500.94
EG,2003-10-31,506.5606
EG,2003-11-30,516.186
EG,2003-12-31,527.6381
EG,2004-01-31,526.9355
EG,2004-02-29,497.1848
EG,2004-03-31,526.9355
EG,2004-04-30,514.25
EG,2004-05-31,521.549
EG,2004-06-30,505.054
EG,2004-07-31,502.5794
EG,2004-08-31,507.7316
EG,2004-09-30,499.488
EG,2004-10-31,515.9284
EG,2004-11-30,542.806
EG,2004-12-31,551.2916
EG,2005-01-31,568.3877
EG,2005-02-28,505.0886
EG,2005-03-31,525.0619
EG,2005-04-30,552.97
EG,2005-05-31,585.0155
EG,2005-06-30,558.052
EG,2005-07-31,570.4955
EG,2005-08-31,559.02
EG,2005-09-30,496.584
EG,2005-10-31,534.8981
EG,2005-11-30,520.3
EG,2005-12-31,538.1768
EG,2006-01-31,533.9613
EG,2006-02-28,549.945
EG,2006-03-31,510.3077
EG,2006-04-30,517.154
EG,2006-05-31,525.7645
EG,2006-06-30,520.058
EG,2006-07-31,506.7948
EG,2006-08-31,540.9871
EG,2006-09-30,525.624
EG,2006-10-31,518.2703
EG,2006-11-30,528.286
EG,2006-12-31,512.4155
EG,2007-01-31,537.0058
EG,2007-02-28,521.4236
EG,2007-03-31,529.0432
EG,2007-04-30,548.856
EG,2007-05-31,514.9916
EG,2007-06-30,515.944
EG,2007-07-31,532.5561
EG,2007-08-31,535.8348
EG,2007-09-30,566.28
EG,2007-10-31,527.1697
EG,2007-11-30,540.144
EG,2007-12-31,574.4768
EG,2008-01-31,550.8232
EG,2008-02-29,541.9966
EG,2008-03-31,551.9942
EG,2008-04-30,567.248
EG,2008-05-31,528.1065
EG,2008-06-30,538.45
EG,2008-07-31,521.0806
EG,2008-08-31,569.7929
EG,2008-09-30,548.13
EG,2008-10-31,534.8981
EG,2008-11-30,524.656
EG,2008-12-31,529.98
EG,2009-01-31,505.1555
EG,2009-02-28,488.235
EG,2009-03-31,461.3613
EG,2009-04-30,484.242
EG,2009-05-31,483.1413
EG,2009-06-30,514.25
EG,2009-07-31,450.8226
EG,2009-08-31,569.7929
EG,2009-09-30,510.136
EG,2009-10-31,518.7387
EG,2009-11-30,494.164
EG,2009-12-31,479.16
EG,2010-01-31,455.7406
EG,2010-02-28,478.3821
EG,2010-03-31,492.7432
EG,2010-04-30,518.848
EG,2010-05-31,532.0877
EG,2010-06-30,514.25
EG,2010-07-31,521.3148
EG,2010-08-31,620.8471
EG,2010-09-30,589.754
EG,2010-10-31,595.7884
EG,2010-11-30,625.328
EG,2010-12-31,582.4394
EG,2011-01-31,583.8445
EG,2011-02-28,538.2771
EG,2011-03-31,551.0574
EG,2011-04-30,472.142
EG,2011-05-31,519.2071
EG,2011-06-30,544.5
EG,2011-07-31,581.0342
EG,2011-08-31,550.3548
EG,2011-09-30,563.376
EG,2011-10-31,529.98
EG,2011-11-30,487.388
EG,2011-12-31,493.2116
EG,2012-01-31,517.3335
EG,2012-02-29,526.7255
EG,2012-03-31,499.3006
EG,2012-04-30,487.146
EG,2012-05-31,548.9497
EG,2012-06-30,544.742
EG,2012-07-31,561.3619
EG,2012-08-31,509.6052
EG,2012-09-30,522.478
EG,2012-10-31,556.6781
EG,2012-11-30,568.458
EG,2012-12-31,551.76
EG,2013-01-31,525.0619
EG,2013-02-28,368.445
EG,2013-03-31,510.5419
EG,2013-04-30,493.196
EG,2013-05-31,496.9587
EG,2013-06-30,511.346
EG,2013-07-31,453.3987
EG,2013-08-31,477.0523
EG,2013-09-30,547.646
EG,2013-10-31,448.0123
EG,2013-11-30,507.958
EG,2013-12-31,508.9026
EG,2014-01-31,472.1342
EG,2014-02-28,484.0864
EG,2014-03-31,465.811
EG,2014-04-30,536.03
EG,2014-05-31,525.0619
EG,2014-06-30,549.098
EG,2014-07-31,525.0619
EG,2014-08-31,526.7013
EG,2014-09-30,478.918
EG,2014-10-31,550.1206
EG,2014-11-30,544.5
EG,2014-12-31,510.7761
EG,2015-01-31,507.4974
EG,2015-02-28,492.9021
EG,2015-03-31,558.3174
EG,2015-04-30,535.546
EG,2015-05-31,559.7226
EG,2015-06-30,501.666
EG,2015-07-31,512.6497
EG,2015-08-31,554.8045
EG,2015-09-30,511.104
EG,2015-10-31,523.6568
EG,2015-11-30,521.994
EG,2015-12-31,543.7974
EG,2016-01-31,570.0271
EG,2016-02-29,556.2662
EG,2016-03-31,554.8045
EG,2016-04-30,478.434
EG,2016-05-31,485.249
EG,2016-06-30,479.644
EG,2016-07-31,465.811
EG,2016-08-31,467.4503
EG,2016-09-30,456.896
EG,2016-10-31,501.1742
EG,2016-11-30,488.356
EG,2016-12-31,517.3335
EG,2017-01-31,529.98
EG,2017-02-28,524.0164
EG,2017-03-31,501.8768
EG,2017-04-30,504.57
EG,2017-05-31,452.4619
EG,2017-06-30,506.506
EG,2017-07-31,508.6684
EG,2017-08-31,574.711
EG,2017-09-30,493.438
EG,2017-10-31,503.5161
EG,2017-11-30,489.082
EG,2017-12-31,486.8884
EG,2018-01-31,490.6355
EG,2018-02-28,483.0493
EG,2018-03-31,509.1368
EG,2018-04-30,567.974
EG,2018-05-31,532.7903
EG,2018-06-30,516.428
EG,2018-07-31,531.8535
EG,2018-08-31,523.4226
EG,2018-09-30,560.472
EG,2018-10-31,519.4413
EG,2018-11-30,546.194
EG,2018-12-31,427.6374
EG,2019-01-31,521.0806
EG,2019-02-28,436.8964
EG,2019-03-31,544.7342
EG,2019-04-30,526.834
EG,2019-05-31,546.8419
EG,2019-06-30,519.332
EG,2019-07-31,591.1045
EG,2019-08-31,568.3877
EG,2019-09-30,613.228
EG,2019-10-31,618.7394
EG,2019-11-30,570.152
EG,2019-12-31,649.6529
EG,2020-01-31,662.7677
EG,2020-02-29,661.9117
EG,2020-03-31,611.9477
EG,2020-04-30,594.352
EG,2020-05-31,584.0787
EG,2020-06-30,567.49
EG,2020-07-31,633.2594
EG,2020-08-31,530.2142
EG,2020-09-30,583.946
EG,2020-10-31,600.4723
EG,2020-11-30,589.996
EG,2020-12-31,575.1794
EG,2021-01-31,614.0555
EG,2021-02-28,596.8757
EG,2021-03-31,473.7735
EG,2021-04-30,523.93
EG,2021-05-31,609.84
EG,2021-06-30,573.298
EG,2021-07-31,586.6548
EG,2021-08-31,586.6548
EG,2021-09-30,657.514
EG,2021-10-31,652.229
EG,2021-11-30,618.068
EG,2021-12-31,635.6013
EG,2022-01-31,654.8052
EG,2022-02-28,646.9179
EG,2022-03-31,624.5942
EG,2022-04-30,657.03
EG,2022-05-31,635.8355
EG,2022-06-30,605.726
EG,2022-07-31,589.231
EG,2022-08-31,614.0555
EG,2022-09-30,648.802
EG,2022-10-31,613.1187
EG,2022-11-30,601.612
EG,2022-12-31,582.2052
EG,2023-01-31,583.6103
EG,2023-02-28,549.1671
EG,2023-03-31,502.3452
EG,2023-04-30,545.226
EG,2023-05-31,502.8135
EG,2023-06-30,582.978
EG,2023-07-31,507.7316
EG,2023-08-31,545.9052
EG,2023-09-30,521.994
EG,2023-10-31,499.5348
EG,2023-11-30,530.948
EG,2023-12-31,484.7806
EG,2024-01-31,511.4787
EG,2024-02-29,492.1779
EG,2024-03-31,527.1697
EG,2024-04-30,483.032
EG,2024-05-31,521.7832
EG,2024-06-30,524.656
EG,2024-07-31,511.4787
EG,2024-08-31,514.0548
EG,2024-09-30,488.356
EG,2024-10-31,481.0335
EG,2024-11-30,501.424
EG,2024-12-31,586.4206
EG,2025-01-31,507.9658
EG,2025-02-28,480.975
EG,2025-03-31,509.6052
ES,2002-01-31,1149.4684
ES,2002-02-28,1120.0564
ES,2002-03-31,1105.7284
ES,2002-04-30,1053.648
ES,2002-05-31,1035.18
ES,2002-06-30,1084.995
ES,2002-07-31,1189.9161
ES,2002-08-31,1108.3152
ES,2002-09-30,1115.127
ES,2002-10-31,1182.6261
ES,2002-11-30,1207.224
ES,2002-12-31,1178.6284
ES,2003-01-31,1094.911
ES,2003-02-28,1039.3457
ES,2003-03-31,1094.6758
ES,2003-04-30,1209.897
ES,2003-05-31,1207.0829
ES,2003-06-30,1160.811
ES,2003-07-31,1204.261
ES,2003-08-31,1159.8155
ES,2003-09-30,1113.669
ES,2003-10-31,1138.4158
ES,2003-11-30,1157.895
ES,2003-12-31,1125.2468
ES,2004-01-31,1157.4639
ES,2004-02-29,1086.9641
ES,2004-03-31,1191.3271
ES,2004-04-30,1162.269
ES,2004-05-31,1238.5945
ES,2004-06-30,1223.991
ES,2004-07-31,1214.3729
ES,2004-08-31,1229.1881
ES,2004-09-30,1174.662
ES,2004-10-31,1121.9545
ES,2004-11-30,1224.963
ES,2004-12-31,1277.8665
ES,2005-01-31,1172.7494
ES,2005-02-28,1089.3343
ES,2005-03-31,1091.1484
ES,2005-04-30,1194.102
ES,2005-05-31,1179.8042
ES,2005-06-30,1108.08
ES,2005-07-31,1256.2316
ES,2005-08-31,1196.2655
ES,2005-09-30,1234.683
ES,2005-10-31,1293.3871
ES,2005-11-30,1235.898
ES,2005-12-31,1199.3226
ES,2006-01-31,1227.5419
ES,2006-02-28,1206.495
ES,2006-03-31,1241.4165
ES,2006-04-30,1196.532
ES,2006-05-31,1224.4848
ES,2006-06-30,1258.011
ES,2006-07-31,1192.9732
ES,2006-08-31,1243.0626
ES,2006-09-30,1221.561
ES,2006-10-31,1168.7516
ES,2006-11-30,1108.323
ES,2006-12-31,1154.8771
ES,2007-01-31,1192.5029
ES,2007-02-28,1144.0093
ES,2007-03-31,1173.2197
ES,2007-04-30,1219.617
ES,2007-05-31,1192.9732
ES,2007-06-30,1157.166
ES,2007-07-31,1145.941
ES,2007-08-31,1159.5803
ES,2007-09-30,1159.839
ES,2007-10-31,1078.92
ES,2007-11-30,1066.77
ES,2007-12-31,1138.4158
ES,2008-01-31,1198.8523
ES,2008-02-29,1143.0217
ES,2008-03-31,1109.2558
ES,2008-04-30,1207.953
ES,2008-05-31,1177.9229
ES,2008-06-30,1107.837
ES,2008-07-31,1118.6623
ES,2008-08-31,1180.0394
ES,2008-09-30,1240.029
ES,2008-10-31,1164.5187
ES,2008-11-30,1119.987
ES,2008-12-31,1239.3
ES,2009-01-31,1211.7861
ES,2009-02-28,1209.8796
ES,2009-03-31,1030.4768
ES,2009-04-30,1170.045
ES,2009-05-31,1011.1935
ES,2009-06-30,974.916
ES,2009-07-31,1057.05
ES,2009-08-31,1010.7232
ES,2009-09-30,1018.899
ES,2009-10-31,1006.4903
ES,2009-11-30,913.923
ES,2009-12-31,1014.4858
ES,2010-01-31,1061.7532
ES,2010-02-28,853.7111
ES,2010-03-31,1024.8329
ES,2010-04-30,1083.294
ES,2010-05-31,903.4897
ES,2010-06-30,1204.794
ES,2010-07-31,1144.0597
ES,2010-08-31,1114.8997
ES,2010-09-30,1110.024
ES,2010-10-31,1016.6023
ES,2010-11-30,1042.713
ES,2010-12-31,1081.2716
ES,2011-01-31,1073.7465
ES,2011-02-28,970.6114
ES,2011-03-31,956.8713
ES,2011-04-30,1094.958
ES,2011-05-31,1010.2529
ES,2011-06-30,1064.826
ES,2011-07-31,1014.4858
ES,2011-08-31,1069.5135
ES,2011-09-30,1087.668
ES,2011-10-31,1003.6684
ES,2011-11-30,1104.678
ES,2011-12-31,1085.5045
ES,2012-01-31,1086.6803
ES,2012-02-29,1147.2952
ES,2012-03-31,1082.4474
ES,2012-04-30,1046.358
ES,2012-05-31,1009.7826
ES,2012-06-30,1104.435
ES,2012-07-31,1322.3119
ES,2012-08-31,1250.8229
ES,2012-09-30,1252.179
ES,2012-10-31,1330.5426
ES,2012-11-30,1249.02
ES,2012-12-31,1245.6494
ES,2013-01-31,1179.569
ES,2013-02-28,1121.6186
ES,2013-03-31,1175.8065
ES,2013-04-30,1317.06
ES,2013-05-31,1207.5532
ES,2013-06-30,1211.841
ES,2013-07-31,1211.0806
ES,2013-08-31,1133.7126
ES,2013-09-30,1134.324
ES,2013-10-31,1064.8103
ES,2013-11-30,1059.966
ES,2013-12-31,1116.5458
ES,2014-01-31,1061.7532
ES,2014-02-28,1133.595
ES,2014-03-31,1148.2926
ES,2014-04-30,1130.922
ES,2014-05-31,1253.1745
ES,2014-06-30,1226.421
ES,2014-07-31,1167.811
ES,2014-08-31,1266.8139
ES,2014-09-30,1102.734
ES,2014-10-31,1206.6126
ES,2014-11-30,1190.214
ES,2014-12-31,1251.2932
ES,2015-01-31,1188.0348
ES,2015-02-28,1187.7493
ES,2015-03-31,1252.2339
ES,2015-04-30,1359.099
ES,2015-05-31,1331.0129
ES,2015-06-30,1257.039
ES,2015-07-31,1351.4719
ES,2015-08-31,1410.7326
ES,2015-09-30,1294.947
ES,2015-10-31,1359.2323
ES,2015-11-30,1238.328
ES,2015-12-31,1343.9468
ES,2016-01-31,1224.72
ES,2016-02-29,1263.6838
ES,2016-03-31,1273.8687
ES,2016-04-30,1248.048
ES,2016-05-31,1107.6097
ES,2016-06-30,1209.897
ES,2016-07-31,1350.7665
ES,2016-08-31,1331.0129
ES,2016-09-30,1307.34
ES,2016-10-31,1421.7852
ES,2016-11-30,1421.793
ES,2016-12-31,1370.9903
ES,2017-01-31,1291.5058
ES,2017-02-28,1212.2229
ES,2017-03-31,1275.0445
ES,2017-04-30,1357.155
ES,2017-05-31,1246.59
ES,2017-06-30,1238.814
ES,2017-07-31,1393.3306
ES,2017-08-31,1427.429
ES,2017-09-30,1407.699
ES,2017-10-31,1297.3848
ES,2017-11-30,1296.891
ES,2017-12-31,1373.3419
ES,2018-01-31,1414.0248
ES,2018-02-28,1278.0932
ES,2018-03-31,1324.1932
ES,2018-04-30,1382.427
ES,2018-05-31,1353.3532
ES,2018-06-30,1213.299
ES,2018-07-31,1300.6771
ES,2018-08-31,1464.5845
ES,2018-09-30,1381.698
ES,2018-10-31,1423.4313
ES,2018-11-30,1379.997
ES,2018-12-31,1346.7687
ES,2019-01-31,1386.9813
ES,2019-02-28,1291.6318
ES,2019-03-31,1365.1113
ES,2019-04-30,1380.483
ES,2019-05-31,1288.6839
ES,2019-06-30,1213.056
ES,2019-07-31,1297.3848
ES,2019-08-31,1410.9677
ES,2019-09-30,1282.797
ES,2019-10-31,1348.4148
ES,2019-11-30,1166.886
ES,2019-12-31,1293.1519
ES,2020-01-31,1259.0535
ES,2020-02-29,1217.43
ES,2020-03-31,1204.7313
ES,2020-04-30,1058.022
ES,2020-05-31,1071.1597
ES,2020-06-30,987.309
ES,2020-07-31,1017.0726
ES,2020-08-31,1075.3926
ES,2020-09-30,1084.995
ES,2020-10-31,1059.6368
ES,2020-11-30,1110.267
ES,2020-12-31,1040.1184
ES,2021-01-31,1041.7645
ES,2021-02-28,1109.1214
ES,2021-03-31,1063.1642
ES,2021-04-30,1093.986
ES,2021-05-31,1110.6668
ES,2021-06-30,1036.638
ES,2021-07-31,1168.2813
ES,2021-08-31,1243.0626
ES,2021-09-30,1219.617
ES,2021-10-31,1120.7787
ES,2021-11-30,1205.037
ES,2021-12-31,1228.2474
ES,2022-01-31,1232.2452
ES,2022-02-28,1215.8679
ES,2022-03-31,1174.1603
ES,2022-04-30,1328.238
ES,2022-05-31,1367.6981
ES,2022-06-30,1350.837
ES,2022-07-31,1336.8919
ES,2022-08-31,1298.5606
ES,2022-09-30,1282.311
ES,2022-10-31,1112.5481
ES,2022-11-30,1172.232
ES,2022-12-31,1319.49
ES,2023-01-31,1259.0535
ES,2023-02-28,1186.7079
ES,2023-03-31,1160.7561
ES,2023-04-30,1266.03
ES,2023-05-31,1175.5713
ES,2023-06-30,1203.336
ES,2023-07-31,1264.4623
ES,2023-08-31,1267.9897
ES,2023-09-30,1314.387
ES,2023-10-31,1205.9071
ES,2023-11-30,1237.356
ES,2023-12-31,1288.919
ES,2024-01-31,1345.5929
ES,2024-02-29,1377.81
ES,2024-03-31,1250.3526
ES,2024-04-30,1306.854
ES,2024-05-31,1383.689
ES,2024-06-30,1224.477
ES,2024-07-31,1276.4555
ES,2024-08-31,1291.0355
ES,2024-09-30,1218.645
ES,2024-10-31,1237.4187
ES,2024-11-30,1233.954
ES,2024-12-31,1232.7155
ES,2025-01-31,1246.8252
ES,2025-02-28,1239.8207
ES,2025-03-31,1250.3526
FI,2002-01-31,237.2665
FI,2002-02-28,230.3125
FI,2002-03-31,207.7865
FI,2002-04-30,230.1897
FI,2002-05-31,222.7642
FI,2002-06-30,225.0307
FI,2002-07-31,236.791
FI,2002-08-31,225.6171
FI,2002-09-30,221.5913
FI,2002-10-31,218.4848
FI,2002-11-30,210.782
FI,2002-12-31,222.7642
FI,2003-01-31,221.3377
FI,2003-02-28,221.1
FI,2003-03-31,219.1981
FI,2003-04-30,212.256
FI,2003-05-31,212.3035
FI,2003-06-30,211.2733
FI,2003-07-31,215.8697
FI,2003-08-31,229.1832
FI,2003-09-30,227.733
FI,2003-10-31,227.9945
FI,2003-11-30,226.7503
FI,2003-12-31,241.0703
FI,2004-01-31,225.1416
FI,2004-02-29,211.6969
FI,2004-03-31,229.6587
FI,2004-04-30,226.996
FI,2004-05-31,213.4923
FI,2004-06-30,225.2763
FI,2004-07-31,227.519
FI,2004-08-31,219.1981
FI,2004-09-30,228.7157
FI,2004-10-31,222.7642
FI,2004-11-30,198.253
FI,2004-12-31,225.8548
FI,2005-01-31,211.5903
FI,2005-02-28,212.4139
FI,2005-03-31,203.2694
FI,2005-04-30,217.6607
FI,2005-05-31,213.0168
FI,2005-06-30,192.8483
FI,2005-07-31,232.5116
FI,2005-08-31,183.7745
FI,2005-09-30,70.5063
FI,2005-10-31,223.4774
FI,2005-11-30,228.9613
FI,2005-12-31,224.4284
FI,2006-01-31,205.1713
FI,2006-02-28,230.5757
FI,2006-03-31,212.3035
FI,2006-04-30,231.6637
FI,2006-05-31,218.9603
FI,2006-06-30,217.9063
FI,2006-07-31,217.0584
FI,2006-08-31,201.1297
FI,2006-09-30,174.9147
FI,2006-10-31,189.7181
FI,2006-11-30,206.36
FI,2006-12-31,207.7865
FI,2007-01-31,212.3035
FI,2007-02-28,204.7807
FI,2007-03-31,213.9677
FI,2007-04-30,210.782
FI,2007-05-31,216.1074
FI,2007-06-30,215.6953
FI,2007-07-31,235.1268
FI,2007-08-31,242.259
FI,2007-09-30,231.9093
FI,2007-10-31,219.4358
FI,2007-11-30,195.305
FI,2007-12-31,223.9529
FI,2008-01-31,225.8548
FI,2008-02-29,226.691
FI,2008-03-31,228.2323
FI,2008-04-30,213.2387
FI,2008-05-31,203.2694
FI,2008-06-30,219.1347
FI,2008-07-31,233.2248
FI,2008-08-31,214.4432
FI,2008-09-30,226.5047
FI,2008-10-31,225.3794
FI,2008-11-30,250.8257
FI,2008-12-31,215.1565
FI,2009-01-31,216.6697
FI,2009-02-28,227.5136
FI,2009-03-31,208.1681
FI,2009-04-30,196.784
FI,2009-05-31,210.84
FI,2009-06-30,209.334
FI,2009-07-31,257.4774
FI,2009-08-31,219.5845
FI,2009-09-30,235.438
FI,2009-10-31,241.2029
FI,2009-11-30,238.199
FI,2009-12-31,246.3039
FI,2010-01-31,239.7455
FI,2010-02-28,231.2786
FI,2010-03-31,219.3416
FI,2010-04-30,55.973
FI,2010-05-31,180.9629
FI,2010-06-30,206.573
FI,2010-07-31,212.2974
FI,2010-08-31,237.5594
FI,2010-09-30,260.538
FI,2010-10-31,253.1052
FI,2010-11-30,249.745
FI,2010-12-31,250.6761
FI,2011-01-31,235.6161
FI,2011-02-28,242.5736
FI,2011-03-31,240.96
FI,2011-04-30,214.354
FI,2011-05-31,198.209
FI,2011-06-30,240.96
FI,2011-07-31,234.1587
FI,2011-08-31,238.0452
FI,2011-09-30,235.187
FI,2011-10-31,218.37
FI,2011-11-30,244.223
FI,2011-12-31,234.4016
FI,2012-01-31,239.2597
FI,2012-02-29,229.0159
FI,2012-03-31,231.7297
FI,2012-04-30,170.931
FI,2012-05-31,167.6032
FI,2012-06-30,206.071
FI,2012-07-31,224.6855
FI,2012-08-31,244.1177
FI,2012-09-30,231.673
FI,2012-10-31,237.0735
FI,2012-11-30,232.426
FI,2012-12-31,239.9884
FI,2013-01-31,228.5719
FI,2013-02-28,244.9939
FI,2013-03-31,237.5594
FI,2013-04-30,193.27
FI,2013-05-31,235.6161
FI,2013-06-30,231.171
FI,2013-07-31,239.0168
FI,2013-08-31,257.9632
FI,2013-09-30,244.976
FI,2013-10-31,237.8023
FI,2013-11-30,223.139
FI,2013-12-31,222.2565
FI,2014-01-31,224.6855
FI,2014-02-28,214.3361
FI,2014-03-31,234.8874
FI,2014-04-30,242.466
FI,2014-05-31,241.9316
FI,2014-06-30,234.183
FI,2014-07-31,258.9348
FI,2014-08-31,225.6571
FI,2014-09-30,219.123
FI,2014-10-31,212.5403
FI,2014-11-30,229.163
FI,2014-12-31,238.2881
FI,2015-01-31,248.9758
FI,2015-02-28,247.9521
FI,2015-03-31,251.6477
FI,2015-04-30,133.03
FI,2015-05-31,29.3913
FI,2015-06-30,177.959
FI,2015-07-31,229.3006
FI,2015-08-31,242.4174
FI,2015-09-30,231.673
FI,2015-10-31,242.4174
FI,2015-11-30,230.167
FI,2015-12-31,166.3887
FI,2016-01-31,196.2658
FI,2016-02-29,226.1597
FI,2016-03-31,240.4742
FI,2016-04-30,249.996
FI,2016-05-31,251.4048
FI,2016-06-30,250.247
FI,2016-07-31,247.2755
FI,2016-08-31,245.0894
FI,2016-09-30,221.884
FI,2016-10-31,213.0261
FI,2016-11-30,198.792
FI,2016-12-31,242.1745
FI,2017-01-31,241.6887
FI,2017-02-28,235.3125
FI,2017-03-31,249.4616
FI,2017-04-30,234.936
FI,2017-05-31,243.389
FI,2017-06-30,244.976
FI,2017-07-31,241.6887
FI,2017-08-31,222.7423
FI,2017-09-30,195.027
FI,2017-10-31,186.5497
FI,2017-11-30,238.199
FI,2017-12-31,249.9474
FI,2018-01-31,238.2881
FI,2018-02-28,239.3464
FI,2018-03-31,245.8181
FI,2018-04-30,230.92
FI,2018-05-31,246.061
FI,2018-06-30,258.279
FI,2018-07-31,254.5626
FI,2018-08-31,265.0074
FI,2018-09-30,246.482
FI,2018-10-31,204.2816
FI,2018-11-30,206.573
FI,2018-12-31,232.2155
FI,2019-01-31,249.2187
FI,2019-02-28,226.7068
FI,2019-03-31,247.7613
FI,2019-04-30,249.745
FI,2019-05-31,259.9065
FI,2019-06-30,245.478
FI,2019-07-31,250.6761
FI,2019-08-31,260.6352
FI,2019-09-30,229.163
FI,2019-10-31,256.02
FI,2019-11-30,239.705
FI,2019-12-31,238.2881
FI,2020-01-31,253.591
FI,2020-02-29,249.5286
FI,2020-03-31,241.4458
FI,2020-04-30,224.896
FI,2020-05-31,198.209
FI,2020-06-30,178.712
FI,2020-07-31,221.7706
FI,2020-08-31,242.6603
FI,2020-09-30,235.689
FI,2020-10-31,231.001
FI,2020-11-30,220.127
FI,2020-12-31,204.5245
FI,2021-01-31,209.1397
FI,2021-02-28,214.8739
FI,2021-03-31,190.679
FI,2021-04-30,79.567
FI,2021-05-31,0.0
FI,2021-06-30,79.818
FI,2021-07-31,184.8494
FI,2021-08-31,197.9661
FI,2021-09-30,206.071
FI,2021-10-31,194.8084
FI,2021-11-30,200.8
FI,2021-12-31,203.31
FI,2022-01-31,185.821
FI,2022-02-28,196.5868
FI,2022-03-31,195.5371
FI,2022-04-30,194.776
FI,2022-05-31,191.4077
FI,2022-06-30,186.744
FI,2022-07-31,199.1806
FI,2022-08-31,171.2468
FI,2022-09-30,187.999
FI,2022-10-31,176.5906
FI,2022-11-30,201.051
FI,2022-12-31,209.8684
FI,2023-01-31,199.1806
FI,2023-02-28,208.9575
FI,2023-03-31,215.2123
FI,2023-04-30,214.354
FI,2023-05-31,211.5687
FI,2023-06-30,199.545
FI,2023-07-31,209.8684
FI,2023-08-31,186.3068
FI,2023-09-30,195.278
FI,2023-10-31,195.0513
FI,2023-11-30,196.784
FI,2023-12-31,195.5371
FI,2024-01-31,188.4929
FI,2024-02-29,178.3831
FI,2024-03-31,194.5655
FI,2024-04-30,69.276
FI,2024-05-31,25.2619
FI,2024-06-30,203.561
FI,2024-07-31,195.78
FI,2024-08-31,178.7768
FI,2024-09-30,186.493
FI,2024-10-31,194.8084
FI,2024-11-30,188.25
FI,2024-12-31,206.9535
FI,2025-01-31,210.3542
FI,2025-02-28,195.5111
FI,2025-03-31,0.0
FR,2002-01-31,1669.8368
FR,2002-02-28,1627.6121
FR,2002-03-31,1482.1335
FR,2002-04-30,1619.8147
FR,2002-05-31,1661.8955
FR,2002-06-30,1704.3613
FR,2002-07-31,1741.0677
FR,2002-08-31,1642.8845
FR,2002-09-30,1646.6707
FR,2002-10-31,1560.1026
FR,2002-11-30,1684.9653
FR,2002-12-31,1718.6877
FR,2003-01-31,1704.4897
FR,2003-02-28,1777.345
FR,2003-03-31,1641.2
FR,2003-04-30,1572.3193
FR,2003-05-31,1659.489
FR,2003-06-30,1689.1927
FR,2003-07-31,1833.7161
FR,2003-08-31,1794.2503
FR,2003-09-30,1818.4993
FR,2003-10-31,1860.1871
FR,2003-11-30,1859.5293
FR,2003-12-31,1879.92
FR,2004-01-31,1796.1755
FR,2004-02-29,1859.8552
FR,2004-03-31,1718.2065
FR,2004-04-30,1868.73
FR,2004-05-31,1629.1677
FR,2004-06-30,1640.454
FR,2004-07-31,1812.78
FR,2004-08-31,1776.2019
FR,2004-09-30,1770.7553
FR,2004-10-31,1762.7258
FR,2004-11-30,1707.8427
FR,2004-12-31,1840.9355
FR,2005-01-31,1812.2987
FR,2005-02-28,1720.3293
FR,2005-03-31,1835.4006
FR,2005-04-30,1790.4
FR,2005-05-31,1563.9529
FR,2005-06-30,1621.058
FR,2005-07-31,1758.1535
FR,2005-08-31,1777.8865
FR,2005-09-30,1753.846
FR,2005-10-31,1571.4129
FR,2005-11-30,1858.7833
FR,2005-12-31,1821.9245
FR,2006-01-31,1755.9877
FR,2006-02-28,1541.8221
FR,2006-03-31,1569.969
FR,2006-04-30,1493.492
FR,2006-05-31,1492.2406
FR,2006-06-30,1636.724
FR,2006-07-31,1717.4845
FR,2006-08-31,1806.0419
FR,2006-09-30,1860.2753
FR,2006-10-31,1739.1426
FR,2006-11-30,1814.272
FR,2006-12-31,1800.9884
FR,2007-01-31,1793.0471
FR,2007-02-28,1710.205
FR,2007-03-31,1504.2729
FR,2007-04-30,1587.488
FR,2007-05-31,1877.9948
FR,2007-06-30,1562.3727
FR,2007-07-31,1791.8439
FR,2007-08-31,1714.3561
FR,2007-09-30,1640.2053
FR,2007-10-31,1542.5355
FR,2007-11-30,1746.1373
FR,2007-12-31,1731.9232
FR,2008-01-31,1778.3677
FR,2008-02-29,1621.9069
FR,2008-03-31,1471.0639
FR,2008-04-30,1700.134
FR,2008-05-31,1666.2271
FR,2008-06-30,1732.958
FR,2008-07-31,1715.0781
FR,2008-08-31,1787.2716
FR,2008-09-30,1765.782
FR,2008-10-31,1834.6787
FR,2008-11-30,1728.482
FR,2008-12-31,1657.0826
FR,2009-01-31,1443.149
FR,2009-02-28,1636.6707
FR,2009-03-31,1448.4432
FR,2009-04-30,1505.6767
FR,2009-05-31,1656.12
FR,2009-06-30,1566.8487
FR,2009-07-31,1556.9742
FR,2009-08-31,1448.9245
FR,2009-09-30,1402.9773
FR,2009-10-31,1360.3671
FR,2009-11-30,1335.8373
FR,2009-12-31,1341.1155
FR,2010-01-31,1237.1568
FR,2010-02-28,1303.9014
FR,2010-03-31,1446.7587
FR,2010-04-30,1459.176
FR,2010-05-31,1349.2974
FR,2010-06-30,1339.816
FR,2010-07-31,1453.7374
FR,2010-08-31,1496.3316
FR,2010-09-30,1506.92
FR,2010-10-31,644.6884
FR,2010-11-30,1391.0413
FR,2010-12-31,1431.5981
FR,2011-01-31,1424.3787
FR,2011-02-28,1349.4607
FR,2011-03-31,1259.5368
FR,2011-04-30,1184.3993
FR,2011-05-31,1327.3987
FR,2011-06-30,1346.0327
FR,2011-07-31,1340.3935
FR,2011-08-31,1370.2335
FR,2011-09-30,1333.5993
FR,2011-10-31,1318.2542
FR,2011-11-30,1383.83
FR,2011-12-31,1405.1271
FR,2012-01-31,1171.9419
FR,2012-02-29,1093.7903
FR,2012-03-31,1037.9026
FR,2012-04-30,1038.6807
FR,2012-05-31,1031.6458
FR,2012-06-30,1239.852
FR,2012-07-31,1376.2497
FR,2012-08-31,1363.7361
FR,2012-09-30,1118.254
FR,2012-10-31,1149.5619
FR,2012-11-30,1145.3587
FR,2012-12-31,1118.5187
FR,2013-01-31,1061.0045
FR,2013-02-28,1209.5857
FR,2013-03-31,1122.369
FR,2013-04-30,1201.3087
FR,2013-05-31,1215.98
FR,2013-06-30,1277.4007
FR,2013-07-31,1276.8632
FR,2013-08-31,1209.2419
FR,2013-09-30,1061.8067
FR,2013-10-31,928.8903
FR,2013-11-30,1136.158
FR,2013-12-31,960.1742
FR,2014-01-31,1082.4219
FR,2014-02-28,1071.0429
FR,2014-03-31,1040.5497
FR,2014-04-30,1081.9487
FR,2014-05-31,1011.9129
FR,2014-06-30,1051.6113
FR,2014-07-31,1162.3161
FR,2014-08-31,1214.7768
FR,2014-09-30,1178.4313
FR,2014-10-31,1191.6748
FR,2014-11-30,1137.8987
FR,2014-12-31,1158.2252
FR,2015-01-31,1164.7226
FR,2015-02-28,1264.2036
FR,2015-03-31,1297.5587
FR,2015-04-30,1191.362
FR,2015-05-31,1118.5187
FR,2015-06-30,1020.7767
FR,2015-07-31,1106.2458
FR,2015-08-31,1091.3258
FR,2015-09-30,1273.6707
FR,2015-10-31,1270.8471
FR,2015-11-30,1177.4367
FR,2015-12-31,1094.2135
FR,2016-01-31,1154.6155
FR,2016-02-29,1165.0462
FR,2016-03-31,1124.0535
FR,2016-04-30,1200.0653
FR,2016-05-31,892.3123
FR,2016-06-30,763.4067
FR,2016-07-31,1205.8729
FR,2016-08-31,1216.2206
FR,2016-09-30,1202.0547
FR,2016-10-31,1232.8252
FR,2016-11-30,1321.912
FR,2016-12-31,1218.8677
FR,2017-01-31,1139.4548
FR,2017-02-28,1069.4443
FR,2017-03-31,1047.5284
FR,2017-04-30,1153.0673
FR,2017-05-31,1106.9677
FR,2017-06-30,1161.2733
FR,2017-07-31,1188.0652
FR,2017-08-31,1228.9748
FR,2017-09-30,1236.868
FR,2017-10-31,1233.3065
FR,2017-11-30,1251.788
FR,2017-12-31,1205.151
FR,2018-01-31,1166.6477
FR,2018-02-28,1172.5521
FR,2018-03-31,1028.2768
FR,2018-04-30,988.9473
FR,2018-05-31,781.6155
FR,2018-06-30,1041.6647
FR,2018-07-31,1183.7335
FR,2018-08-31,1218.8677
FR,2018-09-30,1236.6193
FR,2018-10-31,1214.7768
FR,2018-11-30,1090.1547
FR,2018-12-31,1130.3103
FR,2019-01-31,1151.2465
FR,2019-02-28,1168.8221
FR,2019-03-31,1038.1432
FR,2019-04-30,1040.67
FR,2019-05-31,986.8858
FR,2019-06-30,898.184
FR,2019-07-31,1080.4968
FR,2019-08-31,1134.4013
FR,2019-09-30,977.7573
FR,2019-10-31,828.7819
FR,2019-11-30,810.156
FR,2019-12-31,834.5574
FR,2020-01-31,748.6471
FR,2020-02-29,740.3407
FR,2020-03-31,475.5148
FR,2020-04-30,500.566
FR,2020-05-31,551.0774
FR,2020-06-30,689.5527
FR,2020-07-31,766.4548
FR,2020-08-31,711.8284
FR,2020-09-30,788.0247
FR,2020-10-31,826.3755
FR,2020-11-30,748.238
FR,2020-12-31,541.4516
FR,2021-01-31,545.7832
FR,2021-02-28,574.42
FR,2021-03-31,610.0355
FR,2021-04-30,619.4287
FR,2021-05-31,620.6239
FR,2021-06-30,716.4087
FR,2021-07-31,788.1129
FR,2021-08-31,819.8781
FR,2021-09-30,748.238
FR,2021-10-31,720.9729
FR,2021-11-30,790.014
FR,2021-12-31,779.6903
FR,2022-01-31,798.4606
FR,2022-02-28,784.3657
FR,2022-03-31,796.5355
FR,2022-04-30,825.3247
FR,2022-05-31,846.8303
FR,2022-06-30,845.218
FR,2022-07-31,976.7787
FR,2022-08-31,1034.2929
FR,2022-09-30,877.7933
FR,2022-10-31,445.9155
FR,2022-11-30,890.4753
FR,2022-12-31,990.0142
FR,2023-01-31,984.72
FR,2023-02-28,996.7093
FR,2023-03-31,519.7935
FR,2023-04-30,664.686
FR,2023-05-31,955.3613
FR,2023-06-30,988.2013
FR,2023-07-31,1041.7529
FR,2023-08-31,1075.2026
FR,2023-09-30,1051.6113
FR,2023-10-31,953.4361
FR,2023-11-30,963.086
FR,2023-12-31,948.3826
FR,2024-01-31,819.8781
FR,2024-02-29,863.0448
FR,2024-03-31,795.0916
FR,2024-04-30,826.568
FR,2024-05-31,860.5471
FR,2024-06-30,994.6667
FR,2024-07-31,988.089
FR,2024-08-31,969.8
FR,2024-09-30,968.8053
FR,2024-10-31,960.1742
FR,2024-11-30,1003.8673
FR,2024-12-31,1027.5548
FR,2025-01-31,976.2974
FR,2025-02-28,908.7879
FR,2025-03-31,912.5265
GA,2002-01-31,0.0
GA,2002-02-28,0.0
GA,2002-03-31,0.0
GA,2002-04-30,0.0
GA,2002-05-31,0.0
GA,2002-06-30,0.0
GA,2002-07-31,0.0
GA,2002-08-31,0.0
GA,2002-09-30,0.0
GA,2002-10-31,0.0
GA,2002-11-30,0.0
GA,2002-12-31,0.0
GA,2003-01-31,0.0
GA,2003-02-28,0.0
GA,2003-03-31,0.0
GA,2003-04-30,0.0
GA,2003-05-31,0.0
GA,2003-06-30,0.0
GA,2003-07-31,0.0
GA,2003-08-31,0.0
GA,2003-09-30,0.0
GA,2003-10-31,0.0
GA,2003-11-30,0.0
GA,2003-12-31,0.0
GA,2004-01-31,0.0
GA,2004-02-29,0.0
GA,2004-03-31,0.0
GA,2004-04-30,0.0
GA,2004-05-31,0.0
GA,2004-06-30,0.0
GA,2004-07-31,0.0
GA,2004-08-31,0.0
GA,2004-09-30,0.0
GA,2004-10-31,0.0
GA,2004-11-30,0.0
GA,2004-12-31,0.0
GA,2005-01-31,0.0
GA,2005-02-28,0.0
GA,2005-03-31,0.0
GA,2005-04-30,0.0
GA,2005-05-31,0.0
GA,2005-06-30,0.0
GA,2005-07-31,0.0
GA,2005-08-31,0.0
GA,2005-09-30,0.0
GA,2005-10-31,0.0
GA,2005-11-30,0.0
GA,2005-12-31,0.0
GA,2006-01-31,0.0
GA,2006-02-28,0.0
GA,2006-03-31,0.0
GA,2006-04-30,0.0
GA,2006-05-31,0.0
GA,2006-06-30,0.0
GA,2006-07-31,0.0
GA,2006-08-31,0.0
GA,2006-09-30,0.0
GA,2006-10-31,0.0
GA,2006-11-30,0.0
GA,2006-12-31,0.0
GA,2007-01-31,0.0
GA,2007-02-28,0.0
GA,2007-03-31,0.0
GA,2007-04-30,0.0
GA,2007-05-31,0.0
GA,2007-06-30,0.0
GA,2007-07-31,0.0
GA,2007-08-31,0.0
GA,2007-09-30,0.0
GA,2007-10-31,0.0
GA,2007-11-30,0.0
GA,2007-12-31,0.0
GA,2008-01-31,0.0
GA,2008-02-29,0.0
GA,2008-03-31,0.0
GA,2008-04-30,0.0
GA,2008-05-31,0.0
GA,2008-06-30,0.0
GA,2008-07-31,0.0
GA,2008-08-31,0.0
GA,2008-09-30,0.0
GA,2008-10-31,0.0
GA,2008-11-30,0.0
GA,2008-12-31,0.0
GA,2009-01-31,
GA,2009-02-28,
GA,2009-03-31,
GA,2009-04-30,
GA,2009-05-31,
GA,2009-06-30,
GA,2009-07-31,
GA,2009-08-31,
GA,2009-09-30,
GA,2009-10-31,
GA,2009-11-30,
GA,2009-12-31,
GA,2010-01-31,
GA,2010-02-28,
GA,2010-03-31,
GA,2010-04-30,
GA,2010-05-31,
GA,2010-06-30,
GA,2010-07-31,
GA,2010-08-31,
GA,2010-09-30,
GA,2010-10-31,
GA,2010-11-30,
GA,2010-12-31,
GA,2011-01-31,
GA,2011-02-28,
GA,2011-03-31,
GA,2011-04-30,
GA,2011-05-31,
GA,2011-06-30,
GA,2011-07-31,
GA,2011-08-31,
GA,2011-09-30,
GA,2011-10-31,
GA,2011-11-30,
GA,2011-12-31,
GA,2012-01-31,
GA,2012-02-29,
GA,2012-03-31,
GA,2012-04-30,
GA,2012-05-31,
GA,2012-06-30,
GA,2012-07-31,
GA,2012-08-31,
GA,2012-09-30,
GA,2012-10-31,
GA,2012-11-30,
GA,2012-12-31,
GA,2013-01-31,
GA,2013-02-28,
GA,2013-03-31,
GA,2013-04-30,
GA,2013-05-31,
GA,2013-06-30,
GA,2013-07-31,
GA,2013-08-31,
GA,2013-09-30,
GA,2013-10-31,
GA,2013-11-30,
GA,2013-12-31,
GA,2014-01-31,
GA,2014-02-28,
GA,2014-03-31,
GA,2014-04-30,
GA,2014-05-31,
GA,2014-06-30,
GA,2014-07-31,
GA,2014-08-31,
GA,2014-09-30,
GA,2014-10-31,
GA,2014-11-30,
GA,2014-12-31,
GA,2015-01-31,
GA,2015-02-28,
GA,2015-03-31,
GA,2015-04-30,
GA,2015-05-31,
GA,2015-06-30,
GA,2015-07-31,
GA,2015-08-31,
GA,2015-09-30,
GA,2015-10-31,
GA,2015-11-30,
GA,2015-12-31,
GA,2016-01-31,20.0
GA,2016-02-29,25.0
GA,2016-03-31,17.0
GA,2016-04-30,13.0
GA,2016-05-31,17.0
GA,2016-06-30,24.0
GA,2016-07-31,23.0
GA,2016-08-31,24.0
GA,2016-09-30,18.0
GA,2016-10-31,23.0
GA,2016-11-30,21.0
GA,2016-12-31,20.0
GA,2017-01-31,21.0
GA,2017-02-28,17.0
GA,2017-03-31,22.0
GA,2017-04-30,23.0
GA,2017-05-31,21.0
GA,2017-06-30,20.0
GA,2017-07-31,19.0
GA,2017-08-31,23.0
GA,2017-09-30,10.0
GA,2017-10-31,0.0
GA,2017-11-30,1.0
GA,2017-12-31,0.0
GA,2018-01-31,0.0
GA,2018-02-28,0.0
GA,2018-03-31,0.0
GA,2018-04-30,0.0
GA,2018-05-31,21.0
GA,2018-06-30,20.0
GA,2018-07-31,21.0
GA,2018-08-31,20.0
GA,2018-09-30,21.0
GA,2018-10-31,21.0
GA,2018-11-30,21.0
GA,2018-12-31,21.0
GA,2019-01-31,11.0
GA,2019-02-28,11.0
GA,2019-03-31,10.0
GA,2019-04-30,11.0
GA,2019-05-31,11.0
GA,2019-06-30,7.0
GA,2019-07-31,16.0
GA,2019-08-31,16.0
GA,2019-09-30,19.0
GA,2019-10-31,12.0
GA,2019-11-30,13.0
GA,2019-12-31,12.0
GA,2020-01-31,22.0
GA,2020-02-29,1.0
GA,2020-03-31,19.0
GA,2020-04-30,22.0
GA,2020-05-31,8.0
GA,2020-06-30,10.0
GA,2020-07-31,21.0
GA,2020-08-31,
GA,2020-09-30,20.0
GA,2020-10-31,
GA,2020-11-30,21.0
GA,2020-12-31,23.0
GA,2021-01-31,
GA,2021-02-28,
GA,2021-03-31,
GA,2021-04-30,21.0
GA,2021-05-31,21.0
GA,2021-06-30,
GA,2021-07-31,22.0
GA,2021-08-31,18.0
GA,2021-09-30,
GA,2021-10-31,
GA,2021-11-30,
GA,2021-12-31,
GA,2022-01-31,
GA,2022-02-28,21.0
GA,2022-03-31,
GA,2022-04-30,
GA,2022-05-31,
GA,2022-06-30,
GA,2022-07-31,
GA,2022-08-31,
GA,2022-09-30,
GA,2022-10-31,
GA,2022-11-30,
GA,2022-12-31,
GA,2023-01-31,19.0
GA,2023-02-28,25.0
GA,2023-03-31,15.0
GA,2023-04-30,20.0
GA,2023-05-31,7.0
GA,2023-06-30,7.0
GA,2023-07-31,13.0
GA,2023-08-31,22.0
GA,2023-09-30,17.0
GA,2023-10-31,7.0
GA,2023-11-30,0.0
GA,2023-12-31,10.0
GA,2024-01-31,
GA,2024-02-29,
GA,2024-03-31,
GA,2024-04-30,
GA,2024-05-31,
GA,2024-06-30,
GA,2024-07-31,
GA,2024-08-31,
GA,2024-09-30,
GA,2024-10-31,
GA,2024-11-30,
GA,2024-12-31,
GA,2025-01-31,
GA,2025-02-28,
GA,2025-03-31,
GB,2002-01-31,1644.9361
GB,2002-02-28,1680.6121
GB,2002-03-31,1624.9916
GB,2002-04-30,1634.672
GB,2002-05-31,1552.9968
GB,2002-06-30,1578.876
GB,2002-07-31,1617.2084
GB,2002-08-31,1615.5058
GB,2002-09-30,1641.7093
GB,2002-10-31,1463.7329
GB,2002-11-30,1604.7633
GB,2002-12-31,1633.991
GB,2003-01-31,1577.0761
GB,2003-02-28,1692.4607
GB,2003-03-31,1684.0955
GB,2003-04-30,1646.9873
GB,2003-05-31,1685.0684
GB,2003-06-30,1630.902
GB,2003-07-31,1486.1097
GB,2003-08-31,1621.1
GB,2003-09-30,1464.5193
GB,2003-10-31,1426.0329
GB,2003-11-30,1594.9613
GB,2003-12-31,1645.909
GB,2004-01-31,1603.5877
GB,2004-02-29,1596.66
GB,2004-03-31,1673.6368
GB,2004-04-30,1732.4407
GB,2004-05-31,1683.1226
GB,2004-06-30,1595.9667
GB,2004-07-31,1761.1981
GB,2004-08-31,1728.3626
GB,2004-09-30,1655.03
GB,2004-10-31,1745.6316
GB,2004-11-30,1760.59
GB,2004-12-31,1770.9271
GB,2005-01-31,1666.34
GB,2005-02-28,1599.0186
GB,2005-03-31,1644.2065
GB,2005-04-30,1575.106
GB,2005-05-31,1620.6135
GB,2005-06-30,1592.6993
GB,2005-07-31,1746.3613
GB,2005-08-31,1690.1761
GB,2005-09-30,1711.0773
GB,2005-10-31,1707.2019
GB,2005-11-30,1640.704
GB,2005-12-31,1682.8794
GB,2006-01-31,1608.6955
GB,2006-02-28,1584.7464
GB,2006-03-31,1456.1929
GB,2006-04-30,1522.8287
GB,2006-05-31,1605.7768
GB,2006-06-30,1604.0093
GB,2006-07-31,1614.2897
GB,2006-08-31,1676.3123
GB,2006-09-30,1642.7147
GB,2006-10-31,1349.1735
GB,2006-11-30,1503.7273
GB,2006-12-31,1634.7206
GB,2007-01-31,1590.4535
GB,2007-02-28,1418.3279
GB,2007-03-31,1494.6226
GB,2007-04-30,1596.972
GB,2007-05-31,1624.9916
GB,2007-06-30,1558.2667
GB,2007-07-31,1545.4568
GB,2007-08-31,1665.6103
GB,2007-09-30,1572.3413
GB,2007-10-31,1623.7755
GB,2007-11-30,1547.7107
GB,2007-12-31,1515.2968
GB,2008-01-31,1483.4342
GB,2008-02-29,1395.42
GB,2008-03-31,1508.0
GB,2008-04-30,1593.4533
GB,2008-05-31,1559.8071
GB,2008-06-30,1663.0727
GB,2008-07-31,1589.9671
GB,2008-08-31,1622.5594
GB,2008-09-30,1662.8213
GB,2008-10-31,1558.8342
GB,2008-11-30,1501.7167
GB,2008-12-31,1585.3458
GB,2009-01-31,1550.5645
GB,2009-02-28,1541.1221
GB,2009-03-31,1491.4606
GB,2009-04-30,1355.692
GB,2009-05-31,1346.9845
GB,2009-06-30,1452.7067
GB,2009-07-31,1499.0006
GB,2009-08-31,1458.6252
GB,2009-09-30,1524.8393
GB,2009-10-31,1380.3065
GB,2009-11-30,1448.9367
GB,2009-12-31,1485.6232
GB,2010-01-31,1392.4677
GB,2010-02-28,1375.2421
GB,2010-03-31,1399.7645
GB,2010-04-30,1376.05
GB,2010-05-31,1446.2206
GB,2010-06-30,1490.658
GB,2010-07-31,1469.3271
GB,2010-08-31,1451.0852
GB,2010-09-30,1432.6
GB,2010-10-31,1406.0884
GB,2010-11-30,1390.1247
GB,2010-12-31,1399.0348
GB,2011-01-31,1476.6239
GB,2011-02-28,1417.52
GB,2011-03-31,1385.171
GB,2011-04-30,1509.7593
GB,2011-05-31,1495.5955
GB,2011-06-30,1453.9633
GB,2011-07-31,1504.8381
GB,2011-08-31,1509.2161
GB,2011-09-30,1470.3
GB,2011-10-31,1388.0897
GB,2011-11-30,1454.2147
GB,2011-12-31,1455.4632
GB,2012-01-31,1477.3535
GB,2012-02-29,1499.16
GB,2012-03-31,1477.3535
GB,2012-04-30,1517.2993
GB,2012-05-31,1441.1129
GB,2012-06-30,1429.584
GB,2012-07-31,1435.0323
GB,2012-08-31,1406.3316
GB,2012-09-30,1314.976
GB,2012-10-31,1027.3858
GB,2012-11-30,1193.3307
GB,2012-12-31,1304.1768
GB,2013-01-31,1251.1535
GB,2013-02-28,1283.1464
GB,2013-03-31,1256.2613
GB,2013-04-30,1357.954
GB,2013-05-31,1264.7742
GB,2013-06-30,1316.9867
GB,2013-07-31,1297.1232
GB,2013-08-31,1323.8781
GB,2013-09-30,1142.0587
GB,2013-10-31,951.9858
GB,2013-11-30,995.7827
GB,2013-12-31,1194.4819
GB,2014-01-31,1186.2123
GB,2014-02-28,1096.2621
GB,2014-03-31,1190.1039
GB,2014-04-30,1170.962
GB,2014-05-31,1141.4587
GB,2014-06-30,1053.8407
GB,2014-07-31,1132.7026
GB,2014-08-31,1137.3239
GB,2014-09-30,1149.5987
GB,2014-10-31,1145.3503
GB,2014-11-30,1139.7967
GB,2014-12-31,1168.4568
GB,2015-01-31,1113.2445
GB,2015-02-28,1101.6479
GB,2015-03-31,1133.4323
GB,2015-04-30,1118.936
GB,2015-05-31,1056.8161
GB,2015-06-30,1003.3227
GB,2015-07-31,1216.6155
GB,2015-08-31,1214.9129
GB,2015-09-30,1200.368
GB,2015-10-31,1209.5619
GB,2015-11-30,1180.2613
GB,2015-12-31,1172.1052
GB,2016-01-31,1140.9723
GB,2016-02-29,1002.82
GB,2016-03-31,942.7432
GB,2016-04-30,1063.6427
GB,2016-05-31,1132.7026
GB,2016-06-30,1112.904
GB,2016-07-31,1085.5168
GB,2016-08-31,1117.8658
GB,2016-09-30,1125.722
GB,2016-10-31,1108.1368
GB,2016-11-30,1134.77
GB,2016-12-31,1145.5935
GB,2017-01-31,1094.2729
GB,2017-02-28,1029.4793
GB,2017-03-31,1093.3
GB,2017-04-30,1116.4227
GB,2017-05-31,1080.6523
GB,2017-06-30,1131.2513
GB,2017-07-31,1091.8406
GB,2017-08-31,1150.9445
GB,2017-09-30,1150.3527
GB,2017-10-31,1117.6226
GB,2017-11-30,1061.8833
GB,2017-12-31,1079.9226
GB,2018-01-31,1048.3032
GB,2018-02-28,819.1671
GB,2018-03-31,935.4465
GB,2018-04-30,1073.9473
GB,2018-05-31,974.849
GB,2018-06-30,1070.1773
GB,2018-07-31,1089.4084
GB,2018-08-31,1164.8084
GB,2018-09-30,1155.882
GB,2018-10-31,1145.1071
GB,2018-11-30,1110.3907
GB,2018-12-31,1152.4039
GB,2019-01-31,1131.9729
GB,2019-02-28,1089.2607
GB,2019-03-31,1019.1161
GB,2019-04-30,1080.7333
GB,2019-05-31,1027.3858
GB,2019-06-30,978.9433
GB,2019-07-31,1065.0858
GB,2019-08-31,1111.0555
GB,2019-09-30,1045.2953
GB,2019-10-31,1122.7303
GB,2019-11-30,1127.4813
GB,2019-12-31,1164.0787
GB,2020-01-31,1179.8884
GB,2020-02-29,1119.04
GB,2020-03-31,1021.5484
GB,2020-04-30,826.384
GB,2020-05-31,825.0219
GB,2020-06-30,774.8607
GB,2020-07-31,864.911
GB,2020-08-31,836.6968
GB,2020-09-30,896.2547
GB,2020-10-31,902.3677
GB,2020-11-30,866.8487
GB,2020-12-31,895.3142
GB,2021-01-31,836.4535
GB,2021-02-28,694.7571
GB,2021-03-31,703.8955
GB,2021-04-30,902.0353
GB,2021-05-31,942.9865
GB,2021-06-30,964.8687
GB,2021-07-31,1013.7652
GB,2021-08-31,1027.1426
GB,2021-09-30,943.254
GB,2021-10-31,909.4213
GB,2021-11-30,1038.5093
GB,2021-12-31,1031.5206
GB,2022-01-31,1044.6548
GB,2022-02-28,1020.0543
GB,2022-03-31,1048.7897
GB,2022-04-30,1100.84
GB,2022-05-31,1081.8684
GB,2022-06-30,991.51
GB,2022-07-31,964.3903
GB,2022-08-31,1047.5735
GB,2022-09-30,1037.0013
GB,2022-10-31,1052.9245
GB,2022-11-30,990.2533
GB,2022-12-31,1041.7361
GB,2023-01-31,1037.8445
GB,2023-02-28,1017.9
GB,2023-03-31,1027.1426
GB,2023-04-30,1037.2527
GB,2023-05-31,1047.5735
GB,2023-06-30,944.5107
GB,2023-07-31,1002.82
GB,2023-08-31,987.0103
GB,2023-09-30,895.752
GB,2023-10-31,782.9439
GB,2023-11-30,870.6187
GB,2023-12-31,1008.171
GB,2024-01-31,973.3897
GB,2024-02-29,963.3
GB,2024-03-31,962.931
GB,2024-04-30,947.5267
GB,2024-05-31,967.309
GB,2024-06-30,1011.6167
GB,2024-07-31,984.3348
GB,2024-08-31,1014.7381
GB,2024-09-30,859.3087
GB,2024-10-31,869.5323
GB,2024-11-30,1101.594
GB,2024-12-31,1103.2723
GB,2025-01-31,1105.7045
GB,2025-02-28,856.0593
GB,2025-03-31,798.5103
GD,2002-01-31,0.0
GD,2002-02-28,0.0
GD,2002-03-31,0.0
GD,2002-04-30,0.0
GD,2002-05-31,0.0
GD,2002-06-30,0.0
GD,2002-07-31,0.0
GD,2002-08-31,0.0
GD,2002-09-30,0.0
GD,2002-10-31,0.0
GD,2002-11-30,0.0
GD,2002-12-31,0.0
GD,2003-01-31,0.0
GD,2003-02-28,0.0
GD,2003-03-31,0.0
GD,2003-04-30,0.0
GD,2003-05-31,0.0
GD,2003-06-30,0.0
GD,2003-07-31,0.0
GD,2003-08-31,0.0
GD,2003-09-30,0.0
GD,2003-10-31,0.0
GD,2003-11-30,0.0
GD,2003-12-31,0.0
GD,2004-01-31,0.0
GD,2004-02-29,0.0
GD,2004-03-31,0.0
GD,2004-04-30,0.0
GD,2004-05-31,0.0
GD,2004-06-30,0.0
GD,2004-07-31,0.0
GD,2004-08-31,0.0
GD,2004-09-30,0.0
GD,2004-10-31,0.0
GD,2004-11-30,0.0
GD,2004-12-31,0.0
GD,2005-01-31,0.0
GD,2005-02-28,0.0
GD,2005-03-31,0.0
GD,2005-04-30,0.0
GD,2005-05-31,0.0
GD,2005-06-30,0.0
GD,2005-07-31,0.0
GD,2005-08-31,0.0
GD,2005-09-30,0.0
GD,2005-10-31,0.0
GD,2005-11-30,0.0
GD,2005-12-31,0.0
GD,2006-01-31,0.0
GD,2006-02-28,0.0
GD,2006-03-31,0.0
GD,2006-04-30,0.0
GD,2006-05-31,0.0
GD,2006-06-30,0.0
GD,2006-07-31,0.0
GD,2006-08-31,0.0
GD,2006-09-30,0.0
GD,2006-10-31,0.0
GD,2006-11-30,0.0
GD,2006-12-31,0.0
GD,2007-01-31,0.0
GD,2007-02-28,0.0
GD,2007-03-31,0.0
GD,2007-04-30,0.0
GD,2007-05-31,0.0
GD,2007-06-30,0.0
GD,2007-07-31,0.0
GD,2007-08-31,0.0
GD,2007-09-30,0.0
GD,2007-10-31,0.0
GD,2007-11-30,0.0
GD,2007-12-31,0.0
GD,2008-01-31,0.0
GD,2008-02-29,0.0
GD,2008-03-31,0.0
GD,2008-04-30,0.0
GD,2008-05-31,0.0
GD,2008-06-30,0.0
GD,2008-07-31,0.0
GD,2008-08-31,0.0
GD,2008-09-30,0.0
GD,2008-10-31,0.0
GD,2008-11-30,0.0
GD,2008-12-31,0.0
GD,2009-01-31,0.0
GD,2009-02-28,0.0
GD,2009-03-31,0.0
GD,2009-04-30,0.0
GD,2009-05-31,0.0
GD,2009-06-30,0.0
GD,2009-07-31,0.0
GD,2009-08-31,0.0
GD,2009-09-30,0.0
GD,2009-10-31,0.0
GD,2009-11-30,0.0
GD,2009-12-31,0.0
GD,2010-01-31,0.0
GD,2010-02-28,0.0
GD,2010-03-31,0.0
GD,2010-04-30,0.0
GD,2010-05-31,0.0
GD,2010-06-30,0.0
GD,2010-07-31,0.0
GD,2010-08-31,0.0
GD,2010-09-30,0.0
GD,2010-10-31,0.0
GD,2010-11-30,0.0
GD,2010-12-31,0.0
GD,2011-01-31,0.0
GD,2011-02-28,0.0
GD,2011-03-31,0.0
GD,2011-04-30,0.0
GD,2011-05-31,0.0
GD,2011-06-30,0.0
GD,2011-07-31,0.0
GD,2011-08-31,0.0
GD,2011-09-30,0.0
GD,2011-10-31,0.0
GD,2011-11-30,0.0
GD,2011-12-31,0.0
GD,2012-01-31,0.0
GD,2012-02-29,0.0
GD,2012-03-31,0.0
GD,2012-04-30,0.0
GD,2012-05-31,0.0
GD,2012-06-30,0.0
GD,2012-07-31,0.0
GD,2012-08-31,0.0
GD,2012-09-30,0.0
GD,2012-10-31,0.0
GD,2012-11-30,0.0
GD,2012-12-31,0.0
GD,2013-01-31,0.0
GD,2013-02-28,0.0
GD,2013-03-31,0.0
GD,2013-04-30,0.0
GD,2013-05-31,0.0
GD,2013-06-30,0.0
GD,2013-07-31,0.0
GD,2013-08-31,0.0
GD,2013-09-30,0.0
GD,2013-10-31,0.0
GD,2013-11-30,0.0
GD,2013-12-31,0.0
GD,2014-01-31,0.0
GD,2014-02-28,0.0
GD,2014-03-31,0.0
GD,2014-04-30,0.0
GD,2014-05-31,0.0
GD,2014-06-30,0.0
GD,2014-07-31,0.0
GD,2014-08-31,0.0
GD,2014-09-30,0.0
GD,2014-10-31,0.0
GD,2014-11-30,0.0
GD,2014-12-31,0.0
GD,2015-01-31,0.0
GD,2015-02-28,0.0
GD,2015-03-31,0.0
GD,2015-04-30,0.0
GD,2015-05-31,0.0
GD,2015-06-30,0.0
GD,2015-07-31,0.0
GD,2015-08-31,0.0
GD,2015-09-30,0.0
GD,2015-10-31,0.0
GD,2015-11-30,0.0
GD,2015-12-31,0.0
GD,2016-01-31,0.0
GD,2016-02-29,0.0
GD,2016-03-31,0.0
GD,2016-04-30,0.0
GD,2016-05-31,0.0
GD,2016-06-30,0.0
GD,2016-07-31,0.0
GD,2016-08-31,
GD,2016-09-30,
GD,2016-10-31,
GD,2016-11-30,
GD,2016-12-31,
GD,2017-01-31,
GD,2017-02-28,
GD,2017-03-31,
GD,2017-04-30,
GD,2017-05-31,
GD,2017-06-30,
GD,2017-07-31,
GD,2017-08-31,
GD,2017-09-30,
GD,2017-10-31,
GD,2017-11-30,
GD,2017-12-31,
GD,2018-01-31,
GD,2018-02-28,
GD,2018-03-31,
GD,2018-04-30,
GD,2018-05-31,
GD,2018-06-30,
GD,2018-07-31,
GD,2018-08-31,
GD,2018-09-30,
GD,2018-10-31,
GD,2018-11-30,
GD,2018-12-31,
GD,2019-01-31,
GD,2019-02-28,
GD,2019-03-31,
GD,2019-04-30,
GD,2019-05-31,
GD,2019-06-30,
GD,2019-07-31,
GD,2019-08-31,
GD,2019-09-30,
GD,2019-10-31,
GD,2019-11-30,
GD,2019-12-31,
GD,2020-01-31,
GD,2020-02-29,
GD,2020-03-31,
GD,2020-04-30,
GD,2020-05-31,
GD,2020-06-30,
GD,2020-07-31,
GD,2020-08-31,
GD,2020-09-30,
GD,2020-10-31,
GD,2020-11-30,
GD,2020-12-31,
GD,2021-01-31,
GD,2021-02-28,
GD,2021-03-31,
GD,2021-04-30,
GD,2021-05-31,
GD,2021-06-30,
GD,2021-07-31,
GD,2021-08-31,
GD,2021-09-30,
GD,2021-10-31,
GD,2021-11-30,
GD,2021-12-31,
GD,2022-01-31,
GD,2022-02-28,
GD,2022-03-31,
GD,2022-04-30,
GD,2022-05-31,
GD,2022-06-30,
GD,2022-07-31,
GD,2022-08-31,
GD,2022-09-30,
GD,2022-10-31,
GD,2022-11-30,
GD,2022-12-31,
GD,2023-01-31,
GD,2023-02-28,
GD,2023-03-31,
GD,2023-04-30,
GD,2023-05-31,
GD,2023-06-30,
GD,2023-07-31,
GD,2023-08-31,
GD,2023-09-30,
GD,2023-10-31,
GD,2023-11-30,
GD,2023-12-31,
GD,2024-01-31,
GD,2024-02-29,
GD,2024-03-31,
GD,2024-04-30,
GD,2024-05-31,
GD,2024-06-30,
GD,2024-07-31,
GD,2024-08-31,
GD,2024-09-30,
GD,2024-10-31,
GD,2024-11-30,
GD,2024-12-31,
GD,2025-01-31,
GE,2002-01-31,
GE,2002-02-28,
GE,2002-03-31,
GE,2002-04-30,
GE,2002-05-31,
GE,2002-06-30,
GE,2002-07-31,
GE,2002-08-31,
GE,2002-09-30,
GE,2002-10-31,
GE,2002-11-30,
GE,2002-12-31,
GE,2003-01-31,
GE,2003-02-28,
GE,2003-03-31,
GE,2003-04-30,
GE,2003-05-31,
GE,2003-06-30,
GE,2003-07-31,
GE,2003-08-31,
GE,2003-09-30,
GE,2003-10-31,
GE,2003-11-30,
GE,2003-12-31,
GE,2004-01-31,
GE,2004-02-29,
GE,2004-03-31,
GE,2004-04-30,
GE,2004-05-31,
GE,2004-06-30,
GE,2004-07-31,
GE,2004-08-31,
GE,2004-09-30,
GE,2004-10-31,
GE,2004-11-30,
GE,2004-12-31,
GE,2005-01-31,
GE,2005-02-28,
GE,2005-03-31,
GE,2005-04-30,
GE,2005-05-31,
GE,2005-06-30,
GE,2005-07-31,
GE,2005-08-31,
GE,2005-09-30,
GE,2005-10-31,
GE,2005-11-30,
GE,2005-12-31,
GE,2006-01-31,
GE,2006-02-28,
GE,2006-03-31,
GE,2006-04-30,
GE,2006-05-31,
GE,2006-06-30,
GE,2006-07-31,
GE,2006-08-31,
GE,2006-09-30,
GE,2006-10-31,
GE,2006-11-30,
GE,2006-12-31,
GE,2007-01-31,
GE,2007-02-28,
GE,2007-03-31,
GE,2007-04-30,
GE,2007-05-31,
GE,2007-06-30,
GE,2007-07-31,
GE,2007-08-31,
GE,2007-09-30,
GE,2007-10-31,
GE,2007-11-30,
GE,2007-12-31,
GE,2008-01-31,
GE,2008-02-29,
GE,2008-03-31,
GE,2008-04-30,
GE,2008-05-31,
GE,2008-06-30,
GE,2008-07-31,
GE,2008-08-31,
GE,2008-09-30,
GE,2008-10-31,
GE,2008-11-30,
GE,2008-12-31,
GE,2009-01-31,
GE,2009-02-28,
GE,2009-03-31,
GE,2009-04-30,
GE,2009-05-31,
GE,2009-06-30,
GE,2009-07-31,
GE,2009-08-31,
GE,2009-09-30,
GE,2009-10-31,
GE,2009-11-30,
GE,2009-12-31,
GE,2010-01-31,
GE,2010-02-28,
GE,2010-03-31,
GE,2010-04-30,
GE,2010-05-31,
GE,2010-06-30,
GE,2010-07-31,
GE,2010-08-31,
GE,2010-09-30,
GE,2010-10-31,
GE,2010-11-30,
GE,2010-12-31,
GE,2011-01-31,
GE,2011-02-28,
GE,2011-03-31,
GE,2011-04-30,
GE,2011-05-31,
GE,2011-06-30,
GE,2011-07-31,
GE,2011-08-31,
GE,2011-09-30,
GE,2011-10-31,
GE,2011-11-30,
GE,2011-12-31,
GE,2012-01-31,
GE,2012-02-29,
GE,2012-03-31,
GE,2012-04-30,
GE,2012-05-31,
GE,2012-06-30,
GE,2012-07-31,
GE,2012-08-31,
GE,2012-09-30,
GE,2012-10-31,
GE,2012-11-30,
GE,2012-12-31,
GE,2013-01-31,
GE,2013-02-28,
GE,2013-03-31,
GE,2013-04-30,
GE,2013-05-31,
GE,2013-06-30,
GE,2013-07-31,
GE,2013-08-31,
GE,2013-09-30,
GE,2013-10-31,
GE,2013-11-30,
GE,2013-12-31,
GE,2014-01-31,
GE,2014-02-28,
GE,2014-03-31,
GE,2014-04-30,
GE,2014-05-31,
GE,2014-06-30,
GE,2014-07-31,
GE,2014-08-31,
GE,2014-09-30,
GE,2014-10-31,
GE,2014-11-30,
GE,2014-12-31,
GE,2015-01-31,
GE,2015-02-28,
GE,2015-03-31,
GE,2015-04-30,
GE,2015-05-31,
GE,2015-06-30,
GE,2015-07-31,
GE,2015-08-31,
GE,2015-09-30,
GE,2015-10-31,
GE,2015-11-30,
GE,2015-12-31,
GE,2016-01-31,
GE,2016-02-29,
GE,2016-03-31,
GE,2016-04-30,
GE,2016-05-31,
GE,2016-06-30,
GE,2016-07-31,
GE,2016-08-31,
GE,2016-09-30,
GE,2016-10-31,
GE,2016-11-30,
GE,2016-12-31,
GE,2017-01-31,
GE,2017-02-28,
GE,2017-03-31,
GE,2017-04-30,
GE,2017-05-31,
GE,2017-06-30,
GE,2017-07-31,
GE,2017-08-31,
GE,2017-09-30,
GE,2017-10-31,
GE,2017-11-30,
GE,2017-12-31,
GE,2018-01-31,
GE,2018-02-28,
GE,2018-03-31,
GE,2018-04-30,
GE,2018-05-31,
GE,2018-06-30,
GE,2018-07-31,
GE,2018-08-31,
GE,2018-09-30,
GE,2018-10-31,
GE,2018-11-30,
GE,2018-12-31,
GE,2019-01-31,
GE,2019-02-28,
GE,2019-03-31,
GE,2019-04-30,
GE,2019-05-31,
GE,2019-06-30,
GE,2019-07-31,
GE,2019-08-31,
GE,2019-09-30,
GE,2019-10-31,
GE,2019-11-30,
GE,2019-12-31,
GE,2020-01-31,
GE,2020-02-29,
GE,2020-03-31,
GE,2020-04-30,
GE,2020-05-31,
GE,2020-06-30,
GE,2020-07-31,
GE,2020-08-31,
GE,2020-09-30,
GE,2020-10-31,
GE,2020-11-30,
GE,2020-12-31,
GE,2021-01-31,
GE,2021-02-28,
GE,2021-03-31,
GE,2021-04-30,
GE,2021-05-31,
GE,2021-06-30,
GE,2021-07-31,
GE,2021-08-31,
GE,2021-09-30,
GE,2021-10-31,
GE,2021-11-30,
GE,2021-12-31,
GE,2022-01-31,
GE,2022-02-28,
GE,2022-03-31,
GE,2022-04-30,
GE,2022-05-31,
GE,2022-06-30,
GE,2022-07-31,
GE,2022-08-31,
GE,2022-09-30,
GE,2022-10-31,
GE,2022-11-30,
GE,2022-12-31,
GE,2023-01-31,
GE,2023-02-28,
GE,2023-03-31,
GE,2023-04-30,
GE,2023-05-31,
GE,2023-06-30,
GE,2023-07-31,
GE,2023-08-31,
GE,2023-09-30,
GE,2023-10-31,
GE,2023-11-30,
GE,2023-12-31,
GE,2024-01-31,
GE,2024-02-29,
GE,2024-03-31,
GE,2024-04-30,
GE,2024-05-31,
GE,2024-06-30,
GE,2024-07-31,
GE,2024-08-31,
GE,2024-09-30,
GE,2024-10-31,
GE,2024-11-30,
GE,2024-12-31,
GE,2025-01-31,
GE,2025-02-28,
GE,2025-03-31,
GM,2002-01-31,
GM,2002-02-28,
GM,2002-03-31,
GM,2002-04-30,
GM,2002-05-31,
GM,2002-06-30,
GM,2002-07-31,
GM,2002-08-31,
GM,2002-09-30,
GM,2002-10-31,
GM,2002-11-30,
GM,2002-12-31,
GM,2003-01-31,
GM,2003-02-28,
GM,2003-03-31,
GM,2003-04-30,
GM,2003-05-31,
GM,2003-06-30,
GM,2003-07-31,
GM,2003-08-31,
GM,2003-09-30,
GM,2003-10-31,
GM,2003-11-30,
GM,2003-12-31,
GM,2004-01-31,
GM,2004-02-29,
GM,2004-03-31,
GM,2004-04-30,
GM,2004-05-31,
GM,2004-06-30,
GM,2004-07-31,
GM,2004-08-31,
GM,2004-09-30,
GM,2004-10-31,
GM,2004-11-30,
GM,2004-12-31,
GM,2005-01-31,
GM,2005-02-28,
GM,2005-03-31,
GM,2005-04-30,
GM,2005-05-31,
GM,2005-06-30,
GM,2005-07-31,
GM,2005-08-31,
GM,2005-09-30,
GM,2005-10-31,
GM,2005-11-30,
GM,2005-12-31,
GM,2006-01-31,
GM,2006-02-28,
GM,2006-03-31,
GM,2006-04-30,
GM,2006-05-31,
GM,2006-06-30,
GM,2006-07-31,
GM,2006-08-31,
GM,2006-09-30,
GM,2006-10-31,
GM,2006-11-30,
GM,2006-12-31,
GM,2007-01-31,
GM,2007-02-28,
GM,2007-03-31,
GM,2007-04-30,
GM,2007-05-31,
GM,2007-06-30,
GM,2007-07-31,
GM,2007-08-31,
GM,2007-09-30,
GM,2007-10-31,
GM,2007-11-30,
GM,2007-12-31,
GM,2008-01-31,
GM,2008-02-29,
GM,2008-03-31,
GM,2008-04-30,
GM,2008-05-31,
GM,2008-06-30,
GM,2008-07-31,
GM,2008-08-31,
GM,2008-09-30,
GM,2008-10-31,
GM,2008-11-30,
GM,2008-12-31,
GM,2009-01-31,
GM,2009-02-28,
GM,2009-03-31,
GM,2009-04-30,
GM,2009-05-31,
GM,2009-06-30,
GM,2009-07-31,
GM,2009-08-31,
GM,2009-09-30,
GM,2009-10-31,
GM,2009-11-30,
GM,2009-12-31,
GM,2010-01-31,
GM,2010-02-28,
GM,2010-03-31,
GM,2010-04-30,
GM,2010-05-31,
GM,2010-06-30,
GM,2010-07-31,
GM,2010-08-31,
GM,2010-09-30,
GM,2010-10-31,
GM,2010-11-30,
GM,2010-12-31,
GM,2011-01-31,
GM,2011-02-28,
GM,2011-03-31,
GM,2011-04-30,
GM,2011-05-31,
GM,2011-06-30,
GM,2011-07-31,
GM,2011-08-31,
GM,2011-09-30,
GM,2011-10-31,
GM,2011-11-30,
GM,2011-12-31,
GM,2012-01-31,
GM,2012-02-29,
GM,2012-03-31,
GM,2012-04-30,
GM,2012-05-31,
GM,2012-06-30,
GM,2012-07-31,
GM,2012-08-31,
GM,2012-09-30,
GM,2012-10-31,
GM,2012-11-30,
GM,2012-12-31,
GM,2013-01-31,
GM,2013-02-28,
GM,2013-03-31,
GM,2013-04-30,
GM,2013-05-31,
GM,2013-06-30,
GM,2013-07-31,
GM,2013-08-31,
GM,2013-09-30,
GM,2013-10-31,
GM,2013-11-30,
GM,2013-12-31,
GM,2014-01-31,
GM,2014-02-28,
GM,2014-03-31,
GM,2014-04-30,
GM,2014-05-31,
GM,2014-06-30,
GM,2014-07-31,
GM,2014-08-31,
GM,2014-09-30,
GM,2014-10-31,
GM,2014-11-30,
GM,2014-12-31,
GM,2015-01-31,
GM,2015-02-28,
GM,2015-03-31,
GM,2015-04-30,
GM,2015-05-31,
GM,2015-06-30,
GM,2015-07-31,
GM,2015-08-31,
GM,2015-09-30,
GM,2015-10-31,
GM,2015-11-30,
GM,2015-12-31,
GM,2016-01-31,
GM,2016-02-29,
GM,2016-03-31,
GM,2016-04-30,
GM,2016-05-31,
GM,2016-06-30,
GM,2016-07-31,
GM,2016-08-31,
GM,2016-09-30,
GM,2016-10-31,
GM,2016-11-30,
GM,2016-12-31,
GM,2017-01-31,
GM,2017-02-28,
GM,2017-03-31,
GM,2017-04-30,
GM,2017-05-31,
GM,2017-06-30,
GM,2017-07-31,
GM,2017-08-31,
GM,2017-09-30,
GM,2017-10-31,
GM,2017-11-30,
GM,2017-12-31,
GM,2018-01-31,
GM,2018-02-28,
GM,2018-03-31,
GM,2018-04-30,
GM,2018-05-31,
GM,2018-06-30,
GM,2018-07-31,
GM,2018-08-31,
GM,2018-09-30,
GM,2018-10-31,
GM,2018-11-30,
GM,2018-12-31,
GM,2019-01-31,
GM,2019-02-28,
GM,2019-03-31,
GM,2019-04-30,
GM,2019-05-31,
GM,2019-06-30,
GM,2019-07-31,
GM,2019-08-31,
GM,2019-09-30,
GM,2019-10-31,
GM,2019-11-30,
GM,2019-12-31,
GM,2020-01-31,
GM,2020-02-29,
GM,2020-03-31,
GM,2020-04-30,
GM,2020-05-31,
GM,2020-06-30,
GM,2020-07-31,
GM,2020-08-31,
GM,2020-09-30,
GM,2020-10-31,
GM,2020-11-30,
GM,2020-12-31,
GM,2021-01-31,
GM,2021-02-28,
GM,2021-03-31,
GM,2021-04-30,
GM,2021-05-31,
GM,2021-06-30,
GM,2021-07-31,
GM,2021-08-31,
GM,2021-09-30,
GM,2021-10-31,
GM,2021-11-30,
GM,2021-12-31,
GM,2022-01-31,
GM,2022-02-28,
GM,2022-03-31,
GM,2022-04-30,
GM,2022-05-31,
GM,2022-06-30,
GM,2022-07-31,
GM,2022-08-31,
GM,2022-09-30,
GM,2022-10-31,
GM,2022-11-30,
GM,2022-12-31,
GM,2023-01-31,
GM,2023-02-28,
GM,2023-03-31,
GM,2023-04-30,
GM,2023-05-31,
GM,2023-06-30,
GM,2023-07-31,
GM,2023-08-31,
GM,2023-09-30,
GM,2023-10-31,
GM,2023-11-30,
GM,2023-12-31,
GM,2024-01-31,
GM,2024-02-29,
GM,2024-03-31,
GM,2024-04-30,
GM,2024-05-31,
GM,2024-06-30,
GM,2024-07-31,
GM,2024-08-31,
GM,2024-09-30,
GM,2024-10-31,
GM,2024-11-30,
GM,2024-12-31,
GM,2025-01-31,
GM,2025-02-28,
GM,2025-03-31,
GQ,2002-01-31,0.0
GQ,2002-02-28,0.0
GQ,2002-03-31,0.0
GQ,2002-04-30,0.0
GQ,2002-05-31,0.0
GQ,2002-06-30,0.0
GQ,2002-07-31,0.0
GQ,2002-08-31,0.0
GQ,2002-09-30,0.0
GQ,2002-10-31,0.0
GQ,2002-11-30,0.0
GQ,2002-12-31,0.0
GQ,2003-01-31,0.0
GQ,2003-02-28,0.0
GQ,2003-03-31,0.0
GQ,2003-04-30,0.0
GQ,2003-05-31,0.0
GQ,2003-06-30,0.0
GQ,2003-07-31,0.0
GQ,2003-08-31,0.0
GQ,2003-09-30,0.0
GQ,2003-10-31,0.0
GQ,2003-11-30,0.0
GQ,2003-12-31,0.0
GQ,2004-01-31,0.0
GQ,2004-02-29,0.0
GQ,2004-03-31,0.0
GQ,2004-04-30,0.0
GQ,2004-05-31,0.0
GQ,2004-06-30,0.0
GQ,2004-07-31,0.0
GQ,2004-08-31,0.0
GQ,2004-09-30,0.0
GQ,2004-10-31,0.0
GQ,2004-11-30,0.0
GQ,2004-12-31,0.0
GQ,2005-01-31,0.0
GQ,2005-02-28,0.0
GQ,2005-03-31,0.0
GQ,2005-04-30,0.0
GQ,2005-05-31,0.0
GQ,2005-06-30,0.0
GQ,2005-07-31,0.0
GQ,2005-08-31,0.0
GQ,2005-09-30,0.0
GQ,2005-10-31,0.0
GQ,2005-11-30,0.0
GQ,2005-12-31,0.0
GQ,2006-01-31,0.0
GQ,2006-02-28,0.0
GQ,2006-03-31,0.0
GQ,2006-04-30,0.0
GQ,2006-05-31,0.0
GQ,2006-06-30,0.0
GQ,2006-07-31,0.0
GQ,2006-08-31,0.0
GQ,2006-09-30,0.0
GQ,2006-10-31,0.0
GQ,2006-11-30,0.0
GQ,2006-12-31,0.0
GQ,2007-01-31,0.0
GQ,2007-02-28,0.0
GQ,2007-03-31,0.0
GQ,2007-04-30,0.0
GQ,2007-05-31,0.0
GQ,2007-06-30,0.0
GQ,2007-07-31,0.0
GQ,2007-08-31,0.0
GQ,2007-09-30,0.0
GQ,2007-10-31,0.0
GQ,2007-11-30,0.0
GQ,2007-12-31,0.0
GQ,2008-01-31,0.0
GQ,2008-02-29,0.0
GQ,2008-03-31,0.0
GQ,2008-04-30,0.0
GQ,2008-05-31,0.0
GQ,2008-06-30,0.0
GQ,2008-07-31,0.0
GQ,2008-08-31,0.0
GQ,2008-09-30,0.0
GQ,2008-10-31,0.0
GQ,2008-11-30,0.0
GQ,2008-12-31,0.0
GQ,2009-01-31,
GQ,2009-02-28,
GQ,2009-03-31,
GQ,2009-04-30,
GQ,2009-05-31,
GQ,2009-06-30,
GQ,2009-07-31,
GQ,2009-08-31,
GQ,2009-09-30,
GQ,2009-10-31,
GQ,2009-11-30,
GQ,2009-12-31,
GQ,2010-01-31,
GQ,2010-02-28,
GQ,2010-03-31,
GQ,2010-04-30,
GQ,2010-05-31,
GQ,2010-06-30,
GQ,2010-07-31,
GQ,2010-08-31,
GQ,2010-09-30,
GQ,2010-10-31,
GQ,2010-11-30,
GQ,2010-12-31,
GQ,2011-01-31,
GQ,2011-02-28,
GQ,2011-03-31,
GQ,2011-04-30,
GQ,2011-05-31,
GQ,2011-06-30,
GQ,2011-07-31,
GQ,2011-08-31,
GQ,2011-09-30,
GQ,2011-10-31,
GQ,2011-11-30,
GQ,2011-12-31,
GQ,2012-01-31,
GQ,2012-02-29,
GQ,2012-03-31,
GQ,2012-04-30,
GQ,2012-05-31,
GQ,2012-06-30,
GQ,2012-07-31,
GQ,2012-08-31,
GQ,2012-09-30,
GQ,2012-10-31,
GQ,2012-11-30,
GQ,2012-12-31,
GQ,2013-01-31,
GQ,2013-02-28,
GQ,2013-03-31,
GQ,2013-04-30,
GQ,2013-05-31,
GQ,2013-06-30,
GQ,2013-07-31,
GQ,2013-08-31,
GQ,2013-09-30,
GQ,2013-10-31,
GQ,2013-11-30,
GQ,2013-12-31,
GQ,2014-01-31,
GQ,2014-02-28,
GQ,2014-03-31,
GQ,2014-04-30,
GQ,2014-05-31,
GQ,2014-06-30,
GQ,2014-07-31,
GQ,2014-08-31,
GQ,2014-09-30,
GQ,2014-10-31,
GQ,2014-11-30,
GQ,2014-12-31,
GQ,2015-01-31,
GQ,2015-02-28,
GQ,2015-03-31,
GQ,2015-04-30,
GQ,2015-05-31,
GQ,2015-06-30,
GQ,2015-07-31,
GQ,2015-08-31,
GQ,2015-09-30,
GQ,2015-10-31,
GQ,2015-11-30,
GQ,2015-12-31,
GQ,2016-01-31,
GQ,2016-02-29,
GQ,2016-03-31,
GQ,2016-04-30,
GQ,2016-05-31,
GQ,2016-06-30,
GQ,2016-07-31,
GQ,2016-08-31,
GQ,2016-09-30,
GQ,2016-10-31,
GQ,2016-11-30,
GQ,2016-12-31,
GQ,2017-01-31,
GQ,2017-02-28,
GQ,2017-03-31,
GQ,2017-04-30,
GQ,2017-05-31,
GQ,2017-06-30,
GQ,2017-07-31,
GQ,2017-08-31,
GQ,2017-09-30,
GQ,2017-10-31,
GQ,2017-11-30,
GQ,2017-12-31,
GQ,2018-01-31,
GQ,2018-02-28,
GQ,2018-03-31,
GQ,2018-04-30,
GQ,2018-05-31,
GQ,2018-06-30,
GQ,2018-07-31,
GQ,2018-08-31,
GQ,2018-09-30,
GQ,2018-10-31,
GQ,2018-11-30,
GQ,2018-12-31,
GQ,2019-01-31,0.0
GQ,2019-02-28,0.0
GQ,2019-03-31,0.0
GQ,2019-04-30,0.0
GQ,2019-05-31,0.0
GQ,2019-06-30,0.0
GQ,2019-07-31,0.0
GQ,2019-08-31,0.0
GQ,2019-09-30,0.0
GQ,2019-10-31,0.0
GQ,2019-11-30,0.0
GQ,2019-12-31,0.0
GQ,2020-01-31,0.0
GQ,2020-02-29,0.0
GQ,2020-03-31,0.0
GQ,2020-04-30,0.0
GQ,2020-05-31,0.0
GQ,2020-06-30,0.0
GQ,2020-07-31,0.0
GQ,2020-08-31,0.0
GQ,2020-09-30,0.0
GQ,2020-10-31,0.0
GQ,2020-11-30,0.0
GQ,2020-12-31,0.0
GQ,2021-01-31,0.0
GQ,2021-02-28,0.0
GQ,2021-03-31,0.0
GQ,2021-04-30,0.0
GQ,2021-05-31,0.0
GQ,2021-06-30,0.0
GQ,2021-07-31,0.0
GQ,2021-08-31,0.0
GQ,2021-09-30,0.0
GQ,2021-10-31,0.0
GQ,2021-11-30,0.0
GQ,2021-12-31,0.0
GQ,2022-01-31,0.0
GQ,2022-02-28,0.0
GQ,2022-03-31,0.0
GQ,2022-04-30,0.0
GQ,2022-05-31,0.0
GQ,2022-06-30,0.0
GQ,2022-07-31,0.0
GQ,2022-08-31,0.0
GQ,2022-09-30,0.0
GQ,2022-10-31,0.0
GQ,2022-11-30,0.0
GQ,2022-12-31,0.0
GQ,2023-01-31,0.0
GQ,2023-02-28,0.0
GQ,2023-03-31,0.0
GQ,2023-04-30,0.0
GQ,2023-05-31,0.0
GQ,2023-06-30,0.0
GQ,2023-07-31,0.0
GQ,2023-08-31,0.0
GQ,2023-09-30,0.0
GQ,2023-10-31,0.0
GQ,2023-11-30,0.0
GQ,2023-12-31,0.0
GQ,2024-01-31,
GQ,2024-02-29,
GQ,2024-03-31,
GQ,2024-04-30,
GQ,2024-05-31,
GQ,2024-06-30,
GQ,2024-07-31,
GQ,2024-08-31,
GQ,2024-09-30,
GQ,2024-10-31,
GQ,2024-11-30,
GQ,2024-12-31,
GQ,2025-01-31,
GQ,2025-02-28,
GQ,2025-03-31,
GR,2002-01-31,313.4419
GR,2002-02-28,363.0375
GR,2002-03-31,388.6016
GR,2002-04-30,389.55
GR,2002-05-31,340.2339
GR,2002-06-30,375.83
GR,2002-07-31,386.2306
GR,2002-08-31,395.9516
GR,2002-09-30,348.145
GR,2002-10-31,365.6032
GR,2002-11-30,401.31
GR,2002-12-31,391.4468
GR,2003-01-31,395.9516
GR,2003-02-28,400.05
GR,2003-03-31,413.0226
GR,2003-04-30,416.5
GR,2003-05-31,368.2113
GR,2003-06-30,274.4
GR,2003-07-31,396.9
GR,2003-08-31,394.2919
GR,2003-09-30,405.72
GR,2003-10-31,368.4484
GR,2003-11-30,400.085
GR,2003-12-31,392.6323
GR,2004-01-31,377.4581
GR,2004-02-29,396.3931
GR,2004-03-31,395.9516
GR,2004-04-30,394.695
GR,2004-05-31,409.9403
GR,2004-06-30,363.335
GR,2004-07-31,398.3226
GR,2004-08-31,378.1694
GR,2004-09-30,377.545
GR,2004-10-31,265.5484
GR,2004-11-30,350.35
GR,2004-12-31,385.7565
GR,2005-01-31,385.7565
GR,2005-02-28,381.15
GR,2005-03-31,330.5129
GR,2005-04-30,249.9
GR,2005-05-31,391.6839
GR,2005-06-30,375.34
GR,2005-07-31,391.2097
GR,2005-08-31,385.2823
GR,2005-09-30,418.215
GR,2005-10-31,413.7339
GR,2005-11-30,389.305
GR,2005-12-31,381.7258
GR,2006-01-31,377.4581
GR,2006-02-28,360.9375
GR,2006-03-31,401.6419
GR,2006-04-30,367.255
GR,2006-05-31,383.1484
GR,2006-06-30,412.825
GR,2006-07-31,402.5903
GR,2006-08-31,366.3145
GR,2006-09-30,383.425
GR,2006-10-31,395.2403
GR,2006-11-30,336.385
GR,2006-12-31,369.3968
GR,2007-01-31,381.7258
GR,2007-02-28,375.6375
GR,2007-03-31,339.7597
GR,2007-04-30,408.905
GR,2007-05-31,408.9919
GR,2007-06-30,392.98
GR,2007-07-31,353.7484
GR,2007-08-31,381.0145
GR,2007-09-30,392.0
GR,2007-10-31,387.4161
GR,2007-11-30,410.865
GR,2007-12-31,399.9823
GR,2008-01-31,354.6968
GR,2008-02-29,381.9466
GR,2008-03-31,359.2016
GR,2008-04-30,346.43
GR,2008-05-31,354.9339
GR,2008-06-30,350.84
GR,2008-07-31,372.9532
GR,2008-08-31,379.829
GR,2008-09-30,398.125
GR,2008-10-31,336.2032
GR,2008-11-30,317.03
GR,2008-12-31,375.5613
GR,2009-01-31,390.0242
GR,2009-02-28,370.65
GR,2009-03-31,384.0968
GR,2009-04-30,389.55
GR,2009-05-31,383.6226
GR,2009-06-30,347.9
GR,2009-07-31,359.2016
GR,2009-08-31,348.7694
GR,2009-09-30,260.68
GR,2009-10-31,294.7113
GR,2009-11-30,310.17
GR,2009-12-31,319.1323
GR,2010-01-31,348.7694
GR,2010-02-28,378.2625
GR,2010-03-31,389.3129
GR,2010-04-30,338.345
GR,2010-05-31,405.6726
GR,2010-06-30,453.74
GR,2010-07-31,404.4871
GR,2010-08-31,393.8177
GR,2010-09-30,416.01
GR,2010-10-31,388.6016
GR,2010-11-30,428.995
GR,2010-12-31,384.3339
GR,2011-01-31,309.8855
GR,2011-02-28,366.45
GR,2011-03-31,330.75
GR,2011-04-30,269.99
GR,2011-05-31,324.8226
GR,2011-06-30,322.42
GR,2011-07-31,327.1935
GR,2011-08-31,326.0081
GR,2011-09-30,358.435
GR,2011-10-31,327.4306
GR,2011-11-30,351.82
GR,2011-12-31,385.0452
GR,2012-01-31,386.2306
GR,2012-02-29,367.2466
GR,2012-03-31,407.3323
GR,2012-04-30,408.17
GR,2012-05-31,406.621
GR,2012-06-30,329.035
GR,2012-07-31,386.7048
GR,2012-08-31,432.7016
GR,2012-09-30,446.88
GR,2012-10-31,464.9468
GR,2012-11-30,450.065
GR,2012-12-31,445.979
GR,2013-01-31,388.8387
GR,2013-02-28,348.075
GR,2013-03-31,440.5258
GR,2013-04-30,421.155
GR,2013-05-31,404.4871
GR,2013-06-30,414.785
GR,2013-07-31,421.321
GR,2013-08-31,422.5065
GR,2013-09-30,412.335
GR,2013-10-31,360.8613
GR,2013-11-30,373.135
GR,2013-12-31,394.0548
GR,2014-01-31,391.6839
GR,2014-02-28,375.9
GR,2014-03-31,337.8629
GR,2014-04-30,378.28
GR,2014-05-31,415.6306
GR,2014-06-30,414.785
GR,2014-07-31,416.1048
GR,2014-08-31,418.2387
GR,2014-09-30,467.46
GR,2014-10-31,467.3177
GR,2014-11-30,464.03
GR,2014-12-31,451.4323
GR,2015-01-31,465.421
GR,2015-02-28,465.675
GR,2015-03-31,470.6371
GR,2015-04-30,416.01
GR,2015-05-31,298.5048
GR,2015-06-30,336.14
GR,2015-07-31,423.2177
GR,2015-08-31,444.7935
GR,2015-09-30,484.61
GR,2015-10-31,474.9048
GR,2015-11-30,486.08
GR,2015-12-31,478.4613
GR,2016-01-31,480.5952
GR,2016-02-29,466.5983
GR,2016-03-31,453.0919
GR,2016-04-30,456.435
GR,2016-05-31,451.1952
GR,2016-06-30,411.355
GR,2016-07-31,475.379
GR,2016-08-31,487.9452
GR,2016-09-30,498.82
GR,2016-10-31,488.6565
GR,2016-11-30,434.875
GR,2016-12-31,480.5952
GR,2017-01-31,478.9355
GR,2017-02-28,491.4
GR,2017-03-31,497.429
GR,2017-04-30,509.355
GR,2017-05-31,500.0371
GR,2017-06-30,495.88
GR,2017-07-31,466.8435
GR,2017-08-31,428.4339
GR,2017-09-30,442.47
GR,2017-10-31,487.2339
GR,2017-11-30,504.21
GR,2017-12-31,506.2016
GR,2018-01-31,503.3565
GR,2018-02-28,493.2375
GR,2018-03-31,504.0677
GR,2018-04-30,503.965
GR,2018-05-31,465.6581
GR,2018-06-30,459.13
GR,2018-07-31,501.4597
GR,2018-08-31,512.129
GR,2018-09-30,487.55
GR,2018-10-31,476.5645
GR,2018-11-30,466.48
GR,2018-12-31,504.0677
GR,2019-01-31,477.9871
GR,2019-02-28,474.075
GR,2019-03-31,486.0484
GR,2019-04-30,459.62
GR,2019-05-31,462.3387
GR,2019-06-30,469.42
GR,2019-07-31,501.6968
GR,2019-08-31,495.2952
GR,2019-09-30,486.325
GR,2019-10-31,415.1565
GR,2019-11-30,388.57
GR,2019-12-31,446.9274
GR,2020-01-31,427.4855
GR,2020-02-29,436.9448
GR,2020-03-31,479.8839
GR,2020-04-30,471.625
GR,2020-05-31,458.071
GR,2020-06-30,476.035
GR,2020-07-31,475.1419
GR,2020-08-31,461.6274
GR,2020-09-30,363.825
GR,2020-10-31,361.3355
GR,2020-11-30,459.865
GR,2020-12-31,487.2339
GR,2021-01-31,480.3581
GR,2021-02-28,453.075
GR,2021-03-31,465.6581
GR,2021-04-30,482.895
GR,2021-05-31,467.7919
GR,2021-06-30,470.155
GR,2021-07-31,481.5435
GR,2021-08-31,487.471
GR,2021-09-30,484.12
GR,2021-10-31,491.0274
GR,2021-11-30,481.67
GR,2021-12-31,482.2548
GR,2022-01-31,476.0903
GR,2022-02-28,387.45
GR,2022-03-31,390.0242
GR,2022-04-30,472.36
GR,2022-05-31,468.9774
GR,2022-06-30,472.36
GR,2022-07-31,436.021
GR,2022-08-31,462.1016
GR,2022-09-30,409.395
GR,2022-10-31,425.8258
GR,2022-11-30,435.12
GR,2022-12-31,474.6677
GR,2023-01-31,444.0823
GR,2023-02-28,485.3625
GR,2023-03-31,489.3677
GR,2023-04-30,479.71
GR,2023-05-31,404.7242
GR,2023-06-30,363.335
GR,2023-07-31,430.3306
GR,2023-08-31,514.9742
GR,2023-09-30,492.205
GR,2023-10-31,511.6548
GR,2023-11-30,521.85
GR,2023-12-31,512.3661
GR,2024-01-31,514.0258
GR,2024-02-29,518.8086
GR,2024-03-31,509.521
GR,2024-04-30,525.525
GR,2024-05-31,502.171
GR,2024-06-30,506.905
GR,2024-07-31,517.8194
GR,2024-08-31,517.3452
GR,2024-09-30,450.31
GR,2024-10-31,411.8371
GR,2024-11-30,375.83
GR,2024-12-31,390.4984
GR,2025-01-31,407.8065
GR,2025-02-28,353.325
GR,2025-03-31,
GT,2002-01-31,0.0
GT,2002-02-28,0.0
GT,2002-03-31,0.0
GT,2002-04-30,0.0
GT,2002-05-31,0.0
GT,2002-06-30,0.0
GT,2002-07-31,0.0
GT,2002-08-31,0.0
GT,2002-09-30,0.0
GT,2002-10-31,0.0
GT,2002-11-30,0.0
GT,2002-12-31,0.0
GT,2003-01-31,0.7419
GT,2003-02-28,2.2143
GT,2003-03-31,3.0645
GT,2003-04-30,1.2333
GT,2003-05-31,3.4194
GT,2003-06-30,2.0667
GT,2003-07-31,1.871
GT,2003-08-31,1.3226
GT,2003-09-30,2.0667
GT,2003-10-31,1.6774
GT,2003-11-30,2.2
GT,2003-12-31,1.871
GT,2004-01-31,0.0
GT,2004-02-29,0.0
GT,2004-03-31,0.0
GT,2004-04-30,0.0
GT,2004-05-31,0.0
GT,2004-06-30,0.0
GT,2004-07-31,0.0
GT,2004-08-31,0.0
GT,2004-09-30,0.0
GT,2004-10-31,0.0
GT,2004-11-30,0.0
GT,2004-12-31,0.0
GT,2005-01-31,0.0
GT,2005-02-28,0.0
GT,2005-03-31,0.0
GT,2005-04-30,0.0
GT,2005-05-31,0.0
GT,2005-06-30,0.0
GT,2005-07-31,0.0
GT,2005-08-31,0.0
GT,2005-09-30,0.0
GT,2005-10-31,0.0
GT,2005-11-30,0.0
GT,2005-12-31,0.0
GT,2006-01-31,0.0
GT,2006-02-28,0.0
GT,2006-03-31,0.0
GT,2006-04-30,0.0
GT,2006-05-31,0.0
GT,2006-06-30,0.0
GT,2006-07-31,0.0
GT,2006-08-31,0.0
GT,2006-09-30,0.0
GT,2006-10-31,0.0
GT,2006-11-30,0.0
GT,2006-12-31,0.0
GT,2007-01-31,0.7097
GT,2007-02-28,0.5
GT,2007-03-31,0.6452
GT,2007-04-30,0.8
GT,2007-05-31,0.4839
GT,2007-06-30,0.3667
GT,2007-07-31,0.8065
GT,2007-08-31,0.2903
GT,2007-09-30,0.7667
GT,2007-10-31,0.3226
GT,2007-11-30,0.6
GT,2007-12-31,0.5806
GT,2008-01-31,1.4839
GT,2008-02-29,1.5862
GT,2008-03-31,1.0968
GT,2008-04-30,1.1667
GT,2008-05-31,0.9677
GT,2008-06-30,0.8333
GT,2008-07-31,0.6774
GT,2008-08-31,0.9032
GT,2008-09-30,0.0
GT,2008-10-31,0.6452
GT,2008-11-30,1.3667
GT,2008-12-31,1.3548
GT,2009-01-31,1.3871
GT,2009-02-28,0.0
GT,2009-03-31,0.0
GT,2009-04-30,0.0
GT,2009-05-31,0.0
GT,2009-06-30,0.0
GT,2009-07-31,0.0
GT,2009-08-31,0.0
GT,2009-09-30,0.0
GT,2009-10-31,0.0
GT,2009-11-30,0.0
GT,2009-12-31,0.0
GT,2010-01-31,0.0
GT,2010-02-28,0.0
GT,2010-03-31,0.0
GT,2010-04-30,0.0
GT,2010-05-31,0.0
GT,2010-06-30,1.8333
GT,2010-07-31,1.2581
GT,2010-08-31,0.4194
GT,2010-09-30,1.9
GT,2010-10-31,1.4839
GT,2010-11-30,71.4
GT,2010-12-31,1.7097
GT,2011-01-31,1.5806
GT,2011-02-28,1.3929
GT,2011-03-31,1.7097
GT,2011-04-30,1.1667
GT,2011-05-31,2.4516
GT,2011-06-30,1.5333
GT,2011-07-31,1.4194
GT,2011-08-31,0.0
GT,2011-09-30,0.0
GT,2011-10-31,0.0
GT,2011-11-30,0.0
GT,2011-12-31,0.0
GT,2012-01-31,1.4516
GT,2012-02-29,1.6897
GT,2012-03-31,1.4516
GT,2012-04-30,1.4333
GT,2012-05-31,1.6774
GT,2012-06-30,1.0667
GT,2012-07-31,1.6452
GT,2012-08-31,1.4839
GT,2012-09-30,1.3333
GT,2012-10-31,1.1935
GT,2012-11-30,1.3333
GT,2012-12-31,1.8065
GT,2013-01-31,1.2903
GT,2013-02-28,0.7857
GT,2013-03-31,1.6129
GT,2013-04-30,1.3667
GT,2013-05-31,1.129
GT,2013-06-30,1.4
GT,2013-07-31,1.2903
GT,2013-08-31,1.3871
GT,2013-09-30,1.9333
GT,2013-10-31,1.1935
GT,2013-11-30,1.2333
GT,2013-12-31,1.5484
GT,2014-01-31,1.1935
GT,2014-02-28,1.6429
GT,2014-03-31,1.1613
GT,2014-04-30,1.4
GT,2014-05-31,1.3871
GT,2014-06-30,1.4
GT,2014-07-31,1.4839
GT,2014-08-31,1.7097
GT,2014-09-30,1.2
GT,2014-10-31,1.7419
GT,2014-11-30,1.6333
GT,2014-12-31,1.9355
GT,2015-01-31,1.2903
GT,2015-02-28,1.5
GT,2015-03-31,1.7419
GT,2015-04-30,1.1333
GT,2015-05-31,1.3226
GT,2015-06-30,1.1667
GT,2015-07-31,1.0
GT,2015-08-31,1.4194
GT,2015-09-30,1.1667
GT,2015-10-31,1.2581
GT,2015-11-30,1.0667
GT,2015-12-31,1.1935
GT,2016-01-31,1.0968
GT,2016-02-29,0.9655
GT,2016-03-31,1.0
GT,2016-04-30,0.4333
GT,2016-05-31,1.2903
GT,2016-06-30,0.9667
GT,2016-07-31,1.0
GT,2016-08-31,1.1613
GT,2016-09-30,1.2333
GT,2016-10-31,1.5484
GT,2016-11-30,1.2667
GT,2016-12-31,1.4839
GT,2017-01-31,0.871
GT,2017-02-28,1.2143
GT,2017-03-31,1.6774
GT,2017-04-30,1.4333
GT,2017-05-31,1.4516
GT,2017-06-30,1.3667
GT,2017-07-31,1.4839
GT,2017-08-31,2.0323
GT,2017-09-30,2.0
GT,2017-10-31,2.871
GT,2017-11-30,1.4
GT,2017-12-31,2.871
GT,2018-01-31,2.5806
GT,2018-02-28,2.6429
GT,2018-03-31,1.6129
GT,2018-04-30,2.9667
GT,2018-05-31,2.4839
GT,2018-06-30,2.5333
GT,2018-07-31,3.3226
GT,2018-08-31,2.7742
GT,2018-09-30,3.1
GT,2018-10-31,2.2903
GT,2018-11-30,1.4
GT,2018-12-31,2.871
GT,2019-01-31,2.6452
GT,2019-02-28,3.5
GT,2019-03-31,4.0968
GT,2019-04-30,3.6333
GT,2019-05-31,3.9032
GT,2019-06-30,3.7667
GT,2019-07-31,4.3871
GT,2019-08-31,4.1935
GT,2019-09-30,4.3667
GT,2019-10-31,4.2903
GT,2019-11-30,3.5667
GT,2019-12-31,2.7097
GT,2020-01-31,0.0
GT,2020-02-29,0.0
GT,2020-03-31,0.0
GT,2020-04-30,
GT,2020-05-31,
GT,2020-06-30,
GT,2020-07-31,
GT,2020-08-31,
GT,2020-09-30,
GT,2020-10-31,
GT,2020-11-30,
GT,2020-12-31,
GT,2021-01-31,
GT,2021-02-28,
GT,2021-03-31,
GT,2021-04-30,
GT,2021-05-31,
GT,2021-06-30,
GT,2021-07-31,
GT,2021-08-31,
GT,2021-09-30,
GT,2021-10-31,
GT,2021-11-30,
GT,2021-12-31,
GT,2022-01-31,
GT,2022-02-28,
GT,2022-03-31,
GT,2022-04-30,
GT,2022-05-31,
GT,2022-06-30,
GT,2022-07-31,
GT,2022-08-31,
GT,2022-09-30,
GT,2022-10-31,
GT,2022-11-30,
GT,2022-12-31,
GT,2023-01-31,3.6129
GT,2023-02-28,3.5714
GT,2023-03-31,3.6129
GT,2023-04-30,3.2
GT,2023-05-31,3.6774
GT,2023-06-30,3.4667
GT,2023-07-31,3.3226
GT,2023-08-31,3.8387
GT,2023-09-30,3.3
GT,2023-10-31,0.5484
GT,2023-11-30,3.2
GT,2023-12-31,2.5806
GT,2024-01-31,2.9355
GT,2024-02-29,2.7586
GT,2024-03-31,2.8065
GT,2024-04-30,2.5667
GT,2024-05-31,2.7419
GT,2024-06-30,2.4
GT,2024-07-31,2.6774
GT,2024-08-31,2.7097
GT,2024-09-30,2.6
GT,2024-10-31,2.871
GT,2024-11-30,2.5667
GT,2024-12-31,2.9032
GT,2025-01-31,
GY,2002-01-31,0.0
GY,2002-02-28,0.0
GY,2002-03-31,0.0
GY,2002-04-30,0.0
GY,2002-05-31,0.0
GY,2002-06-30,0.0
GY,2002-07-31,0.0
GY,2002-08-31,0.0
GY,2002-09-30,0.0
GY,2002-10-31,0.0
GY,2002-11-30,0.0
GY,2002-12-31,0.0
GY,2003-01-31,0.0
GY,2003-02-28,0.0
GY,2003-03-31,0.0
GY,2003-04-30,0.0
GY,2003-05-31,0.0
GY,2003-06-30,0.0
GY,2003-07-31,0.0
GY,2003-08-31,0.0
GY,2003-09-30,0.0
GY,2003-10-31,0.0
GY,2003-11-30,0.0
GY,2003-12-31,0.0
GY,2004-01-31,0.0
GY,2004-02-29,0.0
GY,2004-03-31,0.0
GY,2004-04-30,0.0
GY,2004-05-31,0.0
GY,2004-06-30,0.0
GY,2004-07-31,0.0
GY,2004-08-31,0.0
GY,2004-09-30,0.0
GY,2004-10-31,0.0
GY,2004-11-30,0.0
GY,2004-12-31,0.0
GY,2005-01-31,0.0
GY,2005-02-28,0.0
GY,2005-03-31,0.0
GY,2005-04-30,0.0
GY,2005-05-31,0.0
GY,2005-06-30,0.0
GY,2005-07-31,0.0
GY,2005-08-31,0.0
GY,2005-09-30,0.0
GY,2005-10-31,0.0
GY,2005-11-30,0.0
GY,2005-12-31,0.0
GY,2006-01-31,0.0
GY,2006-02-28,0.0
GY,2006-03-31,0.0
GY,2006-04-30,0.0
GY,2006-05-31,0.0
GY,2006-06-30,0.0
GY,2006-07-31,0.0
GY,2006-08-31,0.0
GY,2006-09-30,0.0
GY,2006-10-31,0.0
GY,2006-11-30,0.0
GY,2006-12-31,0.0
GY,2007-01-31,0.0
GY,2007-02-28,0.0
GY,2007-03-31,0.0
GY,2007-04-30,0.0
GY,2007-05-31,0.0
GY,2007-06-30,0.0
GY,2007-07-31,0.0
GY,2007-08-31,0.0
GY,2007-09-30,0.0
GY,2007-10-31,0.0
GY,2007-11-30,0.0
GY,2007-12-31,0.0
GY,2008-01-31,0.0
GY,2008-02-29,0.0
GY,2008-03-31,0.0
GY,2008-04-30,0.0
GY,2008-05-31,0.0
GY,2008-06-30,0.0
GY,2008-07-31,0.0
GY,2008-08-31,0.0
GY,2008-09-30,0.0
GY,2008-10-31,0.0
GY,2008-11-30,0.0
GY,2008-12-31,0.0
GY,2009-01-31,0.0
GY,2009-02-28,0.0
GY,2009-03-31,0.0
GY,2009-04-30,0.0
GY,2009-05-31,0.0
GY,2009-06-30,0.0
GY,2009-07-31,0.0
GY,2009-08-31,0.0
GY,2009-09-30,0.0
GY,2009-10-31,0.0
GY,2009-11-30,0.0
GY,2009-12-31,0.0
GY,2010-01-31,0.0
GY,2010-02-28,0.0
GY,2010-03-31,0.0
GY,2010-04-30,0.0
GY,2010-05-31,0.0
GY,2010-06-30,0.0
GY,2010-07-31,0.0
GY,2010-08-31,0.0
GY,2010-09-30,0.0
GY,2010-10-31,0.0
GY,2010-11-30,0.0
GY,2010-12-31,0.0
GY,2011-01-31,0.0
GY,2011-02-28,0.0
GY,2011-03-31,0.0
GY,2011-04-30,0.0
GY,2011-05-31,0.0
GY,2011-06-30,0.0
GY,2011-07-31,0.0
GY,2011-08-31,0.0
GY,2011-09-30,0.0
GY,2011-10-31,0.0
GY,2011-11-30,0.0
GY,2011-12-31,0.0
GY,2012-01-31,0.0
GY,2012-02-29,0.0
GY,2012-03-31,0.0
GY,2012-04-30,0.0
GY,2012-05-31,0.0
GY,2012-06-30,0.0
GY,2012-07-31,0.0
GY,2012-08-31,0.0
GY,2012-09-30,0.0
GY,2012-10-31,0.0
GY,2012-11-30,0.0
GY,2012-12-31,0.0
GY,2013-01-31,0.0
GY,2013-02-28,0.0
GY,2013-03-31,0.0
GY,2013-04-30,0.0
GY,2013-05-31,0.0
GY,2013-06-30,0.0
GY,2013-07-31,0.0
GY,2013-08-31,0.0
GY,2013-09-30,0.0
GY,2013-10-31,0.0
GY,2013-11-30,0.0
GY,2013-12-31,0.0
GY,2014-01-31,0.0
GY,2014-02-28,0.0
GY,2014-03-31,0.0
GY,2014-04-30,0.0
GY,2014-05-31,0.0
GY,2014-06-30,0.0
GY,2014-07-31,0.0
GY,2014-08-31,0.0
GY,2014-09-30,0.0
GY,2014-10-31,0.0
GY,2014-11-30,0.0
GY,2014-12-31,0.0
GY,2015-01-31,0.0
GY,2015-02-28,0.0
GY,2015-03-31,0.0
GY,2015-04-30,0.0
GY,2015-05-31,0.0
GY,2015-06-30,0.0
GY,2015-07-31,0.0
GY,2015-08-31,0.0
GY,2015-09-30,0.0
GY,2015-10-31,0.0
GY,2015-11-30,0.0
GY,2015-12-31,0.0
GY,2016-01-31,0.0
GY,2016-02-29,0.0
GY,2016-03-31,0.0
GY,2016-04-30,0.0
GY,2016-05-31,0.0
GY,2016-06-30,0.0
GY,2016-07-31,0.0
GY,2016-08-31,
GY,2016-09-30,
GY,2016-10-31,
GY,2016-11-30,
GY,2016-12-31,
GY,2017-01-31,
GY,2017-02-28,
GY,2017-03-31,
GY,2017-04-30,
GY,2017-05-31,
GY,2017-06-30,
GY,2017-07-31,
GY,2017-08-31,
GY,2017-09-30,
GY,2017-10-31,
GY,2017-11-30,
GY,2017-12-31,
GY,2018-01-31,
GY,2018-02-28,
GY,2018-03-31,
GY,2018-04-30,
GY,2018-05-31,
GY,2018-06-30,
GY,2018-07-31,
GY,2018-08-31,
GY,2018-09-30,
GY,2018-10-31,
GY,2018-11-30,
GY,2018-12-31,
GY,2019-01-31,
GY,2019-02-28,
GY,2019-03-31,
GY,2019-04-30,
GY,2019-05-31,
GY,2019-06-30,
GY,2019-07-31,
GY,2019-08-31,
GY,2019-09-30,
GY,2019-10-31,
GY,2019-11-30,
GY,2019-12-31,
GY,2020-01-31,
GY,2020-02-29,
GY,2020-03-31,
GY,2020-04-30,
GY,2020-05-31,
GY,2020-06-30,
GY,2020-07-31,
GY,2020-08-31,
GY,2020-09-30,
GY,2020-10-31,
GY,2020-11-30,
GY,2020-12-31,
GY,2021-01-31,
GY,2021-02-28,
GY,2021-03-31,
GY,2021-04-30,
GY,2021-05-31,
GY,2021-06-30,
GY,2021-07-31,
GY,2021-08-31,
GY,2021-09-30,
GY,2021-10-31,
GY,2021-11-30,
GY,2021-12-31,
GY,2022-01-31,
GY,2022-02-28,
GY,2022-03-31,
GY,2022-04-30,
GY,2022-05-31,
GY,2022-06-30,
GY,2022-07-31,
GY,2022-08-31,
GY,2022-09-30,
GY,2022-10-31,
GY,2022-11-30,
GY,2022-12-31,
GY,2023-01-31,
GY,2023-02-28,
GY,2023-03-31,
GY,2023-04-30,
GY,2023-05-31,
GY,2023-06-30,
GY,2023-07-31,
GY,2023-08-31,
GY,2023-09-30,
GY,2023-10-31,
GY,2023-11-30,
GY,2023-12-31,
GY,2024-01-31,
GY,2024-02-29,
GY,2024-03-31,
GY,2024-04-30,
GY,2024-05-31,
GY,2024-06-30,
GY,2024-07-31,
GY,2024-08-31,
GY,2024-09-30,
GY,2024-10-31,
GY,2024-11-30,
GY,2024-12-31,
GY,2025-01-31,
HK,2002-01-31,0.0
HK,2002-02-28,0.0
HK,2002-03-31,0.0
HK,2002-04-30,0.0
HK,2002-05-31,0.0
HK,2002-06-30,0.0
HK,2002-07-31,0.0
HK,2002-08-31,0.0
HK,2002-09-30,0.0
HK,2002-10-31,0.0
HK,2002-11-30,0.0
HK,2002-12-31,0.0
HK,2003-01-31,0.0
HK,2003-02-28,0.0
HK,2003-03-31,0.0
HK,2003-04-30,0.0
HK,2003-05-31,0.0
HK,2003-06-30,0.0
HK,2003-07-31,0.0
HK,2003-08-31,0.0
HK,2003-09-30,0.0
HK,2003-10-31,0.0
HK,2003-11-30,0.0
HK,2003-12-31,0.0
HK,2004-01-31,0.0
HK,2004-02-29,0.0
HK,2004-03-31,0.0
HK,2004-04-30,0.0
HK,2004-05-31,0.0
HK,2004-06-30,0.0
HK,2004-07-31,0.0
HK,2004-08-31,0.0
HK,2004-09-30,0.0
HK,2004-10-31,0.0
HK,2004-11-30,0.0
HK,2004-12-31,0.0
HK,2005-01-31,0.0
HK,2005-02-28,0.0
HK,2005-03-31,0.0
HK,2005-04-30,0.0
HK,2005-05-31,0.0
HK,2005-06-30,
HK,2005-07-31,
HK,2005-08-31,
HK,2005-09-30,
HK,2005-10-31,
HK,2005-11-30,
HK,2005-12-31,
HK,2006-01-31,
HK,2006-02-28,
HK,2006-03-31,
HK,2006-04-30,
HK,2006-05-31,
HK,2006-06-30,
HK,2006-07-31,
HK,2006-08-31,
HK,2006-09-30,
HK,2006-10-31,
HK,2006-11-30,
HK,2006-12-31,
HK,2007-01-31,
HK,2007-02-28,
HK,2007-03-31,
HK,2007-04-30,
HK,2007-05-31,
HK,2007-06-30,
HK,2007-07-31,
HK,2007-08-31,
HK,2007-09-30,
HK,2007-10-31,
HK,2007-11-30,
HK,2007-12-31,
HK,2008-01-31,
HK,2008-02-29,
HK,2008-03-31,
HK,2008-04-30,
HK,2008-05-31,
HK,2008-06-30,
HK,2008-07-31,
HK,2008-08-31,
HK,2008-09-30,
HK,2008-10-31,
HK,2008-11-30,
HK,2008-12-31,
HK,2009-01-31,
HK,2009-02-28,
HK,2009-03-31,
HK,2009-04-30,
HK,2009-05-31,
HK,2009-06-30,
HK,2009-07-31,
HK,2009-08-31,
HK,2009-09-30,
HK,2009-10-31,
HK,2009-11-30,
HK,2009-12-31,
HK,2010-01-31,
HK,2010-02-28,
HK,2010-03-31,
HK,2010-04-30,
HK,2010-05-31,
HK,2010-06-30,
HK,2010-07-31,
HK,2010-08-31,
HK,2010-09-30,
HK,2010-10-31,
HK,2010-11-30,
HK,2010-12-31,
HK,2011-01-31,
HK,2011-02-28,
HK,2011-03-31,
HK,2011-04-30,
HK,2011-05-31,
HK,2011-06-30,
HK,2011-07-31,
HK,2011-08-31,
HK,2011-09-30,
HK,2011-10-31,
HK,2011-11-30,
HK,2011-12-31,
HK,2012-01-31,
HK,2012-02-29,
HK,2012-03-31,
HK,2012-04-30,
HK,2012-05-31,
HK,2012-06-30,
HK,2012-07-31,
HK,2012-08-31,
HK,2012-09-30,
HK,2012-10-31,
HK,2012-11-30,
HK,2012-12-31,
HK,2013-01-31,
HK,2013-02-28,
HK,2013-03-31,
HK,2013-04-30,
HK,2013-05-31,
HK,2013-06-30,
HK,2013-07-31,
HK,2013-08-31,
HK,2013-09-30,
HK,2013-10-31,
HK,2013-11-30,
HK,2013-12-31,
HK,2014-01-31,
HK,2014-02-28,
HK,2014-03-31,
HK,2014-04-30,
HK,2014-05-31,
HK,2014-06-30,
HK,2014-07-31,
HK,2014-08-31,
HK,2014-09-30,
HK,2014-10-31,
HK,2014-11-30,
HK,2014-12-31,
HK,2015-01-31,
HK,2015-02-28,
HK,2015-03-31,
HK,2015-04-30,
HK,2015-05-31,
HK,2015-06-30,
HK,2015-07-31,
HK,2015-08-31,
HK,2015-09-30,
HK,2015-10-31,
HK,2015-11-30,
HK,2015-12-31,
HK,2016-01-31,
HK,2016-02-29,
HK,2016-03-31,
HK,2016-04-30,
HK,2016-05-31,
HK,2016-06-30,
HK,2016-07-31,
HK,2016-08-31,
HK,2016-09-30,
HK,2016-10-31,
HK,2016-11-30,
HK,2016-12-31,
HK,2017-01-31,
HK,2017-02-28,
HK,2017-03-31,
HK,2017-04-30,
HK,2017-05-31,
HK,2017-06-30,
HK,2017-07-31,
HK,2017-08-31,
HK,2017-09-30,
HK,2017-10-31,
HK,2017-11-30,
HK,2017-12-31,
HK,2018-01-31,
HK,2018-02-28,
HK,2018-03-31,
HK,2018-04-30,
HK,2018-05-31,
HK,2018-06-30,
HK,2018-07-31,
HK,2018-08-31,
HK,2018-09-30,
HK,2018-10-31,
HK,2018-11-30,
HK,2018-12-31,
HK,2019-01-31,
HK,2019-02-28,
HK,2019-03-31,
HK,2019-04-30,
HK,2019-05-31,
HK,2019-06-30,
HK,2019-07-31,
HK,2019-08-31,
HK,2019-09-30,
HK,2019-10-31,
HK,2019-11-30,
HK,2019-12-31,
HK,2020-01-31,
HK,2020-02-29,
HK,2020-03-31,
HK,2020-04-30,
HK,2020-05-31,
HK,2020-06-30,
HK,2020-07-31,
HK,2020-08-31,
HK,2020-09-30,
HK,2020-10-31,
HK,2020-11-30,
HK,2020-12-31,
HK,2021-01-31,
HK,2021-02-28,
HK,2021-03-31,
HK,2021-04-30,
HK,2021-05-31,
HK,2021-06-30,
HK,2021-07-31,
HK,2021-08-31,
HK,2021-09-30,
HK,2021-10-31,
HK,2021-11-30,
HK,2021-12-31,
HK,2022-01-31,
HK,2022-02-28,
HK,2022-03-31,
HK,2022-04-30,
HK,2022-05-31,
HK,2022-06-30,
HK,2022-07-31,
HK,2022-08-31,
HK,2022-09-30,
HK,2022-10-31,
HK,2022-11-30,
HK,2022-12-31,
HK,2023-01-31,
HK,2023-02-28,
HK,2023-03-31,
HK,2023-04-30,
HK,2023-05-31,
HK,2023-06-30,
HK,2023-07-31,
HK,2023-08-31,
HK,2023-09-30,
HK,2023-10-31,
HK,2023-11-30,
HK,2023-12-31,
HK,2024-01-31,
HK,2024-02-29,
HK,2024-03-31,
HK,2024-04-30,
HK,2024-05-31,
HK,2024-06-30,
HK,2024-07-31,
HK,2024-08-31,
HK,2024-09-30,
HK,2024-10-31,
HK,2024-11-30,
HK,2024-12-31,
HK,2025-01-31,
HK,2025-02-28,
HK,2025-03-31,
HN,2002-01-31,0.0
HN,2002-02-28,0.0
HN,2002-03-31,0.0
HN,2002-04-30,0.0
HN,2002-05-31,0.0
HN,2002-06-30,0.0
HN,2002-07-31,0.0
HN,2002-08-31,0.0
HN,2002-09-30,0.0
HN,2002-10-31,0.0
HN,2002-11-30,0.0
HN,2002-12-31,0.0
HN,2003-01-31,0.0
HN,2003-02-28,0.0
HN,2003-03-31,0.0
HN,2003-04-30,0.0
HN,2003-05-31,0.0
HN,2003-06-30,0.0
HN,2003-07-31,0.0
HN,2003-08-31,0.0
HN,2003-09-30,0.0
HN,2003-10-31,0.0
HN,2003-11-30,0.0
HN,2003-12-31,0.0
HN,2004-01-31,0.0
HN,2004-02-29,0.0
HN,2004-03-31,0.0
HN,2004-04-30,0.0
HN,2004-05-31,0.0
HN,2004-06-30,0.0
HN,2004-07-31,0.0
HN,2004-08-31,0.0
HN,2004-09-30,0.0
HN,2004-10-31,0.0
HN,2004-11-30,0.0
HN,2004-12-31,0.0
HN,2005-01-31,0.0
HN,2005-02-28,0.0
HN,2005-03-31,0.0
HN,2005-04-30,0.0
HN,2005-05-31,0.0
HN,2005-06-30,0.0
HN,2005-07-31,0.0
HN,2005-08-31,0.0
HN,2005-09-30,0.0
HN,2005-10-31,0.0
HN,2005-11-30,0.0
HN,2005-12-31,0.0
HN,2006-01-31,0.0
HN,2006-02-28,0.0
HN,2006-03-31,0.0
HN,2006-04-30,0.0
HN,2006-05-31,0.0
HN,2006-06-30,0.0
HN,2006-07-31,0.0
HN,2006-08-31,0.0
HN,2006-09-30,0.0
HN,2006-10-31,0.0
HN,2006-11-30,0.0
HN,2006-12-31,0.0
HN,2007-01-31,0.0
HN,2007-02-28,0.0
HN,2007-03-31,0.0
HN,2007-04-30,0.0
HN,2007-05-31,0.0
HN,2007-06-30,0.0
HN,2007-07-31,0.0
HN,2007-08-31,0.0
HN,2007-09-30,0.0
HN,2007-10-31,0.0
HN,2007-11-30,0.0
HN,2007-12-31,0.0
HN,2008-01-31,0.0
HN,2008-02-29,0.0
HN,2008-03-31,0.0
HN,2008-04-30,0.0
HN,2008-05-31,0.0
HN,2008-06-30,0.0
HN,2008-07-31,0.0
HN,2008-08-31,0.0
HN,2008-09-30,0.0
HN,2008-10-31,0.0
HN,2008-11-30,0.0
HN,2008-12-31,0.0
HN,2009-01-31,0.0
HN,2009-02-28,0.0
HN,2009-03-31,0.0
HN,2009-04-30,0.0
HN,2009-05-31,0.0
HN,2009-06-30,0.0
HN,2009-07-31,0.0
HN,2009-08-31,0.0
HN,2009-09-30,0.0
HN,2009-10-31,0.0
HN,2009-11-30,0.0
HN,2009-12-31,0.0
HN,2010-01-31,0.0
HN,2010-02-28,0.0
HN,2010-03-31,0.0
HN,2010-04-30,0.0
HN,2010-05-31,0.0
HN,2010-06-30,0.0
HN,2010-07-31,0.0
HN,2010-08-31,0.0
HN,2010-09-30,0.0
HN,2010-10-31,0.0
HN,2010-11-30,0.0
HN,2010-12-31,0.0
HN,2011-01-31,0.0
HN,2011-02-28,0.0
HN,2011-03-31,0.0
HN,2011-04-30,0.0
HN,2011-05-31,0.0
HN,2011-06-30,0.0
HN,2011-07-31,0.0
HN,2011-08-31,0.0
HN,2011-09-30,0.0
HN,2011-10-31,0.0
HN,2011-11-30,0.0
HN,2011-12-31,0.0
HN,2012-01-31,0.0
HN,2012-02-29,0.0
HN,2012-03-31,0.0
HN,2012-04-30,0.0
HN,2012-05-31,0.0
HN,2012-06-30,0.0
HN,2012-07-31,0.0
HN,2012-08-31,0.0
HN,2012-09-30,0.0
HN,2012-10-31,0.0
HN,2012-11-30,0.0
HN,2012-12-31,0.0
HN,2013-01-31,0.0
HN,2013-02-28,0.0
HN,2013-03-31,0.0
HN,2013-04-30,0.0
HN,2013-05-31,0.0
HN,2013-06-30,0.0
HN,2013-07-31,0.0
HN,2013-08-31,0.0
HN,2013-09-30,0.0
HN,2013-10-31,0.0
HN,2013-11-30,0.0
HN,2013-12-31,0.0
HN,2014-01-31,0.0
HN,2014-02-28,0.0
HN,2014-03-31,0.0
HN,2014-04-30,0.0
HN,2014-05-31,0.0
HN,2014-06-30,0.0
HN,2014-07-31,0.0
HN,2014-08-31,0.0
HN,2014-09-30,0.0
HN,2014-10-31,0.0
HN,2014-11-30,0.0
HN,2014-12-31,0.0
HN,2015-01-31,0.0
HN,2015-02-28,0.0
HN,2015-03-31,0.0
HN,2015-04-30,0.0
HN,2015-05-31,0.0
HN,2015-06-30,0.0
HN,2015-07-31,0.0
HN,2015-08-31,0.0
HN,2015-09-30,0.0
HN,2015-10-31,0.0
HN,2015-11-30,0.0
HN,2015-12-31,0.0
HN,2016-01-31,0.0
HN,2016-02-29,0.0
HN,2016-03-31,0.0
HN,2016-04-30,0.0
HN,2016-05-31,0.0
HN,2016-06-30,0.0
HN,2016-07-31,0.0
HN,2016-08-31,
HN,2016-09-30,
HN,2016-10-31,
HN,2016-11-30,
HN,2016-12-31,
HN,2017-01-31,
HN,2017-02-28,
HN,2017-03-31,
HN,2017-04-30,
HN,2017-05-31,
HN,2017-06-30,
HN,2017-07-31,
HN,2017-08-31,
HN,2017-09-30,
HN,2017-10-31,
HN,2017-11-30,
HN,2017-12-31,
HN,2018-01-31,
HN,2018-02-28,
HN,2018-03-31,
HN,2018-04-30,
HN,2018-05-31,
HN,2018-06-30,
HN,2018-07-31,
HN,2018-08-31,
HN,2018-09-30,
HN,2018-10-31,
HN,2018-11-30,
HN,2018-12-31,
HN,2019-01-31,
HN,2019-02-28,
HN,2019-03-31,
HN,2019-04-30,
HN,2019-05-31,
HN,2019-06-30,
HN,2019-07-31,
HN,2019-08-31,
HN,2019-09-30,
HN,2019-10-31,
HN,2019-11-30,
HN,2019-12-31,
HN,2020-01-31,
HN,2020-02-29,
HN,2020-03-31,
HN,2020-04-30,
HN,2020-05-31,
HN,2020-06-30,
HN,2020-07-31,
HN,2020-08-31,
HN,2020-09-30,
HN,2020-10-31,
HN,2020-11-30,
HN,2020-12-31,
HN,2021-01-31,
HN,2021-02-28,
HN,2021-03-31,
HN,2021-04-30,
HN,2021-05-31,
HN,2021-06-30,
HN,2021-07-31,
HN,2021-08-31,
HN,2021-09-30,
HN,2021-10-31,
HN,2021-11-30,
HN,2021-12-31,
HN,2022-01-31,
HN,2022-02-28,
HN,2022-03-31,
HN,2022-04-30,
HN,2022-05-31,
HN,2022-06-30,
HN,2022-07-31,
HN,2022-08-31,
HN,2022-09-30,
HN,2022-10-31,
HN,2022-11-30,
HN,2022-12-31,
HN,2023-01-31,
HN,2023-02-28,
HN,2023-03-31,
HN,2023-04-30,
HN,2023-05-31,
HN,2023-06-30,
HN,2023-07-31,
HN,2023-08-31,
HN,2023-09-30,
HN,2023-10-31,
HN,2023-11-30,
HN,2023-12-31,
HN,2024-01-31,
HN,2024-02-29,
HN,2024-03-31,
HN,2024-04-30,
HN,2024-05-31,
HN,2024-06-30,
HN,2024-07-31,
HN,2024-08-31,
HN,2024-09-30,
HN,2024-10-31,
HN,2024-11-30,
HN,2024-12-31,
HN,2025-01-31,
HR,2002-01-31,
HR,2002-02-28,
HR,2002-03-31,
HR,2002-04-30,
HR,2002-05-31,
HR,2002-06-30,
HR,2002-07-31,
HR,2002-08-31,
HR,2002-09-30,
HR,2002-10-31,
HR,2002-11-30,
HR,2002-12-31,
HR,2003-01-31,
HR,2003-02-28,
HR,2003-03-31,
HR,2003-04-30,
HR,2003-05-31,
HR,2003-06-30,
HR,2003-07-31,
HR,2003-08-31,
HR,2003-09-30,
HR,2003-10-31,
HR,2003-11-30,
HR,2003-12-31,
HR,2004-01-31,
HR,2004-02-29,
HR,2004-03-31,
HR,2004-04-30,
HR,2004-05-31,
HR,2004-06-30,
HR,2004-07-31,
HR,2004-08-31,
HR,2004-09-30,
HR,2004-10-31,
HR,2004-11-30,
HR,2004-12-31,
HR,2005-01-31,98.3483
HR,2005-02-28,103.3221
HR,2005-03-31,110.7914
HR,2005-04-30,86.2961
HR,2005-05-31,84.9481
HR,2005-06-30,100.3903
HR,2005-07-31,99.0662
HR,2005-08-31,103.3734
HR,2005-09-30,106.8192
HR,2005-10-31,103.3734
HR,2005-11-30,109.0446
HR,2005-12-31,105.2877
HR,2006-01-31,99.5448
HR,2006-02-28,103.852
HR,2006-03-31,95.7161
HR,2006-04-30,78.6308
HR,2006-05-31,53.8403
HR,2006-06-30,66.5147
HR,2006-07-31,110.0735
HR,2006-08-31,109.595
HR,2006-09-30,114.2372
HR,2006-10-31,75.6157
HR,2006-11-30,118.688
HR,2006-12-31,113.6629
HR,2007-01-31,104.3306
HR,2007-02-28,101.9975
HR,2007-03-31,100.7412
HR,2007-04-30,99.1539
HR,2007-05-31,87.8195
HR,2007-06-30,82.5871
HR,2007-07-31,113.1843
HR,2007-08-31,106.9628
HR,2007-09-30,114.2372
HR,2007-10-31,114.1415
HR,2007-11-30,105.5829
HR,2007-12-31,102.8948
HR,2008-01-31,104.5699
HR,2008-02-29,94.1319
HR,2008-03-31,75.3765
HR,2008-04-30,67.7511
HR,2008-05-31,99.3055
HR,2008-06-30,98.1649
HR,2008-07-31,106.4842
HR,2008-08-31,95.9554
HR,2008-09-30,81.1035
HR,2008-10-31,75.1372
HR,2008-11-30,58.1077
HR,2008-12-31,98.109
HR,2009-01-31,104.3306
HR,2009-02-28,87.1615
HR,2009-03-31,95.2375
HR,2009-04-30,106.0774
HR,2009-05-31,96.434
HR,2009-06-30,91.9832
HR,2009-07-31,103.852
HR,2009-08-31,98.3483
HR,2009-09-30,98.1649
HR,2009-10-31,95.4768
HR,2009-11-30,72.4491
HR,2009-12-31,96.6733
HR,2010-01-31,67.2406
HR,2010-02-28,88.4861
HR,2010-03-31,64.6084
HR,2010-04-30,51.1842
HR,2010-05-31,66.2834
HR,2010-06-30,106.5719
HR,2010-07-31,104.8092
HR,2010-08-31,114.6201
HR,2010-09-30,102.6157
HR,2010-10-31,91.1696
HR,2010-11-30,73.9327
HR,2010-12-31,75.6157
HR,2011-01-31,73.9407
HR,2011-02-28,71.0009
HR,2011-03-31,89.4946
HR,2011-04-30,80.1144
HR,2011-05-31,75.1372
HR,2011-06-30,73.9327
HR,2011-07-31,55.7546
HR,2011-08-31,63.4119
HR,2011-09-30,44.7553
HR,2011-10-31,66.2834
HR,2011-11-30,44.7553
HR,2011-12-31,51.926
HR,2012-01-31,50.7295
HR,2012-02-29,59.0882
HR,2012-03-31,54.7975
HR,2012-04-30,56.3768
HR,2012-05-31,61.9762
HR,2012-06-30,62.8057
HR,2012-07-31,96.434
HR,2012-08-31,85.9052
HR,2012-09-30,45.9916
HR,2012-10-31,50.7295
HR,2012-11-30,42.7771
HR,2012-12-31,50.251
HR,2013-01-31,51.6867
HR,2013-02-28,65.7023
HR,2013-03-31,61.4976
HR,2013-04-30,58.6022
HR,2013-05-31,65.8048
HR,2013-06-30,60.5803
HR,2013-07-31,65.8048
HR,2013-08-31,83.0337
HR,2013-09-30,64.0421
HR,2013-10-31,25.8434
HR,2013-11-30,26.9521
HR,2013-12-31,69.3942
HR,2014-01-31,44.9866
HR,2014-02-28,46.0976
HR,2014-03-31,21.7754
HR,2014-04-30,57.8604
HR,2014-05-31,62.9334
HR,2014-06-30,55.8823
HR,2014-07-31,75.855
HR,2014-08-31,57.669
HR,2014-09-30,214.8747
HR,2014-10-31,58.3868
HR,2014-11-30,24.4794
HR,2014-12-31,24.6469
HR,2015-01-31,28.4755
HR,2015-02-28,11.9218
HR,2015-03-31,44.7473
HR,2015-04-30,68.7401
HR,2015-05-31,71.7871
HR,2015-06-30,67.9983
HR,2015-07-31,61.2583
HR,2015-08-31,85.4266
HR,2015-09-30,86.2961
HR,2015-10-31,60.3012
HR,2015-11-30,47.4752
HR,2015-12-31,34.4578
HR,2016-01-31,11.4859
HR,2016-02-29,2.5579
HR,2016-03-31,51.6867
HR,2016-04-30,79.3726
HR,2016-05-31,58.6261
HR,2016-06-30,58.1077
HR,2016-07-31,94.0411
HR,2016-08-31,81.3587
HR,2016-09-30,65.0311
HR,2016-10-31,63.4119
HR,2016-11-30,92.9723
HR,2016-12-31,112.2272
HR,2017-01-31,32.3042
HR,2017-02-28,15.1009
HR,2017-03-31,69.6335
HR,2017-04-30,62.3112
HR,2017-05-31,99.5448
HR,2017-06-30,80.6089
HR,2017-07-31,78.7265
HR,2017-08-31,72.2657
HR,2017-09-30,70.471
HR,2017-10-31,99.7841
HR,2017-11-30,90.4996
HR,2017-12-31,94.5197
HR,2018-01-31,67.4799
HR,2018-02-28,12.4516
HR,2018-03-31,18.1861
HR,2018-04-30,90.7469
HR,2018-05-31,97.8697
HR,2018-06-30,85.307
HR,2018-07-31,76.3336
HR,2018-08-31,76.8122
HR,2018-09-30,102.3684
HR,2018-10-31,100.7412
HR,2018-11-30,89.2633
HR,2018-12-31,73.4621
HR,2019-01-31,3.1108
HR,2019-02-28,15.8957
HR,2019-03-31,22.0147
HR,2019-04-30,4.6981
HR,2019-05-31,37.5686
HR,2019-06-30,80.8562
HR,2019-07-31,92.6054
HR,2019-08-31,92.8446
HR,2019-09-30,66.5147
HR,2019-10-31,79.2051
HR,2019-11-30,80.8562
HR,2019-12-31,66.762
HR,2020-01-31,4.5465
HR,2020-02-29,2.5579
HR,2020-03-31,53.8403
HR,2020-04-30,62.3112
HR,2020-05-31,51.926
HR,2020-06-30,57.1186
HR,2020-07-31,57.669
HR,2020-08-31,55.0368
HR,2020-09-30,51.6787
HR,2020-10-31,52.1653
HR,2020-11-30,20.5231
HR,2020-12-31,7.1787
HR,2021-01-31,0.4786
HR,2021-02-28,0.7948
HR,2021-03-31,43.0723
HR,2021-04-30,48.9588
HR,2021-05-31,60.0619
HR,2021-06-30,55.1405
HR,2021-07-31,59.8226
HR,2021-08-31,59.1047
HR,2021-09-30,54.3987
HR,2021-10-31,54.0796
HR,2021-11-30,5.4399
HR,2021-12-31,7.1787
HR,2022-01-31,0.7179
HR,2022-02-28,0.5299
HR,2022-03-31,0.4786
HR,2022-04-30,32.3919
HR,2022-05-31,57.669
HR,2022-06-30,66.762
HR,2022-07-31,62.4548
HR,2022-08-31,67.0013
HR,2022-09-30,53.1623
HR,2022-10-31,55.2761
HR,2022-11-30,4.6981
HR,2022-12-31,4.5465
HR,2023-01-31,0.2393
HR,2023-02-28,1.0597
HR,2023-03-31,3.5894
HR,2023-04-30,0.4945
HR,2023-05-31,47.1402
HR,2023-06-30,55.8823
HR,2023-07-31,61.9762
HR,2023-08-31,68.1977
HR,2023-09-30,54.6459
HR,2023-10-31,49.5331
HR,2023-11-30,45.4971
HR,2023-12-31,6.4608
HR,2024-01-31,2.6322
HR,2024-02-29,3.5811
HR,2024-03-31,0.7179
HR,2024-04-30,5.1926
HR,2024-05-31,39.2436
HR,2024-06-30,50.4424
HR,2024-07-31,68.1977
HR,2024-08-31,61.9762
HR,2024-09-30,62.8057
HR,2024-10-31,55.2761
HR,2024-11-30,56.8713
HR,2024-12-31,60.5405
HR,2025-01-31,64.8477
HR,2025-02-28,61.1985
HR,2025-03-31,
HT,2002-01-31,0.0
HT,2002-02-28,0.0
HT,2002-03-31,0.0
HT,2002-04-30,0.0
HT,2002-05-31,0.0
HT,2002-06-30,0.0
HT,2002-07-31,0.0
HT,2002-08-31,0.0
HT,2002-09-30,0.0
HT,2002-10-31,0.0
HT,2002-11-30,0.0
HT,2002-12-31,0.0
HT,2003-01-31,0.0
HT,2003-02-28,0.0
HT,2003-03-31,0.0
HT,2003-04-30,0.0
HT,2003-05-31,0.0
HT,2003-06-30,0.0
HT,2003-07-31,0.0
HT,2003-08-31,0.0
HT,2003-09-30,0.0
HT,2003-10-31,0.0
HT,2003-11-30,0.0
HT,2003-12-31,0.0
HT,2004-01-31,0.0
HT,2004-02-29,0.0
HT,2004-03-31,0.0
HT,2004-04-30,0.0
HT,2004-05-31,0.0
HT,2004-06-30,0.0
HT,2004-07-31,0.0
HT,2004-08-31,0.0
HT,2004-09-30,0.0
HT,2004-10-31,0.0
HT,2004-11-30,0.0
HT,2004-12-31,0.0
HT,2005-01-31,0.0
HT,2005-02-28,0.0
HT,2005-03-31,0.0
HT,2005-04-30,0.0
HT,2005-05-31,0.0
HT,2005-06-30,0.0
HT,2005-07-31,0.0
HT,2005-08-31,0.0
HT,2005-09-30,0.0
HT,2005-10-31,0.0
HT,2005-11-30,0.0
HT,2005-12-31,0.0
HT,2006-01-31,0.0
HT,2006-02-28,0.0
HT,2006-03-31,0.0
HT,2006-04-30,0.0
HT,2006-05-31,0.0
HT,2006-06-30,0.0
HT,2006-07-31,0.0
HT,2006-08-31,0.0
HT,2006-09-30,0.0
HT,2006-10-31,0.0
HT,2006-11-30,0.0
HT,2006-12-31,0.0
HT,2007-01-31,0.0
HT,2007-02-28,0.0
HT,2007-03-31,0.0
HT,2007-04-30,0.0
HT,2007-05-31,0.0
HT,2007-06-30,0.0
HT,2007-07-31,0.0
HT,2007-08-31,0.0
HT,2007-09-30,0.0
HT,2007-10-31,0.0
HT,2007-11-30,0.0
HT,2007-12-31,0.0
HT,2008-01-31,0.0
HT,2008-02-29,0.0
HT,2008-03-31,0.0
HT,2008-04-30,0.0
HT,2008-05-31,0.0
HT,2008-06-30,0.0
HT,2008-07-31,0.0
HT,2008-08-31,0.0
HT,2008-09-30,0.0
HT,2008-10-31,0.0
HT,2008-11-30,0.0
HT,2008-12-31,0.0
HT,2009-01-31,0.0
HT,2009-02-28,0.0
HT,2009-03-31,0.0
HT,2009-04-30,0.0
HT,2009-05-31,0.0
HT,2009-06-30,0.0
HT,2009-07-31,0.0
HT,2009-08-31,0.0
HT,2009-09-30,0.0
HT,2009-10-31,0.0
HT,2009-11-30,0.0
HT,2009-12-31,0.0
HT,2010-01-31,0.0
HT,2010-02-28,0.0
HT,2010-03-31,0.0
HT,2010-04-30,0.0
HT,2010-05-31,0.0
HT,2010-06-30,0.0
HT,2010-07-31,0.0
HT,2010-08-31,0.0
HT,2010-09-30,0.0
HT,2010-10-31,0.0
HT,2010-11-30,0.0
HT,2010-12-31,0.0
HT,2011-01-31,0.0
HT,2011-02-28,0.0
HT,2011-03-31,0.0
HT,2011-04-30,0.0
HT,2011-05-31,0.0
HT,2011-06-30,0.0
HT,2011-07-31,0.0
HT,2011-08-31,0.0
HT,2011-09-30,0.0
HT,2011-10-31,0.0
HT,2011-11-30,0.0
HT,2011-12-31,0.0
HT,2012-01-31,0.0
HT,2012-02-29,0.0
HT,2012-03-31,0.0
HT,2012-04-30,0.0
HT,2012-05-31,0.0
HT,2012-06-30,0.0
HT,2012-07-31,0.0
HT,2012-08-31,0.0
HT,2012-09-30,0.0
HT,2012-10-31,0.0
HT,2012-11-30,0.0
HT,2012-12-31,0.0
HT,2013-01-31,0.0
HT,2013-02-28,0.0
HT,2013-03-31,0.0
HT,2013-04-30,0.0
HT,2013-05-31,0.0
HT,2013-06-30,0.0
HT,2013-07-31,0.0
HT,2013-08-31,0.0
HT,2013-09-30,0.0
HT,2013-10-31,0.0
HT,2013-11-30,0.0
HT,2013-12-31,0.0
HT,2014-01-31,0.0
HT,2014-02-28,0.0
HT,2014-03-31,0.0
HT,2014-04-30,0.0
HT,2014-05-31,0.0
HT,2014-06-30,0.0
HT,2014-07-31,0.0
HT,2014-08-31,0.0
HT,2014-09-30,0.0
HT,2014-10-31,0.0
HT,2014-11-30,0.0
HT,2014-12-31,0.0
HT,2015-01-31,0.0
HT,2015-02-28,0.0
HT,2015-03-31,0.0
HT,2015-04-30,0.0
HT,2015-05-31,0.0
HT,2015-06-30,0.0
HT,2015-07-31,0.0
HT,2015-08-31,0.0
HT,2015-09-30,0.0
HT,2015-10-31,0.0
HT,2015-11-30,0.0
HT,2015-12-31,0.0
HT,2016-01-31,0.0
HT,2016-02-29,0.0
HT,2016-03-31,0.0
HT,2016-04-30,0.0
HT,2016-05-31,0.0
HT,2016-06-30,0.0
HT,2016-07-31,0.0
HT,2016-08-31,
HT,2016-09-30,
HT,2016-10-31,
HT,2016-11-30,
HT,2016-12-31,
HT,2017-01-31,
HT,2017-02-28,
HT,2017-03-31,
HT,2017-04-30,
HT,2017-05-31,
HT,2017-06-30,
HT,2017-07-31,
HT,2017-08-31,
HT,2017-09-30,
HT,2017-10-31,
HT,2017-11-30,
HT,2017-12-31,
HT,2018-01-31,
HT,2018-02-28,
HT,2018-03-31,
HT,2018-04-30,
HT,2018-05-31,
HT,2018-06-30,
HT,2018-07-31,
HT,2018-08-31,
HT,2018-09-30,
HT,2018-10-31,
HT,2018-11-30,
HT,2018-12-31,
HT,2019-01-31,
HT,2019-02-28,
HT,2019-03-31,
HT,2019-04-30,
HT,2019-05-31,
HT,2019-06-30,
HT,2019-07-31,
HT,2019-08-31,
HT,2019-09-30,
HT,2019-10-31,
HT,2019-11-30,
HT,2019-12-31,
HT,2020-01-31,
HT,2020-02-29,
HT,2020-03-31,
HT,2020-04-30,
HT,2020-05-31,
HT,2020-06-30,
HT,2020-07-31,
HT,2020-08-31,
HT,2020-09-30,
HT,2020-10-31,
HT,2020-11-30,
HT,2020-12-31,
HT,2021-01-31,
HT,2021-02-28,
HT,2021-03-31,
HT,2021-04-30,
HT,2021-05-31,
HT,2021-06-30,
HT,2021-07-31,
HT,2021-08-31,
HT,2021-09-30,
HT,2021-10-31,
HT,2021-11-30,
HT,2021-12-31,
HT,2022-01-31,
HT,2022-02-28,
HT,2022-03-31,
HT,2022-04-30,
HT,2022-05-31,
HT,2022-06-30,
HT,2022-07-31,
HT,2022-08-31,
HT,2022-09-30,
HT,2022-10-31,
HT,2022-11-30,
HT,2022-12-31,
HT,2023-01-31,
HT,2023-02-28,
HT,2023-03-31,
HT,2023-04-30,
HT,2023-05-31,
HT,2023-06-30,
HT,2023-07-31,
HT,2023-08-31,
HT,2023-09-30,
HT,2023-10-31,
HT,2023-11-30,
HT,2023-12-31,
HT,2024-01-31,
HT,2024-02-29,
HT,2024-03-31,
HT,2024-04-30,
HT,2024-05-31,
HT,2024-06-30,
HT,2024-07-31,
HT,2024-08-31,
HT,2024-09-30,
HT,2024-10-31,
HT,2024-11-30,
HT,2024-12-31,
HT,2025-01-31,
HU,2002-01-31,136.9055
HU,2002-02-28,128.7986
HU,2002-03-31,123.4277
HU,2002-04-30,115.5697
HU,2002-05-31,96.2358
HU,2002-06-30,141.469
HU,2002-07-31,129.1026
HU,2002-08-31,137.3784
HU,2002-09-30,142.202
HU,2002-10-31,117.28
HU,2002-11-30,119.2347
HU,2002-12-31,105.6939
HU,2003-01-31,140.4523
HU,2003-02-28,131.1546
HU,2003-03-31,111.1323
HU,2003-04-30,138.2927
HU,2003-05-31,133.3587
HU,2003-06-30,127.2977
HU,2003-07-31,141.871
HU,2003-08-31,148.7281
HU,2003-09-30,144.1567
HU,2003-10-31,135.2503
HU,2003-11-30,124.1213
HU,2003-12-31,117.9894
HU,2004-01-31,128.6297
HU,2004-02-29,149.8859
HU,2004-03-31,129.5755
HU,2004-04-30,127.0533
HU,2004-05-31,135.0139
HU,2004-06-30,116.0583
HU,2004-07-31,116.8071
HU,2004-08-31,123.6642
HU,2004-09-30,134.872
HU,2004-10-31,120.3539
HU,2004-11-30,124.61
HU,2004-12-31,124.3735
HU,2005-01-31,135.9597
HU,2005-02-28,152.8829
HU,2005-03-31,154.4029
HU,2005-04-30,101.887
HU,2005-05-31,152.0384
HU,2005-06-30,144.8897
HU,2005-07-31,132.6494
HU,2005-08-31,146.6
HU,2005-09-30,143.1793
HU,2005-10-31,132.1765
HU,2005-11-30,142.935
HU,2005-12-31,142.3439
HU,2006-01-31,149.6739
HU,2006-02-28,150.5268
HU,2006-03-31,146.1271
HU,2006-04-30,89.6703
HU,2006-05-31,118.9352
HU,2006-06-30,152.464
HU,2006-07-31,144.2355
HU,2006-08-31,140.2158
HU,2006-09-30,140.003
HU,2006-10-31,141.3981
HU,2006-11-30,156.129
HU,2006-12-31,130.2848
HU,2007-01-31,139.0335
HU,2007-02-28,156.8096
HU,2007-03-31,133.1223
HU,2007-04-30,140.9803
HU,2007-05-31,91.5068
HU,2007-06-30,159.3053
HU,2007-07-31,149.9103
HU,2007-08-31,144.9448
HU,2007-09-30,157.1063
HU,2007-10-31,141.1616
HU,2007-11-30,148.799
HU,2007-12-31,139.5065
HU,2008-01-31,149.201
HU,2008-02-29,154.6883
HU,2008-03-31,129.1026
HU,2008-04-30,144.6453
HU,2008-05-31,143.2897
HU,2008-06-30,122.1667
HU,2008-07-31,122.009
HU,2008-08-31,145.4177
HU,2008-09-30,133.6503
HU,2008-10-31,151.5655
HU,2008-11-30,154.1743
HU,2008-12-31,117.9894
HU,2009-01-31,126.5016
HU,2009-02-28,118.8507
HU,2009-03-31,115.6248
HU,2009-04-30,123.6327
HU,2009-05-31,125.3194
HU,2009-06-30,136.0937
HU,2009-07-31,125.3194
HU,2009-08-31,107.1126
HU,2009-09-30,148.799
HU,2009-10-31,128.6297
HU,2009-11-30,145.134
HU,2009-12-31,117.28
HU,2010-01-31,142.1074
HU,2010-02-28,113.0914
HU,2010-03-31,113.0239
HU,2010-04-30,91.8693
HU,2010-05-31,144.7084
HU,2010-06-30,137.5597
HU,2010-07-31,122.009
HU,2010-08-31,144.2355
HU,2010-09-30,149.532
HU,2010-10-31,134.7774
HU,2010-11-30,126.3203
HU,2010-12-31,116.5706
HU,2011-01-31,127.211
HU,2011-02-28,135.8668
HU,2011-03-31,133.5952
HU,2011-04-30,135.8493
HU,2011-05-31,143.2897
HU,2011-06-30,141.2247
HU,2011-07-31,140.2158
HU,2011-08-31,98.8368
HU,2011-09-30,128.0307
HU,2011-10-31,140.6887
HU,2011-11-30,145.867
HU,2011-12-31,116.3342
HU,2012-01-31,134.3045
HU,2012-02-29,135.9841
HU,2012-03-31,98.3639
HU,2012-04-30,92.6023
HU,2012-05-31,130.5213
HU,2012-06-30,93.3353
HU,2012-07-31,108.7677
HU,2012-08-31,136.4326
HU,2012-09-30,146.1113
HU,2012-10-31,144.2355
HU,2012-11-30,135.8493
HU,2012-12-31,107.1126
HU,2013-01-31,104.5116
HU,2013-02-28,116.4946
HU,2013-03-31,131.7035
HU,2013-04-30,111.9047
HU,2013-05-31,94.5806
HU,2013-06-30,80.1413
HU,2013-07-31,119.1716
HU,2013-08-31,122.2455
HU,2013-09-30,142.6907
HU,2013-10-31,143.999
HU,2013-11-30,142.202
HU,2013-12-31,125.5558
HU,2014-01-31,104.9845
HU,2014-02-28,109.95
HU,2014-03-31,116.0977
HU,2014-04-30,141.469
HU,2014-05-31,148.7281
HU,2014-06-30,151.731
HU,2014-07-31,149.4374
HU,2014-08-31,113.7332
HU,2014-09-30,133.406
HU,2014-10-31,155.1123
HU,2014-11-30,133.6503
HU,2014-12-31,111.8416
HU,2015-01-31,114.679
HU,2015-02-28,115.7093
HU,2015-03-31,146.6
HU,2015-04-30,124.61
HU,2015-05-31,152.0384
HU,2015-06-30,81.1187
HU,2015-07-31,110.4229
HU,2015-08-31,118.4623
HU,2015-09-30,150.5093
HU,2015-10-31,146.3635
HU,2015-11-30,151.9753
HU,2015-12-31,143.999
HU,2016-01-31,143.999
HU,2016-02-29,130.1707
HU,2016-03-31,134.0681
HU,2016-04-30,150.998
HU,2016-05-31,148.9645
HU,2016-06-30,145.867
HU,2016-07-31,149.6739
HU,2016-08-31,116.0977
HU,2016-09-30,83.3177
HU,2016-10-31,122.009
HU,2016-11-30,122.8997
HU,2016-12-31,144.4719
HU,2017-01-31,117.5165
HU,2017-02-28,125.9189
HU,2017-03-31,136.669
HU,2017-04-30,136.0937
HU,2017-05-31,144.4719
HU,2017-06-30,147.333
HU,2017-07-31,98.8368
HU,2017-08-31,110.4229
HU,2017-09-30,146.8443
HU,2017-10-31,125.7923
HU,2017-11-30,144.401
HU,2017-12-31,137.3784
HU,2018-01-31,135.0139
HU,2018-02-28,135.3432
HU,2018-03-31,135.4868
HU,2018-04-30,118.9903
HU,2018-05-31,117.28
HU,2018-06-30,152.464
HU,2018-07-31,154.8758
HU,2018-08-31,151.8019
HU,2018-09-30,153.93
HU,2018-10-31,139.27
HU,2018-11-30,152.464
HU,2018-12-31,148.7281
HU,2019-01-31,147.7823
HU,2019-02-28,140.3171
HU,2019-03-31,145.6542
HU,2019-04-30,153.197
HU,2019-05-31,139.27
HU,2019-06-30,148.3103
HU,2019-07-31,129.8119
HU,2019-08-31,124.8465
HU,2019-09-30,79.6527
HU,2019-10-31,139.27
HU,2019-11-30,149.532
HU,2019-12-31,142.5803
HU,2020-01-31,128.3932
HU,2020-02-29,114.7524
HU,2020-03-31,134.7774
HU,2020-04-30,111.6603
HU,2020-05-31,134.3045
HU,2020-06-30,145.867
HU,2020-07-31,146.3635
HU,2020-08-31,132.8858
HU,2020-09-30,139.7587
HU,2020-10-31,136.4326
HU,2020-11-30,150.7537
HU,2020-12-31,137.1419
HU,2021-01-31,135.0139
HU,2021-02-28,140.5789
HU,2021-03-31,138.0877
HU,2021-04-30,76.965
HU,2021-05-31,98.8368
HU,2021-06-30,146.6
HU,2021-07-31,147.3094
HU,2021-08-31,143.5261
HU,2021-09-30,151.731
HU,2021-10-31,140.9252
HU,2021-11-30,149.532
HU,2021-12-31,144.7084
HU,2022-01-31,143.7626
HU,2022-02-28,155.7625
HU,2022-03-31,157.4768
HU,2022-04-30,135.1163
HU,2022-05-31,133.8316
HU,2022-06-30,134.3833
HU,2022-07-31,149.9103
HU,2022-08-31,93.6348
HU,2022-09-30,132.673
HU,2022-10-31,123.9006
HU,2022-11-30,73.7887
HU,2022-12-31,116.0977
HU,2023-01-31,126.5016
HU,2023-02-28,148.6943
HU,2023-03-31,144.9448
HU,2023-04-30,137.5597
HU,2023-05-31,152.7477
HU,2023-06-30,154.4187
HU,2023-07-31,126.7381
HU,2023-08-31,132.6494
HU,2023-09-30,152.464
HU,2023-10-31,144.9448
HU,2023-11-30,107.9953
HU,2023-12-31,139.0335
HU,2024-01-31,153.4571
HU,2024-02-29,152.1607
HU,2024-03-31,117.9894
HU,2024-04-30,117.7687
HU,2024-05-31,150.3832
HU,2024-06-30,150.5093
HU,2024-07-31,137.1419
HU,2024-08-31,94.1077
HU,2024-09-30,115.5697
HU,2024-10-31,142.3439
HU,2024-11-30,161.993
HU,2024-12-31,136.9055
HU,2025-01-31,142.3439
HU,2025-02-28,143.7204
HU,2025-03-31,116.3342
ID,2002-01-31,
ID,2002-02-28,
ID,2002-03-31,
ID,2002-04-30,
ID,2002-05-31,
ID,2002-06-30,
ID,2002-07-31,
ID,2002-08-31,
ID,2002-09-30,
ID,2002-10-31,
ID,2002-11-30,1021.0
ID,2002-12-31,1013.0
ID,2003-01-31,1021.0
ID,2003-02-28,975.0
ID,2003-03-31,1048.0
ID,2003-04-30,928.0
ID,2003-05-31,895.0
ID,2003-06-30,1006.0
ID,2003-07-31,
ID,2003-08-31,955.0
ID,2003-09-30,889.0
ID,2003-10-31,923.0
ID,2003-11-30,1000.0
ID,2003-12-31,989.0
ID,2004-01-31,
ID,2004-02-29,920.0
ID,2004-03-31,991.0
ID,2004-04-30,989.0
ID,2004-05-31,
ID,2004-06-30,1032.0
ID,2004-07-31,994.0
ID,2004-08-31,955.0
ID,2004-09-30,
ID,2004-10-31,932.0
ID,2004-11-30,1007.0
ID,2004-12-31,
ID,2005-01-31,963.0
ID,2005-02-28,956.0
ID,2005-03-31,906.0
ID,2005-04-30,954.0
ID,2005-05-31,1001.0
ID,2005-06-30,1024.0
ID,2005-07-31,917.0
ID,2005-08-31,937.0
ID,2005-09-30,794.0
ID,2005-10-31,916.0
ID,2005-11-30,
ID,2005-12-31,830.0
ID,2006-01-31,916.0
ID,2006-02-28,888.0
ID,2006-03-31,920.0
ID,2006-04-30,909.0
ID,2006-05-31,946.0
ID,2006-06-30,954.0
ID,2006-07-31,877.0
ID,2006-08-31,912.0
ID,2006-09-30,946.0
ID,2006-10-31,957.0
ID,2006-11-30,948.0
ID,2006-12-31,926.0
ID,2007-01-31,865.0
ID,2007-02-28,866.0
ID,2007-03-31,728.0
ID,2007-04-30,797.0
ID,2007-05-31,932.0
ID,2007-06-30,942.0
ID,2007-07-31,931.0
ID,2007-08-31,846.0
ID,2007-09-30,950.0
ID,2007-10-31,933.0
ID,2007-11-30,862.0
ID,2007-12-31,842.0
ID,2008-01-31,838.0
ID,2008-02-29,856.0
ID,2008-03-31,836.0
ID,2008-04-30,929.0
ID,2008-05-31,784.0
ID,2008-06-30,927.0
ID,2008-07-31,921.0
ID,2008-08-31,857.0
ID,2008-09-30,922.0
ID,2008-10-31,947.0
ID,2008-11-30,828.0
ID,2008-12-31,827.0
ID,2009-01-31,799.0645
ID,2009-02-28,914.4643
ID,2009-03-31,734.7097
ID,2009-04-30,907.5
ID,2009-05-31,889.1935
ID,2009-06-30,853.5
ID,2009-07-31,894.8065
ID,2009-08-31,911.9032
ID,2009-09-30,914.6333
ID,2009-10-31,889.6774
ID,2009-11-30,905.4333
ID,2009-12-31,900.8065
ID,2010-01-31,877.9355
ID,2010-02-28,877.9286
ID,2010-03-31,856.9355
ID,2010-04-30,816.9667
ID,2010-05-31,861.5161
ID,2010-06-30,868.6
ID,2010-07-31,694.3226
ID,2010-08-31,729.6774
ID,2010-09-30,839.2667
ID,2010-10-31,760.1935
ID,2010-11-30,823.3333
ID,2010-12-31,865.8065
ID,2011-01-31,812.0968
ID,2011-02-28,775.8571
ID,2011-03-31,846.3226
ID,2011-04-30,636.0333
ID,2011-05-31,844.5484
ID,2011-06-30,898.7333
ID,2011-07-31,845.1613
ID,2011-08-31,853.1935
ID,2011-09-30,858.2333
ID,2011-10-31,806.3548
ID,2011-11-30,820.3667
ID,2011-12-31,844.6452
ID,2012-01-31,818.129
ID,2012-02-29,812.8966
ID,2012-03-31,774.6774
ID,2012-04-30,862.1333
ID,2012-05-31,869.5806
ID,2012-06-30,925.4
ID,2012-07-31,874.0323
ID,2012-08-31,842.6774
ID,2012-09-30,836.9667
ID,2012-10-31,819.4194
ID,2012-11-30,716.6333
ID,2012-12-31,772.1935
ID,2013-01-31,852.3871
ID,2013-02-28,845.5357
ID,2013-03-31,837.6129
ID,2013-04-30,845.1667
ID,2013-05-31,841.3871
ID,2013-06-30,844.4333
ID,2013-07-31,874.4839
ID,2013-08-31,872.6452
ID,2013-09-30,827.7333
ID,2013-10-31,766.5806
ID,2013-11-30,843.8667
ID,2013-12-31,854.5484
ID,2014-01-31,869.4839
ID,2014-02-28,838.3929
ID,2014-03-31,861.9355
ID,2014-04-30,855.2333
ID,2014-05-31,868.7097
ID,2014-06-30,843.5333
ID,2014-07-31,865.129
ID,2014-08-31,813.3871
ID,2014-09-30,766.9667
ID,2014-10-31,
ID,2014-11-30,
ID,2014-12-31,
ID,2015-01-31,
ID,2015-02-28,
ID,2015-03-31,
ID,2015-04-30,
ID,2015-05-31,
ID,2015-06-30,
ID,2015-07-31,
ID,2015-08-31,
ID,2015-09-30,
ID,2015-10-31,
ID,2015-11-30,
ID,2015-12-31,
ID,2016-01-31,878.871
ID,2016-02-29,800.3793
ID,2016-03-31,897.5484
ID,2016-04-30,917.8667
ID,2016-05-31,901.4839
ID,2016-06-30,932.9667
ID,2016-07-31,890.7419
ID,2016-08-31,890.0323
ID,2016-09-30,833.0
ID,2016-10-31,833.7742
ID,2016-11-30,825.4333
ID,2016-12-31,809.8387
ID,2017-01-31,817.9677
ID,2017-02-28,789.7857
ID,2017-03-31,817.9677
ID,2017-04-30,850.9333
ID,2017-05-31,889.4839
ID,2017-06-30,956.4
ID,2017-07-31,952.7742
ID,2017-08-31,939.4194
ID,2017-09-30,915.0333
ID,2017-10-31,879.4516
ID,2017-11-30,801.2333
ID,2017-12-31,952.0
ID,2018-01-31,964.6452
ID,2018-02-28,936.4286
ID,2018-03-31,935.2581
ID,2018-04-30,911.9333
ID,2018-05-31,921.6774
ID,2018-06-30,874.8667
ID,2018-07-31,838.6452
ID,2018-08-31,826.5484
ID,2018-09-30,899.3667
ID,2018-10-31,876.5806
ID,2018-11-30,928.6667
ID,2018-12-31,939.6774
ID,2019-01-31,850.6774
ID,2019-02-28,850.6786
ID,2019-03-31,922.5161
ID,2019-04-30,917.4
ID,2019-05-31,940.4194
ID,2019-06-30,876.4
ID,2019-07-31,846.0
ID,2019-08-31,764.7419
ID,2019-09-30,845.6333
ID,2019-10-31,725.3548
ID,2019-11-30,908.8667
ID,2019-12-31,993.2903
ID,2020-01-31,907.5806
ID,2020-02-29,860.3103
ID,2020-03-31,872.9032
ID,2020-04-30,735.0
ID,2020-05-31,832.4194
ID,2020-06-30,758.4333
ID,2020-07-31,881.4516
ID,2020-08-31,826.5484
ID,2020-09-30,823.1
ID,2020-10-31,810.0968
ID,2020-11-30,836.4333
ID,2020-12-31,811.129
ID,2021-01-31,787.3548
ID,2021-02-28,745.5
ID,2021-03-31,759.4839
ID,2021-04-30,732.7
ID,2021-05-31,802.7097
ID,2021-06-30,802.8333
ID,2021-07-31,814.7097
ID,2021-08-31,783.8065
ID,2021-09-30,771.0333
ID,2021-10-31,820.5161
ID,2021-11-30,865.3333
ID,2021-12-31,882.9355
ID,2022-01-31,911.9677
ID,2022-02-28,904.9643
ID,2022-03-31,782.9032
ID,2022-04-30,820.7667
ID,2022-05-31,874.9032
ID,2022-06-30,950.6333
ID,2022-07-31,653.4194
ID,2022-08-31,790.7419
ID,2022-09-30,729.6333
ID,2022-10-31,956.7742
ID,2022-11-30,929.7
ID,2022-12-31,890.0323
ID,2023-01-31,914.2258
ID,2023-02-28,860.1071
ID,2023-03-31,815.5806
ID,2023-04-30,967.1667
ID,2023-05-31,946.8065
ID,2023-06-30,940.1667
ID,2023-07-31,788.7419
ID,2023-08-31,924.3548
ID,2023-09-30,943.8667
ID,2023-10-31,892.5806
ID,2023-11-30,815.1333
ID,2023-12-31,925.7419
ID,2024-01-31,859.5484
ID,2024-02-29,820.8966
ID,2024-03-31,794.3548
ID,2024-04-30,751.1333
ID,2024-05-31,820.8065
ID,2024-06-30,786.2333
ID,2024-07-31,767.9355
ID,2024-08-31,948.0968
ID,2024-09-30,861.7
ID,2024-10-31,931.2903
ID,2024-11-30,896.0667
ID,2024-12-31,877.871
ID,2025-01-31,753.4516
ID,2025-02-28,787.5
ID,2025-03-31,
IE,2002-01-31,60.3865
IE,2002-02-28,60.5393
IE,2002-03-31,66.8055
IE,2002-04-30,69.7693
IE,2002-05-31,62.0506
IE,2002-06-30,61.171
IE,2002-07-31,60.1487
IE,2002-08-31,61.8129
IE,2002-09-30,62.645
IE,2002-10-31,71.0848
IE,2002-11-30,68.2953
IE,2002-12-31,65.379
IE,2003-01-31,56.8203
IE,2003-02-28,71.5943
IE,2003-03-31,74.8887
IE,2003-04-30,69.7693
IE,2003-05-31,65.379
IE,2003-06-30,62.1537
IE,2003-07-31,59.911
IE,2003-08-31,58.96
IE,2003-09-30,59.697
IE,2003-10-31,63.9526
IE,2003-11-30,66.5757
IE,2003-12-31,69.6584
IE,2004-01-31,62.2884
IE,2004-02-29,63.2803
IE,2004-03-31,71.3226
IE,2004-04-30,28.9887
IE,2004-05-31,38.9897
IE,2004-06-30,66.5757
IE,2004-07-31,66.0923
IE,2004-08-31,62.5261
IE,2004-09-30,79.1047
IE,2004-10-31,70.8471
IE,2004-11-30,71.7347
IE,2004-12-31,44.4577
IE,2005-01-31,61.5752
IE,2005-02-28,67.1196
IE,2005-03-31,70.3716
IE,2005-04-30,29.2343
IE,2005-05-31,48.0239
IE,2005-06-30,66.8213
IE,2005-07-31,69.4206
IE,2005-08-31,87.9645
IE,2005-09-30,65.593
IE,2005-10-31,94.1458
IE,2005-11-30,67.067
IE,2005-12-31,72.2735
IE,2006-01-31,60.1487
IE,2006-02-28,41.8511
IE,2006-03-31,67.5187
IE,2006-04-30,68.541
IE,2006-05-31,65.379
IE,2006-06-30,60.9253
IE,2006-07-31,65.1413
IE,2006-08-31,93.1948
IE,2006-09-30,33.902
IE,2006-10-31,45.4087
IE,2006-11-30,63.382
IE,2006-12-31,90.5797
IE,2007-01-31,65.8545
IE,2007-02-28,69.7518
IE,2007-03-31,69.1829
IE,2007-04-30,42.2547
IE,2007-05-31,92.4816
IE,2007-06-30,70.015
IE,2007-07-31,50.639
IE,2007-08-31,68.7074
IE,2007-09-30,86.229
IE,2007-10-31,70.6094
IE,2007-11-30,57.7317
IE,2007-12-31,68.4697
IE,2008-01-31,65.8545
IE,2008-02-29,44.22
IE,2008-03-31,64.6658
IE,2008-04-30,69.5237
IE,2008-05-31,71.0848
IE,2008-06-30,63.8733
IE,2008-07-31,66.8055
IE,2008-08-31,61.3374
IE,2008-09-30,44.22
IE,2008-10-31,67.5187
IE,2008-11-30,64.3647
IE,2008-12-31,58.4845
IE,2009-01-31,65.2355
IE,2009-02-28,37.1825
IE,2009-03-31,60.4032
IE,2009-04-30,68.159
IE,2009-05-31,66.6852
IE,2009-06-30,65.4127
IE,2009-07-31,60.6448
IE,2009-08-31,46.6313
IE,2009-09-30,8.988
IE,2009-10-31,70.7926
IE,2009-11-30,63.665
IE,2009-12-31,56.5374
IE,2010-01-31,55.8126
IE,2010-02-28,60.99
IE,2010-03-31,65.2355
IE,2010-04-30,69.9067
IE,2010-05-31,59.6784
IE,2010-06-30,66.4113
IE,2010-07-31,61.3697
IE,2010-08-31,61.8529
IE,2010-09-30,63.665
IE,2010-10-31,49.0474
IE,2010-11-30,57.4233
IE,2010-12-31,65.9603
IE,2011-01-31,58.4703
IE,2011-02-28,60.455
IE,2011-03-31,60.8865
IE,2011-04-30,63.665
IE,2011-05-31,63.5442
IE,2011-06-30,55.1763
IE,2011-07-31,62.5777
IE,2011-08-31,63.3026
IE,2011-09-30,64.6637
IE,2011-10-31,45.6648
IE,2011-11-30,64.1643
IE,2011-12-31,64.0274
IE,2012-01-31,63.3026
IE,2012-02-29,63.7941
IE,2012-03-31,66.4435
IE,2012-04-30,67.41
IE,2012-05-31,62.3361
IE,2012-06-30,61.418
IE,2012-07-31,62.8194
IE,2012-08-31,63.3026
IE,2012-09-30,63.665
IE,2012-10-31,64.9939
IE,2012-11-30,59.171
IE,2012-12-31,54.8461
IE,2013-01-31,53.3965
IE,2013-02-28,57.5125
IE,2013-03-31,64.9939
IE,2013-04-30,66.9107
IE,2013-05-31,64.5106
IE,2013-06-30,49.9333
IE,2013-07-31,56.5374
IE,2013-08-31,62.3361
IE,2013-09-30,60.669
IE,2013-10-31,56.0542
IE,2013-11-30,46.6877
IE,2013-12-31,59.1952
IE,2014-01-31,56.2958
IE,2014-02-28,58.315
IE,2014-03-31,66.4435
IE,2014-04-30,68.908
IE,2014-05-31,62.8194
IE,2014-06-30,48.685
IE,2014-07-31,0.7248
IE,2014-08-31,62.0945
IE,2014-09-30,56.924
IE,2014-10-31,68.1348
IE,2014-11-30,64.6637
IE,2014-12-31,64.269
IE,2015-01-31,61.8529
IE,2015-02-28,64.735
IE,2015-03-31,68.8597
IE,2015-04-30,70.9053
IE,2015-05-31,67.1684
IE,2015-06-30,68.908
IE,2015-07-31,72.7255
IE,2015-08-31,72.2423
IE,2015-09-30,71.904
IE,2015-10-31,71.2758
IE,2015-11-30,70.6557
IE,2015-12-31,67.6516
IE,2016-01-31,65.9603
IE,2016-02-29,65.6021
IE,2016-03-31,63.061
IE,2016-04-30,67.1603
IE,2016-05-31,66.6852
IE,2016-06-30,65.4127
IE,2016-07-31,65.7187
IE,2016-08-31,61.6113
IE,2016-09-30,61.6677
IE,2016-10-31,65.9603
IE,2016-11-30,66.4113
IE,2016-12-31,70.7926
IE,2017-01-31,69.1013
IE,2017-02-28,66.34
IE,2017-03-31,69.8261
IE,2017-04-30,66.9107
IE,2017-05-31,48.5642
IE,2017-06-30,68.4087
IE,2017-07-31,68.8597
IE,2017-08-31,65.7187
IE,2017-09-30,68.159
IE,2017-10-31,58.7119
IE,2017-11-30,68.6583
IE,2017-12-31,68.1348
IE,2018-01-31,62.5777
IE,2018-02-28,69.015
IE,2018-03-31,59.1952
IE,2018-04-30,54.677
IE,2018-05-31,65.2355
IE,2018-06-30,63.9147
IE,2018-07-31,62.5777
IE,2018-08-31,64.0274
IE,2018-09-30,64.1643
IE,2018-10-31,63.3026
IE,2018-11-30,59.4207
IE,2018-12-31,58.9535
IE,2019-01-31,58.9535
IE,2019-02-28,54.3025
IE,2019-03-31,55.571
IE,2019-04-30,50.6823
IE,2019-05-31,11.5974
IE,2019-06-30,18.4753
IE,2019-07-31,55.571
IE,2019-08-31,62.0945
IE,2019-09-30,67.41
IE,2019-10-31,62.3361
IE,2019-11-30,61.9173
IE,2019-12-31,64.0274
IE,2020-01-31,63.3026
IE,2020-02-29,64.0524
IE,2020-03-31,63.3026
IE,2020-04-30,51.681
IE,2020-05-31,55.8126
IE,2020-06-30,52.43
IE,2020-07-31,53.8797
IE,2020-08-31,57.9871
IE,2020-09-30,58.1723
IE,2020-10-31,56.5374
IE,2020-11-30,57.673
IE,2020-12-31,61.6113
IE,2021-01-31,62.0945
IE,2021-02-28,61.2575
IE,2021-03-31,69.8261
IE,2021-04-30,70.406
IE,2021-05-31,67.41
IE,2021-06-30,62.6663
IE,2021-07-31,50.9803
IE,2021-08-31,59.6784
IE,2021-09-30,61.418
IE,2021-10-31,64.7523
IE,2021-11-30,54.9267
IE,2021-12-31,59.4368
IE,2022-01-31,63.061
IE,2022-02-28,60.7225
IE,2022-03-31,61.1281
IE,2022-04-30,61.418
IE,2022-05-31,59.1952
IE,2022-06-30,62.4167
IE,2022-07-31,60.1616
IE,2022-08-31,61.3697
IE,2022-09-30,68.4087
IE,2022-10-31,64.0274
IE,2022-11-30,54.4273
IE,2022-12-31,63.5442
IE,2023-01-31,61.6113
IE,2023-02-28,61.7925
IE,2023-03-31,61.8529
IE,2023-04-30,63.665
IE,2023-05-31,64.0274
IE,2023-06-30,62.4167
IE,2023-07-31,60.1616
IE,2023-08-31,60.1616
IE,2023-09-30,58.1723
IE,2023-10-31,56.2958
IE,2023-11-30,31.458
IE,2023-12-31,42.5239
IE,2024-01-31,57.5039
IE,2024-02-29,53.9797
IE,2024-03-31,56.0542
IE,2024-04-30,56.4247
IE,2024-05-31,38.1748
IE,2024-06-30,0.0
IE,2024-07-31,28.9935
IE,2024-08-31,53.1548
IE,2024-09-30,53.179
IE,2024-10-31,4.1074
IE,2024-11-30,30.4593
IE,2024-12-31,57.7455
IE,2025-01-31,58.2287
IE,2025-02-28,85.3325
IE,2025-03-31,60.8865
IN,2002-01-31,2228.5929
IN,2002-02-28,2239.4271
IN,2002-03-31,2182.9465
IN,2002-04-30,2114.6987
IN,2002-05-31,2307.0477
IN,2002-06-30,2299.1943
IN,2002-07-31,2232.8723
IN,2002-08-31,2238.8158
IN,2002-09-30,2222.3007
IN,2002-10-31,2393.1103
IN,2002-11-30,2115.6813
IN,2002-12-31,2108.2955
IN,2003-01-31,2433.051
IN,2003-02-28,2401.5671
IN,2003-03-31,2405.4729
IN,2003-04-30,2260.8703
IN,2003-05-31,2298.2513
IN,2003-06-30,2411.9553
IN,2003-07-31,2400.9558
IN,2003-08-31,2398.5784
IN,2003-09-30,2467.2303
IN,2003-10-31,2396.6765
IN,2003-11-30,2539.4563
IN,2003-12-31,2305.3835
IN,2004-01-31,2637.2713
IN,2004-02-29,2685.7297
IN,2004-03-31,2649.1584
IN,2004-04-30,2560.8293
IN,2004-05-31,2616.1123
IN,2004-06-30,2642.145
IN,2004-07-31,2491.2977
IN,2004-08-31,2504.6113
IN,2004-09-30,2461.3343
IN,2004-10-31,2545.7406
IN,2004-11-30,2564.5143
IN,2004-12-31,2516.9739
IN,2005-01-31,2631.8032
IN,2005-02-28,2684.2593
IN,2005-03-31,2590.9116
IN,2005-04-30,2363.3133
IN,2005-05-31,2460.1535
IN,2005-06-30,2614.139
IN,2005-07-31,2581.1642
IN,2005-08-31,2567.1374
IN,2005-09-30,2494.008
IN,2005-10-31,2484.4032
IN,2005-11-30,2602.8383
IN,2005-12-31,2749.01
IN,2006-01-31,2775.3994
IN,2006-02-28,2857.9807
IN,2006-03-31,2834.8348
IN,2006-04-30,2672.8533
IN,2006-05-31,2756.8555
IN,2006-06-30,2889.777
IN,2006-07-31,2906.6329
IN,2006-08-31,2877.6284
IN,2006-09-30,2927.6097
IN,2006-10-31,2933.0223
IN,2006-11-30,3029.07
IN,2006-12-31,3045.2365
IN,2007-01-31,3085.6526
IN,2007-02-28,3181.4711
IN,2007-03-31,3214.9842
IN,2007-04-30,3075.2553
IN,2007-05-31,3168.149
IN,2007-06-30,3176.9613
IN,2007-07-31,3042.6213
IN,2007-08-31,3113.2306
IN,2007-09-30,3129.7933
IN,2007-10-31,3013.1413
IN,2007-11-30,3186.051
IN,2007-12-31,3103.4832
IN,2008-01-31,3250.8832
IN,2008-02-29,3248.8993
IN,2008-03-31,3218.5503
IN,2008-04-30,3206.4413
IN,2008-05-31,3172.4284
IN,2008-06-30,3354.3327
IN,2008-07-31,3401.6116
IN,2008-08-31,3189.5458
IN,2008-09-30,3218.2333
IN,2008-10-31,3162.681
IN,2008-11-30,3150.4293
IN,2008-12-31,3103.4832
IN,2009-01-31,3209.7539
IN,2009-02-28,3382.3036
IN,2009-03-31,3323.1568
IN,2009-04-30,3070.0963
IN,2009-05-31,3035.489
IN,2009-06-30,3224.8663
IN,2009-07-31,2912.8142
IN,2009-08-31,3286.5445
IN,2009-09-30,3327.555
IN,2009-10-31,3391.151
IN,2009-11-30,3302.0057
IN,2009-12-31,3222.5919
IN,2010-01-31,3329.5758
IN,2010-02-28,3407.5721
IN,2010-03-31,3288.2087
IN,2010-04-30,3227.0773
IN,2010-05-31,3269.6648
IN,2010-06-30,3316.2543
IN,2010-07-31,3313.8848
IN,2010-08-31,3211.6558
IN,2010-09-30,2988.0437
IN,2010-10-31,3228.2977
IN,2010-11-30,3181.3833
IN,2010-12-31,3497.1839
IN,2011-01-31,3619.8587
IN,2011-02-28,3516.0164
IN,2011-03-31,3622.7116
IN,2011-04-30,3441.2987
IN,2011-05-31,3420.8687
IN,2011-06-30,3472.744
IN,2011-07-31,3441.3145
IN,2011-08-31,3337.4213
IN,2011-09-30,3120.458
IN,2011-10-31,3138.9068
IN,2011-11-30,3543.2503
IN,2011-12-31,3524.2865
IN,2012-01-31,3454.8658
IN,2012-02-29,3603.6759
IN,2012-03-31,4469.5484
IN,2012-04-30,3344.506
IN,2012-05-31,3517.6297
IN,2012-06-30,3680.8237
IN,2012-07-31,3562.3252
IN,2012-08-31,3614.8661
IN,2012-09-30,3437.6137
IN,2012-10-31,3771.0626
IN,2012-11-30,3778.3533
IN,2012-12-31,3694.9852
IN,2013-01-31,3814.0939
IN,2013-02-28,3886.8854
IN,2013-03-31,3827.1697
IN,2013-04-30,4403.8207
IN,2013-05-31,4432.6984
IN,2013-06-30,4480.223
IN,2013-07-31,4551.8071
IN,2013-08-31,4606.9632
IN,2013-09-30,4539.92
IN,2013-10-31,4368.5081
IN,2013-11-30,4373.6037
IN,2013-12-31,4429.37
IN,2014-01-31,4455.0461
IN,2014-02-28,4729.9607
IN,2014-03-31,4628.8355
IN,2014-04-30,4314.398
IN,2014-05-31,4322.6239
IN,2014-06-30,4508.7203
IN,2014-07-31,4301.7026
IN,2014-08-31,4410.3506
IN,2014-09-30,4416.104
IN,2014-10-31,4544.4371
IN,2014-11-30,4718.0283
IN,2014-12-31,4689.6974
IN,2015-01-31,4676.8594
IN,2015-02-28,4629.1496
IN,2015-03-31,4535.8784
IN,2015-04-30,4198.1977
IN,2015-05-31,4684.9426
IN,2015-06-30,4786.5693
IN,2015-07-31,4438.1665
IN,2015-08-31,4662.5948
IN,2015-09-30,4432.5637
IN,2015-10-31,4343.3074
IN,2015-11-30,4838.405
IN,2015-12-31,4789.549
IN,2016-01-31,4903.1897
IN,2016-02-29,4828.8748
IN,2016-03-31,5083.6358
IN,2016-04-30,4951.6573
IN,2016-05-31,4742.9516
IN,2016-06-30,4954.3597
IN,2016-07-31,5045.1216
IN,2016-08-31,4823.7839
IN,2016-09-30,4843.564
IN,2016-10-31,4999.2374
IN,2016-11-30,4892.6973
IN,2016-12-31,5097.4248
IN,2017-01-31,4912.4616
IN,2017-02-28,5014.2321
IN,2017-03-31,5066.9939
IN,2017-04-30,4916.7727
IN,2017-05-31,4951.4513
IN,2017-06-30,4927.582
IN,2017-07-31,4881.3174
IN,2017-08-31,4862.0603
IN,2017-09-30,5031.499
IN,2017-10-31,5255.9987
IN,2017-11-30,5214.5207
IN,2017-12-31,5260.9913
IN,2018-01-31,5413.3839
IN,2018-02-28,5286.9221
IN,2018-03-31,5021.3474
IN,2018-04-30,4877.2203
IN,2018-05-31,5287.6184
IN,2018-06-30,5371.5017
IN,2018-07-31,5327.7968
IN,2018-08-31,5096.7116
IN,2018-09-30,5122.3957
IN,2018-10-31,5202.5068
IN,2018-11-30,5185.532
IN,2018-12-31,5000.1884
IN,2019-01-31,5217.2468
IN,2019-02-28,5286.1325
IN,2019-03-31,5348.0048
IN,2019-04-30,5086.037
IN,2019-05-31,5129.9955
IN,2019-06-30,4987.7703
IN,2019-07-31,5177.3061
IN,2019-08-31,5219.1487
IN,2019-09-30,4769.6183
IN,2019-10-31,5212.7297
IN,2019-11-30,5380.3457
IN,2019-12-31,4952.1645
IN,2020-01-31,5154.0074
IN,2020-02-29,5366.8848
IN,2020-03-31,5041.08
IN,2020-04-30,3622.355
IN,2020-05-31,3886.3674
IN,2020-06-30,4308.2563
IN,2020-07-31,4203.2774
IN,2020-08-31,3839.5323
IN,2020-09-30,4350.0197
IN,2020-10-31,4371.8365
IN,2020-11-30,5105.4447
IN,2020-12-31,4998.2865
IN,2021-01-31,5184.9139
IN,2021-02-28,4879.4664
IN,2021-03-31,4989.0145
IN,2021-04-30,4885.0817
IN,2021-05-31,4509.9645
IN,2021-06-30,4520.2667
IN,2021-07-31,4608.3897
IN,2021-08-31,4383.7235
IN,2021-09-30,4474.5727
IN,2021-10-31,4982.5955
IN,2021-11-30,5277.657
IN,2021-12-31,5107.41
IN,2022-01-31,5161.1397
IN,2022-02-28,5380.3632
IN,2022-03-31,5304.0226
IN,2022-04-30,5301.4867
IN,2022-05-31,5383.4284
IN,2022-06-30,5300.2583
IN,2022-07-31,5093.1455
IN,2022-08-31,4644.051
IN,2022-09-30,4802.7833
IN,2022-10-31,4853.2639
IN,2022-11-30,4802.0463
IN,2022-12-31,4882.0306
IN,2023-01-31,5422.8935
IN,2023-02-28,5487.4914
IN,2023-03-31,5469.0155
IN,2023-04-30,5269.7957
IN,2023-05-31,5403.161
IN,2023-06-30,5291.1687
IN,2023-07-31,5202.9823
IN,2023-08-31,5212.2542
IN,2023-09-30,4984.5767
IN,2023-10-31,4881.5552
IN,2023-11-30,5323.1053
IN,2023-12-31,5370.8281
IN,2024-01-31,5364.8845
IN,2024-02-29,5305.6376
IN,2024-03-31,5305.2113
IN,2024-04-30,5310.822
IN,2024-05-31,5474.2458
IN,2024-06-30,5454.0457
IN,2024-07-31,5201.5558
IN,2024-08-31,5143.5468
IN,2024-09-30,5206.4137
IN,2024-10-31,5064.6165
IN,2024-11-30,5331.7037
IN,2024-12-31,5670.3829
IN,2025-01-31,5653.0277
IN,2025-02-28,5672.0046
IN,2025-03-31,5692.2552
IQ,2002-01-31,
IQ,2002-02-28,
IQ,2002-03-31,
IQ,2002-04-30,
IQ,2002-05-31,
IQ,2002-06-30,
IQ,2002-07-31,
IQ,2002-08-31,
IQ,2002-09-30,
IQ,2002-10-31,
IQ,2002-11-30,
IQ,2002-12-31,
IQ,2003-01-31,
IQ,2003-02-28,
IQ,2003-03-31,
IQ,2003-04-30,
IQ,2003-05-31,
IQ,2003-06-30,
IQ,2003-07-31,
IQ,2003-08-31,
IQ,2003-09-30,
IQ,2003-10-31,
IQ,2003-11-30,
IQ,2003-12-31,
IQ,2004-01-31,
IQ,2004-02-29,
IQ,2004-03-31,
IQ,2004-04-30,
IQ,2004-05-31,
IQ,2004-06-30,
IQ,2004-07-31,
IQ,2004-08-31,
IQ,2004-09-30,
IQ,2004-10-31,
IQ,2004-11-30,
IQ,2004-12-31,
IQ,2005-01-31,
IQ,2005-02-28,
IQ,2005-03-31,
IQ,2005-04-30,
IQ,2005-05-31,
IQ,2005-06-30,
IQ,2005-07-31,
IQ,2005-08-31,
IQ,2005-09-30,
IQ,2005-10-31,
IQ,2005-11-30,
IQ,2005-12-31,
IQ,2006-01-31,
IQ,2006-02-28,
IQ,2006-03-31,
IQ,2006-04-30,
IQ,2006-05-31,
IQ,2006-06-30,
IQ,2006-07-31,
IQ,2006-08-31,
IQ,2006-09-30,
IQ,2006-10-31,
IQ,2006-11-30,
IQ,2006-12-31,
IQ,2007-01-31,266.0
IQ,2007-02-28,367.0
IQ,2007-03-31,308.0
IQ,2007-04-30,388.0
IQ,2007-05-31,289.0
IQ,2007-06-30,333.0
IQ,2007-07-31,308.0
IQ,2007-08-31,298.0
IQ,2007-09-30,392.0
IQ,2007-10-31,358.0
IQ,2007-11-30,343.0
IQ,2007-12-31,333.0
IQ,2008-01-31,304.0
IQ,2008-02-29,392.0
IQ,2008-03-31,398.0
IQ,2008-04-30,395.0
IQ,2008-05-31,396.0
IQ,2008-06-30,487.0
IQ,2008-07-31,484.0
IQ,2008-08-31,488.0
IQ,2008-09-30,451.0
IQ,2008-10-31,481.0
IQ,2008-11-30,516.0
IQ,2008-12-31,472.0
IQ,2009-01-31,438.0
IQ,2009-02-28,438.0
IQ,2009-03-31,438.0
IQ,2009-04-30,421.0
IQ,2009-05-31,217.0
IQ,2009-06-30,339.0
IQ,2009-07-31,486.0
IQ,2009-08-31,447.0
IQ,2009-09-30,463.0
IQ,2009-10-31,464.0
IQ,2009-11-30,473.0
IQ,2009-12-31,449.0
IQ,2010-01-31,481.0
IQ,2010-02-28,487.0
IQ,2010-03-31,493.0
IQ,2010-04-30,552.0
IQ,2010-05-31,485.0
IQ,2010-06-30,466.0
IQ,2010-07-31,564.0
IQ,2010-08-31,532.0
IQ,2010-09-30,536.0
IQ,2010-10-31,561.0
IQ,2010-11-30,561.0
IQ,2010-12-31,600.0
IQ,2011-01-31,526.0
IQ,2011-02-28,508.0
IQ,2011-03-31,476.0
IQ,2011-04-30,535.0
IQ,2011-05-31,584.0
IQ,2011-06-30,578.0
IQ,2011-07-31,586.0
IQ,2011-08-31,588.0
IQ,2011-09-30,612.0
IQ,2011-10-31,436.0
IQ,2011-11-30,570.0
IQ,2011-12-31,600.0
IQ,2012-01-31,594.0
IQ,2012-02-29,598.0
IQ,2012-03-31,535.0
IQ,2012-04-30,487.0
IQ,2012-05-31,582.0
IQ,2012-06-30,598.0
IQ,2012-07-31,613.0
IQ,2012-08-31,627.0
IQ,2012-09-30,592.0
IQ,2012-10-31,600.0
IQ,2012-11-30,591.0
IQ,2012-12-31,627.0
IQ,2013-01-31,616.0
IQ,2013-02-28,
IQ,2013-03-31,540.0
IQ,2013-04-30,578.0
IQ,2013-05-31,620.0
IQ,2013-06-30,613.0
IQ,2013-07-31,625.0
IQ,2013-08-31,627.0
IQ,2013-09-30,631.0
IQ,2013-10-31,640.0
IQ,2013-11-30,558.0
IQ,2013-12-31,603.0
IQ,2014-01-31,637.0
IQ,2014-02-28,566.0
IQ,2014-03-31,593.0
IQ,2014-04-30,570.0
IQ,2014-05-31,600.0
IQ,2014-06-30,500.0
IQ,2014-07-31,398.0
IQ,2014-08-31,392.0
IQ,2014-09-30,432.0
IQ,2014-10-31,442.0
IQ,2014-11-30,406.0
IQ,2014-12-31,390.0
IQ,2015-01-31,402.0
IQ,2015-02-28,373.0
IQ,2015-03-31,410.0
IQ,2015-04-30,384.0
IQ,2015-05-31,390.0
IQ,2015-06-30,406.0
IQ,2015-07-31,421.0
IQ,2015-08-31,443.0
IQ,2015-09-30,467.0
IQ,2015-10-31,445.0
IQ,2015-11-30,405.0
IQ,2015-12-31,422.0
IQ,2016-01-31,425.0
IQ,2016-02-29,414.0
IQ,2016-03-31,431.0
IQ,2016-04-30,354.0
IQ,2016-05-31,362.0
IQ,2016-06-30,424.0
IQ,2016-07-31,431.0
IQ,2016-08-31,446.0
IQ,2016-09-30,459.0
IQ,2016-10-31,462.0
IQ,2016-11-30,580.0
IQ,2016-12-31,563.0
IQ,2017-01-31,539.0
IQ,2017-02-28,502.0
IQ,2017-03-31,570.0
IQ,2017-04-30,591.0
IQ,2017-05-31,567.0
IQ,2017-06-30,570.0
IQ,2017-07-31,529.0
IQ,2017-08-31,517.0
IQ,2017-09-30,506.0
IQ,2017-10-31,513.0
IQ,2017-11-30,477.0
IQ,2017-12-31,523.0
IQ,2018-01-31,523.0
IQ,2018-02-28,551.0
IQ,2018-03-31,558.0
IQ,2018-04-30,588.0
IQ,2018-05-31,552.0
IQ,2018-06-30,605.0
IQ,2018-07-31,594.0
IQ,2018-08-31,649.0
IQ,2018-09-30,659.0
IQ,2018-10-31,663.0
IQ,2018-11-30,666.0
IQ,2018-12-31,643.0
IQ,2019-01-31,610.0
IQ,2019-02-28,573.0
IQ,2019-03-31,617.0
IQ,2019-04-30,631.0
IQ,2019-05-31,661.0
IQ,2019-06-30,647.0
IQ,2019-07-31,683.0
IQ,2019-08-31,682.0
IQ,2019-09-30,661.0
IQ,2019-10-31,630.0
IQ,2019-11-30,650.0
IQ,2019-12-31,646.0
IQ,2020-01-31,607.0
IQ,2020-02-29,580.0
IQ,2020-03-31,592.0
IQ,2020-04-30,444.0
IQ,2020-05-31,435.0
IQ,2020-06-30,485.0
IQ,2020-07-31,544.0
IQ,2020-08-31,559.0
IQ,2020-09-30,550.0
IQ,2020-10-31,550.0
IQ,2020-11-30,550.0
IQ,2020-12-31,617.0
IQ,2021-01-31,595.0
IQ,2021-02-28,476.0
IQ,2021-03-31,495.0
IQ,2021-04-30,562.0
IQ,2021-05-31,430.0
IQ,2021-06-30,546.0
IQ,2021-07-31,465.0
IQ,2021-08-31,552.0
IQ,2021-09-30,470.0
IQ,2021-10-31,548.0
IQ,2021-11-30,581.0
IQ,2021-12-31,484.0
IQ,2022-01-31,489.0
IQ,2022-02-28,628.0
IQ,2022-03-31,316.0
IQ,2022-04-30,509.0
IQ,2022-05-31,591.0
IQ,2022-06-30,610.0
IQ,2022-07-31,562.0
IQ,2022-08-31,742.0
IQ,2022-09-30,666.0
IQ,2022-10-31,727.0
IQ,2022-11-30,614.0
IQ,2022-12-31,514.0
IQ,2023-01-31,332.0
IQ,2023-02-28,547.0
IQ,2023-03-31,452.0
IQ,2023-04-30,536.0
IQ,2023-05-31,451.0
IQ,2023-06-30,402.0
IQ,2023-07-31,432.0
IQ,2023-08-31,342.0
IQ,2023-09-30,462.0
IQ,2023-10-31,523.0
IQ,2023-11-30,466.0
IQ,2023-12-31,452.0
IQ,2024-01-31,399.0
IQ,2024-02-29,406.0
IQ,2024-03-31,416.0
IQ,2024-04-30,
IQ,2024-05-31,
IQ,2024-06-30,
IQ,2024-07-31,
IQ,2024-08-31,
IQ,2024-09-30,
IQ,2024-10-31,
IQ,2024-11-30,
IQ,2024-12-31,
IQ,2025-01-31,
IQ,2025-02-28,
IQ,2025-03-31,
IR,2002-01-31,1360.0
IR,2002-02-28,1355.0
IR,2002-03-31,1341.0
IR,2002-04-30,1350.0
IR,2002-05-31,1332.0
IR,2002-06-30,1324.0
IR,2002-07-31,1207.0
IR,2002-08-31,1350.0
IR,2002-09-30,1244.0
IR,2002-10-31,1231.0
IR,2002-11-30,1236.0
IR,2002-12-31,1221.0
IR,2003-01-31,1238.0
IR,2003-02-28,1340.0
IR,2003-03-31,1346.0
IR,2003-04-30,1346.0
IR,2003-05-31,1320.0
IR,2003-06-30,1350.0
IR,2003-07-31,1350.0
IR,2003-08-31,1360.0
IR,2003-09-30,1360.0
IR,2003-10-31,1360.0
IR,2003-11-30,1355.0
IR,2003-12-31,1355.0
IR,2004-01-31,1350.0
IR,2004-02-29,1360.0
IR,2004-03-31,1360.0
IR,2004-04-30,1380.0
IR,2004-05-31,1385.0
IR,2004-06-30,1380.0
IR,2004-07-31,1310.0
IR,2004-08-31,1370.0
IR,2004-09-30,1370.0
IR,2004-10-31,1350.0
IR,2004-11-30,1360.0
IR,2004-12-31,1365.0
IR,2005-01-31,1381.0
IR,2005-02-28,1380.0
IR,2005-03-31,1385.0
IR,2005-04-30,1410.0
IR,2005-05-31,1450.0
IR,2005-06-30,1470.0
IR,2005-07-31,1480.0
IR,2005-08-31,1480.0
IR,2005-09-30,1485.0
IR,2005-10-31,1488.0
IR,2005-11-30,1530.0
IR,2005-12-31,1560.0
IR,2006-01-31,1610.0
IR,2006-02-28,1560.0
IR,2006-03-31,1600.0
IR,2006-04-30,1600.0
IR,2006-05-31,1620.0
IR,2006-06-30,1611.0
IR,2006-07-31,1550.0
IR,2006-08-31,1609.0
IR,2006-09-30,1640.0
IR,2006-10-31,1590.0
IR,2006-11-30,1550.0
IR,2006-12-31,1580.0
IR,2007-01-31,1650.0
IR,2007-02-28,1500.0
IR,2007-03-31,1600.0
IR,2007-04-30,1613.0
IR,2007-05-31,1610.0
IR,2007-06-30,1600.0
IR,2007-07-31,1610.0
IR,2007-08-31,1570.0
IR,2007-09-30,1605.0
IR,2007-10-31,1620.0
IR,2007-11-30,1625.0
IR,2007-12-31,1650.0
IR,2008-01-31,1650.0
IR,2008-02-29,1660.0
IR,2008-03-31,1680.0
IR,2008-04-30,1647.0
IR,2008-05-31,1680.0
IR,2008-06-30,1707.0
IR,2008-07-31,1690.0
IR,2008-08-31,1602.0
IR,2008-09-30,1601.0
IR,2008-10-31,1610.0
IR,2008-11-30,1550.0
IR,2008-12-31,1555.0
IR,2009-01-31,1525.0
IR,2009-02-28,1520.0
IR,2009-03-31,1510.0
IR,2009-04-30,1500.0
IR,2009-05-31,1510.0
IR,2009-06-30,1525.0
IR,2009-07-31,1530.0
IR,2009-08-31,1510.0
IR,2009-09-30,1515.0
IR,2009-10-31,1518.0
IR,2009-11-30,1520.0
IR,2009-12-31,1525.0
IR,2010-01-31,1505.0
IR,2010-02-28,1500.0
IR,2010-03-31,1501.0
IR,2010-04-30,1500.0
IR,2010-05-31,1500.0
IR,2010-06-30,1502.0
IR,2010-07-31,1515.0
IR,2010-08-31,1520.0
IR,2010-09-30,1530.0
IR,2010-10-31,1525.0
IR,2010-11-30,1520.0
IR,2010-12-31,1527.0
IR,2011-01-31,1505.0
IR,2011-02-28,1514.0
IR,2011-03-31,1530.0
IR,2011-04-30,1560.0
IR,2011-05-31,1558.0
IR,2011-06-30,1556.0
IR,2011-07-31,1555.0
IR,2011-08-31,
IR,2011-09-30,1560.0
IR,2011-10-31,1564.0
IR,2011-11-30,1569.0
IR,2011-12-31,
IR,2012-01-31,1640.0
IR,2012-02-29,1660.0
IR,2012-03-31,1661.0
IR,2012-04-30,1755.0
IR,2012-05-31,1750.0
IR,2012-06-30,
IR,2012-07-31,1765.0
IR,2012-08-31,1800.0
IR,2012-09-30,1810.0
IR,2012-10-31,1900.0
IR,2012-11-30,1924.0
IR,2012-12-31,1930.0
IR,2013-01-31,1935.0
IR,2013-02-28,1943.0
IR,2013-03-31,1948.0
IR,2013-04-30,1945.0
IR,2013-05-31,1950.0
IR,2013-06-30,1954.0
IR,2013-07-31,1955.0
IR,2013-08-31,1953.0
IR,2013-09-30,1855.0
IR,2013-10-31,1770.0
IR,2013-11-30,1780.0
IR,2013-12-31,1795.0
IR,2014-01-31,1797.0
IR,2014-02-28,1790.0
IR,2014-03-31,1788.0
IR,2014-04-30,1772.0
IR,2014-05-31,1770.0
IR,2014-06-30,1650.0
IR,2014-07-31,1610.0
IR,2014-08-31,1710.0
IR,2014-09-30,1610.0
IR,2014-10-31,1710.0
IR,2014-11-30,1710.0
IR,2014-12-31,1715.0
IR,2015-01-31,1718.0
IR,2015-02-28,1700.0
IR,2015-03-31,1705.0
IR,2015-04-30,1701.0
IR,2015-05-31,1703.0
IR,2015-06-30,1704.0
IR,2015-07-31,1705.0
IR,2015-08-31,1700.0
IR,2015-09-30,1710.0
IR,2015-10-31,1760.0
IR,2015-11-30,1785.0
IR,2015-12-31,1788.0
IR,2016-01-31,1790.0
IR,2016-02-29,1700.0
IR,2016-03-31,1690.0
IR,2016-04-30,1600.0
IR,2016-05-31,1600.0
IR,2016-06-30,1605.0
IR,2016-07-31,1605.0
IR,2016-08-31,1590.0
IR,2016-09-30,1610.0
IR,2016-10-31,1650.0
IR,2016-11-30,1661.0
IR,2016-12-31,1650.0
IR,2017-01-31,1655.0
IR,2017-02-28,1661.0
IR,2017-03-31,1650.0
IR,2017-04-30,1750.0
IR,2017-05-31,1747.0
IR,2017-06-30,1748.0
IR,2017-07-31,1748.0
IR,2017-08-31,
IR,2017-09-30,
IR,2017-10-31,
IR,2017-11-30,1702.0
IR,2017-12-31,1711.0
IR,2018-01-31,1710.0
IR,2018-02-28,1720.0
IR,2018-03-31,1725.0
IR,2018-04-30,1724.0
IR,2018-05-31,1702.0
IR,2018-06-30,1728.0
IR,2018-07-31,1730.0
IR,2018-08-31,
IR,2018-09-30,
IR,2018-10-31,
IR,2018-11-30,
IR,2018-12-31,
IR,2019-01-31,
IR,2019-02-28,
IR,2019-03-31,
IR,2019-04-30,
IR,2019-05-31,
IR,2019-06-30,
IR,2019-07-31,
IR,2019-08-31,
IR,2019-09-30,
IR,2019-10-31,
IR,2019-11-30,
IR,2019-12-31,
IR,2020-01-31,
IR,2020-02-29,
IR,2020-03-31,
IR,2020-04-30,
IR,2020-05-31,
IR,2020-06-30,
IR,2020-07-31,
IR,2020-08-31,
IR,2020-09-30,
IR,2020-10-31,
IR,2020-11-30,
IR,2020-12-31,
IR,2021-01-31,
IR,2021-02-28,
IR,2021-03-31,
IR,2021-04-30,
IR,2021-05-31,
IR,2021-06-30,
IR,2021-07-31,
IR,2021-08-31,
IR,2021-09-30,
IR,2021-10-31,
IR,2021-11-30,
IR,2021-12-31,
IR,2022-01-31,
IR,2022-02-28,
IR,2022-03-31,
IR,2022-04-30,
IR,2022-05-31,
IR,2022-06-30,
IR,2022-07-31,
IR,2022-08-31,
IR,2022-09-30,
IR,2022-10-31,
IR,2022-11-30,
IR,2022-12-31,
IR,2023-01-31,
IR,2023-02-28,
IR,2023-03-31,
IR,2023-04-30,
IR,2023-05-31,
IR,2023-06-30,
IR,2023-07-31,
IR,2023-08-31,
IR,2023-09-30,
IR,2023-10-31,
IR,2023-11-30,
IR,2023-12-31,
IR,2024-01-31,
IR,2024-02-29,
IR,2024-03-31,
IR,2024-04-30,
IR,2024-05-31,
IR,2024-06-30,
IR,2024-07-31,
IR,2024-08-31,
IR,2024-09-30,
IR,2024-10-31,
IR,2024-11-30,
IR,2024-12-31,
IR,2025-01-31,
IR,2025-02-28,
IR,2025-03-31,
IT,2002-01-31,1813.1716
IT,2002-02-28,1772.7086
IT,2002-03-31,1520.9084
IT,2002-04-30,1685.1947
IT,2002-05-31,1423.0916
IT,2002-06-30,1790.688
IT,2002-07-31,1807.4735
IT,2002-08-31,1679.9794
IT,2002-09-30,1786.0267
IT,2002-10-31,1811.2723
IT,2002-11-30,1902.3147
IT,2002-12-31,1865.1665
IT,2003-01-31,1802.9626
IT,2003-02-28,1688.3314
IT,2003-03-31,1800.351
IT,2003-04-30,1759.5307
IT,2003-05-31,1763.3135
IT,2003-06-30,1750.208
IT,2003-07-31,1845.2232
IT,2003-08-31,1839.7626
IT,2003-09-30,1655.0187
IT,2003-10-31,1828.6039
IT,2003-11-30,1942.304
IT,2003-12-31,1848.0723
IT,2004-01-31,1806.049
IT,2004-02-29,1877.5614
IT,2004-03-31,1850.9213
IT,2004-04-30,1774.7413
IT,2004-05-31,1827.6542
IT,2004-06-30,1864.288
IT,2004-07-31,1835.9639
IT,2004-08-31,1949.4503
IT,2004-09-30,1934.4533
IT,2004-10-31,1812.2219
IT,2004-11-30,1741.1307
IT,2004-12-31,1963.2206
IT,2005-01-31,1825.0426
IT,2005-02-28,1738.2743
IT,2005-03-31,1712.7432
IT,2005-04-30,1887.84
IT,2005-05-31,1948.0258
IT,2005-06-30,1904.5227
IT,2005-07-31,1929.2697
IT,2005-08-31,1913.8374
IT,2005-09-30,2020.8107
IT,2005-10-31,2047.0297
IT,2005-11-30,1976.896
IT,2005-12-31,1892.9445
IT,2006-01-31,1859.7058
IT,2006-02-28,1876.8
IT,2006-03-31,1820.2942
IT,2006-04-30,1813.9947
IT,2006-05-31,1504.5265
IT,2006-06-30,1868.4587
IT,2006-07-31,1873.4761
IT,2006-08-31,1932.3561
IT,2006-09-30,1884.16
IT,2006-10-31,1948.9755
IT,2006-11-30,1982.784
IT,2006-12-31,1954.1987
IT,2007-01-31,1907.9019
IT,2007-02-28,1929.6343
IT,2007-03-31,1908.3768
IT,2007-04-30,1834.112
IT,2007-05-31,1882.7355
IT,2007-06-30,1850.7947
IT,2007-07-31,1893.4194
IT,2007-08-31,1914.3123
IT,2007-09-30,1854.2293
IT,2007-10-31,1819.5819
IT,2007-11-30,1732.2987
IT,2007-12-31,1948.0258
IT,2008-01-31,1871.3394
IT,2008-02-29,1778.0745
IT,2008-03-31,1813.1716
IT,2008-04-30,1699.9147
IT,2008-05-31,1634.3948
IT,2008-06-30,1722.976
IT,2008-07-31,1727.4632
IT,2008-08-31,1769.7239
IT,2008-09-30,1734.752
IT,2008-10-31,1713.2181
IT,2008-11-30,1741.1307
IT,2008-12-31,1799.6387
IT,2009-01-31,1630.3587
IT,2009-02-28,1524.0457
IT,2009-03-31,1609.7032
IT,2009-04-30,1675.136
IT,2009-05-31,1582.6374
IT,2009-06-30,1587.552
IT,2009-07-31,1708.2323
IT,2009-08-31,1703.2465
IT,2009-09-30,1647.168
IT,2009-10-31,1615.4013
IT,2009-11-30,1577.248
IT,2009-12-31,1557.7084
IT,2010-01-31,1601.631
IT,2010-02-28,1587.6571
IT,2010-03-31,1650.7768
IT,2010-04-30,1597.856
IT,2010-05-31,1576.4645
IT,2010-06-30,1814.24
IT,2010-07-31,1758.8026
IT,2010-08-31,1694.6994
IT,2010-09-30,1729.1093
IT,2010-10-31,1659.7987
IT,2010-11-30,1736.4693
IT,2010-12-31,1796.3148
IT,2011-01-31,1774.9471
IT,2011-02-28,1550.8571
IT,2011-03-31,1540.6142
IT,2011-04-30,1516.16
IT,2011-05-31,1557.2335
IT,2011-06-30,1623.8613
IT,2011-07-31,1547.9742
IT,2011-08-31,1660.7484
IT,2011-09-30,1573.568
IT,2011-10-31,1550.5858
IT,2011-11-30,1517.632
IT,2011-12-31,1545.6
IT,2012-01-31,1571.2413
IT,2012-02-29,1498.3945
IT,2012-03-31,1388.191
IT,2012-04-30,1327.4987
IT,2012-05-31,1490.5187
IT,2012-06-30,1442.56
IT,2012-07-31,1602.5806
IT,2012-08-31,1626.0852
IT,2012-09-30,1567.68
IT,2012-10-31,1519.2465
IT,2012-11-30,1434.464
IT,2012-12-31,1380.3561
IT,2013-01-31,1287.0503
IT,2013-02-28,1266.4457
IT,2013-03-31,1186.3845
IT,2013-04-30,1207.04
IT,2013-05-31,1191.1329
IT,2013-06-30,1271.808
IT,2013-07-31,1410.5084
IT,2013-08-31,1332.16
IT,2013-09-30,1256.8427
IT,2013-10-31,1239.0916
IT,2013-11-30,1330.688
IT,2013-12-31,1271.1432
IT,2014-01-31,1293.2232
IT,2014-02-28,1174.1829
IT,2014-03-31,1052.7174
IT,2014-04-30,1078.4853
IT,2014-05-31,1172.6142
IT,2014-06-30,1187.168
IT,2014-07-31,1248.1135
IT,2014-08-31,1311.2671
IT,2014-09-30,1211.2107
IT,2014-10-31,1144.5987
IT,2014-11-30,1273.0347
IT,2014-12-31,1281.1148
IT,2015-01-31,1260.2219
IT,2015-02-28,1314.2857
IT,2015-03-31,1251.4374
IT,2015-04-30,1299.04
IT,2015-05-31,1422.1419
IT,2015-06-30,1324.5547
IT,2015-07-31,1394.3639
IT,2015-08-31,1420.2426
IT,2015-09-30,1353.9947
IT,2015-10-31,1336.9084
IT,2015-11-30,1401.0987
IT,2015-12-31,1375.1329
IT,2016-01-31,1299.871
IT,2016-02-29,1143.3379
IT,2016-03-31,1201.3419
IT,2016-04-30,1349.824
IT,2016-05-31,1257.3729
IT,2016-06-30,1253.408
IT,2016-07-31,1341.8942
IT,2016-08-31,1407.6594
IT,2016-09-30,1387.6053
IT,2016-10-31,1231.969
IT,2016-11-30,1380.4907
IT,2016-12-31,1402.1987
IT,2017-01-31,1403.1484
IT,2017-02-28,1339.7829
IT,2017-03-31,1311.5045
IT,2017-04-30,1328.9707
IT,2017-05-31,1285.8632
IT,2017-06-30,1410.4213
IT,2017-07-31,1480.0723
IT,2017-08-31,1507.8503
IT,2017-09-30,1445.2587
IT,2017-10-31,1445.409
IT,2017-11-30,1442.3147
IT,2017-12-31,1449.4452
IT,2018-01-31,1362.7871
IT,2018-02-28,1340.8343
IT,2018-03-31,1354.24
IT,2018-04-30,1380.0
IT,2018-05-31,1337.1458
IT,2018-06-30,1284.32
IT,2018-07-31,1328.1239
IT,2018-08-31,1438.2865
IT,2018-09-30,1349.088
IT,2018-10-31,1287.0503
IT,2018-11-30,1377.5467
IT,2018-12-31,1380.5935
IT,2019-01-31,1280.8774
IT,2019-02-28,1200.4686
IT,2019-03-31,1242.6529
IT,2019-04-30,1297.568
IT,2019-05-31,1331.4477
IT,2019-06-30,1370.432
IT,2019-07-31,1456.3303
IT,2019-08-31,1508.3252
IT,2019-09-30,1485.0027
IT,2019-10-31,1346.6426
IT,2019-11-30,1353.504
IT,2019-12-31,1295.5974
IT,2020-01-31,1306.2813
IT,2020-02-29,1237.2414
IT,2020-03-31,1121.569
IT,2020-04-30,999.7333
IT,2020-05-31,964.8723
IT,2020-06-30,1001.696
IT,2020-07-31,1091.4168
IT,2020-08-31,1211.0761
IT,2020-09-30,1141.536
IT,2020-10-31,1066.7252
IT,2020-11-30,1102.2827
IT,2020-12-31,1073.8477
IT,2021-01-31,1043.9329
IT,2021-02-28,956.0114
IT,2021-03-31,1174.9884
IT,2021-04-30,1221.5147
IT,2021-05-31,1205.1406
IT,2021-06-30,1307.872
IT,2021-07-31,1208.9394
IT,2021-08-31,1259.2723
IT,2021-09-30,1331.9147
IT,2021-10-31,1383.9174
IT,2021-11-30,1386.3787
IT,2021-12-31,1246.4516
IT,2022-01-31,1130.591
IT,2022-02-28,1111.0971
IT,2022-03-31,1230.5445
IT,2022-04-30,1334.8587
IT,2022-05-31,1464.4026
IT,2022-06-30,1455.072
IT,2022-07-31,1421.4297
IT,2022-08-31,1410.9832
IT,2022-09-30,1399.872
IT,2022-10-31,1335.009
IT,2022-11-30,1267.392
IT,2022-12-31,1281.5897
IT,2023-01-31,1355.9019
IT,2023-02-28,1170.7657
IT,2023-03-31,1311.2671
IT,2023-04-30,1424.16
IT,2023-05-31,1169.0529
IT,2023-06-30,1183.2427
IT,2023-07-31,1222.7097
IT,2023-08-31,1324.8
IT,2023-09-30,1425.8773
IT,2023-10-31,1391.04
IT,2023-11-30,1290.6987
IT,2023-12-31,1275.6542
IT,2024-01-31,1342.8439
IT,2024-02-29,1268.7117
IT,2024-03-31,1293.9355
IT,2024-04-30,1197.2267
IT,2024-05-31,1140.0877
IT,2024-06-30,1141.0453
IT,2024-07-31,1180.6865
IT,2024-08-31,1234.8181
IT,2024-09-30,1149.632
IT,2024-10-31,1127.2671
IT,2024-11-30,1162.3893
IT,2024-12-31,1340.9445
IT,2025-01-31,1254.2865
IT,2025-02-28,1154.2057
IT,2025-03-31,1191.8452
JM,2002-01-31,16.1935
JM,2002-02-28,15.6429
JM,2002-03-31,26.5161
JM,2002-04-30,26.7
JM,2002-05-31,14.8065
JM,2002-06-30,28.2333
JM,2002-07-31,27.5806
JM,2002-08-31,27.8387
JM,2002-09-30,25.9
JM,2002-10-31,20.6452
JM,2002-11-30,27.8333
JM,2002-12-31,17.9677
JM,2003-01-31,0.0
JM,2003-02-28,0.0
JM,2003-03-31,0.0
JM,2003-04-30,0.0
JM,2003-05-31,0.0
JM,2003-06-30,0.0
JM,2003-07-31,0.0
JM,2003-08-31,0.0
JM,2003-09-30,0.0
JM,2003-10-31,0.0
JM,2003-11-30,0.0
JM,2003-12-31,0.0
JM,2004-01-31,19.2258
JM,2004-02-29,20.2414
JM,2004-03-31,23.5161
JM,2004-04-30,24.4333
JM,2004-05-31,25.4516
JM,2004-06-30,24.4333
JM,2004-07-31,0.129
JM,2004-08-31,0.1613
JM,2004-09-30,2.7
JM,2004-10-31,17.8065
JM,2004-11-30,5.3667
JM,2004-12-31,0.1935
JM,2005-01-31,0.0323
JM,2005-02-28,0.0714
JM,2005-03-31,0.1613
JM,2005-04-30,0.0
JM,2005-05-31,0.0
JM,2005-06-30,5.1
JM,2005-07-31,18.7419
JM,2005-08-31,12.4516
JM,2005-09-30,24.9
JM,2005-10-31,17.9355
JM,2005-11-30,14.5
JM,2005-12-31,17.9677
JM,2006-01-31,18.5484
JM,2006-02-28,9.6786
JM,2006-03-31,25.0323
JM,2006-04-30,25.3333
JM,2006-05-31,27.7742
JM,2006-06-30,25.6
JM,2006-07-31,27.0323
JM,2006-08-31,27.7742
JM,2006-09-30,29.1667
JM,2006-10-31,20.2903
JM,2006-11-30,0.0333
JM,2006-12-31,11.0968
JM,2007-01-31,29.2258
JM,2007-02-28,20.5357
JM,2007-03-31,28.4194
JM,2007-04-30,29.7333
JM,2007-05-31,29.2258
JM,2007-06-30,28.6333
JM,2007-07-31,28.3226
JM,2007-08-31,0.0
JM,2007-09-30,25.8
JM,2007-10-31,13.9677
JM,2007-11-30,0.0
JM,2007-12-31,11.7419
JM,2008-01-31,27.7097
JM,2008-02-29,26.5172
JM,2008-03-31,27.9032
JM,2008-04-30,28.0667
JM,2008-05-31,22.9677
JM,2008-06-30,28.5667
JM,2008-07-31,29.5484
JM,2008-08-31,22.7097
JM,2008-09-30,20.5333
JM,2008-10-31,0.1613
JM,2008-11-30,21.1667
JM,2008-12-31,27.4516
JM,2009-01-31,26.6774
JM,2009-02-28,25.7143
JM,2009-03-31,28.5161
JM,2009-04-30,27.6
JM,2009-05-31,28.7097
JM,2009-06-30,13.7333
JM,2009-07-31,24.2258
JM,2009-08-31,28.4194
JM,2009-09-30,29.3
JM,2009-10-31,16.0645
JM,2009-11-30,6.0333
JM,2009-12-31,26.5484
JM,2010-01-31,27.6129
JM,2010-02-28,29.7143
JM,2010-03-31,22.0968
JM,2010-04-30,25.1333
JM,2010-05-31,29.6129
JM,2010-06-30,29.8333
JM,2010-07-31,28.9032
JM,2010-08-31,28.129
JM,2010-09-30,12.0
JM,2010-10-31,0.0968
JM,2010-11-30,0.0
JM,2010-12-31,23.7419
JM,2011-01-31,29.3226
JM,2011-02-28,23.1429
JM,2011-03-31,27.5806
JM,2011-04-30,19.4667
JM,2011-05-31,8.7742
JM,2011-06-30,27.6
JM,2011-07-31,26.6452
JM,2011-08-31,24.3871
JM,2011-09-30,25.5667
JM,2011-10-31,27.5161
JM,2011-11-30,26.4
JM,2011-12-31,27.9355
JM,2012-01-31,24.0645
JM,2012-02-29,26.3103
JM,2012-03-31,27.1613
JM,2012-04-30,26.8667
JM,2012-05-31,0.0968
JM,2012-06-30,18.6333
JM,2012-07-31,28.0968
JM,2012-08-31,25.6452
JM,2012-09-30,26.6667
JM,2012-10-31,24.6774
JM,2012-11-30,30.2
JM,2012-12-31,27.4839
JM,2013-01-31,28.0
JM,2013-02-28,29.8214
JM,2013-03-31,27.6452
JM,2013-04-30,27.5
JM,2013-05-31,0.0
JM,2013-06-30,25.8
JM,2013-07-31,26.0645
JM,2013-08-31,20.871
JM,2013-09-30,28.9667
JM,2013-10-31,17.5806
JM,2013-11-30,18.0333
JM,2013-12-31,28.1613
JM,2014-01-31,23.4516
JM,2014-02-28,24.4286
JM,2014-03-31,27.2258
JM,2014-04-30,20.9333
JM,2014-05-31,22.871
JM,2014-06-30,25.7667
JM,2014-07-31,24.9355
JM,2014-08-31,1.0
JM,2014-09-30,0.0
JM,2014-10-31,9.6129
JM,2014-11-30,25.1
JM,2014-12-31,24.9677
JM,2015-01-31,21.2581
JM,2015-02-28,24.9286
JM,2015-03-31,27.7742
JM,2015-04-30,27.1
JM,2015-05-31,7.5806
JM,2015-06-30,19.4667
JM,2015-07-31,28.1613
JM,2015-08-31,26.7097
JM,2015-09-30,15.9
JM,2015-10-31,28.5484
JM,2015-11-30,30.8
JM,2015-12-31,27.3871
JM,2016-01-31,27.7419
JM,2016-02-29,27.1724
JM,2016-03-31,6.3871
JM,2016-04-30,18.3667
JM,2016-05-31,0.0
JM,2016-06-30,0.0
JM,2016-07-31,0.0
JM,2016-08-31,
JM,2016-09-30,
JM,2016-10-31,
JM,2016-11-30,
JM,2016-12-31,
JM,2017-01-31,
JM,2017-02-28,
JM,2017-03-31,
JM,2017-04-30,
JM,2017-05-31,
JM,2017-06-30,18.7667
JM,2017-07-31,7.8065
JM,2017-08-31,
JM,2017-09-30,22.4
JM,2017-10-31,21.5806
JM,2017-11-30,23.8333
JM,2017-12-31,28.0
JM,2018-01-31,23.8387
JM,2018-02-28,26.8571
JM,2018-03-31,30.9355
JM,2018-04-30,29.6667
JM,2018-05-31,10.9355
JM,2018-06-30,
JM,2018-07-31,
JM,2018-08-31,22.8065
JM,2018-09-30,26.7
JM,2018-10-31,26.3226
JM,2018-11-30,27.7667
JM,2018-12-31,27.3226
JM,2019-01-31,24.9355
JM,2019-02-28,12.1429
JM,2019-03-31,20.8065
JM,2019-04-30,
JM,2019-05-31,27.6774
JM,2019-06-30,
JM,2019-07-31,
JM,2019-08-31,28.2903
JM,2019-09-30,26.2333
JM,2019-10-31,26.0
JM,2019-11-30,26.0
JM,2019-12-31,20.3871
JM,2020-01-31,30.2581
JM,2020-02-29,31.5172
JM,2020-03-31,29.0
JM,2020-04-30,24.2333
JM,2020-05-31,24.4194
JM,2020-06-30,23.7
JM,2020-07-31,
JM,2020-08-31,8.0323
JM,2020-09-30,
JM,2020-10-31,
JM,2020-11-30,
JM,2020-12-31,
JM,2021-01-31,
JM,2021-02-28,
JM,2021-03-31,
JM,2021-04-30,
JM,2021-05-31,
JM,2021-06-30,
JM,2021-07-31,
JM,2021-08-31,
JM,2021-09-30,
JM,2021-10-31,
JM,2021-11-30,
JM,2021-12-31,
JM,2022-01-31,
JM,2022-02-28,
JM,2022-03-31,
JM,2022-04-30,
JM,2022-05-31,
JM,2022-06-30,
JM,2022-07-31,
JM,2022-08-31,
JM,2022-09-30,
JM,2022-10-31,
JM,2022-11-30,
JM,2022-12-31,
JM,2023-01-31,
JM,2023-02-28,
JM,2023-03-31,
JM,2023-04-30,
JM,2023-05-31,
JM,2023-06-30,
JM,2023-07-31,
JM,2023-08-31,
JM,2023-09-30,
JM,2023-10-31,
JM,2023-11-30,
JM,2023-12-31,
JM,2024-01-31,
JM,2024-02-29,
JM,2024-03-31,
JM,2024-04-30,
JM,2024-05-31,
JM,2024-06-30,
JM,2024-07-31,
JM,2024-08-31,
JM,2024-09-30,
JM,2024-10-31,
JM,2024-11-30,
JM,2024-12-31,
JM,2025-01-31,
JP,2002-01-31,4299.0874
JP,2002-02-28,4309.0811
JP,2002-03-31,4050.1716
JP,2002-04-30,3897.0103
JP,2002-05-31,3461.0471
JP,2002-06-30,3130.776
JP,2002-07-31,3809.8145
JP,2002-08-31,3896.3526
JP,2002-09-30,3900.941
JP,2002-10-31,3654.8068
JP,2002-11-30,4186.6513
JP,2002-12-31,4432.2229
JP,2003-01-31,4384.9123
JP,2003-02-28,4590.1939
JP,2003-03-31,4395.3729
JP,2003-04-30,4199.1803
JP,2003-05-31,3817.1845
JP,2003-06-30,3621.618
JP,2003-07-31,3871.1519
JP,2003-08-31,3868.5368
JP,2003-09-30,3756.2433
JP,2003-10-31,3882.5635
JP,2003-11-30,4069.2227
JP,2003-12-31,4223.4855
JP,2004-01-31,4248.4484
JP,2004-02-29,4366.5979
JP,2004-03-31,4227.5271
JP,2004-04-30,3984.959
JP,2004-05-31,3337.4213
JP,2004-06-30,3341.8037
JP,2004-07-31,3858.0761
JP,2004-08-31,4211.8361
JP,2004-09-30,3706.8643
JP,2004-10-31,3699.74
JP,2004-11-30,4129.9023
JP,2004-12-31,4221.3458
JP,2005-01-31,4175.9371
JP,2005-02-28,4333.0336
JP,2005-03-31,4208.9832
JP,2005-04-30,3930.1753
JP,2005-05-31,3557.3326
JP,2005-06-30,3662.6443
JP,2005-07-31,3935.8177
JP,2005-08-31,4141.94
JP,2005-09-30,4146.1163
JP,2005-10-31,4050.6471
JP,2005-11-30,4109.7577
JP,2005-12-31,4279.3548
JP,2006-01-31,4370.41
JP,2006-02-28,4243.0143
JP,2006-03-31,4277.6906
JP,2006-04-30,3929.684
JP,2006-05-31,3476.5003
JP,2006-06-30,3486.01
JP,2006-07-31,3818.1355
JP,2006-08-31,4060.87
JP,2006-09-30,3894.308
JP,2006-10-31,3421.5819
JP,2006-11-30,3843.9463
JP,2006-12-31,4155.4913
JP,2007-01-31,4100.0974
JP,2007-02-28,4079.0318
JP,2007-03-31,4013.5594
JP,2007-04-30,3856.4753
JP,2007-05-31,3294.8655
JP,2007-06-30,3431.472
JP,2007-07-31,3836.2039
JP,2007-08-31,4124.5848
JP,2007-09-30,3640.043
JP,2007-10-31,3668.1203
JP,2007-11-30,4005.8407
JP,2007-12-31,4236.5613
JP,2008-01-31,4097.4823
JP,2008-02-29,4119.5759
JP,2008-03-31,4150.0232
JP,2008-04-30,3938.2823
JP,2008-05-31,3532.1319
JP,2008-06-30,3382.093
JP,2008-07-31,3718.9971
JP,2008-08-31,3864.0197
JP,2008-09-30,3459.2323
JP,2008-10-31,3415.1629
JP,2008-11-30,3619.1613
JP,2008-12-31,3838.3435
JP,2009-01-31,3714.3084
JP,2009-02-28,4025.615
JP,2009-03-31,3681.7561
JP,2009-04-30,3308.578
JP,2009-05-31,3204.4826
JP,2009-06-30,2979.872
JP,2009-07-31,3167.8613
JP,2009-08-31,3527.851
JP,2009-09-30,3445.848
JP,2009-10-31,3131.24
JP,2009-11-30,3436.6967
JP,2009-12-31,3683.671
JP,2010-01-31,3775.1045
JP,2010-02-28,3792.945
JP,2010-03-31,3567.5839
JP,2010-04-30,3502.24
JP,2010-05-31,3221.7161
JP,2010-06-30,2826.0307
JP,2010-07-31,3248.0452
JP,2010-08-31,3525.6968
JP,2010-09-30,3341.968
JP,2010-10-31,3198.9774
JP,2010-11-30,3486.658
JP,2010-12-31,3715.2658
JP,2011-01-31,3726.2761
JP,2011-02-28,3798.775
JP,2011-03-31,3202.089
JP,2011-04-30,3095.3767
JP,2011-05-31,2780.1065
JP,2011-06-30,2927.932
JP,2011-07-31,3166.1858
JP,2011-08-31,3367.4832
JP,2011-09-30,3144.3487
JP,2011-10-31,2980.2071
JP,2011-11-30,3204.9453
JP,2011-12-31,3368.2013
JP,2012-01-31,3446.7097
JP,2012-02-29,3486.3766
JP,2012-03-31,3470.8845
JP,2012-04-30,3314.514
JP,2012-05-31,2995.0471
JP,2012-06-30,2821.3313
JP,2012-07-31,3148.2342
JP,2012-08-31,3294.2406
JP,2012-09-30,3087.9567
JP,2012-10-31,3009.8871
JP,2012-11-30,3088.204
JP,2012-12-31,3518.2768
JP,2013-01-31,3475.6716
JP,2013-02-28,3665.48
JP,2013-03-31,3368.9194
JP,2013-04-30,3299.9213
JP,2013-05-31,2848.5619
JP,2013-06-30,2974.9253
JP,2013-07-31,3218.6045
JP,2013-08-31,3392.1368
JP,2013-09-30,3206.6767
JP,2013-10-31,2878.0026
JP,2013-11-30,3332.322
JP,2013-12-31,3526.8935
JP,2014-01-31,3430.9123
JP,2014-02-28,3458.25
JP,2014-03-31,3378.0148
JP,2014-04-30,3162.6513
JP,2014-05-31,2804.0419
JP,2014-06-30,2519.09
JP,2014-07-31,2959.6226
JP,2014-08-31,3138.8994
JP,2014-09-30,3166.6087
JP,2014-10-31,2892.6032
JP,2014-11-30,3182.1907
JP,2014-12-31,3411.7639
JP,2015-01-31,3486.4426
JP,2015-02-28,3440.23
JP,2015-03-31,3273.1774
JP,2015-04-30,3253.67
JP,2015-05-31,2915.1026
JP,2015-06-30,2521.316
JP,2015-07-31,3048.4232
JP,2015-08-31,3330.8619
JP,2015-09-30,3071.6327
JP,2015-10-31,2945.5006
JP,2015-11-30,3112.9373
JP,2015-12-31,3250.6781
JP,2016-01-31,3370.1161
JP,2016-02-29,3312.3903
JP,2016-03-31,3306.6871
JP,2016-04-30,3320.2027
JP,2016-05-31,3000.7916
JP,2016-06-30,2852.0007
JP,2016-07-31,3034.0619
JP,2016-08-31,3222.6735
JP,2016-09-30,2999.4113
JP,2016-10-31,2769.8142
JP,2016-11-30,3176.7493
JP,2016-12-31,3457.0019
JP,2017-01-31,3442.6406
JP,2017-02-28,3504.89
JP,2017-03-31,3212.6206
JP,2017-04-30,3182.6853
JP,2017-05-31,2910.0761
JP,2017-06-30,2762.9607
JP,2017-07-31,3153.0213
JP,2017-08-31,3333.7342
JP,2017-09-30,3157.4573
JP,2017-10-31,2886.6194
JP,2017-11-30,3203.956
JP,2017-12-31,3413.6787
JP,2018-01-31,3294.7194
JP,2018-02-28,3254.2
JP,2018-03-31,3272.9381
JP,2018-04-30,3161.4147
JP,2018-05-31,2824.8658
JP,2018-06-30,2528.4887
JP,2018-07-31,2971.351
JP,2018-08-31,3218.6045
JP,2018-09-30,3052.588
JP,2018-10-31,2596.5213
JP,2018-11-30,3174.7707
JP,2018-12-31,3211.4239
JP,2019-01-31,3235.5987
JP,2019-02-28,3190.07
JP,2019-03-31,3142.729
JP,2019-04-30,3083.2573
JP,2019-05-31,2721.9432
JP,2019-06-30,2864.6147
JP,2019-07-31,2982.1219
JP,2019-08-31,3167.8613
JP,2019-09-30,2949.9447
JP,2019-10-31,2781.0639
JP,2019-11-30,2992.7333
JP,2019-12-31,3125.0168
JP,2020-01-31,3076.9065
JP,2020-02-29,2898.6614
JP,2020-03-31,2840.9026
JP,2020-04-30,2572.514
JP,2020-05-31,2071.3768
JP,2020-06-30,2060.0393
JP,2020-07-31,2111.5884
JP,2020-08-31,2340.651
JP,2020-09-30,2284.618
JP,2020-10-31,2274.3497
JP,2020-11-30,2483.2267
JP,2020-12-31,2773.4045
JP,2021-01-31,2699.6832
JP,2021-02-28,2524.92
JP,2021-03-31,2446.2065
JP,2021-04-30,2410.758
JP,2021-05-31,2134.5665
JP,2021-06-30,2121.378
JP,2021-07-31,2249.4568
JP,2021-08-31,2666.8916
JP,2021-09-30,2619.0127
JP,2021-10-31,2502.2155
JP,2021-11-30,2624.7013
JP,2021-12-31,2934.251
JP,2022-01-31,2847.3652
JP,2022-02-28,2820.925
JP,2022-03-31,2724.0974
JP,2022-04-30,2720.4193
JP,2022-05-31,2648.2219
JP,2022-06-30,2421.6407
JP,2022-07-31,2566.6019
JP,2022-08-31,2912.709
JP,2022-09-30,2719.1827
JP,2022-10-31,2604.42
JP,2022-11-30,2736.496
JP,2022-12-31,2847.1258
JP,2023-01-31,2878.0026
JP,2023-02-28,2794.16
JP,2023-03-31,2649.4187
JP,2023-04-30,2621.7333
JP,2023-05-31,2331.0768
JP,2023-06-30,2182.222
JP,2023-07-31,2387.8039
JP,2023-08-31,2747.3148
JP,2023-09-30,2492.8727
JP,2023-10-31,2439.0258
JP,2023-11-30,2484.4633
JP,2023-12-31,2707.1032
JP,2024-01-31,2618.0632
JP,2024-02-29,2487.491
JP,2024-03-31,2530.22
JP,2024-04-30,2450.5787
JP,2024-05-31,2329.88
JP,2024-06-30,2042.4787
JP,2024-07-31,1952.6568
JP,2024-08-31,2229.5903
JP,2024-09-30,2375.142
JP,2024-10-31,2342.0871
JP,2024-11-30,2441.922
JP,2024-12-31,2617.1058
JP,2025-01-31,2550.0865
JP,2025-02-28,2378.64
JP,2025-03-31,2370.8097
KR,2002-01-31,2383.3629
KR,2002-02-28,2299.9664
KR,2002-03-31,2275.9035
KR,2002-04-30,2114.9443
KR,2002-05-31,2084.5213
KR,2002-06-30,2044.438
KR,2002-07-31,2070.97
KR,2002-08-31,2036.0219
KR,2002-09-30,2016.1863
KR,2002-10-31,2193.6448
KR,2002-11-30,2141.722
KR,2002-12-31,2259.9748
KR,2003-01-31,2281.6094
KR,2003-02-28,2287.8586
KR,2003-03-31,2279.9452
KR,2003-04-30,2128.7017
KR,2003-05-31,2008.9194
KR,2003-06-30,2098.976
KR,2003-07-31,2075.4871
KR,2003-08-31,1819.2013
KR,2003-09-30,1920.3763
KR,2003-10-31,2217.8945
KR,2003-11-30,2294.5267
KR,2003-12-31,2298.489
KR,2004-01-31,2367.6719
KR,2004-02-29,2355.0962
KR,2004-03-31,2303.7194
KR,2004-04-30,2275.856
KR,2004-05-31,2168.4442
KR,2004-06-30,2083.0077
KR,2004-07-31,1911.4452
KR,2004-08-31,2168.2065
KR,2004-09-30,2189.3813
KR,2004-10-31,2332.0106
KR,2004-11-30,2448.314
KR,2004-12-31,2460.629
KR,2005-01-31,2427.5829
KR,2005-02-28,2410.5164
KR,2005-03-31,2439.7077
KR,2005-04-30,2222.792
KR,2005-05-31,2313.229
KR,2005-06-30,2105.8547
KR,2005-07-31,2231.2081
KR,2005-08-31,2146.8097
KR,2005-09-30,2338.0097
KR,2005-10-31,2373.3777
KR,2005-11-30,2499.6583
KR,2005-12-31,2518.4003
KR,2006-01-31,2517.2116
KR,2006-02-28,2425.2564
KR,2006-03-31,2395.9632
KR,2006-04-30,2312.706
KR,2006-05-31,2501.7584
KR,2006-06-30,2129.6843
KR,2006-07-31,2412.1297
KR,2006-08-31,2391.9216
KR,2006-09-30,2445.6117
KR,2006-10-31,2408.0881
KR,2006-11-30,2491.5513
KR,2006-12-31,2450.4061
KR,2007-01-31,2477.5087
KR,2007-02-28,2497.9036
KR,2007-03-31,2463.7197
KR,2007-04-30,2351.2757
KR,2007-05-31,2412.8429
KR,2007-06-30,2434.311
KR,2007-07-31,2375.0419
KR,2007-08-31,2297.0626
KR,2007-09-30,2329.657
KR,2007-10-31,2283.749
KR,2007-11-30,2564.5143
KR,2007-12-31,2547.8803
KR,2008-01-31,2514.121
KR,2008-02-29,2351.5383
KR,2008-03-31,2386.4535
KR,2008-04-30,2261.3617
KR,2008-05-31,2433.051
KR,2008-06-30,2192.3293
KR,2008-07-31,2332.9616
KR,2008-08-31,2264.0165
KR,2008-09-30,2405.8137
KR,2008-10-31,2384.7894
KR,2008-11-30,2428.6607
KR,2008-12-31,2422.1148
KR,2009-01-31,2499.3432
KR,2009-02-28,2430.58
KR,2009-03-31,2424.4252
KR,2009-04-30,2326.17
KR,2009-05-31,2080.7116
KR,2009-06-30,2284.3707
KR,2009-07-31,2257.5948
KR,2009-08-31,2340.1723
KR,2009-09-30,2253.9487
KR,2009-10-31,2330.5981
KR,2009-11-30,2256.6693
KR,2009-12-31,2283.9239
KR,2010-01-31,2376.3148
KR,2010-02-28,2398.25
KR,2010-03-31,2212.8355
KR,2010-04-30,2308.8567
KR,2010-05-31,2290.6258
KR,2010-06-30,2408.0373
KR,2010-07-31,2274.8284
KR,2010-08-31,2458.6529
KR,2010-09-30,2527.994
KR,2010-10-31,2492.4019
KR,2010-11-30,2534.672
KR,2010-12-31,2570.1923
KR,2011-01-31,2542.4271
KR,2011-02-28,2528.63
KR,2011-03-31,2516.3374
KR,2011-04-30,2582.4073
KR,2011-05-31,2511.0716
KR,2011-06-30,2519.3373
KR,2011-07-31,2517.0555
KR,2011-08-31,2430.409
KR,2011-09-30,2496.3353
KR,2011-10-31,2628.8342
KR,2011-11-30,2635.3367
KR,2011-12-31,2618.0632
KR,2012-01-31,2647.7432
KR,2012-02-29,2637.1703
KR,2012-03-31,2458.1742
KR,2012-04-30,2476.5487
KR,2012-05-31,2633.6213
KR,2012-06-30,2587.8487
KR,2012-07-31,2631.2277
KR,2012-08-31,2615.4303
KR,2012-09-30,2599.7207
KR,2012-10-31,2644.871
KR,2012-11-30,2593.5373
KR,2012-12-31,2670.7213
KR,2013-01-31,2728.8845
KR,2013-02-28,2720.49
KR,2013-03-31,2431.3665
KR,2013-04-30,2241.8293
KR,2013-05-31,2327.2471
KR,2013-06-30,2592.548
KR,2013-07-31,2466.3123
KR,2013-08-31,2469.6632
KR,2013-09-30,2404.5747
KR,2013-10-31,2513.2258
KR,2013-11-30,2606.1513
KR,2013-12-31,2475.1684
KR,2014-01-31,2511.7897
KR,2014-02-28,2470.065
KR,2014-03-31,2546.9748
KR,2014-04-30,2346.4513
KR,2014-05-31,2412.4574
KR,2014-06-30,2426.5873
KR,2014-07-31,2586.4684
KR,2014-08-31,2700.6406
KR,2014-09-30,2521.0687
KR,2014-10-31,2527.1084
KR,2014-11-30,2651.908
KR,2014-12-31,2698.0077
KR,2015-01-31,2794.9465
KR,2015-02-28,2825.43
KR,2015-03-31,2761.4368
KR,2015-04-30,2628.164
KR,2015-05-31,2752.82
KR,2015-06-30,2929.9107
KR,2015-07-31,2912.4697
KR,2015-08-31,2874.6516
KR,2015-09-30,2696.6753
KR,2015-10-31,2697.7684
KR,2015-11-30,2734.5173
KR,2015-12-31,2979.0103
KR,2016-01-31,2971.5903
KR,2016-02-29,3141.7303
KR,2016-03-31,2893.0819
KR,2016-04-30,2852.7427
KR,2016-05-31,2968.9574
KR,2016-06-30,2888.1113
KR,2016-07-31,2982.3613
KR,2016-08-31,2886.8587
KR,2016-09-30,2830.9773
KR,2016-10-31,2872.7368
KR,2016-11-30,2990.26
KR,2016-12-31,3102.9961
KR,2017-01-31,3190.1213
KR,2017-02-28,3159.065
KR,2017-03-31,3034.0619
KR,2017-04-30,2879.9493
KR,2017-05-31,2952.6813
KR,2017-06-30,2793.8773
KR,2017-07-31,3099.1665
KR,2017-08-31,3104.6716
KR,2017-09-30,2890.09
KR,2017-10-31,3163.3135
KR,2017-11-30,3214.0967
KR,2017-12-31,3252.8323
KR,2018-01-31,3241.8219
KR,2018-02-28,3121.17
KR,2018-03-31,2743.7245
KR,2018-04-30,2933.6207
KR,2018-05-31,3130.7613
KR,2018-06-30,3030.5753
KR,2018-07-31,3153.2606
KR,2018-08-31,2964.649
KR,2018-09-30,2978.6353
KR,2018-10-31,3117.8361
KR,2018-11-30,3080.2893
KR,2018-12-31,3049.8594
KR,2019-01-31,3035.4981
KR,2019-02-28,3201.73
KR,2019-03-31,2973.5052
KR,2019-04-30,3149.79
KR,2019-05-31,2816.0097
KR,2019-06-30,2819.8473
KR,2019-07-31,2934.251
KR,2019-08-31,2926.831
KR,2019-09-30,2912.5973
KR,2019-10-31,2643.4348
KR,2019-11-30,2882.9173
KR,2019-12-31,2977.3348
KR,2020-01-31,2968.7181
KR,2020-02-29,2853.1179
KR,2020-03-31,2844.9716
KR,2020-04-30,2633.8527
KR,2020-05-31,2626.9194
KR,2020-06-30,2687.2767
KR,2020-07-31,2671.6787
KR,2020-08-31,2664.7374
KR,2020-09-30,2571.2773
KR,2020-10-31,2549.8471
KR,2020-11-30,2560.3947
KR,2020-12-31,2715.0019
KR,2021-01-31,2554.8735
KR,2021-02-28,2642.05
KR,2021-03-31,2524.7148
KR,2021-04-30,2590.8167
KR,2021-05-31,2659.711
KR,2021-06-30,2563.8573
KR,2021-07-31,2630.5097
KR,2021-08-31,2756.6497
KR,2021-09-30,2647.2087
KR,2021-10-31,2723.3794
KR,2021-11-30,2713.9887
KR,2021-12-31,2804.76
KR,2022-01-31,2909.3581
KR,2022-02-28,2871.275
KR,2022-03-31,2777.2342
KR,2022-04-30,2803.0287
KR,2022-05-31,2757.1284
KR,2022-06-30,2653.6393
KR,2022-07-31,2978.2923
KR,2022-08-31,3042.4394
KR,2022-09-30,2865.1093
KR,2022-10-31,2673.1148
KR,2022-11-30,2796.1033
KR,2022-12-31,2834.9187
KR,2023-01-31,2800.691
KR,2023-02-28,2897.51
KR,2023-03-31,2800.691
KR,2023-04-30,2875.7447
KR,2023-05-31,2974.7019
KR,2023-06-30,2430.2973
KR,2023-07-31,2684.8432
KR,2023-08-31,2570.9103
KR,2023-09-30,2702.6113
KR,2023-10-31,2798.0581
KR,2023-11-30,2850.5167
KR,2023-12-31,2936.6445
KR,2024-01-31,2880.6355
KR,2024-02-29,2882.2862
KR,2024-03-31,2829.6529
KR,2024-04-30,2923.7273
KR,2024-05-31,2872.4974
KR,2024-06-30,2728.334
KR,2024-07-31,2761.9155
KR,2024-08-31,2935.6871
KR,2024-09-30,2795.856
KR,2024-10-31,2754.7348
KR,2024-11-30,2796.598
KR,2024-12-31,2757.1284
KR,2025-01-31,2760.0006
KR,2025-02-28,2758.12
KR,2025-03-31,2495.0348
KW,2002-01-31,666.0
KW,2002-02-28,620.0
KW,2002-03-31,641.0
KW,2002-04-30,663.0
KW,2002-05-31,657.0
KW,2002-06-30,650.0
KW,2002-07-31,761.0
KW,2002-08-31,734.0
KW,2002-09-30,800.0
KW,2002-10-31,706.0
KW,2002-11-30,811.0
KW,2002-12-31,866.0
KW,2003-01-31,870.0
KW,2003-02-28,780.0
KW,2003-03-31,912.0
KW,2003-04-30,911.0
KW,2003-05-31,930.0
KW,2003-06-30,816.0
KW,2003-07-31,840.0
KW,2003-08-31,733.0
KW,2003-09-30,798.0
KW,2003-10-31,805.0
KW,2003-11-30,776.0
KW,2003-12-31,812.0
KW,2004-01-31,639.0
KW,2004-02-29,711.0
KW,2004-03-31,788.0
KW,2004-04-30,816.0
KW,2004-05-31,810.0
KW,2004-06-30,833.0
KW,2004-07-31,897.0
KW,2004-08-31,918.0
KW,2004-09-30,839.0
KW,2004-10-31,839.0
KW,2004-11-30,911.0
KW,2004-12-31,932.0
KW,2005-01-31,692.0
KW,2005-02-28,751.0
KW,2005-03-31,822.0
KW,2005-04-30,752.0
KW,2005-05-31,833.0
KW,2005-06-30,928.0
KW,2005-07-31,934.0
KW,2005-08-31,897.0
KW,2005-09-30,869.0
KW,2005-10-31,893.0
KW,2005-11-30,930.0
KW,2005-12-31,930.0
KW,2006-01-31,911.0
KW,2006-02-28,930.0
KW,2006-03-31,924.0
KW,2006-04-30,733.0
KW,2006-05-31,833.0
KW,2006-06-30,934.0
KW,2006-07-31,935.0
KW,2006-08-31,936.0
KW,2006-09-30,916.0
KW,2006-10-31,913.0
KW,2006-11-30,755.0
KW,2006-12-31,933.0
KW,2007-01-31,855.0
KW,2007-02-28,880.0
KW,2007-03-31,926.0
KW,2007-04-30,936.0
KW,2007-05-31,946.0
KW,2007-06-30,876.0
KW,2007-07-31,894.0
KW,2007-08-31,967.0
KW,2007-09-30,933.0
KW,2007-10-31,913.0
KW,2007-11-30,905.0
KW,2007-12-31,921.0
KW,2008-01-31,933.0
KW,2008-02-29,914.0
KW,2008-03-31,813.0
KW,2008-04-30,845.0
KW,2008-05-31,921.0
KW,2008-06-30,925.0
KW,2008-07-31,919.0
KW,2008-08-31,882.0
KW,2008-09-30,946.0
KW,2008-10-31,800.0
KW,2008-11-30,928.0
KW,2008-12-31,927.0
KW,2009-01-31,924.0
KW,2009-02-28,927.0
KW,2009-03-31,920.0
KW,2009-04-30,727.0
KW,2009-05-31,826.0
KW,2009-06-30,826.0
KW,2009-07-31,826.0
KW,2009-08-31,911.0
KW,2009-09-30,896.0
KW,2009-10-31,871.0
KW,2009-11-30,887.0
KW,2009-12-31,778.0
KW,2010-01-31,895.0
KW,2010-02-28,892.0
KW,2010-03-31,879.0
KW,2010-04-30,864.0
KW,2010-05-31,796.0
KW,2010-06-30,863.0
KW,2010-07-31,927.0
KW,2010-08-31,912.0
KW,2010-09-30,912.0
KW,2010-10-31,912.0
KW,2010-11-30,893.0
KW,2010-12-31,849.0
KW,2011-01-31,919.0
KW,2011-02-28,919.0
KW,2011-03-31,900.0
KW,2011-04-30,730.0
KW,2011-05-31,730.0
KW,2011-06-30,922.0
KW,2011-07-31,895.0
KW,2011-08-31,895.0
KW,2011-09-30,811.0
KW,2011-10-31,718.0
KW,2011-11-30,745.0
KW,2011-12-31,927.0
KW,2012-01-31,833.0
KW,2012-02-29,842.0
KW,2012-03-31,912.0
KW,2012-04-30,919.0
KW,2012-05-31,912.0
KW,2012-06-30,913.0
KW,2012-07-31,927.0
KW,2012-08-31,927.0
KW,2012-09-30,926.0
KW,2012-10-31,927.0
KW,2012-11-30,924.0
KW,2012-12-31,902.0
KW,2013-01-31,924.0
KW,2013-02-28,874.0
KW,2013-03-31,874.0
KW,2013-04-30,738.0
KW,2013-05-31,731.0
KW,2013-06-30,894.0
KW,2013-07-31,886.0
KW,2013-08-31,787.0
KW,2013-09-30,892.0
KW,2013-10-31,927.0
KW,2013-11-30,912.0
KW,2013-12-31,924.0
KW,2014-01-31,860.0
KW,2014-02-28,871.0
KW,2014-03-31,922.0
KW,2014-04-30,897.0
KW,2014-05-31,897.0
KW,2014-06-30,897.0
KW,2014-07-31,889.0
KW,2014-08-31,889.0
KW,2014-09-30,803.0
KW,2014-10-31,825.0
KW,2014-11-30,894.0
KW,2014-12-31,794.0
KW,2015-01-31,816.0
KW,2015-02-28,
KW,2015-03-31,939.0
KW,2015-04-30,933.0
KW,2015-05-31,935.0
KW,2015-06-30,930.0
KW,2015-07-31,937.0
KW,2015-08-31,933.0
KW,2015-09-30,892.0
KW,2015-10-31,895.0
KW,2015-11-30,810.0
KW,2015-12-31,845.0
KW,2016-01-31,783.0
KW,2016-02-29,837.0
KW,2016-03-31,802.0
KW,2016-04-30,873.0
KW,2016-05-31,
KW,2016-06-30,881.0
KW,2016-07-31,887.0
KW,2016-08-31,892.0
KW,2016-09-30,876.0
KW,2016-10-31,824.0
KW,2016-11-30,620.0
KW,2016-12-31,765.0
KW,2017-01-31,780.0
KW,2017-02-28,789.0
KW,2017-03-31,730.0
KW,2017-04-30,554.0
KW,2017-05-31,626.0
KW,2017-06-30,615.0
KW,2017-07-31,680.0
KW,2017-08-31,680.0
KW,2017-09-30,650.0
KW,2017-10-31,680.0
KW,2017-11-30,680.0
KW,2017-12-31,680.0
KW,2018-01-31,651.0
KW,2018-02-28,593.0
KW,2018-03-31,680.0
KW,2018-04-30,680.0
KW,2018-05-31,680.0
KW,2018-06-30,680.0
KW,2018-07-31,709.0
KW,2018-08-31,707.0
KW,2018-09-30,677.0
KW,2018-10-31,665.0
KW,2018-11-30,650.0
KW,2018-12-31,682.0
KW,2019-01-31,679.0
KW,2019-02-28,699.0
KW,2019-03-31,678.0
KW,2019-04-30,600.0
KW,2019-05-31,698.0
KW,2019-06-30,618.0
KW,2019-07-31,640.0
KW,2019-08-31,670.0
KW,2019-09-30,694.0
KW,2019-10-31,690.0
KW,2019-11-30,661.0
KW,2019-12-31,543.0
KW,2020-01-31,599.0
KW,2020-02-29,568.0
KW,2020-03-31,470.0
KW,2020-04-30,560.0
KW,2020-05-31,585.0
KW,2020-06-30,580.0
KW,2020-07-31,529.0
KW,2020-08-31,594.0
KW,2020-09-30,601.0
KW,2020-10-31,602.0
KW,2020-11-30,640.0
KW,2020-12-31,592.0
KW,2021-01-31,601.0
KW,2021-02-28,590.0
KW,2021-03-31,604.0
KW,2021-04-30,600.0
KW,2021-05-31,600.0
KW,2021-06-30,600.0
KW,2021-07-31,600.0
KW,2021-08-31,646.0
KW,2021-09-30,704.0
KW,2021-10-31,697.0
KW,2021-11-30,750.0
KW,2021-12-31,760.0
KW,2022-01-31,739.0
KW,2022-02-28,580.0
KW,2022-03-31,721.0
KW,2022-04-30,789.0
KW,2022-05-31,780.0
KW,2022-06-30,811.0
KW,2022-07-31,804.0
KW,2022-08-31,817.0
KW,2022-09-30,780.0
KW,2022-10-31,800.0
KW,2022-11-30,946.0
KW,2022-12-31,1000.0
KW,2023-01-31,972.0
KW,2023-02-28,1003.0
KW,2023-03-31,1023.0
KW,2023-04-30,861.0
KW,2023-05-31,1097.0
KW,2023-06-30,1120.0
KW,2023-07-31,1129.0
KW,2023-08-31,1123.0
KW,2023-09-30,1162.0
KW,2023-10-31,1056.0
KW,2023-11-30,977.0
KW,2023-12-31,900.0
KW,2024-01-31,1190.0
KW,2024-02-29,1250.0
KW,2024-03-31,1280.0
KW,2024-04-30,1280.0
KW,2024-05-31,1243.0
KW,2024-06-30,1265.0
KW,2024-07-31,1260.0
KW,2024-08-31,1230.0
KW,2024-09-30,1220.0
KW,2024-10-31,1220.0
KW,2024-11-30,1200.0
KW,2024-12-31,1180.0
KW,2025-01-31,1180.0
KW,2025-02-28,1180.0
KW,2025-03-31,1180.0
KZ,2002-01-31,
KZ,2002-02-28,
KZ,2002-03-31,
KZ,2002-04-30,
KZ,2002-05-31,
KZ,2002-06-30,
KZ,2002-07-31,
KZ,2002-08-31,
KZ,2002-09-30,
KZ,2002-10-31,
KZ,2002-11-30,
KZ,2002-12-31,
KZ,2003-01-31,
KZ,2003-02-28,
KZ,2003-03-31,
KZ,2003-04-30,
KZ,2003-05-31,
KZ,2003-06-30,
KZ,2003-07-31,
KZ,2003-08-31,
KZ,2003-09-30,
KZ,2003-10-31,
KZ,2003-11-30,
KZ,2003-12-31,
KZ,2004-01-31,
KZ,2004-02-29,
KZ,2004-03-31,
KZ,2004-04-30,
KZ,2004-05-31,
KZ,2004-06-30,
KZ,2004-07-31,
KZ,2004-08-31,
KZ,2004-09-30,
KZ,2004-10-31,
KZ,2004-11-30,
KZ,2004-12-31,
KZ,2005-01-31,
KZ,2005-02-28,
KZ,2005-03-31,
KZ,2005-04-30,
KZ,2005-05-31,
KZ,2005-06-30,
KZ,2005-07-31,
KZ,2005-08-31,
KZ,2005-09-30,
KZ,2005-10-31,
KZ,2005-11-30,
KZ,2005-12-31,
KZ,2006-01-31,
KZ,2006-02-28,
KZ,2006-03-31,
KZ,2006-04-30,
KZ,2006-05-31,
KZ,2006-06-30,
KZ,2006-07-31,
KZ,2006-08-31,
KZ,2006-09-30,
KZ,2006-10-31,
KZ,2006-11-30,
KZ,2006-12-31,
KZ,2007-01-31,
KZ,2007-02-28,
KZ,2007-03-31,
KZ,2007-04-30,
KZ,2007-05-31,
KZ,2007-06-30,
KZ,2007-07-31,
KZ,2007-08-31,
KZ,2007-09-30,
KZ,2007-10-31,
KZ,2007-11-30,
KZ,2007-12-31,
KZ,2008-01-31,
KZ,2008-02-29,
KZ,2008-03-31,
KZ,2008-04-30,
KZ,2008-05-31,
KZ,2008-06-30,
KZ,2008-07-31,
KZ,2008-08-31,
KZ,2008-09-30,
KZ,2008-10-31,
KZ,2008-11-30,
KZ,2008-12-31,
KZ,2009-01-31,
KZ,2009-02-28,
KZ,2009-03-31,
KZ,2009-04-30,
KZ,2009-05-31,
KZ,2009-06-30,
KZ,2009-07-31,
KZ,2009-08-31,
KZ,2009-09-30,
KZ,2009-10-31,
KZ,2009-11-30,
KZ,2009-12-31,
KZ,2010-01-31,
KZ,2010-02-28,
KZ,2010-03-31,
KZ,2010-04-30,
KZ,2010-05-31,
KZ,2010-06-30,
KZ,2010-07-31,
KZ,2010-08-31,
KZ,2010-09-30,
KZ,2010-10-31,
KZ,2010-11-30,
KZ,2010-12-31,
KZ,2011-01-31,
KZ,2011-02-28,
KZ,2011-03-31,
KZ,2011-04-30,
KZ,2011-05-31,
KZ,2011-06-30,
KZ,2011-07-31,
KZ,2011-08-31,
KZ,2011-09-30,
KZ,2011-10-31,
KZ,2011-11-30,
KZ,2011-12-31,
KZ,2012-01-31,
KZ,2012-02-29,
KZ,2012-03-31,
KZ,2012-04-30,
KZ,2012-05-31,
KZ,2012-06-30,
KZ,2012-07-31,
KZ,2012-08-31,
KZ,2012-09-30,
KZ,2012-10-31,
KZ,2012-11-30,
KZ,2012-12-31,
KZ,2013-01-31,
KZ,2013-02-28,
KZ,2013-03-31,
KZ,2013-04-30,
KZ,2013-05-31,
KZ,2013-06-30,
KZ,2013-07-31,
KZ,2013-08-31,
KZ,2013-09-30,
KZ,2013-10-31,
KZ,2013-11-30,
KZ,2013-12-31,
KZ,2014-01-31,
KZ,2014-02-28,
KZ,2014-03-31,
KZ,2014-04-30,
KZ,2014-05-31,
KZ,2014-06-30,
KZ,2014-07-31,
KZ,2014-08-31,
KZ,2014-09-30,
KZ,2014-10-31,
KZ,2014-11-30,
KZ,2014-12-31,
KZ,2015-01-31,
KZ,2015-02-28,
KZ,2015-03-31,
KZ,2015-04-30,
KZ,2015-05-31,
KZ,2015-06-30,
KZ,2015-07-31,
KZ,2015-08-31,
KZ,2015-09-30,
KZ,2015-10-31,
KZ,2015-11-30,
KZ,2015-12-31,
KZ,2016-01-31,
KZ,2016-02-29,
KZ,2016-03-31,
KZ,2016-04-30,
KZ,2016-05-31,
KZ,2016-06-30,
KZ,2016-07-31,
KZ,2016-08-31,
KZ,2016-09-30,
KZ,2016-10-31,
KZ,2016-11-30,
KZ,2016-12-31,
KZ,2017-01-31,
KZ,2017-02-28,
KZ,2017-03-31,
KZ,2017-04-30,
KZ,2017-05-31,
KZ,2017-06-30,
KZ,2017-07-31,
KZ,2017-08-31,
KZ,2017-09-30,
KZ,2017-10-31,
KZ,2017-11-30,
KZ,2017-12-31,
KZ,2018-01-31,
KZ,2018-02-28,
KZ,2018-03-31,
KZ,2018-04-30,
KZ,2018-05-31,
KZ,2018-06-30,
KZ,2018-07-31,
KZ,2018-08-31,
KZ,2018-09-30,
KZ,2018-10-31,
KZ,2018-11-30,
KZ,2018-12-31,
KZ,2019-01-31,
KZ,2019-02-28,
KZ,2019-03-31,
KZ,2019-04-30,
KZ,2019-05-31,
KZ,2019-06-30,
KZ,2019-07-31,
KZ,2019-08-31,
KZ,2019-09-30,
KZ,2019-10-31,
KZ,2019-11-30,
KZ,2019-12-31,
KZ,2020-01-31,
KZ,2020-02-29,
KZ,2020-03-31,
KZ,2020-04-30,
KZ,2020-05-31,
KZ,2020-06-30,
KZ,2020-07-31,
KZ,2020-08-31,
KZ,2020-09-30,
KZ,2020-10-31,
KZ,2020-11-30,
KZ,2020-12-31,
KZ,2021-01-31,
KZ,2021-02-28,
KZ,2021-03-31,
KZ,2021-04-30,
KZ,2021-05-31,
KZ,2021-06-30,
KZ,2021-07-31,
KZ,2021-08-31,
KZ,2021-09-30,
KZ,2021-10-31,
KZ,2021-11-30,
KZ,2021-12-31,
KZ,2022-01-31,
KZ,2022-02-28,
KZ,2022-03-31,
KZ,2022-04-30,
KZ,2022-05-31,
KZ,2022-06-30,
KZ,2022-07-31,
KZ,2022-08-31,
KZ,2022-09-30,
KZ,2022-10-31,
KZ,2022-11-30,
KZ,2022-12-31,
KZ,2023-01-31,
KZ,2023-02-28,
KZ,2023-03-31,
KZ,2023-04-30,
KZ,2023-05-31,
KZ,2023-06-30,
KZ,2023-07-31,
KZ,2023-08-31,
KZ,2023-09-30,
KZ,2023-10-31,
KZ,2023-11-30,
KZ,2023-12-31,
KZ,2024-01-31,
KZ,2024-02-29,
KZ,2024-03-31,
KZ,2024-04-30,
KZ,2024-05-31,
KZ,2024-06-30,
KZ,2024-07-31,
KZ,2024-08-31,
KZ,2024-09-30,
KZ,2024-10-31,
KZ,2024-11-30,
KZ,2024-12-31,
KZ,2025-01-31,
KZ,2025-02-28,
KZ,2025-03-31,
LT,2002-01-31,
LT,2002-02-28,
LT,2002-03-31,
LT,2002-04-30,
LT,2002-05-31,
LT,2002-06-30,
LT,2002-07-31,
LT,2002-08-31,
LT,2002-09-30,
LT,2002-10-31,
LT,2002-11-30,
LT,2002-12-31,
LT,2003-01-31,141.2903
LT,2003-02-28,134.7893
LT,2003-03-31,121.7452
LT,2003-04-30,3.65
LT,2003-05-31,119.8613
LT,2003-06-30,137.97
LT,2003-07-31,168.371
LT,2003-08-31,161.7774
LT,2003-09-30,170.3333
LT,2003-10-31,178.4968
LT,2003-11-30,169.6033
LT,2003-12-31,175.671
LT,2004-01-31,171.1968
LT,2004-02-29,165.6345
LT,2004-03-31,176.3774
LT,2004-04-30,98.0633
LT,2004-05-31,139.4065
LT,2004-06-30,190.53
LT,2004-07-31,190.0355
LT,2004-08-31,190.9774
LT,2004-09-30,184.9333
LT,2004-10-31,182.029
LT,2004-11-30,189.07
LT,2004-12-31,195.6871
LT,2005-01-31,195.4516
LT,2005-02-28,159.0357
LT,2005-03-31,193.5677
LT,2005-04-30,183.7167
LT,2005-05-31,184.8548
LT,2005-06-30,147.2167
LT,2005-07-31,169.3129
LT,2005-08-31,174.4935
LT,2005-09-30,204.4
LT,2005-10-31,204.871
LT,2005-11-30,188.34
LT,2005-12-31,197.571
LT,2006-01-31,154.0065
LT,2006-02-28,199.1857
LT,2006-03-31,197.1
LT,2006-04-30,179.8233
LT,2006-05-31,200.8677
LT,2006-06-30,198.3167
LT,2006-07-31,156.5968
LT,2006-08-31,163.6613
LT,2006-09-30,162.06
LT,2006-10-31,124.8065
LT,2006-11-30,111.4467
LT,2006-12-31,82.8903
LT,2007-01-31,78.1806
LT,2007-02-28,80.8214
LT,2007-03-31,86.8935
LT,2007-04-30,107.7967
LT,2007-05-31,119.8613
LT,2007-06-30,133.1033
LT,2007-07-31,133.9903
LT,2007-08-31,125.0419
LT,2007-09-30,97.09
LT,2007-10-31,0.0
LT,2007-11-30,53.0467
LT,2007-12-31,122.2161
LT,2008-01-31,117.0355
LT,2008-02-29,167.1448
LT,2008-03-31,193.8032
LT,2008-04-30,202.4533
LT,2008-05-31,194.5097
LT,2008-06-30,196.1267
LT,2008-07-31,201.5742
LT,2008-08-31,200.8677
LT,2008-09-30,195.64
LT,2008-10-31,157.0677
LT,2008-11-30,196.1267
LT,2008-12-31,189.5645
LT,2009-01-31,190.9774
LT,2009-02-28,195.0143
LT,2009-03-31,141.0548
LT,2009-04-30,129.94
LT,2009-05-31,171.1968
LT,2009-06-30,192.9633
LT,2009-07-31,182.5
LT,2009-08-31,182.5
LT,2009-09-30,170.5767
LT,2009-10-31,142.4677
LT,2009-11-30,170.09
LT,2009-12-31,150.4742
LT,2010-01-31,143.8806
LT,2010-02-28,166.8571
LT,2010-03-31,107.1452
LT,2010-04-30,171.55
LT,2010-05-31,172.8452
LT,2010-06-30,198.8033
LT,2010-07-31,198.5129
LT,2010-08-31,198.5129
LT,2010-09-30,193.45
LT,2010-10-31,202.0452
LT,2010-11-30,202.21
LT,2010-12-31,200.6323
LT,2011-01-31,199.6903
LT,2011-02-28,187.7143
LT,2011-03-31,140.8194
LT,2011-04-30,107.31
LT,2011-05-31,203.4581
LT,2011-06-30,198.8033
LT,2011-07-31,196.629
LT,2011-08-31,199.9258
LT,2011-09-30,182.7433
LT,2011-10-31,199.9258
LT,2011-11-30,176.66
LT,2011-12-31,147.4129
LT,2012-01-31,207.2258
LT,2012-02-29,157.3276
LT,2012-03-31,155.4194
LT,2012-04-30,177.8767
LT,2012-05-31,3.5323
LT,2012-06-30,172.28
LT,2012-07-31,198.5129
LT,2012-08-31,201.3387
LT,2012-09-30,207.8067
LT,2012-10-31,207.2258
LT,2012-11-30,204.4
LT,2012-12-31,184.8548
LT,2013-01-31,203.2226
LT,2013-02-28,202.575
LT,2013-03-31,202.7516
LT,2013-04-30,157.68
LT,2013-05-31,147.4129
LT,2013-06-30,183.96
LT,2013-07-31,187.2097
LT,2013-08-31,187.4452
LT,2013-09-30,185.42
LT,2013-10-31,181.3226
LT,2013-11-30,172.0367
LT,2013-12-31,152.5935
LT,2014-01-31,116.0935
LT,2014-02-28,137.6571
LT,2014-03-31,104.7903
LT,2014-04-30,152.0833
LT,2014-05-31,150.9452
LT,2014-06-30,137.24
LT,2014-07-31,155.1839
LT,2014-08-31,152.5935
LT,2014-09-30,169.6033
LT,2014-10-31,183.9129
LT,2014-11-30,171.3067
LT,2014-12-31,167.429
LT,2015-01-31,144.3516
LT,2015-02-28,187.1929
LT,2015-03-31,109.2645
LT,2015-04-30,150.1367
LT,2015-05-31,187.6806
LT,2015-06-30,189.8
LT,2015-07-31,194.9806
LT,2015-08-31,149.0613
LT,2015-09-30,178.3633
LT,2015-10-31,184.8548
LT,2015-11-30,188.8267
LT,2015-12-31,174.2581
LT,2016-01-31,192.1548
LT,2016-02-29,192.8207
LT,2016-03-31,189.0935
LT,2016-04-30,106.3367
LT,2016-05-31,186.9742
LT,2016-06-30,192.2333
LT,2016-07-31,191.9194
LT,2016-08-31,194.7452
LT,2016-09-30,192.9633
LT,2016-10-31,196.8645
LT,2016-11-30,196.6133
LT,2016-12-31,197.3355
LT,2017-01-31,194.5097
LT,2017-02-28,200.2286
LT,2017-03-31,143.6452
LT,2017-04-30,154.76
LT,2017-05-31,184.6194
LT,2017-06-30,203.4267
LT,2017-07-31,207.6968
LT,2017-08-31,218.0581
LT,2017-09-30,217.7833
LT,2017-10-31,214.0548
LT,2017-11-30,213.4033
LT,2017-12-31,204.871
LT,2018-01-31,198.7484
LT,2018-02-28,202.3143
LT,2018-03-31,201.1032
LT,2018-04-30,56.21
LT,2018-05-31,207.2258
LT,2018-06-30,208.5367
LT,2018-07-31,208.1677
LT,2018-08-31,208.8742
LT,2018-09-30,208.78
LT,2018-10-31,208.8742
LT,2018-11-30,206.8333
LT,2018-12-31,207.4613
LT,2019-01-31,205.1065
LT,2019-02-28,157.7321
LT,2019-03-31,175.671
LT,2019-04-30,174.9567
LT,2019-05-31,197.571
LT,2019-06-30,207.32
LT,2019-07-31,207.2258
LT,2019-08-31,207.4613
LT,2019-09-30,203.1833
LT,2019-10-31,191.2129
LT,2019-11-30,194.6667
LT,2019-12-31,158.7161
LT,2020-01-31,141.2903
LT,2020-02-29,176.4586
LT,2020-03-31,171.1968
LT,2020-04-30,135.05
LT,2020-05-31,165.5452
LT,2020-06-30,141.3767
LT,2020-07-31,136.1097
LT,2020-08-31,175.671
LT,2020-09-30,180.31
LT,2020-10-31,177.7903
LT,2020-11-30,163.7633
LT,2020-12-31,114.9161
LT,2021-01-31,105.9677
LT,2021-02-28,115.2357
LT,2021-03-31,136.5806
LT,2021-04-30,87.3567
LT,2021-05-31,174.9645
LT,2021-06-30,176.4167
LT,2021-07-31,142.9387
LT,2021-08-31,182.2645
LT,2021-09-30,195.64
LT,2021-10-31,206.7548
LT,2021-11-30,198.8033
LT,2021-12-31,182.7355
LT,2022-01-31,178.2613
LT,2022-02-28,172.3321
LT,2022-03-31,199.2194
LT,2022-04-30,201.2367
LT,2022-05-31,33.6742
LT,2022-06-30,46.72
LT,2022-07-31,194.5097
LT,2022-08-31,191.9194
LT,2022-09-30,171.7933
LT,2022-10-31,198.9839
LT,2022-11-30,194.18
LT,2022-12-31,193.5677
LT,2023-01-31,174.4935
LT,2023-02-28,167.1179
LT,2023-03-31,176.6129
LT,2023-04-30,192.4767
LT,2023-05-31,182.971
LT,2023-06-30,172.0367
LT,2023-07-31,174.729
LT,2023-08-31,201.3387
LT,2023-09-30,205.86
LT,2023-10-31,158.4806
LT,2023-11-30,195.1533
LT,2023-12-31,181.3226
LT,2024-01-31,190.5065
LT,2024-02-29,160.8517
LT,2024-03-31,138.229
LT,2024-04-30,201.9667
LT,2024-05-31,206.0484
LT,2024-06-30,205.86
LT,2024-07-31,194.0387
LT,2024-08-31,198.5129
LT,2024-09-30,189.07
LT,2024-10-31,108.0871
LT,2024-11-30,155.2467
LT,2024-12-31,168.8419
LT,2025-01-31,191.2129
LT,2025-02-28,198.1429
LT,2025-03-31,189.0935
LY,2002-01-31,310.0
LY,2002-02-28,310.0
LY,2002-03-31,300.0
LY,2002-04-30,310.0
LY,2002-05-31,316.0
LY,2002-06-30,311.0
LY,2002-07-31,308.0
LY,2002-08-31,310.0
LY,2002-09-30,316.0
LY,2002-10-31,310.0
LY,2002-11-30,310.0
LY,2002-12-31,300.0
LY,2003-01-31,310.0
LY,2003-02-28,330.0
LY,2003-03-31,330.0
LY,2003-04-30,310.0
LY,2003-05-31,310.0
LY,2003-06-30,310.0
LY,2003-07-31,300.0
LY,2003-08-31,310.0
LY,2003-09-30,244.0
LY,2003-10-31,310.0
LY,2003-11-30,310.0
LY,2003-12-31,300.0
LY,2004-01-31,300.0
LY,2004-02-29,310.0
LY,2004-03-31,310.0
LY,2004-04-30,173.0
LY,2004-05-31,320.0
LY,2004-06-30,330.0
LY,2004-07-31,330.0
LY,2004-08-31,320.0
LY,2004-09-30,280.0
LY,2004-10-31,336.0
LY,2004-11-30,337.0
LY,2004-12-31,327.0
LY,2005-01-31,336.0
LY,2005-02-28,327.0
LY,2005-03-31,328.0
LY,2005-04-30,321.0
LY,2005-05-31,321.0
LY,2005-06-30,320.0
LY,2005-07-31,327.0
LY,2005-08-31,337.0
LY,2005-09-30,330.0
LY,2005-10-31,332.0
LY,2005-11-30,329.0
LY,2005-12-31,317.0
LY,2006-01-31,326.0
LY,2006-02-28,338.0
LY,2006-03-31,327.0
LY,2006-04-30,326.0
LY,2006-05-31,309.0
LY,2006-06-30,329.0
LY,2006-07-31,333.0
LY,2006-08-31,292.0
LY,2006-09-30,302.0
LY,2006-10-31,334.0
LY,2006-11-30,331.0
LY,2006-12-31,332.0
LY,2007-01-31,332.0
LY,2007-02-28,330.0
LY,2007-03-31,319.0
LY,2007-04-30,317.0
LY,2007-05-31,321.0
LY,2007-06-30,323.0
LY,2007-07-31,318.0
LY,2007-08-31,301.0
LY,2007-09-30,313.0
LY,2007-10-31,330.0
LY,2007-11-30,330.0
LY,2007-12-31,336.0
LY,2008-01-31,329.0
LY,2008-02-29,329.0
LY,2008-03-31,322.0
LY,2008-04-30,137.0
LY,2008-05-31,290.0
LY,2008-06-30,329.0
LY,2008-07-31,326.0
LY,2008-08-31,337.0
LY,2008-09-30,333.0
LY,2008-10-31,324.0
LY,2008-11-30,329.0
LY,2008-12-31,330.0
LY,2009-01-31,298.0
LY,2009-02-28,280.0
LY,2009-03-31,296.0
LY,2009-04-30,295.0
LY,2009-05-31,300.0
LY,2009-06-30,330.0
LY,2009-07-31,345.0
LY,2009-08-31,363.0
LY,2009-09-30,364.0
LY,2009-10-31,367.0
LY,2009-11-30,370.0
LY,2009-12-31,352.0
LY,2010-01-31,373.0
LY,2010-02-28,367.0
LY,2010-03-31,367.0
LY,2010-04-30,369.0
LY,2010-05-31,379.0
LY,2010-06-30,380.0
LY,2010-07-31,380.0
LY,2010-08-31,370.0
LY,2010-09-30,363.0
LY,2010-10-31,378.0
LY,2010-11-30,335.0
LY,2010-12-31,370.0
LY,2011-01-31,369.0
LY,2011-02-28,291.0
LY,2011-03-31,88.0
LY,2011-04-30,
LY,2011-05-31,80.0
LY,2011-06-30,71.0
LY,2011-07-31,71.0
LY,2011-08-31,71.0
LY,2011-09-30,0.0
LY,2011-10-31,
LY,2011-11-30,
LY,2011-12-31,
LY,2012-01-31,144.0
LY,2012-02-29,155.0
LY,2012-03-31,156.0
LY,2012-04-30,156.0
LY,2012-05-31,154.0
LY,2012-06-30,111.0
LY,2012-07-31,154.0
LY,2012-08-31,155.0
LY,2012-09-30,154.0
LY,2012-10-31,156.0
LY,2012-11-30,0.0
LY,2012-12-31,0.0
LY,2013-01-31,157.0
LY,2013-02-28,157.0
LY,2013-03-31,157.0
LY,2013-04-30,157.0
LY,2013-05-31,138.0
LY,2013-06-30,154.0
LY,2013-07-31,133.0
LY,2013-08-31,154.0
LY,2013-09-30,134.0
LY,2013-10-31,154.0
LY,2013-11-30,130.0
LY,2013-12-31,126.0
LY,2014-01-31,187.0
LY,2014-02-28,146.0
LY,2014-03-31,108.0
LY,2014-04-30,
LY,2014-05-31,
LY,2014-06-30,
LY,2014-07-31,
LY,2014-08-31,
LY,2014-09-30,
LY,2014-10-31,
LY,2014-11-30,
LY,2014-12-31,
LY,2015-01-31,
LY,2015-02-28,
LY,2015-03-31,
LY,2015-04-30,
LY,2015-05-31,
LY,2015-06-30,
LY,2015-07-31,
LY,2015-08-31,
LY,2015-09-30,
LY,2015-10-31,
LY,2015-11-30,
LY,2015-12-31,
LY,2016-01-31,
LY,2016-02-29,
LY,2016-03-31,
LY,2016-04-30,
LY,2016-05-31,
LY,2016-06-30,
LY,2016-07-31,
LY,2016-08-31,
LY,2016-09-30,
LY,2016-10-31,
LY,2016-11-30,
LY,2016-12-31,
LY,2017-01-31,
LY,2017-02-28,
LY,2017-03-31,
LY,2017-04-30,
LY,2017-05-31,
LY,2017-06-30,
LY,2017-07-31,
LY,2017-08-31,
LY,2017-09-30,
LY,2017-10-31,
LY,2017-11-30,
LY,2017-12-31,
LY,2018-01-31,
LY,2018-02-28,
LY,2018-03-31,
LY,2018-04-30,
LY,2018-05-31,
LY,2018-06-30,
LY,2018-07-31,
LY,2018-08-31,
LY,2018-09-30,
LY,2018-10-31,
LY,2018-11-30,
LY,2018-12-31,
LY,2019-01-31,
LY,2019-02-28,
LY,2019-03-31,
LY,2019-04-30,
LY,2019-05-31,
LY,2019-06-30,
LY,2019-07-31,
LY,2019-08-31,
LY,2019-09-30,
LY,2019-10-31,
LY,2019-11-30,
LY,2019-12-31,
LY,2020-01-31,
LY,2020-02-29,
LY,2020-03-31,
LY,2020-04-30,
LY,2020-05-31,
LY,2020-06-30,
LY,2020-07-31,
LY,2020-08-31,
LY,2020-09-30,
LY,2020-10-31,
LY,2020-11-30,
LY,2020-12-31,
LY,2021-01-31,
LY,2021-02-28,
LY,2021-03-31,
LY,2021-04-30,
LY,2021-05-31,
LY,2021-06-30,
LY,2021-07-31,
LY,2021-08-31,
LY,2021-09-30,
LY,2021-10-31,
LY,2021-11-30,
LY,2021-12-31,
LY,2022-01-31,
LY,2022-02-28,
LY,2022-03-31,
LY,2022-04-30,
LY,2022-05-31,
LY,2022-06-30,
LY,2022-07-31,
LY,2022-08-31,
LY,2022-09-30,
LY,2022-10-31,
LY,2022-11-30,
LY,2022-12-31,
LY,2023-01-31,
LY,2023-02-28,
LY,2023-03-31,
LY,2023-04-30,
LY,2023-05-31,
LY,2023-06-30,
LY,2023-07-31,
LY,2023-08-31,
LY,2023-09-30,
LY,2023-10-31,
LY,2023-11-30,
LY,2023-12-31,
LY,2024-01-31,
LY,2024-02-29,
LY,2024-03-31,
LY,2024-04-30,
LY,2024-05-31,
LY,2024-06-30,
LY,2024-07-31,
LY,2024-08-31,
LY,2024-09-30,
LY,2024-10-31,
LY,2024-11-30,
LY,2024-12-31,
LY,2025-01-31,
LY,2025-02-28,
LY,2025-03-31,
MA,2002-01-31,
MA,2002-02-28,
MA,2002-03-31,
MA,2002-04-30,
MA,2002-05-31,
MA,2002-06-30,
MA,2002-07-31,
MA,2002-08-31,
MA,2002-09-30,
MA,2002-10-31,
MA,2002-11-30,
MA,2002-12-31,
MA,2003-01-31,
MA,2003-02-28,
MA,2003-03-31,
MA,2003-04-30,
MA,2003-05-31,
MA,2003-06-30,
MA,2003-07-31,
MA,2003-08-31,
MA,2003-09-30,
MA,2003-10-31,
MA,2003-11-30,
MA,2003-12-31,
MA,2004-01-31,
MA,2004-02-29,
MA,2004-03-31,
MA,2004-04-30,
MA,2004-05-31,
MA,2004-06-30,
MA,2004-07-31,
MA,2004-08-31,
MA,2004-09-30,
MA,2004-10-31,
MA,2004-11-30,
MA,2004-12-31,
MA,2005-01-31,
MA,2005-02-28,
MA,2005-03-31,
MA,2005-04-30,
MA,2005-05-31,
MA,2005-06-30,
MA,2005-07-31,
MA,2005-08-31,
MA,2005-09-30,
MA,2005-10-31,
MA,2005-11-30,
MA,2005-12-31,
MA,2006-01-31,
MA,2006-02-28,
MA,2006-03-31,
MA,2006-04-30,
MA,2006-05-31,
MA,2006-06-30,
MA,2006-07-31,
MA,2006-08-31,
MA,2006-09-30,
MA,2006-10-31,
MA,2006-11-30,
MA,2006-12-31,
MA,2007-01-31,
MA,2007-02-28,
MA,2007-03-31,
MA,2007-04-30,
MA,2007-05-31,
MA,2007-06-30,
MA,2007-07-31,
MA,2007-08-31,
MA,2007-09-30,
MA,2007-10-31,
MA,2007-11-30,
MA,2007-12-31,
MA,2008-01-31,
MA,2008-02-29,
MA,2008-03-31,
MA,2008-04-30,
MA,2008-05-31,
MA,2008-06-30,
MA,2008-07-31,
MA,2008-08-31,
MA,2008-09-30,
MA,2008-10-31,
MA,2008-11-30,
MA,2008-12-31,
MA,2009-01-31,
MA,2009-02-28,
MA,2009-03-31,
MA,2009-04-30,
MA,2009-05-31,
MA,2009-06-30,
MA,2009-07-31,
MA,2009-08-31,
MA,2009-09-30,
MA,2009-10-31,
MA,2009-11-30,
MA,2009-12-31,
MA,2010-01-31,
MA,2010-02-28,
MA,2010-03-31,
MA,2010-04-30,
MA,2010-05-31,
MA,2010-06-30,
MA,2010-07-31,
MA,2010-08-31,
MA,2010-09-30,
MA,2010-10-31,
MA,2010-11-30,
MA,2010-12-31,
MA,2011-01-31,116.7313
MA,2011-02-28,110.0236
MA,2011-03-31,109.8368
MA,2011-04-30,75.4197
MA,2011-05-31,63.4771
MA,2011-06-30,120.131
MA,2011-07-31,112.2142
MA,2011-08-31,118.1577
MA,2011-09-30,103.18
MA,2011-10-31,110.55
MA,2011-11-30,106.865
MA,2011-12-31,94.3835
MA,2012-01-31,116.4935
MA,2012-02-29,103.4341
MA,2012-03-31,97.2365
MA,2012-04-30,105.1453
MA,2012-05-31,93.4326
MA,2012-06-30,115.4633
MA,2012-07-31,107.9348
MA,2012-08-31,123.1503
MA,2012-09-30,77.1393
MA,2012-10-31,132.66
MA,2012-11-30,128.975
MA,2012-12-31,135.9884
MA,2013-01-31,90.1042
MA,2013-02-28,75.0161
MA,2013-03-31,84.3984
MA,2013-04-30,103.917
MA,2013-05-31,80.119
MA,2013-06-30,134.3797
MA,2013-07-31,137.6526
MA,2013-08-31,124.1013
MA,2013-09-30,146.9087
MA,2013-10-31,135.2752
MA,2013-11-30,116.9373
MA,2013-12-31,113.6406
MA,2014-01-31,118.6332
MA,2014-02-28,108.9707
MA,2014-03-31,140.7432
MA,2014-04-30,125.0443
MA,2014-05-31,122.9126
MA,2014-06-30,129.712
MA,2014-07-31,78.4548
MA,2014-08-31,69.1829
MA,2014-09-30,85.2463
MA,2014-10-31,121.0106
MA,2014-11-30,106.6193
MA,2014-12-31,56.8203
MA,2015-01-31,52.541
MA,2015-02-28,59.2232
MA,2015-03-31,73.2245
MA,2015-04-30,124.7987
MA,2015-05-31,96.0477
MA,2015-06-30,130.9403
MA,2015-07-31,100.8026
MA,2015-08-31,
MA,2015-09-30,0.0
MA,2015-10-31,0.0
MA,2015-11-30,0.0
MA,2015-12-31,0.0
MA,2016-01-31,0.0
MA,2016-02-29,0.0
MA,2016-03-31,0.0
MA,2016-04-30,0.0
MA,2016-05-31,0.0
MA,2016-06-30,0.0
MA,2016-07-31,0.0
MA,2016-08-31,0.0
MA,2016-09-30,0.0
MA,2016-10-31,0.0
MA,2016-11-30,0.0
MA,2016-12-31,0.0
MA,2017-01-31,
MA,2017-02-28,
MA,2017-03-31,
MA,2017-04-30,
MA,2017-05-31,
MA,2017-06-30,
MA,2017-07-31,
MA,2017-08-31,
MA,2017-09-30,
MA,2017-10-31,
MA,2017-11-30,
MA,2017-12-31,
MA,2018-01-31,
MA,2018-02-28,
MA,2018-03-31,
MA,2018-04-30,
MA,2018-05-31,
MA,2018-06-30,
MA,2018-07-31,
MA,2018-08-31,
MA,2018-09-30,
MA,2018-10-31,
MA,2018-11-30,
MA,2018-12-31,
MA,2019-01-31,
MA,2019-02-28,
MA,2019-03-31,
MA,2019-04-30,
MA,2019-05-31,
MA,2019-06-30,
MA,2019-07-31,
MA,2019-08-31,
MA,2019-09-30,
MA,2019-10-31,
MA,2019-11-30,
MA,2019-12-31,
MA,2020-01-31,
MA,2020-02-29,
MA,2020-03-31,
MA,2020-04-30,
MA,2020-05-31,
MA,2020-06-30,
MA,2020-07-31,
MA,2020-08-31,
MA,2020-09-30,
MA,2020-10-31,
MA,2020-11-30,
MA,2020-12-31,
MA,2021-01-31,
MA,2021-02-28,
MA,2021-03-31,
MA,2021-04-30,
MA,2021-05-31,
MA,2021-06-30,
MA,2021-07-31,
MA,2021-08-31,
MA,2021-09-30,
MA,2021-10-31,
MA,2021-11-30,
MA,2021-12-31,
MA,2022-01-31,
MA,2022-02-28,
MA,2022-03-31,
MA,2022-04-30,
MA,2022-05-31,
MA,2022-06-30,
MA,2022-07-31,
MA,2022-08-31,
MA,2022-09-30,
MA,2022-10-31,
MA,2022-11-30,
MA,2022-12-31,
MA,2023-01-31,
MA,2023-02-28,
MA,2023-03-31,
MA,2023-04-30,
MA,2023-05-31,
MA,2023-06-30,
MA,2023-07-31,
MA,2023-08-31,
MA,2023-09-30,
MA,2023-10-31,
MA,2023-11-30,
MA,2023-12-31,
MA,2024-01-31,
MA,2024-02-29,
MA,2024-03-31,
MA,2024-04-30,
MA,2024-05-31,
MA,2024-06-30,
MA,2024-07-31,
MA,2024-08-31,
MA,2024-09-30,
MA,2024-10-31,
MA,2024-11-30,
MA,2024-12-31,
MA,2025-01-31,
MA,2025-02-28,
MA,2025-03-31,
MD,2002-01-31,
MD,2002-02-28,
MD,2002-03-31,
MD,2002-04-30,
MD,2002-05-31,
MD,2002-06-30,
MD,2002-07-31,
MD,2002-08-31,
MD,2002-09-30,
MD,2002-10-31,
MD,2002-11-30,
MD,2002-12-31,
MD,2003-01-31,
MD,2003-02-28,
MD,2003-03-31,
MD,2003-04-30,
MD,2003-05-31,
MD,2003-06-30,
MD,2003-07-31,
MD,2003-08-31,
MD,2003-09-30,
MD,2003-10-31,
MD,2003-11-30,
MD,2003-12-31,
MD,2004-01-31,
MD,2004-02-29,
MD,2004-03-31,
MD,2004-04-30,
MD,2004-05-31,
MD,2004-06-30,
MD,2004-07-31,
MD,2004-08-31,
MD,2004-09-30,
MD,2004-10-31,
MD,2004-11-30,
MD,2004-12-31,
MD,2005-01-31,
MD,2005-02-28,
MD,2005-03-31,
MD,2005-04-30,
MD,2005-05-31,
MD,2005-06-30,
MD,2005-07-31,
MD,2005-08-31,
MD,2005-09-30,
MD,2005-10-31,
MD,2005-11-30,
MD,2005-12-31,
MD,2006-01-31,
MD,2006-02-28,
MD,2006-03-31,
MD,2006-04-30,
MD,2006-05-31,
MD,2006-06-30,
MD,2006-07-31,
MD,2006-08-31,
MD,2006-09-30,
MD,2006-10-31,
MD,2006-11-30,
MD,2006-12-31,
MD,2007-01-31,
MD,2007-02-28,
MD,2007-03-31,
MD,2007-04-30,
MD,2007-05-31,
MD,2007-06-30,
MD,2007-07-31,
MD,2007-08-31,
MD,2007-09-30,
MD,2007-10-31,
MD,2007-11-30,
MD,2007-12-31,
MD,2008-01-31,
MD,2008-02-29,
MD,2008-03-31,
MD,2008-04-30,
MD,2008-05-31,
MD,2008-06-30,
MD,2008-07-31,
MD,2008-08-31,
MD,2008-09-30,
MD,2008-10-31,
MD,2008-11-30,
MD,2008-12-31,
MD,2009-01-31,
MD,2009-02-28,
MD,2009-03-31,
MD,2009-04-30,
MD,2009-05-31,
MD,2009-06-30,
MD,2009-07-31,
MD,2009-08-31,
MD,2009-09-30,
MD,2009-10-31,
MD,2009-11-30,
MD,2009-12-31,
MD,2010-01-31,
MD,2010-02-28,
MD,2010-03-31,
MD,2010-04-30,
MD,2010-05-31,
MD,2010-06-30,
MD,2010-07-31,
MD,2010-08-31,
MD,2010-09-30,
MD,2010-10-31,
MD,2010-11-30,
MD,2010-12-31,
MD,2011-01-31,
MD,2011-02-28,
MD,2011-03-31,
MD,2011-04-30,
MD,2011-05-31,
MD,2011-06-30,
MD,2011-07-31,
MD,2011-08-31,
MD,2011-09-30,
MD,2011-10-31,
MD,2011-11-30,
MD,2011-12-31,
MD,2012-01-31,
MD,2012-02-29,
MD,2012-03-31,
MD,2012-04-30,
MD,2012-05-31,
MD,2012-06-30,
MD,2012-07-31,
MD,2012-08-31,
MD,2012-09-30,
MD,2012-10-31,
MD,2012-11-30,
MD,2012-12-31,
MD,2013-01-31,
MD,2013-02-28,
MD,2013-03-31,
MD,2013-04-30,
MD,2013-05-31,
MD,2013-06-30,
MD,2013-07-31,
MD,2013-08-31,
MD,2013-09-30,
MD,2013-10-31,
MD,2013-11-30,
MD,2013-12-31,
MD,2014-01-31,
MD,2014-02-28,
MD,2014-03-31,
MD,2014-04-30,
MD,2014-05-31,
MD,2014-06-30,
MD,2014-07-31,
MD,2014-08-31,
MD,2014-09-30,
MD,2014-10-31,
MD,2014-11-30,
MD,2014-12-31,
MD,2015-01-31,
MD,2015-02-28,
MD,2015-03-31,
MD,2015-04-30,
MD,2015-05-31,
MD,2015-06-30,
MD,2015-07-31,
MD,2015-08-31,
MD,2015-09-30,
MD,2015-10-31,
MD,2015-11-30,
MD,2015-12-31,
MD,2016-01-31,
MD,2016-02-29,
MD,2016-03-31,
MD,2016-04-30,
MD,2016-05-31,
MD,2016-06-30,
MD,2016-07-31,
MD,2016-08-31,
MD,2016-09-30,
MD,2016-10-31,
MD,2016-11-30,
MD,2016-12-31,
MD,2017-01-31,
MD,2017-02-28,
MD,2017-03-31,
MD,2017-04-30,
MD,2017-05-31,
MD,2017-06-30,
MD,2017-07-31,
MD,2017-08-31,
MD,2017-09-30,
MD,2017-10-31,
MD,2017-11-30,
MD,2017-12-31,
MD,2018-01-31,
MD,2018-02-28,
MD,2018-03-31,
MD,2018-04-30,
MD,2018-05-31,
MD,2018-06-30,
MD,2018-07-31,
MD,2018-08-31,
MD,2018-09-30,
MD,2018-10-31,
MD,2018-11-30,
MD,2018-12-31,
MD,2019-01-31,
MD,2019-02-28,
MD,2019-03-31,
MD,2019-04-30,
MD,2019-05-31,
MD,2019-06-30,
MD,2019-07-31,
MD,2019-08-31,
MD,2019-09-30,
MD,2019-10-31,
MD,2019-11-30,
MD,2019-12-31,
MD,2020-01-31,
MD,2020-02-29,
MD,2020-03-31,
MD,2020-04-30,
MD,2020-05-31,
MD,2020-06-30,
MD,2020-07-31,
MD,2020-08-31,
MD,2020-09-30,
MD,2020-10-31,
MD,2020-11-30,
MD,2020-12-31,
MD,2021-01-31,
MD,2021-02-28,
MD,2021-03-31,
MD,2021-04-30,
MD,2021-05-31,
MD,2021-06-30,
MD,2021-07-31,
MD,2021-08-31,
MD,2021-09-30,
MD,2021-10-31,
MD,2021-11-30,
MD,2021-12-31,
MD,2022-01-31,
MD,2022-02-28,
MD,2022-03-31,
MD,2022-04-30,
MD,2022-05-31,
MD,2022-06-30,
MD,2022-07-31,
MD,2022-08-31,
MD,2022-09-30,
MD,2022-10-31,
MD,2022-11-30,
MD,2022-12-31,
MD,2023-01-31,
MD,2023-02-28,
MD,2023-03-31,
MD,2023-04-30,
MD,2023-05-31,
MD,2023-06-30,
MD,2023-07-31,
MD,2023-08-31,
MD,2023-09-30,
MD,2023-10-31,
MD,2023-11-30,
MD,2023-12-31,
MD,2024-01-31,
MD,2024-02-29,
MD,2024-03-31,
MD,2024-04-30,
MD,2024-05-31,
MD,2024-06-30,
MD,2024-07-31,
MD,2024-08-31,
MD,2024-09-30,
MD,2024-10-31,
MD,2024-11-30,
MD,2024-12-31,
MD,2025-01-31,
MD,2025-02-28,
MD,2025-03-31,
MK,2002-01-31,
MK,2002-02-28,
MK,2002-03-31,
MK,2002-04-30,
MK,2002-05-31,
MK,2002-06-30,
MK,2002-07-31,
MK,2002-08-31,
MK,2002-09-30,
MK,2002-10-31,
MK,2002-11-30,
MK,2002-12-31,
MK,2003-01-31,
MK,2003-02-28,
MK,2003-03-31,
MK,2003-04-30,
MK,2003-05-31,
MK,2003-06-30,
MK,2003-07-31,
MK,2003-08-31,
MK,2003-09-30,
MK,2003-10-31,
MK,2003-11-30,
MK,2003-12-31,
MK,2004-01-31,
MK,2004-02-29,
MK,2004-03-31,
MK,2004-04-30,
MK,2004-05-31,
MK,2004-06-30,
MK,2004-07-31,
MK,2004-08-31,
MK,2004-09-30,
MK,2004-10-31,
MK,2004-11-30,
MK,2004-12-31,
MK,2005-01-31,
MK,2005-02-28,
MK,2005-03-31,
MK,2005-04-30,
MK,2005-05-31,
MK,2005-06-30,
MK,2005-07-31,
MK,2005-08-31,
MK,2005-09-30,
MK,2005-10-31,
MK,2005-11-30,
MK,2005-12-31,
MK,2006-01-31,
MK,2006-02-28,
MK,2006-03-31,
MK,2006-04-30,
MK,2006-05-31,
MK,2006-06-30,
MK,2006-07-31,
MK,2006-08-31,
MK,2006-09-30,
MK,2006-10-31,
MK,2006-11-30,
MK,2006-12-31,
MK,2007-01-31,
MK,2007-02-28,
MK,2007-03-31,
MK,2007-04-30,
MK,2007-05-31,
MK,2007-06-30,
MK,2007-07-31,
MK,2007-08-31,
MK,2007-09-30,
MK,2007-10-31,
MK,2007-11-30,
MK,2007-12-31,
MK,2008-01-31,
MK,2008-02-29,
MK,2008-03-31,
MK,2008-04-30,
MK,2008-05-31,
MK,2008-06-30,
MK,2008-07-31,
MK,2008-08-31,
MK,2008-09-30,
MK,2008-10-31,
MK,2008-11-30,
MK,2008-12-31,
MK,2009-01-31,
MK,2009-02-28,
MK,2009-03-31,
MK,2009-04-30,
MK,2009-05-31,
MK,2009-06-30,
MK,2009-07-31,
MK,2009-08-31,
MK,2009-09-30,
MK,2009-10-31,
MK,2009-11-30,
MK,2009-12-31,
MK,2010-01-31,
MK,2010-02-28,
MK,2010-03-31,
MK,2010-04-30,
MK,2010-05-31,
MK,2010-06-30,
MK,2010-07-31,
MK,2010-08-31,
MK,2010-09-30,
MK,2010-10-31,
MK,2010-11-30,
MK,2010-12-31,
MK,2011-01-31,
MK,2011-02-28,
MK,2011-03-31,
MK,2011-04-30,
MK,2011-05-31,
MK,2011-06-30,
MK,2011-07-31,
MK,2011-08-31,
MK,2011-09-30,
MK,2011-10-31,
MK,2011-11-30,
MK,2011-12-31,
MK,2012-01-31,
MK,2012-02-29,
MK,2012-03-31,
MK,2012-04-30,
MK,2012-05-31,
MK,2012-06-30,
MK,2012-07-31,
MK,2012-08-31,
MK,2012-09-30,
MK,2012-10-31,
MK,2012-11-30,
MK,2012-12-31,
MK,2013-01-31,
MK,2013-02-28,
MK,2013-03-31,
MK,2013-04-30,
MK,2013-05-31,
MK,2013-06-30,
MK,2013-07-31,
MK,2013-08-31,
MK,2013-09-30,
MK,2013-10-31,
MK,2013-11-30,
MK,2013-12-31,
MK,2014-01-31,
MK,2014-02-28,0.0
MK,2014-03-31,0.0
MK,2014-04-30,
MK,2014-05-31,
MK,2014-06-30,
MK,2014-07-31,
MK,2014-08-31,0.0
MK,2014-09-30,
MK,2014-10-31,0.0
MK,2014-11-30,
MK,2014-12-31,
MK,2015-01-31,
MK,2015-02-28,0.0
MK,2015-03-31,0.0
MK,2015-04-30,0.0
MK,2015-05-31,0.0
MK,2015-06-30,0.0
MK,2015-07-31,0.0
MK,2015-08-31,0.0
MK,2015-09-30,0.0
MK,2015-10-31,0.0
MK,2015-11-30,0.0
MK,2015-12-31,0.0
MK,2016-01-31,0.0
MK,2016-02-29,0.0
MK,2016-03-31,0.0
MK,2016-04-30,0.0
MK,2016-05-31,0.0
MK,2016-06-30,0.0
MK,2016-07-31,0.0
MK,2016-08-31,0.0
MK,2016-09-30,0.0
MK,2016-10-31,0.0
MK,2016-11-30,0.0
MK,2016-12-31,0.0
MK,2017-01-31,0.0
MK,2017-02-28,0.0
MK,2017-03-31,0.0
MK,2017-04-30,0.0
MK,2017-05-31,0.0
MK,2017-06-30,0.0
MK,2017-07-31,0.0
MK,2017-08-31,0.0
MK,2017-09-30,0.0
MK,2017-10-31,0.0
MK,2017-11-30,0.0
MK,2017-12-31,0.0
MK,2018-01-31,0.0
MK,2018-02-28,0.0
MK,2018-03-31,0.0
MK,2018-04-30,0.0
MK,2018-05-31,0.0
MK,2018-06-30,0.0
MK,2018-07-31,0.0
MK,2018-08-31,0.0
MK,2018-09-30,0.0
MK,2018-10-31,0.0
MK,2018-11-30,0.0
MK,2018-12-31,0.0
MK,2019-01-31,0.0
MK,2019-02-28,0.0
MK,2019-03-31,0.0
MK,2019-04-30,0.0
MK,2019-05-31,0.0
MK,2019-06-30,0.0
MK,2019-07-31,0.0
MK,2019-08-31,0.0
MK,2019-09-30,0.0
MK,2019-10-31,0.0
MK,2019-11-30,0.0
MK,2019-12-31,0.0
MK,2020-01-31,0.0
MK,2020-02-29,0.0
MK,2020-03-31,0.0
MK,2020-04-30,0.0
MK,2020-05-31,0.0
MK,2020-06-30,0.0
MK,2020-07-31,0.0
MK,2020-08-31,0.0
MK,2020-09-30,0.0
MK,2020-10-31,0.0
MK,2020-11-30,0.0
MK,2020-12-31,0.0
MK,2021-01-31,0.0
MK,2021-02-28,0.0
MK,2021-03-31,0.0
MK,2021-04-30,0.0
MK,2021-05-31,0.0
MK,2021-06-30,0.0
MK,2021-07-31,0.0
MK,2021-08-31,0.0
MK,2021-09-30,0.0
MK,2021-10-31,0.0
MK,2021-11-30,0.0
MK,2021-12-31,0.0
MK,2022-01-31,0.0
MK,2022-02-28,0.0
MK,2022-03-31,0.0
MK,2022-04-30,0.0
MK,2022-05-31,0.0
MK,2022-06-30,0.0
MK,2022-07-31,0.0
MK,2022-08-31,0.0
MK,2022-09-30,0.0
MK,2022-10-31,
MK,2022-11-30,
MK,2022-12-31,
MK,2023-01-31,
MK,2023-02-28,
MK,2023-03-31,
MK,2023-04-30,
MK,2023-05-31,
MK,2023-06-30,
MK,2023-07-31,
MK,2023-08-31,
MK,2023-09-30,
MK,2023-10-31,
MK,2023-11-30,
MK,2023-12-31,
MK,2024-01-31,
MK,2024-02-29,
MK,2024-03-31,
MK,2024-04-30,
MK,2024-05-31,
MK,2024-06-30,
MK,2024-07-31,
MK,2024-08-31,
MK,2024-09-30,
MK,2024-10-31,
MK,2024-11-30,
MK,2024-12-31,
MK,2025-01-31,
MK,2025-02-28,
MK,2025-03-31,
MM,2002-01-31,
MM,2002-02-28,
MM,2002-03-31,
MM,2002-04-30,
MM,2002-05-31,
MM,2002-06-30,
MM,2002-07-31,
MM,2002-08-31,
MM,2002-09-30,
MM,2002-10-31,
MM,2002-11-30,
MM,2002-12-31,
MM,2003-01-31,
MM,2003-02-28,
MM,2003-03-31,
MM,2003-04-30,
MM,2003-05-31,
MM,2003-06-30,
MM,2003-07-31,
MM,2003-08-31,
MM,2003-09-30,
MM,2003-10-31,
MM,2003-11-30,
MM,2003-12-31,
MM,2004-01-31,19.4605
MM,2004-02-29,15.7288
MM,2004-03-31,19.4605
MM,2004-04-30,20.1091
MM,2004-05-31,18.2738
MM,2004-06-30,19.1282
MM,2004-07-31,15.1886
MM,2004-08-31,19.6978
MM,2004-09-30,17.4116
MM,2004-10-31,20.1724
MM,2004-11-30,18.3925
MM,2004-12-31,17.5619
MM,2005-01-31,17.5619
MM,2005-02-28,19.7063
MM,2005-03-31,16.3753
MM,2005-04-30,17.1663
MM,2005-05-31,17.5619
MM,2005-06-30,19.6187
MM,2005-07-31,14.2394
MM,2005-08-31,19.9351
MM,2005-09-30,19.3734
MM,2005-10-31,19.4605
MM,2005-11-30,12.2617
MM,2005-12-31,19.2231
MM,2006-01-31,119.3733
MM,2006-02-28,123.7553
MM,2006-03-31,17.0872
MM,2006-04-30,16.4306
MM,2006-05-31,16.3753
MM,2006-06-30,20.3544
MM,2006-07-31,12.8154
MM,2006-08-31,18.9858
MM,2006-09-30,16.6759
MM,2006-10-31,16.8499
MM,2006-11-30,16.9211
MM,2006-12-31,17.0872
MM,2007-01-31,18.5112
MM,2007-02-28,16.816
MM,2007-03-31,18.0365
MM,2007-04-30,19.1282
MM,2007-05-31,16.1379
MM,2007-06-30,18.1473
MM,2007-07-31,13.5274
MM,2007-08-31,18.7485
MM,2007-09-30,16.9211
MM,2007-10-31,18.9858
MM,2007-11-30,17.4116
MM,2007-12-31,16.6126
MM,2008-01-31,17.3245
MM,2008-02-29,15.4751
MM,2008-03-31,18.2738
MM,2008-04-30,14.2235
MM,2008-05-31,15.6633
MM,2008-06-30,19.3734
MM,2008-07-31,18.7485
MM,2008-08-31,12.8154
MM,2008-09-30,19.8639
MM,2008-10-31,17.7992
MM,2008-11-30,17.6568
MM,2008-12-31,13.7647
MM,2009-01-31,13.7647
MM,2009-02-28,17.6043
MM,2009-03-31,18.2738
MM,2009-04-30,16.6759
MM,2009-05-31,13.5274
MM,2009-06-30,13.9783
MM,2009-07-31,18.9858
MM,2009-08-31,13.2901
MM,2009-09-30,14.2235
MM,2009-10-31,17.5619
MM,2009-11-30,16.9211
MM,2009-12-31,18.5112
MM,2010-01-31,
MM,2010-02-28,
MM,2010-03-31,
MM,2010-04-30,
MM,2010-05-31,
MM,2010-06-30,
MM,2010-07-31,
MM,2010-08-31,
MM,2010-09-30,
MM,2010-10-31,
MM,2010-11-30,
MM,2010-12-31,
MM,2011-01-31,
MM,2011-02-28,
MM,2011-03-31,
MM,2011-04-30,
MM,2011-05-31,
MM,2011-06-30,
MM,2011-07-31,
MM,2011-08-31,
MM,2011-09-30,
MM,2011-10-31,
MM,2011-11-30,
MM,2011-12-31,
MM,2012-01-31,
MM,2012-02-29,
MM,2012-03-31,
MM,2012-04-30,
MM,2012-05-31,
MM,2012-06-30,
MM,2012-07-31,
MM,2012-08-31,
MM,2012-09-30,16.6759
MM,2012-10-31,18.0365
MM,2012-11-30,18.1473
MM,2012-12-31,16.8499
MM,2013-01-31,16.6126
MM,2013-02-28,15.5023
MM,2013-03-31,17.5619
MM,2013-04-30,1.7166
MM,2013-05-31,17.5619
MM,2013-06-30,16.9211
MM,2013-07-31,17.7992
MM,2013-08-31,18.2738
MM,2013-09-30,5.8856
MM,2013-10-31,8.069
MM,2013-11-30,21.3353
MM,2013-12-31,19.4605
MM,2014-01-31,14.002
MM,2014-02-28,19.969
MM,2014-03-31,48.8885
MM,2014-04-30,5.3951
MM,2014-05-31,18.2738
MM,2014-06-30,17.1663
MM,2014-07-31,17.5619
MM,2014-08-31,16.8499
MM,2014-09-30,2.6976
MM,2014-10-31,
MM,2014-11-30,
MM,2014-12-31,21.5964
MM,2015-01-31,
MM,2015-02-28,
MM,2015-03-31,
MM,2015-04-30,12.2617
MM,2015-05-31,14.714
MM,2015-06-30,14.714
MM,2015-07-31,13.2901
MM,2015-08-31,13.7647
MM,2015-09-30,1.4714
MM,2015-10-31,
MM,2015-11-30,
MM,2015-12-31,6.8824
MM,2016-01-31,
MM,2016-02-29,13.9529
MM,2016-03-31,
MM,2016-04-30,11.0355
MM,2016-05-31,14.002
MM,2016-06-30,13.7331
MM,2016-07-31,10.6795
MM,2016-08-31,13.2901
MM,2016-09-30,
MM,2016-10-31,
MM,2016-11-30,
MM,2016-12-31,
MM,2017-01-31,
MM,2017-02-28,
MM,2017-03-31,
MM,2017-04-30,
MM,2017-05-31,
MM,2017-06-30,
MM,2017-07-31,
MM,2017-08-31,
MM,2017-09-30,
MM,2017-10-31,
MM,2017-11-30,
MM,2017-12-31,
MM,2018-01-31,
MM,2018-02-28,
MM,2018-03-31,
MM,2018-04-30,
MM,2018-05-31,
MM,2018-06-30,
MM,2018-07-31,
MM,2018-08-31,
MM,2018-09-30,
MM,2018-10-31,
MM,2018-11-30,
MM,2018-12-31,
MM,2019-01-31,
MM,2019-02-28,
MM,2019-03-31,
MM,2019-04-30,
MM,2019-05-31,
MM,2019-06-30,
MM,2019-07-31,
MM,2019-08-31,
MM,2019-09-30,
MM,2019-10-31,
MM,2019-11-30,
MM,2019-12-31,
MM,2020-01-31,
MM,2020-02-29,
MM,2020-03-31,
MM,2020-04-30,
MM,2020-05-31,
MM,2020-06-30,
MM,2020-07-31,
MM,2020-08-31,
MM,2020-09-30,
MM,2020-10-31,
MM,2020-11-30,
MM,2020-12-31,
MM,2021-01-31,
MM,2021-02-28,
MM,2021-03-31,
MM,2021-04-30,
MM,2021-05-31,
MM,2021-06-30,
MM,2021-07-31,
MM,2021-08-31,
MM,2021-09-30,
MM,2021-10-31,
MM,2021-11-30,
MM,2021-12-31,
MM,2022-01-31,
MM,2022-02-28,
MM,2022-03-31,
MM,2022-04-30,
MM,2022-05-31,
MM,2022-06-30,
MM,2022-07-31,
MM,2022-08-31,
MM,2022-09-30,
MM,2022-10-31,
MM,2022-11-30,
MM,2022-12-31,
MM,2023-01-31,
MM,2023-02-28,
MM,2023-03-31,
MM,2023-04-30,
MM,2023-05-31,
MM,2023-06-30,
MM,2023-07-31,
MM,2023-08-31,
MM,2023-09-30,
MM,2023-10-31,
MM,2023-11-30,
MM,2023-12-31,
MM,2024-01-31,
MM,2024-02-29,
MM,2024-03-31,
MM,2024-04-30,
MM,2024-05-31,
MM,2024-06-30,
MM,2024-07-31,
MM,2024-08-31,
MM,2024-09-30,
MM,2024-10-31,
MM,2024-11-30,
MM,2024-12-31,
MM,2025-01-31,
MM,2025-02-28,
MM,2025-03-31,
MU,2002-01-31,
MU,2002-02-28,
MU,2002-03-31,
MU,2002-04-30,
MU,2002-05-31,
MU,2002-06-30,
MU,2002-07-31,
MU,2002-08-31,
MU,2002-09-30,
MU,2002-10-31,
MU,2002-11-30,
MU,2002-12-31,
MU,2003-01-31,
MU,2003-02-28,
MU,2003-03-31,
MU,2003-04-30,
MU,2003-05-31,
MU,2003-06-30,
MU,2003-07-31,
MU,2003-08-31,
MU,2003-09-30,
MU,2003-10-31,
MU,2003-11-30,
MU,2003-12-31,
MU,2004-01-31,
MU,2004-02-29,
MU,2004-03-31,
MU,2004-04-30,
MU,2004-05-31,
MU,2004-06-30,
MU,2004-07-31,
MU,2004-08-31,
MU,2004-09-30,
MU,2004-10-31,
MU,2004-11-30,
MU,2004-12-31,
MU,2005-01-31,
MU,2005-02-28,
MU,2005-03-31,
MU,2005-04-30,
MU,2005-05-31,
MU,2005-06-30,
MU,2005-07-31,
MU,2005-08-31,
MU,2005-09-30,
MU,2005-10-31,
MU,2005-11-30,
MU,2005-12-31,
MU,2006-01-31,
MU,2006-02-28,
MU,2006-03-31,
MU,2006-04-30,
MU,2006-05-31,
MU,2006-06-30,
MU,2006-07-31,
MU,2006-08-31,
MU,2006-09-30,
MU,2006-10-31,
MU,2006-11-30,
MU,2006-12-31,
MU,2007-01-31,
MU,2007-02-28,
MU,2007-03-31,
MU,2007-04-30,
MU,2007-05-31,
MU,2007-06-30,
MU,2007-07-31,
MU,2007-08-31,
MU,2007-09-30,
MU,2007-10-31,
MU,2007-11-30,
MU,2007-12-31,
MU,2008-01-31,
MU,2008-02-29,
MU,2008-03-31,
MU,2008-04-30,
MU,2008-05-31,
MU,2008-06-30,
MU,2008-07-31,
MU,2008-08-31,
MU,2008-09-30,
MU,2008-10-31,
MU,2008-11-30,
MU,2008-12-31,
MU,2009-01-31,
MU,2009-02-28,
MU,2009-03-31,
MU,2009-04-30,
MU,2009-05-31,
MU,2009-06-30,
MU,2009-07-31,
MU,2009-08-31,
MU,2009-09-30,
MU,2009-10-31,
MU,2009-11-30,
MU,2009-12-31,
MU,2010-01-31,
MU,2010-02-28,
MU,2010-03-31,
MU,2010-04-30,
MU,2010-05-31,
MU,2010-06-30,
MU,2010-07-31,
MU,2010-08-31,
MU,2010-09-30,
MU,2010-10-31,
MU,2010-11-30,
MU,2010-12-31,
MU,2011-01-31,
MU,2011-02-28,
MU,2011-03-31,
MU,2011-04-30,
MU,2011-05-31,
MU,2011-06-30,
MU,2011-07-31,
MU,2011-08-31,
MU,2011-09-30,
MU,2011-10-31,
MU,2011-11-30,
MU,2011-12-31,
MU,2012-01-31,
MU,2012-02-29,
MU,2012-03-31,
MU,2012-04-30,
MU,2012-05-31,
MU,2012-06-30,
MU,2012-07-31,
MU,2012-08-31,
MU,2012-09-30,
MU,2012-10-31,
MU,2012-11-30,
MU,2012-12-31,
MU,2013-01-31,
MU,2013-02-28,
MU,2013-03-31,
MU,2013-04-30,
MU,2013-05-31,
MU,2013-06-30,
MU,2013-07-31,
MU,2013-08-31,
MU,2013-09-30,
MU,2013-10-31,
MU,2013-11-30,
MU,2013-12-31,
MU,2014-01-31,
MU,2014-02-28,
MU,2014-03-31,
MU,2014-04-30,
MU,2014-05-31,
MU,2014-06-30,
MU,2014-07-31,
MU,2014-08-31,
MU,2014-09-30,
MU,2014-10-31,
MU,2014-11-30,
MU,2014-12-31,
MU,2015-01-31,
MU,2015-02-28,
MU,2015-03-31,
MU,2015-04-30,
MU,2015-05-31,
MU,2015-06-30,
MU,2015-07-31,
MU,2015-08-31,
MU,2015-09-30,
MU,2015-10-31,
MU,2015-11-30,
MU,2015-12-31,
MU,2016-01-31,
MU,2016-02-29,
MU,2016-03-31,
MU,2016-04-30,
MU,2016-05-31,
MU,2016-06-30,
MU,2016-07-31,
MU,2016-08-31,
MU,2016-09-30,
MU,2016-10-31,
MU,2016-11-30,
MU,2016-12-31,
MU,2017-01-31,
MU,2017-02-28,
MU,2017-03-31,
MU,2017-04-30,
MU,2017-05-31,
MU,2017-06-30,
MU,2017-07-31,
MU,2017-08-31,
MU,2017-09-30,
MU,2017-10-31,
MU,2017-11-30,
MU,2017-12-31,
MU,2018-01-31,
MU,2018-02-28,
MU,2018-03-31,
MU,2018-04-30,
MU,2018-05-31,
MU,2018-06-30,
MU,2018-07-31,
MU,2018-08-31,
MU,2018-09-30,
MU,2018-10-31,
MU,2018-11-30,
MU,2018-12-31,
MU,2019-01-31,
MU,2019-02-28,
MU,2019-03-31,
MU,2019-04-30,
MU,2019-05-31,
MU,2019-06-30,
MU,2019-07-31,
MU,2019-08-31,
MU,2019-09-30,
MU,2019-10-31,
MU,2019-11-30,
MU,2019-12-31,
MU,2020-01-31,
MU,2020-02-29,
MU,2020-03-31,
MU,2020-04-30,
MU,2020-05-31,
MU,2020-06-30,
MU,2020-07-31,
MU,2020-08-31,
MU,2020-09-30,
MU,2020-10-31,
MU,2020-11-30,
MU,2020-12-31,
MU,2021-01-31,
MU,2021-02-28,
MU,2021-03-31,
MU,2021-04-30,
MU,2021-05-31,
MU,2021-06-30,
MU,2021-07-31,
MU,2021-08-31,
MU,2021-09-30,
MU,2021-10-31,
MU,2021-11-30,
MU,2021-12-31,
MU,2022-01-31,
MU,2022-02-28,
MU,2022-03-31,
MU,2022-04-30,
MU,2022-05-31,
MU,2022-06-30,
MU,2022-07-31,
MU,2022-08-31,
MU,2022-09-30,
MU,2022-10-31,
MU,2022-11-30,
MU,2022-12-31,
MU,2023-01-31,
MU,2023-02-28,
MU,2023-03-31,
MU,2023-04-30,
MU,2023-05-31,
MU,2023-06-30,
MU,2023-07-31,
MU,2023-08-31,
MU,2023-09-30,
MU,2023-10-31,
MU,2023-11-30,
MU,2023-12-31,
MU,2024-01-31,
MU,2024-02-29,
MU,2024-03-31,
MU,2024-04-30,
MU,2024-05-31,
MU,2024-06-30,
MU,2024-07-31,
MU,2024-08-31,
MU,2024-09-30,
MU,2024-10-31,
MU,2024-11-30,
MU,2024-12-31,
MU,2025-01-31,
MU,2025-02-28,
MU,2025-03-31,
MX,2002-01-31,1093.5174
MX,2002-02-28,1159.35
MX,2002-03-31,1156.5523
MX,2002-04-30,1198.88
MX,2002-05-31,1219.5871
MX,2002-06-30,1247.968
MX,2002-07-31,1287.4181
MX,2002-08-31,1191.7239
MX,2002-09-30,1134.452
MX,2002-10-31,1025.0013
MX,2002-11-30,1091.028
MX,2002-12-31,1147.4168
MX,2003-01-31,1206.1123
MX,2003-02-28,1256.4471
MX,2003-03-31,1261.6103
MX,2003-04-30,1247.26
MX,2003-05-31,1282.1652
MX,2003-06-30,1211.388
MX,2003-07-31,1284.9058
MX,2003-08-31,1268.6903
MX,2003-09-30,1247.024
MX,2003-10-31,1214.5626
MX,2003-11-30,1159.94
MX,2003-12-31,1211.1368
MX,2004-01-31,1293.1277
MX,2004-02-29,1305.8938
MX,2004-03-31,1247.9071
MX,2004-04-30,1255.284
MX,2004-05-31,1297.4671
MX,2004-06-30,1285.256
MX,2004-07-31,1296.7819
MX,2004-08-31,1265.4929
MX,2004-09-30,1229.56
MX,2004-10-31,1114.7574
MX,2004-11-30,1161.356
MX,2004-12-31,1290.8439
MX,2005-01-31,1278.9677
MX,2005-02-28,1272.63
MX,2005-03-31,1322.3613
MX,2005-04-30,1325.14
MX,2005-05-31,1272.8013
MX,2005-06-30,1270.388
MX,2005-07-31,1234.889
MX,2005-08-31,1281.9368
MX,2005-09-30,1284.312
MX,2005-10-31,1178.249
MX,2005-11-30,1180.708
MX,2005-12-31,1313.4542
MX,2006-01-31,1331.9535
MX,2006-02-28,1233.1843
MX,2006-03-31,1194.9213
MX,2006-04-30,1256.228
MX,2006-05-31,1215.4761
MX,2006-06-30,1223.424
MX,2006-07-31,1247.6787
MX,2006-08-31,1222.3277
MX,2006-09-30,1178.82
MX,2006-10-31,1138.0529
MX,2006-11-30,1240.18
MX,2006-12-31,1307.7445
MX,2007-01-31,1273.9432
MX,2007-02-28,1258.2171
MX,2007-03-31,1235.1174
MX,2007-04-30,1238.764
MX,2007-05-31,1227.809
MX,2007-06-30,1263.544
MX,2007-07-31,1204.0568
MX,2007-08-31,1143.5342
MX,2007-09-30,1131.384
MX,2007-10-31,1259.0981
MX,2007-11-30,1242.304
MX,2007-12-31,1231.6916
MX,2008-01-31,1249.9626
MX,2008-02-29,1180.4069
MX,2008-03-31,1235.5742
MX,2008-04-30,1261.42
MX,2008-05-31,1280.1097
MX,2008-06-30,1110.38
MX,2008-07-31,1218.2168
MX,2008-08-31,1231.0065
MX,2008-09-30,1149.32
MX,2008-10-31,1202.0013
MX,2008-11-30,1148.376
MX,2008-12-31,1278.7394
MX,2009-01-31,1286.2761
MX,2009-02-28,1258.7229
MX,2009-03-31,1223.4697
MX,2009-04-30,1302.012
MX,2009-05-31,1234.2039
MX,2009-06-30,1143.42
MX,2009-07-31,1208.3961
MX,2009-08-31,1268.0052
MX,2009-09-30,1248.676
MX,2009-10-31,1287.8748
MX,2009-11-30,1324.668
MX,2009-12-31,1328.7561
MX,2010-01-31,1323.0465
MX,2010-02-28,1244.5629
MX,2010-03-31,1254.0735
MX,2010-04-30,1258.588
MX,2010-05-31,1226.8955
MX,2010-06-30,1196.048
MX,2010-07-31,1211.8219
MX,2010-08-31,1148.1019
MX,2010-09-30,1196.992
MX,2010-10-31,1084.8387
MX,2010-11-30,992.144
MX,2010-12-31,1099.2271
MX,2011-01-31,1119.5535
MX,2011-02-28,1162.6371
MX,2011-03-31,1197.6619
MX,2011-04-30,1262.6
MX,2011-05-31,1148.5587
MX,2011-06-30,1143.656
MX,2011-07-31,1158.6077
MX,2011-08-31,1234.6606
MX,2011-09-30,1103.3
MX,2011-10-31,1150.8426
MX,2011-11-30,1177.168
MX,2011-12-31,1155.6387
MX,2012-01-31,1213.8774
MX,2012-02-29,1250.9628
MX,2012-03-31,1182.36
MX,2012-04-30,1222.716
MX,2012-05-31,1267.0916
MX,2012-06-30,1253.632
MX,2012-07-31,1226.6671
MX,2012-08-31,1208.8529
MX,2012-09-30,1117.696
MX,2012-10-31,1075.7032
MX,2012-11-30,1195.104
MX,2012-12-31,1263.8942
MX,2013-01-31,1227.809
MX,2013-02-28,1241.2757
MX,2013-03-31,1286.2761
MX,2013-04-30,1284.548
MX,2013-05-31,1277.8258
MX,2013-06-30,1295.64
MX,2013-07-31,1269.1471
MX,2013-08-31,1245.6232
MX,2013-09-30,1126.428
MX,2013-10-31,1091.6903
MX,2013-11-30,1162.772
MX,2013-12-31,1186.0142
MX,2014-01-31,1202.9148
MX,2014-02-28,1080.9643
MX,2014-03-31,1175.5084
MX,2014-04-30,1252.924
MX,2014-05-31,1130.2877
MX,2014-06-30,1216.816
MX,2014-07-31,1177.1071
MX,2014-08-31,1152.2129
MX,2014-09-30,1183.54
MX,2014-10-31,1093.0606
MX,2014-11-30,1074.98
MX,2014-12-31,1093.0606
MX,2015-01-31,1006.0452
MX,2015-02-28,1025.5886
MX,2015-03-31,1098.7703
MX,2015-04-30,1062.0
MX,2015-05-31,1104.0232
MX,2015-06-30,1072.148
MX,2015-07-31,1003.5329
MX,2015-08-31,1063.5987
MX,2015-09-30,1052.796
MX,2015-10-31,1056.9755
MX,2015-11-30,1049.256
MX,2015-12-31,1121.609
MX,2016-01-31,1113.6155
MX,2016-02-29,1037.3421
MX,2016-03-31,1087.8077
MX,2016-04-30,1045.952
MX,2016-05-31,1006.7303
MX,2016-06-30,1026.836
MX,2016-07-31,930.9058
MX,2016-08-31,846.4026
MX,2016-09-30,748.828
MX,2016-10-31,801.1819
MX,2016-11-30,765.82
MX,2016-12-31,768.751
MX,2017-01-31,859.649
MX,2017-02-28,976.5343
MX,2017-03-31,983.6632
MX,2017-04-30,979.164
MX,2017-05-31,936.6155
MX,2017-06-30,813.964
MX,2017-07-31,665.0632
MX,2017-08-31,744.5419
MX,2017-09-30,549.88
MX,2017-10-31,533.969
MX,2017-11-30,591.18
MX,2017-12-31,574.1652
MX,2018-01-31,593.5781
MX,2018-02-28,524.4257
MX,2018-03-31,634.231
MX,2018-04-30,760.392
MX,2018-05-31,691.7845
MX,2018-06-30,652.54
MX,2018-07-31,634.9161
MX,2018-08-31,682.8774
MX,2018-09-30,606.048
MX,2018-10-31,483.0387
MX,2018-11-30,509.288
MX,2018-12-31,494.6865
MX,2019-01-31,485.0942
MX,2019-02-28,594.2143
MX,2019-03-31,554.0671
MX,2019-04-30,578.2
MX,2019-05-31,588.5535
MX,2019-06-30,676.14
MX,2019-07-31,571.6529
MX,2019-08-31,736.5484
MX,2019-09-30,658.912
MX,2019-10-31,510.6735
MX,2019-11-30,579.38
MX,2019-12-31,536.7097
MX,2020-01-31,572.1097
MX,2020-02-29,460.2
MX,2020-03-31,593.3497
MX,2020-04-30,655.136
MX,2020-05-31,641.7677
MX,2020-06-30,600.148
MX,2020-07-31,525.0619
MX,2020-08-31,615.96
MX,2020-09-30,695.256
MX,2020-10-31,584.4426
MX,2020-11-30,515.188
MX,2020-12-31,610.2503
MX,2021-01-31,726.0426
MX,2021-02-28,712.2986
MX,2021-03-31,822.8787
MX,2021-04-30,630.592
MX,2021-05-31,692.4697
MX,2021-06-30,670.004
MX,2021-07-31,652.9587
MX,2021-08-31,650.2181
MX,2021-09-30,791.308
MX,2021-10-31,742.4865
MX,2021-11-30,722.632
MX,2021-12-31,755.0477
MX,2022-01-31,791.8181
MX,2022-02-28,853.8986
MX,2022-03-31,827.9032
MX,2022-04-30,885.236
MX,2022-05-31,819.9097
MX,2022-06-30,710.36
MX,2022-07-31,828.1316
MX,2022-08-31,813.5148
MX,2022-09-30,792.252
MX,2022-10-31,810.089
MX,2022-11-30,915.916
MX,2022-12-31,833.6129
MX,2023-01-31,862.6181
MX,2023-02-28,814.7057
MX,2023-03-31,953.2877
MX,2023-04-30,974.68
MX,2023-05-31,854.8529
MX,2023-06-30,965.712
MX,2023-07-31,782.4542
MX,2023-08-31,743.4
MX,2023-09-30,902.936
MX,2023-10-31,544.2465
MX,2023-11-30,754.256
MX,2023-12-31,892.9935
MX,2024-01-31,1009.9277
MX,2024-02-29,1017.0786
MX,2024-03-31,1103.7948
MX,2024-04-30,1041.704
MX,2024-05-31,941.4116
MX,2024-06-30,916.86
MX,2024-07-31,1097.1716
MX,2024-08-31,1069.08
MX,2024-09-30,983.884
MX,2024-10-31,756.8748
MX,2024-11-30,811.368
MX,2024-12-31,843.6619
MX,2025-01-31,996.9097
MX,2025-02-28,853.3929
MX,2025-03-31,
NE,2002-01-31,
NE,2002-02-28,
NE,2002-03-31,
NE,2002-04-30,
NE,2002-05-31,
NE,2002-06-30,
NE,2002-07-31,
NE,2002-08-31,
NE,2002-09-30,
NE,2002-10-31,
NE,2002-11-30,
NE,2002-12-31,
NE,2003-01-31,
NE,2003-02-28,
NE,2003-03-31,
NE,2003-04-30,
NE,2003-05-31,
NE,2003-06-30,
NE,2003-07-31,
NE,2003-08-31,
NE,2003-09-30,
NE,2003-10-31,
NE,2003-11-30,
NE,2003-12-31,
NE,2004-01-31,
NE,2004-02-29,
NE,2004-03-31,
NE,2004-04-30,
NE,2004-05-31,
NE,2004-06-30,
NE,2004-07-31,
NE,2004-08-31,
NE,2004-09-30,
NE,2004-10-31,
NE,2004-11-30,
NE,2004-12-31,
NE,2005-01-31,
NE,2005-02-28,
NE,2005-03-31,
NE,2005-04-30,
NE,2005-05-31,
NE,2005-06-30,
NE,2005-07-31,
NE,2005-08-31,
NE,2005-09-30,
NE,2005-10-31,
NE,2005-11-30,
NE,2005-12-31,
NE,2006-01-31,
NE,2006-02-28,
NE,2006-03-31,
NE,2006-04-30,
NE,2006-05-31,
NE,2006-06-30,
NE,2006-07-31,
NE,2006-08-31,
NE,2006-09-30,
NE,2006-10-31,
NE,2006-11-30,
NE,2006-12-31,
NE,2007-01-31,
NE,2007-02-28,
NE,2007-03-31,
NE,2007-04-30,
NE,2007-05-31,
NE,2007-06-30,
NE,2007-07-31,
NE,2007-08-31,
NE,2007-09-30,
NE,2007-10-31,
NE,2007-11-30,
NE,2007-12-31,
NE,2008-01-31,
NE,2008-02-29,
NE,2008-03-31,
NE,2008-04-30,
NE,2008-05-31,
NE,2008-06-30,
NE,2008-07-31,
NE,2008-08-31,
NE,2008-09-30,
NE,2008-10-31,
NE,2008-11-30,
NE,2008-12-31,
NE,2009-01-31,
NE,2009-02-28,
NE,2009-03-31,
NE,2009-04-30,
NE,2009-05-31,
NE,2009-06-30,
NE,2009-07-31,
NE,2009-08-31,
NE,2009-09-30,
NE,2009-10-31,
NE,2009-11-30,
NE,2009-12-31,
NE,2010-01-31,
NE,2010-02-28,
NE,2010-03-31,
NE,2010-04-30,
NE,2010-05-31,
NE,2010-06-30,
NE,2010-07-31,
NE,2010-08-31,
NE,2010-09-30,
NE,2010-10-31,
NE,2010-11-30,
NE,2010-12-31,
NE,2011-01-31,
NE,2011-02-28,
NE,2011-03-31,
NE,2011-04-30,
NE,2011-05-31,
NE,2011-06-30,
NE,2011-07-31,
NE,2011-08-31,
NE,2011-09-30,
NE,2011-10-31,
NE,2011-11-30,
NE,2011-12-31,
NE,2012-01-31,13.3065
NE,2012-02-29,
NE,2012-03-31,15.7258
NE,2012-04-30,14.0
NE,2012-05-31,14.5161
NE,2012-06-30,14.25
NE,2012-07-31,14.5161
NE,2012-08-31,14.2742
NE,2012-09-30,4.25
NE,2012-10-31,10.8871
NE,2012-11-30,16.25
NE,2012-12-31,16.6935
NE,2013-01-31,15.7258
NE,2013-02-28,15.0
NE,2013-03-31,13.7903
NE,2013-04-30,19.0
NE,2013-05-31,17.1774
NE,2013-06-30,18.0
NE,2013-07-31,19.1129
NE,2013-08-31,10.6452
NE,2013-09-30,22.5
NE,2013-10-31,22.9839
NE,2013-11-30,22.5
NE,2013-12-31,22.0161
NE,2014-01-31,18.3871
NE,2014-02-28,16.875
NE,2014-03-31,17.4194
NE,2014-04-30,17.75
NE,2014-05-31,17.9032
NE,2014-06-30,19.25
NE,2014-07-31,19.1129
NE,2014-08-31,18.3871
NE,2014-09-30,17.75
NE,2014-10-31,17.6613
NE,2014-11-30,21.25
NE,2014-12-31,
NE,2015-01-31,13.0645
NE,2015-02-28,18.2143
NE,2015-03-31,18.3871
NE,2015-04-30,16.75
NE,2015-05-31,16.6935
NE,2015-06-30,17.75
NE,2015-07-31,17.4194
NE,2015-08-31,9.9194
NE,2015-09-30,2.75
NE,2015-10-31,12.0968
NE,2015-11-30,17.5
NE,2015-12-31,23.2258
NE,2016-01-31,17.6613
NE,2016-02-29,17.5862
NE,2016-03-31,16.4516
NE,2016-04-30,17.0
NE,2016-05-31,13.5484
NE,2016-06-30,13.5
NE,2016-07-31,14.5161
NE,2016-08-31,16.9355
NE,2016-09-30,12.25
NE,2016-10-31,20.8065
NE,2016-11-30,20.75
NE,2016-12-31,20.5645
NE,2017-01-31,20.5645
NE,2017-02-28,20.625
NE,2017-03-31,15.4839
NE,2017-04-30,17.75
NE,2017-05-31,19.3548
NE,2017-06-30,18.5
NE,2017-07-31,17.9032
NE,2017-08-31,16.9355
NE,2017-09-30,18.25
NE,2017-10-31,20.0806
NE,2017-11-30,19.75
NE,2017-12-31,19.5968
NE,2018-01-31,
NE,2018-02-28,
NE,2018-03-31,
NE,2018-04-30,
NE,2018-05-31,
NE,2018-06-30,
NE,2018-07-31,
NE,2018-08-31,
NE,2018-09-30,
NE,2018-10-31,
NE,2018-11-30,
NE,2018-12-31,
NE,2019-01-31,
NE,2019-02-28,
NE,2019-03-31,
NE,2019-04-30,
NE,2019-05-31,
NE,2019-06-30,
NE,2019-07-31,
NE,2019-08-31,
NE,2019-09-30,
NE,2019-10-31,
NE,2019-11-30,
NE,2019-12-31,
NE,2020-01-31,
NE,2020-02-29,
NE,2020-03-31,
NE,2020-04-30,
NE,2020-05-31,
NE,2020-06-30,
NE,2020-07-31,
NE,2020-08-31,
NE,2020-09-30,
NE,2020-10-31,
NE,2020-11-30,
NE,2020-12-31,
NE,2021-01-31,
NE,2021-02-28,
NE,2021-03-31,
NE,2021-04-30,
NE,2021-05-31,
NE,2021-06-30,
NE,2021-07-31,
NE,2021-08-31,
NE,2021-09-30,
NE,2021-10-31,
NE,2021-11-30,
NE,2021-12-31,
NE,2022-01-31,
NE,2022-02-28,
NE,2022-03-31,
NE,2022-04-30,
NE,2022-05-31,
NE,2022-06-30,
NE,2022-07-31,
NE,2022-08-31,
NE,2022-09-30,
NE,2022-10-31,
NE,2022-11-30,
NE,2022-12-31,
NE,2023-01-31,
NE,2023-02-28,
NE,2023-03-31,
NE,2023-04-30,
NE,2023-05-31,
NE,2023-06-30,
NE,2023-07-31,
NE,2023-08-31,
NE,2023-09-30,
NE,2023-10-31,
NE,2023-11-30,
NE,2023-12-31,
NE,2024-01-31,
NE,2024-02-29,
NE,2024-03-31,
NE,2024-04-30,
NE,2024-05-31,
NE,2024-06-30,
NE,2024-07-31,
NE,2024-08-31,
NE,2024-09-30,
NE,2024-10-31,
NE,2024-11-30,
NE,2024-12-31,
NE,2025-01-31,
NE,2025-02-28,
NE,2025-03-31,
NG,2002-01-31,162.0
NG,2002-02-28,385.0
NG,2002-03-31,347.0
NG,2002-04-30,397.0
NG,2002-05-31,178.0
NG,2002-06-30,223.0
NG,2002-07-31,159.0
NG,2002-08-31,240.0
NG,2002-09-30,251.0
NG,2002-10-31,194.0
NG,2002-11-30,216.0
NG,2002-12-31,220.0
NG,2003-01-31,193.0
NG,2003-02-28,178.0
NG,2003-03-31,231.0
NG,2003-04-30,86.0
NG,2003-05-31,103.0
NG,2003-06-30,73.0
NG,2003-07-31,75.0
NG,2003-08-31,87.0
NG,2003-09-30,91.0
NG,2003-10-31,113.0
NG,2003-11-30,78.0
NG,2003-12-31,112.0
NG,2004-01-31,114.0
NG,2004-02-29,100.0
NG,2004-03-31,44.0
NG,2004-04-30,107.0
NG,2004-05-31,53.0
NG,2004-06-30,118.0
NG,2004-07-31,93.0
NG,2004-08-31,108.0
NG,2004-09-30,116.0
NG,2004-10-31,125.0
NG,2004-11-30,76.0
NG,2004-12-31,226.0
NG,2005-01-31,193.0
NG,2005-02-28,200.0
NG,2005-03-31,193.0
NG,2005-04-30,203.0
NG,2005-05-31,159.0
NG,2005-06-30,184.0
NG,2005-07-31,209.0
NG,2005-08-31,189.0
NG,2005-09-30,228.0
NG,2005-10-31,200.0
NG,2005-11-30,210.0
NG,2005-12-31,207.0
NG,2006-01-31,155.0
NG,2006-02-28,110.0
NG,2006-03-31,102.0
NG,2006-04-30,111.0
NG,2006-05-31,134.0
NG,2006-06-30,139.0
NG,2006-07-31,118.0
NG,2006-08-31,189.0
NG,2006-09-30,119.0
NG,2006-10-31,74.0
NG,2006-11-30,104.0
NG,2006-12-31,97.0
NG,2007-01-31,87.0
NG,2007-02-28,80.0
NG,2007-03-31,73.0
NG,2007-04-30,41.0
NG,2007-05-31,49.0
NG,2007-06-30,2.0
NG,2007-07-31,40.0
NG,2007-08-31,58.0
NG,2007-09-30,46.0
NG,2007-10-31,66.0
NG,2007-11-30,52.0
NG,2007-12-31,13.0
NG,2008-01-31,93.0
NG,2008-02-29,113.0
NG,2008-03-31,143.0
NG,2008-04-30,146.0
NG,2008-05-31,105.0
NG,2008-06-30,172.0
NG,2008-07-31,145.0
NG,2008-08-31,104.0
NG,2008-09-30,111.0
NG,2008-10-31,58.0
NG,2008-11-30,80.0
NG,2008-12-31,85.0
NG,2009-01-31,69.0
NG,2009-02-28,109.0
NG,2009-03-31,129.0
NG,2009-04-30,114.0
NG,2009-05-31,44.0
NG,2009-06-30,116.0
NG,2009-07-31,21.0
NG,2009-08-31,19.0
NG,2009-09-30,54.0
NG,2009-10-31,48.0
NG,2009-11-30,35.0
NG,2009-12-31,0.0
NG,2010-01-31,23.0
NG,2010-02-28,109.0
NG,2010-03-31,76.0
NG,2010-04-30,104.0
NG,2010-05-31,84.0
NG,2010-06-30,75.0
NG,2010-07-31,105.0
NG,2010-08-31,128.0
NG,2010-09-30,121.0
NG,2010-10-31,102.0
NG,2010-11-30,140.0
NG,2010-12-31,55.0
NG,2011-01-31,132.0
NG,2011-02-28,129.0
NG,2011-03-31,126.0
NG,2011-04-30,137.0
NG,2011-05-31,120.0
NG,2011-06-30,62.0
NG,2011-07-31,111.0
NG,2011-08-31,147.0
NG,2011-09-30,166.0
NG,2011-10-31,129.0
NG,2011-11-30,101.0
NG,2011-12-31,131.0
NG,2012-01-31,141.0
NG,2012-02-29,98.0
NG,2012-03-31,95.0
NG,2012-04-30,80.0
NG,2012-05-31,107.0
NG,2012-06-30,70.0
NG,2012-07-31,113.0
NG,2012-08-31,156.0
NG,2012-09-30,112.0
NG,2012-10-31,58.0
NG,2012-11-30,187.0
NG,2012-12-31,170.0
NG,2013-01-31,154.0
NG,2013-02-28,158.0
NG,2013-03-31,156.0
NG,2013-04-30,121.0
NG,2013-05-31,98.0
NG,2013-06-30,76.0
NG,2013-07-31,118.0
NG,2013-08-31,87.0
NG,2013-09-30,61.0
NG,2013-10-31,92.0
NG,2013-11-30,77.0
NG,2013-12-31,59.0
NG,2014-01-31,40.0
NG,2014-02-28,94.0
NG,2014-03-31,67.0
NG,2014-04-30,160.0
NG,2014-05-31,171.0
NG,2014-06-30,114.0
NG,2014-07-31,41.0
NG,2014-08-31,5.0
NG,2014-09-30,3.0
NG,2014-10-31,53.0
NG,2014-11-30,32.0
NG,2014-12-31,0.0
NG,2015-01-31,0.0
NG,2015-02-28,0.0
NG,2015-03-31,0.0
NG,2015-04-30,0.0
NG,2015-05-31,0.0
NG,2015-06-30,32.0
NG,2015-07-31,108.0
NG,2015-08-31,77.0
NG,2015-09-30,68.0
NG,2015-10-31,0.0
NG,2015-11-30,0.0
NG,2015-12-31,0.0
NG,2016-01-31,0.0
NG,2016-02-29,67.0
NG,2016-03-31,61.0
NG,2016-04-30,87.0
NG,2016-05-31,33.0
NG,2016-06-30,55.0
NG,2016-07-31,55.0
NG,2016-08-31,106.0
NG,2016-09-30,44.0
NG,2016-10-31,66.0
NG,2016-11-30,93.0
NG,2016-12-31,54.0
NG,2017-01-31,106.0
NG,2017-02-28,102.0
NG,2017-03-31,77.0
NG,2017-04-30,99.0
NG,2017-05-31,74.0
NG,2017-06-30,63.0
NG,2017-07-31,48.0
NG,2017-08-31,39.0
NG,2017-09-30,30.0
NG,2017-10-31,72.0
NG,2017-11-30,77.0
NG,2017-12-31,36.0
NG,2018-01-31,59.0
NG,2018-02-28,57.0
NG,2018-03-31,42.0
NG,2018-04-30,43.0
NG,2018-05-31,76.0
NG,2018-06-30,64.0
NG,2018-07-31,45.0
NG,2018-08-31,4.0
NG,2018-09-30,0.0
NG,2018-10-31,0.0
NG,2018-11-30,23.0
NG,2018-12-31,20.0
NG,2019-01-31,27.0
NG,2019-02-28,18.0
NG,2019-03-31,32.0
NG,2019-04-30,0.0
NG,2019-05-31,14.0
NG,2019-06-30,0.0
NG,2019-07-31,0.0
NG,2019-08-31,0.0
NG,2019-09-30,0.0
NG,2019-10-31,0.0
NG,2019-11-30,0.0
NG,2019-12-31,0.0
NG,2020-01-31,0.0
NG,2020-02-29,0.0
NG,2020-03-31,0.0
NG,2020-04-30,0.0
NG,2020-05-31,0.0
NG,2020-06-30,0.0
NG,2020-07-31,1.0
NG,2020-08-31,1.0
NG,2020-09-30,1.0
NG,2020-10-31,1.0
NG,2020-11-30,0.0
NG,2020-12-31,0.0
NG,2021-01-31,1.0
NG,2021-02-28,2.0
NG,2021-03-31,3.0
NG,2021-04-30,3.0
NG,2021-05-31,2.0
NG,2021-06-30,6.0
NG,2021-07-31,5.0
NG,2021-08-31,2.0
NG,2021-09-30,1.0
NG,2021-10-31,3.0
NG,2021-11-30,3.0
NG,2021-12-31,3.0
NG,2022-01-31,6.0
NG,2022-02-28,7.0
NG,2022-03-31,7.0
NG,2022-04-30,6.0
NG,2022-05-31,5.0
NG,2022-06-30,8.0
NG,2022-07-31,7.0
NG,2022-08-31,5.0
NG,2022-09-30,6.0
NG,2022-10-31,6.0
NG,2022-11-30,8.0
NG,2022-12-31,7.0
NG,2023-01-31,5.0
NG,2023-02-28,8.0
NG,2023-03-31,5.0
NG,2023-04-30,7.0
NG,2023-05-31,7.0
NG,2023-06-30,8.0
NG,2023-07-31,7.0
NG,2023-08-31,8.0
NG,2023-09-30,10.0
NG,2023-10-31,10.0
NG,2023-11-30,9.0
NG,2023-12-31,125.0
NG,2024-01-31,55.0
NG,2024-02-29,97.0
NG,2024-03-31,165.0
NG,2024-04-30,171.0
NG,2024-05-31,213.0
NG,2024-06-30,312.0
NG,2024-07-31,222.0
NG,2024-08-31,244.0
NG,2024-09-30,269.0
NG,2024-10-31,303.0
NG,2024-11-30,345.0
NG,2024-12-31,467.0
NG,2025-01-31,456.0
NG,2025-02-28,451.0
NG,2025-03-31,400.0
NI,2002-01-31,17.8065
NI,2002-02-28,18.2857
NI,2002-03-31,18.0
NI,2002-04-30,18.0
NI,2002-05-31,16.4516
NI,2002-06-30,15.2667
NI,2002-07-31,16.6774
NI,2002-08-31,14.4516
NI,2002-09-30,14.6
NI,2002-10-31,17.9677
NI,2002-11-30,13.2333
NI,2002-12-31,16.5161
NI,2003-01-31,16.3226
NI,2003-02-28,16.0357
NI,2003-03-31,16.4194
NI,2003-04-30,16.2
NI,2003-05-31,11.2581
NI,2003-06-30,17.2333
NI,2003-07-31,0.0
NI,2003-08-31,17.2258
NI,2003-09-30,15.9667
NI,2003-10-31,17.0968
NI,2003-11-30,14.9
NI,2003-12-31,18.3871
NI,2004-01-31,138.8065
NI,2004-02-29,136.7931
NI,2004-03-31,141.4839
NI,2004-04-30,154.0667
NI,2004-05-31,152.3548
NI,2004-06-30,143.2
NI,2004-07-31,154.0323
NI,2004-08-31,150.4194
NI,2004-09-30,107.0667
NI,2004-10-31,144.4839
NI,2004-11-30,155.8333
NI,2004-12-31,154.4839
NI,2005-01-31,18.2581
NI,2005-02-28,19.0714
NI,2005-03-31,54.0323
NI,2005-04-30,19.1333
NI,2005-05-31,11.5161
NI,2005-06-30,18.7
NI,2005-07-31,17.7419
NI,2005-08-31,16.5484
NI,2005-09-30,15.8667
NI,2005-10-31,15.3548
NI,2005-11-30,14.3667
NI,2005-12-31,12.2581
NI,2006-01-31,16.0645
NI,2006-02-28,16.1071
NI,2006-03-31,14.5484
NI,2006-04-30,7.3667
NI,2006-05-31,17.5484
NI,2006-06-30,18.9667
NI,2006-07-31,18.0968
NI,2006-08-31,0.0
NI,2006-09-30,18.1667
NI,2006-10-31,18.2903
NI,2006-11-30,12.4333
NI,2006-12-31,16.9677
NI,2007-01-31,16.0968
NI,2007-02-28,17.1071
NI,2007-03-31,16.0968
NI,2007-04-30,8.1667
NI,2007-05-31,13.9355
NI,2007-06-30,18.1
NI,2007-07-31,16.7419
NI,2007-08-31,16.5161
NI,2007-09-30,14.4333
NI,2007-10-31,16.3871
NI,2007-11-30,18.0333
NI,2007-12-31,17.871
NI,2008-01-31,15.8065
NI,2008-02-29,9.5862
NI,2008-03-31,13.0323
NI,2008-04-30,14.0333
NI,2008-05-31,13.9032
NI,2008-06-30,14.8667
NI,2008-07-31,15.2581
NI,2008-08-31,14.6129
NI,2008-09-30,10.3
NI,2008-10-31,17.4516
NI,2008-11-30,8.8
NI,2008-12-31,17.7097
NI,2009-01-31,14.8387
NI,2009-02-28,19.2857
NI,2009-03-31,17.5161
NI,2009-04-30,17.0667
NI,2009-05-31,14.9355
NI,2009-06-30,9.8
NI,2009-07-31,16.5161
NI,2009-08-31,16.6452
NI,2009-09-30,13.7667
NI,2009-10-31,15.6452
NI,2009-11-30,15.5333
NI,2009-12-31,17.5806
NI,2010-01-31,16.7097
NI,2010-02-28,7.25
NI,2010-03-31,17.3548
NI,2010-04-30,16.2667
NI,2010-05-31,17.1935
NI,2010-06-30,17.3667
NI,2010-07-31,17.5161
NI,2010-08-31,14.3871
NI,2010-09-30,15.4
NI,2010-10-31,15.3226
NI,2010-11-30,15.3
NI,2010-12-31,12.4839
NI,2011-01-31,11.7742
NI,2011-02-28,16.3571
NI,2011-03-31,16.0645
NI,2011-04-30,17.6
NI,2011-05-31,0.0
NI,2011-06-30,0.0
NI,2011-07-31,0.0
NI,2011-08-31,0.0
NI,2011-09-30,0.0
NI,2011-10-31,0.0
NI,2011-11-30,0.0
NI,2011-12-31,0.0
NI,2012-01-31,0.0
NI,2012-02-29,0.0
NI,2012-03-31,0.0
NI,2012-04-30,0.0
NI,2012-05-31,0.0
NI,2012-06-30,0.0
NI,2012-07-31,0.0
NI,2012-08-31,0.0
NI,2012-09-30,0.0
NI,2012-10-31,0.0
NI,2012-11-30,0.0
NI,2012-12-31,0.0
NI,2013-01-31,13.7419
NI,2013-02-28,14.7143
NI,2013-03-31,11.9355
NI,2013-04-30,14.3
NI,2013-05-31,14.1613
NI,2013-06-30,14.0667
NI,2013-07-31,10.8387
NI,2013-08-31,14.4516
NI,2013-09-30,13.8333
NI,2013-10-31,13.3548
NI,2013-11-30,13.7667
NI,2013-12-31,15.7742
NI,2014-01-31,14.0323
NI,2014-02-28,15.6071
NI,2014-03-31,0.0
NI,2014-04-30,11.3667
NI,2014-05-31,0.0
NI,2014-06-30,0.0
NI,2014-07-31,0.0
NI,2014-08-31,0.0
NI,2014-09-30,0.0
NI,2014-10-31,0.0
NI,2014-11-30,14.3667
NI,2014-12-31,11.7097
NI,2015-01-31,7.6129
NI,2015-02-28,15.8571
NI,2015-03-31,14.5484
NI,2015-04-30,13.3667
NI,2015-05-31,15.8387
NI,2015-06-30,16.4
NI,2015-07-31,15.0
NI,2015-08-31,16.2258
NI,2015-09-30,16.2
NI,2015-10-31,16.0
NI,2015-11-30,16.5333
NI,2015-12-31,10.5806
NI,2016-01-31,15.1935
NI,2016-02-29,13.8276
NI,2016-03-31,0.0
NI,2016-04-30,14.7
NI,2016-05-31,12.7419
NI,2016-06-30,14.1333
NI,2016-07-31,14.0
NI,2016-08-31,11.9677
NI,2016-09-30,0.0
NI,2016-10-31,13.6129
NI,2016-11-30,16.2333
NI,2016-12-31,14.2581
NI,2017-01-31,11.9677
NI,2017-02-28,13.8214
NI,2017-03-31,9.0
NI,2017-04-30,14.3667
NI,2017-05-31,15.0968
NI,2017-06-30,14.1333
NI,2017-07-31,14.9355
NI,2017-08-31,16.3871
NI,2017-09-30,9.5667
NI,2017-10-31,16.6452
NI,2017-11-30,14.5667
NI,2017-12-31,14.8387
NI,2018-01-31,14.1613
NI,2018-02-28,14.3571
NI,2018-03-31,14.2903
NI,2018-04-30,11.3333
NI,2018-05-31,15.0323
NI,2018-06-30,10.5667
NI,2018-07-31,12.9032
NI,2018-08-31,14.4194
NI,2018-09-30,14.1667
NI,2018-10-31,8.8065
NI,2018-11-30,15.0
NI,2018-12-31,14.129
NI,2019-01-31,15.3548
NI,2019-02-28,2.2143
NI,2019-03-31,11.9032
NI,2019-04-30,12.0667
NI,2019-05-31,11.9355
NI,2019-06-30,11.8
NI,2019-07-31,6.9355
NI,2019-08-31,12.1613
NI,2019-09-30,11.4667
NI,2019-10-31,11.7097
NI,2019-11-30,10.8
NI,2019-12-31,
NI,2020-01-31,13.0968
NI,2020-02-29,12.5517
NI,2020-03-31,7.6452
NI,2020-04-30,12.4
NI,2020-05-31,13.5806
NI,2020-06-30,
NI,2020-07-31,13.871
NI,2020-08-31,11.5806
NI,2020-09-30,11.2667
NI,2020-10-31,10.9032
NI,2020-11-30,
NI,2020-12-31,
NI,2021-01-31,12.7419
NI,2021-02-28,13.75
NI,2021-03-31,14.129
NI,2021-04-30,14.0
NI,2021-05-31,13.5484
NI,2021-06-30,14.9
NI,2021-07-31,14.5161
NI,2021-08-31,10.1935
NI,2021-09-30,14.4667
NI,2021-10-31,15.129
NI,2021-11-30,15.1333
NI,2021-12-31,15.4194
NI,2022-01-31,16.0323
NI,2022-02-28,14.1071
NI,2022-03-31,15.129
NI,2022-04-30,15.5333
NI,2022-05-31,15.3548
NI,2022-06-30,
NI,2022-07-31,
NI,2022-08-31,
NI,2022-09-30,
NI,2022-10-31,
NI,2022-11-30,
NI,2022-12-31,
NI,2023-01-31,
NI,2023-02-28,
NI,2023-03-31,
NI,2023-04-30,
NI,2023-05-31,
NI,2023-06-30,
NI,2023-07-31,
NI,2023-08-31,
NI,2023-09-30,
NI,2023-10-31,
NI,2023-11-30,
NI,2023-12-31,
NI,2024-01-31,
NI,2024-02-29,
NI,2024-03-31,
NI,2024-04-30,
NI,2024-05-31,
NI,2024-06-30,
NI,2024-07-31,
NI,2024-08-31,
NI,2024-09-30,
NI,2024-10-31,
NI,2024-11-30,
NI,2024-12-31,
NI,2025-01-31,
NL,2002-01-31,1024.0484
NL,2002-02-28,1076.3586
NL,2002-03-31,1101.0
NL,2002-04-30,879.332
NL,2002-05-31,889.7974
NL,2002-06-30,939.2753
NL,2002-07-31,879.3794
NL,2002-08-31,961.7768
NL,2002-09-30,1001.4207
NL,2002-10-31,956.0942
NL,2002-11-30,963.742
NL,2002-12-31,991.1368
NL,2003-01-31,977.1671
NL,2003-02-28,1040.1829
NL,2003-03-31,929.8123
NL,2003-04-30,1024.9087
NL,2003-05-31,1069.509
NL,2003-06-30,1033.2273
NL,2003-07-31,1082.5316
NL,2003-08-31,1039.6755
NL,2003-09-30,1070.906
NL,2003-10-31,944.2555
NL,2003-11-30,926.308
NL,2003-12-31,1050.5671
NL,2004-01-31,1148.8284
NL,2004-02-29,1151.8738
NL,2004-03-31,1097.4484
NL,2004-04-30,1114.7013
NL,2004-05-31,1133.9116
NL,2004-06-30,1130.1153
NL,2004-07-31,1114.7329
NL,2004-08-31,1080.1639
NL,2004-09-30,928.2653
NL,2004-10-31,814.9768
NL,2004-11-30,932.18
NL,2004-12-31,1064.0632
NL,2005-01-31,1086.0832
NL,2005-02-28,1052.2414
NL,2005-03-31,984.9806
NL,2005-04-30,1121.552
NL,2005-05-31,1133.9116
NL,2005-06-30,1089.0113
NL,2005-07-31,946.1497
NL,2005-08-31,1041.5697
NL,2005-09-30,1068.9487
NL,2005-10-31,1022.1542
NL,2005-11-30,1088.522
NL,2005-12-31,1048.6729
NL,2006-01-31,907.5555
NL,2006-02-28,1043.0664
NL,2006-03-31,1000.1342
NL,2006-04-30,880.5553
NL,2006-05-31,916.5529
NL,2006-06-30,989.6767
NL,2006-07-31,938.5729
NL,2006-08-31,983.56
NL,2006-09-30,1025.398
NL,2006-10-31,1016.2348
NL,2006-11-30,1044.9713
NL,2006-12-31,1034.2297
NL,2007-01-31,995.8723
NL,2007-02-28,968.6179
NL,2007-03-31,883.8781
NL,2007-04-30,1005.58
NL,2007-05-31,1039.2019
NL,2007-06-30,964.2313
NL,2007-07-31,1023.5748
NL,2007-08-31,1054.1187
NL,2007-09-30,1067.97
NL,2007-10-31,1017.4187
NL,2007-11-30,935.3607
NL,2007-12-31,1077.0858
NL,2008-01-31,1071.4032
NL,2008-02-29,1013.1731
NL,2008-03-31,1025.9426
NL,2008-04-30,1046.4393
NL,2008-05-31,1095.791
NL,2008-06-30,1069.1933
NL,2008-07-31,1043.7006
NL,2008-08-31,1032.3355
NL,2008-09-30,1046.9287
NL,2008-10-31,809.531
NL,2008-11-30,858.2907
NL,2008-12-31,989.2426
NL,2009-01-31,1002.0284
NL,2009-02-28,1028.6486
NL,2009-03-31,940.2303
NL,2009-04-30,1018.058
NL,2009-05-31,991.3735
NL,2009-06-30,841.164
NL,2009-07-31,886.9561
NL,2009-08-31,936.2052
NL,2009-09-30,1081.4267
NL,2009-10-31,957.7516
NL,2009-11-30,896.4587
NL,2009-12-31,1037.3077
NL,2010-01-31,1046.5419
NL,2010-02-28,1076.6207
NL,2010-03-31,1095.3174
NL,2010-04-30,1050.8433
NL,2010-05-31,1026.1794
NL,2010-06-30,1110.7867
NL,2010-07-31,1075.9019
NL,2010-08-31,1077.3226
NL,2010-09-30,998.974
NL,2010-10-31,976.6935
NL,2010-11-30,974.2627
NL,2010-12-31,1011.9729
NL,2011-01-31,1020.7335
NL,2011-02-28,1123.2821
NL,2011-03-31,1078.98
NL,2011-04-30,802.7513
NL,2011-05-31,1002.9755
NL,2011-06-30,1038.3653
NL,2011-07-31,1039.2019
NL,2011-08-31,1041.8065
NL,2011-09-30,1039.0993
NL,2011-10-31,969.8271
NL,2011-11-30,965.4547
NL,2011-12-31,1026.6529
NL,2012-01-31,1056.7232
NL,2012-02-29,1096.4441
NL,2012-03-31,1024.7587
NL,2012-04-30,1067.4807
NL,2012-05-31,1094.3703
NL,2012-06-30,1057.694
NL,2012-07-31,1043.9374
NL,2012-08-31,1029.4942
NL,2012-09-30,1063.566
NL,2012-10-31,722.6348
NL,2012-11-30,844.5893
NL,2012-12-31,997.2929
NL,2013-01-31,1020.26
NL,2013-02-28,1002.4343
NL,2013-03-31,936.4419
NL,2013-04-30,1029.068
NL,2013-05-31,986.6381
NL,2013-06-30,986.2513
NL,2013-07-31,989.0058
NL,2013-08-31,1011.9729
NL,2013-09-30,906.9793
NL,2013-10-31,762.1761
NL,2013-11-30,919.2127
NL,2013-12-31,966.2755
NL,2014-01-31,1007.9477
NL,2014-02-28,1042.0179
NL,2014-03-31,1003.2123
NL,2014-04-30,1010.4733
NL,2014-05-31,978.8245
NL,2014-06-30,901.352
NL,2014-07-31,950.1748
NL,2014-08-31,975.5097
NL,2014-09-30,1047.6627
NL,2014-10-31,1107.1561
NL,2014-11-30,1033.472
NL,2014-12-31,987.3484
NL,2015-01-31,1084.6626
NL,2015-02-28,1114.1071
NL,2015-03-31,945.6761
NL,2015-04-30,1004.846
NL,2015-05-31,1105.0252
NL,2015-06-30,1077.512
NL,2015-07-31,1079.9271
NL,2015-08-31,1043.4639
NL,2015-09-30,1096.596
NL,2015-10-31,1130.5968
NL,2015-11-30,962.5187
NL,2015-12-31,1100.0529
NL,2016-01-31,1110.471
NL,2016-02-29,1080.7517
NL,2016-03-31,1038.0181
NL,2016-04-30,1073.3527
NL,2016-05-31,1060.5116
NL,2016-06-30,1072.374
NL,2016-07-31,1040.6226
NL,2016-08-31,1097.2116
NL,2016-09-30,1133.0513
NL,2016-10-31,1097.9219
NL,2016-11-30,1158.0073
NL,2016-12-31,1106.6826
NL,2017-01-31,1111.8916
NL,2017-02-28,1121.185
NL,2017-03-31,1132.9645
NL,2017-04-30,1189.3247
NL,2017-05-31,1125.8613
NL,2017-06-30,1127.424
NL,2017-07-31,1104.0781
NL,2017-08-31,960.1194
NL,2017-09-30,1103.936
NL,2017-10-31,971.7213
NL,2017-11-30,1029.802
NL,2017-12-31,1056.0129
NL,2018-01-31,1175.1103
NL,2018-02-28,1184.0993
NL,2018-03-31,1052.2245
NL,2018-04-30,1117.6373
NL,2018-05-31,1086.7935
NL,2018-06-30,1067.97
NL,2018-07-31,1064.0632
NL,2018-08-31,1127.9923
NL,2018-09-30,1001.4207
NL,2018-10-31,982.3761
NL,2018-11-30,1015.6113
NL,2018-12-31,1172.9794
NL,2019-01-31,1191.4477
NL,2019-02-28,1116.4664
NL,2019-03-31,1162.5613
NL,2019-04-30,1089.256
NL,2019-05-31,1040.8594
NL,2019-06-30,959.338
NL,2019-07-31,1152.1432
NL,2019-08-31,1159.2465
NL,2019-09-30,1174.1553
NL,2019-10-31,1189.7903
NL,2019-11-30,1095.6173
NL,2019-12-31,1154.0374
NL,2020-01-31,1222.4652
NL,2020-02-29,1140.9903
NL,2020-03-31,1022.391
NL,2020-04-30,1069.438
NL,2020-05-31,857.5961
NL,2020-06-30,769.7213
NL,2020-07-31,849.5458
NL,2020-08-31,904.951
NL,2020-09-30,1008.7607
NL,2020-10-31,956.331
NL,2020-11-30,1074.3313
NL,2020-12-31,1024.9955
NL,2021-01-31,951.1219
NL,2021-02-28,1150.2829
NL,2021-03-31,1123.02
NL,2021-04-30,1044.7267
NL,2021-05-31,1077.5594
NL,2021-06-30,982.3367
NL,2021-07-31,994.2148
NL,2021-08-31,1012.2097
NL,2021-09-30,1039.8333
NL,2021-10-31,1126.0981
NL,2021-11-30,1046.684
NL,2021-12-31,951.1219
NL,2022-01-31,962.0135
NL,2022-02-28,897.5771
NL,2022-03-31,877.9587
NL,2022-04-30,1019.526
NL,2022-05-31,1056.96
NL,2022-06-30,1105.404
NL,2022-07-31,1016.7084
NL,2022-08-31,1019.0761
NL,2022-09-30,1043.5033
NL,2022-10-31,1046.0684
NL,2022-11-30,933.4033
NL,2022-12-31,1025.7058
NL,2023-01-31,1071.8768
NL,2023-02-28,1114.8936
NL,2023-03-31,953.2529
NL,2023-04-30,1124.7327
NL,2023-05-31,1049.1465
NL,2023-06-30,977.688
NL,2023-07-31,984.7439
NL,2023-08-31,1116.3903
NL,2023-09-30,1094.8833
NL,2023-10-31,1145.7503
NL,2023-11-30,1076.5333
NL,2023-12-31,1133.9116
NL,2024-01-31,1035.8871
NL,2024-02-29,1013.6793
NL,2024-03-31,923.1826
NL,2024-04-30,814.006
NL,2024-05-31,755.3097
NL,2024-06-30,950.2853
NL,2024-07-31,1092.2394
NL,2024-08-31,1011.2626
NL,2024-09-30,1028.334
NL,2024-10-31,912.291
NL,2024-11-30,893.5227
NL,2024-12-31,930.5226
NL,2025-01-31,1028.5471
NL,2025-02-28,1022.8814
NL,2025-03-31,948.5174
NO,2002-01-31,279.3045
NO,2002-02-28,280.0725
NO,2002-03-31,265.5326
NO,2002-04-30,253.6613
NO,2002-05-31,267.4655
NO,2002-06-30,283.122
NO,2002-07-31,272.0561
NO,2002-08-31,259.9755
NO,2002-09-30,166.7773
NO,2002-10-31,222.0423
NO,2002-11-30,258.9043
NO,2002-12-31,275.9219
NO,2003-01-31,277.3716
NO,2003-02-28,294.5175
NO,2003-03-31,290.9019
NO,2003-04-30,288.6147
NO,2003-05-31,260.9419
NO,2003-06-30,277.6293
NO,2003-07-31,281.479
NO,2003-08-31,285.5865
NO,2003-09-30,285.8683
NO,2003-10-31,289.6939
NO,2003-11-30,295.3557
NO,2003-12-31,299.1168
NO,2004-01-31,297.9087
NO,2004-02-29,293.9179
NO,2004-03-31,292.3516
NO,2004-04-30,190.4957
NO,2004-05-31,192.0823
NO,2004-06-30,269.1407
NO,2004-07-31,202.23
NO,2004-08-31,291.6268
NO,2004-09-30,296.1047
NO,2004-10-31,303.949
NO,2004-11-30,314.3303
NO,2004-12-31,309.2645
NO,2005-01-31,295.0094
NO,2005-02-28,314.045
NO,2005-03-31,314.58
NO,2005-04-30,210.7187
NO,2005-05-31,236.539
NO,2005-06-30,298.851
NO,2005-07-31,307.5732
NO,2005-08-31,306.1235
NO,2005-09-30,310.086
NO,2005-10-31,316.0297
NO,2005-11-30,313.082
NO,2005-12-31,316.9961
NO,2006-01-31,316.9961
NO,2006-02-28,323.675
NO,2006-03-31,324.4861
NO,2006-04-30,323.3183
NO,2006-05-31,322.5532
NO,2006-06-30,313.831
NO,2006-07-31,313.6135
NO,2006-08-31,305.1571
NO,2006-09-30,314.8297
NO,2006-10-31,289.9355
NO,2006-11-30,311.8337
NO,2006-12-31,309.9894
NO,2007-01-31,305.8819
NO,2007-02-28,310.835
NO,2007-03-31,308.0565
NO,2007-04-30,321.8203
NO,2007-05-31,304.9155
NO,2007-06-30,307.5893
NO,2007-07-31,294.0429
NO,2007-08-31,315.7881
NO,2007-09-30,323.568
NO,2007-10-31,309.9894
NO,2007-11-30,315.8283
NO,2007-12-31,326.6606
NO,2008-01-31,297.6671
NO,2008-02-29,303.7324
NO,2008-03-31,315.3048
NO,2008-04-30,270.6387
NO,2008-05-31,289.2106
NO,2008-06-30,302.8457
NO,2008-07-31,304.4323
NO,2008-08-31,287.0361
NO,2008-09-30,206.9737
NO,2008-10-31,283.4119
NO,2008-11-30,296.604
NO,2008-12-31,258.2842
NO,2009-01-31,302.9826
NO,2009-02-28,310.5675
NO,2009-03-31,284.8616
NO,2009-04-30,301.5973
NO,2009-05-31,289.6939
NO,2009-06-30,269.3903
NO,2009-07-31,266.9823
NO,2009-08-31,256.8345
NO,2009-09-30,275.632
NO,2009-10-31,273.5058
NO,2009-11-30,290.3623
NO,2009-12-31,304.1906
NO,2010-01-31,302.9826
NO,2010-02-28,299.6
NO,2010-03-31,300.5665
NO,2010-04-30,236.4343
NO,2010-05-31,266.9823
NO,2010-06-30,289.6133
NO,2010-07-31,293.0765
NO,2010-08-31,232.6732
NO,2010-09-30,87.1337
NO,2010-10-31,246.6868
NO,2010-11-30,304.3437
NO,2010-12-31,314.3384
NO,2011-01-31,303.2242
NO,2011-02-28,310.5675
NO,2011-03-31,304.1906
NO,2011-04-30,303.8443
NO,2011-05-31,286.3113
NO,2011-06-30,286.867
NO,2011-07-31,294.2845
NO,2011-08-31,284.62
NO,2011-09-30,297.6027
NO,2011-10-31,288.0026
NO,2011-11-30,300.0993
NO,2011-12-31,296.7006
NO,2012-01-31,306.6068
NO,2012-02-29,315.6131
NO,2012-03-31,295.7342
NO,2012-04-30,308.3383
NO,2012-05-31,305.3987
NO,2012-06-30,296.604
NO,2012-07-31,301.7745
NO,2012-08-31,299.6
NO,2012-09-30,234.1873
NO,2012-10-31,240.8881
NO,2012-11-30,301.5973
NO,2012-12-31,315.3048
NO,2013-01-31,339.7077
NO,2013-02-28,317.79
NO,2013-03-31,323.7613
NO,2013-04-30,299.8497
NO,2013-05-31,293.5597
NO,2013-06-30,305.0927
NO,2013-07-31,319.6539
NO,2013-08-31,278.8213
NO,2013-09-30,282.8723
NO,2013-10-31,252.9687
NO,2013-11-30,288.6147
NO,2013-12-31,296.459
NO,2014-01-31,299.6
NO,2014-02-28,309.765
NO,2014-03-31,298.6335
NO,2014-04-30,303.0953
NO,2014-05-31,289.4523
NO,2014-06-30,270.8883
NO,2014-07-31,302.741
NO,2014-08-31,282.2039
NO,2014-09-30,221.704
NO,2014-10-31,260.7003
NO,2014-11-30,298.6013
NO,2014-12-31,273.0226
NO,2015-01-31,330.2848
NO,2015-02-28,320.465
NO,2015-03-31,319.6539
NO,2015-04-30,252.9123
NO,2015-05-31,281.9623
NO,2015-06-30,308.0887
NO,2015-07-31,301.7745
NO,2015-08-31,304.6739
NO,2015-09-30,300.349
NO,2015-10-31,293.3181
NO,2015-11-30,310.086
NO,2015-12-31,310.7142
NO,2016-01-31,312.4055
NO,2016-02-29,310.7059
NO,2016-03-31,293.3181
NO,2016-04-30,274.883
NO,2016-05-31,283.4119
NO,2016-06-30,289.3637
NO,2016-07-31,291.3852
NO,2016-08-31,282.4455
NO,2016-09-30,75.8987
NO,2016-10-31,124.189
NO,2016-11-30,139.8133
NO,2016-12-31,146.1758
NO,2017-01-31,302.2577
NO,2017-02-28,332.77
NO,2017-03-31,336.0835
NO,2017-04-30,323.3183
NO,2017-05-31,328.5935
NO,2017-06-30,308.3383
NO,2017-07-31,329.8016
NO,2017-08-31,359.52
NO,2017-09-30,265.3957
NO,2017-10-31,288.2442
NO,2017-11-30,309.337
NO,2017-12-31,348.4058
NO,2018-01-31,356.8623
NO,2018-02-28,342.1325
NO,2018-03-31,337.5332
NO,2018-04-30,352.5293
NO,2018-05-31,325.9358
NO,2018-06-30,335.552
NO,2018-07-31,337.7748
NO,2018-08-31,320.3787
NO,2018-09-30,298.6013
NO,2018-10-31,257.801
NO,2018-11-30,307.09
NO,2018-12-31,304.1906
NO,2019-01-31,299.8416
NO,2019-02-28,314.3125
NO,2019-03-31,297.6671
NO,2019-04-30,306.8403
NO,2019-05-31,301.2913
NO,2019-06-30,318.8243
NO,2019-07-31,323.5197
NO,2019-08-31,292.5932
NO,2019-09-30,260.9017
NO,2019-10-31,248.3781
NO,2019-11-30,312.5827
NO,2019-12-31,301.5329
NO,2020-01-31,320.6203
NO,2020-02-29,327.4938
NO,2020-03-31,305.6403
NO,2020-04-30,267.8923
NO,2020-05-31,245.7203
NO,2020-06-30,280.875
NO,2020-07-31,290.1771
NO,2020-08-31,270.8481
NO,2020-09-30,281.8737
NO,2020-10-31,136.9945
NO,2020-11-30,289.114
NO,2020-12-31,311.1974
NO,2021-01-31,321.8284
NO,2021-02-28,325.28
NO,2021-03-31,325.4526
NO,2021-04-30,314.3303
NO,2021-05-31,325.211
NO,2021-06-30,208.222
NO,2021-07-31,221.8006
NO,2021-08-31,221.8006
NO,2021-09-30,210.2193
NO,2021-10-31,222.7671
NO,2021-11-30,226.198
NO,2021-12-31,224.7
NO,2022-01-31,221.559
NO,2022-02-28,221.7575
NO,2022-03-31,212.861
NO,2022-04-30,164.5303
NO,2022-05-31,17.8794
NO,2022-06-30,64.414
NO,2022-07-31,198.3642
NO,2022-08-31,209.72
NO,2022-09-30,206.4743
NO,2022-10-31,216.7268
NO,2022-11-30,214.214
NO,2022-12-31,203.6797
NO,2023-01-31,216.7268
NO,2023-02-28,217.745
NO,2023-03-31,222.0423
NO,2023-04-30,218.4583
NO,2023-05-31,170.3371
NO,2023-06-30,172.7693
NO,2023-07-31,173.9613
NO,2023-08-31,172.27
NO,2023-09-30,162.2833
NO,2023-10-31,205.8542
NO,2023-11-30,195.2393
NO,2023-12-31,218.6597
NO,2024-01-31,225.4248
NO,2024-02-29,163.4886
NO,2024-03-31,204.1629
NO,2024-04-30,25.466
NO,2024-05-31,20.7787
NO,2024-06-30,171.521
NO,2024-07-31,203.9213
NO,2024-08-31,199.5723
NO,2024-09-30,208.222
NO,2024-10-31,211.4113
NO,2024-11-30,218.4583
NO,2024-12-31,224.2168
NO,2025-01-31,200.0555
NO,2025-02-28,218.815
NO,2025-03-31,217.21
NP,2002-01-31,
NP,2002-02-28,
NP,2002-03-31,
NP,2002-04-30,
NP,2002-05-31,
NP,2002-06-30,
NP,2002-07-31,
NP,2002-08-31,
NP,2002-09-30,
NP,2002-10-31,
NP,2002-11-30,
NP,2002-12-31,
NP,2003-01-31,
NP,2003-02-28,
NP,2003-03-31,
NP,2003-04-30,
NP,2003-05-31,
NP,2003-06-30,
NP,2003-07-31,
NP,2003-08-31,
NP,2003-09-30,
NP,2003-10-31,
NP,2003-11-30,
NP,2003-12-31,
NP,2004-01-31,
NP,2004-02-29,
NP,2004-03-31,
NP,2004-04-30,
NP,2004-05-31,
NP,2004-06-30,
NP,2004-07-31,
NP,2004-08-31,
NP,2004-09-30,
NP,2004-10-31,
NP,2004-11-30,
NP,2004-12-31,
NP,2005-01-31,
NP,2005-02-28,
NP,2005-03-31,
NP,2005-04-30,
NP,2005-05-31,
NP,2005-06-30,
NP,2005-07-31,
NP,2005-08-31,
NP,2005-09-30,
NP,2005-10-31,
NP,2005-11-30,
NP,2005-12-31,
NP,2006-01-31,
NP,2006-02-28,
NP,2006-03-31,
NP,2006-04-30,
NP,2006-05-31,
NP,2006-06-30,
NP,2006-07-31,
NP,2006-08-31,
NP,2006-09-30,
NP,2006-10-31,
NP,2006-11-30,
NP,2006-12-31,
NP,2007-01-31,
NP,2007-02-28,
NP,2007-03-31,
NP,2007-04-30,
NP,2007-05-31,
NP,2007-06-30,
NP,2007-07-31,
NP,2007-08-31,
NP,2007-09-30,
NP,2007-10-31,
NP,2007-11-30,
NP,2007-12-31,
NP,2008-01-31,
NP,2008-02-29,
NP,2008-03-31,
NP,2008-04-30,
NP,2008-05-31,
NP,2008-06-30,
NP,2008-07-31,
NP,2008-08-31,
NP,2008-09-30,
NP,2008-10-31,
NP,2008-11-30,
NP,2008-12-31,
NP,2009-01-31,
NP,2009-02-28,
NP,2009-03-31,
NP,2009-04-30,
NP,2009-05-31,
NP,2009-06-30,
NP,2009-07-31,
NP,2009-08-31,
NP,2009-09-30,
NP,2009-10-31,
NP,2009-11-30,
NP,2009-12-31,
NP,2010-01-31,
NP,2010-02-28,
NP,2010-03-31,
NP,2010-04-30,
NP,2010-05-31,
NP,2010-06-30,
NP,2010-07-31,
NP,2010-08-31,
NP,2010-09-30,
NP,2010-10-31,
NP,2010-11-30,
NP,2010-12-31,
NP,2011-01-31,
NP,2011-02-28,
NP,2011-03-31,
NP,2011-04-30,
NP,2011-05-31,
NP,2011-06-30,
NP,2011-07-31,
NP,2011-08-31,
NP,2011-09-30,
NP,2011-10-31,
NP,2011-11-30,
NP,2011-12-31,
NP,2012-01-31,
NP,2012-02-29,
NP,2012-03-31,
NP,2012-04-30,
NP,2012-05-31,
NP,2012-06-30,
NP,2012-07-31,
NP,2012-08-31,
NP,2012-09-30,
NP,2012-10-31,
NP,2012-11-30,
NP,2012-12-31,
NP,2013-01-31,
NP,2013-02-28,
NP,2013-03-31,
NP,2013-04-30,
NP,2013-05-31,
NP,2013-06-30,
NP,2013-07-31,
NP,2013-08-31,
NP,2013-09-30,
NP,2013-10-31,
NP,2013-11-30,
NP,2013-12-31,
NP,2014-01-31,
NP,2014-02-28,
NP,2014-03-31,
NP,2014-04-30,
NP,2014-05-31,
NP,2014-06-30,
NP,2014-07-31,
NP,2014-08-31,
NP,2014-09-30,
NP,2014-10-31,
NP,2014-11-30,
NP,2014-12-31,
NP,2015-01-31,
NP,2015-02-28,
NP,2015-03-31,
NP,2015-04-30,
NP,2015-05-31,
NP,2015-06-30,
NP,2015-07-31,
NP,2015-08-31,
NP,2015-09-30,
NP,2015-10-31,
NP,2015-11-30,
NP,2015-12-31,
NP,2016-01-31,
NP,2016-02-29,
NP,2016-03-31,
NP,2016-04-30,
NP,2016-05-31,
NP,2016-06-30,
NP,2016-07-31,
NP,2016-08-31,
NP,2016-09-30,
NP,2016-10-31,
NP,2016-11-30,
NP,2016-12-31,
NP,2017-01-31,
NP,2017-02-28,
NP,2017-03-31,
NP,2017-04-30,
NP,2017-05-31,
NP,2017-06-30,
NP,2017-07-31,
NP,2017-08-31,
NP,2017-09-30,
NP,2017-10-31,
NP,2017-11-30,
NP,2017-12-31,
NP,2018-01-31,
NP,2018-02-28,
NP,2018-03-31,
NP,2018-04-30,
NP,2018-05-31,
NP,2018-06-30,
NP,2018-07-31,
NP,2018-08-31,
NP,2018-09-30,
NP,2018-10-31,
NP,2018-11-30,
NP,2018-12-31,
NP,2019-01-31,
NP,2019-02-28,
NP,2019-03-31,
NP,2019-04-30,
NP,2019-05-31,
NP,2019-06-30,
NP,2019-07-31,
NP,2019-08-31,
NP,2019-09-30,
NP,2019-10-31,
NP,2019-11-30,
NP,2019-12-31,
NP,2020-01-31,
NP,2020-02-29,
NP,2020-03-31,
NP,2020-04-30,
NP,2020-05-31,
NP,2020-06-30,
NP,2020-07-31,
NP,2020-08-31,
NP,2020-09-30,
NP,2020-10-31,
NP,2020-11-30,
NP,2020-12-31,
NP,2021-01-31,
NP,2021-02-28,
NP,2021-03-31,
NP,2021-04-30,
NP,2021-05-31,
NP,2021-06-30,
NP,2021-07-31,
NP,2021-08-31,
NP,2021-09-30,
NP,2021-10-31,
NP,2021-11-30,
NP,2021-12-31,
NP,2022-01-31,
NP,2022-02-28,
NP,2022-03-31,
NP,2022-04-30,
NP,2022-05-31,
NP,2022-06-30,
NP,2022-07-31,
NP,2022-08-31,
NP,2022-09-30,
NP,2022-10-31,
NP,2022-11-30,
NP,2022-12-31,
NP,2023-01-31,
NP,2023-02-28,
NP,2023-03-31,
NP,2023-04-30,
NP,2023-05-31,
NP,2023-06-30,
NP,2023-07-31,
NP,2023-08-31,
NP,2023-09-30,
NP,2023-10-31,
NP,2023-11-30,
NP,2023-12-31,
NP,2024-01-31,
NP,2024-02-29,
NP,2024-03-31,
NP,2024-04-30,
NP,2024-05-31,
NP,2024-06-30,
NP,2024-07-31,
NP,2024-08-31,
NP,2024-09-30,
NP,2024-10-31,
NP,2024-11-30,
NP,2024-12-31,
NP,2025-01-31,
NP,2025-02-28,
NP,2025-03-31,
OM,2002-01-31,84.1768
OM,2002-02-28,82.9861
OM,2002-03-31,80.1571
OM,2002-04-30,78.9197
OM,2002-05-31,84.1768
OM,2002-06-30,82.829
OM,2002-07-31,83.7039
OM,2002-08-31,85.359
OM,2002-09-30,85.5167
OM,2002-10-31,82.7581
OM,2002-11-30,84.0507
OM,2002-12-31,77.0832
OM,2003-01-31,85.1226
OM,2003-02-28,85.6039
OM,2003-03-31,85.1226
OM,2003-04-30,83.8063
OM,2003-05-31,83.9403
OM,2003-06-30,83.0733
OM,2003-07-31,82.5216
OM,2003-08-31,83.231
OM,2003-09-30,82.3403
OM,2003-10-31,82.9945
OM,2003-11-30,83.0733
OM,2003-12-31,85.1226
OM,2004-01-31,75.901
OM,2004-02-29,84.6741
OM,2004-03-31,85.8319
OM,2004-04-30,84.5393
OM,2004-05-31,84.1768
OM,2004-06-30,81.6073
OM,2004-07-31,83.7039
OM,2004-08-31,84.4132
OM,2004-09-30,84.295
OM,2004-10-31,
OM,2004-11-30,
OM,2004-12-31,
OM,2005-01-31,
OM,2005-02-28,
OM,2005-03-31,
OM,2005-04-30,
OM,2005-05-31,
OM,2005-06-30,
OM,2005-07-31,
OM,2005-08-31,
OM,2005-09-30,
OM,2005-10-31,
OM,2005-11-30,
OM,2005-12-31,
OM,2006-01-31,
OM,2006-02-28,
OM,2006-03-31,
OM,2006-04-30,
OM,2006-05-31,
OM,2006-06-30,
OM,2006-07-31,
OM,2006-08-31,
OM,2006-09-30,
OM,2006-10-31,
OM,2006-11-30,
OM,2006-12-31,
OM,2007-01-31,
OM,2007-02-28,
OM,2007-03-31,
OM,2007-04-30,
OM,2007-05-31,
OM,2007-06-30,
OM,2007-07-31,
OM,2007-08-31,
OM,2007-09-30,
OM,2007-10-31,
OM,2007-11-30,
OM,2007-12-31,
OM,2008-01-31,175.4471
OM,2008-02-29,231.5269
OM,2008-03-31,233.3777
OM,2008-04-30,193.7563
OM,2008-05-31,190.3435
OM,2008-06-30,216.968
OM,2008-07-31,222.2645
OM,2008-08-31,231.959
OM,2008-09-30,234.3157
OM,2008-10-31,225.1019
OM,2008-11-30,225.031
OM,2008-12-31,186.7968
OM,2009-01-31,213.4923
OM,2009-02-28,226.1011
OM,2009-03-31,170.461
OM,2009-04-30,230.1897
OM,2009-05-31,219.1981
OM,2009-06-30,213.4843
OM,2009-07-31,205.1713
OM,2009-08-31,185.6765
OM,2009-09-30,216.4323
OM,2009-10-31,208.4997
OM,2009-11-30,127.501
OM,2009-12-31,198.5145
OM,2010-01-31,205.6468
OM,2010-02-28,95.81
OM,2010-03-31,84.8739
OM,2010-04-30,52.327
OM,2010-05-31,156.1965
OM,2010-06-30,144.452
OM,2010-07-31,213.0168
OM,2010-08-31,208.7374
OM,2010-09-30,184.25
OM,2010-10-31,190.669
OM,2010-11-30,87.703
OM,2010-12-31,95.0968
OM,2011-01-31,197.3258
OM,2011-02-28,194.5154
OM,2011-03-31,174.9781
OM,2011-04-30,178.5997
OM,2011-05-31,176.1668
OM,2011-06-30,192.357
OM,2011-07-31,209.6884
OM,2011-08-31,227.7568
OM,2011-09-30,231.418
OM,2011-10-31,216.8206
OM,2011-11-30,192.8483
OM,2011-12-31,204.9335
OM,2012-01-31,235.3645
OM,2012-02-29,231.2655
OM,2012-03-31,171.8874
OM,2012-04-30,139.7843
OM,2012-05-31,226.8058
OM,2012-06-30,225.522
OM,2012-07-31,233.4626
OM,2012-08-31,217.7716
OM,2012-09-30,199.4813
OM,2012-10-31,105.3197
OM,2012-11-30,176.3887
OM,2012-12-31,187.3406
OM,2013-01-31,184.4877
OM,2013-02-28,168.4571
OM,2013-03-31,111.2632
OM,2013-04-30,100.7233
OM,2013-05-31,115.0671
OM,2013-06-30,161.8943
OM,2013-07-31,174.5026
OM,2013-08-31,194.2352
OM,2013-09-30,195.5507
OM,2013-10-31,213.73
OM,2013-11-30,228.9613
OM,2013-12-31,230.8474
OM,2014-01-31,189.4803
OM,2014-02-28,231.8918
OM,2014-03-31,225.8548
OM,2014-04-30,224.785
OM,2014-05-31,166.4194
OM,2014-06-30,190.146
OM,2014-07-31,143.8339
OM,2014-08-31,208.4997
OM,2014-09-30,183.0217
OM,2014-10-31,217.2961
OM,2014-11-30,150.5937
OM,2014-12-31,155.721
OM,2015-01-31,189.9558
OM,2015-02-28,122.9211
OM,2015-03-31,224.6661
OM,2015-04-30,210.5363
OM,2015-05-31,149.5397
OM,2015-06-30,222.574
OM,2015-07-31,219.9113
OM,2015-08-31,224.9039
OM,2015-09-30,155.9983
OM,2015-10-31,227.2813
OM,2015-11-30,213.2387
OM,2015-12-31,220.3868
OM,2016-01-31,180.6839
OM,2016-02-29,185.0124
OM,2016-03-31,
OM,2016-04-30,
OM,2016-05-31,
OM,2016-06-30,
OM,2016-07-31,
OM,2016-08-31,
OM,2016-09-30,
OM,2016-10-31,
OM,2016-11-30,
OM,2016-12-31,
OM,2017-01-31,
OM,2017-02-28,
OM,2017-03-31,
OM,2017-04-30,
OM,2017-05-31,
OM,2017-06-30,
OM,2017-07-31,
OM,2017-08-31,
OM,2017-09-30,
OM,2017-10-31,
OM,2017-11-30,
OM,2017-12-31,
OM,2018-01-31,
OM,2018-02-28,
OM,2018-03-31,
OM,2018-04-30,
OM,2018-05-31,
OM,2018-06-30,
OM,2018-07-31,
OM,2018-08-31,
OM,2018-09-30,
OM,2018-10-31,
OM,2018-11-30,
OM,2018-12-31,
OM,2019-01-31,
OM,2019-02-28,
OM,2019-03-31,
OM,2019-04-30,
OM,2019-05-31,
OM,2019-06-30,
OM,2019-07-31,
OM,2019-08-31,
OM,2019-09-30,
OM,2019-10-31,
OM,2019-11-30,
OM,2019-12-31,
OM,2020-01-31,
OM,2020-02-29,
OM,2020-03-31,
OM,2020-04-30,
OM,2020-05-31,
OM,2020-06-30,
OM,2020-07-31,
OM,2020-08-31,
OM,2020-09-30,
OM,2020-10-31,
OM,2020-11-30,
OM,2020-12-31,
OM,2021-01-31,
OM,2021-02-28,
OM,2021-03-31,
OM,2021-04-30,
OM,2021-05-31,
OM,2021-06-30,
OM,2021-07-31,
OM,2021-08-31,
OM,2021-09-30,
OM,2021-10-31,
OM,2021-11-30,
OM,2021-12-31,
OM,2022-01-31,
OM,2022-02-28,
OM,2022-03-31,
OM,2022-04-30,
OM,2022-05-31,
OM,2022-06-30,
OM,2022-07-31,
OM,2022-08-31,
OM,2022-09-30,
OM,2022-10-31,
OM,2022-11-30,
OM,2022-12-31,
OM,2023-01-31,
OM,2023-02-28,
OM,2023-03-31,
OM,2023-04-30,
OM,2023-05-31,
OM,2023-06-30,
OM,2023-07-31,
OM,2023-08-31,
OM,2023-09-30,
OM,2023-10-31,
OM,2023-11-30,
OM,2023-12-31,
OM,2024-01-31,
OM,2024-02-29,
OM,2024-03-31,
OM,2024-04-30,
OM,2024-05-31,
OM,2024-06-30,
OM,2024-07-31,
OM,2024-08-31,
OM,2024-09-30,
OM,2024-10-31,
OM,2024-11-30,
OM,2024-12-31,
OM,2025-01-31,
OM,2025-02-28,
OM,2025-03-31,
PA,2002-01-31,0.0
PA,2002-02-28,0.0
PA,2002-03-31,0.0
PA,2002-04-30,0.0
PA,2002-05-31,0.0
PA,2002-06-30,0.0
PA,2002-07-31,0.0
PA,2002-08-31,0.0
PA,2002-09-30,0.0
PA,2002-10-31,0.0
PA,2002-11-30,0.0
PA,2002-12-31,0.0
PA,2003-01-31,0.0
PA,2003-02-28,0.0
PA,2003-03-31,0.0
PA,2003-04-30,0.0
PA,2003-05-31,0.0
PA,2003-06-30,0.0
PA,2003-07-31,0.0
PA,2003-08-31,0.0
PA,2003-09-30,0.0
PA,2003-10-31,0.0
PA,2003-11-30,0.0
PA,2003-12-31,0.0
PA,2004-01-31,0.0
PA,2004-02-29,0.0
PA,2004-03-31,0.0
PA,2004-04-30,0.0
PA,2004-05-31,0.0
PA,2004-06-30,0.0
PA,2004-07-31,0.0
PA,2004-08-31,0.0
PA,2004-09-30,0.0
PA,2004-10-31,0.0
PA,2004-11-30,0.0
PA,2004-12-31,0.0
PA,2005-01-31,0.0
PA,2005-02-28,0.0
PA,2005-03-31,0.0
PA,2005-04-30,0.0
PA,2005-05-31,0.0
PA,2005-06-30,0.0
PA,2005-07-31,0.0
PA,2005-08-31,0.0
PA,2005-09-30,0.0
PA,2005-10-31,0.0
PA,2005-11-30,0.0
PA,2005-12-31,0.0
PA,2006-01-31,0.0
PA,2006-02-28,0.0
PA,2006-03-31,0.0
PA,2006-04-30,0.0
PA,2006-05-31,0.0
PA,2006-06-30,0.0
PA,2006-07-31,0.0
PA,2006-08-31,0.0
PA,2006-09-30,0.0
PA,2006-10-31,0.0
PA,2006-11-30,0.0
PA,2006-12-31,0.0
PA,2007-01-31,0.0
PA,2007-02-28,0.0
PA,2007-03-31,0.0
PA,2007-04-30,0.0
PA,2007-05-31,0.0
PA,2007-06-30,0.0
PA,2007-07-31,0.0
PA,2007-08-31,0.0
PA,2007-09-30,0.0
PA,2007-10-31,0.0
PA,2007-11-30,0.0
PA,2007-12-31,0.0
PA,2008-01-31,0.0
PA,2008-02-29,0.0
PA,2008-03-31,0.0
PA,2008-04-30,0.0
PA,2008-05-31,0.0
PA,2008-06-30,0.0
PA,2008-07-31,0.0
PA,2008-08-31,0.0
PA,2008-09-30,0.0
PA,2008-10-31,0.0
PA,2008-11-30,0.0
PA,2008-12-31,0.0
PA,2009-01-31,0.0
PA,2009-02-28,0.0
PA,2009-03-31,0.0
PA,2009-04-30,0.0
PA,2009-05-31,0.0
PA,2009-06-30,0.0
PA,2009-07-31,0.0
PA,2009-08-31,0.0
PA,2009-09-30,0.0
PA,2009-10-31,0.0
PA,2009-11-30,0.0
PA,2009-12-31,0.0
PA,2010-01-31,0.0
PA,2010-02-28,0.0
PA,2010-03-31,0.0
PA,2010-04-30,0.0
PA,2010-05-31,0.0
PA,2010-06-30,0.0
PA,2010-07-31,0.0
PA,2010-08-31,0.0
PA,2010-09-30,0.0
PA,2010-10-31,0.0
PA,2010-11-30,0.0
PA,2010-12-31,0.0
PA,2011-01-31,0.0
PA,2011-02-28,0.0
PA,2011-03-31,0.0
PA,2011-04-30,0.0
PA,2011-05-31,0.0
PA,2011-06-30,0.0
PA,2011-07-31,0.0
PA,2011-08-31,0.0
PA,2011-09-30,0.0
PA,2011-10-31,0.0
PA,2011-11-30,0.0
PA,2011-12-31,0.0
PA,2012-01-31,0.0
PA,2012-02-29,0.0
PA,2012-03-31,0.0
PA,2012-04-30,0.0
PA,2012-05-31,0.0
PA,2012-06-30,0.0
PA,2012-07-31,0.0
PA,2012-08-31,0.0
PA,2012-09-30,0.0
PA,2012-10-31,0.0
PA,2012-11-30,0.0
PA,2012-12-31,0.0
PA,2013-01-31,0.0
PA,2013-02-28,0.0
PA,2013-03-31,0.0
PA,2013-04-30,0.0
PA,2013-05-31,0.0
PA,2013-06-30,0.0
PA,2013-07-31,0.0
PA,2013-08-31,0.0
PA,2013-09-30,0.0
PA,2013-10-31,0.0
PA,2013-11-30,0.0
PA,2013-12-31,0.0
PA,2014-01-31,0.0
PA,2014-02-28,0.0
PA,2014-03-31,0.0
PA,2014-04-30,0.0
PA,2014-05-31,0.0
PA,2014-06-30,0.0
PA,2014-07-31,0.0
PA,2014-08-31,0.0
PA,2014-09-30,0.0
PA,2014-10-31,0.0
PA,2014-11-30,0.0
PA,2014-12-31,0.0
PA,2015-01-31,0.0
PA,2015-02-28,0.0
PA,2015-03-31,0.0
PA,2015-04-30,0.0
PA,2015-05-31,0.0
PA,2015-06-30,0.0
PA,2015-07-31,0.0
PA,2015-08-31,0.0
PA,2015-09-30,0.0
PA,2015-10-31,0.0
PA,2015-11-30,0.0
PA,2015-12-31,0.0
PA,2016-01-31,0.0
PA,2016-02-29,0.0
PA,2016-03-31,0.0
PA,2016-04-30,0.0
PA,2016-05-31,0.0
PA,2016-06-30,0.0
PA,2016-07-31,0.0
PA,2016-08-31,
PA,2016-09-30,
PA,2016-10-31,
PA,2016-11-30,
PA,2016-12-31,
PA,2017-01-31,
PA,2017-02-28,
PA,2017-03-31,
PA,2017-04-30,
PA,2017-05-31,
PA,2017-06-30,
PA,2017-07-31,
PA,2017-08-31,
PA,2017-09-30,
PA,2017-10-31,
PA,2017-11-30,
PA,2017-12-31,
PA,2018-01-31,
PA,2018-02-28,
PA,2018-03-31,
PA,2018-04-30,
PA,2018-05-31,
PA,2018-06-30,
PA,2018-07-31,
PA,2018-08-31,
PA,2018-09-30,
PA,2018-10-31,
PA,2018-11-30,
PA,2018-12-31,
PA,2019-01-31,
PA,2019-02-28,
PA,2019-03-31,
PA,2019-04-30,
PA,2019-05-31,
PA,2019-06-30,
PA,2019-07-31,
PA,2019-08-31,
PA,2019-09-30,
PA,2019-10-31,
PA,2019-11-30,
PA,2019-12-31,
PA,2020-01-31,
PA,2020-02-29,
PA,2020-03-31,
PA,2020-04-30,
PA,2020-05-31,
PA,2020-06-30,
PA,2020-07-31,
PA,2020-08-31,
PA,2020-09-30,
PA,2020-10-31,
PA,2020-11-30,
PA,2020-12-31,
PA,2021-01-31,
PA,2021-02-28,
PA,2021-03-31,
PA,2021-04-30,
PA,2021-05-31,
PA,2021-06-30,
PA,2021-07-31,
PA,2021-08-31,
PA,2021-09-30,
PA,2021-10-31,
PA,2021-11-30,
PA,2021-12-31,
PA,2022-01-31,
PA,2022-02-28,
PA,2022-03-31,
PA,2022-04-30,
PA,2022-05-31,
PA,2022-06-30,
PA,2022-07-31,
PA,2022-08-31,
PA,2022-09-30,
PA,2022-10-31,
PA,2022-11-30,
PA,2022-12-31,
PA,2023-01-31,
PA,2023-02-28,
PA,2023-03-31,
PA,2023-04-30,
PA,2023-05-31,
PA,2023-06-30,
PA,2023-07-31,
PA,2023-08-31,
PA,2023-09-30,
PA,2023-10-31,
PA,2023-11-30,
PA,2023-12-31,
PA,2024-01-31,
PA,2024-02-29,
PA,2024-03-31,
PA,2024-04-30,
PA,2024-05-31,
PA,2024-06-30,
PA,2024-07-31,
PA,2024-08-31,
PA,2024-09-30,
PA,2024-10-31,
PA,2024-11-30,
PA,2024-12-31,
PA,2025-01-31,
PE,2002-01-31,149.5806
PE,2002-02-28,150.3929
PE,2002-03-31,148.4516
PE,2002-04-30,146.7
PE,2002-05-31,159.5806
PE,2002-06-30,151.8667
PE,2002-07-31,157.0323
PE,2002-08-31,154.7419
PE,2002-09-30,149.7667
PE,2002-10-31,152.8065
PE,2002-11-30,156.1667
PE,2002-12-31,162.9355
PE,2003-01-31,142.8065
PE,2003-02-28,150.1071
PE,2003-03-31,151.129
PE,2003-04-30,157.7667
PE,2003-05-31,157.2258
PE,2003-06-30,135.6333
PE,2003-07-31,135.0323
PE,2003-08-31,134.4516
PE,2003-09-30,145.9667
PE,2003-10-31,157.2903
PE,2003-11-30,139.6667
PE,2003-12-31,160.9677
PE,2004-01-31,143.4194
PE,2004-02-29,146.0345
PE,2004-03-31,145.871
PE,2004-04-30,158.5667
PE,2004-05-31,156.4516
PE,2004-06-30,148.2333
PE,2004-07-31,158.9677
PE,2004-08-31,155.3226
PE,2004-09-30,134.9
PE,2004-10-31,178.1613
PE,2004-11-30,192.1
PE,2004-12-31,181.129
PE,2005-01-31,188.4194
PE,2005-02-28,187.9286
PE,2005-03-31,191.3871
PE,2005-04-30,195.9333
PE,2005-05-31,199.3548
PE,2005-06-30,214.8333
PE,2005-07-31,214.3226
PE,2005-08-31,194.1613
PE,2005-09-30,188.5667
PE,2005-10-31,201.1613
PE,2005-11-30,195.0
PE,2005-12-31,194.9677
PE,2006-01-31,140.9355
PE,2006-02-28,145.2857
PE,2006-03-31,157.0968
PE,2006-04-30,154.5
PE,2006-05-31,145.8065
PE,2006-06-30,140.0333
PE,2006-07-31,150.8387
PE,2006-08-31,150.3226
PE,2006-09-30,150.1
PE,2006-10-31,158.0968
PE,2006-11-30,160.5
PE,2006-12-31,162.2258
PE,2007-01-31,148.8387
PE,2007-02-28,150.1071
PE,2007-03-31,119.1935
PE,2007-04-30,157.1333
PE,2007-05-31,171.0323
PE,2007-06-30,165.3667
PE,2007-07-31,169.4516
PE,2007-08-31,170.3871
PE,2007-09-30,154.9
PE,2007-10-31,163.8065
PE,2007-11-30,171.4667
PE,2007-12-31,165.0
PE,2008-01-31,163.0645
PE,2008-02-29,161.7931
PE,2008-03-31,160.1935
PE,2008-04-30,146.2667
PE,2008-05-31,166.0968
PE,2008-06-30,158.7667
PE,2008-07-31,139.3548
PE,2008-08-31,146.7742
PE,2008-09-30,143.1667
PE,2008-10-31,158.0
PE,2008-11-30,147.2
PE,2008-12-31,143.8065
PE,2009-01-31,142.0968
PE,2009-02-28,167.0714
PE,2009-03-31,155.7419
PE,2009-04-30,152.5667
PE,2009-05-31,160.5806
PE,2009-06-30,113.1667
PE,2009-07-31,156.6129
PE,2009-08-31,150.6452
PE,2009-09-30,161.7333
PE,2009-10-31,140.4194
PE,2009-11-30,160.0
PE,2009-12-31,168.4839
PE,2010-01-31,146.0323
PE,2010-02-28,158.6786
PE,2010-03-31,164.871
PE,2010-04-30,141.7667
PE,2010-05-31,146.1613
PE,2010-06-30,157.8667
PE,2010-07-31,144.2903
PE,2010-08-31,153.871
PE,2010-09-30,142.7333
PE,2010-10-31,148.4516
PE,2010-11-30,142.7333
PE,2010-12-31,158.7419
PE,2011-01-31,153.5806
PE,2011-02-28,145.5357
PE,2011-03-31,137.9032
PE,2011-04-30,126.4
PE,2011-05-31,150.3226
PE,2011-06-30,155.7667
PE,2011-07-31,156.9677
PE,2011-08-31,149.1613
PE,2011-09-30,148.4333
PE,2011-10-31,138.2258
PE,2011-11-30,139.3667
PE,2011-12-31,147.7419
PE,2012-01-31,143.5161
PE,2012-02-29,138.5517
PE,2012-03-31,151.6452
PE,2012-04-30,136.5333
PE,2012-05-31,146.2258
PE,2012-06-30,151.7
PE,2012-07-31,145.1613
PE,2012-08-31,141.9032
PE,2012-09-30,153.9333
PE,2012-10-31,155.3871
PE,2012-11-30,143.5
PE,2012-12-31,189.6774
PE,2013-01-31,176.7097
PE,2013-02-28,182.2143
PE,2013-03-31,186.3871
PE,2013-04-30,184.8333
PE,2013-05-31,187.129
PE,2013-06-30,199.6667
PE,2013-07-31,194.7419
PE,2013-08-31,199.7419
PE,2013-09-30,191.4667
PE,2013-10-31,186.7097
PE,2013-11-30,190.7333
PE,2013-12-31,181.8387
PE,2014-01-31,207.7097
PE,2014-02-28,194.0
PE,2014-03-31,194.3226
PE,2014-04-30,180.6
PE,2014-05-31,185.2581
PE,2014-06-30,184.8333
PE,2014-07-31,191.2903
PE,2014-08-31,194.3548
PE,2014-09-30,188.2667
PE,2014-10-31,208.4194
PE,2014-11-30,187.3333
PE,2014-12-31,185.2581
PE,2015-01-31,133.4194
PE,2015-02-28,135.25
PE,2015-03-31,152.4516
PE,2015-04-30,154.2667
PE,2015-05-31,146.5484
PE,2015-06-30,134.0333
PE,2015-07-31,154.0968
PE,2015-08-31,141.6452
PE,2015-09-30,133.8333
PE,2015-10-31,123.6774
PE,2015-11-30,144.1
PE,2015-12-31,153.5806
PE,2016-01-31,139.7097
PE,2016-02-29,136.0
PE,2016-03-31,134.9677
PE,2016-04-30,128.5333
PE,2016-05-31,131.6774
PE,2016-06-30,140.2
PE,2016-07-31,145.9677
PE,2016-08-31,135.8387
PE,2016-09-30,148.1
PE,2016-10-31,143.5806
PE,2016-11-30,163.8333
PE,2016-12-31,173.4839
PE,2017-01-31,169.5484
PE,2017-02-28,177.7857
PE,2017-03-31,169.8387
PE,2017-04-30,177.2
PE,2017-05-31,160.0968
PE,2017-06-30,171.7333
PE,2017-07-31,157.2903
PE,2017-08-31,160.1613
PE,2017-09-30,167.0
PE,2017-10-31,173.5484
PE,2017-11-30,165.0667
PE,2017-12-31,175.4839
PE,2018-01-31,162.6129
PE,2018-02-28,177.9286
PE,2018-03-31,162.8387
PE,2018-04-30,154.8
PE,2018-05-31,140.7742
PE,2018-06-30,136.3
PE,2018-07-31,149.2258
PE,2018-08-31,162.6774
PE,2018-09-30,164.8333
PE,2018-10-31,160.3548
PE,2018-11-30,169.9333
PE,2018-12-31,175.4516
PE,2019-01-31,140.4516
PE,2019-02-28,161.1071
PE,2019-03-31,161.4516
PE,2019-04-30,137.9333
PE,2019-05-31,151.0
PE,2019-06-30,155.2
PE,2019-07-31,155.7097
PE,2019-08-31,147.0645
PE,2019-09-30,145.2
PE,2019-10-31,150.2903
PE,2019-11-30,146.3333
PE,2019-12-31,148.5806
PE,2020-01-31,86.5161
PE,2020-02-29,104.069
PE,2020-03-31,84.0645
PE,2020-04-30,57.5333
PE,2020-05-31,48.0323
PE,2020-06-30,48.6333
PE,2020-07-31,59.1935
PE,2020-08-31,72.8387
PE,2020-09-30,67.4667
PE,2020-10-31,54.7419
PE,2020-11-30,55.5333
PE,2020-12-31,69.6452
PE,2021-01-31,107.7742
PE,2021-02-28,65.4286
PE,2021-03-31,83.7419
PE,2021-04-30,87.8
PE,2021-05-31,94.9355
PE,2021-06-30,100.4667
PE,2021-07-31,92.2258
PE,2021-08-31,98.6774
PE,2021-09-30,102.6333
PE,2021-10-31,94.1935
PE,2021-11-30,100.0333
PE,2021-12-31,101.4839
PE,2022-01-31,94.0968
PE,2022-02-28,75.0714
PE,2022-03-31,34.4839
PE,2022-04-30,56.9
PE,2022-05-31,83.0323
PE,2022-06-30,91.3
PE,2022-07-31,99.8065
PE,2022-08-31,109.4839
PE,2022-09-30,82.3
PE,2022-10-31,109.5806
PE,2022-11-30,122.6
PE,2022-12-31,127.6774
PE,2023-01-31,94.0968
PE,2023-02-28,138.6071
PE,2023-03-31,143.0
PE,2023-04-30,121.5333
PE,2023-05-31,92.7742
PE,2023-06-30,104.9
PE,2023-07-31,125.3226
PE,2023-08-31,157.0
PE,2023-09-30,152.9
PE,2023-10-31,135.3548
PE,2023-11-30,146.1333
PE,2023-12-31,165.3226
PE,2024-01-31,152.2581
PE,2024-02-29,152.5862
PE,2024-03-31,147.4839
PE,2024-04-30,156.0
PE,2024-05-31,117.6774
PE,2024-06-30,120.5667
PE,2024-07-31,160.5806
PE,2024-08-31,
PE,2024-09-30,
PE,2024-10-31,
PE,2024-11-30,
PE,2024-12-31,
PE,2025-01-31,
PE,2025-02-28,
PE,2025-03-31,
PG,2002-01-31,0.0
PG,2002-02-28,0.0
PG,2002-03-31,0.0
PG,2002-04-30,0.0
PG,2002-05-31,0.0
PG,2002-06-30,0.0
PG,2002-07-31,0.0
PG,2002-08-31,0.0
PG,2002-09-30,0.0
PG,2002-10-31,0.0
PG,2002-11-30,0.0
PG,2002-12-31,0.0
PG,2003-01-31,0.0
PG,2003-02-28,0.0
PG,2003-03-31,0.0
PG,2003-04-30,0.0
PG,2003-05-31,0.0
PG,2003-06-30,0.0
PG,2003-07-31,0.0
PG,2003-08-31,0.0
PG,2003-09-30,0.0
PG,2003-10-31,0.0
PG,2003-11-30,0.0
PG,2003-12-31,0.0
PG,2004-01-31,0.0
PG,2004-02-29,0.0
PG,2004-03-31,0.0
PG,2004-04-30,0.0
PG,2004-05-31,
PG,2004-06-30,
PG,2004-07-31,
PG,2004-08-31,
PG,2004-09-30,
PG,2004-10-31,
PG,2004-11-30,
PG,2004-12-31,
PG,2005-01-31,
PG,2005-02-28,
PG,2005-03-31,
PG,2005-04-30,
PG,2005-05-31,
PG,2005-06-30,
PG,2005-07-31,
PG,2005-08-31,
PG,2005-09-30,
PG,2005-10-31,
PG,2005-11-30,
PG,2005-12-31,
PG,2006-01-31,
PG,2006-02-28,
PG,2006-03-31,
PG,2006-04-30,
PG,2006-05-31,
PG,2006-06-30,
PG,2006-07-31,
PG,2006-08-31,
PG,2006-09-30,
PG,2006-10-31,
PG,2006-11-30,
PG,2006-12-31,
PG,2007-01-31,19.4839
PG,2007-02-28,11.25
PG,2007-03-31,17.2258
PG,2007-04-30,15.7
PG,2007-05-31,15.2258
PG,2007-06-30,20.0
PG,2007-07-31,20.0
PG,2007-08-31,20.9032
PG,2007-09-30,7.3667
PG,2007-10-31,18.0323
PG,2007-11-30,16.4
PG,2007-12-31,5.7097
PG,2008-01-31,19.129
PG,2008-02-29,5.3103
PG,2008-03-31,15.4516
PG,2008-04-30,6.7
PG,2008-05-31,16.9032
PG,2008-06-30,8.3667
PG,2008-07-31,14.6129
PG,2008-08-31,19.2258
PG,2008-09-30,23.2
PG,2008-10-31,23.9677
PG,2008-11-30,20.4333
PG,2008-12-31,16.3226
PG,2009-01-31,13.4194
PG,2009-02-28,22.3929
PG,2009-03-31,18.7097
PG,2009-04-30,6.0667
PG,2009-05-31,15.8387
PG,2009-06-30,18.7333
PG,2009-07-31,17.2258
PG,2009-08-31,17.6774
PG,2009-09-30,17.3
PG,2009-10-31,21.5161
PG,2009-11-30,12.4333
PG,2009-12-31,12.3548
PG,2010-01-31,20.3226
PG,2010-02-28,12.7857
PG,2010-03-31,24.7419
PG,2010-04-30,19.5333
PG,2010-05-31,24.0
PG,2010-06-30,23.3667
PG,2010-07-31,20.8387
PG,2010-08-31,24.9032
PG,2010-09-30,20.2333
PG,2010-10-31,0.0
PG,2010-11-30,19.3
PG,2010-12-31,16.4839
PG,2011-01-31,22.6452
PG,2011-02-28,16.6071
PG,2011-03-31,22.5484
PG,2011-04-30,14.8667
PG,2011-05-31,17.9355
PG,2011-06-30,21.1333
PG,2011-07-31,24.0323
PG,2011-08-31,16.4839
PG,2011-09-30,18.4
PG,2011-10-31,14.0645
PG,2011-11-30,15.5333
PG,2011-12-31,22.4194
PG,2012-01-31,20.3871
PG,2012-02-29,23.7586
PG,2012-03-31,13.9677
PG,2012-04-30,22.3
PG,2012-05-31,19.8065
PG,2012-06-30,21.5
PG,2012-07-31,25.4516
PG,2012-08-31,12.3548
PG,2012-09-30,26.2667
PG,2012-10-31,28.0645
PG,2012-11-30,23.6667
PG,2012-12-31,12.0645
PG,2013-01-31,27.2581
PG,2013-02-28,26.25
PG,2013-03-31,27.9355
PG,2013-04-30,21.6
PG,2013-05-31,30.3548
PG,2013-06-30,28.3
PG,2013-07-31,24.1613
PG,2013-08-31,20.2581
PG,2013-09-30,26.2
PG,2013-10-31,28.9677
PG,2013-11-30,25.5333
PG,2013-12-31,26.871
PG,2014-01-31,20.2581
PG,2014-02-28,28.0
PG,2014-03-31,15.0323
PG,2014-04-30,22.0667
PG,2014-05-31,25.4839
PG,2014-06-30,26.8667
PG,2014-07-31,24.0
PG,2014-08-31,24.0968
PG,2014-09-30,10.1667
PG,2014-10-31,6.5161
PG,2014-11-30,27.9
PG,2014-12-31,24.7097
PG,2015-01-31,29.1613
PG,2015-02-28,29.1071
PG,2015-03-31,12.0645
PG,2015-04-30,19.8333
PG,2015-05-31,0.0
PG,2015-06-30,0.0
PG,2015-07-31,0.0
PG,2015-08-31,0.0
PG,2015-09-30,0.0
PG,2015-10-31,8.3548
PG,2015-11-30,21.3667
PG,2015-12-31,28.6129
PG,2016-01-31,28.3548
PG,2016-02-29,25.7586
PG,2016-03-31,20.9677
PG,2016-04-30,23.8
PG,2016-05-31,26.6452
PG,2016-06-30,29.7333
PG,2016-07-31,28.5161
PG,2016-08-31,30.7097
PG,2016-09-30,27.7
PG,2016-10-31,31.8065
PG,2016-11-30,29.3667
PG,2016-12-31,29.7097
PG,2017-01-31,24.9677
PG,2017-02-28,13.25
PG,2017-03-31,31.0968
PG,2017-04-30,29.7667
PG,2017-05-31,29.2903
PG,2017-06-30,29.3
PG,2017-07-31,30.7097
PG,2017-08-31,27.3871
PG,2017-09-30,26.9
PG,2017-10-31,29.2258
PG,2017-11-30,30.7667
PG,2017-12-31,29.7097
PG,2018-01-31,19.3548
PG,2018-02-28,21.7857
PG,2018-03-31,20.4194
PG,2018-04-30,22.6333
PG,2018-05-31,18.5806
PG,2018-06-30,25.7
PG,2018-07-31,28.4516
PG,2018-08-31,26.8065
PG,2018-09-30,29.9667
PG,2018-10-31,29.6774
PG,2018-11-30,28.9333
PG,2018-12-31,26.6452
PG,2019-01-31,19.3548
PG,2019-02-28,29.0
PG,2019-03-31,29.129
PG,2019-04-30,30.3
PG,2019-05-31,29.8387
PG,2019-06-30,29.2333
PG,2019-07-31,29.1613
PG,2019-08-31,8.5484
PG,2019-09-30,23.4667
PG,2019-10-31,21.5806
PG,2019-11-30,30.9333
PG,2019-12-31,30.129
PG,2020-01-31,24.9032
PG,2020-02-29,23.1034
PG,2020-03-31,30.4516
PG,2020-04-30,
PG,2020-05-31,31.2258
PG,2020-06-30,32.4
PG,2020-07-31,31.6774
PG,2020-08-31,29.7419
PG,2020-09-30,
PG,2020-10-31,22.1935
PG,2020-11-30,31.6333
PG,2020-12-31,28.3871
PG,2021-01-31,26.9032
PG,2021-02-28,8.1071
PG,2021-03-31,24.0323
PG,2021-04-30,28.0
PG,2021-05-31,24.9355
PG,2021-06-30,20.4667
PG,2021-07-31,30.1613
PG,2021-08-31,
PG,2021-09-30,
PG,2021-10-31,
PG,2021-11-30,
PG,2021-12-31,
PG,2022-01-31,0.0
PG,2022-02-28,16.0357
PG,2022-03-31,31.4839
PG,2022-04-30,25.8333
PG,2022-05-31,26.129
PG,2022-06-30,21.4
PG,2022-07-31,5.9032
PG,2022-08-31,0.0
PG,2022-09-30,0.0
PG,2022-10-31,16.3871
PG,2022-11-30,25.4333
PG,2022-12-31,0.6452
PG,2023-01-31,
PG,2023-02-28,
PG,2023-03-31,18.3548
PG,2023-04-30,28.0
PG,2023-05-31,23.8387
PG,2023-06-30,17.1333
PG,2023-07-31,9.0
PG,2023-08-31,
PG,2023-09-30,
PG,2023-10-31,7.4516
PG,2023-11-30,21.5667
PG,2023-12-31,
PG,2024-01-31,
PG,2024-02-29,
PG,2024-03-31,
PG,2024-04-30,
PG,2024-05-31,
PG,2024-06-30,0.0
PG,2024-07-31,
PG,2024-08-31,
PG,2024-09-30,
PG,2024-10-31,
PG,2024-11-30,
PG,2024-12-31,
PG,2025-01-31,
PG,2025-02-28,
PG,2025-03-31,
PH,2002-01-31,232.1935
PH,2002-02-28,240.0714
PH,2002-03-31,233.0
PH,2002-04-30,275.7333
PH,2002-05-31,229.0645
PH,2002-06-30,257.3333
PH,2002-07-31,308.1613
PH,2002-08-31,261.7742
PH,2002-09-30,295.9333
PH,2002-10-31,262.7419
PH,2002-11-30,295.6333
PH,2002-12-31,260.2258
PH,2003-01-31,256.5806
PH,2003-02-28,239.0357
PH,2003-03-31,264.8387
PH,2003-04-30,283.6667
PH,2003-05-31,285.3871
PH,2003-06-30,264.5
PH,2003-07-31,263.1613
PH,2003-08-31,275.4194
PH,2003-09-30,261.2
PH,2003-10-31,238.7097
PH,2003-11-30,210.6333
PH,2003-12-31,197.8387
PH,2004-01-31,199.5484
PH,2004-02-29,187.3793
PH,2004-03-31,122.3226
PH,2004-04-30,177.9333
PH,2004-05-31,186.1935
PH,2004-06-30,190.7
PH,2004-07-31,231.2581
PH,2004-08-31,205.0323
PH,2004-09-30,234.9
PH,2004-10-31,224.2903
PH,2004-11-30,231.9333
PH,2004-12-31,214.2581
PH,2005-01-31,212.9355
PH,2005-02-28,213.3929
PH,2005-03-31,168.6452
PH,2005-04-30,193.0667
PH,2005-05-31,231.871
PH,2005-06-30,225.2
PH,2005-07-31,234.5806
PH,2005-08-31,225.9032
PH,2005-09-30,222.4667
PH,2005-10-31,235.9355
PH,2005-11-30,219.4667
PH,2005-12-31,221.5484
PH,2006-01-31,215.2903
PH,2006-02-28,207.1071
PH,2006-03-31,161.9032
PH,2006-04-30,225.2
PH,2006-05-31,225.2581
PH,2006-06-30,228.2
PH,2006-07-31,225.4194
PH,2006-08-31,215.4516
PH,2006-09-30,199.2333
PH,2006-10-31,223.2258
PH,2006-11-30,224.8333
PH,2006-12-31,186.3226
PH,2007-01-31,219.6129
PH,2007-02-28,126.5714
PH,2007-03-31,155.8065
PH,2007-04-30,219.6
PH,2007-05-31,228.4516
PH,2007-06-30,227.0667
PH,2007-07-31,232.5484
PH,2007-08-31,226.0968
PH,2007-09-30,204.0333
PH,2007-10-31,202.6129
PH,2007-11-30,209.2667
PH,2007-12-31,210.1613
PH,2008-01-31,206.6452
PH,2008-02-29,178.931
PH,2008-03-31,155.2581
PH,2008-04-30,197.9333
PH,2008-05-31,219.871
PH,2008-06-30,222.7667
PH,2008-07-31,206.0323
PH,2008-08-31,207.871
PH,2008-09-30,194.3333
PH,2008-10-31,186.0
PH,2008-11-30,145.4
PH,2008-12-31,82.0
PH,2009-01-31,80.0
PH,2009-02-28,55.8214
PH,2009-03-31,117.129
PH,2009-04-30,179.2333
PH,2009-05-31,179.5161
PH,2009-06-30,179.7667
PH,2009-07-31,173.3871
PH,2009-08-31,158.6452
PH,2009-09-30,140.3
PH,2009-10-31,162.3871
PH,2009-11-30,172.3667
PH,2009-12-31,161.0645
PH,2010-01-31,155.5806
PH,2010-02-28,187.6429
PH,2010-03-31,183.2581
PH,2010-04-30,192.2667
PH,2010-05-31,136.1613
PH,2010-06-30,158.0333
PH,2010-07-31,190.0
PH,2010-08-31,194.0
PH,2010-09-30,178.0
PH,2010-10-31,197.3548
PH,2010-11-30,201.8
PH,2010-12-31,193.6774
PH,2011-01-31,195.0
PH,2011-02-28,199.3214
PH,2011-03-31,193.871
PH,2011-04-30,191.3667
PH,2011-05-31,194.0968
PH,2011-06-30,175.4667
PH,2011-07-31,188.6452
PH,2011-08-31,189.9032
PH,2011-09-30,189.0667
PH,2011-10-31,173.8387
PH,2011-11-30,196.9333
PH,2011-12-31,191.1935
PH,2012-01-31,185.4839
PH,2012-02-29,200.4483
PH,2012-03-31,195.3871
PH,2012-04-30,194.3
PH,2012-05-31,63.8387
PH,2012-06-30,169.3
PH,2012-07-31,168.2258
PH,2012-08-31,168.2258
PH,2012-09-30,180.1667
PH,2012-10-31,184.7419
PH,2012-11-30,181.3333
PH,2012-12-31,196.129
PH,2013-01-31,178.129
PH,2013-02-28,177.6429
PH,2013-03-31,132.4839
PH,2013-04-30,73.8667
PH,2013-05-31,164.9032
PH,2013-06-30,185.8667
PH,2013-07-31,177.0645
PH,2013-08-31,159.9677
PH,2013-09-30,157.9333
PH,2013-10-31,164.0968
PH,2013-11-30,137.8667
PH,2013-12-31,190.0968
PH,2014-01-31,189.7097
PH,2014-02-28,143.0
PH,2014-03-31,92.9677
PH,2014-04-30,176.8667
PH,2014-05-31,187.871
PH,2014-06-30,180.9667
PH,2014-07-31,162.4516
PH,2014-08-31,179.1935
PH,2014-09-30,178.9
PH,2014-10-31,147.2903
PH,2014-11-30,178.9333
PH,2014-12-31,201.5484
PH,2015-01-31,203.4194
PH,2015-02-28,183.9643
PH,2015-03-31,231.7419
PH,2015-04-30,226.1
PH,2015-05-31,243.3871
PH,2015-06-30,211.8333
PH,2015-07-31,236.4839
PH,2015-08-31,237.6129
PH,2015-09-30,251.7333
PH,2015-10-31,141.0323
PH,2015-11-30,186.7
PH,2015-12-31,195.6129
PH,2016-01-31,232.0
PH,2016-02-29,221.8621
PH,2016-03-31,228.0968
PH,2016-04-30,169.3667
PH,2016-05-31,212.8387
PH,2016-06-30,240.1333
PH,2016-07-31,240.5161
PH,2016-08-31,236.7419
PH,2016-09-30,193.1
PH,2016-10-31,162.6452
PH,2016-11-30,250.4
PH,2016-12-31,203.0
PH,2017-01-31,248.9355
PH,2017-02-28,244.6429
PH,2017-03-31,245.7097
PH,2017-04-30,195.6333
PH,2017-05-31,124.6774
PH,2017-06-30,155.3333
PH,2017-07-31,196.6452
PH,2017-08-31,208.7097
PH,2017-09-30,219.2333
PH,2017-10-31,199.3548
PH,2017-11-30,242.0667
PH,2017-12-31,243.5806
PH,2018-01-31,249.9677
PH,2018-02-28,246.4643
PH,2018-03-31,245.9355
PH,2018-04-30,250.0
PH,2018-05-31,165.1935
PH,2018-06-30,228.7
PH,2018-07-31,243.2903
PH,2018-08-31,246.4516
PH,2018-09-30,233.8667
PH,2018-10-31,253.0323
PH,2018-11-30,251.1
PH,2018-12-31,235.9032
PH,2019-01-31,240.7097
PH,2019-02-28,232.2143
PH,2019-03-31,202.6129
PH,2019-04-30,178.0667
PH,2019-05-31,89.9355
PH,2019-06-30,81.0667
PH,2019-07-31,76.3871
PH,2019-08-31,126.4516
PH,2019-09-30,116.4667
PH,2019-10-31,246.129
PH,2019-11-30,245.2667
PH,2019-12-31,180.3871
PH,2020-01-31,183.3871
PH,2020-02-29,195.8276
PH,2020-03-31,191.9677
PH,2020-04-30,189.8667
PH,2020-05-31,65.129
PH,2020-06-30,0.0
PH,2020-07-31,0.0
PH,2020-08-31,0.0
PH,2020-09-30,50.6
PH,2020-10-31,95.2258
PH,2020-11-30,97.1667
PH,2020-12-31,98.8065
PH,2021-01-31,109.1935
PH,2021-02-28,29.2143
PH,2021-03-31,0.0
PH,2021-04-30,0.0
PH,2021-05-31,26.0323
PH,2021-06-30,105.3
PH,2021-07-31,109.5806
PH,2021-08-31,116.871
PH,2021-09-30,106.0667
PH,2021-10-31,123.7742
PH,2021-11-30,115.3667
PH,2021-12-31,110.0323
PH,2022-01-31,137.0645
PH,2022-02-28,126.8571
PH,2022-03-31,137.0645
PH,2022-04-30,6.7333
PH,2022-05-31,57.3871
PH,2022-06-30,121.6667
PH,2022-07-31,143.2258
PH,2022-08-31,144.5161
PH,2022-09-30,144.1667
PH,2022-10-31,144.871
PH,2022-11-30,153.6
PH,2022-12-31,143.129
PH,2023-01-31,144.4516
PH,2023-02-28,129.6786
PH,2023-03-31,135.7097
PH,2023-04-30,144.3333
PH,2023-05-31,97.4194
PH,2023-06-30,111.5
PH,2023-07-31,145.0323
PH,2023-08-31,153.3548
PH,2023-09-30,152.5667
PH,2023-10-31,
PH,2023-11-30,
PH,2023-12-31,
PH,2024-01-31,158.4516
PH,2024-02-29,153.8276
PH,2024-03-31,156.7419
PH,2024-04-30,
PH,2024-05-31,
PH,2024-06-30,
PH,2024-07-31,
PH,2024-08-31,
PH,2024-09-30,
PH,2024-10-31,
PH,2024-11-30,
PH,2024-12-31,
PH,2025-01-31,
PH,2025-02-28,
PH,2025-03-31,
PL,2002-01-31,366.7365
PL,2002-02-28,331.6825
PL,2002-03-31,340.4903
PL,2002-04-30,277.807
PL,2002-05-31,346.8745
PL,2002-06-30,387.2683
PL,2002-07-31,342.8548
PL,2002-08-31,334.8155
PL,2002-09-30,384.5807
PL,2002-10-31,376.9039
PL,2002-11-30,374.8073
PL,2002-12-31,398.6574
PL,2003-01-31,350.6577
PL,2003-02-28,360.4789
PL,2003-03-31,332.6874
PL,2003-04-30,325.2077
PL,2003-05-31,342.8548
PL,2003-06-30,348.6637
PL,2003-07-31,338.8352
PL,2003-08-31,333.1603
PL,2003-09-30,377.7393
PL,2003-10-31,372.8842
PL,2003-11-30,377.9837
PL,2003-12-31,331.2687
PL,2004-01-31,342.8548
PL,2004-02-29,344.7628
PL,2004-03-31,348.5297
PL,2004-04-30,354.2833
PL,2004-05-31,354.6774
PL,2004-06-30,346.709
PL,2004-07-31,374.7758
PL,2004-08-31,376.9039
PL,2004-09-30,388.49
PL,2004-10-31,399.1303
PL,2004-11-30,384.092
PL,2004-12-31,374.0665
PL,2005-01-31,353.4952
PL,2005-02-28,377.495
PL,2005-03-31,347.111
PL,2005-04-30,257.283
PL,2005-05-31,308.8058
PL,2005-06-30,371.1423
PL,2005-07-31,379.7413
PL,2005-08-31,378.559
PL,2005-09-30,392.3993
PL,2005-10-31,406.6968
PL,2005-11-30,401.9283
PL,2005-12-31,403.3865
PL,2006-01-31,390.6181
PL,2006-02-28,385.3486
PL,2006-03-31,397.0023
PL,2006-04-30,399.485
PL,2006-05-31,409.0613
PL,2006-06-30,393.8653
PL,2006-07-31,412.1352
PL,2006-08-31,416.3913
PL,2006-09-30,400.4623
PL,2006-10-31,395.5835
PL,2006-11-30,423.9183
PL,2006-12-31,404.5687
PL,2007-01-31,402.6771
PL,2007-02-28,407.3386
PL,2007-03-31,386.8348
PL,2007-04-30,406.082
PL,2007-05-31,391.091
PL,2007-06-30,385.3137
PL,2007-07-31,399.8397
PL,2007-08-31,410.9529
PL,2007-09-30,424.6513
PL,2007-10-31,417.5735
PL,2007-11-30,401.1953
PL,2007-12-31,415.209
PL,2008-01-31,415.209
PL,2008-02-29,408.9634
PL,2008-03-31,401.9677
PL,2008-04-30,408.7697
PL,2008-05-31,442.1645
PL,2008-06-30,418.0543
PL,2008-07-31,419.7016
PL,2008-08-31,412.6081
PL,2008-09-30,429.0493
PL,2008-10-31,417.3371
PL,2008-11-30,420.4977
PL,2008-12-31,410.2435
PL,2009-01-31,410.0071
PL,2009-02-28,416.5011
PL,2009-03-31,349.0026
PL,2009-04-30,370.898
PL,2009-05-31,392.2732
PL,2009-06-30,417.81
PL,2009-07-31,444.7655
PL,2009-08-31,453.5142
PL,2009-09-30,403.6387
PL,2009-10-31,410.0071
PL,2009-11-30,413.1677
PL,2009-12-31,403.8594
PL,2010-01-31,418.0465
PL,2010-02-28,419.9043
PL,2010-03-31,431.2877
PL,2010-04-30,435.1577
PL,2010-05-31,458.7161
PL,2010-06-30,464.722
PL,2010-07-31,472.9032
PL,2010-08-31,471.2481
PL,2010-09-30,475.717
PL,2010-10-31,507.6616
PL,2010-11-30,488.6667
PL,2010-12-31,457.7703
PL,2011-01-31,457.061
PL,2011-02-28,464.1461
PL,2011-03-31,448.0758
PL,2011-04-30,434.9133
PL,2011-05-31,466.0461
PL,2011-06-30,488.6667
PL,2011-07-31,501.5139
PL,2011-08-31,517.5926
PL,2011-09-30,509.435
PL,2011-10-31,536.9816
PL,2011-11-30,468.1427
PL,2011-12-31,487.3268
PL,2012-01-31,480.7061
PL,2012-02-29,484.0328
PL,2012-03-31,484.9623
PL,2012-04-30,473.0293
PL,2012-05-31,546.2032
PL,2012-06-30,504.304
PL,2012-07-31,437.6719
PL,2012-08-31,509.5532
PL,2012-09-30,557.3243
PL,2012-10-31,550.6958
PL,2012-11-30,535.823
PL,2012-12-31,480.7061
PL,2013-01-31,461.3171
PL,2013-02-28,498.1782
PL,2013-03-31,480.7061
PL,2013-04-30,292.2227
PL,2013-05-31,460.3713
PL,2013-06-30,524.095
PL,2013-07-31,515.4645
PL,2013-08-31,533.4348
PL,2013-09-30,529.4703
PL,2013-10-31,542.8929
PL,2013-11-30,521.6517
PL,2013-12-31,494.6568
PL,2014-01-31,482.5977
PL,2014-02-28,473.8321
PL,2014-03-31,476.2135
PL,2014-04-30,498.1957
PL,2014-05-31,430.5784
PL,2014-06-30,448.8403
PL,2014-07-31,506.0065
PL,2014-08-31,522.0852
PL,2014-09-30,512.367
PL,2014-10-31,496.5484
PL,2014-11-30,508.4577
PL,2014-12-31,474.3219
PL,2015-01-31,487.3268
PL,2015-02-28,491.11
PL,2015-03-31,486.1445
PL,2015-04-30,517.2537
PL,2015-05-31,547.8584
PL,2015-06-30,562.944
PL,2015-07-31,556.1342
PL,2015-08-31,547.8584
PL,2015-09-30,556.5913
PL,2015-10-31,538.6368
PL,2015-11-30,512.8557
PL,2015-12-31,493.0016
PL,2016-01-31,484.2529
PL,2016-02-29,481.7579
PL,2016-03-31,483.5435
PL,2016-04-30,505.037
PL,2016-05-31,544.5481
PL,2016-06-30,503.571
PL,2016-07-31,555.4248
PL,2016-08-31,584.2719
PL,2016-09-30,477.4273
PL,2016-10-31,513.5729
PL,2016-11-30,524.3393
PL,2016-12-31,535.7994
PL,2017-01-31,540.5284
PL,2017-02-28,440.8471
PL,2017-03-31,406.6968
PL,2017-04-30,425.14
PL,2017-05-31,451.6226
PL,2017-06-30,452.5053
PL,2017-07-31,532.0161
PL,2017-08-31,575.9961
PL,2017-09-30,547.7953
PL,2017-10-31,580.0158
PL,2017-11-30,566.609
PL,2017-12-31,531.0703
PL,2018-01-31,537.2181
PL,2018-02-28,555.5093
PL,2018-03-31,559.2081
PL,2018-04-30,556.1027
PL,2018-05-31,551.6416
PL,2018-06-30,463.5003
PL,2018-07-31,514.2823
PL,2018-08-31,561.809
PL,2018-09-30,557.3243
PL,2018-10-31,537.691
PL,2018-11-30,557.813
PL,2018-12-31,530.361
PL,2019-01-31,536.0358
PL,2019-02-28,563.8864
PL,2019-03-31,554.479
PL,2019-04-30,555.3697
PL,2019-05-31,521.1394
PL,2019-06-30,554.881
PL,2019-07-31,566.7745
PL,2019-08-31,558.2623
PL,2019-09-30,550.483
PL,2019-10-31,532.489
PL,2019-11-30,555.3697
PL,2019-12-31,505.0606
PL,2020-01-31,538.8732
PL,2020-02-29,549.2445
PL,2020-03-31,509.5532
PL,2020-04-30,479.1377
PL,2020-05-31,494.8932
PL,2020-06-30,504.0597
PL,2020-07-31,509.7897
PL,2020-08-31,548.0948
PL,2020-09-30,567.342
PL,2020-10-31,517.829
PL,2020-11-30,486.712
PL,2020-12-31,448.7852
PL,2021-01-31,491.5829
PL,2021-02-28,405.5061
PL,2021-03-31,348.0568
PL,2021-04-30,476.45
PL,2021-05-31,453.5142
PL,2021-06-30,519.697
PL,2021-07-31,561.809
PL,2021-08-31,562.0455
PL,2021-09-30,524.095
PL,2021-10-31,532.0161
PL,2021-11-30,558.7903
PL,2021-12-31,525.8684
PL,2022-01-31,512.3906
PL,2022-02-28,537.4461
PL,2022-03-31,454.2235
PL,2022-04-30,480.3593
PL,2022-05-31,567.9568
PL,2022-06-30,586.4
PL,2022-07-31,557.7894
PL,2022-08-31,554.7155
PL,2022-09-30,539.7323
PL,2022-10-31,546.9126
PL,2022-11-30,518.4753
PL,2022-12-31,541.4742
PL,2023-01-31,543.6023
PL,2023-02-28,521.4771
PL,2023-03-31,469.3565
PL,2023-04-30,531.425
PL,2023-05-31,510.2626
PL,2023-06-30,450.5507
PL,2023-07-31,551.4052
PL,2023-08-31,512.8635
PL,2023-09-30,462.7673
PL,2023-10-31,466.9919
PL,2023-11-30,527.027
PL,2023-12-31,472.4303
PL,2024-01-31,501.9868
PL,2024-02-29,511.3307
PL,2024-03-31,521.8487
PL,2024-04-30,505.77
PL,2024-05-31,512.8635
PL,2024-06-30,540.954
PL,2024-07-31,539.819
PL,2024-08-31,535.3265
PL,2024-09-30,513.1
PL,2024-10-31,543.8387
PL,2024-11-30,513.1
PL,2024-12-31,496.5484
PL,2025-01-31,472.9032
PL,2025-02-28,471.2143
PL,2025-03-31,496.5484
PT,2002-01-31,246.5384
PT,2002-02-28,216.3621
PT,2002-03-31,250.1045
PT,2002-04-30,266.794
PT,2002-05-31,273.641
PT,2002-06-30,224.5393
PT,2002-07-31,170.9365
PT,2002-08-31,256.2858
PT,2002-09-30,252.054
PT,2002-10-31,221.1
PT,2002-11-30,268.5137
PT,2002-12-31,211.3526
PT,2003-01-31,247.0139
PT,2003-02-28,260.8454
PT,2003-03-31,210.6394
PT,2003-04-30,260.4067
PT,2003-05-31,235.6023
PT,2003-06-30,266.794
PT,2003-07-31,258.901
PT,2003-08-31,275.5429
PT,2003-09-30,268.268
PT,2003-10-31,280.5355
PT,2003-11-30,259.424
PT,2003-12-31,247.4894
PT,2004-01-31,240.5948
PT,2004-02-29,67.0924
PT,2004-03-31,189.7181
PT,2004-04-30,284.2363
PT,2004-05-31,305.2606
PT,2004-06-30,305.3637
PT,2004-07-31,299.3171
PT,2004-08-31,261.0406
PT,2004-09-30,284.2363
PT,2004-10-31,284.5771
PT,2004-11-30,272.69
PT,2004-12-31,271.2635
PT,2005-01-31,253.4329
PT,2005-02-28,260.8454
PT,2005-03-31,250.1045
PT,2005-04-30,271.216
PT,2005-05-31,226.0926
PT,2005-06-30,287.9213
PT,2005-07-31,269.5994
PT,2005-08-31,277.2071
PT,2005-09-30,279.8143
PT,2005-10-31,266.7465
PT,2005-11-30,289.3953
PT,2005-12-31,253.1952
PT,2006-01-31,271.9768
PT,2006-02-28,256.8971
PT,2006-03-31,280.2977
PT,2006-04-30,279.0773
PT,2006-05-31,265.7955
PT,2006-06-30,277.3577
PT,2006-07-31,247.2516
PT,2006-08-31,274.3542
PT,2006-09-30,280.797
PT,2006-10-31,257.95
PT,2006-11-30,261.1437
PT,2006-12-31,256.999
PT,2007-01-31,270.7881
PT,2007-02-28,243.21
PT,2007-03-31,232.9871
PT,2007-04-30,279.0773
PT,2007-05-31,283.1506
PT,2007-06-30,272.4443
PT,2007-07-31,270.0748
PT,2007-08-31,250.1045
PT,2007-09-30,272.4443
PT,2007-10-31,180.2084
PT,2007-11-30,163.1227
PT,2007-12-31,276.7316
PT,2008-01-31,267.2219
PT,2008-02-29,260.4914
PT,2008-03-31,244.6365
PT,2008-04-30,279.0773
PT,2008-05-31,276.7316
PT,2008-06-30,265.0743
PT,2008-07-31,266.0332
PT,2008-08-31,248.2026
PT,2008-09-30,136.8363
PT,2008-10-31,140.7432
PT,2008-11-30,263.3547
PT,2008-12-31,267.2219
PT,2009-01-31,188.6884
PT,2009-02-28,69.1114
PT,2009-03-31,172.8461
PT,2009-04-30,229.1847
PT,2009-05-31,224.8655
PT,2009-06-30,237.7363
PT,2009-07-31,221.5552
PT,2009-08-31,227.23
PT,2009-09-30,251.9077
PT,2009-10-31,252.5303
PT,2009-11-30,202.0637
PT,2009-12-31,219.6635
PT,2010-01-31,225.5748
PT,2010-02-28,245.555
PT,2010-03-31,250.6387
PT,2010-04-30,192.2903
PT,2010-05-31,240.9442
PT,2010-06-30,263.147
PT,2010-07-31,248.5106
PT,2010-08-31,245.6732
PT,2010-09-30,237.492
PT,2010-10-31,170.7181
PT,2010-11-30,190.8243
PT,2010-12-31,212.3335
PT,2011-01-31,113.0239
PT,2011-02-28,109.1646
PT,2011-03-31,216.5897
PT,2011-04-30,241.89
PT,2011-05-31,211.8606
PT,2011-06-30,222.5877
PT,2011-07-31,226.9935
PT,2011-08-31,238.1068
PT,2011-09-30,207.9277
PT,2011-10-31,219.4271
PT,2011-11-30,232.1167
PT,2011-12-31,230.3039
PT,2012-01-31,224.8655
PT,2012-02-29,256.55
PT,2012-03-31,186.0874
PT,2012-04-30,238.7137
PT,2012-05-31,232.9048
PT,2012-06-30,243.1117
PT,2012-07-31,244.7274
PT,2012-08-31,239.5255
PT,2012-09-30,199.376
PT,2012-10-31,155.3487
PT,2012-11-30,224.0537
PT,2012-12-31,232.4319
PT,2013-01-31,210.2055
PT,2013-02-28,245.0314
PT,2013-03-31,253.4761
PT,2013-04-30,262.414
PT,2013-05-31,215.4074
PT,2013-06-30,258.749
PT,2013-07-31,235.9787
PT,2013-08-31,250.1658
PT,2013-09-30,242.623
PT,2013-10-31,227.7029
PT,2013-11-30,245.3107
PT,2013-12-31,225.3384
PT,2014-01-31,192.9445
PT,2014-02-28,214.6643
PT,2014-03-31,147.5458
PT,2014-04-30,93.5797
PT,2014-05-31,243.0723
PT,2014-06-30,233.5827
PT,2014-07-31,250.8752
PT,2014-08-31,245.6732
PT,2014-09-30,189.6027
PT,2014-10-31,260.8061
PT,2014-11-30,263.88
PT,2014-12-31,263.4071
PT,2015-01-31,256.3135
PT,2015-02-28,221.2089
PT,2015-03-31,288.471
PT,2015-04-30,300.0413
PT,2015-05-31,281.3774
PT,2015-06-30,281.2277
PT,2015-07-31,287.2887
PT,2015-08-31,294.1458
PT,2015-09-30,328.1397
PT,2015-10-31,253.949
PT,2015-11-30,280.9833
PT,2015-12-31,290.599
PT,2016-01-31,250.8752
PT,2016-02-29,250.4838
PT,2016-03-31,274.7568
PT,2016-04-30,238.225
PT,2016-05-31,231.4861
PT,2016-06-30,289.535
PT,2016-07-31,284.4513
PT,2016-08-31,281.141
PT,2016-09-30,298.0867
PT,2016-10-31,283.0326
PT,2016-11-30,298.8197
PT,2016-12-31,296.0374
PT,2017-01-31,283.7419
PT,2017-02-28,256.2882
PT,2017-03-31,218.2448
PT,2017-04-30,297.8423
PT,2017-05-31,288.9439
PT,2017-06-30,291.001
PT,2017-07-31,301.9487
PT,2017-08-31,304.3132
PT,2017-09-30,301.263
PT,2017-10-31,291.5448
PT,2017-11-30,278.2957
PT,2017-12-31,291.7813
PT,2018-01-31,287.9981
PT,2018-02-28,247.6493
PT,2018-03-31,235.2694
PT,2018-04-30,290.7567
PT,2018-05-31,288.471
PT,2018-06-30,289.535
PT,2018-07-31,290.599
PT,2018-08-31,273.5745
PT,2018-09-30,263.6357
PT,2018-10-31,152.0384
PT,2018-11-30,115.081
PT,2018-12-31,271.9194
PT,2019-01-31,222.2645
PT,2019-02-28,204.1929
PT,2019-03-31,217.299
PT,2019-04-30,242.623
PT,2019-05-31,265.2987
PT,2019-06-30,254.5953
PT,2019-07-31,276.6484
PT,2019-08-31,128.8661
PT,2019-09-30,94.3127
PT,2019-10-31,218.2448
PT,2019-11-30,287.5803
PT,2019-12-31,279.7223
PT,2020-01-31,277.3577
PT,2020-02-29,284.1007
PT,2020-03-31,271.21
PT,2020-04-30,214.769
PT,2020-05-31,40.6697
PT,2020-06-30,121.678
PT,2020-07-31,187.5061
PT,2020-08-31,258.9145
PT,2020-09-30,246.288
PT,2020-10-31,237.6339
PT,2020-11-30,221.8547
PT,2020-12-31,217.299
PT,2021-01-31,256.3135
PT,2021-02-28,222.7796
PT,2021-03-31,203.5848
PT,2021-04-30,237.0033
PT,2021-05-31,205.0035
PT,2021-06-30,200.3533
PT,2021-07-31,213.0429
PT,2021-08-31,209.969
PT,2021-09-30,207.9277
PT,2021-10-31,61.9503
PT,2021-11-30,119.2347
PT,2021-12-31,155.3487
PT,2022-01-31,196.9642
PT,2022-02-28,200.0043
PT,2022-03-31,192.4716
PT,2022-04-30,210.8597
PT,2022-05-31,218.9542
PT,2022-06-30,214.036
PT,2022-07-31,221.7916
PT,2022-08-31,207.841
PT,2022-09-30,206.706
PT,2022-10-31,140.9252
PT,2022-11-30,223.8093
PT,2022-12-31,211.1513
PT,2023-01-31,206.4223
PT,2023-02-28,190.0564
PT,2023-03-31,201.9297
PT,2023-04-30,207.9277
PT,2023-05-31,205.4765
PT,2023-06-30,192.046
PT,2023-07-31,216.8261
PT,2023-08-31,201.6932
PT,2023-09-30,196.6883
PT,2023-10-31,105.4574
PT,2023-11-30,91.1363
PT,2023-12-31,207.3681
PT,2024-01-31,209.4961
PT,2024-02-29,184.7666
PT,2024-03-31,192.2352
PT,2024-04-30,255.084
PT,2024-05-31,216.3532
PT,2024-06-30,209.1493
PT,2024-07-31,212.57
PT,2024-08-31,202.639
PT,2024-09-30,203.2853
PT,2024-10-31,220.6094
PT,2024-11-30,215.502
PT,2024-12-31,212.0971
PT,2025-01-31,201.6932
PT,2025-02-28,210.4757
PT,2025-03-31,219.9
PY,2002-01-31,2.2258
PY,2002-02-28,1.6786
PY,2002-03-31,2.2581
PY,2002-04-30,0.7667
PY,2002-05-31,1.5161
PY,2002-06-30,2.3333
PY,2002-07-31,3.0323
PY,2002-08-31,2.2581
PY,2002-09-30,2.4
PY,2002-10-31,2.2258
PY,2002-11-30,1.4667
PY,2002-12-31,1.7097
PY,2003-01-31,0.0
PY,2003-02-28,2.0357
PY,2003-03-31,1.1613
PY,2003-04-30,2.0
PY,2003-05-31,0.7742
PY,2003-06-30,2.3667
PY,2003-07-31,0.0
PY,2003-08-31,0.0
PY,2003-09-30,0.0
PY,2003-10-31,0.0
PY,2003-11-30,0.0
PY,2003-12-31,0.0
PY,2004-01-31,0.0
PY,2004-02-29,0.0
PY,2004-03-31,0.0
PY,2004-04-30,0.0
PY,2004-05-31,0.0
PY,2004-06-30,0.0
PY,2004-07-31,0.0
PY,2004-08-31,0.0
PY,2004-09-30,0.0
PY,2004-10-31,0.0
PY,2004-11-30,0.0
PY,2004-12-31,0.0
PY,2005-01-31,0.3226
PY,2005-02-28,0.2143
PY,2005-03-31,1.0323
PY,2005-04-30,0.0
PY,2005-05-31,2.0968
PY,2005-06-30,1.0333
PY,2005-07-31,1.3226
PY,2005-08-31,0.9032
PY,2005-09-30,0.9
PY,2005-10-31,0.0
PY,2005-11-30,0.0
PY,2005-12-31,0.0
PY,2006-01-31,0.0
PY,2006-02-28,0.0
PY,2006-03-31,0.0
PY,2006-04-30,0.0
PY,2006-05-31,0.0
PY,2006-06-30,0.0
PY,2006-07-31,0.0
PY,2006-08-31,0.0
PY,2006-09-30,0.0
PY,2006-10-31,0.0
PY,2006-11-30,0.0
PY,2006-12-31,0.0
PY,2007-01-31,0.0
PY,2007-02-28,0.0
PY,2007-03-31,0.0
PY,2007-04-30,0.0
PY,2007-05-31,0.0
PY,2007-06-30,0.0
PY,2007-07-31,0.0
PY,2007-08-31,0.0
PY,2007-09-30,0.0
PY,2007-10-31,0.0
PY,2007-11-30,0.0
PY,2007-12-31,0.0
PY,2008-01-31,0.0
PY,2008-02-29,0.0
PY,2008-03-31,0.0
PY,2008-04-30,0.0
PY,2008-05-31,0.0
PY,2008-06-30,0.0
PY,2008-07-31,0.0
PY,2008-08-31,0.0
PY,2008-09-30,0.0
PY,2008-10-31,0.0
PY,2008-11-30,0.0
PY,2008-12-31,0.0
PY,2009-01-31,0.0
PY,2009-02-28,0.0
PY,2009-03-31,0.0
PY,2009-04-30,0.0
PY,2009-05-31,0.0
PY,2009-06-30,0.0
PY,2009-07-31,0.0
PY,2009-08-31,0.0
PY,2009-09-30,0.0
PY,2009-10-31,0.0
PY,2009-11-30,0.0
PY,2009-12-31,0.0
PY,2010-01-31,0.0
PY,2010-02-28,0.0
PY,2010-03-31,0.0
PY,2010-04-30,0.0
PY,2010-05-31,0.0
PY,2010-06-30,0.0
PY,2010-07-31,0.0
PY,2010-08-31,0.0
PY,2010-09-30,0.0
PY,2010-10-31,0.0
PY,2010-11-30,0.0
PY,2010-12-31,0.0
PY,2011-01-31,0.0
PY,2011-02-28,0.0
PY,2011-03-31,0.0
PY,2011-04-30,0.0
PY,2011-05-31,0.0
PY,2011-06-30,0.0
PY,2011-07-31,0.0
PY,2011-08-31,0.0
PY,2011-09-30,0.0
PY,2011-10-31,0.0
PY,2011-11-30,0.0
PY,2011-12-31,0.0
PY,2012-01-31,0.0
PY,2012-02-29,0.0
PY,2012-03-31,0.0
PY,2012-04-30,0.0
PY,2012-05-31,0.0
PY,2012-06-30,0.0
PY,2012-07-31,0.0
PY,2012-08-31,0.0
PY,2012-09-30,0.0
PY,2012-10-31,0.0
PY,2012-11-30,0.0
PY,2012-12-31,0.0
PY,2013-01-31,0.0
PY,2013-02-28,0.0
PY,2013-03-31,0.0
PY,2013-04-30,0.0
PY,2013-05-31,0.0
PY,2013-06-30,0.0
PY,2013-07-31,0.0
PY,2013-08-31,0.0
PY,2013-09-30,0.0
PY,2013-10-31,0.0
PY,2013-11-30,0.0
PY,2013-12-31,0.0
PY,2014-01-31,0.0
PY,2014-02-28,0.0
PY,2014-03-31,0.0
PY,2014-04-30,0.0
PY,2014-05-31,0.0
PY,2014-06-30,0.0
PY,2014-07-31,0.0
PY,2014-08-31,0.0
PY,2014-09-30,0.0
PY,2014-10-31,0.0
PY,2014-11-30,0.0
PY,2014-12-31,0.0
PY,2015-01-31,0.0
PY,2015-02-28,0.0
PY,2015-03-31,0.0
PY,2015-04-30,0.0
PY,2015-05-31,0.0
PY,2015-06-30,0.0
PY,2015-07-31,0.0
PY,2015-08-31,0.0
PY,2015-09-30,0.0
PY,2015-10-31,0.0
PY,2015-11-30,0.0
PY,2015-12-31,0.0
PY,2016-01-31,0.0
PY,2016-02-29,0.0
PY,2016-03-31,0.0
PY,2016-04-30,0.0
PY,2016-05-31,0.0
PY,2016-06-30,0.0
PY,2016-07-31,0.0
PY,2016-08-31,
PY,2016-09-30,
PY,2016-10-31,
PY,2016-11-30,
PY,2016-12-31,
PY,2017-01-31,
PY,2017-02-28,
PY,2017-03-31,
PY,2017-04-30,
PY,2017-05-31,
PY,2017-06-30,
PY,2017-07-31,
PY,2017-08-31,
PY,2017-09-30,
PY,2017-10-31,
PY,2017-11-30,
PY,2017-12-31,
PY,2018-01-31,
PY,2018-02-28,
PY,2018-03-31,
PY,2018-04-30,
PY,2018-05-31,
PY,2018-06-30,
PY,2018-07-31,
PY,2018-08-31,
PY,2018-09-30,
PY,2018-10-31,
PY,2018-11-30,
PY,2018-12-31,
PY,2019-01-31,
PY,2019-02-28,
PY,2019-03-31,
PY,2019-04-30,
PY,2019-05-31,
PY,2019-06-30,
PY,2019-07-31,
PY,2019-08-31,
PY,2019-09-30,
PY,2019-10-31,
PY,2019-11-30,
PY,2019-12-31,
PY,2020-01-31,
PY,2020-02-29,
PY,2020-03-31,
PY,2020-04-30,
PY,2020-05-31,
PY,2020-06-30,
PY,2020-07-31,
PY,2020-08-31,
PY,2020-09-30,
PY,2020-10-31,
PY,2020-11-30,
PY,2020-12-31,
PY,2021-01-31,
PY,2021-02-28,
PY,2021-03-31,
PY,2021-04-30,
PY,2021-05-31,
PY,2021-06-30,
PY,2021-07-31,
PY,2021-08-31,
PY,2021-09-30,
PY,2021-10-31,
PY,2021-11-30,
PY,2021-12-31,
PY,2022-01-31,
PY,2022-02-28,
PY,2022-03-31,
PY,2022-04-30,
PY,2022-05-31,
PY,2022-06-30,
PY,2022-07-31,
PY,2022-08-31,
PY,2022-09-30,
PY,2022-10-31,
PY,2022-11-30,
PY,2022-12-31,
PY,2023-01-31,
PY,2023-02-28,
PY,2023-03-31,
PY,2023-04-30,
PY,2023-05-31,
PY,2023-06-30,
PY,2023-07-31,
PY,2023-08-31,
PY,2023-09-30,
PY,2023-10-31,
PY,2023-11-30,
PY,2023-12-31,
PY,2024-01-31,
PY,2024-02-29,
PY,2024-03-31,
PY,2024-04-30,
PY,2024-05-31,
PY,2024-06-30,
PY,2024-07-31,
PY,2024-08-31,
PY,2024-09-30,
PY,2024-10-31,
PY,2024-11-30,
PY,2024-12-31,
PY,2025-01-31,
QA,2002-01-31,86.0
QA,2002-02-28,111.0
QA,2002-03-31,110.0
QA,2002-04-30,129.0
QA,2002-05-31,101.0
QA,2002-06-30,126.0
QA,2002-07-31,117.0
QA,2002-08-31,126.0
QA,2002-09-30,121.0
QA,2002-10-31,131.0
QA,2002-11-30,131.0
QA,2002-12-31,121.0
QA,2003-01-31,112.0
QA,2003-02-28,116.0
QA,2003-03-31,127.0
QA,2003-04-30,133.0
QA,2003-05-31,122.0
QA,2003-06-30,121.0
QA,2003-07-31,132.0
QA,2003-08-31,119.0
QA,2003-09-30,135.0
QA,2003-10-31,133.0
QA,2003-11-30,134.0
QA,2003-12-31,136.0
QA,2004-01-31,127.0
QA,2004-02-29,131.0
QA,2004-03-31,117.0
QA,2004-04-30,123.0
QA,2004-05-31,96.0
QA,2004-06-30,102.0
QA,2004-07-31,131.0
QA,2004-08-31,135.0
QA,2004-09-30,102.0
QA,2004-10-31,125.0
QA,2004-11-30,124.0
QA,2004-12-31,135.0
QA,2005-01-31,130.0
QA,2005-02-28,123.0
QA,2005-03-31,130.0
QA,2005-04-30,57.0
QA,2005-05-31,44.0
QA,2005-06-30,117.0
QA,2005-07-31,124.0
QA,2005-08-31,136.0
QA,2005-09-30,136.0
QA,2005-10-31,136.0
QA,2005-11-30,121.0
QA,2005-12-31,121.0
QA,2006-01-31,128.0
QA,2006-02-28,114.0
QA,2006-03-31,132.0
QA,2006-04-30,135.0
QA,2006-05-31,135.0
QA,2006-06-30,139.0
QA,2006-07-31,132.0
QA,2006-08-31,116.0
QA,2006-09-30,131.0
QA,2006-10-31,128.0
QA,2006-11-30,136.0
QA,2006-12-31,134.0
QA,2007-01-31,148.0
QA,2007-02-28,164.0
QA,2007-03-31,149.0
QA,2007-04-30,159.0
QA,2007-05-31,157.0
QA,2007-06-30,157.0
QA,2007-07-31,129.0
QA,2007-08-31,151.0
QA,2007-09-30,151.0
QA,2007-10-31,137.0
QA,2007-11-30,146.0
QA,2007-12-31,147.0
QA,2008-01-31,139.0
QA,2008-02-29,134.0
QA,2008-03-31,135.0
QA,2008-04-30,135.0
QA,2008-05-31,145.0
QA,2008-06-30,149.0
QA,2008-07-31,144.0
QA,2008-08-31,152.0
QA,2008-09-30,147.0
QA,2008-10-31,156.0
QA,2008-11-30,147.0
QA,2008-12-31,152.0
QA,2009-01-31,143.0
QA,2009-02-28,146.0
QA,2009-03-31,139.0
QA,2009-04-30,84.0
QA,2009-05-31,132.0
QA,2009-06-30,142.0
QA,2009-07-31,155.0
QA,2009-08-31,147.0
QA,2009-09-30,155.0
QA,2009-10-31,240.0
QA,2009-11-30,181.0
QA,2009-12-31,225.0
QA,2010-01-31,236.0
QA,2010-02-28,290.0
QA,2010-03-31,292.0
QA,2010-04-30,291.0
QA,2010-05-31,298.0
QA,2010-06-30,291.0
QA,2010-07-31,302.0
QA,2010-08-31,312.0
QA,2010-09-30,315.0
QA,2010-10-31,293.0
QA,2010-11-30,305.0
QA,2010-12-31,308.0
QA,2011-01-31,301.0
QA,2011-02-28,301.0
QA,2011-03-31,300.0
QA,2011-04-30,300.0
QA,2011-05-31,297.0
QA,2011-06-30,320.0
QA,2011-07-31,246.0
QA,2011-08-31,303.0
QA,2011-09-30,158.0
QA,2011-10-31,264.0
QA,2011-11-30,275.0
QA,2011-12-31,275.0
QA,2012-01-31,281.0
QA,2012-02-29,248.0
QA,2012-03-31,290.0
QA,2012-04-30,297.0
QA,2012-05-31,303.0
QA,2012-06-30,308.0
QA,2012-07-31,299.0
QA,2012-08-31,297.0
QA,2012-09-30,307.0
QA,2012-10-31,296.0
QA,2012-11-30,288.0
QA,2012-12-31,290.0
QA,2013-01-31,277.0
QA,2013-02-28,225.0
QA,2013-03-31,286.0
QA,2013-04-30,252.0
QA,2013-05-31,221.0
QA,2013-06-30,275.0
QA,2013-07-31,276.0
QA,2013-08-31,278.0
QA,2013-09-30,286.0
QA,2013-10-31,281.0
QA,2013-11-30,290.0
QA,2013-12-31,286.0
QA,2014-01-31,175.0
QA,2014-02-28,223.0
QA,2014-03-31,273.0
QA,2014-04-30,277.0
QA,2014-05-31,230.0
QA,2014-06-30,272.0
QA,2014-07-31,288.0
QA,2014-08-31,300.0
QA,2014-09-30,280.0
QA,2014-10-31,273.0
QA,2014-11-30,258.0
QA,2014-12-31,278.0
QA,2015-01-31,264.0
QA,2015-02-28,256.0
QA,2015-03-31,272.0
QA,2015-04-30,201.0
QA,2015-05-31,119.0
QA,2015-06-30,287.0
QA,2015-07-31,287.0
QA,2015-08-31,264.0
QA,2015-09-30,273.0
QA,2015-10-31,249.0
QA,2015-11-30,281.0
QA,2015-12-31,281.0
QA,2016-01-31,274.0
QA,2016-02-29,283.0
QA,2016-03-31,284.0
QA,2016-04-30,283.0
QA,2016-05-31,270.0
QA,2016-06-30,283.0
QA,2016-07-31,285.0
QA,2016-08-31,265.0
QA,2016-09-30,276.0
QA,2016-10-31,265.0
QA,2016-11-30,282.0
QA,2016-12-31,310.0
QA,2017-01-31,370.0
QA,2017-02-28,387.0
QA,2017-03-31,424.0
QA,2017-04-30,268.0
QA,2017-05-31,358.0
QA,2017-06-30,357.0
QA,2017-07-31,384.0
QA,2017-08-31,363.0
QA,2017-09-30,440.0
QA,2017-10-31,372.0
QA,2017-11-30,461.0
QA,2017-12-31,360.0
QA,2018-01-31,368.0
QA,2018-02-28,321.0
QA,2018-03-31,351.0
QA,2018-04-30,414.0
QA,2018-05-31,74.0
QA,2018-06-30,74.0
QA,2018-07-31,74.0
QA,2018-08-31,74.0
QA,2018-09-30,70.0
QA,2018-10-31,74.0
QA,2018-11-30,71.0
QA,2018-12-31,74.0
QA,2019-01-31,
QA,2019-02-28,
QA,2019-03-31,
QA,2019-04-30,
QA,2019-05-31,
QA,2019-06-30,
QA,2019-07-31,
QA,2019-08-31,
QA,2019-09-30,
QA,2019-10-31,
QA,2019-11-30,
QA,2019-12-31,
QA,2020-01-31,
QA,2020-02-29,
QA,2020-03-31,
QA,2020-04-30,
QA,2020-05-31,
QA,2020-06-30,
QA,2020-07-31,
QA,2020-08-31,
QA,2020-09-30,
QA,2020-10-31,
QA,2020-11-30,
QA,2020-12-31,
QA,2021-01-31,
QA,2021-02-28,
QA,2021-03-31,
QA,2021-04-30,
QA,2021-05-31,
QA,2021-06-30,
QA,2021-07-31,
QA,2021-08-31,
QA,2021-09-30,
QA,2021-10-31,
QA,2021-11-30,
QA,2021-12-31,
QA,2022-01-31,
QA,2022-02-28,
QA,2022-03-31,
QA,2022-04-30,
QA,2022-05-31,
QA,2022-06-30,
QA,2022-07-31,
QA,2022-08-31,
QA,2022-09-30,
QA,2022-10-31,
QA,2022-11-30,
QA,2022-12-31,
QA,2023-01-31,
QA,2023-02-28,
QA,2023-03-31,
QA,2023-04-30,
QA,2023-05-31,
QA,2023-06-30,
QA,2023-07-31,
QA,2023-08-31,
QA,2023-09-30,
QA,2023-10-31,
QA,2023-11-30,
QA,2023-12-31,
QA,2024-01-31,
QA,2024-02-29,
QA,2024-03-31,
QA,2024-04-30,
QA,2024-05-31,
QA,2024-06-30,
QA,2024-07-31,
QA,2024-08-31,
QA,2024-09-30,
QA,2024-10-31,
QA,2024-11-30,
QA,2024-12-31,
QA,2025-01-31,
QA,2025-02-28,
QA,2025-03-31,
RO,2002-01-31,
RO,2002-02-28,
RO,2002-03-31,
RO,2002-04-30,
RO,2002-05-31,
RO,2002-06-30,
RO,2002-07-31,
RO,2002-08-31,
RO,2002-09-30,
RO,2002-10-31,
RO,2002-11-30,
RO,2002-12-31,
RO,2003-01-31,251.7806
RO,2003-02-28,288.4064
RO,2003-03-31,260.4961
RO,2003-04-30,218.1453
RO,2003-05-31,201.4245
RO,2003-06-30,236.6577
RO,2003-07-31,208.6874
RO,2003-08-31,190.046
RO,2003-09-30,245.9138
RO,2003-10-31,166.0784
RO,2003-11-30,237.4082
RO,2003-12-31,239.9179
RO,2004-01-31,261.7066
RO,2004-02-29,232.655
RO,2004-03-31,249.8439
RO,2004-04-30,221.3975
RO,2004-05-31,245.7282
RO,2004-06-30,243.9125
RO,2004-07-31,269.4537
RO,2004-08-31,260.0119
RO,2004-09-30,269.4295
RO,2004-10-31,227.0868
RO,2004-11-30,240.4102
RO,2004-12-31,290.0319
RO,2005-01-31,243.7915
RO,2005-02-28,317.8904
RO,2005-03-31,299.9579
RO,2005-04-30,280.687
RO,2005-05-31,251.0544
RO,2005-06-30,320.7137
RO,2005-07-31,287.1268
RO,2005-08-31,319.8098
RO,2005-09-30,340.4768
RO,2005-10-31,218.8555
RO,2005-11-30,210.8905
RO,2005-12-31,335.5461
RO,2006-01-31,330.4621
RO,2006-02-28,335.0446
RO,2006-03-31,289.3056
RO,2006-04-30,266.1773
RO,2006-05-31,280.8323
RO,2006-06-30,275.1833
RO,2006-07-31,259.2856
RO,2006-08-31,267.2748
RO,2006-09-30,271.9312
RO,2006-10-31,277.685
RO,2006-11-30,214.1427
RO,2006-12-31,244.7598
RO,2007-01-31,266.7906
RO,2007-02-28,261.0668
RO,2007-03-31,269.6958
RO,2007-04-30,155.8538
RO,2007-05-31,195.3721
RO,2007-06-30,274.683
RO,2007-07-31,271.8747
RO,2007-08-31,296.8106
RO,2007-09-30,302.9518
RO,2007-10-31,303.5894
RO,2007-11-30,279.9365
RO,2007-12-31,279.8639
RO,2008-01-31,270.4221
RO,2008-02-29,258.2755
RO,2008-03-31,264.3697
RO,2008-04-30,275.6837
RO,2008-05-31,267.2748
RO,2008-06-30,268.9292
RO,2008-07-31,238.2232
RO,2008-08-31,288.5794
RO,2008-09-30,288.4422
RO,2008-10-31,280.3481
RO,2008-11-30,293.4455
RO,2008-12-31,214.0135
RO,2009-01-31,186.1724
RO,2009-02-28,247.397
RO,2009-03-31,245.244
RO,2009-04-30,250.667
RO,2009-05-31,243.3073
RO,2009-06-30,241.661
RO,2009-07-31,232.1708
RO,2009-08-31,247.9071
RO,2009-09-30,242.1613
RO,2009-10-31,201.9087
RO,2009-11-30,206.6377
RO,2009-12-31,236.2865
RO,2010-01-31,210.8663
RO,2010-02-28,184.1405
RO,2010-03-31,233.8655
RO,2010-04-30,209.3895
RO,2010-05-31,227.3289
RO,2010-06-30,205.1367
RO,2010-07-31,191.4985
RO,2010-08-31,201.6666
RO,2010-09-30,190.3768
RO,2010-10-31,139.9319
RO,2010-11-30,203.3855
RO,2010-12-31,211.5926
RO,2011-01-31,198.7615
RO,2011-02-28,181.7282
RO,2011-03-31,207.9611
RO,2011-04-30,214.8932
RO,2011-05-31,218.3713
RO,2011-06-30,219.146
RO,2011-07-31,218.8555
RO,2011-08-31,170.4361
RO,2011-09-30,199.8832
RO,2011-10-31,182.7831
RO,2011-11-30,178.619
RO,2011-12-31,194.1616
RO,2012-01-31,207.719
RO,2012-02-29,136.9016
RO,2012-03-31,198.2773
RO,2012-04-30,211.8912
RO,2012-05-31,155.184
RO,2012-06-30,138.5923
RO,2012-07-31,195.13
RO,2012-08-31,180.3621
RO,2012-09-30,216.6443
RO,2012-10-31,207.719
RO,2012-11-30,210.3902
RO,2012-12-31,199.0035
RO,2013-01-31,195.13
RO,2013-02-28,173.6871
RO,2013-03-31,82.555
RO,2013-04-30,167.6117
RO,2013-05-31,208.6874
RO,2013-06-30,220.1467
RO,2013-07-31,214.4977
RO,2013-08-31,194.8879
RO,2013-09-30,221.1473
RO,2013-10-31,206.2665
RO,2013-11-30,225.9005
RO,2013-12-31,216.1924
RO,2014-01-31,215.224
RO,2014-02-28,219.2532
RO,2014-03-31,205.7823
RO,2014-04-30,201.6343
RO,2014-05-31,211.3505
RO,2014-06-30,151.1007
RO,2014-07-31,230.9603
RO,2014-08-31,234.5918
RO,2014-09-30,241.9112
RO,2014-10-31,225.6342
RO,2014-11-30,227.6517
RO,2014-12-31,223.9395
RO,2015-01-31,219.0976
RO,2015-02-28,228.9025
RO,2015-03-31,220.066
RO,2015-04-30,178.1187
RO,2015-05-31,221.2765
RO,2015-06-30,226.1507
RO,2015-07-31,245.9703
RO,2015-08-31,247.4229
RO,2015-09-30,225.4002
RO,2015-10-31,182.0568
RO,2015-11-30,160.3568
RO,2015-12-31,198.5194
RO,2016-01-31,234.5918
RO,2016-02-29,238.3484
RO,2016-03-31,242.0968
RO,2016-04-30,255.6703
RO,2016-05-31,226.6026
RO,2016-06-30,197.8818
RO,2016-07-31,251.7806
RO,2016-08-31,220.3081
RO,2016-09-30,190.1267
RO,2016-10-31,247.1808
RO,2016-11-30,252.9185
RO,2016-12-31,248.6334
RO,2017-01-31,209.8979
RO,2017-02-28,209.6039
RO,2017-03-31,191.9827
RO,2017-04-30,242.6617
RO,2017-05-31,153.0052
RO,2017-06-30,245.6637
RO,2017-07-31,242.8231
RO,2017-08-31,251.5385
RO,2017-09-30,253.1687
RO,2017-10-31,257.3489
RO,2017-11-30,256.1707
RO,2017-12-31,256.8647
RO,2018-01-31,251.2965
RO,2018-02-28,255.9741
RO,2018-03-31,255.4121
RO,2018-04-30,188.8758
RO,2018-05-31,182.541
RO,2018-06-30,260.6737
RO,2018-07-31,248.3913
RO,2018-08-31,261.4645
RO,2018-09-30,263.6757
RO,2018-10-31,238.7074
RO,2018-11-30,184.3728
RO,2018-12-31,255.6542
RO,2019-01-31,252.0227
RO,2019-02-28,251.9536
RO,2019-03-31,210.3821
RO,2019-04-30,239.9098
RO,2019-05-31,259.0435
RO,2019-06-30,258.4222
RO,2019-07-31,251.0544
RO,2019-08-31,252.5069
RO,2019-09-30,259.673
RO,2019-10-31,262.9171
RO,2019-11-30,246.9145
RO,2019-12-31,252.9911
RO,2020-01-31,249.3597
RO,2020-02-29,232.9138
RO,2020-03-31,189.3197
RO,2020-04-30,129.3362
RO,2020-05-31,201.9087
RO,2020-06-30,222.3982
RO,2020-07-31,180.3621
RO,2020-08-31,220.066
RO,2020-09-30,230.1533
RO,2020-10-31,227.0868
RO,2020-11-30,223.3988
RO,2020-12-31,227.571
RO,2021-01-31,219.5818
RO,2021-02-28,234.2632
RO,2021-03-31,232.1708
RO,2021-04-30,233.4055
RO,2021-05-31,234.1076
RO,2021-06-30,248.4155
RO,2021-07-31,148.8895
RO,2021-08-31,147.679
RO,2021-09-30,161.1073
RO,2021-10-31,203.6034
RO,2021-11-30,177.6183
RO,2021-12-31,226.6026
RO,2022-01-31,230.9603
RO,2022-02-28,224.6139
RO,2022-03-31,164.1416
RO,2022-04-30,184.623
RO,2022-05-31,260.4961
RO,2022-06-30,264.9265
RO,2022-07-31,264.1276
RO,2022-08-31,257.591
RO,2022-09-30,265.677
RO,2022-10-31,259.2856
RO,2022-11-30,250.4168
RO,2022-12-31,253.4753
RO,2023-01-31,225.3921
RO,2023-02-28,244.9846
RO,2023-03-31,253.7174
RO,2023-04-30,216.144
RO,2023-05-31,167.0468
RO,2023-06-30,186.8745
RO,2023-07-31,202.3929
RO,2023-08-31,221.2765
RO,2023-09-30,221.6477
RO,2023-10-31,224.4237
RO,2023-11-30,163.8592
RO,2023-12-31,211.1084
RO,2024-01-31,212.8031
RO,2024-02-29,224.1148
RO,2024-03-31,164.6258
RO,2024-04-30,143.3455
RO,2024-05-31,181.5726
RO,2024-06-30,250.1667
RO,2024-07-31,260.0119
RO,2024-08-31,246.4545
RO,2024-09-30,256.1707
RO,2024-10-31,260.254
RO,2024-11-30,251.1673
RO,2024-12-31,252.0227
RO,2025-01-31,244.7598
RO,2025-02-28,
RO,2025-03-31,
RS,2002-01-31,
RS,2002-02-28,
RS,2002-03-31,
RS,2002-04-30,
RS,2002-05-31,
RS,2002-06-30,
RS,2002-07-31,
RS,2002-08-31,
RS,2002-09-30,
RS,2002-10-31,
RS,2002-11-30,
RS,2002-12-31,
RS,2003-01-31,
RS,2003-02-28,
RS,2003-03-31,
RS,2003-04-30,
RS,2003-05-31,
RS,2003-06-30,
RS,2003-07-31,
RS,2003-08-31,
RS,2003-09-30,
RS,2003-10-31,
RS,2003-11-30,
RS,2003-12-31,
RS,2004-01-31,
RS,2004-02-29,
RS,2004-03-31,
RS,2004-04-30,
RS,2004-05-31,
RS,2004-06-30,
RS,2004-07-31,
RS,2004-08-31,
RS,2004-09-30,
RS,2004-10-31,
RS,2004-11-30,
RS,2004-12-31,
RS,2005-01-31,
RS,2005-02-28,
RS,2005-03-31,
RS,2005-04-30,
RS,2005-05-31,
RS,2005-06-30,
RS,2005-07-31,
RS,2005-08-31,
RS,2005-09-30,
RS,2005-10-31,
RS,2005-11-30,
RS,2005-12-31,
RS,2006-01-31,
RS,2006-02-28,
RS,2006-03-31,
RS,2006-04-30,
RS,2006-05-31,
RS,2006-06-30,
RS,2006-07-31,
RS,2006-08-31,
RS,2006-09-30,
RS,2006-10-31,
RS,2006-11-30,
RS,2006-12-31,
RS,2007-01-31,
RS,2007-02-28,
RS,2007-03-31,
RS,2007-04-30,
RS,2007-05-31,
RS,2007-06-30,
RS,2007-07-31,
RS,2007-08-31,
RS,2007-09-30,
RS,2007-10-31,
RS,2007-11-30,
RS,2007-12-31,
RS,2008-01-31,
RS,2008-02-29,
RS,2008-03-31,
RS,2008-04-30,
RS,2008-05-31,
RS,2008-06-30,
RS,2008-07-31,
RS,2008-08-31,
RS,2008-09-30,
RS,2008-10-31,
RS,2008-11-30,
RS,2008-12-31,
RS,2009-01-31,
RS,2009-02-28,
RS,2009-03-31,
RS,2009-04-30,
RS,2009-05-31,
RS,2009-06-30,
RS,2009-07-31,
RS,2009-08-31,
RS,2009-09-30,
RS,2009-10-31,
RS,2009-11-30,
RS,2009-12-31,
RS,2010-01-31,
RS,2010-02-28,
RS,2010-03-31,
RS,2010-04-30,
RS,2010-05-31,
RS,2010-06-30,
RS,2010-07-31,
RS,2010-08-31,
RS,2010-09-30,
RS,2010-10-31,
RS,2010-11-30,
RS,2010-12-31,
RS,2011-01-31,
RS,2011-02-28,
RS,2011-03-31,
RS,2011-04-30,
RS,2011-05-31,
RS,2011-06-30,
RS,2011-07-31,
RS,2011-08-31,
RS,2011-09-30,
RS,2011-10-31,
RS,2011-11-30,
RS,2011-12-31,
RS,2012-01-31,
RS,2012-02-29,
RS,2012-03-31,
RS,2012-04-30,
RS,2012-05-31,
RS,2012-06-30,
RS,2012-07-31,
RS,2012-08-31,
RS,2012-09-30,
RS,2012-10-31,
RS,2012-11-30,
RS,2012-12-31,
RS,2013-01-31,
RS,2013-02-28,
RS,2013-03-31,
RS,2013-04-30,
RS,2013-05-31,
RS,2013-06-30,
RS,2013-07-31,
RS,2013-08-31,
RS,2013-09-30,
RS,2013-10-31,
RS,2013-11-30,
RS,2013-12-31,
RS,2014-01-31,
RS,2014-02-28,
RS,2014-03-31,
RS,2014-04-30,
RS,2014-05-31,
RS,2014-06-30,
RS,2014-07-31,
RS,2014-08-31,
RS,2014-09-30,
RS,2014-10-31,
RS,2014-11-30,
RS,2014-12-31,
RS,2015-01-31,
RS,2015-02-28,
RS,2015-03-31,
RS,2015-04-30,
RS,2015-05-31,
RS,2015-06-30,
RS,2015-07-31,
RS,2015-08-31,
RS,2015-09-30,
RS,2015-10-31,
RS,2015-11-30,
RS,2015-12-31,
RS,2016-01-31,
RS,2016-02-29,
RS,2016-03-31,
RS,2016-04-30,
RS,2016-05-31,
RS,2016-06-30,
RS,2016-07-31,
RS,2016-08-31,
RS,2016-09-30,
RS,2016-10-31,
RS,2016-11-30,
RS,2016-12-31,
RS,2017-01-31,
RS,2017-02-28,
RS,2017-03-31,
RS,2017-04-30,
RS,2017-05-31,
RS,2017-06-30,
RS,2017-07-31,
RS,2017-08-31,
RS,2017-09-30,
RS,2017-10-31,
RS,2017-11-30,
RS,2017-12-31,
RS,2018-01-31,
RS,2018-02-28,
RS,2018-03-31,
RS,2018-04-30,
RS,2018-05-31,
RS,2018-06-30,
RS,2018-07-31,
RS,2018-08-31,
RS,2018-09-30,
RS,2018-10-31,
RS,2018-11-30,
RS,2018-12-31,
RS,2019-01-31,
RS,2019-02-28,
RS,2019-03-31,
RS,2019-04-30,
RS,2019-05-31,
RS,2019-06-30,
RS,2019-07-31,
RS,2019-08-31,
RS,2019-09-30,
RS,2019-10-31,
RS,2019-11-30,
RS,2019-12-31,
RS,2020-01-31,
RS,2020-02-29,
RS,2020-03-31,
RS,2020-04-30,
RS,2020-05-31,
RS,2020-06-30,
RS,2020-07-31,
RS,2020-08-31,
RS,2020-09-30,
RS,2020-10-31,
RS,2020-11-30,
RS,2020-12-31,
RS,2021-01-31,
RS,2021-02-28,
RS,2021-03-31,
RS,2021-04-30,
RS,2021-05-31,
RS,2021-06-30,
RS,2021-07-31,
RS,2021-08-31,
RS,2021-09-30,
RS,2021-10-31,
RS,2021-11-30,
RS,2021-12-31,
RS,2022-01-31,
RS,2022-02-28,
RS,2022-03-31,
RS,2022-04-30,
RS,2022-05-31,
RS,2022-06-30,
RS,2022-07-31,
RS,2022-08-31,
RS,2022-09-30,
RS,2022-10-31,
RS,2022-11-30,
RS,2022-12-31,
RS,2023-01-31,
RS,2023-02-28,
RS,2023-03-31,
RS,2023-04-30,
RS,2023-05-31,
RS,2023-06-30,
RS,2023-07-31,
RS,2023-08-31,
RS,2023-09-30,
RS,2023-10-31,
RS,2023-11-30,
RS,2023-12-31,
RS,2024-01-31,66.2065
RS,2024-02-29,84.4214
RS,2024-03-31,0.2365
RS,2024-04-30,12.9497
RS,2024-05-31,77.0832
RS,2024-06-30,86.0053
RS,2024-07-31,86.7777
RS,2024-08-31,83.7039
RS,2024-09-30,87.96
RS,2024-10-31,85.5955
RS,2024-11-30,84.295
RS,2024-12-31,75.901
RS,2025-01-31,73.5365
RS,2025-02-28,75.1325
RS,2025-03-31,
RU,2002-01-31,3607.3032
RU,2002-02-28,3783.0857
RU,2002-03-31,3678.5
RU,2002-04-30,3604.44
RU,2002-05-31,3536.1065
RU,2002-06-30,3752.07
RU,2002-07-31,3678.5
RU,2002-08-31,3796.6452
RU,2002-09-30,3825.64
RU,2002-10-31,3725.9645
RU,2002-11-30,3850.1633
RU,2002-12-31,3820.3742
RU,2003-01-31,3654.7677
RU,2003-02-28,3993.8
RU,2003-03-31,3891.5613
RU,2003-04-30,3752.07
RU,2003-05-31,3796.6452
RU,2003-06-30,3727.5467
RU,2003-07-31,3725.9645
RU,2003-08-31,3891.5613
RU,2003-09-30,3874.6867
RU,2003-10-31,3796.6452
RU,2003-11-30,3923.2
RU,2003-12-31,3820.3742
RU,2004-01-31,3725.9645
RU,2004-02-29,3906.8207
RU,2004-03-31,3844.1032
RU,2004-04-30,3825.64
RU,2004-05-31,3749.6968
RU,2004-06-30,3825.64
RU,2004-07-31,3891.5613
RU,2004-08-31,4010.2065
RU,2004-09-30,4021.28
RU,2004-10-31,3891.5613
RU,2004-11-30,4119.36
RU,2004-12-31,4129.4129
RU,2005-01-31,4129.4129
RU,2005-02-28,4072.625
RU,2005-03-31,3891.5613
RU,2005-04-30,3947.72
RU,2005-05-31,4057.6645
RU,2005-06-30,4192.92
RU,2005-07-31,4295.5387
RU,2005-08-31,4248.0742
RU,2005-09-30,4291.5833
RU,2005-10-31,4271.8065
RU,2005-11-30,4414.2
RU,2005-12-31,4319.271
RU,2006-01-31,4319.271
RU,2006-02-28,4361.0571
RU,2006-03-31,4271.8065
RU,2006-04-30,4487.77
RU,2006-05-31,4200.6097
RU,2006-06-30,4242.5367
RU,2006-07-31,4461.0581
RU,2006-08-31,4508.5161
RU,2006-09-30,4438.7233
RU,2006-10-31,4508.5161
RU,2006-11-30,4683.32
RU,2006-12-31,4650.8903
RU,2007-01-31,4555.9742
RU,2007-02-28,4729.5
RU,2007-03-31,4508.5161
RU,2007-04-30,4414.2
RU,2007-05-31,4413.6
RU,2007-06-30,4585.24
RU,2007-07-31,4746.4516
RU,2007-08-31,4675.2548
RU,2007-09-30,4609.76
RU,2007-10-31,4389.871
RU,2007-11-30,4855.62
RU,2007-12-31,4793.9161
RU,2008-01-31,4722.7194
RU,2008-02-29,4870.1793
RU,2008-03-31,4841.3806
RU,2008-04-30,4438.7233
RU,2008-05-31,4413.6
RU,2008-06-30,4904.6667
RU,2008-07-31,4817.6484
RU,2008-08-31,4912.5774
RU,2008-09-30,4781.4
RU,2008-10-31,4770.1839
RU,2008-11-30,4929.19
RU,2008-12-31,4793.9161
RU,2009-01-31,4579.7032
RU,2009-02-28,4860.2143
RU,2009-03-31,4793.9161
RU,2009-04-30,4463.2467
RU,2009-05-31,4627.1613
RU,2009-06-30,4831.0967
RU,2009-07-31,4935.6387
RU,2009-08-31,4865.1129
RU,2009-09-30,4732.36
RU,2009-10-31,4532.2452
RU,2009-11-30,4953.7133
RU,2009-12-31,4603.4323
RU,2010-01-31,4959.3677
RU,2010-02-28,5044.1143
RU,2010-03-31,4959.3677
RU,2010-04-30,4805.92
RU,2010-05-31,4817.6484
RU,2010-06-30,5002.76
RU,2010-07-31,5101.7419
RU,2010-08-31,5220.3871
RU,2010-09-30,5149.2
RU,2010-10-31,5030.5548
RU,2010-11-30,5149.2
RU,2010-12-31,5149.2
RU,2011-01-31,5125.471
RU,2011-02-28,5149.2
RU,2011-03-31,5054.2839
RU,2011-04-30,5002.76
RU,2011-05-31,5172.929
RU,2011-06-30,5444.18
RU,2011-07-31,5363.4903
RU,2011-08-31,5339.7581
RU,2011-09-30,5027.2833
RU,2011-10-31,5149.2
RU,2011-11-30,5247.28
RU,2011-12-31,5220.3871
RU,2012-01-31,5363.4903
RU,2012-02-29,5402.8552
RU,2012-03-31,5363.4903
RU,2012-04-30,5124.68
RU,2012-05-31,5101.7419
RU,2012-06-30,5664.89
RU,2012-07-31,5623.7806
RU,2012-08-31,5623.7806
RU,2012-09-30,5296.32
RU,2012-10-31,5220.3871
RU,2012-11-30,5762.2
RU,2012-12-31,5671.2387
RU,2013-01-31,5410.9548
RU,2013-02-28,5674.6286
RU,2013-03-31,5458.4194
RU,2013-04-30,5027.2833
RU,2013-05-31,5505.8839
RU,2013-06-30,5737.68
RU,2013-07-31,5885.6
RU,2013-08-31,5909.3323
RU,2013-09-30,5493.2267
RU,2013-10-31,5387.2226
RU,2013-11-30,5786.72
RU,2013-12-31,5813.6129
RU,2014-01-31,5838.1355
RU,2014-02-28,5911.875
RU,2014-03-31,5838.1355
RU,2014-04-30,5566.7967
RU,2014-05-31,5885.6
RU,2014-06-30,6057.2633
RU,2014-07-31,5956.7968
RU,2014-08-31,6145.8194
RU,2014-09-30,5811.24
RU,2014-10-31,5838.1355
RU,2014-11-30,6106.31
RU,2014-12-31,6027.9935
RU,2015-01-31,5909.3323
RU,2015-02-28,6016.975
RU,2015-03-31,5718.6968
RU,2015-04-30,5615.8433
RU,2015-05-31,5789.8839
RU,2015-06-30,5786.72
RU,2015-07-31,5980.529
RU,2015-08-31,6004.2613
RU,2015-09-30,5566.7967
RU,2015-10-31,5292.2935
RU,2015-11-30,5835.76
RU,2015-12-31,5980.529
RU,2016-01-31,5671.2387
RU,2016-02-29,5631.9103
RU,2016-03-31,5528.8645
RU,2016-04-30,5316.4134
RU,2016-05-31,5363.4903
RU,2016-06-30,5786.72
RU,2016-07-31,5838.1355
RU,2016-08-31,6027.9935
RU,2016-09-30,5615.8433
RU,2016-10-31,5718.6968
RU,2016-11-30,5982.88
RU,2016-12-31,5980.529
RU,2017-01-31,5813.6129
RU,2017-02-28,5806.775
RU,2017-03-31,5647.5097
RU,2017-04-30,5566.7967
RU,2017-05-31,5410.9548
RU,2017-06-30,5835.76
RU,2017-07-31,5885.6
RU,2017-08-31,5838.1355
RU,2017-09-30,5566.7967
RU,2017-10-31,5552.5935
RU,2017-11-30,5909.32
RU,2017-12-31,5933.0645
RU,2018-01-31,5838.1355
RU,2018-02-28,5885.6
RU,2018-03-31,5813.6129
RU,2018-04-30,5591.32
RU,2018-05-31,5813.6129
RU,2018-06-30,5958.36
RU,2018-07-31,6051.7258
RU,2018-08-31,5861.8677
RU,2018-09-30,5860.0348
RU,2018-10-31,5647.5097
RU,2018-11-30,5922.5608
RU,2018-12-31,6033.3437
RU,2019-01-31,5959.4073
RU,2019-02-28,5966.2643
RU,2019-03-31,5628.817
RU,2019-04-30,5438.0456
RU,2019-05-31,5309.1435
RU,2019-06-30,5763.1808
RU,2019-07-31,6061.456
RU,2019-08-31,6145.8194
RU,2019-09-30,5862.2416
RU,2019-10-31,5822.7095
RU,2019-11-30,6072.713
RU,2019-12-31,6011.2757
RU,2020-01-31,5948.7278
RU,2020-02-29,6068.0029
RU,2020-03-31,6051.6151
RU,2020-04-30,5464.0368
RU,2020-05-31,5095.7905
RU,2020-06-30,5110.1722
RU,2020-07-31,5380.5581
RU,2020-08-31,5462.4232
RU,2020-09-30,5295.094
RU,2020-10-31,5172.929
RU,2020-11-30,5565.7948
RU,2020-12-31,5574.8988
RU,2021-01-31,5487.3727
RU,2021-02-28,5772.0956
RU,2021-03-31,5815.0366
RU,2021-04-30,5799.2252
RU,2021-05-31,5536.9731
RU,2021-06-30,5651.4022
RU,2021-07-31,5677.8828
RU,2021-08-31,5986.2248
RU,2021-09-30,5678.3416
RU,2021-10-31,5732.2896
RU,2021-11-30,5909.6329
RU,2021-12-31,5924.5209
RU,2022-01-31,5995.7177
RU,2022-02-28,5935.2598
RU,2022-03-31,5316.9751
RU,2022-04-30,4947.5825
RU,2022-05-31,5012.4902
RU,2022-06-30,5454.725
RU,2022-07-31,5672.4252
RU,2022-08-31,5616.4246
RU,2022-09-30,5560.1552
RU,2022-10-31,5637.0689
RU,2022-11-30,5705.3535
RU,2022-12-31,5808.2328
RU,2023-01-31,5842.325
RU,2023-02-28,5935.2598
RU,2023-03-31,5316.9751
RU,2023-04-30,
RU,2023-05-31,
RU,2023-06-30,
RU,2023-07-31,
RU,2023-08-31,
RU,2023-09-30,
RU,2023-10-31,
RU,2023-11-30,
RU,2023-12-31,
RU,2024-01-31,
RU,2024-02-29,
RU,2024-03-31,
RU,2024-04-30,
RU,2024-05-31,
RU,2024-06-30,
RU,2024-07-31,
RU,2024-08-31,
RU,2024-09-30,
RU,2024-10-31,
RU,2024-11-30,
RU,2024-12-31,
RU,2025-01-31,
RU,2025-02-28,
RU,2025-03-31,
SA,2002-01-31,1438.0
SA,2002-02-28,1553.0
SA,2002-03-31,1532.0
SA,2002-04-30,1319.0
SA,2002-05-31,1438.0
SA,2002-06-30,1484.0
SA,2002-07-31,1359.0
SA,2002-08-31,1356.0
SA,2002-09-30,1388.0
SA,2002-10-31,1513.0
SA,2002-11-30,1589.0
SA,2002-12-31,1357.0
SA,2003-01-31,1499.0
SA,2003-02-28,1484.0
SA,2003-03-31,1357.0
SA,2003-04-30,1436.0
SA,2003-05-31,1498.0
SA,2003-06-30,1505.0
SA,2003-07-31,1497.0
SA,2003-08-31,1537.0
SA,2003-09-30,1593.0
SA,2003-10-31,1593.0
SA,2003-11-30,1732.0
SA,2003-12-31,1549.0
SA,2004-01-31,1702.0
SA,2004-02-29,1670.0
SA,2004-03-31,1366.0
SA,2004-04-30,1591.0
SA,2004-05-31,1329.0
SA,2004-06-30,1739.0
SA,2004-07-31,1722.0
SA,2004-08-31,1640.0
SA,2004-09-30,1831.0
SA,2004-10-31,1698.0
SA,2004-11-30,1743.0
SA,2004-12-31,1726.0
SA,2005-01-31,1754.0
SA,2005-02-28,1627.0
SA,2005-03-31,1695.0
SA,2005-04-30,1700.0
SA,2005-05-31,1734.0
SA,2005-06-30,1751.0
SA,2005-07-31,1695.0
SA,2005-08-31,1674.0
SA,2005-09-30,1839.0
SA,2005-10-31,1803.0
SA,2005-11-30,1687.0
SA,2005-12-31,1719.0
SA,2006-01-31,1741.0
SA,2006-02-28,1613.0
SA,2006-03-31,1614.0
SA,2006-04-30,1732.0
SA,2006-05-31,1759.0
SA,2006-06-30,1751.0
SA,2006-07-31,1755.0
SA,2006-08-31,1796.0
SA,2006-09-30,1747.0
SA,2006-10-31,1813.0
SA,2006-11-30,1882.0
SA,2006-12-31,1624.0
SA,2007-01-31,1760.0
SA,2007-02-28,1605.0
SA,2007-03-31,1634.0
SA,2007-04-30,1600.0
SA,2007-05-31,1614.0
SA,2007-06-30,1776.0
SA,2007-07-31,1861.0
SA,2007-08-31,1866.0
SA,2007-09-30,1809.0
SA,2007-10-31,1813.0
SA,2007-11-30,1591.0
SA,2007-12-31,1757.0
SA,2008-01-31,1677.0
SA,2008-02-29,1861.0
SA,2008-03-31,1855.0
SA,2008-04-30,1656.0
SA,2008-05-31,1766.0
SA,2008-06-30,1880.0
SA,2008-07-31,1740.0
SA,2008-08-31,1986.0
SA,2008-09-30,1988.0
SA,2008-10-31,1629.0
SA,2008-11-30,1760.0
SA,2008-12-31,1796.0
SA,2009-01-31,1774.0
SA,2009-02-28,1742.0
SA,2009-03-31,1675.0
SA,2009-04-30,1824.0
SA,2009-05-31,1784.0
SA,2009-06-30,1804.0
SA,2009-07-31,1797.0
SA,2009-08-31,1759.0
SA,2009-09-30,1783.0
SA,2009-10-31,1851.0
SA,2009-11-30,1759.0
SA,2009-12-31,1518.0
SA,2010-01-31,1512.0
SA,2010-02-28,1743.0
SA,2010-03-31,1524.0
SA,2010-04-30,1548.0
SA,2010-05-31,1783.0
SA,2010-06-30,1832.0
SA,2010-07-31,1783.0
SA,2010-08-31,1867.0
SA,2010-09-30,1827.0
SA,2010-10-31,1837.0
SA,2010-11-30,1817.0
SA,2010-12-31,1851.0
SA,2011-01-31,1859.0
SA,2011-02-28,2005.0
SA,2011-03-31,1461.0
SA,2011-04-30,1992.0
SA,2011-05-31,1976.0
SA,2011-06-30,1891.0
SA,2011-07-31,1602.0
SA,2011-08-31,1792.0
SA,2011-09-30,1778.0
SA,2011-10-31,1845.0
SA,2011-11-30,1999.0
SA,2011-12-31,1727.0
SA,2012-01-31,1577.0
SA,2012-02-29,1647.0
SA,2012-03-31,1622.0
SA,2012-04-30,1730.0
SA,2012-05-31,1760.0
SA,2012-06-30,1690.0
SA,2012-07-31,1796.0
SA,2012-08-31,1971.0
SA,2012-09-30,1684.0
SA,2012-10-31,1725.0
SA,2012-11-30,1778.0
SA,2012-12-31,1734.0
SA,2013-01-31,1706.0
SA,2013-02-28,1500.0
SA,2013-03-31,1369.0
SA,2013-04-30,1322.0
SA,2013-05-31,1423.0
SA,2013-06-30,1657.0
SA,2013-07-31,1797.0
SA,2013-08-31,1551.0
SA,2013-09-30,1507.0
SA,2013-10-31,1560.0
SA,2013-11-30,1473.0
SA,2013-12-31,2064.0
SA,2014-01-31,2037.0
SA,2014-02-28,1712.0
SA,2014-03-31,1972.0
SA,2014-04-30,1852.0
SA,2014-05-31,2136.0
SA,2014-06-30,2055.0
SA,2014-07-31,1915.0
SA,2014-08-31,2167.0
SA,2014-09-30,2035.0
SA,2014-10-31,2061.0
SA,2014-11-30,1809.0
SA,2014-12-31,2217.0
SA,2015-01-31,2104.0
SA,2015-02-28,2084.0
SA,2015-03-31,1909.0
SA,2015-04-30,2224.0
SA,2015-05-31,2423.0
SA,2015-06-30,2099.0
SA,2015-07-31,2214.0
SA,2015-08-31,2214.0
SA,2015-09-30,2501.0
SA,2015-10-31,2028.0
SA,2015-11-30,2054.0
SA,2015-12-31,2312.0
SA,2016-01-31,2468.0
SA,2016-02-29,2670.0
SA,2016-03-31,2574.0
SA,2016-04-30,2510.0
SA,2016-05-31,2369.0
SA,2016-06-30,2381.0
SA,2016-07-31,2611.0
SA,2016-08-31,2600.0
SA,2016-09-30,2426.0
SA,2016-10-31,2564.0
SA,2016-11-30,2184.0
SA,2016-12-31,2155.0
SA,2017-01-31,2127.0
SA,2017-02-28,2673.0
SA,2017-03-31,2261.0
SA,2017-04-30,2651.0
SA,2017-05-31,2517.0
SA,2017-06-30,2577.0
SA,2017-07-31,2687.0
SA,2017-08-31,2620.0
SA,2017-09-30,2808.0
SA,2017-10-31,2687.0
SA,2017-11-30,2778.0
SA,2017-12-31,2828.0
SA,2018-01-31,2622.0
SA,2018-02-28,2480.0
SA,2018-03-31,2485.0
SA,2018-04-30,2200.0
SA,2018-05-31,2603.0
SA,2018-06-30,2792.0
SA,2018-07-31,2768.0
SA,2018-08-31,2798.0
SA,2018-09-30,2626.0
SA,2018-10-31,2815.0
SA,2018-11-30,2836.0
SA,2018-12-31,2684.0
SA,2019-01-31,2758.0
SA,2019-02-28,2767.0
SA,2019-03-31,2492.0
SA,2019-04-30,2598.0
SA,2019-05-31,2464.0
SA,2019-06-30,2505.0
SA,2019-07-31,2437.0
SA,2019-08-31,2574.0
SA,2019-09-30,2584.0
SA,2019-10-31,2197.0
SA,2019-11-30,2211.0
SA,2019-12-31,2228.0
SA,2020-01-31,2202.0
SA,2020-02-29,2212.0
SA,2020-03-31,1968.0
SA,2020-04-30,1840.0
SA,2020-05-31,1929.0
SA,2020-06-30,1842.0
SA,2020-07-31,2086.0
SA,2020-08-31,2578.0
SA,2020-09-30,2354.0
SA,2020-10-31,2402.0
SA,2020-11-30,2339.0
SA,2020-12-31,2328.0
SA,2021-01-31,2343.0
SA,2021-02-28,2281.0
SA,2021-03-31,2431.0
SA,2021-04-30,2295.0
SA,2021-05-31,2389.0
SA,2021-06-30,2398.0
SA,2021-07-31,2457.0
SA,2021-08-31,2521.0
SA,2021-09-30,2490.0
SA,2021-10-31,2611.0
SA,2021-11-30,2772.0
SA,2021-12-31,2694.0
SA,2022-01-31,2777.0
SA,2022-02-28,2506.0
SA,2022-03-31,2773.0
SA,2022-04-30,2538.0
SA,2022-05-31,2749.0
SA,2022-06-30,2849.0
SA,2022-07-31,2763.0
SA,2022-08-31,2801.0
SA,2022-09-30,2693.0
SA,2022-10-31,2679.0
SA,2022-11-30,2660.0
SA,2022-12-31,2620.0
SA,2023-01-31,2577.0
SA,2023-02-28,2443.0
SA,2023-03-31,2732.0
SA,2023-04-30,2690.0
SA,2023-05-31,2590.0
SA,2023-06-30,2562.0
SA,2023-07-31,2559.0
SA,2023-08-31,2530.0
SA,2023-09-30,2866.0
SA,2023-10-31,2116.0
SA,2023-11-30,2089.0
SA,2023-12-31,2415.0
SA,2024-01-31,2425.0
SA,2024-02-29,2675.0
SA,2024-03-31,2560.0
SA,2024-04-30,2545.0
SA,2024-05-31,2946.0
SA,2024-06-30,2423.0
SA,2024-07-31,2397.0
SA,2024-08-31,2721.0
SA,2024-09-30,2756.0
SA,2024-10-31,2737.0
SA,2024-11-30,2354.0
SA,2024-12-31,2543.0
SA,2025-01-31,2459.0
SA,2025-02-28,2621.0
SA,2025-03-31,2944.0
SD,2002-01-31,
SD,2002-02-28,
SD,2002-03-31,
SD,2002-04-30,
SD,2002-05-31,
SD,2002-06-30,
SD,2002-07-31,
SD,2002-08-31,
SD,2002-09-30,
SD,2002-10-31,
SD,2002-11-30,
SD,2002-12-31,
SD,2003-01-31,
SD,2003-02-28,
SD,2003-03-31,
SD,2003-04-30,
SD,2003-05-31,
SD,2003-06-30,
SD,2003-07-31,
SD,2003-08-31,
SD,2003-09-30,
SD,2003-10-31,
SD,2003-11-30,
SD,2003-12-31,
SD,2004-01-31,
SD,2004-02-29,
SD,2004-03-31,
SD,2004-04-30,
SD,2004-05-31,
SD,2004-06-30,
SD,2004-07-31,
SD,2004-08-31,
SD,2004-09-30,
SD,2004-10-31,
SD,2004-11-30,
SD,2004-12-31,
SD,2005-01-31,
SD,2005-02-28,
SD,2005-03-31,
SD,2005-04-30,
SD,2005-05-31,
SD,2005-06-30,
SD,2005-07-31,
SD,2005-08-31,
SD,2005-09-30,
SD,2005-10-31,
SD,2005-11-30,
SD,2005-12-31,
SD,2006-01-31,
SD,2006-02-28,
SD,2006-03-31,
SD,2006-04-30,
SD,2006-05-31,
SD,2006-06-30,
SD,2006-07-31,
SD,2006-08-31,
SD,2006-09-30,
SD,2006-10-31,
SD,2006-11-30,
SD,2006-12-31,
SD,2007-01-31,
SD,2007-02-28,
SD,2007-03-31,
SD,2007-04-30,
SD,2007-05-31,
SD,2007-06-30,
SD,2007-07-31,
SD,2007-08-31,
SD,2007-09-30,
SD,2007-10-31,
SD,2007-11-30,
SD,2007-12-31,
SD,2008-01-31,
SD,2008-02-29,
SD,2008-03-31,
SD,2008-04-30,
SD,2008-05-31,
SD,2008-06-30,
SD,2008-07-31,
SD,2008-08-31,
SD,2008-09-30,
SD,2008-10-31,
SD,2008-11-30,
SD,2008-12-31,
SD,2009-01-31,
SD,2009-02-28,
SD,2009-03-31,
SD,2009-04-30,
SD,2009-05-31,
SD,2009-06-30,
SD,2009-07-31,
SD,2009-08-31,
SD,2009-09-30,
SD,2009-10-31,
SD,2009-11-30,
SD,2009-12-31,
SD,2010-01-31,
SD,2010-02-28,
SD,2010-03-31,
SD,2010-04-30,
SD,2010-05-31,
SD,2010-06-30,
SD,2010-07-31,
SD,2010-08-31,
SD,2010-09-30,
SD,2010-10-31,
SD,2010-11-30,
SD,2010-12-31,
SD,2011-01-31,
SD,2011-02-28,
SD,2011-03-31,
SD,2011-04-30,
SD,2011-05-31,
SD,2011-06-30,
SD,2011-07-31,
SD,2011-08-31,
SD,2011-09-30,
SD,2011-10-31,
SD,2011-11-30,
SD,2011-12-31,
SD,2012-01-31,
SD,2012-02-29,
SD,2012-03-31,
SD,2012-04-30,
SD,2012-05-31,
SD,2012-06-30,
SD,2012-07-31,
SD,2012-08-31,
SD,2012-09-30,
SD,2012-10-31,
SD,2012-11-30,
SD,2012-12-31,
SD,2013-01-31,
SD,2013-02-28,
SD,2013-03-31,
SD,2013-04-30,
SD,2013-05-31,
SD,2013-06-30,
SD,2013-07-31,
SD,2013-08-31,
SD,2013-09-30,
SD,2013-10-31,
SD,2013-11-30,
SD,2013-12-31,
SD,2014-01-31,
SD,2014-02-28,
SD,2014-03-31,
SD,2014-04-30,
SD,2014-05-31,
SD,2014-06-30,
SD,2014-07-31,
SD,2014-08-31,
SD,2014-09-30,
SD,2014-10-31,
SD,2014-11-30,
SD,2014-12-31,
SD,2015-01-31,
SD,2015-02-28,
SD,2015-03-31,
SD,2015-04-30,
SD,2015-05-31,
SD,2015-06-30,
SD,2015-07-31,
SD,2015-08-31,
SD,2015-09-30,
SD,2015-10-31,
SD,2015-11-30,
SD,2015-12-31,
SD,2016-01-31,
SD,2016-02-29,
SD,2016-03-31,
SD,2016-04-30,
SD,2016-05-31,
SD,2016-06-30,
SD,2016-07-31,
SD,2016-08-31,
SD,2016-09-30,
SD,2016-10-31,
SD,2016-11-30,
SD,2016-12-31,
SD,2017-01-31,
SD,2017-02-28,
SD,2017-03-31,
SD,2017-04-30,
SD,2017-05-31,
SD,2017-06-30,
SD,2017-07-31,
SD,2017-08-31,
SD,2017-09-30,
SD,2017-10-31,
SD,2017-11-30,
SD,2017-12-31,
SD,2018-01-31,
SD,2018-02-28,
SD,2018-03-31,
SD,2018-04-30,
SD,2018-05-31,
SD,2018-06-30,
SD,2018-07-31,
SD,2018-08-31,
SD,2018-09-30,
SD,2018-10-31,
SD,2018-11-30,
SD,2018-12-31,
SD,2019-01-31,
SD,2019-02-28,
SD,2019-03-31,
SD,2019-04-30,
SD,2019-05-31,
SD,2019-06-30,
SD,2019-07-31,
SD,2019-08-31,
SD,2019-09-30,
SD,2019-10-31,
SD,2019-11-30,
SD,2019-12-31,
SD,2020-01-31,
SD,2020-02-29,
SD,2020-03-31,
SD,2020-04-30,
SD,2020-05-31,
SD,2020-06-30,
SD,2020-07-31,
SD,2020-08-31,
SD,2020-09-30,
SD,2020-10-31,
SD,2020-11-30,
SD,2020-12-31,
SD,2021-01-31,
SD,2021-02-28,
SD,2021-03-31,
SD,2021-04-30,
SD,2021-05-31,
SD,2021-06-30,
SD,2021-07-31,
SD,2021-08-31,
SD,2021-09-30,
SD,2021-10-31,
SD,2021-11-30,
SD,2021-12-31,
SD,2022-01-31,
SD,2022-02-28,
SD,2022-03-31,
SD,2022-04-30,
SD,2022-05-31,
SD,2022-06-30,
SD,2022-07-31,
SD,2022-08-31,
SD,2022-09-30,
SD,2022-10-31,
SD,2022-11-30,
SD,2022-12-31,
SD,2023-01-31,
SD,2023-02-28,
SD,2023-03-31,
SD,2023-04-30,
SD,2023-05-31,
SD,2023-06-30,
SD,2023-07-31,
SD,2023-08-31,
SD,2023-09-30,
SD,2023-10-31,
SD,2023-11-30,
SD,2023-12-31,
SD,2024-01-31,
SD,2024-02-29,
SD,2024-03-31,
SD,2024-04-30,
SD,2024-05-31,
SD,2024-06-30,
SD,2024-07-31,
SD,2024-08-31,
SD,2024-09-30,
SD,2024-10-31,
SD,2024-11-30,
SD,2024-12-31,
SD,2025-01-31,
SD,2025-02-28,
SD,2025-03-31,
SE,2002-01-31,408.4406
SE,2002-02-28,408.5086
SE,2002-03-31,413.9087
SE,2002-04-30,389.136
SE,2002-05-31,391.561
SE,2002-06-30,389.136
SE,2002-07-31,385.3797
SE,2002-08-31,378.7229
SE,2002-09-30,234.366
SE,2002-10-31,331.8877
SE,2002-11-30,425.986
SE,2002-12-31,409.8671
SE,2003-01-31,397.98
SE,2003-02-28,438.7782
SE,2003-03-31,435.3055
SE,2003-04-30,405.5957
SE,2003-05-31,289.5697
SE,2003-06-30,368.7457
SE,2003-07-31,433.1658
SE,2003-08-31,407.7274
SE,2003-09-30,449.3243
SE,2003-10-31,429.8374
SE,2003-11-30,421.3183
SE,2003-12-31,398.6932
SE,2004-01-31,410.1048
SE,2004-02-29,416.7862
SE,2004-03-31,420.09
SE,2004-04-30,439.989
SE,2004-05-31,435.3055
SE,2004-06-30,457.4313
SE,2004-07-31,452.1852
SE,2004-08-31,440.0603
SE,2004-09-30,425.249
SE,2004-10-31,423.6561
SE,2004-11-30,427.46
SE,2004-12-31,373.2548
SE,2005-01-31,359.2281
SE,2005-02-28,405.8764
SE,2005-03-31,406.7765
SE,2005-04-30,428.4427
SE,2005-05-31,416.9994
SE,2005-06-30,445.3937
SE,2005-07-31,430.5506
SE,2005-08-31,444.8152
SE,2005-09-30,350.075
SE,2005-10-31,436.9697
SE,2005-11-30,431.6363
SE,2005-12-31,420.09
SE,2006-01-31,438.8716
SE,2006-02-28,387.1882
SE,2006-03-31,405.35
SE,2006-04-30,404.3673
SE,2006-05-31,426.7468
SE,2006-06-30,436.7953
SE,2006-07-31,415.8106
SE,2006-08-31,413.4332
SE,2006-09-30,427.46
SE,2006-10-31,411.5313
SE,2006-11-30,430.408
SE,2006-12-31,412.72
SE,2007-01-31,411.0558
SE,2007-02-28,416.1418
SE,2007-03-31,390.3723
SE,2007-04-30,282.0253
SE,2007-05-31,335.9294
SE,2007-06-30,421.0727
SE,2007-07-31,408.6784
SE,2007-08-31,426.9845
SE,2007-09-30,261.3893
SE,2007-10-31,286.9545
SE,2007-11-30,401.9107
SE,2007-12-31,407.7274
SE,2008-01-31,403.4481
SE,2008-02-29,400.7755
SE,2008-03-31,422.4674
SE,2008-04-30,423.038
SE,2008-05-31,408.9161
SE,2008-06-30,410.509
SE,2008-07-31,403.4481
SE,2008-08-31,421.041
SE,2008-09-30,428.6883
SE,2008-10-31,424.1316
SE,2008-11-30,415.4223
SE,2008-12-31,423.1806
SE,2009-01-31,407.0
SE,2009-02-28,411.4929
SE,2009-03-31,417.7419
SE,2009-04-30,400.34
SE,2009-05-31,436.6
SE,2009-06-30,387.5133
SE,2009-07-31,416.3097
SE,2009-08-31,401.7484
SE,2009-09-30,331.52
SE,2009-10-31,400.7935
SE,2009-11-30,381.84
SE,2009-12-31,383.3677
SE,2010-01-31,392.2
SE,2010-02-28,412.2857
SE,2010-03-31,441.1355
SE,2010-04-30,429.6933
SE,2010-05-31,432.0645
SE,2010-06-30,462.7467
SE,2010-07-31,406.0452
SE,2010-08-31,393.6323
SE,2010-09-30,367.78
SE,2010-10-31,388.1419
SE,2010-11-30,401.08
SE,2010-12-31,394.8258
SE,2011-01-31,408.9097
SE,2011-02-28,400.3929
SE,2011-03-31,405.5677
SE,2011-04-30,373.7
SE,2011-05-31,323.6903
SE,2011-06-30,401.3267
SE,2011-07-31,396.4968
SE,2011-08-31,391.0065
SE,2011-09-30,303.4
SE,2011-10-31,320.1097
SE,2011-11-30,406.26
SE,2011-12-31,406.2839
SE,2012-01-31,414.8774
SE,2012-02-29,418.7379
SE,2012-03-31,378.5935
SE,2012-04-30,450.1667
SE,2012-05-31,418.4581
SE,2012-06-30,445.2333
SE,2012-07-31,440.1806
SE,2012-08-31,396.4968
SE,2012-09-30,453.8667
SE,2012-10-31,436.6
SE,2012-11-30,426.98
SE,2012-12-31,372.8645
SE,2013-01-31,388.1419
SE,2013-02-28,362.8643
SE,2013-03-31,405.329
SE,2013-04-30,387.76
SE,2013-05-31,351.8581
SE,2013-06-30,416.1267
SE,2013-07-31,371.1935
SE,2013-08-31,364.7484
SE,2013-09-30,176.3667
SE,2013-10-31,181.4194
SE,2013-11-30,340.6467
SE,2013-12-31,276.6645
SE,2014-01-31,345.6516
SE,2014-02-28,349.9143
SE,2014-03-31,376.6839
SE,2014-04-30,405.2733
SE,2014-05-31,387.1871
SE,2014-06-30,359.64
SE,2014-07-31,388.8581
SE,2014-08-31,402.2258
SE,2014-09-30,367.2867
SE,2014-10-31,389.5742
SE,2014-11-30,419.8267
SE,2014-12-31,402.9419
SE,2015-01-31,401.0323
SE,2015-02-28,424.4429
SE,2015-03-31,350.6645
SE,2015-04-30,298.22
SE,2015-05-31,382.4129
SE,2015-06-30,438.3267
SE,2015-07-31,440.6581
SE,2015-08-31,451.8774
SE,2015-09-30,407.4933
SE,2015-10-31,407.7161
SE,2015-11-30,446.4667
SE,2015-12-31,412.9677
SE,2016-01-31,386.7097
SE,2016-02-29,408.531
SE,2016-03-31,389.5742
SE,2016-04-30,359.8867
SE,2016-05-31,350.9032
SE,2016-06-30,409.96
SE,2016-07-31,402.9419
SE,2016-08-31,385.0387
SE,2016-09-30,387.76
SE,2016-10-31,444.0
SE,2016-11-30,437.8333
SE,2016-12-31,422.2774
SE,2017-01-31,413.6839
SE,2017-02-28,414.1357
SE,2017-03-31,391.0065
SE,2017-04-30,232.1133
SE,2017-05-31,398.1677
SE,2017-06-30,442.52
SE,2017-07-31,447.5806
SE,2017-08-31,437.7935
SE,2017-09-30,345.0867
SE,2017-10-31,365.9419
SE,2017-11-30,434.38
SE,2017-12-31,418.2194
SE,2018-01-31,424.4258
SE,2018-02-28,411.4929
SE,2018-03-31,345.4129
SE,2018-04-30,430.68
SE,2018-05-31,440.4194
SE,2018-06-30,384.06
SE,2018-07-31,432.0645
SE,2018-08-31,430.3935
SE,2018-09-30,407.9867
SE,2018-10-31,387.4258
SE,2018-11-30,431.6667
SE,2018-12-31,387.4258
SE,2019-01-31,366.4194
SE,2019-02-28,370.7929
SE,2019-03-31,310.3226
SE,2019-04-30,295.26
SE,2019-05-31,286.4516
SE,2019-06-30,428.2133
SE,2019-07-31,432.3032
SE,2019-08-31,417.9806
SE,2019-09-30,276.2667
SE,2019-10-31,225.5806
SE,2019-11-30,299.4533
SE,2019-12-31,371.1935
SE,2020-01-31,394.1097
SE,2020-02-29,407.0
SE,2020-03-31,389.3355
SE,2020-04-30,396.1467
SE,2020-05-31,333.0
SE,2020-06-30,320.42
SE,2020-07-31,318.2
SE,2020-08-31,321.7806
SE,2020-09-30,326.8333
SE,2020-10-31,320.5871
SE,2020-11-30,338.4267
SE,2020-12-31,361.1677
SE,2021-01-31,373.1032
SE,2021-02-28,365.5071
SE,2021-03-31,364.271
SE,2021-04-30,352.98
SE,2021-05-31,380.5032
SE,2021-06-30,373.4533
SE,2021-07-31,356.3935
SE,2021-08-31,380.7419
SE,2021-09-30,394.6667
SE,2021-10-31,331.0903
SE,2021-11-30,349.0333
SE,2021-12-31,417.0258
SE,2022-01-31,394.1097
SE,2022-02-28,381.6286
SE,2022-03-31,388.6194
SE,2022-04-30,413.1667
SE,2022-05-31,415.1161
SE,2022-06-30,398.12
SE,2022-07-31,401.5097
SE,2022-08-31,383.8452
SE,2022-09-30,216.82
SE,2022-10-31,288.8387
SE,2022-11-30,394.1733
SE,2022-12-31,393.3935
SE,2023-01-31,397.4516
SE,2023-02-28,377.4
SE,2023-03-31,394.5871
SE,2023-04-30,352.7333
SE,2023-05-31,300.5355
SE,2023-06-30,346.32
SE,2023-07-31,380.5032
SE,2023-08-31,383.3677
SE,2023-09-30,317.2133
SE,2023-10-31,295.2839
SE,2023-11-30,356.1867
SE,2023-12-31,367.1355
SE,2024-01-31,376.9226
SE,2024-02-29,396.2828
SE,2024-03-31,388.6194
SE,2024-04-30,386.5267
SE,2024-05-31,349.9484
SE,2024-06-30,391.2133
SE,2024-07-31,354.9613
SE,2024-08-31,323.2129
SE,2024-09-30,331.0267
SE,2024-10-31,349.7097
SE,2024-11-30,354.9533
SE,2024-12-31,343.7419
SE,2025-01-31,377.8774
SE,2025-02-28,379.25
SE,2025-03-31,354.9613
SG,2002-01-31,
SG,2002-02-28,
SG,2002-03-31,
SG,2002-04-30,
SG,2002-05-31,
SG,2002-06-30,
SG,2002-07-31,
SG,2002-08-31,
SG,2002-09-30,
SG,2002-10-31,
SG,2002-11-30,
SG,2002-12-31,
SG,2003-01-31,
SG,2003-02-28,
SG,2003-03-31,
SG,2003-04-30,
SG,2003-05-31,
SG,2003-06-30,
SG,2003-07-31,
SG,2003-08-31,
SG,2003-09-30,
SG,2003-10-31,
SG,2003-11-30,
SG,2003-12-31,
SG,2004-01-31,
SG,2004-02-29,
SG,2004-03-31,
SG,2004-04-30,
SG,2004-05-31,
SG,2004-06-30,
SG,2004-07-31,
SG,2004-08-31,
SG,2004-09-30,
SG,2004-10-31,
SG,2004-11-30,
SG,2004-12-31,
SG,2005-01-31,
SG,2005-02-28,
SG,2005-03-31,
SG,2005-04-30,
SG,2005-05-31,
SG,2005-06-30,
SG,2005-07-31,
SG,2005-08-31,
SG,2005-09-30,
SG,2005-10-31,
SG,2005-11-30,
SG,2005-12-31,
SG,2006-01-31,
SG,2006-02-28,
SG,2006-03-31,
SG,2006-04-30,
SG,2006-05-31,
SG,2006-06-30,
SG,2006-07-31,
SG,2006-08-31,
SG,2006-09-30,
SG,2006-10-31,
SG,2006-11-30,
SG,2006-12-31,
SG,2007-01-31,
SG,2007-02-28,
SG,2007-03-31,
SG,2007-04-30,
SG,2007-05-31,
SG,2007-06-30,
SG,2007-07-31,
SG,2007-08-31,
SG,2007-09-30,
SG,2007-10-31,
SG,2007-11-30,
SG,2007-12-31,
SG,2008-01-31,
SG,2008-02-29,
SG,2008-03-31,
SG,2008-04-30,
SG,2008-05-31,
SG,2008-06-30,
SG,2008-07-31,
SG,2008-08-31,
SG,2008-09-30,
SG,2008-10-31,
SG,2008-11-30,
SG,2008-12-31,
SG,2009-01-31,
SG,2009-02-28,
SG,2009-03-31,
SG,2009-04-30,
SG,2009-05-31,
SG,2009-06-30,
SG,2009-07-31,
SG,2009-08-31,
SG,2009-09-30,
SG,2009-10-31,
SG,2009-11-30,
SG,2009-12-31,
SG,2010-01-31,
SG,2010-02-28,
SG,2010-03-31,
SG,2010-04-30,
SG,2010-05-31,
SG,2010-06-30,
SG,2010-07-31,
SG,2010-08-31,
SG,2010-09-30,
SG,2010-10-31,
SG,2010-11-30,
SG,2010-12-31,
SG,2011-01-31,
SG,2011-02-28,
SG,2011-03-31,
SG,2011-04-30,
SG,2011-05-31,
SG,2011-06-30,
SG,2011-07-31,
SG,2011-08-31,
SG,2011-09-30,
SG,2011-10-31,
SG,2011-11-30,
SG,2011-12-31,
SG,2012-01-31,
SG,2012-02-29,
SG,2012-03-31,
SG,2012-04-30,
SG,2012-05-31,
SG,2012-06-30,
SG,2012-07-31,
SG,2012-08-31,
SG,2012-09-30,
SG,2012-10-31,
SG,2012-11-30,
SG,2012-12-31,
SG,2013-01-31,
SG,2013-02-28,
SG,2013-03-31,
SG,2013-04-30,
SG,2013-05-31,
SG,2013-06-30,
SG,2013-07-31,
SG,2013-08-31,
SG,2013-09-30,
SG,2013-10-31,
SG,2013-11-30,
SG,2013-12-31,
SG,2014-01-31,
SG,2014-02-28,
SG,2014-03-31,
SG,2014-04-30,
SG,2014-05-31,
SG,2014-06-30,
SG,2014-07-31,
SG,2014-08-31,
SG,2014-09-30,
SG,2014-10-31,
SG,2014-11-30,
SG,2014-12-31,
SG,2015-01-31,
SG,2015-02-28,
SG,2015-03-31,
SG,2015-04-30,
SG,2015-05-31,
SG,2015-06-30,
SG,2015-07-31,
SG,2015-08-31,
SG,2015-09-30,
SG,2015-10-31,
SG,2015-11-30,
SG,2015-12-31,
SG,2016-01-31,
SG,2016-02-29,
SG,2016-03-31,
SG,2016-04-30,
SG,2016-05-31,
SG,2016-06-30,
SG,2016-07-31,
SG,2016-08-31,
SG,2016-09-30,
SG,2016-10-31,
SG,2016-11-30,
SG,2016-12-31,
SG,2017-01-31,
SG,2017-02-28,
SG,2017-03-31,
SG,2017-04-30,
SG,2017-05-31,
SG,2017-06-30,
SG,2017-07-31,
SG,2017-08-31,
SG,2017-09-30,
SG,2017-10-31,
SG,2017-11-30,
SG,2017-12-31,
SG,2018-01-31,
SG,2018-02-28,
SG,2018-03-31,
SG,2018-04-30,
SG,2018-05-31,
SG,2018-06-30,
SG,2018-07-31,
SG,2018-08-31,
SG,2018-09-30,
SG,2018-10-31,
SG,2018-11-30,
SG,2018-12-31,
SG,2019-01-31,
SG,2019-02-28,
SG,2019-03-31,
SG,2019-04-30,
SG,2019-05-31,
SG,2019-06-30,
SG,2019-07-31,
SG,2019-08-31,
SG,2019-09-30,
SG,2019-10-31,
SG,2019-11-30,
SG,2019-12-31,
SG,2020-01-31,
SG,2020-02-29,
SG,2020-03-31,
SG,2020-04-30,
SG,2020-05-31,
SG,2020-06-30,
SG,2020-07-31,
SG,2020-08-31,
SG,2020-09-30,
SG,2020-10-31,
SG,2020-11-30,
SG,2020-12-31,
SG,2021-01-31,
SG,2021-02-28,
SG,2021-03-31,
SG,2021-04-30,
SG,2021-05-31,
SG,2021-06-30,
SG,2021-07-31,
SG,2021-08-31,
SG,2021-09-30,
SG,2021-10-31,
SG,2021-11-30,
SG,2021-12-31,
SG,2022-01-31,
SG,2022-02-28,
SG,2022-03-31,
SG,2022-04-30,
SG,2022-05-31,
SG,2022-06-30,
SG,2022-07-31,
SG,2022-08-31,
SG,2022-09-30,
SG,2022-10-31,
SG,2022-11-30,
SG,2022-12-31,
SG,2023-01-31,
SG,2023-02-28,
SG,2023-03-31,
SG,2023-04-30,
SG,2023-05-31,
SG,2023-06-30,
SG,2023-07-31,
SG,2023-08-31,
SG,2023-09-30,
SG,2023-10-31,
SG,2023-11-30,
SG,2023-12-31,
SG,2024-01-31,
SG,2024-02-29,
SG,2024-03-31,
SG,2024-04-30,
SG,2024-05-31,
SG,2024-06-30,
SG,2024-07-31,
SG,2024-08-31,
SG,2024-09-30,
SG,2024-10-31,
SG,2024-11-30,
SG,2024-12-31,
SG,2025-01-31,
SG,2025-02-28,
SG,2025-03-31,
SK,2002-01-31,111.3687
SK,2002-02-28,124.61
SK,2002-03-31,97.6545
SK,2002-04-30,89.6703
SK,2002-05-31,97.4181
SK,2002-06-30,144.8897
SK,2002-07-31,117.0435
SK,2002-08-31,116.8071
SK,2002-09-30,121.9223
SK,2002-10-31,121.2997
SK,2002-11-30,103.5973
SK,2002-12-31,117.0435
SK,2003-01-31,117.28
SK,2003-02-28,111.7825
SK,2003-03-31,119.6445
SK,2003-04-30,110.9273
SK,2003-05-31,85.5955
SK,2003-06-30,110.683
SK,2003-07-31,117.0435
SK,2003-08-31,119.1716
SK,2003-09-30,119.9677
SK,2003-10-31,119.1716
SK,2003-11-30,120.212
SK,2003-12-31,110.6594
SK,2004-01-31,95.0535
SK,2004-02-29,118.291
SK,2004-03-31,101.6742
SK,2004-04-30,112.882
SK,2004-05-31,118.9352
SK,2004-06-30,118.9903
SK,2004-07-31,118.4623
SK,2004-08-31,100.4919
SK,2004-09-30,118.746
SK,2004-10-31,115.8613
SK,2004-11-30,130.474
SK,2004-12-31,115.8613
SK,2005-01-31,106.4032
SK,2005-02-28,124.8718
SK,2005-03-31,117.9894
SK,2005-04-30,64.504
SK,2005-05-31,112.3145
SK,2005-06-30,114.1037
SK,2005-07-31,114.679
SK,2005-08-31,121.0632
SK,2005-09-30,118.9903
SK,2005-10-31,108.7677
SK,2005-11-30,119.7233
SK,2005-12-31,125.5558
SK,2006-01-31,125.3194
SK,2006-02-28,115.7093
SK,2006-03-31,113.4968
SK,2006-04-30,110.1943
SK,2006-05-31,123.6642
SK,2006-06-30,121.9223
SK,2006-07-31,124.61
SK,2006-08-31,119.1716
SK,2006-09-30,122.1667
SK,2006-10-31,65.97
SK,2006-11-30,107.5067
SK,2006-12-31,108.2948
SK,2007-01-31,117.0435
SK,2007-02-28,120.945
SK,2007-03-31,103.0929
SK,2007-04-30,124.61
SK,2007-05-31,121.2997
SK,2007-06-30,117.5243
SK,2007-07-31,121.5361
SK,2007-08-31,124.3735
SK,2007-09-30,125.5873
SK,2007-10-31,127.6839
SK,2007-11-30,125.8317
SK,2007-12-31,118.9352
SK,2008-01-31,122.009
SK,2008-02-29,117.5328
SK,2008-03-31,125.0829
SK,2008-04-30,76.232
SK,2008-05-31,115.8613
SK,2008-06-30,107.751
SK,2008-07-31,115.8613
SK,2008-08-31,126.5016
SK,2008-09-30,127.542
SK,2008-10-31,126.0287
SK,2008-11-30,125.5873
SK,2008-12-31,118.6987
SK,2009-01-31,124.3735
SK,2009-02-28,122.7775
SK,2009-03-31,111.6052
SK,2009-04-30,123.3883
SK,2009-05-31,87.4871
SK,2009-06-30,94.557
SK,2009-07-31,116.0977
SK,2009-08-31,124.61
SK,2009-09-30,118.013
SK,2009-10-31,125.0829
SK,2009-11-30,115.5697
SK,2009-12-31,110.1865
SK,2010-01-31,103.5658
SK,2010-02-28,117.5418
SK,2010-03-31,119.4081
SK,2010-04-30,103.5973
SK,2010-05-31,61.9503
SK,2010-06-30,104.5747
SK,2010-07-31,115.8613
SK,2010-08-31,123.9006
SK,2010-09-30,120.945
SK,2010-10-31,125.0829
SK,2010-11-30,117.7687
SK,2010-12-31,100.7284
SK,2011-01-31,124.1371
SK,2011-02-28,119.6361
SK,2011-03-31,113.2603
SK,2011-04-30,113.1263
SK,2011-05-31,124.1371
SK,2011-06-30,126.3203
SK,2011-07-31,123.6642
SK,2011-08-31,123.4277
SK,2011-09-30,125.8317
SK,2011-10-31,125.7923
SK,2011-11-30,114.8367
SK,2011-12-31,105.4574
SK,2012-01-31,119.4081
SK,2012-02-29,116.5217
SK,2012-03-31,111.1323
SK,2012-04-30,74.766
SK,2012-05-31,92.4526
SK,2012-06-30,121.9223
SK,2012-07-31,117.9894
SK,2012-08-31,108.2948
SK,2012-09-30,95.29
SK,2012-10-31,124.3735
SK,2012-11-30,103.1087
SK,2012-12-31,112.0781
SK,2013-01-31,114.2061
SK,2013-02-28,106.8086
SK,2013-03-31,112.551
SK,2013-04-30,118.013
SK,2013-05-31,124.3735
SK,2013-06-30,118.746
SK,2013-07-31,125.7923
SK,2013-08-31,125.7923
SK,2013-09-30,127.0533
SK,2013-10-31,106.1668
SK,2013-11-30,110.4387
SK,2013-12-31,105.4574
SK,2014-01-31,117.9894
SK,2014-02-28,118.5889
SK,2014-03-31,110.1865
SK,2014-04-30,112.6377
SK,2014-05-31,61.7139
SK,2014-06-30,56.9297
SK,2014-07-31,98.3639
SK,2014-08-31,120.8268
SK,2014-09-30,125.0987
SK,2014-10-31,124.61
SK,2014-11-30,124.61
SK,2014-12-31,94.8171
SK,2015-01-31,106.8761
SK,2015-02-28,125.1336
SK,2015-03-31,122.4819
SK,2015-04-30,124.1213
SK,2015-05-31,113.7332
SK,2015-06-30,123.6327
SK,2015-07-31,124.1371
SK,2015-08-31,124.3735
SK,2015-09-30,124.8543
SK,2015-10-31,99.0732
SK,2015-11-30,119.7233
SK,2015-12-31,122.2455
SK,2016-01-31,123.1913
SK,2016-02-29,124.8628
SK,2016-03-31,79.6842
SK,2016-04-30,79.897
SK,2016-05-31,118.2258
SK,2016-06-30,112.3933
SK,2016-07-31,128.3932
SK,2016-08-31,123.6642
SK,2016-09-30,128.7637
SK,2016-10-31,125.3194
SK,2016-11-30,125.343
SK,2016-12-31,117.9894
SK,2017-01-31,124.1371
SK,2017-02-28,121.7304
SK,2017-03-31,112.0781
SK,2017-04-30,98.4663
SK,2017-05-31,61.0045
SK,2017-06-30,96.756
SK,2017-07-31,116.0977
SK,2017-08-31,113.9697
SK,2017-09-30,124.61
SK,2017-10-31,125.0829
SK,2017-11-30,122.6553
SK,2017-12-31,123.6642
SK,2018-01-31,124.61
SK,2018-02-28,124.61
SK,2018-03-31,73.5365
SK,2018-04-30,91.625
SK,2018-05-31,125.0829
SK,2018-06-30,116.7913
SK,2018-07-31,117.0435
SK,2018-08-31,93.3984
SK,2018-09-30,108.7283
SK,2018-10-31,124.3735
SK,2018-11-30,84.7837
SK,2018-12-31,123.9006
SK,2019-01-31,125.3194
SK,2019-02-28,125.3954
SK,2019-03-31,120.3539
SK,2019-04-30,112.3933
SK,2019-05-31,44.6894
SK,2019-06-30,58.8843
SK,2019-07-31,78.5019
SK,2019-08-31,102.3835
SK,2019-09-30,125.343
SK,2019-10-31,103.5658
SK,2019-11-30,120.945
SK,2019-12-31,115.8613
SK,2020-01-31,118.9352
SK,2020-02-29,124.1045
SK,2020-03-31,121.5361
SK,2020-04-30,101.154
SK,2020-05-31,110.1865
SK,2020-06-30,124.61
SK,2020-07-31,110.4229
SK,2020-08-31,118.6987
SK,2020-09-30,105.0633
SK,2020-10-31,93.6348
SK,2020-11-30,115.3253
SK,2020-12-31,97.4181
SK,2021-01-31,111.8416
SK,2021-02-28,110.2118
SK,2021-03-31,107.349
SK,2021-04-30,92.1137
SK,2021-05-31,123.6642
SK,2021-06-30,103.8417
SK,2021-07-31,109.95
SK,2021-08-31,109.2406
SK,2021-09-30,114.348
SK,2021-10-31,103.8023
SK,2021-11-30,123.3883
SK,2021-12-31,117.7529
SK,2022-01-31,113.4968
SK,2022-02-28,120.945
SK,2022-03-31,82.2852
SK,2022-04-30,121.9223
SK,2022-05-31,100.4919
SK,2022-06-30,62.0607
SK,2022-07-31,86.3048
SK,2022-08-31,123.9006
SK,2022-09-30,123.144
SK,2022-10-31,119.881
SK,2022-11-30,123.3883
SK,2022-12-31,123.6642
SK,2023-01-31,114.2061
SK,2023-02-28,88.7454
SK,2023-03-31,100.019
SK,2023-04-30,114.348
SK,2023-05-31,55.5661
SK,2023-06-30,99.688
SK,2023-07-31,124.61
SK,2023-08-31,115.6248
SK,2023-09-30,126.5647
SK,2023-10-31,78.029
SK,2023-11-30,123.3883
SK,2023-12-31,118.4623
SK,2024-01-31,114.9155
SK,2024-02-29,64.7062
SK,2024-03-31,75.4281
SK,2024-04-30,130.2297
SK,2024-05-31,64.5513
SK,2024-06-30,52.776
SK,2024-07-31,100.019
SK,2024-08-31,118.6987
SK,2024-09-30,85.028
SK,2024-10-31,75.901
SK,2024-11-30,124.1213
SK,2024-12-31,124.61
SK,2025-01-31,96.4723
SK,2025-02-28,120.945
SK,2025-03-31,126.9745
SR,2002-01-31,0.0
SR,2002-02-28,0.0
SR,2002-03-31,0.0
SR,2002-04-30,0.0
SR,2002-05-31,0.0
SR,2002-06-30,0.0
SR,2002-07-31,0.0
SR,2002-08-31,0.0
SR,2002-09-30,0.0
SR,2002-10-31,0.0
SR,2002-11-30,0.0
SR,2002-12-31,0.0
SR,2003-01-31,0.0
SR,2003-02-28,0.0
SR,2003-03-31,0.0
SR,2003-04-30,0.0
SR,2003-05-31,0.0
SR,2003-06-30,0.0
SR,2003-07-31,0.0
SR,2003-08-31,0.0
SR,2003-09-30,0.0
SR,2003-10-31,0.0
SR,2003-11-30,0.0
SR,2003-12-31,0.0
SR,2004-01-31,0.0
SR,2004-02-29,0.0
SR,2004-03-31,0.0
SR,2004-04-30,0.0
SR,2004-05-31,0.0
SR,2004-06-30,0.0
SR,2004-07-31,0.0
SR,2004-08-31,0.0
SR,2004-09-30,0.0
SR,2004-10-31,0.0
SR,2004-11-30,0.0
SR,2004-12-31,0.0
SR,2005-01-31,0.0
SR,2005-02-28,0.0
SR,2005-03-31,0.0
SR,2005-04-30,0.0
SR,2005-05-31,0.0
SR,2005-06-30,0.0
SR,2005-07-31,0.0
SR,2005-08-31,0.0
SR,2005-09-30,0.0
SR,2005-10-31,0.0
SR,2005-11-30,0.0
SR,2005-12-31,0.0
SR,2006-01-31,0.0
SR,2006-02-28,0.0
SR,2006-03-31,0.0
SR,2006-04-30,0.0
SR,2006-05-31,0.0
SR,2006-06-30,0.0
SR,2006-07-31,0.0
SR,2006-08-31,0.0
SR,2006-09-30,0.0
SR,2006-10-31,0.0
SR,2006-11-30,0.0
SR,2006-12-31,0.0
SR,2007-01-31,0.0
SR,2007-02-28,0.0
SR,2007-03-31,0.0
SR,2007-04-30,0.0
SR,2007-05-31,0.0
SR,2007-06-30,0.0
SR,2007-07-31,0.0
SR,2007-08-31,0.0
SR,2007-09-30,0.0
SR,2007-10-31,0.0
SR,2007-11-30,0.0
SR,2007-12-31,0.0
SR,2008-01-31,0.0
SR,2008-02-29,0.0
SR,2008-03-31,0.0
SR,2008-04-30,0.0
SR,2008-05-31,0.0
SR,2008-06-30,0.0
SR,2008-07-31,0.0
SR,2008-08-31,0.0
SR,2008-09-30,0.0
SR,2008-10-31,0.0
SR,2008-11-30,0.0
SR,2008-12-31,0.0
SR,2009-01-31,0.0
SR,2009-02-28,0.0
SR,2009-03-31,0.0
SR,2009-04-30,0.0
SR,2009-05-31,0.0
SR,2009-06-30,0.0
SR,2009-07-31,0.0
SR,2009-08-31,0.0
SR,2009-09-30,0.0
SR,2009-10-31,0.0
SR,2009-11-30,0.0
SR,2009-12-31,0.0
SR,2010-01-31,0.0
SR,2010-02-28,0.0
SR,2010-03-31,0.0
SR,2010-04-30,0.0
SR,2010-05-31,0.0
SR,2010-06-30,0.0
SR,2010-07-31,0.0
SR,2010-08-31,0.0
SR,2010-09-30,0.0
SR,2010-10-31,0.0
SR,2010-11-30,0.0
SR,2010-12-31,0.0
SR,2011-01-31,0.0
SR,2011-02-28,0.0
SR,2011-03-31,0.0
SR,2011-04-30,0.0
SR,2011-05-31,0.0
SR,2011-06-30,0.0
SR,2011-07-31,0.0
SR,2011-08-31,0.0
SR,2011-09-30,0.0
SR,2011-10-31,0.0
SR,2011-11-30,0.0
SR,2011-12-31,0.0
SR,2012-01-31,0.0
SR,2012-02-29,0.0
SR,2012-03-31,0.0
SR,2012-04-30,0.0
SR,2012-05-31,0.0
SR,2012-06-30,0.0
SR,2012-07-31,0.0
SR,2012-08-31,0.0
SR,2012-09-30,0.0
SR,2012-10-31,0.0
SR,2012-11-30,0.0
SR,2012-12-31,0.0
SR,2013-01-31,4.7742
SR,2013-02-28,9.5357
SR,2013-03-31,6.3871
SR,2013-04-30,9.4
SR,2013-05-31,7.129
SR,2013-06-30,5.3333
SR,2013-07-31,0.0
SR,2013-08-31,0.0
SR,2013-09-30,0.0
SR,2013-10-31,0.0
SR,2013-11-30,0.0
SR,2013-12-31,0.0
SR,2014-01-31,0.0
SR,2014-02-28,0.0
SR,2014-03-31,0.0
SR,2014-04-30,0.0
SR,2014-05-31,0.0
SR,2014-06-30,0.0
SR,2014-07-31,0.0
SR,2014-08-31,0.0
SR,2014-09-30,0.0
SR,2014-10-31,0.0
SR,2014-11-30,0.0
SR,2014-12-31,0.0
SR,2015-01-31,0.0
SR,2015-02-28,0.0
SR,2015-03-31,0.0
SR,2015-04-30,0.0
SR,2015-05-31,0.0
SR,2015-06-30,0.0
SR,2015-07-31,0.0
SR,2015-08-31,0.0
SR,2015-09-30,0.0
SR,2015-10-31,0.0
SR,2015-11-30,0.0
SR,2015-12-31,0.0
SR,2016-01-31,0.0
SR,2016-02-29,0.0
SR,2016-03-31,0.0
SR,2016-04-30,0.0
SR,2016-05-31,0.0
SR,2016-06-30,0.0
SR,2016-07-31,0.0
SR,2016-08-31,
SR,2016-09-30,
SR,2016-10-31,
SR,2016-11-30,
SR,2016-12-31,
SR,2017-01-31,
SR,2017-02-28,
SR,2017-03-31,
SR,2017-04-30,
SR,2017-05-31,
SR,2017-06-30,
SR,2017-07-31,
SR,2017-08-31,
SR,2017-09-30,
SR,2017-10-31,
SR,2017-11-30,
SR,2017-12-31,
SR,2018-01-31,
SR,2018-02-28,
SR,2018-03-31,
SR,2018-04-30,
SR,2018-05-31,
SR,2018-06-30,
SR,2018-07-31,
SR,2018-08-31,
SR,2018-09-30,
SR,2018-10-31,
SR,2018-11-30,
SR,2018-12-31,
SR,2019-01-31,
SR,2019-02-28,
SR,2019-03-31,
SR,2019-04-30,
SR,2019-05-31,
SR,2019-06-30,
SR,2019-07-31,
SR,2019-08-31,
SR,2019-09-30,
SR,2019-10-31,
SR,2019-11-30,
SR,2019-12-31,
SR,2020-01-31,
SR,2020-02-29,
SR,2020-03-31,
SR,2020-04-30,
SR,2020-05-31,
SR,2020-06-30,
SR,2020-07-31,
SR,2020-08-31,
SR,2020-09-30,
SR,2020-10-31,
SR,2020-11-30,
SR,2020-12-31,
SR,2021-01-31,
SR,2021-02-28,
SR,2021-03-31,
SR,2021-04-30,
SR,2021-05-31,
SR,2021-06-30,
SR,2021-07-31,
SR,2021-08-31,
SR,2021-09-30,
SR,2021-10-31,
SR,2021-11-30,
SR,2021-12-31,
SR,2022-01-31,
SR,2022-02-28,
SR,2022-03-31,
SR,2022-04-30,
SR,2022-05-31,
SR,2022-06-30,
SR,2022-07-31,
SR,2022-08-31,
SR,2022-09-30,
SR,2022-10-31,
SR,2022-11-30,
SR,2022-12-31,
SR,2023-01-31,
SR,2023-02-28,
SR,2023-03-31,
SR,2023-04-30,
SR,2023-05-31,
SR,2023-06-30,
SR,2023-07-31,
SR,2023-08-31,
SR,2023-09-30,
SR,2023-10-31,
SR,2023-11-30,
SR,2023-12-31,
SR,2024-01-31,
SR,2024-02-29,
SR,2024-03-31,
SR,2024-04-30,
SR,2024-05-31,
SR,2024-06-30,
SR,2024-07-31,
SR,2024-08-31,
SR,2024-09-30,
SR,2024-10-31,
SR,2024-11-30,
SR,2024-12-31,
SR,2025-01-31,
SV,2002-01-31,22.5484
SV,2002-02-28,20.7857
SV,2002-03-31,21.2581
SV,2002-04-30,15.9667
SV,2002-05-31,24.1613
SV,2002-06-30,19.0333
SV,2002-07-31,19.8387
SV,2002-08-31,17.0645
SV,2002-09-30,16.6333
SV,2002-10-31,19.9677
SV,2002-11-30,19.9333
SV,2002-12-31,18.2581
SV,2003-01-31,17.0645
SV,2003-02-28,19.4286
SV,2003-03-31,19.8387
SV,2003-04-30,31.4
SV,2003-05-31,20.129
SV,2003-06-30,20.6
SV,2003-07-31,19.3548
SV,2003-08-31,12.3871
SV,2003-09-30,19.4333
SV,2003-10-31,17.9032
SV,2003-11-30,20.0
SV,2003-12-31,18.8065
SV,2004-01-31,16.9032
SV,2004-02-29,16.3793
SV,2004-03-31,14.8065
SV,2004-04-30,0.0
SV,2004-05-31,0.0
SV,2004-06-30,0.0
SV,2004-07-31,0.0
SV,2004-08-31,0.0
SV,2004-09-30,0.0
SV,2004-10-31,0.0
SV,2004-11-30,0.0
SV,2004-12-31,0.0
SV,2005-01-31,22.6774
SV,2005-02-28,12.4643
SV,2005-03-31,26.1613
SV,2005-04-30,12.7333
SV,2005-05-31,12.2903
SV,2005-06-30,20.8667
SV,2005-07-31,12.2581
SV,2005-08-31,25.129
SV,2005-09-30,7.7333
SV,2005-10-31,25.7742
SV,2005-11-30,8.1667
SV,2005-12-31,13.5484
SV,2006-01-31,20.4839
SV,2006-02-28,22.1429
SV,2006-03-31,26.4194
SV,2006-04-30,3.3667
SV,2006-05-31,4.0
SV,2006-06-30,29.6
SV,2006-07-31,13.1613
SV,2006-08-31,17.871
SV,2006-09-30,16.5333
SV,2006-10-31,12.2258
SV,2006-11-30,19.4333
SV,2006-12-31,13.7419
SV,2007-01-31,28.9677
SV,2007-02-28,13.1429
SV,2007-03-31,18.4194
SV,2007-04-30,16.2333
SV,2007-05-31,23.0968
SV,2007-06-30,20.9333
SV,2007-07-31,16.4194
SV,2007-08-31,13.3548
SV,2007-09-30,18.0667
SV,2007-10-31,19.2258
SV,2007-11-30,21.7
SV,2007-12-31,21.129
SV,2008-01-31,17.6129
SV,2008-02-29,18.7586
SV,2008-03-31,12.2581
SV,2008-04-30,18.4667
SV,2008-05-31,19.9677
SV,2008-06-30,12.0667
SV,2008-07-31,11.871
SV,2008-08-31,12.2581
SV,2008-09-30,12.3
SV,2008-10-31,24.0323
SV,2008-11-30,12.6667
SV,2008-12-31,11.2903
SV,2009-01-31,23.3548
SV,2009-02-28,12.8571
SV,2009-03-31,24.3871
SV,2009-04-30,12.0333
SV,2009-05-31,12.1613
SV,2009-06-30,12.3333
SV,2009-07-31,23.871
SV,2009-08-31,12.129
SV,2009-09-30,12.0
SV,2009-10-31,11.7742
SV,2009-11-30,24.0
SV,2009-12-31,11.6129
SV,2010-01-31,22.7097
SV,2010-02-28,13.5714
SV,2010-03-31,11.6129
SV,2010-04-30,23.6667
SV,2010-05-31,11.0323
SV,2010-06-30,22.6667
SV,2010-07-31,10.871
SV,2010-08-31,11.5484
SV,2010-09-30,0.0
SV,2010-10-31,10.2903
SV,2010-11-30,11.9667
SV,2010-12-31,23.9032
SV,2011-01-31,11.6129
SV,2011-02-28,13.4643
SV,2011-03-31,23.6774
SV,2011-04-30,12.0
SV,2011-05-31,11.9677
SV,2011-06-30,11.4333
SV,2011-07-31,12.0
SV,2011-08-31,11.6129
SV,2011-09-30,12.0
SV,2011-10-31,11.8387
SV,2011-11-30,12.3667
SV,2011-12-31,11.9032
SV,2012-01-31,12.7742
SV,2012-02-29,13.2759
SV,2012-03-31,12.129
SV,2012-04-30,12.9333
SV,2012-05-31,13.3548
SV,2012-06-30,11.8667
SV,2012-07-31,13.0323
SV,2012-08-31,11.7419
SV,2012-09-30,0.0
SV,2012-10-31,0.0
SV,2012-11-30,0.0
SV,2012-12-31,0.0
SV,2013-01-31,0.0
SV,2013-02-28,0.0
SV,2013-03-31,0.0
SV,2013-04-30,0.0
SV,2013-05-31,0.0
SV,2013-06-30,0.0
SV,2013-07-31,0.0
SV,2013-08-31,0.0
SV,2013-09-30,0.0
SV,2013-10-31,0.0
SV,2013-11-30,0.0
SV,2013-12-31,0.0
SV,2014-01-31,0.0
SV,2014-02-28,0.0
SV,2014-03-31,0.0
SV,2014-04-30,0.0
SV,2014-05-31,0.0
SV,2014-06-30,0.0
SV,2014-07-31,0.0
SV,2014-08-31,0.0
SV,2014-09-30,0.0
SV,2014-10-31,0.0
SV,2014-11-30,0.0
SV,2014-12-31,0.0
SV,2015-01-31,0.0
SV,2015-02-28,0.0
SV,2015-03-31,0.0
SV,2015-04-30,0.0
SV,2015-05-31,0.0
SV,2015-06-30,0.0
SV,2015-07-31,0.0
SV,2015-08-31,0.0
SV,2015-09-30,0.0
SV,2015-10-31,0.0
SV,2015-11-30,0.0
SV,2015-12-31,0.0
SV,2016-01-31,0.0
SV,2016-02-29,0.0
SV,2016-03-31,0.0
SV,2016-04-30,0.0
SV,2016-05-31,0.0
SV,2016-06-30,0.0
SV,2016-07-31,0.0
SV,2016-08-31,
SV,2016-09-30,
SV,2016-10-31,
SV,2016-11-30,
SV,2016-12-31,
SV,2017-01-31,
SV,2017-02-28,
SV,2017-03-31,
SV,2017-04-30,
SV,2017-05-31,
SV,2017-06-30,
SV,2017-07-31,
SV,2017-08-31,
SV,2017-09-30,
SV,2017-10-31,
SV,2017-11-30,
SV,2017-12-31,
SV,2018-01-31,
SV,2018-02-28,
SV,2018-03-31,
SV,2018-04-30,
SV,2018-05-31,
SV,2018-06-30,
SV,2018-07-31,
SV,2018-08-31,
SV,2018-09-30,
SV,2018-10-31,
SV,2018-11-30,
SV,2018-12-31,
SV,2019-01-31,
SV,2019-02-28,
SV,2019-03-31,
SV,2019-04-30,
SV,2019-05-31,
SV,2019-06-30,
SV,2019-07-31,
SV,2019-08-31,
SV,2019-09-30,
SV,2019-10-31,
SV,2019-11-30,
SV,2019-12-31,
SV,2020-01-31,
SV,2020-02-29,
SV,2020-03-31,
SV,2020-04-30,
SV,2020-05-31,
SV,2020-06-30,
SV,2020-07-31,
SV,2020-08-31,
SV,2020-09-30,
SV,2020-10-31,
SV,2020-11-30,
SV,2020-12-31,
SV,2021-01-31,
SV,2021-02-28,
SV,2021-03-31,
SV,2021-04-30,
SV,2021-05-31,
SV,2021-06-30,
SV,2021-07-31,
SV,2021-08-31,
SV,2021-09-30,
SV,2021-10-31,
SV,2021-11-30,
SV,2021-12-31,
SV,2022-01-31,
SV,2022-02-28,
SV,2022-03-31,
SV,2022-04-30,
SV,2022-05-31,
SV,2022-06-30,
SV,2022-07-31,
SV,2022-08-31,
SV,2022-09-30,
SV,2022-10-31,
SV,2022-11-30,
SV,2022-12-31,
SV,2023-01-31,
SV,2023-02-28,
SV,2023-03-31,
SV,2023-04-30,
SV,2023-05-31,
SV,2023-06-30,
SV,2023-07-31,
SV,2023-08-31,
SV,2023-09-30,
SV,2023-10-31,
SV,2023-11-30,
SV,2023-12-31,
SV,2024-01-31,
SV,2024-02-29,
SV,2024-03-31,
SV,2024-04-30,
SV,2024-05-31,
SV,2024-06-30,
SV,2024-07-31,
SV,2024-08-31,
SV,2024-09-30,
SV,2024-10-31,
SV,2024-11-30,
SV,2024-12-31,
SV,2025-01-31,
SY,2002-01-31,
SY,2002-02-28,
SY,2002-03-31,
SY,2002-04-30,
SY,2002-05-31,
SY,2002-06-30,
SY,2002-07-31,
SY,2002-08-31,
SY,2002-09-30,
SY,2002-10-31,
SY,2002-11-30,
SY,2002-12-31,
SY,2003-01-31,
SY,2003-02-28,
SY,2003-03-31,
SY,2003-04-30,
SY,2003-05-31,
SY,2003-06-30,
SY,2003-07-31,
SY,2003-08-31,
SY,2003-09-30,
SY,2003-10-31,
SY,2003-11-30,
SY,2003-12-31,
SY,2004-01-31,
SY,2004-02-29,
SY,2004-03-31,
SY,2004-04-30,
SY,2004-05-31,
SY,2004-06-30,
SY,2004-07-31,
SY,2004-08-31,
SY,2004-09-30,
SY,2004-10-31,
SY,2004-11-30,
SY,2004-12-31,
SY,2005-01-31,
SY,2005-02-28,
SY,2005-03-31,
SY,2005-04-30,
SY,2005-05-31,
SY,2005-06-30,
SY,2005-07-31,
SY,2005-08-31,
SY,2005-09-30,
SY,2005-10-31,
SY,2005-11-30,
SY,2005-12-31,
SY,2006-01-31,
SY,2006-02-28,
SY,2006-03-31,
SY,2006-04-30,
SY,2006-05-31,
SY,2006-06-30,
SY,2006-07-31,
SY,2006-08-31,
SY,2006-09-30,
SY,2006-10-31,
SY,2006-11-30,
SY,2006-12-31,
SY,2007-01-31,
SY,2007-02-28,
SY,2007-03-31,
SY,2007-04-30,
SY,2007-05-31,
SY,2007-06-30,
SY,2007-07-31,
SY,2007-08-31,
SY,2007-09-30,
SY,2007-10-31,
SY,2007-11-30,
SY,2007-12-31,
SY,2008-01-31,
SY,2008-02-29,
SY,2008-03-31,
SY,2008-04-30,
SY,2008-05-31,
SY,2008-06-30,
SY,2008-07-31,
SY,2008-08-31,
SY,2008-09-30,
SY,2008-10-31,
SY,2008-11-30,
SY,2008-12-31,
SY,2009-01-31,
SY,2009-02-28,
SY,2009-03-31,
SY,2009-04-30,
SY,2009-05-31,
SY,2009-06-30,
SY,2009-07-31,
SY,2009-08-31,
SY,2009-09-30,
SY,2009-10-31,
SY,2009-11-30,
SY,2009-12-31,
SY,2010-01-31,
SY,2010-02-28,
SY,2010-03-31,
SY,2010-04-30,
SY,2010-05-31,
SY,2010-06-30,
SY,2010-07-31,
SY,2010-08-31,
SY,2010-09-30,
SY,2010-10-31,
SY,2010-11-30,
SY,2010-12-31,
SY,2011-01-31,
SY,2011-02-28,
SY,2011-03-31,
SY,2011-04-30,
SY,2011-05-31,
SY,2011-06-30,
SY,2011-07-31,
SY,2011-08-31,
SY,2011-09-30,
SY,2011-10-31,
SY,2011-11-30,
SY,2011-12-31,
SY,2012-01-31,
SY,2012-02-29,
SY,2012-03-31,
SY,2012-04-30,
SY,2012-05-31,
SY,2012-06-30,
SY,2012-07-31,
SY,2012-08-31,
SY,2012-09-30,
SY,2012-10-31,
SY,2012-11-30,
SY,2012-12-31,
SY,2013-01-31,
SY,2013-02-28,
SY,2013-03-31,
SY,2013-04-30,
SY,2013-05-31,
SY,2013-06-30,
SY,2013-07-31,
SY,2013-08-31,
SY,2013-09-30,
SY,2013-10-31,
SY,2013-11-30,
SY,2013-12-31,
SY,2014-01-31,
SY,2014-02-28,
SY,2014-03-31,
SY,2014-04-30,
SY,2014-05-31,
SY,2014-06-30,
SY,2014-07-31,
SY,2014-08-31,
SY,2014-09-30,
SY,2014-10-31,
SY,2014-11-30,
SY,2014-12-31,
SY,2015-01-31,
SY,2015-02-28,
SY,2015-03-31,
SY,2015-04-30,
SY,2015-05-31,
SY,2015-06-30,
SY,2015-07-31,
SY,2015-08-31,
SY,2015-09-30,
SY,2015-10-31,
SY,2015-11-30,
SY,2015-12-31,
SY,2016-01-31,
SY,2016-02-29,
SY,2016-03-31,
SY,2016-04-30,
SY,2016-05-31,
SY,2016-06-30,
SY,2016-07-31,
SY,2016-08-31,
SY,2016-09-30,
SY,2016-10-31,
SY,2016-11-30,
SY,2016-12-31,
SY,2017-01-31,
SY,2017-02-28,
SY,2017-03-31,
SY,2017-04-30,
SY,2017-05-31,
SY,2017-06-30,
SY,2017-07-31,
SY,2017-08-31,
SY,2017-09-30,
SY,2017-10-31,
SY,2017-11-30,
SY,2017-12-31,
SY,2018-01-31,
SY,2018-02-28,
SY,2018-03-31,
SY,2018-04-30,
SY,2018-05-31,
SY,2018-06-30,
SY,2018-07-31,
SY,2018-08-31,
SY,2018-09-30,
SY,2018-10-31,
SY,2018-11-30,
SY,2018-12-31,
SY,2019-01-31,
SY,2019-02-28,
SY,2019-03-31,
SY,2019-04-30,
SY,2019-05-31,
SY,2019-06-30,
SY,2019-07-31,
SY,2019-08-31,
SY,2019-09-30,
SY,2019-10-31,
SY,2019-11-30,
SY,2019-12-31,
SY,2020-01-31,
SY,2020-02-29,
SY,2020-03-31,
SY,2020-04-30,
SY,2020-05-31,
SY,2020-06-30,
SY,2020-07-31,
SY,2020-08-31,
SY,2020-09-30,
SY,2020-10-31,
SY,2020-11-30,
SY,2020-12-31,
SY,2021-01-31,
SY,2021-02-28,
SY,2021-03-31,
SY,2021-04-30,
SY,2021-05-31,
SY,2021-06-30,
SY,2021-07-31,
SY,2021-08-31,
SY,2021-09-30,
SY,2021-10-31,
SY,2021-11-30,
SY,2021-12-31,
SY,2022-01-31,
SY,2022-02-28,
SY,2022-03-31,
SY,2022-04-30,
SY,2022-05-31,
SY,2022-06-30,
SY,2022-07-31,
SY,2022-08-31,
SY,2022-09-30,
SY,2022-10-31,
SY,2022-11-30,
SY,2022-12-31,
SY,2023-01-31,
SY,2023-02-28,
SY,2023-03-31,
SY,2023-04-30,
SY,2023-05-31,
SY,2023-06-30,
SY,2023-07-31,
SY,2023-08-31,
SY,2023-09-30,
SY,2023-10-31,
SY,2023-11-30,
SY,2023-12-31,
SY,2024-01-31,
SY,2024-02-29,
SY,2024-03-31,
SY,2024-04-30,
SY,2024-05-31,
SY,2024-06-30,
SY,2024-07-31,
SY,2024-08-31,
SY,2024-09-30,
SY,2024-10-31,
SY,2024-11-30,
SY,2024-12-31,
SY,2025-01-31,
SY,2025-02-28,
SY,2025-03-31,
SZ,2002-01-31,
SZ,2002-02-28,
SZ,2002-03-31,
SZ,2002-04-30,
SZ,2002-05-31,
SZ,2002-06-30,
SZ,2002-07-31,
SZ,2002-08-31,
SZ,2002-09-30,
SZ,2002-10-31,
SZ,2002-11-30,
SZ,2002-12-31,
SZ,2003-01-31,
SZ,2003-02-28,
SZ,2003-03-31,
SZ,2003-04-30,
SZ,2003-05-31,
SZ,2003-06-30,
SZ,2003-07-31,
SZ,2003-08-31,
SZ,2003-09-30,
SZ,2003-10-31,
SZ,2003-11-30,
SZ,2003-12-31,
SZ,2004-01-31,
SZ,2004-02-29,
SZ,2004-03-31,
SZ,2004-04-30,
SZ,2004-05-31,
SZ,2004-06-30,
SZ,2004-07-31,
SZ,2004-08-31,
SZ,2004-09-30,
SZ,2004-10-31,
SZ,2004-11-30,
SZ,2004-12-31,
SZ,2005-01-31,
SZ,2005-02-28,
SZ,2005-03-31,
SZ,2005-04-30,
SZ,2005-05-31,
SZ,2005-06-30,
SZ,2005-07-31,
SZ,2005-08-31,
SZ,2005-09-30,
SZ,2005-10-31,
SZ,2005-11-30,
SZ,2005-12-31,
SZ,2006-01-31,
SZ,2006-02-28,
SZ,2006-03-31,
SZ,2006-04-30,
SZ,2006-05-31,
SZ,2006-06-30,
SZ,2006-07-31,
SZ,2006-08-31,
SZ,2006-09-30,
SZ,2006-10-31,
SZ,2006-11-30,
SZ,2006-12-31,
SZ,2007-01-31,
SZ,2007-02-28,
SZ,2007-03-31,
SZ,2007-04-30,
SZ,2007-05-31,
SZ,2007-06-30,
SZ,2007-07-31,
SZ,2007-08-31,
SZ,2007-09-30,
SZ,2007-10-31,
SZ,2007-11-30,
SZ,2007-12-31,
SZ,2008-01-31,
SZ,2008-02-29,
SZ,2008-03-31,
SZ,2008-04-30,
SZ,2008-05-31,
SZ,2008-06-30,
SZ,2008-07-31,
SZ,2008-08-31,
SZ,2008-09-30,
SZ,2008-10-31,
SZ,2008-11-30,
SZ,2008-12-31,
SZ,2009-01-31,
SZ,2009-02-28,
SZ,2009-03-31,
SZ,2009-04-30,
SZ,2009-05-31,
SZ,2009-06-30,
SZ,2009-07-31,
SZ,2009-08-31,
SZ,2009-09-30,
SZ,2009-10-31,
SZ,2009-11-30,
SZ,2009-12-31,
SZ,2010-01-31,
SZ,2010-02-28,
SZ,2010-03-31,
SZ,2010-04-30,
SZ,2010-05-31,
SZ,2010-06-30,
SZ,2010-07-31,
SZ,2010-08-31,
SZ,2010-09-30,
SZ,2010-10-31,
SZ,2010-11-30,
SZ,2010-12-31,
SZ,2011-01-31,
SZ,2011-02-28,
SZ,2011-03-31,
SZ,2011-04-30,
SZ,2011-05-31,
SZ,2011-06-30,
SZ,2011-07-31,
SZ,2011-08-31,
SZ,2011-09-30,
SZ,2011-10-31,
SZ,2011-11-30,
SZ,2011-12-31,
SZ,2012-01-31,
SZ,2012-02-29,
SZ,2012-03-31,
SZ,2012-04-30,
SZ,2012-05-31,
SZ,2012-06-30,
SZ,2012-07-31,
SZ,2012-08-31,
SZ,2012-09-30,
SZ,2012-10-31,
SZ,2012-11-30,
SZ,2012-12-31,
SZ,2013-01-31,
SZ,2013-02-28,
SZ,2013-03-31,
SZ,2013-04-30,
SZ,2013-05-31,
SZ,2013-06-30,
SZ,2013-07-31,
SZ,2013-08-31,
SZ,2013-09-30,
SZ,2013-10-31,
SZ,2013-11-30,
SZ,2013-12-31,
SZ,2014-01-31,
SZ,2014-02-28,
SZ,2014-03-31,
SZ,2014-04-30,
SZ,2014-05-31,
SZ,2014-06-30,
SZ,2014-07-31,
SZ,2014-08-31,
SZ,2014-09-30,
SZ,2014-10-31,
SZ,2014-11-30,
SZ,2014-12-31,
SZ,2015-01-31,
SZ,2015-02-28,
SZ,2015-03-31,
SZ,2015-04-30,
SZ,2015-05-31,
SZ,2015-06-30,
SZ,2015-07-31,
SZ,2015-08-31,
SZ,2015-09-30,
SZ,2015-10-31,
SZ,2015-11-30,
SZ,2015-12-31,
SZ,2016-01-31,
SZ,2016-02-29,
SZ,2016-03-31,
SZ,2016-04-30,
SZ,2016-05-31,
SZ,2016-06-30,
SZ,2016-07-31,
SZ,2016-08-31,
SZ,2016-09-30,
SZ,2016-10-31,
SZ,2016-11-30,
SZ,2016-12-31,
SZ,2017-01-31,
SZ,2017-02-28,
SZ,2017-03-31,
SZ,2017-04-30,
SZ,2017-05-31,
SZ,2017-06-30,
SZ,2017-07-31,
SZ,2017-08-31,
SZ,2017-09-30,
SZ,2017-10-31,
SZ,2017-11-30,
SZ,2017-12-31,
SZ,2018-01-31,
SZ,2018-02-28,
SZ,2018-03-31,
SZ,2018-04-30,
SZ,2018-05-31,
SZ,2018-06-30,
SZ,2018-07-31,
SZ,2018-08-31,
SZ,2018-09-30,
SZ,2018-10-31,
SZ,2018-11-30,
SZ,2018-12-31,
SZ,2019-01-31,
SZ,2019-02-28,
SZ,2019-03-31,
SZ,2019-04-30,
SZ,2019-05-31,
SZ,2019-06-30,
SZ,2019-07-31,
SZ,2019-08-31,
SZ,2019-09-30,
SZ,2019-10-31,
SZ,2019-11-30,
SZ,2019-12-31,
SZ,2020-01-31,
SZ,2020-02-29,
SZ,2020-03-31,
SZ,2020-04-30,
SZ,2020-05-31,
SZ,2020-06-30,
SZ,2020-07-31,
SZ,2020-08-31,
SZ,2020-09-30,
SZ,2020-10-31,
SZ,2020-11-30,
SZ,2020-12-31,
SZ,2021-01-31,
SZ,2021-02-28,
SZ,2021-03-31,
SZ,2021-04-30,
SZ,2021-05-31,
SZ,2021-06-30,
SZ,2021-07-31,
SZ,2021-08-31,
SZ,2021-09-30,
SZ,2021-10-31,
SZ,2021-11-30,
SZ,2021-12-31,
SZ,2022-01-31,
SZ,2022-02-28,
SZ,2022-03-31,
SZ,2022-04-30,
SZ,2022-05-31,
SZ,2022-06-30,
SZ,2022-07-31,
SZ,2022-08-31,
SZ,2022-09-30,
SZ,2022-10-31,
SZ,2022-11-30,
SZ,2022-12-31,
SZ,2023-01-31,
SZ,2023-02-28,
SZ,2023-03-31,
SZ,2023-04-30,
SZ,2023-05-31,
SZ,2023-06-30,
SZ,2023-07-31,
SZ,2023-08-31,
SZ,2023-09-30,
SZ,2023-10-31,
SZ,2023-11-30,
SZ,2023-12-31,
SZ,2024-01-31,
SZ,2024-02-29,
SZ,2024-03-31,
SZ,2024-04-30,
SZ,2024-05-31,
SZ,2024-06-30,
SZ,2024-07-31,
SZ,2024-08-31,
SZ,2024-09-30,
SZ,2024-10-31,
SZ,2024-11-30,
SZ,2024-12-31,
SZ,2025-01-31,
SZ,2025-02-28,
SZ,2025-03-31,
TH,2002-01-31,813.8527
TH,2002-02-28,837.045
TH,2002-03-31,711.1095
TH,2002-04-30,835.8759
TH,2002-05-31,844.2926
TH,2002-06-30,844.0356
TH,2002-07-31,846.6567
TH,2002-08-31,845.2413
TH,2002-09-30,823.8002
TH,2002-10-31,809.9665
TH,2002-11-30,885.3605
TH,2002-12-31,838.7506
TH,2003-01-31,847.2443
TH,2003-02-28,813.8324
TH,2003-03-31,847.1285
TH,2003-04-30,803.4549
TH,2003-05-31,833.9179
TH,2003-06-30,846.8454
TH,2003-07-31,835.0974
TH,2003-08-31,858.0974
TH,2003-09-30,926.44
TH,2003-10-31,903.2735
TH,2003-11-30,671.3334
TH,2003-12-31,959.3137
TH,2004-01-31,934.5405
TH,2004-02-29,929.1302
TH,2004-03-31,794.9753
TH,2004-04-30,939.233
TH,2004-05-31,915.9015
TH,2004-06-30,920.5888
TH,2004-07-31,962.1449
TH,2004-08-31,909.171
TH,2004-09-30,897.7926
TH,2004-10-31,966.9673
TH,2004-11-30,965.448
TH,2004-12-31,975.1214
TH,2005-01-31,951.5278
TH,2005-02-28,842.4161
TH,2005-03-31,917.8995
TH,2005-04-30,952.6401
TH,2005-05-31,912.2378
TH,2005-06-30,944.3665
TH,2005-07-31,951.5278
TH,2005-08-31,914.8327
TH,2005-09-30,924.1194
TH,2005-10-31,870.0111
TH,2005-11-30,810.1474
TH,2005-12-31,912.0019
TH,2006-01-31,946.3372
TH,2006-02-28,917.6458
TH,2006-03-31,915.3189
TH,2006-04-30,956.6712
TH,2006-05-31,935.3563
TH,2006-06-30,932.535
TH,2006-07-31,966.3917
TH,2006-08-31,946.6796
TH,2006-09-30,928.9948
TH,2006-10-31,917.3172
TH,2006-11-30,836.5922
TH,2006-12-31,809.6053
TH,2007-01-31,920.4944
TH,2007-02-28,916.0785
TH,2007-03-31,857.6255
TH,2007-04-30,958.9781
TH,2007-05-31,941.2539
TH,2007-06-30,938.8738
TH,2007-07-31,928.878
TH,2007-08-31,962.7211
TH,2007-09-30,953.9894
TH,2007-10-31,857.0364
TH,2007-11-30,845.7422
TH,2007-12-31,967.5714
TH,2008-01-31,993.9962
TH,2008-02-29,1064.6719
TH,2008-03-31,993.9962
TH,2008-04-30,1029.1829
TH,2008-05-31,1009.4299
TH,2008-06-30,873.6597
TH,2008-07-31,958.2389
TH,2008-08-31,859.277
TH,2008-09-30,804.6738
TH,2008-10-31,945.2642
TH,2008-11-30,805.5152
TH,2008-12-31,892.8937
TH,2009-01-31,895.847
TH,2009-02-28,881.2165
TH,2009-03-31,998.479
TH,2009-04-30,964.8285
TH,2009-05-31,941.2539
TH,2009-06-30,950.3324
TH,2009-07-31,953.4153
TH,2009-08-31,910.0032
TH,2009-09-30,974.2248
TH,2009-10-31,931.7092
TH,2009-11-30,918.1508
TH,2009-12-31,916.8453
TH,2010-01-31,939.967
TH,2010-02-28,918.0427
TH,2010-03-31,998.7149
TH,2010-04-30,948.8696
TH,2010-05-31,965.7878
TH,2010-06-30,958.134
TH,2010-07-31,981.8292
TH,2010-08-31,972.629
TH,2010-09-30,953.3883
TH,2010-10-31,966.0519
TH,2010-11-30,973.2496
TH,2010-12-31,959.6543
TH,2011-01-31,1014.0507
TH,2011-02-28,792.5241
TH,2011-03-31,942.7982
TH,2011-04-30,974.0916
TH,2011-05-31,979.942
TH,2011-06-30,972.629
TH,2011-07-31,994.9399
TH,2011-08-31,981.8292
TH,2011-09-30,911.812
TH,2011-10-31,858.4518
TH,2011-11-30,794.788
TH,2011-12-31,1004.1414
TH,2012-01-31,1015.7023
TH,2012-02-29,1013.4809
TH,2012-03-31,1029.4817
TH,2012-04-30,1006.1626
TH,2012-05-31,979.8401
TH,2012-06-30,920.5888
TH,2012-07-31,921.9098
TH,2012-08-31,949.7464
TH,2012-09-30,941.5556
TH,2012-10-31,924.3952
TH,2012-11-30,1001.7742
TH,2012-12-31,1017.1179
TH,2013-01-31,1060.1491
TH,2013-02-28,1141.7676
TH,2013-03-31,1075.158
TH,2013-04-30,1105.3892
TH,2013-05-31,1001.5461
TH,2013-06-30,996.0306
TH,2013-07-31,1087.278
TH,2013-08-31,1096.8641
TH,2013-09-30,1083.691
TH,2013-10-31,1075.9546
TH,2013-11-30,1086.8604
TH,2013-12-31,1119.9857
TH,2014-01-31,1115.7389
TH,2014-02-28,971.5888
TH,2014-03-31,980.7838
TH,2014-04-30,1043.119
TH,2014-05-31,1019.5737
TH,2014-06-30,959.353
TH,2014-07-31,876.9722
TH,2014-08-31,1074.3033
TH,2014-09-30,1061.0176
TH,2014-10-31,1022.7803
TH,2014-11-30,1103.0442
TH,2014-12-31,1114.3233
TH,2015-01-31,1133.1981
TH,2015-02-28,1124.7887
TH,2015-03-31,1104.7348
TH,2015-04-30,1137.5708
TH,2015-05-31,1146.6465
TH,2015-06-30,1137.1715
TH,2015-07-31,1139.6485
TH,2015-08-31,1112.9077
TH,2015-09-30,1110.3572
TH,2015-10-31,1134.2227
TH,2015-11-30,1150.0046
TH,2015-12-31,1156.7917
TH,2016-01-31,1167.3324
TH,2016-02-29,1064.0609
TH,2016-03-31,1071.7084
TH,2016-04-30,1128.6397
TH,2016-05-31,977.3471
TH,2016-06-30,977.3942
TH,2016-07-31,1089.1652
TH,2016-08-31,1088.6063
TH,2016-09-30,1089.3932
TH,2016-10-31,1152.7808
TH,2016-11-30,1132.5399
TH,2016-12-31,1159.9362
TH,2017-01-31,1155.2181
TH,2017-02-28,1033.4836
TH,2017-03-31,1057.9347
TH,2017-04-30,1164.3888
TH,2017-05-31,1098.7515
TH,2017-06-30,1071.9392
TH,2017-07-31,1166.701
TH,2017-08-31,1191.2383
TH,2017-09-30,1181.4548
TH,2017-10-31,1118.3342
TH,2017-11-30,1183.8928
TH,2017-12-31,1197.9166
TH,2018-01-31,1101.6681
TH,2018-02-28,1144.9022
TH,2018-03-31,1152.3873
TH,2018-04-30,1146.2605
TH,2018-05-31,1031.5099
TH,2018-06-30,1083.3515
TH,2018-07-31,1161.9823
TH,2018-08-31,1101.6681
TH,2018-09-30,1138.0584
TH,2018-10-31,1159.9362
TH,2018-11-30,1182.5121
TH,2018-12-31,1138.6246
TH,2019-01-31,1149.7923
TH,2019-02-28,1139.1555
TH,2019-03-31,1149.4777
TH,2019-04-30,1167.802
TH,2019-05-31,1081.9121
TH,2019-06-30,984.9264
TH,2019-07-31,1021.8366
TH,2019-08-31,1068.7877
TH,2019-09-30,986.0362
TH,2019-10-31,765.3747
TH,2019-11-30,789.804
TH,2019-12-31,989.2775
TH,2020-01-31,1017.3538
TH,2020-02-29,1052.9638
TH,2020-03-31,1058.7873
TH,2020-04-30,965.0722
TH,2020-05-31,941.018
TH,2020-06-30,1033.8533
TH,2020-07-31,995.9834
TH,2020-08-31,984.896
TH,2020-09-30,919.6136
TH,2020-10-31,959.9168
TH,2020-11-30,1006.4064
TH,2020-12-31,1045.2872
TH,2021-01-31,1036.8423
TH,2021-02-28,950.82
TH,2021-03-31,950.9259
TH,2021-04-30,1047.8524
TH,2021-05-31,1009.6658
TH,2021-06-30,1013.7204
TH,2021-07-31,963.9006
TH,2021-08-31,968.3827
TH,2021-09-30,865.0024
TH,2021-10-31,1004.1414
TH,2021-11-30,1067.9418
TH,2021-12-31,1062.9799
TH,2022-01-31,1018.5335
TH,2022-02-28,1087.1739
TH,2022-03-31,1084.8314
TH,2022-04-30,1078.4237
TH,2022-05-31,1068.4057
TH,2022-06-30,1071.3545
TH,2022-07-31,1046.9889
TH,2022-08-31,1033.1615
TH,2022-09-30,1065.5041
TH,2022-10-31,859.8673
TH,2022-11-30,809.6821
TH,2022-12-31,1041.8911
TH,2023-01-31,1018.5335
TH,2023-02-28,1087.1739
TH,2023-03-31,1084.8314
TH,2023-04-30,1082.2282
TH,2023-05-31,1023.0163
TH,2023-06-30,1053.36
TH,2023-07-31,1050.6207
TH,2023-08-31,1036.5588
TH,2023-09-30,956.4096
TH,2023-10-31,1031.133
TH,2023-11-30,1075.7423
TH,2023-12-31,1082.0001
TH,2024-01-31,1001.5461
TH,2024-02-29,1095.0823
TH,2024-03-31,1101.3468
TH,2024-04-30,1151.7112
TH,2024-05-31,995.8837
TH,2024-06-30,1082.9596
TH,2024-07-31,1091.4375
TH,2024-08-31,1113.2273
TH,2024-09-30,1067.3564
TH,2024-10-31,1071.8549
TH,2024-11-30,1105.4818
TH,2024-12-31,1152.3873
TH,2025-01-31,1104.4989
TH,2025-02-28,1112.3595
TH,2025-03-31,1119.5967
TJ,2002-01-31,
TJ,2002-02-28,
TJ,2002-03-31,
TJ,2002-04-30,
TJ,2002-05-31,
TJ,2002-06-30,
TJ,2002-07-31,
TJ,2002-08-31,
TJ,2002-09-30,
TJ,2002-10-31,
TJ,2002-11-30,
TJ,2002-12-31,
TJ,2003-01-31,
TJ,2003-02-28,
TJ,2003-03-31,
TJ,2003-04-30,
TJ,2003-05-31,
TJ,2003-06-30,
TJ,2003-07-31,
TJ,2003-08-31,
TJ,2003-09-30,
TJ,2003-10-31,
TJ,2003-11-30,
TJ,2003-12-31,
TJ,2004-01-31,
TJ,2004-02-29,
TJ,2004-03-31,
TJ,2004-04-30,
TJ,2004-05-31,
TJ,2004-06-30,
TJ,2004-07-31,
TJ,2004-08-31,
TJ,2004-09-30,
TJ,2004-10-31,
TJ,2004-11-30,
TJ,2004-12-31,
TJ,2005-01-31,
TJ,2005-02-28,
TJ,2005-03-31,
TJ,2005-04-30,
TJ,2005-05-31,
TJ,2005-06-30,
TJ,2005-07-31,
TJ,2005-08-31,
TJ,2005-09-30,
TJ,2005-10-31,
TJ,2005-11-30,
TJ,2005-12-31,
TJ,2006-01-31,
TJ,2006-02-28,
TJ,2006-03-31,
TJ,2006-04-30,
TJ,2006-05-31,
TJ,2006-06-30,
TJ,2006-07-31,
TJ,2006-08-31,
TJ,2006-09-30,
TJ,2006-10-31,
TJ,2006-11-30,
TJ,2006-12-31,
TJ,2007-01-31,
TJ,2007-02-28,
TJ,2007-03-31,
TJ,2007-04-30,
TJ,2007-05-31,
TJ,2007-06-30,
TJ,2007-07-31,
TJ,2007-08-31,
TJ,2007-09-30,
TJ,2007-10-31,
TJ,2007-11-30,
TJ,2007-12-31,
TJ,2008-01-31,
TJ,2008-02-29,
TJ,2008-03-31,
TJ,2008-04-30,
TJ,2008-05-31,
TJ,2008-06-30,
TJ,2008-07-31,
TJ,2008-08-31,
TJ,2008-09-30,
TJ,2008-10-31,
TJ,2008-11-30,
TJ,2008-12-31,
TJ,2009-01-31,
TJ,2009-02-28,
TJ,2009-03-31,
TJ,2009-04-30,
TJ,2009-05-31,
TJ,2009-06-30,
TJ,2009-07-31,
TJ,2009-08-31,
TJ,2009-09-30,
TJ,2009-10-31,
TJ,2009-11-30,
TJ,2009-12-31,
TJ,2010-01-31,
TJ,2010-02-28,
TJ,2010-03-31,
TJ,2010-04-30,
TJ,2010-05-31,
TJ,2010-06-30,
TJ,2010-07-31,
TJ,2010-08-31,
TJ,2010-09-30,
TJ,2010-10-31,
TJ,2010-11-30,
TJ,2010-12-31,
TJ,2011-01-31,
TJ,2011-02-28,
TJ,2011-03-31,
TJ,2011-04-30,
TJ,2011-05-31,
TJ,2011-06-30,
TJ,2011-07-31,
TJ,2011-08-31,
TJ,2011-09-30,
TJ,2011-10-31,
TJ,2011-11-30,
TJ,2011-12-31,
TJ,2012-01-31,
TJ,2012-02-29,
TJ,2012-03-31,
TJ,2012-04-30,
TJ,2012-05-31,
TJ,2012-06-30,
TJ,2012-07-31,
TJ,2012-08-31,
TJ,2012-09-30,
TJ,2012-10-31,
TJ,2012-11-30,
TJ,2012-12-31,
TJ,2013-01-31,
TJ,2013-02-28,
TJ,2013-03-31,
TJ,2013-04-30,
TJ,2013-05-31,
TJ,2013-06-30,
TJ,2013-07-31,
TJ,2013-08-31,
TJ,2013-09-30,
TJ,2013-10-31,
TJ,2013-11-30,
TJ,2013-12-31,
TJ,2014-01-31,
TJ,2014-02-28,
TJ,2014-03-31,
TJ,2014-04-30,
TJ,2014-05-31,
TJ,2014-06-30,
TJ,2014-07-31,
TJ,2014-08-31,
TJ,2014-09-30,
TJ,2014-10-31,
TJ,2014-11-30,
TJ,2014-12-31,
TJ,2015-01-31,
TJ,2015-02-28,
TJ,2015-03-31,
TJ,2015-04-30,
TJ,2015-05-31,
TJ,2015-06-30,
TJ,2015-07-31,
TJ,2015-08-31,
TJ,2015-09-30,
TJ,2015-10-31,
TJ,2015-11-30,
TJ,2015-12-31,
TJ,2016-01-31,
TJ,2016-02-29,
TJ,2016-03-31,
TJ,2016-04-30,
TJ,2016-05-31,
TJ,2016-06-30,
TJ,2016-07-31,
TJ,2016-08-31,
TJ,2016-09-30,
TJ,2016-10-31,0.6645
TJ,2016-11-30,
TJ,2016-12-31,
TJ,2017-01-31,
TJ,2017-02-28,
TJ,2017-03-31,
TJ,2017-04-30,
TJ,2017-05-31,
TJ,2017-06-30,
TJ,2017-07-31,
TJ,2017-08-31,
TJ,2017-09-30,
TJ,2017-10-31,
TJ,2017-11-30,
TJ,2017-12-31,
TJ,2018-01-31,
TJ,2018-02-28,
TJ,2018-03-31,
TJ,2018-04-30,
TJ,2018-05-31,
TJ,2018-06-30,
TJ,2018-07-31,
TJ,2018-08-31,
TJ,2018-09-30,
TJ,2018-10-31,
TJ,2018-11-30,
TJ,2018-12-31,
TJ,2019-01-31,
TJ,2019-02-28,
TJ,2019-03-31,
TJ,2019-04-30,
TJ,2019-05-31,
TJ,2019-06-30,
TJ,2019-07-31,
TJ,2019-08-31,
TJ,2019-09-30,
TJ,2019-10-31,
TJ,2019-11-30,
TJ,2019-12-31,
TJ,2020-01-31,
TJ,2020-02-29,
TJ,2020-03-31,
TJ,2020-04-30,
TJ,2020-05-31,
TJ,2020-06-30,
TJ,2020-07-31,
TJ,2020-08-31,
TJ,2020-09-30,
TJ,2020-10-31,
TJ,2020-11-30,
TJ,2020-12-31,
TJ,2021-01-31,
TJ,2021-02-28,
TJ,2021-03-31,
TJ,2021-04-30,
TJ,2021-05-31,
TJ,2021-06-30,
TJ,2021-07-31,
TJ,2021-08-31,
TJ,2021-09-30,
TJ,2021-10-31,
TJ,2021-11-30,
TJ,2021-12-31,
TJ,2022-01-31,
TJ,2022-02-28,
TJ,2022-03-31,
TJ,2022-04-30,
TJ,2022-05-31,
TJ,2022-06-30,
TJ,2022-07-31,
TJ,2022-08-31,
TJ,2022-09-30,
TJ,2022-10-31,
TJ,2022-11-30,
TJ,2022-12-31,
TJ,2023-01-31,
TJ,2023-02-28,
TJ,2023-03-31,
TJ,2023-04-30,
TJ,2023-05-31,
TJ,2023-06-30,
TJ,2023-07-31,
TJ,2023-08-31,
TJ,2023-09-30,
TJ,2023-10-31,
TJ,2023-11-30,
TJ,2023-12-31,
TJ,2024-01-31,
TJ,2024-02-29,
TJ,2024-03-31,
TJ,2024-04-30,
TJ,2024-05-31,
TJ,2024-06-30,
TJ,2024-07-31,
TJ,2024-08-31,
TJ,2024-09-30,
TJ,2024-10-31,
TJ,2024-11-30,
TJ,2024-12-31,
TJ,2025-01-31,
TJ,2025-02-28,
TJ,2025-03-31,
TR,2002-01-31,530.6226
TR,2002-02-28,518.7
TR,2002-03-31,502.4081
TR,2002-04-30,488.04
TR,2002-05-31,499.8
TR,2002-06-30,524.055
TR,2002-07-31,551.25
TR,2002-08-31,561.4452
TR,2002-09-30,555.17
TR,2002-10-31,541.0548
TR,2002-11-30,507.64
TR,2002-12-31,520.4274
TR,2003-01-31,492.6871
TR,2003-02-28,512.925
TR,2003-03-31,518.7677
TR,2003-04-30,477.015
TR,2003-05-31,485.5742
TR,2003-06-30,555.17
TR,2003-07-31,569.7435
TR,2003-08-31,611.7097
TR,2003-09-30,584.08
TR,2003-10-31,511.4177
TR,2003-11-30,561.54
TR,2003-12-31,553.1468
TR,2004-01-31,473.2452
TR,2004-02-29,512.4724
TR,2004-03-31,549.3532
TR,2004-04-30,454.72
TR,2004-05-31,567.1355
TR,2004-06-30,598.535
TR,2004-07-31,569.5065
TR,2004-08-31,558.3629
TR,2004-09-30,495.635
TR,2004-10-31,511.1806
TR,2004-11-30,515.235
TR,2004-12-31,505.7274
TR,2005-01-31,468.9774
TR,2005-02-28,498.4875
TR,2005-03-31,479.1726
TR,2005-04-30,509.11
TR,2005-05-31,539.1581
TR,2005-06-30,549.78
TR,2005-07-31,560.2597
TR,2005-08-31,546.0339
TR,2005-09-30,547.085
TR,2005-10-31,555.5177
TR,2005-11-30,529.935
TR,2005-12-31,477.75
TR,2006-01-31,437.9177
TR,2006-02-28,386.6625
TR,2006-03-31,464.4726
TR,2006-04-30,557.62
TR,2006-05-31,547.6935
TR,2006-06-30,579.915
TR,2006-07-31,555.7548
TR,2006-08-31,574.4855
TR,2006-09-30,581.875
TR,2006-10-31,562.6306
TR,2006-11-30,579.915
TR,2006-12-31,545.3226
TR,2007-01-31,492.9242
TR,2007-02-28,547.8375
TR,2007-03-31,473.4823
TR,2007-04-30,504.455
TR,2007-05-31,534.8903
TR,2007-06-30,558.11
TR,2007-07-31,546.9823
TR,2007-08-31,509.521
TR,2007-09-30,521.85
TR,2007-10-31,531.0968
TR,2007-11-30,516.95
TR,2007-12-31,495.7694
TR,2008-01-31,539.6323
TR,2008-02-29,426.0466
TR,2008-03-31,450.721
TR,2008-04-30,524.79
TR,2008-05-31,538.6839
TR,2008-06-30,495.88
TR,2008-07-31,525.8806
TR,2008-08-31,538.921
TR,2008-09-30,569.625
TR,2008-10-31,492.9242
TR,2008-11-30,442.225
TR,2008-12-31,348.7694
TR,2009-01-31,362.7581
TR,2009-02-28,277.9875
TR,2009-03-31,323.4
TR,2009-04-30,367.5
TR,2009-05-31,391.4468
TR,2009-06-30,434.63
TR,2009-07-31,422.0323
TR,2009-08-31,394.529
TR,2009-09-30,406.7
TR,2009-10-31,376.0355
TR,2009-11-30,377.79
TR,2009-12-31,365.8403
TR,2010-01-31,308.4629
TR,2010-02-28,300.5625
TR,2010-03-31,345.2129
TR,2010-04-30,396.165
TR,2010-05-31,388.6016
TR,2010-06-30,404.005
TR,2010-07-31,466.1323
TR,2010-08-31,403.7758
TR,2010-09-30,438.55
TR,2010-10-31,407.3323
TR,2010-11-30,434.875
TR,2010-12-31,413.0226
TR,2011-01-31,352.3258
TR,2011-02-28,370.65
TR,2011-03-31,383.6226
TR,2011-04-30,378.525
TR,2011-05-31,437.2065
TR,2011-06-30,416.255
TR,2011-07-31,430.8048
TR,2011-08-31,440.5258
TR,2011-09-30,404.005
TR,2011-10-31,391.2097
TR,2011-11-30,378.035
TR,2011-12-31,358.0161
TR,2012-01-31,295.4226
TR,2012-02-29,404.25
TR,2012-03-31,432.7016
TR,2012-04-30,370.93
TR,2012-05-31,343.5532
TR,2012-06-30,424.83
TR,2012-07-31,393.3435
TR,2012-08-31,425.1145
TR,2012-09-30,422.135
TR,2012-10-31,450.721
TR,2012-11-30,428.505
TR,2012-12-31,401.6419
TR,2013-01-31,387.4161
TR,2013-02-28,378.7875
TR,2013-03-31,333.5952
TR,2013-04-30,406.7
TR,2013-05-31,480.5952
TR,2013-06-30,480.2
TR,2013-07-31,484.8629
TR,2013-08-31,415.6306
TR,2013-09-30,445.655
TR,2013-10-31,411.8371
TR,2013-11-30,423.36
TR,2013-12-31,412.7855
TR,2014-01-31,338.5742
TR,2014-02-28,406.6125
TR,2014-03-31,377.9323
TR,2014-04-30,396.41
TR,2014-05-31,363.9435
TR,2014-06-30,340.55
TR,2014-07-31,416.1048
TR,2014-08-31,442.1855
TR,2014-09-30,450.555
TR,2014-10-31,481.3065
TR,2014-11-30,479.465
TR,2014-12-31,396.1887
TR,2015-01-31,426.5371
TR,2015-02-28,465.4125
TR,2015-03-31,476.8016
TR,2015-04-30,486.08
TR,2015-05-31,521.3758
TR,2015-06-30,523.565
TR,2015-07-31,539.3952
TR,2015-08-31,550.5387
TR,2015-09-30,588.98
TR,2015-10-31,581.1242
TR,2015-11-30,577.465
TR,2015-12-31,582.3097
TR,2016-01-31,539.3952
TR,2016-02-29,496.7586
TR,2016-03-31,495.2952
TR,2016-04-30,502.25
TR,2016-05-31,475.8532
TR,2016-06-30,528.71
TR,2016-07-31,544.1371
TR,2016-08-31,544.6113
TR,2016-09-30,561.54
TR,2016-10-31,561.4452
TR,2016-11-30,575.75
TR,2016-12-31,568.321
TR,2017-01-31,537.4984
TR,2017-02-28,513.7125
TR,2017-03-31,529.4371
TR,2017-04-30,606.13
TR,2017-05-31,597.721
TR,2017-06-30,565.215
TR,2017-07-31,544.1371
TR,2017-08-31,578.9903
TR,2017-09-30,571.83
TR,2017-10-31,553.1468
TR,2017-11-30,466.725
TR,2017-12-31,449.7726
TR,2018-01-31,454.2774
TR,2018-02-28,388.5
TR,2018-03-31,372.9532
TR,2018-04-30,377.79
TR,2018-05-31,455.4629
TR,2018-06-30,488.04
TR,2018-07-31,542.7145
TR,2018-08-31,584.9177
TR,2018-09-30,569.135
TR,2018-10-31,484.6258
TR,2018-11-30,408.905
TR,2018-12-31,546.271
TR,2019-01-31,519.0048
TR,2019-02-28,644.7
TR,2019-03-31,626.8839
TR,2019-04-30,690.9
TR,2019-05-31,669.3242
TR,2019-06-30,609.56
TR,2019-07-31,716.7435
TR,2019-08-31,751.1226
TR,2019-09-30,754.11
TR,2019-10-31,731.9177
TR,2019-11-30,740.635
TR,2019-12-31,643.9548
TR,2020-01-31,665.7677
TR,2020-02-29,668.5966
TR,2020-03-31,690.9
TR,2020-04-30,631.855
TR,2020-05-31,598.1952
TR,2020-06-30,529.2
TR,2020-07-31,664.8194
TR,2020-08-31,685.921
TR,2020-09-30,728.875
TR,2020-10-31,675.7258
TR,2020-11-30,691.635
TR,2020-12-31,647.2742
TR,2021-01-31,531.0968
TR,2021-02-28,517.9125
TR,2021-03-31,607.679
TR,2021-04-30,690.41
TR,2021-05-31,694.4565
TR,2021-06-30,727.65
TR,2021-07-31,740.9274
TR,2021-08-31,772.2242
TR,2021-09-30,750.925
TR,2021-10-31,755.8645
TR,2021-11-30,750.19
TR,2021-12-31,773.1726
TR,2022-01-31,692.5597
TR,2022-02-28,707.7
TR,2022-03-31,716.2694
TR,2022-04-30,770.77
TR,2022-05-31,792.8516
TR,2022-06-30,798.21
TR,2022-07-31,760.3694
TR,2022-08-31,790.2435
TR,2022-09-30,760.725
TR,2022-10-31,727.65
TR,2022-11-30,701.19
TR,2022-12-31,641.821
TR,2023-01-31,639.6871
TR,2023-02-28,606.1125
TR,2023-03-31,668.3758
TR,2023-04-30,641.41
TR,2023-05-31,648.9339
TR,2023-06-30,754.11
TR,2023-07-31,748.0403
TR,2023-08-31,831.4984
TR,2023-09-30,771.015
TR,2023-10-31,836.0032
TR,2023-11-30,814.625
TR,2023-12-31,765.8226
TR,2024-01-31,674.3032
TR,2024-02-29,705.3466
TR,2024-03-31,744.721
TR,2024-04-30,768.565
TR,2024-05-31,776.9661
TR,2024-06-30,768.565
TR,2024-07-31,730.4952
TR,2024-08-31,723.1452
TR,2024-09-30,542.185
TR,2024-10-31,570.929
TR,2024-11-30,743.085
TR,2024-12-31,658.4177
TR,2025-01-31,635.8935
TR,2025-02-28,699.825
TR,2025-03-31,709.6306
TT,2002-01-31,150.6452
TT,2002-02-28,151.5714
TT,2002-03-31,158.129
TT,2002-04-30,148.5
TT,2002-05-31,157.4516
TT,2002-06-30,156.3667
TT,2002-07-31,151.9032
TT,2002-08-31,150.4194
TT,2002-09-30,0.0
TT,2002-10-31,155.0
TT,2002-11-30,142.6333
TT,2002-12-31,137.4839
TT,2003-01-31,158.6774
TT,2003-02-28,157.3214
TT,2003-03-31,161.2581
TT,2003-04-30,157.2
TT,2003-05-31,134.7419
TT,2003-06-30,130.8333
TT,2003-07-31,150.7742
TT,2003-08-31,155.5484
TT,2003-09-30,141.0
TT,2003-10-31,141.9677
TT,2003-11-30,150.5
TT,2003-12-31,138.8387
TT,2004-01-31,153.1935
TT,2004-02-29,143.6897
TT,2004-03-31,134.3548
TT,2004-04-30,146.5667
TT,2004-05-31,152.129
TT,2004-06-30,128.5333
TT,2004-07-31,148.4516
TT,2004-08-31,145.1613
TT,2004-09-30,0.0
TT,2004-10-31,58.0968
TT,2004-11-30,148.5
TT,2004-12-31,158.1613
TT,2005-01-31,164.4194
TT,2005-02-28,167.1429
TT,2005-03-31,162.871
TT,2005-04-30,171.6
TT,2005-05-31,171.0968
TT,2005-06-30,160.7333
TT,2005-07-31,161.6774
TT,2005-08-31,165.871
TT,2005-09-30,168.2333
TT,2005-10-31,161.0645
TT,2005-11-30,169.3667
TT,2005-12-31,152.0323
TT,2006-01-31,143.3548
TT,2006-02-28,164.1071
TT,2006-03-31,167.6452
TT,2006-04-30,169.2
TT,2006-05-31,169.4839
TT,2006-06-30,158.9
TT,2006-07-31,133.5161
TT,2006-08-31,161.8387
TT,2006-09-30,64.5
TT,2006-10-31,168.5161
TT,2006-11-30,161.1667
TT,2006-12-31,165.129
TT,2007-01-31,162.5806
TT,2007-02-28,140.5714
TT,2007-03-31,148.5161
TT,2007-04-30,155.0
TT,2007-05-31,155.1935
TT,2007-06-30,149.2667
TT,2007-07-31,162.0323
TT,2007-08-31,162.129
TT,2007-09-30,168.4333
TT,2007-10-31,133.3226
TT,2007-11-30,14.3333
TT,2007-12-31,169.0645
TT,2008-01-31,148.7742
TT,2008-02-29,150.2759
TT,2008-03-31,172.0
TT,2008-04-30,144.7
TT,2008-05-31,143.0968
TT,2008-06-30,154.0333
TT,2008-07-31,156.2581
TT,2008-08-31,0.0
TT,2008-09-30,148.1667
TT,2008-10-31,147.5806
TT,2008-11-30,150.3333
TT,2008-12-31,130.8065
TT,2009-01-31,153.2903
TT,2009-02-28,157.3571
TT,2009-03-31,156.1935
TT,2009-04-30,145.5333
TT,2009-05-31,155.5161
TT,2009-06-30,148.2
TT,2009-07-31,155.0323
TT,2009-08-31,146.2581
TT,2009-09-30,152.2333
TT,2009-10-31,147.9677
TT,2009-11-30,148.5667
TT,2009-12-31,155.8065
TT,2010-01-31,154.5806
TT,2010-02-28,150.0357
TT,2010-03-31,97.0323
TT,2010-04-30,116.9667
TT,2010-05-31,117.8387
TT,2010-06-30,140.9667
TT,2010-07-31,107.4516
TT,2010-08-31,110.0968
TT,2010-09-30,140.6667
TT,2010-10-31,122.6452
TT,2010-11-30,122.5
TT,2010-12-31,139.8387
TT,2011-01-31,156.6452
TT,2011-02-28,156.4643
TT,2011-03-31,126.5806
TT,2011-04-30,142.4333
TT,2011-05-31,147.7419
TT,2011-06-30,177.0333
TT,2011-07-31,121.4839
TT,2011-08-31,135.129
TT,2011-09-30,129.0333
TT,2011-10-31,119.5806
TT,2011-11-30,128.8667
TT,2011-12-31,100.3871
TT,2012-01-31,144.9355
TT,2012-02-29,119.0345
TT,2012-03-31,126.1613
TT,2012-04-30,103.3667
TT,2012-05-31,118.6129
TT,2012-06-30,111.7667
TT,2012-07-31,140.2903
TT,2012-08-31,152.9032
TT,2012-09-30,109.1
TT,2012-10-31,74.4194
TT,2012-11-30,34.7667
TT,2012-12-31,65.0
TT,2013-01-31,83.6774
TT,2013-02-28,141.0
TT,2013-03-31,105.0323
TT,2013-04-30,136.8667
TT,2013-05-31,158.8065
TT,2013-06-30,133.7333
TT,2013-07-31,147.0323
TT,2013-08-31,124.3871
TT,2013-09-30,95.8333
TT,2013-10-31,127.4516
TT,2013-11-30,134.3
TT,2013-12-31,118.3871
TT,2014-01-31,95.0968
TT,2014-02-28,40.9643
TT,2014-03-31,39.6774
TT,2014-04-30,48.3
TT,2014-05-31,46.3871
TT,2014-06-30,102.1
TT,2014-07-31,117.3871
TT,2014-08-31,89.8065
TT,2014-09-30,92.8
TT,2014-10-31,112.2258
TT,2014-11-30,101.3667
TT,2014-12-31,108.4516
TT,2015-01-31,0.0
TT,2015-02-28,0.0
TT,2015-03-31,0.0
TT,2015-04-30,0.0
TT,2015-05-31,0.0
TT,2015-06-30,0.0
TT,2015-07-31,0.0
TT,2015-08-31,0.0
TT,2015-09-30,0.0
TT,2015-10-31,0.0
TT,2015-11-30,0.0
TT,2015-12-31,0.0
TT,2016-01-31,0.0
TT,2016-02-29,151.5517
TT,2016-03-31,155.9355
TT,2016-04-30,0.0
TT,2016-05-31,0.0
TT,2016-06-30,0.0
TT,2016-07-31,0.0
TT,2016-08-31,
TT,2016-09-30,
TT,2016-10-31,
TT,2016-11-30,
TT,2016-12-31,
TT,2017-01-31,
TT,2017-02-28,
TT,2017-03-31,
TT,2017-04-30,
TT,2017-05-31,
TT,2017-06-30,
TT,2017-07-31,
TT,2017-08-31,
TT,2017-09-30,
TT,2017-10-31,
TT,2017-11-30,
TT,2017-12-31,
TT,2018-01-31,
TT,2018-02-28,
TT,2018-03-31,
TT,2018-04-30,
TT,2018-05-31,
TT,2018-06-30,
TT,2018-07-31,
TT,2018-08-31,
TT,2018-09-30,
TT,2018-10-31,
TT,2018-11-30,
TT,2018-12-31,
TT,2019-01-31,
TT,2019-02-28,
TT,2019-03-31,
TT,2019-04-30,
TT,2019-05-31,
TT,2019-06-30,
TT,2019-07-31,
TT,2019-08-31,
TT,2019-09-30,
TT,2019-10-31,
TT,2019-11-30,
TT,2019-12-31,
TT,2020-01-31,
TT,2020-02-29,
TT,2020-03-31,
TT,2020-04-30,
TT,2020-05-31,
TT,2020-06-30,
TT,2020-07-31,
TT,2020-08-31,
TT,2020-09-30,
TT,2020-10-31,
TT,2020-11-30,
TT,2020-12-31,
TT,2021-01-31,
TT,2021-02-28,
TT,2021-03-31,
TT,2021-04-30,
TT,2021-05-31,
TT,2021-06-30,
TT,2021-07-31,
TT,2021-08-31,
TT,2021-09-30,
TT,2021-10-31,
TT,2021-11-30,
TT,2021-12-31,
TT,2022-01-31,
TT,2022-02-28,
TT,2022-03-31,
TT,2022-04-30,
TT,2022-05-31,
TT,2022-06-30,
TT,2022-07-31,
TT,2022-08-31,
TT,2022-09-30,
TT,2022-10-31,
TT,2022-11-30,
TT,2022-12-31,
TT,2023-01-31,
TT,2023-02-28,
TT,2023-03-31,
TT,2023-04-30,
TT,2023-05-31,
TT,2023-06-30,
TT,2023-07-31,
TT,2023-08-31,
TT,2023-09-30,
TT,2023-10-31,
TT,2023-11-30,
TT,2023-12-31,
TT,2024-01-31,
TT,2024-02-29,
TT,2024-03-31,
TT,2024-04-30,
TT,2024-05-31,
TT,2024-06-30,
TT,2024-07-31,
TT,2024-08-31,
TT,2024-09-30,
TT,2024-10-31,
TT,2024-11-30,
TT,2024-12-31,
TT,2025-01-31,
TW,2002-01-31,739.5863
TW,2002-02-28,706.6697
TW,2002-03-31,788.076
TW,2002-04-30,727.2677
TW,2002-05-31,800.6612
TW,2002-06-30,774.6982
TW,2002-07-31,787.2423
TW,2002-08-31,838.7992
TW,2002-09-30,868.462
TW,2002-10-31,834.9114
TW,2002-11-30,843.4176
TW,2002-12-31,753.8128
TW,2003-01-31,877.9939
TW,2003-02-28,841.5005
TW,2003-03-31,799.3746
TW,2003-04-30,804.4829
TW,2003-05-31,917.0681
TW,2003-06-30,875.1535
TW,2003-07-31,855.0431
TW,2003-08-31,949.8118
TW,2003-09-30,797.5374
TW,2003-10-31,929.4356
TW,2003-11-30,991.4191
TW,2003-12-31,1011.597
TW,2004-01-31,966.9702
TW,2004-02-29,1056.3037
TW,2004-03-31,982.9765
TW,2004-04-30,926.846
TW,2004-05-31,1081.3683
TW,2004-06-30,926.9622
TW,2004-07-31,929.3275
TW,2004-08-31,1035.3743
TW,2004-09-30,1023.2826
TW,2004-10-31,1048.5058
TW,2004-11-30,983.5271
TW,2004-12-31,1017.4825
TW,2005-01-31,1014.283
TW,2005-02-28,1049.465
TW,2005-03-31,1054.9141
TW,2005-04-30,1095.5229
TW,2005-05-31,1078.2206
TW,2005-06-30,960.3968
TW,2005-07-31,887.531
TW,2005-08-31,936.969
TW,2005-09-30,1097.5616
TW,2005-10-31,1142.0982
TW,2005-11-30,1133.2241
TW,2005-12-31,1060.2735
TW,2006-01-31,961.6881
TW,2006-02-28,1001.3899
TW,2006-03-31,942.8545
TW,2006-04-30,1027.3151
TW,2006-05-31,1152.2198
TW,2006-06-30,1126.016
TW,2006-07-31,973.9299
TW,2006-08-31,935.8991
TW,2006-09-30,905.9251
TW,2006-10-31,969.7948
TW,2006-11-30,1049.5518
TW,2006-12-31,960.4831
TW,2007-01-31,936.7123
TW,2007-02-28,1088.2954
TW,2007-03-31,847.7451
TW,2007-04-30,970.9875
TW,2007-05-31,1057.2683
TW,2007-06-30,1040.896
TW,2007-07-31,1010.0874
TW,2007-08-31,982.9765
TW,2007-09-30,952.0153
TW,2007-10-31,991.1155
TW,2007-11-30,1046.633
TW,2007-12-31,991.9212
TW,2008-01-31,974.7697
TW,2008-02-29,986.2366
TW,2008-03-31,846.452
TW,2008-04-30,832.7168
TW,2008-05-31,990.2735
TW,2008-06-30,962.3629
TW,2008-07-31,934.144
TW,2008-08-31,915.3105
TW,2008-09-30,781.6158
TW,2008-10-31,908.1234
TW,2008-11-30,891.2069
TW,2008-12-31,778.7672
TW,2009-01-31,992.7267
TW,2009-02-28,1023.0232
TW,2009-03-31,948.48
TW,2009-04-30,969.9042
TW,2009-05-31,1061.3604
TW,2009-06-30,951.2856
TW,2009-07-31,1013.7157
TW,2009-08-31,953.7885
TW,2009-09-30,976.8251
TW,2009-10-31,812.7916
TW,2009-11-30,897.777
TW,2009-12-31,870.5775
TW,2010-01-31,850.689
TW,2010-02-28,964.6392
TW,2010-03-31,793.1278
TW,2010-04-30,925.6297
TW,2010-05-31,1001.4739
TW,2010-06-30,1048.9659
TW,2010-07-31,922.6085
TW,2010-08-31,797.0037
TW,2010-09-30,749.5046
TW,2010-10-31,837.3866
TW,2010-11-30,800.2377
TW,2010-12-31,833.2703
TW,2011-01-31,887.6447
TW,2011-02-28,936.2331
TW,2011-03-31,814.6747
TW,2011-04-30,711.2143
TW,2011-05-31,865.7556
TW,2011-06-30,894.6122
TW,2011-07-31,861.046
TW,2011-08-31,504.4345
TW,2011-09-30,836.9659
TW,2011-10-31,850.689
TW,2011-11-30,848.0384
TW,2011-12-31,706.4935
TW,2012-01-31,740.7632
TW,2012-02-29,880.7931
TW,2012-03-31,939.1945
TW,2012-04-30,917.1153
TW,2012-05-31,798.559
TW,2012-06-30,827.7066
TW,2012-07-31,881.4101
TW,2012-08-31,937.7822
TW,2012-09-30,968.7984
TW,2012-10-31,945.4441
TW,2012-11-30,954.2226
TW,2012-12-31,973.561
TW,2013-01-31,928.8375
TW,2013-02-28,1011.9375
TW,2013-03-31,862.4583
TW,2013-04-30,815.8046
TW,2013-05-31,832.6783
TW,2013-06-30,787.9407
TW,2013-07-31,887.2955
TW,2013-08-31,796.1883
TW,2013-09-30,732.5184
TW,2013-10-31,783.6036
TW,2013-11-30,845.9655
TW,2013-12-31,892.7009
TW,2014-01-31,856.4556
TW,2014-02-28,958.1231
TW,2014-03-31,928.8375
TW,2014-04-30,770.944
TW,2014-05-31,761.1108
TW,2014-06-30,773.6192
TW,2014-07-31,843.6274
TW,2014-08-31,937.7822
TW,2014-09-30,942.0576
TW,2014-10-31,882.2372
TW,2014-11-30,773.482
TW,2014-12-31,773.0112
TW,2015-01-31,796.1883
TW,2015-02-28,814.5089
TW,2015-03-31,769.2204
TW,2015-04-30,813.4837
TW,2015-05-31,965.3225
TW,2015-06-30,982.0416
TW,2015-07-31,818.0934
TW,2015-08-31,808.3193
TW,2015-09-30,842.8035
TW,2015-10-31,864.3414
TW,2015-11-30,751.2448
TW,2015-12-31,827.9699
TW,2016-01-31,873.5255
TW,2016-02-29,930.8725
TW,2016-03-31,766.185
TW,2016-04-30,804.8591
TW,2016-05-31,910.3666
TW,2016-06-30,934.2592
TW,2016-07-31,907.1819
TW,2016-08-31,883.4078
TW,2016-09-30,870.8992
TW,2016-10-31,751.694
TW,2016-11-30,817.8816
TW,2016-12-31,879.7621
TW,2017-01-31,872.2287
TW,2017-02-28,865.4763
TW,2017-03-31,808.5408
TW,2017-04-30,730.9162
TW,2017-05-31,885.6403
TW,2017-06-30,894.005
TW,2017-07-31,850.689
TW,2017-08-31,989.0966
TW,2017-09-30,913.2231
TW,2017-10-31,693.0746
TW,2017-11-30,808.3968
TW,2017-12-31,867.4015
TW,2018-01-31,935.3211
TW,2018-02-28,960.0767
TW,2018-03-31,737.9385
TW,2018-04-30,807.0261
TW,2018-05-31,947.0679
TW,2018-06-30,940.0968
TW,2018-07-31,907.2929
TW,2018-08-31,921.5405
TW,2018-09-30,934.016
TW,2018-10-31,831.5012
TW,2018-11-30,893.1528
TW,2018-12-31,865.5184
TW,2019-01-31,868.343
TW,2019-02-28,963.0754
TW,2019-03-31,791.136
TW,2019-04-30,889.6262
TW,2019-05-31,1010.3783
TW,2019-06-30,1004.3104
TW,2019-07-31,964.7195
TW,2019-08-31,913.6625
TW,2019-09-30,853.2625
TW,2019-10-31,717.2245
TW,2019-11-30,890.8425
TW,2019-12-31,828.2053
TW,2020-01-31,918.1355
TW,2020-02-29,831.9956
TW,2020-03-31,785.2514
TW,2020-04-30,707.5658
TW,2020-05-31,783.967
TW,2020-06-30,752.9103
TW,2020-07-31,656.5846
TW,2020-08-31,611.7711
TW,2020-09-30,761.9112
TW,2020-10-31,596.5526
TW,2020-11-30,695.2561
TW,2020-12-31,611.7711
TW,2021-01-31,642.7829
TW,2021-02-28,675.9395
TW,2021-03-31,745.4709
TW,2021-04-30,781.4016
TW,2021-05-31,822.5552
TW,2021-06-30,827.3499
TW,2021-07-31,818.0934
TW,2021-08-31,860.9286
TW,2021-09-30,806.9376
TW,2021-10-31,697.1722
TW,2021-11-30,727.8976
TW,2021-12-31,821.153
TW,2022-01-31,830.6811
TW,2022-02-28,804.6446
TW,2022-03-31,681.1615
TW,2022-04-30,801.6971
TW,2022-05-31,924.021
TW,2022-06-30,949.696
TW,2022-07-31,857.3973
TW,2022-08-31,933.9086
TW,2022-09-30,861.6576
TW,2022-10-31,779.9443
TW,2022-11-30,636.2984
TW,2022-12-31,720.8919
TW,2023-01-31,813.6093
TW,2023-02-28,914.4705
TW,2023-03-31,763.4911
TW,2023-04-30,789.1571
TW,2023-05-31,902.8332
TW,2023-06-30,817.0208
TW,2023-07-31,812.1968
TW,2023-08-31,839.9763
TW,2023-09-30,862.5054
TW,2023-10-31,796.2054
TW,2023-11-30,669.4699
TW,2023-12-31,708.5152
TW,2024-01-31,768.1734
TW,2024-02-29,876.8981
TW,2024-03-31,797.3654
TW,2024-04-30,734.9086
TW,2024-05-31,845.8653
TW,2024-06-30,845.5949
TW,2024-07-31,838.7992
TW,2024-08-31,772.0458
TW,2024-09-30,689.5665
TW,2024-10-31,653.7595
TW,2024-11-30,754.1267
TW,2024-12-31,762.6542
TW,2025-01-31,826.5662
TW,2025-02-28,851.6369
TW,2025-03-31,781.9559
UA,2002-01-31,
UA,2002-02-28,
UA,2002-03-31,
UA,2002-04-30,
UA,2002-05-31,
UA,2002-06-30,
UA,2002-07-31,
UA,2002-08-31,
UA,2002-09-30,
UA,2002-10-31,
UA,2002-11-30,
UA,2002-12-31,
UA,2003-01-31,
UA,2003-02-28,
UA,2003-03-31,
UA,2003-04-30,
UA,2003-05-31,
UA,2003-06-30,
UA,2003-07-31,
UA,2003-08-31,
UA,2003-09-30,
UA,2003-10-31,
UA,2003-11-30,
UA,2003-12-31,
UA,2004-01-31,
UA,2004-02-29,
UA,2004-03-31,
UA,2004-04-30,
UA,2004-05-31,
UA,2004-06-30,
UA,2004-07-31,
UA,2004-08-31,
UA,2004-09-30,
UA,2004-10-31,
UA,2004-11-30,
UA,2004-12-31,
UA,2005-01-31,
UA,2005-02-28,
UA,2005-03-31,
UA,2005-04-30,
UA,2005-05-31,
UA,2005-06-30,
UA,2005-07-31,
UA,2005-08-31,
UA,2005-09-30,
UA,2005-10-31,
UA,2005-11-30,
UA,2005-12-31,
UA,2006-01-31,
UA,2006-02-28,
UA,2006-03-31,
UA,2006-04-30,
UA,2006-05-31,
UA,2006-06-30,
UA,2006-07-31,
UA,2006-08-31,
UA,2006-09-30,
UA,2006-10-31,
UA,2006-11-30,
UA,2006-12-31,
UA,2007-01-31,
UA,2007-02-28,
UA,2007-03-31,
UA,2007-04-30,
UA,2007-05-31,
UA,2007-06-30,
UA,2007-07-31,
UA,2007-08-31,
UA,2007-09-30,
UA,2007-10-31,
UA,2007-11-30,
UA,2007-12-31,
UA,2008-01-31,
UA,2008-02-29,
UA,2008-03-31,
UA,2008-04-30,
UA,2008-05-31,
UA,2008-06-30,
UA,2008-07-31,
UA,2008-08-31,
UA,2008-09-30,
UA,2008-10-31,
UA,2008-11-30,
UA,2008-12-31,
UA,2009-01-31,
UA,2009-02-28,
UA,2009-03-31,
UA,2009-04-30,
UA,2009-05-31,
UA,2009-06-30,
UA,2009-07-31,
UA,2009-08-31,
UA,2009-09-30,
UA,2009-10-31,
UA,2009-11-30,
UA,2009-12-31,
UA,2010-01-31,
UA,2010-02-28,
UA,2010-03-31,
UA,2010-04-30,
UA,2010-05-31,
UA,2010-06-30,
UA,2010-07-31,
UA,2010-08-31,
UA,2010-09-30,
UA,2010-10-31,
UA,2010-11-30,
UA,2010-12-31,
UA,2011-01-31,
UA,2011-02-28,
UA,2011-03-31,199.941
UA,2011-04-30,166.8077
UA,2011-05-31,194.9484
UA,2011-06-30,202.9207
UA,2011-07-31,199.7032
UA,2011-08-31,179.4952
UA,2011-09-30,163.8597
UA,2011-10-31,178.5442
UA,2011-11-30,188.9177
UA,2011-12-31,177.831
UA,2012-01-31,169.51
UA,2012-02-29,168.7476
UA,2012-03-31,83.4474
UA,2012-04-30,80.5787
UA,2012-05-31,79.4058
UA,2012-06-30,78.3677
UA,2012-07-31,80.119
UA,2012-08-31,79.4058
UA,2012-09-30,80.0873
UA,2012-10-31,81.3077
UA,2012-11-30,88.6857
UA,2012-12-31,75.6019
UA,2013-01-31,66.8055
UA,2013-02-28,68.4357
UA,2013-03-31,69.8961
UA,2013-04-30,76.1567
UA,2013-05-31,67.0432
UA,2013-06-30,66.0843
UA,2013-07-31,70.3716
UA,2013-08-31,66.0923
UA,2013-09-30,85.2463
UA,2013-10-31,100.3271
UA,2013-11-30,104.8997
UA,2013-12-31,85.8248
UA,2014-01-31,98.9006
UA,2014-02-28,77.9114
UA,2014-03-31,66.5677
UA,2014-04-30,56.2577
UA,2014-05-31,64.4281
UA,2014-06-30,60.9253
UA,2014-07-31,53.9674
UA,2014-08-31,56.3448
UA,2014-09-30,11.5463
UA,2014-10-31,55.1561
UA,2014-11-30,54.2923
UA,2014-12-31,50.4013
UA,2015-01-31,14.74
UA,2015-02-28,13.1607
UA,2015-03-31,11.6494
UA,2015-04-30,12.529
UA,2015-05-31,15.4532
UA,2015-06-30,15.2313
UA,2015-07-31,
UA,2015-08-31,14.74
UA,2015-09-30,11.5463
UA,2015-10-31,13.789
UA,2015-11-30,14.003
UA,2015-12-31,14.0268
UA,2016-01-31,4.0416
UA,2016-02-29,4.0662
UA,2016-03-31,3.8039
UA,2016-04-30,3.685
UA,2016-05-31,3.8039
UA,2016-06-30,4.1763
UA,2016-07-31,3.8039
UA,2016-08-31,3.8039
UA,2016-09-30,3.685
UA,2016-10-31,3.5661
UA,2016-11-30,3.9307
UA,2016-12-31,4.0416
UA,2017-01-31,
UA,2017-02-28,
UA,2017-03-31,
UA,2017-04-30,
UA,2017-05-31,
UA,2017-06-30,
UA,2017-07-31,
UA,2017-08-31,
UA,2017-09-30,
UA,2017-10-31,
UA,2017-11-30,
UA,2017-12-31,
UA,2018-01-31,
UA,2018-02-28,
UA,2018-03-31,
UA,2018-04-30,
UA,2018-05-31,
UA,2018-06-30,
UA,2018-07-31,
UA,2018-08-31,
UA,2018-09-30,
UA,2018-10-31,
UA,2018-11-30,
UA,2018-12-31,
UA,2019-01-31,
UA,2019-02-28,
UA,2019-03-31,
UA,2019-04-30,
UA,2019-05-31,
UA,2019-06-30,
UA,2019-07-31,
UA,2019-08-31,
UA,2019-09-30,
UA,2019-10-31,
UA,2019-11-30,
UA,2019-12-31,
UA,2020-01-31,
UA,2020-02-29,
UA,2020-03-31,
UA,2020-04-30,
UA,2020-05-31,
UA,2020-06-30,
UA,2020-07-31,
UA,2020-08-31,
UA,2020-09-30,
UA,2020-10-31,
UA,2020-11-30,
UA,2020-12-31,
UA,2021-01-31,
UA,2021-02-28,
UA,2021-03-31,
UA,2021-04-30,
UA,2021-05-31,
UA,2021-06-30,
UA,2021-07-31,
UA,2021-08-31,
UA,2021-09-30,
UA,2021-10-31,
UA,2021-11-30,
UA,2021-12-31,
UA,2022-01-31,
UA,2022-02-28,
UA,2022-03-31,
UA,2022-04-30,
UA,2022-05-31,
UA,2022-06-30,
UA,2022-07-31,
UA,2022-08-31,
UA,2022-09-30,
UA,2022-10-31,
UA,2022-11-30,
UA,2022-12-31,
UA,2023-01-31,
UA,2023-02-28,
UA,2023-03-31,
UA,2023-04-30,
UA,2023-05-31,
UA,2023-06-30,
UA,2023-07-31,
UA,2023-08-31,
UA,2023-09-30,
UA,2023-10-31,
UA,2023-11-30,
UA,2023-12-31,
UA,2024-01-31,
UA,2024-02-29,
UA,2024-03-31,
UA,2024-04-30,
UA,2024-05-31,
UA,2024-06-30,
UA,2024-07-31,
UA,2024-08-31,
UA,2024-09-30,
UA,2024-10-31,
UA,2024-11-30,
UA,2024-12-31,
UA,2025-01-31,
UA,2025-02-28,
UA,2025-03-31,
US,2002-01-31,14486.871
US,2002-02-28,14306.1071
US,2002-03-31,14525.7419
US,2002-04-30,15325.1667
US,2002-05-31,15300.6452
US,2002-06-30,15397.2
US,2002-07-31,15429.8065
US,2002-08-31,15337.5484
US,2002-09-30,14861.0
US,2002-10-31,14302.9355
US,2002-11-30,15155.2
US,2002-12-31,14900.3871
US,2003-01-31,14337.6452
US,2003-02-28,14380.75
US,2003-03-31,14932.7097
US,2003-04-30,15575.0
US,2003-05-31,15910.4839
US,2003-06-30,15620.3333
US,2003-07-31,15546.3548
US,2003-08-31,15693.0968
US,2003-09-30,15446.1333
US,2003-10-31,15342.0
US,2003-11-30,15455.1667
US,2003-12-31,15344.6452
US,2004-01-31,14782.1935
US,2004-02-29,14706.3448
US,2004-03-31,14786.7742
US,2004-04-30,15541.4667
US,2004-05-31,15992.3548
US,2004-06-30,16239.6333
US,2004-07-31,16142.1935
US,2004-08-31,16142.2581
US,2004-09-30,14979.9333
US,2004-10-31,14940.7097
US,2004-11-30,15664.1667
US,2004-12-31,15749.6774
US,2005-01-31,15254.2258
US,2005-02-28,15142.0
US,2005-03-31,15214.2258
US,2005-04-30,15493.5333
US,2005-05-31,15905.2581
US,2005-06-30,16401.4333
US,2005-07-31,15850.2258
US,2005-08-31,15664.0645
US,2005-09-30,13985.7667
US,2005-10-31,13646.0968
US,2005-11-30,15032.2
US,2005-12-31,15045.5161
US,2006-01-31,14804.9355
US,2006-02-28,14580.5357
US,2006-03-31,14581.8387
US,2006-04-30,14927.7
US,2006-05-31,15516.2581
US,2006-06-30,15843.0667
US,2006-07-31,15702.2903
US,2006-08-31,15792.4516
US,2006-09-30,15739.0333
US,2006-10-31,15007.9355
US,2006-11-30,15008.7333
US,2006-12-31,15353.7419
US,2007-01-31,14991.5806
US,2007-02-28,14435.1429
US,2007-03-31,14839.9677
US,2007-04-30,15045.3333
US,2007-05-31,15380.3226
US,2007-06-30,15247.7333
US,2007-07-31,15671.1935
US,2007-08-31,15685.2258
US,2007-09-30,15225.9
US,2007-10-31,14933.0968
US,2007-11-30,15151.1667
US,2007-12-31,15202.129
US,2008-01-31,14804.2258
US,2008-02-29,14625.1724
US,2008-03-31,14364.1613
US,2008-04-30,14798.8667
US,2008-05-31,15263.0645
US,2008-06-30,15417.4
US,2008-07-31,15255.4516
US,2008-08-31,14947.2903
US,2008-09-30,12759.3667
US,2008-10-31,14552.4194
US,2008-11-30,14606.1333
US,2008-12-31,14352.2258
US,2009-01-31,14146.1613
US,2009-02-28,14133.75
US,2009-03-31,14118.4516
US,2009-04-30,14382.3
US,2009-05-31,14482.6129
US,2009-06-30,14850.2333
US,2009-07-31,14636.3548
US,2009-08-31,14592.6452
US,2009-09-30,14710.1333
US,2009-10-31,14095.2903
US,2009-11-30,13897.6
US,2009-12-31,13983.4194
US,2010-01-31,13666.4839
US,2010-02-28,13949.75
US,2010-03-31,14313.6774
US,2010-04-30,15130.8333
US,2010-05-31,15215.0968
US,2010-06-30,15381.8
US,2010-07-31,15518.9355
US,2010-08-31,15109.9355
US,2010-09-30,14740.1333
US,2010-10-31,14000.0323
US,2010-11-30,14637.0
US,2010-12-31,14976.0968
US,2011-01-31,14422.8065
US,2011-02-28,13676.0357
US,2011-03-31,14451.2258
US,2011-04-30,14230.5667
US,2011-05-31,14717.8065
US,2011-06-30,15294.1667
US,2011-07-31,15589.3871
US,2011-08-31,15556.0968
US,2011-09-30,15274.9333
US,2011-10-31,14569.6452
US,2011-11-30,14960.0667
US,2011-12-31,14842.2581
US,2012-01-31,14374.0645
US,2012-02-29,14615.3793
US,2012-03-31,14476.2903
US,2012-04-30,14609.4333
US,2012-05-31,15096.6774
US,2012-06-30,15636.5333
US,2012-07-31,15665.2903
US,2012-08-31,15324.5806
US,2012-09-30,14910.1333
US,2012-10-31,14843.4516
US,2012-11-30,15085.3
US,2012-12-31,15330.2258
US,2013-01-31,14567.2258
US,2013-02-28,14230.3571
US,2013-03-31,14702.6129
US,2013-04-30,14864.4333
US,2013-05-31,15304.8387
US,2013-06-30,15833.0333
US,2013-07-31,16041.6774
US,2013-08-31,15793.1935
US,2013-09-30,15635.8
US,2013-10-31,14991.129
US,2013-11-30,15632.9667
US,2013-12-31,16069.2903
US,2014-01-31,15311.0645
US,2014-02-28,15127.5714
US,2014-03-31,15115.7419
US,2014-04-30,15864.1333
US,2014-05-31,15945.5484
US,2014-06-30,15817.3
US,2014-07-31,16534.4516
US,2014-08-31,16460.3548
US,2014-09-30,16073.5
US,2014-10-31,15361.0323
US,2014-11-30,16043.4333
US,2014-12-31,16469.0323
US,2015-01-31,15456.129
US,2015-02-28,15341.5714
US,2015-03-31,15640.0
US,2015-04-30,16272.8
US,2015-05-31,16401.6129
US,2015-06-30,16701.1333
US,2015-07-31,16878.6452
US,2015-08-31,16700.2258
US,2015-09-30,16167.6
US,2015-10-31,15439.871
US,2015-11-30,16458.0333
US,2015-12-31,16741.5484
US,2016-01-31,15951.2903
US,2016-02-29,15842.8276
US,2016-03-31,16082.4516
US,2016-04-30,15920.2667
US,2016-05-31,16236.8065
US,2016-06-30,16432.6
US,2016-07-31,16621.1935
US,2016-08-31,16593.3548
US,2016-09-30,16339.8333
US,2016-10-31,15454.3548
US,2016-11-30,16235.2333
US,2016-12-31,16515.871
US,2017-01-31,16118.2258
US,2017-02-28,15493.1071
US,2017-03-31,16047.9355
US,2017-04-30,16954.4333
US,2017-05-31,17222.3871
US,2017-06-30,17204.0667
US,2017-07-31,17317.4516
US,2017-08-31,16980.5161
US,2017-09-30,15460.2
US,2017-10-31,16061.1935
US,2017-11-30,16839.6
US,2017-12-31,17274.3871
US,2018-01-31,16599.1935
US,2018-02-28,15936.25
US,2018-03-31,16665.129
US,2018-04-30,16766.2
US,2018-05-31,16968.7419
US,2018-06-30,17665.6667
US,2018-07-31,17357.0
US,2018-08-31,17622.9032
US,2018-09-30,16990.8667
US,2018-10-31,16412.2258
US,2018-11-30,17162.1
US,2018-12-31,17409.3871
US,2019-01-31,16782.9677
US,2019-02-28,15845.75
US,2019-03-31,15934.6774
US,2019-04-30,16341.2
US,2019-05-31,16719.4516
US,2019-06-30,17235.8
US,2019-07-31,17175.1935
US,2019-08-31,17296.8387
US,2019-09-30,16403.1
US,2019-10-31,15680.871
US,2019-11-30,16481.7667
US,2019-12-31,16792.5484
US,2020-01-31,16228.5161
US,2020-02-29,15865.4138
US,2020-03-31,15230.4516
US,2020-04-30,12772.3333
US,2020-05-31,12968.0323
US,2020-06-30,13734.3667
US,2020-07-31,14333.5806
US,2020-08-31,14151.7097
US,2020-09-30,13579.5333
US,2020-10-31,13484.5161
US,2020-11-30,14192.4
US,2020-12-31,14203.9355
US,2021-01-31,14625.3871
US,2021-02-28,12480.75
US,2021-03-31,14468.5161
US,2021-04-30,15256.9667
US,2021-05-31,15595.6774
US,2021-06-30,16190.2333
US,2021-07-31,15851.8387
US,2021-08-31,15726.0
US,2021-09-30,15231.6667
US,2021-10-31,15045.3548
US,2021-11-30,15683.9667
US,2021-12-31,15756.9032
US,2022-01-31,15467.6774
US,2022-02-28,15397.2857
US,2022-03-31,15846.8065
US,2022-04-30,15648.3
US,2022-05-31,16238.7742
US,2022-06-30,16571.0
US,2022-07-31,16358.0
US,2022-08-31,16427.6774
US,2022-09-30,16141.2
US,2022-10-31,15775.8065
US,2022-11-30,16450.4667
US,2022-12-31,15376.9355
US,2023-01-31,15086.5484
US,2023-02-28,15125.6071
US,2023-03-31,15512.5161
US,2023-04-30,15839.8333
US,2023-05-31,16215.0323
US,2023-06-30,16406.1333
US,2023-07-31,16627.9677
US,2023-08-31,16689.4839
US,2023-09-30,16239.3
US,2023-10-31,15356.9032
US,2023-11-30,15937.1667
US,2023-12-31,16501.8387
US,2024-01-31,15399.3871
US,2024-02-29,14881.8621
US,2024-03-31,15864.6129
US,2024-04-30,15881.7667
US,2024-05-31,16718.4839
US,2024-06-30,16814.8667
US,2024-07-31,16567.1935
US,2024-08-31,16838.7097
US,2024-09-30,16200.5667
US,2024-10-31,16120.1613
US,2024-11-30,16553.7
US,2024-12-31,16772.129
US,2025-01-31,15737.0
US,2025-02-28,15357.3929
US,2025-03-31,15663.0968
UY,2002-01-31,36.7419
UY,2002-02-28,36.7143
UY,2002-03-31,35.2903
UY,2002-04-30,31.3333
UY,2002-05-31,32.9032
UY,2002-06-30,36.4
UY,2002-07-31,36.4516
UY,2002-08-31,36.0
UY,2002-09-30,20.7
UY,2002-10-31,0.0
UY,2002-11-30,0.0
UY,2002-12-31,0.0
UY,2003-01-31,0.0
UY,2003-02-28,0.0
UY,2003-03-31,4.5806
UY,2003-04-30,41.1667
UY,2003-05-31,38.0
UY,2003-06-30,38.3
UY,2003-07-31,36.3548
UY,2003-08-31,37.6774
UY,2003-09-30,39.1667
UY,2003-10-31,38.7742
UY,2003-11-30,39.2333
UY,2003-12-31,39.9355
UY,2004-01-31,42.129
UY,2004-02-29,42.4828
UY,2004-03-31,44.4839
UY,2004-04-30,47.2
UY,2004-05-31,45.2903
UY,2004-06-30,46.7
UY,2004-07-31,39.1935
UY,2004-08-31,36.2258
UY,2004-09-30,39.8667
UY,2004-10-31,44.129
UY,2004-11-30,41.2333
UY,2004-12-31,38.6774
UY,2005-01-31,45.2581
UY,2005-02-28,41.1429
UY,2005-03-31,48.7097
UY,2005-04-30,44.0
UY,2005-05-31,41.8065
UY,2005-06-30,41.3333
UY,2005-07-31,41.9677
UY,2005-08-31,41.9677
UY,2005-09-30,40.5333
UY,2005-10-31,35.6774
UY,2005-11-30,43.9667
UY,2005-12-31,37.7419
UY,2006-01-31,44.0323
UY,2006-02-28,43.3929
UY,2006-03-31,42.9032
UY,2006-04-30,43.6
UY,2006-05-31,43.4194
UY,2006-06-30,42.0333
UY,2006-07-31,43.1935
UY,2006-08-31,41.9032
UY,2006-09-30,41.6333
UY,2006-10-31,19.0323
UY,2006-11-30,7.9333
UY,2006-12-31,42.7742
UY,2007-01-31,43.0968
UY,2007-02-28,34.0
UY,2007-03-31,43.0645
UY,2007-04-30,17.8
UY,2007-05-31,0.0
UY,2007-06-30,8.2333
UY,2007-07-31,40.6452
UY,2007-08-31,31.3548
UY,2007-09-30,39.4333
UY,2007-10-31,43.9677
UY,2007-11-30,44.6333
UY,2007-12-31,45.7419
UY,2008-01-31,48.0323
UY,2008-02-29,45.4483
UY,2008-03-31,45.7742
UY,2008-04-30,44.7667
UY,2008-05-31,40.7742
UY,2008-06-30,49.1333
UY,2008-07-31,44.0968
UY,2008-08-31,45.3226
UY,2008-09-30,45.3667
UY,2008-10-31,44.2581
UY,2008-11-30,38.1
UY,2008-12-31,0.0
UY,2009-01-31,46.4839
UY,2009-02-28,47.9286
UY,2009-03-31,0.0
UY,2009-04-30,0.0
UY,2009-05-31,0.0
UY,2009-06-30,45.3667
UY,2009-07-31,43.2258
UY,2009-08-31,37.1613
UY,2009-09-30,40.6667
UY,2009-10-31,0.5806
UY,2009-11-30,37.3667
UY,2009-12-31,42.2581
UY,2010-01-31,42.2581
UY,2010-02-28,39.6429
UY,2010-03-31,43.3548
UY,2010-04-30,42.4333
UY,2010-05-31,43.3548
UY,2010-06-30,41.0
UY,2010-07-31,37.6774
UY,2010-08-31,33.3548
UY,2010-09-30,44.6667
UY,2010-10-31,38.0
UY,2010-11-30,35.6
UY,2010-12-31,43.0968
UY,2011-01-31,45.0
UY,2011-02-28,45.1786
UY,2011-03-31,42.5484
UY,2011-04-30,37.7333
UY,2011-05-31,43.8387
UY,2011-06-30,43.5
UY,2011-07-31,38.6129
UY,2011-08-31,30.3871
UY,2011-09-30,0.0
UY,2011-10-31,0.0
UY,2011-11-30,0.0
UY,2011-12-31,0.0
UY,2012-01-31,0.0
UY,2012-02-29,42.4483
UY,2012-03-31,38.7097
UY,2012-04-30,45.7333
UY,2012-05-31,44.2903
UY,2012-06-30,46.5333
UY,2012-07-31,45.5484
UY,2012-08-31,41.4516
UY,2012-09-30,34.7
UY,2012-10-31,38.0
UY,2012-11-30,37.4667
UY,2012-12-31,38.2258
UY,2013-01-31,33.8387
UY,2013-02-28,41.8214
UY,2013-03-31,40.8065
UY,2013-04-30,35.5667
UY,2013-05-31,42.0968
UY,2013-06-30,42.5
UY,2013-07-31,42.4516
UY,2013-08-31,40.871
UY,2013-09-30,42.2667
UY,2013-10-31,44.6129
UY,2013-11-30,41.0333
UY,2013-12-31,38.8065
UY,2014-01-31,42.3871
UY,2014-02-28,39.8929
UY,2014-03-31,33.0645
UY,2014-04-30,34.1667
UY,2014-05-31,31.6452
UY,2014-06-30,39.7
UY,2014-07-31,40.3871
UY,2014-08-31,35.6452
UY,2014-09-30,40.2333
UY,2014-10-31,39.1613
UY,2014-11-30,38.9333
UY,2014-12-31,36.8065
UY,2015-01-31,31.6129
UY,2015-02-28,37.5714
UY,2015-03-31,39.7097
UY,2015-04-30,40.4667
UY,2015-05-31,39.9355
UY,2015-06-30,37.5333
UY,2015-07-31,41.871
UY,2015-08-31,37.8065
UY,2015-09-30,21.4
UY,2015-10-31,37.0
UY,2015-11-30,42.2
UY,2015-12-31,41.0323
UY,2016-01-31,40.7742
UY,2016-02-29,41.3103
UY,2016-03-31,38.3871
UY,2016-04-30,43.7
UY,2016-05-31,41.1935
UY,2016-06-30,42.8
UY,2016-07-31,41.4194
UY,2016-08-31,28.5161
UY,2016-09-30,38.5
UY,2016-10-31,45.9677
UY,2016-11-30,36.9333
UY,2016-12-31,45.0645
UY,2017-01-31,42.2258
UY,2017-02-28,17.6071
UY,2017-03-31,0.0
UY,2017-04-30,0.0
UY,2017-05-31,0.0323
UY,2017-06-30,0.0
UY,2017-07-31,0.0
UY,2017-08-31,0.0
UY,2017-09-30,0.0
UY,2017-10-31,3.0323
UY,2017-11-30,36.1
UY,2017-12-31,40.3226
UY,2018-01-31,39.1935
UY,2018-02-28,42.5
UY,2018-03-31,42.8387
UY,2018-04-30,47.4
UY,2018-05-31,47.6774
UY,2018-06-30,46.3
UY,2018-07-31,45.1613
UY,2018-08-31,43.0
UY,2018-09-30,39.1667
UY,2018-10-31,43.2258
UY,2018-11-30,40.8667
UY,2018-12-31,40.871
UY,2019-01-31,42.8387
UY,2019-02-28,39.8929
UY,2019-03-31,36.9355
UY,2019-04-30,43.0
UY,2019-05-31,41.1935
UY,2019-06-30,40.0667
UY,2019-07-31,42.1613
UY,2019-08-31,45.2581
UY,2019-09-30,44.1667
UY,2019-10-31,34.6452
UY,2019-11-30,47.1667
UY,2019-12-31,44.3871
UY,2020-01-31,43.5161
UY,2020-02-29,44.5862
UY,2020-03-31,41.2258
UY,2020-04-30,38.6333
UY,2020-05-31,40.8065
UY,2020-06-30,40.9
UY,2020-07-31,40.4194
UY,2020-08-31,37.6129
UY,2020-09-30,39.8
UY,2020-10-31,33.4516
UY,2020-11-30,20.7
UY,2020-12-31,43.8065
UY,2021-01-31,42.871
UY,2021-02-28,40.6429
UY,2021-03-31,39.7097
UY,2021-04-30,43.7333
UY,2021-05-31,42.1935
UY,2021-06-30,44.0333
UY,2021-07-31,43.9355
UY,2021-08-31,44.871
UY,2021-09-30,43.9667
UY,2021-10-31,43.3548
UY,2021-11-30,43.4667
UY,2021-12-31,38.0645
UY,2022-01-31,39.3226
UY,2022-02-28,45.7857
UY,2022-03-31,45.3226
UY,2022-04-30,44.2
UY,2022-05-31,46.5806
UY,2022-06-30,44.8333
UY,2022-07-31,45.9677
UY,2022-08-31,45.5161
UY,2022-09-30,32.4
UY,2022-10-31,31.6452
UY,2022-11-30,47.7
UY,2022-12-31,48.871
UY,2023-01-31,49.0645
UY,2023-02-28,48.2143
UY,2023-03-31,48.6452
UY,2023-04-30,47.2
UY,2023-05-31,43.0323
UY,2023-06-30,45.1667
UY,2023-07-31,38.5161
UY,2023-08-31,39.0
UY,2023-09-30,39.8
UY,2023-10-31,0.0
UY,2023-11-30,0.0
UY,2023-12-31,0.0
UY,2024-01-31,0.0
UY,2024-02-29,0.0
UY,2024-03-31,0.0
UY,2024-04-30,0.0
UY,2024-05-31,29.871
UY,2024-06-30,32.7
UY,2024-07-31,32.4839
UY,2024-08-31,39.9355
UY,2024-09-30,44.7667
UY,2024-10-31,44.2258
UY,2024-11-30,44.3667
UY,2024-12-31,44.3548
UY,2025-01-31,
VE,2002-01-31,
VE,2002-02-28,
VE,2002-03-31,
VE,2002-04-30,
VE,2002-05-31,
VE,2002-06-30,
VE,2002-07-31,
VE,2002-08-31,
VE,2002-09-30,
VE,2002-10-31,
VE,2002-11-30,
VE,2002-12-31,
VE,2003-01-31,
VE,2003-02-28,
VE,2003-03-31,
VE,2003-04-30,
VE,2003-05-31,
VE,2003-06-30,
VE,2003-07-31,
VE,2003-08-31,
VE,2003-09-30,
VE,2003-10-31,
VE,2003-11-30,
VE,2003-12-31,
VE,2004-01-31,974.0
VE,2004-02-29,1025.0
VE,2004-03-31,986.0
VE,2004-04-30,945.0
VE,2004-05-31,932.0
VE,2004-06-30,1083.0
VE,2004-07-31,1094.0
VE,2004-08-31,1078.0
VE,2004-09-30,1066.0
VE,2004-10-31,1013.0
VE,2004-11-30,987.0
VE,2004-12-31,1000.0
VE,2005-01-31,1173.0
VE,2005-02-28,1128.0
VE,2005-03-31,1075.0
VE,2005-04-30,1148.0
VE,2005-05-31,
VE,2005-06-30,
VE,2005-07-31,
VE,2005-08-31,
VE,2005-09-30,
VE,2005-10-31,
VE,2005-11-30,
VE,2005-12-31,
VE,2006-01-31,1078.0
VE,2006-02-28,1058.0
VE,2006-03-31,1071.0
VE,2006-04-30,1009.0
VE,2006-05-31,1020.0
VE,2006-06-30,1028.0
VE,2006-07-31,976.0
VE,2006-08-31,924.0
VE,2006-09-30,918.0
VE,2006-10-31,1030.0
VE,2006-11-30,1067.0
VE,2006-12-31,1086.0
VE,2007-01-31,1056.0
VE,2007-02-28,1024.0
VE,2007-03-31,1041.0
VE,2007-04-30,982.0
VE,2007-05-31,992.0
VE,2007-06-30,992.0
VE,2007-07-31,1036.0
VE,2007-08-31,1061.0
VE,2007-09-30,1036.0
VE,2007-10-31,972.0
VE,2007-11-30,919.0
VE,2007-12-31,959.0
VE,2008-01-31,996.0
VE,2008-02-29,986.0
VE,2008-03-31,1079.0
VE,2008-04-30,1007.0
VE,2008-05-31,989.0
VE,2008-06-30,
VE,2008-07-31,
VE,2008-08-31,1556.0
VE,2008-09-30,1595.0
VE,2008-10-31,1554.0
VE,2008-11-30,
VE,2008-12-31,
VE,2009-01-31,1564.0
VE,2009-02-28,1571.0
VE,2009-03-31,1564.0
VE,2009-04-30,
VE,2009-05-31,1459.0
VE,2009-06-30,1486.0
VE,2009-07-31,1439.0
VE,2009-08-31,1496.0
VE,2009-09-30,1459.0
VE,2009-10-31,
VE,2009-11-30,1058.0
VE,2009-12-31,
VE,2010-01-31,1366.0
VE,2010-02-28,1447.0
VE,2010-03-31,1528.0
VE,2010-04-30,1341.0
VE,2010-05-31,1448.0
VE,2010-06-30,1377.0
VE,2010-07-31,1442.0
VE,2010-08-31,1530.0
VE,2010-09-30,1412.0
VE,2010-10-31,1461.0
VE,2010-11-30,1320.0
VE,2010-12-31,1376.0
VE,2011-01-31,1521.0
VE,2011-02-28,1485.0
VE,2011-03-31,1520.0
VE,2011-04-30,1529.0
VE,2011-05-31,1404.0
VE,2011-06-30,1491.0
VE,2011-07-31,1475.0
VE,2011-08-31,1461.0
VE,2011-09-30,1477.0
VE,2011-10-31,1357.0
VE,2011-11-30,0.0
VE,2011-12-31,1244.0
VE,2012-01-31,1481.0
VE,2012-02-29,1478.0
VE,2012-03-31,1446.0
VE,2012-04-30,1382.0
VE,2012-05-31,1371.0
VE,2012-06-30,1319.0
VE,2012-07-31,1329.0
VE,2012-08-31,1192.0
VE,2012-09-30,1262.0
VE,2012-10-31,1244.0
VE,2012-11-30,1173.0
VE,2012-12-31,943.0
VE,2013-01-31,1176.0
VE,2013-02-28,1335.0
VE,2013-03-31,1296.0
VE,2013-04-30,
VE,2013-05-31,1372.0
VE,2013-06-30,1506.0
VE,2013-07-31,1574.0
VE,2013-08-31,1388.0
VE,2013-09-30,1439.0
VE,2013-10-31,
VE,2013-11-30,
VE,2013-12-31,
VE,2014-01-31,1443.0
VE,2014-02-28,1471.0
VE,2014-03-31,1434.0
VE,2014-04-30,1472.0
VE,2014-05-31,1436.0
VE,2014-06-30,1328.0
VE,2014-07-31,1403.0
VE,2014-08-31,1318.0
VE,2014-09-30,1481.0
VE,2014-10-31,1369.0
VE,2014-11-30,1100.0
VE,2014-12-31,1282.0
VE,2015-01-31,1243.0
VE,2015-02-28,1392.0
VE,2015-03-31,1349.0
VE,2015-04-30,
VE,2015-05-31,1073.0
VE,2015-06-30,1288.0
VE,2015-07-31,1241.0
VE,2015-08-31,1254.0
VE,2015-09-30,1281.0
VE,2015-10-31,1138.0
VE,2015-11-30,1239.0
VE,2015-12-31,1155.0
VE,2016-01-31,1083.0
VE,2016-02-29,1238.0
VE,2016-03-31,1077.0
VE,2016-04-30,1039.0
VE,2016-05-31,988.0
VE,2016-06-30,634.0
VE,2016-07-31,1308.0
VE,2016-08-31,912.0
VE,2016-09-30,1040.0
VE,2016-10-31,1039.0
VE,2016-11-30,994.0
VE,2016-12-31,1069.0
VE,2017-01-31,
VE,2017-02-28,
VE,2017-03-31,
VE,2017-04-30,
VE,2017-05-31,
VE,2017-06-30,
VE,2017-07-31,
VE,2017-08-31,
VE,2017-09-30,
VE,2017-10-31,
VE,2017-11-30,
VE,2017-12-31,
VE,2018-01-31,
VE,2018-02-28,
VE,2018-03-31,
VE,2018-04-30,
VE,2018-05-31,
VE,2018-06-30,
VE,2018-07-31,
VE,2018-08-31,
VE,2018-09-30,
VE,2018-10-31,
VE,2018-11-30,
VE,2018-12-31,
VE,2019-01-31,
VE,2019-02-28,
VE,2019-03-31,
VE,2019-04-30,
VE,2019-05-31,
VE,2019-06-30,
VE,2019-07-31,
VE,2019-08-31,
VE,2019-09-30,
VE,2019-10-31,
VE,2019-11-30,
VE,2019-12-31,
VE,2020-01-31,
VE,2020-02-29,
VE,2020-03-31,
VE,2020-04-30,
VE,2020-05-31,
VE,2020-06-30,
VE,2020-07-31,
VE,2020-08-31,
VE,2020-09-30,
VE,2020-10-31,
VE,2020-11-30,
VE,2020-12-31,
VE,2021-01-31,
VE,2021-02-28,
VE,2021-03-31,
VE,2021-04-30,
VE,2021-05-31,
VE,2021-06-30,
VE,2021-07-31,
VE,2021-08-31,
VE,2021-09-30,
VE,2021-10-31,
VE,2021-11-30,
VE,2021-12-31,
VE,2022-01-31,173.0
VE,2022-02-28,204.0
VE,2022-03-31,265.0
VE,2022-04-30,256.0
VE,2022-05-31,299.0
VE,2022-06-30,525.0
VE,2022-07-31,249.0
VE,2022-08-31,296.0
VE,2022-09-30,325.0
VE,2022-10-31,260.0
VE,2022-11-30,261.0
VE,2022-12-31,188.0
VE,2023-01-31,170.0
VE,2023-02-28,269.0
VE,2023-03-31,279.0
VE,2023-04-30,280.0
VE,2023-05-31,283.0
VE,2023-06-30,283.0
VE,2023-07-31,267.0
VE,2023-08-31,279.0
VE,2023-09-30,273.0
VE,2023-10-31,289.0
VE,2023-11-30,243.0
VE,2023-12-31,277.0
VE,2024-01-31,258.0
VE,2024-02-29,234.0
VE,2024-03-31,270.0
VE,2024-04-30,321.0
VE,2024-05-31,271.0
VE,2024-06-30,304.0
VE,2024-07-31,259.0
VE,2024-08-31,272.0
VE,2024-09-30,250.0
VE,2024-10-31,223.0
VE,2024-11-30,0.0
VE,2024-12-31,300.0
VE,2025-01-31,273.0
VE,2025-02-28,
VE,2025-03-31,
VN,2002-01-31,0.0
VN,2002-02-28,0.0
VN,2002-03-31,0.0
VN,2002-04-30,0.0
VN,2002-05-31,0.0
VN,2002-06-30,0.0
VN,2002-07-31,0.0
VN,2002-08-31,0.0
VN,2002-09-30,0.0
VN,2002-10-31,0.0
VN,2002-11-30,0.0
VN,2002-12-31,0.0
VN,2003-01-31,0.0
VN,2003-02-28,0.0
VN,2003-03-31,0.0
VN,2003-04-30,0.0
VN,2003-05-31,0.0
VN,2003-06-30,0.0
VN,2003-07-31,0.0
VN,2003-08-31,0.0
VN,2003-09-30,0.0
VN,2003-10-31,0.0
VN,2003-11-30,0.0
VN,2003-12-31,0.0
VN,2004-01-31,0.0
VN,2004-02-29,0.0
VN,2004-03-31,0.0
VN,2004-04-30,0.0
VN,2004-05-31,0.0
VN,2004-06-30,0.0
VN,2004-07-31,0.0
VN,2004-08-31,0.0
VN,2004-09-30,0.0
VN,2004-10-31,0.0
VN,2004-11-30,0.0
VN,2004-12-31,0.0
VN,2005-01-31,0.0
VN,2005-02-28,0.0
VN,2005-03-31,0.0
VN,2005-04-30,0.0
VN,2005-05-31,0.0
VN,2005-06-30,0.0
VN,2005-07-31,0.0
VN,2005-08-31,0.0
VN,2005-09-30,0.0
VN,2005-10-31,0.0
VN,2005-11-30,0.0
VN,2005-12-31,0.0
VN,2006-01-31,0.0
VN,2006-02-28,0.0
VN,2006-03-31,0.0
VN,2006-04-30,0.0
VN,2006-05-31,0.0
VN,2006-06-30,0.0
VN,2006-07-31,0.0
VN,2006-08-31,0.0
VN,2006-09-30,0.0
VN,2006-10-31,0.0
VN,2006-11-30,0.0
VN,2006-12-31,0.0
VN,2007-01-31,0.0
VN,2007-02-28,0.0
VN,2007-03-31,0.0
VN,2007-04-30,0.0
VN,2007-05-31,0.0
VN,2007-06-30,0.0
VN,2007-07-31,0.0
VN,2007-08-31,0.0
VN,2007-09-30,0.0
VN,2007-10-31,0.0
VN,2007-11-30,0.0
VN,2007-12-31,0.0
VN,2008-01-31,0.0
VN,2008-02-29,0.0
VN,2008-03-31,0.0
VN,2008-04-30,0.0
VN,2008-05-31,0.0
VN,2008-06-30,0.0
VN,2008-07-31,0.0
VN,2008-08-31,0.0
VN,2008-09-30,0.0
VN,2008-10-31,0.0
VN,2008-11-30,0.0
VN,2008-12-31,0.0
VN,2009-01-31,0.8115
VN,2009-02-28,1.1231
VN,2009-03-31,5.681
VN,2009-04-30,24.53
VN,2009-05-31,59.2419
VN,2009-06-30,71.079
VN,2009-07-31,47.4774
VN,2009-08-31,7.1013
VN,2009-09-30,6.08
VN,2009-10-31,
VN,2009-11-30,
VN,2009-12-31,
VN,2010-01-31,8.3187
VN,2010-02-28,10.5586
VN,2010-03-31,118.6935
VN,2010-04-30,147.18
VN,2010-05-31,166.171
VN,2010-06-30,152.0033
VN,2010-07-31,154.1968
VN,2010-08-31,142.4323
VN,2010-09-30,166.6907
VN,2010-10-31,
VN,2010-11-30,
VN,2010-12-31,
VN,2011-01-31,
VN,2011-02-28,
VN,2011-03-31,
VN,2011-04-30,
VN,2011-05-31,
VN,2011-06-30,
VN,2011-07-31,
VN,2011-08-31,
VN,2011-09-30,
VN,2011-10-31,
VN,2011-11-30,
VN,2011-12-31,
VN,2012-01-31,
VN,2012-02-29,
VN,2012-03-31,
VN,2012-04-30,
VN,2012-05-31,
VN,2012-06-30,
VN,2012-07-31,
VN,2012-08-31,
VN,2012-09-30,
VN,2012-10-31,
VN,2012-11-30,
VN,2012-12-31,
VN,2013-01-31,
VN,2013-02-28,
VN,2013-03-31,
VN,2013-04-30,
VN,2013-05-31,
VN,2013-06-30,
VN,2013-07-31,
VN,2013-08-31,
VN,2013-09-30,
VN,2013-10-31,
VN,2013-11-30,
VN,2013-12-31,
VN,2014-01-31,
VN,2014-02-28,
VN,2014-03-31,
VN,2014-04-30,
VN,2014-05-31,
VN,2014-06-30,
VN,2014-07-31,
VN,2014-08-31,
VN,2014-09-30,
VN,2014-10-31,
VN,2014-11-30,
VN,2014-12-31,
VN,2015-01-31,
VN,2015-02-28,
VN,2015-03-31,
VN,2015-04-30,
VN,2015-05-31,
VN,2015-06-30,
VN,2015-07-31,
VN,2015-08-31,
VN,2015-09-30,
VN,2015-10-31,
VN,2015-11-30,
VN,2015-12-31,
VN,2016-01-31,
VN,2016-02-29,
VN,2016-03-31,
VN,2016-04-30,
VN,2016-05-31,
VN,2016-06-30,
VN,2016-07-31,
VN,2016-08-31,
VN,2016-09-30,
VN,2016-10-31,
VN,2016-11-30,
VN,2016-12-31,
VN,2017-01-31,
VN,2017-02-28,
VN,2017-03-31,
VN,2017-04-30,
VN,2017-05-31,
VN,2017-06-30,
VN,2017-07-31,
VN,2017-08-31,
VN,2017-09-30,
VN,2017-10-31,
VN,2017-11-30,
VN,2017-12-31,
VN,2018-01-31,
VN,2018-02-28,
VN,2018-03-31,
VN,2018-04-30,
VN,2018-05-31,
VN,2018-06-30,
VN,2018-07-31,
VN,2018-08-31,
VN,2018-09-30,
VN,2018-10-31,
VN,2018-11-30,
VN,2018-12-31,
VN,2019-01-31,
VN,2019-02-28,
VN,2019-03-31,
VN,2019-04-30,
VN,2019-05-31,
VN,2019-06-30,
VN,2019-07-31,
VN,2019-08-31,
VN,2019-09-30,
VN,2019-10-31,
VN,2019-11-30,
VN,2019-12-31,
VN,2020-01-31,
VN,2020-02-29,
VN,2020-03-31,
VN,2020-04-30,
VN,2020-05-31,
VN,2020-06-30,
VN,2020-07-31,
VN,2020-08-31,
VN,2020-09-30,
VN,2020-10-31,
VN,2020-11-30,
VN,2020-12-31,
VN,2021-01-31,
VN,2021-02-28,
VN,2021-03-31,
VN,2021-04-30,
VN,2021-05-31,
VN,2021-06-30,
VN,2021-07-31,
VN,2021-08-31,
VN,2021-09-30,
VN,2021-10-31,
VN,2021-11-30,
VN,2021-12-31,
VN,2022-01-31,
VN,2022-02-28,
VN,2022-03-31,
VN,2022-04-30,
VN,2022-05-31,
VN,2022-06-30,
VN,2022-07-31,
VN,2022-08-31,
VN,2022-09-30,
VN,2022-10-31,
VN,2022-11-30,
VN,2022-12-31,
VN,2023-01-31,
VN,2023-02-28,
VN,2023-03-31,
VN,2023-04-30,
VN,2023-05-31,
VN,2023-06-30,
VN,2023-07-31,
VN,2023-08-31,
VN,2023-09-30,
VN,2023-10-31,
VN,2023-11-30,
VN,2023-12-31,
VN,2024-01-31,
VN,2024-02-29,
VN,2024-03-31,
VN,2024-04-30,
VN,2024-05-31,
VN,2024-06-30,
VN,2024-07-31,
VN,2024-08-31,
VN,2024-09-30,
VN,2024-10-31,
VN,2024-11-30,
VN,2024-12-31,
VN,2025-01-31,
VN,2025-02-28,
VN,2025-03-31,
YE,2002-01-31,
YE,2002-02-28,
YE,2002-03-31,
YE,2002-04-30,
YE,2002-05-31,
YE,2002-06-30,
YE,2002-07-31,
YE,2002-08-31,
YE,2002-09-30,
YE,2002-10-31,
YE,2002-11-30,
YE,2002-12-31,
YE,2003-01-31,
YE,2003-02-28,
YE,2003-03-31,
YE,2003-04-30,
YE,2003-05-31,
YE,2003-06-30,
YE,2003-07-31,
YE,2003-08-31,
YE,2003-09-30,
YE,2003-10-31,
YE,2003-11-30,
YE,2003-12-31,
YE,2004-01-31,69.0716
YE,2004-02-29,104.5779
YE,2004-03-31,84.8032
YE,2004-04-30,92.71
YE,2004-05-31,97.5852
YE,2004-06-30,92.202
YE,2004-07-31,83.0826
YE,2004-08-31,109.8755
YE,2004-09-30,99.314
YE,2004-10-31,89.4735
YE,2004-11-30,99.568
YE,2004-12-31,80.6245
YE,2005-01-31,71.7755
YE,2005-02-28,84.9086
YE,2005-03-31,101.2723
YE,2005-04-30,88.392
YE,2005-05-31,101.0265
YE,2005-06-30,101.092
YE,2005-07-31,96.6019
YE,2005-08-31,99.3058
YE,2005-09-30,87.122
YE,2005-10-31,104.9594
YE,2005-11-30,95.758
YE,2005-12-31,105.9426
YE,2006-01-31,105.451
YE,2006-02-28,103.6864
YE,2006-03-31,103.7303
YE,2006-04-30,102.87
YE,2006-05-31,98.3226
YE,2006-06-30,104.394
YE,2006-07-31,106.1884
YE,2006-08-31,106.4342
YE,2006-09-30,103.886
YE,2006-10-31,67.1052
YE,2006-11-30,89.916
YE,2006-12-31,92.9148
YE,2007-01-31,87.5071
YE,2007-02-28,105.8636
YE,2007-03-31,102.7471
YE,2007-04-30,76.962
YE,2007-05-31,87.2613
YE,2007-06-30,97.536
YE,2007-07-31,65.8761
YE,2007-08-31,83.82
YE,2007-09-30,98.044
YE,2007-10-31,83.82
YE,2007-11-30,85.852
YE,2007-12-31,83.5742
YE,2008-01-31,83.5742
YE,2008-02-29,88.8124
YE,2008-03-31,44.491
YE,2008-04-30,61.976
YE,2008-05-31,43.0161
YE,2008-06-30,80.01
YE,2008-07-31,61.9432
YE,2008-08-31,77.6748
YE,2008-09-30,80.01
YE,2008-10-31,68.8258
YE,2008-11-30,92.456
YE,2008-12-31,89.4735
YE,2009-01-31,73.2503
YE,2009-02-28,66.1307
YE,2009-03-31,87.2613
YE,2009-04-30,99.568
YE,2009-05-31,91.6858
YE,2009-06-30,89.408
YE,2009-07-31,
YE,2009-08-31,66.8594
YE,2009-09-30,66.04
YE,2009-10-31,59.4852
YE,2009-11-30,
YE,2009-12-31,
YE,2010-01-31,
YE,2010-02-28,
YE,2010-03-31,
YE,2010-04-30,
YE,2010-05-31,
YE,2010-06-30,
YE,2010-07-31,
YE,2010-08-31,
YE,2010-09-30,
YE,2010-10-31,
YE,2010-11-30,
YE,2010-12-31,
YE,2011-01-31,
YE,2011-02-28,
YE,2011-03-31,
YE,2011-04-30,
YE,2011-05-31,
YE,2011-06-30,
YE,2011-07-31,
YE,2011-08-31,
YE,2011-09-30,
YE,2011-10-31,
YE,2011-11-30,
YE,2011-12-31,
YE,2012-01-31,
YE,2012-02-29,
YE,2012-03-31,
YE,2012-04-30,
YE,2012-05-31,
YE,2012-06-30,
YE,2012-07-31,
YE,2012-08-31,
YE,2012-09-30,
YE,2012-10-31,
YE,2012-11-30,
YE,2012-12-31,
YE,2013-01-31,
YE,2013-02-28,
YE,2013-03-31,
YE,2013-04-30,
YE,2013-05-31,
YE,2013-06-30,
YE,2013-07-31,
YE,2013-08-31,
YE,2013-09-30,
YE,2013-10-31,
YE,2013-11-30,
YE,2013-12-31,
YE,2014-01-31,
YE,2014-02-28,
YE,2014-03-31,
YE,2014-04-30,
YE,2014-05-31,
YE,2014-06-30,
YE,2014-07-31,
YE,2014-08-31,
YE,2014-09-30,
YE,2014-10-31,
YE,2014-11-30,
YE,2014-12-31,
YE,2015-01-31,
YE,2015-02-28,
YE,2015-03-31,
YE,2015-04-30,
YE,2015-05-31,
YE,2015-06-30,
YE,2015-07-31,
YE,2015-08-31,
YE,2015-09-30,
YE,2015-10-31,
YE,2015-11-30,
YE,2015-12-31,
YE,2016-01-31,
YE,2016-02-29,
YE,2016-03-31,
YE,2016-04-30,
YE,2016-05-31,
YE,2016-06-30,
YE,2016-07-31,
YE,2016-08-31,
YE,2016-09-30,
YE,2016-10-31,
YE,2016-11-30,
YE,2016-12-31,
YE,2017-01-31,
YE,2017-02-28,
YE,2017-03-31,
YE,2017-04-30,
YE,2017-05-31,
YE,2017-06-30,
YE,2017-07-31,
YE,2017-08-31,
YE,2017-09-30,
YE,2017-10-31,
YE,2017-11-30,
YE,2017-12-31,
YE,2018-01-31,
YE,2018-02-28,
YE,2018-03-31,
YE,2018-04-30,
YE,2018-05-31,
YE,2018-06-30,
YE,2018-07-31,
YE,2018-08-31,
YE,2018-09-30,
YE,2018-10-31,
YE,2018-11-30,
YE,2018-12-31,
YE,2019-01-31,
YE,2019-02-28,
YE,2019-03-31,
YE,2019-04-30,
YE,2019-05-31,
YE,2019-06-30,
YE,2019-07-31,
YE,2019-08-31,
YE,2019-09-30,
YE,2019-10-31,
YE,2019-11-30,
YE,2019-12-31,
YE,2020-01-31,
YE,2020-02-29,
YE,2020-03-31,
YE,2020-04-30,
YE,2020-05-31,
YE,2020-06-30,
YE,2020-07-31,
YE,2020-08-31,
YE,2020-09-30,
YE,2020-10-31,
YE,2020-11-30,
YE,2020-12-31,
YE,2021-01-31,
YE,2021-02-28,
YE,2021-03-31,
YE,2021-04-30,
YE,2021-05-31,
YE,2021-06-30,
YE,2021-07-31,
YE,2021-08-31,
YE,2021-09-30,
YE,2021-10-31,
YE,2021-11-30,
YE,2021-12-31,
YE,2022-01-31,
YE,2022-02-28,
YE,2022-03-31,
YE,2022-04-30,
YE,2022-05-31,
YE,2022-06-30,
YE,2022-07-31,
YE,2022-08-31,
YE,2022-09-30,
YE,2022-10-31,
YE,2022-11-30,
YE,2022-12-31,
YE,2023-01-31,
YE,2023-02-28,
YE,2023-03-31,
YE,2023-04-30,
YE,2023-05-31,
YE,2023-06-30,
YE,2023-07-31,
YE,2023-08-31,
YE,2023-09-30,
YE,2023-10-31,
YE,2023-11-30,
YE,2023-12-31,
YE,2024-01-31,
YE,2024-02-29,
YE,2024-03-31,
YE,2024-04-30,
YE,2024-05-31,
YE,2024-06-30,
YE,2024-07-31,
YE,2024-08-31,
YE,2024-09-30,
YE,2024-10-31,
YE,2024-11-30,
YE,2024-12-31,
YE,2025-01-31,
YE,2025-02-28,
YE,2025-03-31,
ZA,2002-01-31,468.3245
ZA,2002-02-28,480.7264
ZA,2002-03-31,451.5397
ZA,2002-04-30,467.444
ZA,2002-05-31,433.9294
ZA,2002-06-30,431.3337
ZA,2002-07-31,361.2868
ZA,2002-08-31,377.2461
ZA,2002-09-30,397.7823
ZA,2002-10-31,485.6597
ZA,2002-11-30,468.8657
ZA,2002-12-31,511.8
ZA,2003-01-31,431.1777
ZA,2003-02-28,427.7186
ZA,2003-03-31,507.6726
ZA,2003-04-30,481.3763
ZA,2003-05-31,489.7871
ZA,2003-06-30,506.9663
ZA,2003-07-31,477.1297
ZA,2003-08-31,524.7326
ZA,2003-09-30,479.9547
ZA,2003-10-31,518.9542
ZA,2003-11-30,504.4073
ZA,2003-12-31,513.451
ZA,2004-01-31,497.4916
ZA,2004-02-29,477.68
ZA,2004-03-31,473.0023
ZA,2004-04-30,1584.021
ZA,2004-05-31,532.4371
ZA,2004-06-30,505.5447
ZA,2004-07-31,416.0439
ZA,2004-08-31,484.559
ZA,2004-09-30,475.121
ZA,2004-10-31,477.4048
ZA,2004-11-30,360.819
ZA,2004-12-31,454.8416
ZA,2005-01-31,519.2294
ZA,2005-02-28,406.0889
ZA,2005-03-31,508.7732
ZA,2005-04-30,452.09
ZA,2005-05-31,502.4445
ZA,2005-06-30,496.446
ZA,2005-07-31,459.2442
ZA,2005-08-31,541.5174
ZA,2005-09-30,510.094
ZA,2005-10-31,309.5565
ZA,2005-11-30,366.5057
ZA,2005-12-31,494.1897
ZA,2006-01-31,483.4584
ZA,2006-02-28,478.5939
ZA,2006-03-31,479.331
ZA,2006-04-30,416.5483
ZA,2006-05-31,416.5942
ZA,2006-06-30,485.9257
ZA,2006-07-31,441.3587
ZA,2006-08-31,350.8306
ZA,2006-09-30,379.8693
ZA,2006-10-31,475.7539
ZA,2006-11-30,430.1963
ZA,2006-12-31,428.151
ZA,2007-01-31,454.5665
ZA,2007-02-28,468.2361
ZA,2007-03-31,443.0097
ZA,2007-04-30,394.3703
ZA,2007-05-31,380.2729
ZA,2007-06-30,291.4417
ZA,2007-07-31,413.5674
ZA,2007-08-31,503.5452
ZA,2007-09-30,453.796
ZA,2007-10-31,490.0623
ZA,2007-11-30,504.4073
ZA,2007-12-31,510.9745
ZA,2008-01-31,499.4177
ZA,2008-02-29,448.8545
ZA,2008-03-31,461.4455
ZA,2008-04-30,522.889
ZA,2008-05-31,467.7742
ZA,2008-06-30,489.3377
ZA,2008-07-31,458.6939
ZA,2008-08-31,501.0687
ZA,2008-09-30,401.763
ZA,2008-10-31,383.0245
ZA,2008-11-30,424.5097
ZA,2008-12-31,404.7623
ZA,2009-01-31,473.2774
ZA,2009-02-28,378.9757
ZA,2009-03-31,415.2184
ZA,2009-04-30,563.833
ZA,2009-05-31,444.3855
ZA,2009-06-30,419.676
ZA,2009-07-31,398.7087
ZA,2009-08-31,292.7716
ZA,2009-09-30,304.521
ZA,2009-10-31,340.0994
ZA,2009-11-30,431.9023
ZA,2009-12-31,378.0716
ZA,2010-01-31,445.211
ZA,2010-02-28,316.2193
ZA,2010-03-31,285.8926
ZA,2010-04-30,389.5367
ZA,2010-05-31,458.1435
ZA,2010-06-30,532.272
ZA,2010-07-31,550.3226
ZA,2010-08-31,491.4381
ZA,2010-09-30,492.7497
ZA,2010-10-31,470.801
ZA,2010-11-30,360.2503
ZA,2010-12-31,352.7568
ZA,2011-01-31,409.44
ZA,2011-02-28,490.7796
ZA,2011-03-31,528.5848
ZA,2011-04-30,503.8387
ZA,2011-05-31,510.9745
ZA,2011-06-30,479.1017
ZA,2011-07-31,501.0687
ZA,2011-08-31,447.9626
ZA,2011-09-30,347.4553
ZA,2011-10-31,400.91
ZA,2011-11-30,436.1673
ZA,2011-12-31,367.3403
ZA,2012-01-31,345.6026
ZA,2012-02-29,493.8576
ZA,2012-03-31,458.969
ZA,2012-04-30,520.8987
ZA,2012-05-31,469.7003
ZA,2012-06-30,504.123
ZA,2012-07-31,486.21
ZA,2012-08-31,502.1694
ZA,2012-09-30,500.1423
ZA,2012-10-31,400.91
ZA,2012-11-30,397.498
ZA,2012-12-31,499.1426
ZA,2013-01-31,482.9081
ZA,2013-02-28,364.3529
ZA,2013-03-31,546.1952
ZA,2013-04-30,481.945
ZA,2013-05-31,397.6081
ZA,2013-06-30,346.318
ZA,2013-07-31,188.4855
ZA,2013-08-31,282.8658
ZA,2013-09-30,323.0027
ZA,2013-10-31,484.0087
ZA,2013-11-30,413.4207
ZA,2013-12-31,497.7668
ZA,2014-01-31,484.0087
ZA,2014-02-28,469.15
ZA,2014-03-31,447.4123
ZA,2014-04-30,478.533
ZA,2014-05-31,469.9755
ZA,2014-06-30,463.179
ZA,2014-07-31,463.3716
ZA,2014-08-31,356.609
ZA,2014-09-30,400.057
ZA,2014-10-31,400.0845
ZA,2014-11-30,491.8967
ZA,2014-12-31,484.0087
ZA,2015-01-31,494.1897
ZA,2015-02-28,451.4807
ZA,2015-03-31,395.4068
ZA,2015-04-30,437.3047
ZA,2015-05-31,406.4132
ZA,2015-06-30,403.7533
ZA,2015-07-31,402.8361
ZA,2015-08-31,455.6671
ZA,2015-09-30,487.6317
ZA,2015-10-31,489.7871
ZA,2015-11-30,471.709
ZA,2015-12-31,497.2165
ZA,2016-01-31,
ZA,2016-02-29,
ZA,2016-03-31,
ZA,2016-04-30,
ZA,2016-05-31,
ZA,2016-06-30,
ZA,2016-07-31,
ZA,2016-08-31,
ZA,2016-09-30,
ZA,2016-10-31,
ZA,2016-11-30,
ZA,2016-12-31,
ZA,2017-01-31,504.921
ZA,2017-02-28,431.9836
ZA,2017-03-31,422.3726
ZA,2017-04-30,466.8753
ZA,2017-05-31,415.7687
ZA,2017-06-30,388.968
ZA,2017-07-31,447.4123
ZA,2017-08-31,479.6061
ZA,2017-09-30,492.7497
ZA,2017-10-31,397.8832
ZA,2017-11-30,432.7553
ZA,2017-12-31,483.7335
ZA,2018-01-31,485.6597
ZA,2018-02-28,373.7968
ZA,2018-03-31,338.9987
ZA,2018-04-30,479.1017
ZA,2018-05-31,367.3403
ZA,2018-06-30,457.4923
ZA,2018-07-31,471.9016
ZA,2018-08-31,487.5858
ZA,2018-09-30,492.181
ZA,2018-10-31,458.969
ZA,2018-11-30,473.1307
ZA,2018-12-31,411.3661
ZA,2019-01-31,455.3919
ZA,2019-02-28,497.4818
ZA,2019-03-31,434.2045
ZA,2019-04-30,454.9333
ZA,2019-05-31,417.97
ZA,2019-06-30,368.2117
ZA,2019-07-31,400.3597
ZA,2019-08-31,461.9958
ZA,2019-09-30,428.206
ZA,2019-10-31,458.1435
ZA,2019-11-30,468.5813
ZA,2019-12-31,412.4668
ZA,2020-01-31,481.8074
ZA,2020-02-29,427.3824
ZA,2020-03-31,305.9794
ZA,2020-04-30,176.2867
ZA,2020-05-31,140.6074
ZA,2020-06-30,345.1807
ZA,2020-07-31,330.7439
ZA,2020-08-31,372.5684
ZA,2020-09-30,364.5153
ZA,2020-10-31,334.5961
ZA,2020-11-30,347.171
ZA,2020-12-31,204.72
ZA,2021-01-31,237.189
ZA,2021-02-28,268.9996
ZA,2021-03-31,258.6516
ZA,2021-04-30,256.1843
ZA,2021-05-31,175.0026
ZA,2021-06-30,203.5827
ZA,2021-07-31,223.9813
ZA,2021-08-31,223.9813
ZA,2021-09-30,254.4783
ZA,2021-10-31,251.2223
ZA,2021-11-30,255.3313
ZA,2021-12-31,236.9139
ZA,2022-01-31,236.0884
ZA,2022-02-28,254.3768
ZA,2022-03-31,242.6923
ZA,2022-04-30,176.571
ZA,2022-05-31,160.6942
ZA,2022-06-30,168.041
ZA,2022-07-31,145.8355
ZA,2022-08-31,176.9287
ZA,2022-09-30,182.8263
ZA,2022-10-31,173.3516
ZA,2022-11-30,177.424
ZA,2022-12-31,173.3516
ZA,2023-01-31,191.2371
ZA,2023-02-28,254.6814
ZA,2023-03-31,245.719
ZA,2023-04-30,265.8517
ZA,2023-05-31,200.5926
ZA,2023-06-30,222.9173
ZA,2023-07-31,253.9739
ZA,2023-08-31,264.43
ZA,2023-09-30,255.6157
ZA,2023-10-31,272.96
ZA,2023-11-30,208.7007
ZA,2023-12-31,279.2887
ZA,2024-01-31,213.5252
ZA,2024-02-29,215.309
ZA,2024-03-31,98.2326
ZA,2024-04-30,199.0333
ZA,2024-05-31,168.3987
ZA,2024-06-30,130.7933
ZA,2024-07-31,
ZA,2024-08-31,
ZA,2024-09-30,
ZA,2024-10-31,
ZA,2024-11-30,
ZA,2024-12-31,
ZA,2025-01-31,
ZA,2025-02-28,
ZA,2025-03-31,
