REF_AREA,TIME_PERIOD,OBS_VALUE
AE,2002-01-31,
AE,2002-02-28,
AE,2002-03-31,
AE,2002-04-30,
AE,2002-05-31,
AE,2002-06-30,
AE,2002-07-31,
AE,2002-08-31,
AE,2002-09-30,
AE,2002-10-31,
AE,2002-11-30,
AE,2002-12-31,
AE,2003-01-31,
AE,2003-02-28,
AE,2003-03-31,
AE,2003-04-30,
AE,2003-05-31,
AE,2003-06-30,
AE,2003-07-31,
AE,2003-08-31,
AE,2003-09-30,
AE,2003-10-31,
AE,2003-11-30,
AE,2003-12-31,
AE,2004-01-31,
AE,2004-02-29,
AE,2004-03-31,
AE,2004-04-30,
AE,2004-05-31,
AE,2004-06-30,
AE,2004-07-31,
AE,2004-08-31,
AE,2004-09-30,
AE,2004-10-31,
AE,2004-11-30,
AE,2004-12-31,
AE,2005-01-31,
AE,2005-02-28,
AE,2005-03-31,
AE,2005-04-30,
AE,2005-05-31,
AE,2005-06-30,
AE,2005-07-31,
AE,2005-08-31,
AE,2005-09-30,
AE,2005-10-31,
AE,2005-11-30,
AE,2005-12-31,
AE,2006-01-31,
AE,2006-02-28,
AE,2006-03-31,
AE,2006-04-30,
AE,2006-05-31,
AE,2006-06-30,
AE,2006-07-31,
AE,2006-08-31,
AE,2006-09-30,
AE,2006-10-31,
AE,2006-11-30,
AE,2006-12-31,
AE,2007-01-31,
AE,2007-02-28,
AE,2007-03-31,
AE,2007-04-30,
AE,2007-05-31,
AE,2007-06-30,
AE,2007-07-31,
AE,2007-08-31,
AE,2007-09-30,
AE,2007-10-31,
AE,2007-11-30,
AE,2007-12-31,
AE,2008-01-31,
AE,2008-02-29,
AE,2008-03-31,
AE,2008-04-30,
AE,2008-05-31,
AE,2008-06-30,
AE,2008-07-31,
AE,2008-08-31,
AE,2008-09-30,
AE,2008-10-31,
AE,2008-11-30,
AE,2008-12-31,
AE,2009-01-31,0.0
AE,2009-02-28,0.0
AE,2009-03-31,0.0
AE,2009-04-30,0.0
AE,2009-05-31,0.0
AE,2009-06-30,0.0
AE,2009-07-31,0.0
AE,2009-08-31,0.0
AE,2009-09-30,0.0
AE,2009-10-31,0.0
AE,2009-11-30,0.0
AE,2009-12-31,0.0
AE,2010-01-31,0.0
AE,2010-02-28,0.0
AE,2010-03-31,0.0
AE,2010-04-30,0.0
AE,2010-05-31,0.0
AE,2010-06-30,0.0
AE,2010-07-31,0.0
AE,2010-08-31,0.0
AE,2010-09-30,0.0
AE,2010-10-31,0.0
AE,2010-11-30,0.0
AE,2010-12-31,0.0
AE,2011-01-31,0.0
AE,2011-02-28,0.0
AE,2011-03-31,0.0
AE,2011-04-30,0.0
AE,2011-05-31,0.0
AE,2011-06-30,0.0
AE,2011-07-31,0.0
AE,2011-08-31,0.0
AE,2011-09-30,0.0
AE,2011-10-31,0.0
AE,2011-11-30,0.0
AE,2011-12-31,0.0
AE,2012-01-31,0.0
AE,2012-02-29,0.0
AE,2012-03-31,0.0
AE,2012-04-30,0.0
AE,2012-05-31,0.0
AE,2012-06-30,0.0
AE,2012-07-31,0.0
AE,2012-08-31,0.0
AE,2012-09-30,0.0
AE,2012-10-31,0.0
AE,2012-11-30,0.0
AE,2012-12-31,0.0
AE,2013-01-31,0.0
AE,2013-02-28,0.0
AE,2013-03-31,0.0
AE,2013-04-30,0.0
AE,2013-05-31,0.0
AE,2013-06-30,0.0
AE,2013-07-31,0.0
AE,2013-08-31,0.0
AE,2013-09-30,0.0
AE,2013-10-31,0.0
AE,2013-11-30,0.0
AE,2013-12-31,0.0
AE,2014-01-31,0.0
AE,2014-02-28,0.0
AE,2014-03-31,0.0
AE,2014-04-30,0.0
AE,2014-05-31,0.0
AE,2014-06-30,0.0
AE,2014-07-31,0.0
AE,2014-08-31,0.0
AE,2014-09-30,0.0
AE,2014-10-31,0.0
AE,2014-11-30,0.0
AE,2014-12-31,0.0
AE,2015-01-31,0.0
AE,2015-02-28,0.0
AE,2015-03-31,0.0
AE,2015-04-30,0.0
AE,2015-05-31,0.0
AE,2015-06-30,0.0
AE,2015-07-31,0.0
AE,2015-08-31,0.0
AE,2015-09-30,0.0
AE,2015-10-31,0.0
AE,2015-11-30,0.0
AE,2015-12-31,0.0
AE,2016-01-31,2348.0
AE,2016-02-29,2293.0
AE,2016-03-31,2466.0
AE,2016-04-30,1787.0
AE,2016-05-31,2089.0
AE,2016-06-30,6458.0
AE,2016-07-31,2637.0
AE,2016-08-31,2477.0
AE,2016-09-30,2271.0
AE,2016-10-31,2348.0
AE,2016-11-30,2114.0
AE,2016-12-31,1745.0
AE,2017-01-31,1543.0
AE,2017-02-28,1940.0
AE,2017-03-31,1432.0
AE,2017-04-30,3390.0
AE,2017-05-31,3571.0
AE,2017-06-30,3571.0
AE,2017-07-31,2397.0
AE,2017-08-31,2391.0
AE,2017-09-30,2337.0
AE,2017-10-31,2903.0
AE,2017-11-30,3098.0
AE,2017-12-31,3051.0
AE,2018-01-31,2534.0
AE,2018-02-28,2638.0
AE,2018-03-31,1912.0
AE,2018-04-30,1734.0
AE,2018-05-31,1825.0
AE,2018-06-30,2882.0
AE,2018-07-31,2743.0
AE,2018-08-31,3888.0
AE,2018-09-30,3697.0
AE,2018-10-31,3367.0
AE,2018-11-30,3760.0
AE,2018-12-31,3947.0
AE,2019-01-31,
AE,2019-02-28,
AE,2019-03-31,
AE,2019-04-30,
AE,2019-05-31,
AE,2019-06-30,
AE,2019-07-31,
AE,2019-08-31,
AE,2019-09-30,
AE,2019-10-31,
AE,2019-11-30,
AE,2019-12-31,
AE,2020-01-31,
AE,2020-02-29,
AE,2020-03-31,
AE,2020-04-30,
AE,2020-05-31,
AE,2020-06-30,
AE,2020-07-31,
AE,2020-08-31,
AE,2020-09-30,
AE,2020-10-31,
AE,2020-11-30,
AE,2020-12-31,
AE,2021-01-31,
AE,2021-02-28,
AE,2021-03-31,
AE,2021-04-30,
AE,2021-05-31,
AE,2021-06-30,
AE,2021-07-31,
AE,2021-08-31,
AE,2021-09-30,
AE,2021-10-31,
AE,2021-11-30,
AE,2021-12-31,
AE,2022-01-31,
AE,2022-02-28,
AE,2022-03-31,
AE,2022-04-30,
AE,2022-05-31,
AE,2022-06-30,
AE,2022-07-31,
AE,2022-08-31,
AE,2022-09-30,
AE,2022-10-31,
AE,2022-11-30,
AE,2022-12-31,
AE,2023-01-31,
AE,2023-02-28,
AE,2023-03-31,
AE,2023-04-30,
AE,2023-05-31,
AE,2023-06-30,
AE,2023-07-31,
AE,2023-08-31,
AE,2023-09-30,
AE,2023-10-31,
AE,2023-11-30,
AE,2023-12-31,
AE,2024-01-31,
AE,2024-02-29,
AE,2024-03-31,
AE,2024-04-30,
AE,2024-05-31,
AE,2024-06-30,
AE,2024-07-31,
AE,2024-08-31,
AE,2024-09-30,
AE,2024-10-31,
AE,2024-11-30,
AE,2024-12-31,
AE,2025-01-31,
AE,2025-02-28,
AE,2025-03-31,
AL,2002-01-31,
AL,2002-02-28,
AL,2002-03-31,
AL,2002-04-30,
AL,2002-05-31,
AL,2002-06-30,
AL,2002-07-31,
AL,2002-08-31,
AL,2002-09-30,
AL,2002-10-31,
AL,2002-11-30,
AL,2002-12-31,
AL,2003-01-31,
AL,2003-02-28,
AL,2003-03-31,
AL,2003-04-30,
AL,2003-05-31,
AL,2003-06-30,
AL,2003-07-31,
AL,2003-08-31,
AL,2003-09-30,
AL,2003-10-31,
AL,2003-11-30,
AL,2003-12-31,
AL,2004-01-31,
AL,2004-02-29,
AL,2004-03-31,
AL,2004-04-30,
AL,2004-05-31,
AL,2004-06-30,
AL,2004-07-31,
AL,2004-08-31,
AL,2004-09-30,
AL,2004-10-31,
AL,2004-11-30,
AL,2004-12-31,
AL,2005-01-31,
AL,2005-02-28,
AL,2005-03-31,
AL,2005-04-30,
AL,2005-05-31,
AL,2005-06-30,
AL,2005-07-31,
AL,2005-08-31,
AL,2005-09-30,
AL,2005-10-31,
AL,2005-11-30,
AL,2005-12-31,
AL,2006-01-31,
AL,2006-02-28,
AL,2006-03-31,
AL,2006-04-30,
AL,2006-05-31,
AL,2006-06-30,
AL,2006-07-31,
AL,2006-08-31,
AL,2006-09-30,
AL,2006-10-31,
AL,2006-11-30,
AL,2006-12-31,
AL,2007-01-31,
AL,2007-02-28,
AL,2007-03-31,
AL,2007-04-30,
AL,2007-05-31,
AL,2007-06-30,
AL,2007-07-31,
AL,2007-08-31,
AL,2007-09-30,
AL,2007-10-31,
AL,2007-11-30,
AL,2007-12-31,
AL,2008-01-31,
AL,2008-02-29,
AL,2008-03-31,
AL,2008-04-30,
AL,2008-05-31,
AL,2008-06-30,
AL,2008-07-31,
AL,2008-08-31,
AL,2008-09-30,
AL,2008-10-31,
AL,2008-11-30,
AL,2008-12-31,
AL,2009-01-31,
AL,2009-02-28,
AL,2009-03-31,
AL,2009-04-30,
AL,2009-05-31,
AL,2009-06-30,
AL,2009-07-31,
AL,2009-08-31,
AL,2009-09-30,
AL,2009-10-31,
AL,2009-11-30,
AL,2009-12-31,
AL,2010-01-31,
AL,2010-02-28,
AL,2010-03-31,
AL,2010-04-30,
AL,2010-05-31,
AL,2010-06-30,
AL,2010-07-31,
AL,2010-08-31,
AL,2010-09-30,
AL,2010-10-31,
AL,2010-11-30,
AL,2010-12-31,
AL,2011-01-31,
AL,2011-02-28,
AL,2011-03-31,
AL,2011-04-30,
AL,2011-05-31,
AL,2011-06-30,
AL,2011-07-31,
AL,2011-08-31,
AL,2011-09-30,
AL,2011-10-31,
AL,2011-11-30,
AL,2011-12-31,
AL,2012-01-31,
AL,2012-02-29,
AL,2012-03-31,
AL,2012-04-30,
AL,2012-05-31,
AL,2012-06-30,
AL,2012-07-31,
AL,2012-08-31,
AL,2012-09-30,
AL,2012-10-31,
AL,2012-11-30,
AL,2012-12-31,
AL,2013-01-31,
AL,2013-02-28,
AL,2013-03-31,
AL,2013-04-30,
AL,2013-05-31,
AL,2013-06-30,
AL,2013-07-31,
AL,2013-08-31,
AL,2013-09-30,
AL,2013-10-31,
AL,2013-11-30,
AL,2013-12-31,
AL,2014-01-31,
AL,2014-02-28,
AL,2014-03-31,
AL,2014-04-30,
AL,2014-05-31,
AL,2014-06-30,
AL,2014-07-31,
AL,2014-08-31,
AL,2014-09-30,
AL,2014-10-31,
AL,2014-11-30,
AL,2014-12-31,
AL,2015-01-31,
AL,2015-02-28,
AL,2015-03-31,
AL,2015-04-30,
AL,2015-05-31,
AL,2015-06-30,
AL,2015-07-31,
AL,2015-08-31,
AL,2015-09-30,
AL,2015-10-31,
AL,2015-11-30,
AL,2015-12-31,
AL,2016-01-31,
AL,2016-02-29,
AL,2016-03-31,
AL,2016-04-30,
AL,2016-05-31,
AL,2016-06-30,
AL,2016-07-31,
AL,2016-08-31,
AL,2016-09-30,
AL,2016-10-31,
AL,2016-11-30,
AL,2016-12-31,
AL,2017-01-31,
AL,2017-02-28,
AL,2017-03-31,
AL,2017-04-30,
AL,2017-05-31,
AL,2017-06-30,
AL,2017-07-31,
AL,2017-08-31,
AL,2017-09-30,
AL,2017-10-31,
AL,2017-11-30,
AL,2017-12-31,
AL,2018-01-31,
AL,2018-02-28,
AL,2018-03-31,
AL,2018-04-30,
AL,2018-05-31,
AL,2018-06-30,
AL,2018-07-31,
AL,2018-08-31,
AL,2018-09-30,
AL,2018-10-31,
AL,2018-11-30,
AL,2018-12-31,
AL,2019-01-31,
AL,2019-02-28,
AL,2019-03-31,
AL,2019-04-30,
AL,2019-05-31,
AL,2019-06-30,
AL,2019-07-31,
AL,2019-08-31,
AL,2019-09-30,
AL,2019-10-31,
AL,2019-11-30,
AL,2019-12-31,
AL,2020-01-31,
AL,2020-02-29,
AL,2020-03-31,
AL,2020-04-30,
AL,2020-05-31,
AL,2020-06-30,
AL,2020-07-31,
AL,2020-08-31,
AL,2020-09-30,
AL,2020-10-31,
AL,2020-11-30,
AL,2020-12-31,
AL,2021-01-31,
AL,2021-02-28,
AL,2021-03-31,
AL,2021-04-30,
AL,2021-05-31,
AL,2021-06-30,
AL,2021-07-31,
AL,2021-08-31,
AL,2021-09-30,
AL,2021-10-31,
AL,2021-11-30,
AL,2021-12-31,
AL,2022-01-31,
AL,2022-02-28,
AL,2022-03-31,
AL,2022-04-30,
AL,2022-05-31,
AL,2022-06-30,
AL,2022-07-31,
AL,2022-08-31,
AL,2022-09-30,
AL,2022-10-31,
AL,2022-11-30,
AL,2022-12-31,
AL,2023-01-31,
AL,2023-02-28,
AL,2023-03-31,
AL,2023-04-30,
AL,2023-05-31,
AL,2023-06-30,
AL,2023-07-31,
AL,2023-08-31,
AL,2023-09-30,
AL,2023-10-31,
AL,2023-11-30,
AL,2023-12-31,
AL,2024-01-31,
AL,2024-02-29,
AL,2024-03-31,
AL,2024-04-30,
AL,2024-05-31,
AL,2024-06-30,
AL,2024-07-31,
AL,2024-08-31,
AL,2024-09-30,
AL,2024-10-31,
AL,2024-11-30,
AL,2024-12-31,
AL,2025-01-31,
AL,2025-02-28,
AL,2025-03-31,
AM,2002-01-31,
AM,2002-02-28,
AM,2002-03-31,
AM,2002-04-30,
AM,2002-05-31,
AM,2002-06-30,
AM,2002-07-31,
AM,2002-08-31,
AM,2002-09-30,
AM,2002-10-31,
AM,2002-11-30,
AM,2002-12-31,
AM,2003-01-31,
AM,2003-02-28,
AM,2003-03-31,
AM,2003-04-30,
AM,2003-05-31,
AM,2003-06-30,
AM,2003-07-31,
AM,2003-08-31,
AM,2003-09-30,
AM,2003-10-31,
AM,2003-11-30,
AM,2003-12-31,
AM,2004-01-31,
AM,2004-02-29,
AM,2004-03-31,
AM,2004-04-30,
AM,2004-05-31,
AM,2004-06-30,
AM,2004-07-31,
AM,2004-08-31,
AM,2004-09-30,
AM,2004-10-31,
AM,2004-11-30,
AM,2004-12-31,
AM,2005-01-31,
AM,2005-02-28,
AM,2005-03-31,
AM,2005-04-30,
AM,2005-05-31,
AM,2005-06-30,
AM,2005-07-31,
AM,2005-08-31,
AM,2005-09-30,
AM,2005-10-31,
AM,2005-11-30,
AM,2005-12-31,
AM,2006-01-31,
AM,2006-02-28,
AM,2006-03-31,
AM,2006-04-30,
AM,2006-05-31,
AM,2006-06-30,
AM,2006-07-31,
AM,2006-08-31,
AM,2006-09-30,
AM,2006-10-31,
AM,2006-11-30,
AM,2006-12-31,
AM,2007-01-31,
AM,2007-02-28,
AM,2007-03-31,
AM,2007-04-30,
AM,2007-05-31,
AM,2007-06-30,
AM,2007-07-31,
AM,2007-08-31,
AM,2007-09-30,
AM,2007-10-31,
AM,2007-11-30,
AM,2007-12-31,
AM,2008-01-31,
AM,2008-02-29,
AM,2008-03-31,
AM,2008-04-30,
AM,2008-05-31,
AM,2008-06-30,
AM,2008-07-31,
AM,2008-08-31,
AM,2008-09-30,
AM,2008-10-31,
AM,2008-11-30,
AM,2008-12-31,
AM,2009-01-31,
AM,2009-02-28,
AM,2009-03-31,
AM,2009-04-30,
AM,2009-05-31,
AM,2009-06-30,
AM,2009-07-31,
AM,2009-08-31,
AM,2009-09-30,
AM,2009-10-31,
AM,2009-11-30,
AM,2009-12-31,
AM,2010-01-31,
AM,2010-02-28,
AM,2010-03-31,
AM,2010-04-30,
AM,2010-05-31,
AM,2010-06-30,
AM,2010-07-31,
AM,2010-08-31,
AM,2010-09-30,
AM,2010-10-31,
AM,2010-11-30,
AM,2010-12-31,
AM,2011-01-31,
AM,2011-02-28,
AM,2011-03-31,
AM,2011-04-30,
AM,2011-05-31,
AM,2011-06-30,
AM,2011-07-31,
AM,2011-08-31,
AM,2011-09-30,
AM,2011-10-31,
AM,2011-11-30,
AM,2011-12-31,
AM,2012-01-31,
AM,2012-02-29,
AM,2012-03-31,
AM,2012-04-30,
AM,2012-05-31,
AM,2012-06-30,
AM,2012-07-31,
AM,2012-08-31,
AM,2012-09-30,
AM,2012-10-31,
AM,2012-11-30,
AM,2012-12-31,
AM,2013-01-31,
AM,2013-02-28,
AM,2013-03-31,
AM,2013-04-30,
AM,2013-05-31,
AM,2013-06-30,
AM,2013-07-31,
AM,2013-08-31,
AM,2013-09-30,
AM,2013-10-31,
AM,2013-11-30,
AM,2013-12-31,
AM,2014-01-31,
AM,2014-02-28,
AM,2014-03-31,
AM,2014-04-30,
AM,2014-05-31,
AM,2014-06-30,
AM,2014-07-31,
AM,2014-08-31,
AM,2014-09-30,
AM,2014-10-31,
AM,2014-11-30,
AM,2014-12-31,
AM,2015-01-31,
AM,2015-02-28,
AM,2015-03-31,
AM,2015-04-30,
AM,2015-05-31,
AM,2015-06-30,
AM,2015-07-31,
AM,2015-08-31,
AM,2015-09-30,
AM,2015-10-31,
AM,2015-11-30,
AM,2015-12-31,
AM,2016-01-31,
AM,2016-02-29,
AM,2016-03-31,
AM,2016-04-30,
AM,2016-05-31,
AM,2016-06-30,
AM,2016-07-31,
AM,2016-08-31,
AM,2016-09-30,
AM,2016-10-31,
AM,2016-11-30,
AM,2016-12-31,
AM,2017-01-31,
AM,2017-02-28,
AM,2017-03-31,
AM,2017-04-30,
AM,2017-05-31,
AM,2017-06-30,
AM,2017-07-31,
AM,2017-08-31,
AM,2017-09-30,
AM,2017-10-31,
AM,2017-11-30,
AM,2017-12-31,
AM,2018-01-31,
AM,2018-02-28,
AM,2018-03-31,
AM,2018-04-30,
AM,2018-05-31,
AM,2018-06-30,
AM,2018-07-31,
AM,2018-08-31,
AM,2018-09-30,
AM,2018-10-31,
AM,2018-11-30,
AM,2018-12-31,
AM,2019-01-31,
AM,2019-02-28,
AM,2019-03-31,
AM,2019-04-30,
AM,2019-05-31,
AM,2019-06-30,
AM,2019-07-31,
AM,2019-08-31,
AM,2019-09-30,
AM,2019-10-31,
AM,2019-11-30,
AM,2019-12-31,
AM,2020-01-31,
AM,2020-02-29,
AM,2020-03-31,
AM,2020-04-30,
AM,2020-05-31,
AM,2020-06-30,
AM,2020-07-31,
AM,2020-08-31,
AM,2020-09-30,
AM,2020-10-31,
AM,2020-11-30,
AM,2020-12-31,
AM,2021-01-31,
AM,2021-02-28,
AM,2021-03-31,
AM,2021-04-30,
AM,2021-05-31,
AM,2021-06-30,
AM,2021-07-31,
AM,2021-08-31,
AM,2021-09-30,
AM,2021-10-31,
AM,2021-11-30,
AM,2021-12-31,
AM,2022-01-31,
AM,2022-02-28,
AM,2022-03-31,
AM,2022-04-30,
AM,2022-05-31,
AM,2022-06-30,
AM,2022-07-31,
AM,2022-08-31,
AM,2022-09-30,
AM,2022-10-31,
AM,2022-11-30,
AM,2022-12-31,
AM,2023-01-31,
AM,2023-02-28,
AM,2023-03-31,
AM,2023-04-30,
AM,2023-05-31,
AM,2023-06-30,
AM,2023-07-31,
AM,2023-08-31,
AM,2023-09-30,
AM,2023-10-31,
AM,2023-11-30,
AM,2023-12-31,
AM,2024-01-31,
AM,2024-02-29,
AM,2024-03-31,
AM,2024-04-30,
AM,2024-05-31,
AM,2024-06-30,
AM,2024-07-31,
AM,2024-08-31,
AM,2024-09-30,
AM,2024-10-31,
AM,2024-11-30,
AM,2024-12-31,
AM,2025-01-31,
AM,2025-02-28,
AM,2025-03-31,
AO,2002-01-31,
AO,2002-02-28,
AO,2002-03-31,
AO,2002-04-30,
AO,2002-05-31,
AO,2002-06-30,
AO,2002-07-31,
AO,2002-08-31,
AO,2002-09-30,
AO,2002-10-31,
AO,2002-11-30,
AO,2002-12-31,
AO,2003-01-31,
AO,2003-02-28,
AO,2003-03-31,
AO,2003-04-30,
AO,2003-05-31,
AO,2003-06-30,
AO,2003-07-31,
AO,2003-08-31,
AO,2003-09-30,
AO,2003-10-31,
AO,2003-11-30,
AO,2003-12-31,
AO,2004-01-31,
AO,2004-02-29,
AO,2004-03-31,
AO,2004-04-30,
AO,2004-05-31,
AO,2004-06-30,
AO,2004-07-31,
AO,2004-08-31,
AO,2004-09-30,
AO,2004-10-31,
AO,2004-11-30,
AO,2004-12-31,
AO,2005-01-31,
AO,2005-02-28,
AO,2005-03-31,
AO,2005-04-30,
AO,2005-05-31,
AO,2005-06-30,
AO,2005-07-31,
AO,2005-08-31,
AO,2005-09-30,
AO,2005-10-31,
AO,2005-11-30,
AO,2005-12-31,
AO,2006-01-31,
AO,2006-02-28,
AO,2006-03-31,
AO,2006-04-30,
AO,2006-05-31,
AO,2006-06-30,
AO,2006-07-31,
AO,2006-08-31,
AO,2006-09-30,
AO,2006-10-31,
AO,2006-11-30,
AO,2006-12-31,
AO,2007-01-31,0.0
AO,2007-02-28,0.0
AO,2007-03-31,0.0
AO,2007-04-30,
AO,2007-05-31,
AO,2007-06-30,
AO,2007-07-31,
AO,2007-08-31,
AO,2007-09-30,
AO,2007-10-31,
AO,2007-11-30,
AO,2007-12-31,
AO,2008-01-31,516.0
AO,2008-02-29,374.0
AO,2008-03-31,361.0
AO,2008-04-30,
AO,2008-05-31,
AO,2008-06-30,
AO,2008-07-31,796.0
AO,2008-08-31,1013.0
AO,2008-09-30,10804.0
AO,2008-10-31,15123.0
AO,2008-11-30,11988.0
AO,2008-12-31,
AO,2009-01-31,13176.0
AO,2009-02-28,12239.0
AO,2009-03-31,11583.0
AO,2009-04-30,16245.0
AO,2009-05-31,12673.0
AO,2009-06-30,20584.0
AO,2009-07-31,13015.0
AO,2009-08-31,13496.0
AO,2009-09-30,10329.0
AO,2009-10-31,6246.0
AO,2009-11-30,5045.0
AO,2009-12-31,762.0
AO,2010-01-31,622.0
AO,2010-02-28,1550.0
AO,2010-03-31,3716.0
AO,2010-04-30,5902.0
AO,2010-05-31,1826.0
AO,2010-06-30,2146.0
AO,2010-07-31,4617.0
AO,2010-08-31,2885.0
AO,2010-09-30,4859.0
AO,2010-10-31,
AO,2010-11-30,5817.0
AO,2010-12-31,11571.0
AO,2011-01-31,8168.0
AO,2011-02-28,11009.0
AO,2011-03-31,11009.0
AO,2011-04-30,2657.0
AO,2011-05-31,11807.0
AO,2011-06-30,11284.0
AO,2011-07-31,14973.0
AO,2011-08-31,18082.0
AO,2011-09-30,14241.0
AO,2011-10-31,11412.0
AO,2011-11-30,10890.0
AO,2011-12-31,13141.0
AO,2012-01-31,13780.0
AO,2012-02-29,12065.0
AO,2012-03-31,12461.0
AO,2012-04-30,15284.0
AO,2012-05-31,12564.0
AO,2012-06-30,10633.0
AO,2012-07-31,9267.0
AO,2012-08-31,11407.0
AO,2012-09-30,14007.0
AO,2012-10-31,13132.0
AO,2012-11-30,12404.0
AO,2012-12-31,13122.0
AO,2013-01-31,14803.0
AO,2013-02-28,17034.0
AO,2013-03-31,12237.0
AO,2013-04-30,13049.0
AO,2013-05-31,13049.0
AO,2013-06-30,16393.0
AO,2013-07-31,17446.0
AO,2013-08-31,15523.0
AO,2013-09-30,13682.0
AO,2013-10-31,0.0
AO,2013-11-30,0.0
AO,2013-12-31,13040.0
AO,2014-01-31,13981.0
AO,2014-02-28,13406.0
AO,2014-03-31,10669.0
AO,2014-04-30,16572.0
AO,2014-05-31,15837.0
AO,2014-06-30,15877.0
AO,2014-07-31,25227.0
AO,2014-08-31,22932.0
AO,2014-09-30,0.0
AO,2014-10-31,21345.0
AO,2014-11-30,18673.0
AO,2014-12-31,18986.0
AO,2015-01-31,15224.0
AO,2015-02-28,13029.0
AO,2015-03-31,16374.0
AO,2015-04-30,14618.0
AO,2015-05-31,16995.0
AO,2015-06-30,18202.0
AO,2015-07-31,18232.0
AO,2015-08-31,18776.0
AO,2015-09-30,18560.0
AO,2015-10-31,21196.0
AO,2015-11-30,21031.0
AO,2015-12-31,22780.0
AO,2016-01-31,12677.0
AO,2016-02-29,14879.0
AO,2016-03-31,16273.0
AO,2016-04-30,14622.0
AO,2016-05-31,13901.0
AO,2016-06-30,15508.0
AO,2016-07-31,15786.0
AO,2016-08-31,0.0
AO,2016-09-30,16699.0
AO,2016-10-31,12522.0
AO,2016-11-30,14315.0
AO,2016-12-31,12507.0
AO,2017-01-31,15456.0
AO,2017-02-28,13997.0
AO,2017-03-31,16321.0
AO,2017-04-30,15577.0
AO,2017-05-31,15397.0
AO,2017-06-30,14605.0
AO,2017-07-31,14605.0
AO,2017-08-31,16246.0
AO,2017-09-30,16767.0
AO,2017-10-31,14846.0
AO,2017-11-30,14529.0
AO,2017-12-31,12052.0
AO,2018-01-31,16630.0
AO,2018-02-28,16003.0
AO,2018-03-31,15169.0
AO,2018-04-30,16201.0
AO,2018-05-31,15116.0
AO,2018-06-30,15874.0
AO,2018-07-31,16834.0
AO,2018-08-31,16834.0
AO,2018-09-30,14495.0
AO,2018-10-31,20631.0
AO,2018-11-30,0.0
AO,2018-12-31,17133.0
AO,2019-01-31,19740.0
AO,2019-02-28,0.0
AO,2019-03-31,0.0
AO,2019-04-30,0.0
AO,2019-05-31,0.0
AO,2019-06-30,0.0
AO,2019-07-31,0.0
AO,2019-08-31,0.0
AO,2019-09-30,0.0
AO,2019-10-31,19637.0
AO,2019-11-30,0.0
AO,2019-12-31,0.0
AO,2020-01-31,0.0
AO,2020-02-29,21061.0
AO,2020-03-31,0.0
AO,2020-04-30,0.0
AO,2020-05-31,14077.0
AO,2020-06-30,15381.0
AO,2020-07-31,19276.0
AO,2020-08-31,19700.0
AO,2020-09-30,16779.0
AO,2020-10-31,17722.0
AO,2020-11-30,17728.0
AO,2020-12-31,16259.0
AO,2021-01-31,16678.0
AO,2021-02-28,17917.0
AO,2021-03-31,16755.0
AO,2021-04-30,17024.0
AO,2021-05-31,18336.0
AO,2021-06-30,16956.0
AO,2021-07-31,16271.0
AO,2021-08-31,18157.0
AO,2021-09-30,15202.0
AO,2021-10-31,14978.0
AO,2021-11-30,0.0
AO,2021-12-31,15262.0
AO,2022-01-31,0.0
AO,2022-02-28,17195.0
AO,2022-03-31,18208.0
AO,2022-04-30,18719.0
AO,2022-05-31,18384.0
AO,2022-06-30,16011.0
AO,2022-07-31,0.0
AO,2022-08-31,0.0
AO,2022-09-30,16327.0
AO,2022-10-31,0.0
AO,2022-11-30,0.0
AO,2022-12-31,0.0
AO,2023-01-31,0.0
AO,2023-02-28,3293.0
AO,2023-03-31,0.0
AO,2023-04-30,0.0
AO,2023-05-31,16186.0
AO,2023-06-30,18970.0
AO,2023-07-31,16708.0
AO,2023-08-31,16760.0
AO,2023-09-30,16760.0
AO,2023-10-31,20874.0
AO,2023-11-30,20700.0
AO,2023-12-31,
AO,2024-01-31,
AO,2024-02-29,
AO,2024-03-31,
AO,2024-04-30,
AO,2024-05-31,
AO,2024-06-30,
AO,2024-07-31,
AO,2024-08-31,
AO,2024-09-30,
AO,2024-10-31,
AO,2024-11-30,
AO,2024-12-31,
AO,2025-01-31,
AO,2025-02-28,
AO,2025-03-31,
AR,2002-01-31,3084.0
AR,2002-02-28,2175.0
AR,2002-03-31,2819.0
AR,2002-04-30,3331.0
AR,2002-05-31,3327.0
AR,2002-06-30,3742.0
AR,2002-07-31,3828.0
AR,2002-08-31,6357.0
AR,2002-09-30,3909.0
AR,2002-10-31,3831.0
AR,2002-11-30,3418.0
AR,2002-12-31,3262.0
AR,2003-01-31,3309.0
AR,2003-02-28,2335.0
AR,2003-03-31,3169.0
AR,2003-04-30,3407.0
AR,2003-05-31,3886.0
AR,2003-06-30,4133.0
AR,2003-07-31,4432.0
AR,2003-08-31,4123.0
AR,2003-09-30,3476.0
AR,2003-10-31,2874.0
AR,2003-11-30,4135.0
AR,2003-12-31,3638.0
AR,2004-01-31,4407.0
AR,2004-02-29,4234.0
AR,2004-03-31,3423.0
AR,2004-04-30,3867.0
AR,2004-05-31,4274.0
AR,2004-06-30,4138.0
AR,2004-07-31,2758.0
AR,2004-08-31,3501.0
AR,2004-09-30,2830.0
AR,2004-10-31,3304.0
AR,2004-11-30,3414.0
AR,2004-12-31,2802.0
AR,2005-01-31,3010.0
AR,2005-02-28,3757.0
AR,2005-03-31,5385.0
AR,2005-04-30,4177.0
AR,2005-05-31,5064.0
AR,2005-06-30,4493.0
AR,2005-07-31,5398.0
AR,2005-08-31,4826.0
AR,2005-09-30,4505.0
AR,2005-10-31,3532.0
AR,2005-11-30,4503.0
AR,2005-12-31,3926.0
AR,2006-01-31,4643.0
AR,2006-02-28,4174.0
AR,2006-03-31,3746.0
AR,2006-04-30,3840.0
AR,2006-05-31,4028.0
AR,2006-06-30,4025.0
AR,2006-07-31,4112.0
AR,2006-08-31,5277.0
AR,2006-09-30,6745.0
AR,2006-10-31,6235.0
AR,2006-11-30,5158.0
AR,2006-12-31,4868.0
AR,2007-01-31,6089.0
AR,2007-02-28,6026.0
AR,2007-03-31,6519.0
AR,2007-04-30,6347.0
AR,2007-05-31,6114.0
AR,2007-06-30,6502.0
AR,2007-07-31,5123.0
AR,2007-08-31,6233.0
AR,2007-09-30,5685.0
AR,2007-10-31,4557.0
AR,2007-11-30,5028.0
AR,2007-12-31,4998.0
AR,2008-01-31,5240.0
AR,2008-02-29,4616.0
AR,2008-03-31,5121.0
AR,2008-04-30,5240.0
AR,2008-05-31,4032.0
AR,2008-06-30,4937.0
AR,2008-07-31,5311.0
AR,2008-08-31,6461.0
AR,2008-09-30,5830.0
AR,2008-10-31,6567.0
AR,2008-11-30,6495.0
AR,2008-12-31,5264.0
AR,2009-01-31,5264.0
AR,2009-02-28,4998.0
AR,2009-03-31,5236.0
AR,2009-04-30,3779.0
AR,2009-05-31,3856.0
AR,2009-06-30,4252.0
AR,2009-07-31,4344.0
AR,2009-08-31,4899.0
AR,2009-09-30,3545.0
AR,2009-10-31,4546.0
AR,2009-11-30,3532.0
AR,2009-12-31,4570.0
AR,2010-01-31,10664.0
AR,2010-02-28,11869.0
AR,2010-03-31,11698.0
AR,2010-04-30,11363.0
AR,2010-05-31,10017.0
AR,2010-06-30,11696.0
AR,2010-07-31,11596.0
AR,2010-08-31,12020.0
AR,2010-09-30,12498.0
AR,2010-10-31,9289.0
AR,2010-11-30,9177.0
AR,2010-12-31,9633.0
AR,2011-01-31,12098.0
AR,2011-02-28,11464.0
AR,2011-03-31,9799.0
AR,2011-04-30,10275.0
AR,2011-05-31,11699.0
AR,2011-06-30,12068.0
AR,2011-07-31,10163.0
AR,2011-08-31,11434.0
AR,2011-09-30,10953.0
AR,2011-10-31,12530.0
AR,2011-11-30,11463.0
AR,2011-12-31,12068.0
AR,2012-01-31,13134.0
AR,2012-02-29,12965.0
AR,2012-03-31,14190.0
AR,2012-04-30,13225.0
AR,2012-05-31,12925.0
AR,2012-06-30,13068.0
AR,2012-07-31,12410.0
AR,2012-08-31,12186.0
AR,2012-09-30,11890.0
AR,2012-10-31,10683.0
AR,2012-11-30,10361.0
AR,2012-12-31,9698.0
AR,2013-01-31,0.0
AR,2013-02-28,0.0
AR,2013-03-31,0.0
AR,2013-04-30,11714.0
AR,2013-05-31,10212.0
AR,2013-06-30,9003.0
AR,2013-07-31,9831.0
AR,2013-08-31,9719.0
AR,2013-09-30,9548.0
AR,2013-10-31,16837.0
AR,2013-11-30,10640.0
AR,2013-12-31,10932.0
AR,2014-01-31,10932.0
AR,2014-02-28,10984.0
AR,2014-03-31,11964.0
AR,2014-04-30,11529.0
AR,2014-05-31,10746.0
AR,2014-06-30,8927.0
AR,2014-07-31,10159.0
AR,2014-08-31,10261.0
AR,2014-09-30,12197.0
AR,2014-10-31,11305.0
AR,2014-11-30,11395.0
AR,2014-12-31,10068.0
AR,2015-01-31,10860.0
AR,2015-02-28,11190.0
AR,2015-03-31,10697.0
AR,2015-04-30,9692.0
AR,2015-05-31,9518.0
AR,2015-06-30,9506.0
AR,2015-07-31,10553.0
AR,2015-08-31,10646.0
AR,2015-09-30,12785.0
AR,2015-10-31,11716.0
AR,2015-11-30,12395.0
AR,2015-12-31,11755.0
AR,2016-01-31,13445.0
AR,2016-02-29,12651.0
AR,2016-03-31,12495.0
AR,2016-04-30,12623.0
AR,2016-05-31,11785.0
AR,2016-06-30,11270.0
AR,2016-07-31,11521.0
AR,2016-08-31,12075.0
AR,2016-09-30,10914.0
AR,2016-10-31,11749.0
AR,2016-11-30,11318.0
AR,2016-12-31,11233.0
AR,2017-01-31,11044.0
AR,2017-02-28,9341.0
AR,2017-03-31,10403.0
AR,2017-04-30,11344.0
AR,2017-05-31,11319.0
AR,2017-06-30,10041.0
AR,2017-07-31,11479.0
AR,2017-08-31,10028.0
AR,2017-09-30,11759.0
AR,2017-10-31,11659.0
AR,2017-11-30,10838.0
AR,2017-12-31,11728.0
AR,2018-01-31,9986.0
AR,2018-02-28,10149.0
AR,2018-03-31,9976.0
AR,2018-04-30,9118.0
AR,2018-05-31,10363.0
AR,2018-06-30,10787.0
AR,2018-07-31,12019.0
AR,2018-08-31,12384.0
AR,2018-09-30,12256.0
AR,2018-10-31,11251.0
AR,2018-11-30,10359.0
AR,2018-12-31,10870.0
AR,2019-01-31,10870.0
AR,2019-02-28,11394.0
AR,2019-03-31,10348.0
AR,2019-04-30,11512.0
AR,2019-05-31,11202.0
AR,2019-06-30,11622.0
AR,2019-07-31,11014.0
AR,2019-08-31,10502.0
AR,2019-09-30,9847.0
AR,2019-10-31,9054.0
AR,2019-11-30,8867.0
AR,2019-12-31,8656.0
AR,2020-01-31,8883.0
AR,2020-02-29,9267.0
AR,2020-03-31,10601.0
AR,2020-04-30,12406.0
AR,2020-05-31,12406.0
AR,2020-06-30,11622.0
AR,2020-07-31,11014.0
AR,2020-08-31,
AR,2020-09-30,
AR,2020-10-31,
AR,2020-11-30,
AR,2020-12-31,
AR,2021-01-31,
AR,2021-02-28,
AR,2021-03-31,
AR,2021-04-30,
AR,2021-05-31,
AR,2021-06-30,
AR,2021-07-31,
AR,2021-08-31,
AR,2021-09-30,
AR,2021-10-31,
AR,2021-11-30,
AR,2021-12-31,
AR,2022-01-31,
AR,2022-02-28,
AR,2022-03-31,
AR,2022-04-30,
AR,2022-05-31,
AR,2022-06-30,
AR,2022-07-31,
AR,2022-08-31,
AR,2022-09-30,
AR,2022-10-31,
AR,2022-11-30,
AR,2022-12-31,
AR,2023-01-31,
AR,2023-02-28,
AR,2023-03-31,
AR,2023-04-30,
AR,2023-05-31,
AR,2023-06-30,
AR,2023-07-31,
AR,2023-08-31,
AR,2023-09-30,
AR,2023-10-31,
AR,2023-11-30,
AR,2023-12-31,
AR,2024-01-31,
AR,2024-02-29,
AR,2024-03-31,
AR,2024-04-30,
AR,2024-05-31,
AR,2024-06-30,
AR,2024-07-31,
AR,2024-08-31,
AR,2024-09-30,
AR,2024-10-31,
AR,2024-11-30,
AR,2024-12-31,
AR,2025-01-31,
AT,2002-01-31,6470.86
AT,2002-02-28,6323.46
AT,2002-03-31,6271.87
AT,2002-04-30,6986.76
AT,2002-05-31,6765.66
AT,2002-06-30,7134.16
AT,2002-07-31,7075.2
AT,2002-08-31,7134.16
AT,2002-09-30,7141.53
AT,2002-10-31,7546.88
AT,2002-11-30,7635.32
AT,2002-12-31,6927.8
AT,2003-01-31,5969.7
AT,2003-02-28,6028.66
AT,2003-03-31,6323.46
AT,2003-04-30,6574.04
AT,2003-05-31,5601.2
AT,2003-06-30,6404.53
AT,2003-07-31,5984.44
AT,2003-08-31,6382.42
AT,2003-09-30,6360.31
AT,2003-10-31,6043.4
AT,2003-11-30,5851.78
AT,2003-12-31,6271.87
AT,2004-01-31,6308.72
AT,2004-02-29,6264.5
AT,2004-03-31,5910.74
AT,2004-04-30,6279.24
AT,2004-05-31,6537.19
AT,2004-06-30,6640.37
AT,2004-07-31,6529.82
AT,2004-08-31,6492.97
AT,2004-09-30,6419.27
AT,2004-10-31,6633.0
AT,2004-11-30,6750.92
AT,2004-12-31,6942.54
AT,2005-01-31,6448.75
AT,2005-02-28,6470.86
AT,2005-03-31,7126.79
AT,2005-04-30,6205.54
AT,2005-05-31,6271.87
AT,2005-06-30,6551.93
AT,2005-07-31,5748.6
AT,2005-08-31,6131.84
AT,2005-09-30,6330.83
AT,2005-10-31,5586.46
AT,2005-11-30,6013.92
AT,2005-12-31,6537.19
AT,2006-01-31,6551.93
AT,2006-02-28,6559.3
AT,2006-03-31,6868.84
AT,2006-04-30,6139.21
AT,2006-05-31,6021.29
AT,2006-06-30,6551.93
AT,2006-07-31,6765.66
AT,2006-08-31,7089.94
AT,2006-09-30,6610.89
AT,2006-10-31,6566.67
AT,2006-11-30,6861.47
AT,2006-12-31,7148.9
AT,2007-01-31,6603.52
AT,2007-02-28,6308.72
AT,2007-03-31,6596.15
AT,2007-04-30,6691.96
AT,2007-05-31,6153.95
AT,2007-06-30,5822.3
AT,2007-07-31,5969.7
AT,2007-08-31,6588.78
AT,2007-09-30,5977.07
AT,2007-10-31,5977.07
AT,2007-11-30,6434.01
AT,2007-12-31,6382.42
AT,2008-01-31,6065.51
AT,2008-02-29,5940.22
AT,2008-03-31,6013.92
AT,2008-04-30,5505.39
AT,2008-05-31,5984.44
AT,2008-06-30,6625.63
AT,2008-07-31,6411.9
AT,2008-08-31,6308.72
AT,2008-09-30,6065.51
AT,2008-10-31,6183.43
AT,2008-11-30,6367.68
AT,2008-12-31,6824.62
AT,2009-01-31,6596.15
AT,2009-02-28,6411.9
AT,2009-03-31,6411.9
AT,2009-04-30,6662.48
AT,2009-05-31,6404.53
AT,2009-06-30,5940.22
AT,2009-07-31,6507.71
AT,2009-08-31,6131.84
AT,2009-09-30,6286.61
AT,2009-10-31,6507.71
AT,2009-11-30,6773.03
AT,2009-12-31,7023.61
AT,2010-01-31,6257.13
AT,2010-02-28,6404.53
AT,2010-03-31,6861.47
AT,2010-04-30,6507.71
AT,2010-05-31,6935.17
AT,2010-06-30,6013.92
AT,2010-07-31,5807.56
AT,2010-08-31,6072.88
AT,2010-09-30,5704.38
AT,2010-10-31,5881.26
AT,2010-11-30,6117.1
AT,2010-12-31,6456.12
AT,2011-01-31,6323.46
AT,2011-02-28,5925.48
AT,2011-03-31,5814.93
AT,2011-04-30,5144.26
AT,2011-05-31,5313.77
AT,2011-06-30,5461.17
AT,2011-07-31,5018.97
AT,2011-08-31,5431.69
AT,2011-09-30,4937.9
AT,2011-10-31,4687.32
AT,2011-11-30,5217.96
AT,2011-12-31,5225.33
AT,2012-01-31,5321.14
AT,2012-02-29,5608.57
AT,2012-03-31,4878.94
AT,2012-04-30,5262.18
AT,2012-05-31,4783.13
AT,2012-06-30,4864.2
AT,2012-07-31,4864.2
AT,2012-08-31,5041.08
AT,2012-09-30,4989.49
AT,2012-10-31,5291.66
AT,2012-11-30,4996.86
AT,2012-12-31,5070.56
AT,2013-01-31,5240.07
AT,2013-02-28,5262.18
AT,2013-03-31,4679.95
AT,2013-04-30,4864.2
AT,2013-05-31,4783.13
AT,2013-06-30,5107.41
AT,2013-07-31,5018.97
AT,2013-08-31,4871.57
AT,2013-09-30,4864.2
AT,2013-10-31,4937.9
AT,2013-11-30,5195.85
AT,2013-12-31,5210.59
AT,2014-01-31,4923.16
AT,2014-02-28,4458.85
AT,2014-03-31,5033.71
AT,2014-04-30,5932.85
AT,2014-05-31,5638.05
AT,2014-06-30,5328.51
AT,2014-07-31,5733.86
AT,2014-08-31,6286.61
AT,2014-09-30,5431.69
AT,2014-10-31,5601.2
AT,2014-11-30,5910.74
AT,2014-12-31,5881.26
AT,2015-01-31,6485.6
AT,2015-02-28,6927.8
AT,2015-03-31,6448.75
AT,2015-04-30,6463.49
AT,2015-05-31,6448.75
AT,2015-06-30,6058.14
AT,2015-07-31,6058.14
AT,2015-08-31,5792.82
AT,2015-09-30,6596.15
AT,2015-10-31,6205.54
AT,2015-11-30,6478.23
AT,2015-12-31,6470.86
AT,2016-01-31,6647.74
AT,2016-02-29,6588.78
AT,2016-03-31,6721.44
AT,2016-04-30,6441.38
AT,2016-05-31,6316.09
AT,2016-06-30,6153.95
AT,2016-07-31,6286.61
AT,2016-08-31,6161.32
AT,2016-09-30,5719.12
AT,2016-10-31,5711.75
AT,2016-11-30,5873.89
AT,2016-12-31,5984.44
AT,2017-01-31,6080.25
AT,2017-02-28,5954.96
AT,2017-03-31,5203.22
AT,2017-04-30,5534.87
AT,2017-05-31,5667.53
AT,2017-06-30,5748.6
AT,2017-07-31,5416.95
AT,2017-08-31,5667.53
AT,2017-09-30,5527.5
AT,2017-10-31,5520.13
AT,2017-11-30,5741.23
AT,2017-12-31,4893.68
AT,2018-01-31,5188.48
AT,2018-02-28,4834.72
AT,2018-03-31,5188.48
AT,2018-04-30,4989.49
AT,2018-05-31,5188.48
AT,2018-06-30,5004.23
AT,2018-07-31,4901.05
AT,2018-08-31,4503.07
AT,2018-09-30,4768.39
AT,2018-10-31,4665.21
AT,2018-11-30,4761.02
AT,2018-12-31,5144.26
AT,2019-01-31,4650.47
AT,2019-02-28,5483.28
AT,2019-03-31,5719.12
AT,2019-04-30,5579.09
AT,2019-05-31,5741.23
AT,2019-06-30,5711.75
AT,2019-07-31,5593.83
AT,2019-08-31,5564.35
AT,2019-09-30,6176.06
AT,2019-10-31,5977.07
AT,2019-11-30,6212.91
AT,2019-12-31,5896.0
AT,2020-01-31,6257.13
AT,2020-02-29,5947.59
AT,2020-03-31,6065.51
AT,2020-04-30,6647.74
AT,2020-05-31,5977.07
AT,2020-06-30,6316.09
AT,2020-07-31,6596.15
AT,2020-08-31,6655.11
AT,2020-09-30,6360.31
AT,2020-10-31,6360.31
AT,2020-11-30,6529.82
AT,2020-12-31,5822.3
AT,2021-01-31,6139.21
AT,2021-02-28,6131.84
AT,2021-03-31,5615.94
AT,2021-04-30,6072.88
AT,2021-05-31,6338.2
AT,2021-06-30,6139.21
AT,2021-07-31,6227.65
AT,2021-08-31,5822.3
AT,2021-09-30,5873.89
AT,2021-10-31,6043.4
AT,2021-11-30,5579.09
AT,2021-12-31,4901.05
AT,2022-01-31,5586.46
AT,2022-02-28,5748.6
AT,2022-03-31,5240.07
AT,2022-04-30,5159.0
AT,2022-05-31,5085.3
AT,2022-06-30,6235.02
AT,2022-07-31,5969.7
AT,2022-08-31,5969.7
AT,2022-09-30,5682.27
AT,2022-10-31,4738.91
AT,2022-11-30,5159.0
AT,2022-12-31,5092.67
AT,2023-01-31,4392.52
AT,2023-02-28,5173.74
AT,2023-03-31,5343.25
AT,2023-04-30,4679.95
AT,2023-05-31,4768.39
AT,2023-06-30,4746.28
AT,2023-07-31,5144.26
AT,2023-08-31,4960.01
AT,2023-09-30,5247.44
AT,2023-10-31,5129.52
AT,2023-11-30,5026.34
AT,2023-12-31,5107.41
AT,2024-01-31,5321.14
AT,2024-02-29,5048.45
AT,2024-03-31,5416.95
AT,2024-04-30,5232.7
AT,2024-05-31,5365.36
AT,2024-06-30,5092.67
AT,2024-07-31,5498.02
AT,2024-08-31,5210.59
AT,2024-09-30,5151.63
AT,2024-10-31,5321.14
AT,2024-11-30,5188.48
AT,2024-12-31,5077.93
AT,2025-01-31,5284.29
AT,2025-02-28,5299.03
AT,2025-03-31,5100.04
AU,2002-01-31,12027.84
AU,2002-02-28,15963.42
AU,2002-03-31,14319.91
AU,2002-04-30,13258.63
AU,2002-05-31,13118.6
AU,2002-06-30,13096.49
AU,2002-07-31,15388.56
AU,2002-08-31,18918.79
AU,2002-09-30,14106.18
AU,2002-10-31,13892.45
AU,2002-11-30,14784.22
AU,2002-12-31,13332.33
AU,2003-01-31,13170.19
AU,2003-02-28,14378.87
AU,2003-03-31,16825.71
AU,2003-04-30,13317.59
AU,2003-05-31,13796.64
AU,2003-06-30,14747.37
AU,2003-07-31,14290.43
AU,2003-08-31,12882.76
AU,2003-09-30,14238.84
AU,2003-10-31,11666.71
AU,2003-11-30,12175.24
AU,2003-12-31,11548.79
AU,2004-01-31,10465.4
AU,2004-02-29,10730.72
AU,2004-03-31,10539.1
AU,2004-04-30,12558.48
AU,2004-05-31,11769.89
AU,2004-06-30,11733.04
AU,2004-07-31,11342.43
AU,2004-08-31,11651.97
AU,2004-09-30,11696.19
AU,2004-10-31,11136.07
AU,2004-11-30,12403.71
AU,2004-12-31,10664.39
AU,2005-01-31,10318.0
AU,2005-02-28,11209.77
AU,2005-03-31,12624.81
AU,2005-04-30,11740.41
AU,2005-05-31,14032.48
AU,2005-06-30,13538.69
AU,2005-07-31,13243.89
AU,2005-08-31,12271.05
AU,2005-09-30,12720.62
AU,2005-10-31,12366.86
AU,2005-11-30,11696.19
AU,2005-12-31,10015.83
AU,2006-01-31,10281.15
AU,2006-02-28,11939.4
AU,2006-03-31,12064.69
AU,2006-04-30,11055.0
AU,2006-05-31,12529.0
AU,2006-06-30,13980.89
AU,2006-07-31,14179.88
AU,2006-08-31,14776.85
AU,2006-09-30,15145.35
AU,2006-10-31,14201.99
AU,2006-11-30,14224.1
AU,2006-12-31,12271.05
AU,2007-01-31,13693.46
AU,2007-02-28,14415.72
AU,2007-03-31,14084.07
AU,2007-04-30,13383.92
AU,2007-05-31,16029.75
AU,2007-06-30,15167.46
AU,2007-07-31,15712.84
AU,2007-08-31,14459.94
AU,2007-09-30,15351.71
AU,2007-10-31,16044.49
AU,2007-11-30,14821.07
AU,2007-12-31,14482.05
AU,2008-01-31,14872.66
AU,2008-02-29,13973.52
AU,2008-03-31,13214.41
AU,2008-04-30,14577.86
AU,2008-05-31,14150.4
AU,2008-06-30,14924.25
AU,2008-07-31,15668.62
AU,2008-08-31,15086.39
AU,2008-09-30,15602.29
AU,2008-10-31,17105.77
AU,2008-11-30,17960.69
AU,2008-12-31,15675.99
AU,2009-01-31,15823.39
AU,2009-02-28,13671.35
AU,2009-03-31,15152.72
AU,2009-04-30,15521.22
AU,2009-05-31,13804.01
AU,2009-06-30,14489.42
AU,2009-07-31,16051.86
AU,2009-08-31,16788.86
AU,2009-09-30,18329.19
AU,2009-10-31,15418.04
AU,2009-11-30,16272.96
AU,2009-12-31,14717.89
AU,2010-01-31,13649.24
AU,2010-02-28,15948.68
AU,2010-03-31,18122.83
AU,2010-04-30,17783.81
AU,2010-05-31,16125.56
AU,2010-06-30,17378.46
AU,2010-07-31,16184.52
AU,2010-08-31,15889.72
AU,2010-09-30,15926.57
AU,2010-10-31,16214.0
AU,2010-11-30,15558.07
AU,2010-12-31,14452.57
AU,2011-01-31,14039.85
AU,2011-02-28,15683.36
AU,2011-03-31,16037.12
AU,2011-04-30,14592.6
AU,2011-05-31,15646.51
AU,2011-06-30,15351.71
AU,2011-07-31,16354.03
AU,2011-08-31,15926.57
AU,2011-09-30,13781.9
AU,2011-10-31,13435.51
AU,2011-11-30,15491.74
AU,2011-12-31,14179.88
AU,2012-01-31,14098.81
AU,2012-02-29,16132.93
AU,2012-03-31,15513.85
AU,2012-04-30,16494.06
AU,2012-05-31,15462.26
AU,2012-06-30,14150.4
AU,2012-07-31,14651.56
AU,2012-08-31,15491.74
AU,2012-09-30,16928.89
AU,2012-10-31,13767.16
AU,2012-11-30,13435.51
AU,2012-12-31,13288.11
AU,2013-01-31,11202.4
AU,2013-02-28,13251.26
AU,2013-03-31,12035.21
AU,2013-04-30,12993.31
AU,2013-05-31,12639.55
AU,2013-06-30,13752.42
AU,2013-07-31,12698.51
AU,2013-08-31,12661.66
AU,2013-09-30,13619.76
AU,2013-10-31,10929.71
AU,2013-11-30,12617.44
AU,2013-12-31,13030.16
AU,2014-01-31,11548.79
AU,2014-02-28,12477.41
AU,2014-03-31,13221.78
AU,2014-04-30,13317.59
AU,2014-05-31,12587.96
AU,2014-06-30,12926.98
AU,2014-07-31,13030.16
AU,2014-08-31,13619.76
AU,2014-09-30,13590.28
AU,2014-10-31,11777.26
AU,2014-11-30,11961.51
AU,2014-12-31,12543.74
AU,2015-01-31,11607.75
AU,2015-02-28,11792.0
AU,2015-03-31,11629.86
AU,2015-04-30,10516.99
AU,2015-05-31,9669.44
AU,2015-06-30,11968.88
AU,2015-07-31,11615.12
AU,2015-08-31,12521.63
AU,2015-09-30,11460.35
AU,2015-10-31,12632.18
AU,2015-11-30,10074.79
AU,2015-12-31,11055.0
AU,2016-01-31,11696.19
AU,2016-02-29,11541.42
AU,2016-03-31,9433.6
AU,2016-04-30,10015.83
AU,2016-05-31,11195.03
AU,2016-06-30,10929.71
AU,2016-07-31,11806.74
AU,2016-08-31,10583.32
AU,2016-09-30,11261.36
AU,2016-10-31,10244.3
AU,2016-11-30,9382.01
AU,2016-12-31,9713.66
AU,2017-01-31,8667.12
AU,2017-02-28,9359.9
AU,2017-03-31,8534.46
AU,2017-04-30,10723.35
AU,2017-05-31,9838.95
AU,2017-06-30,10435.92
AU,2017-07-31,9728.4
AU,2017-08-31,9330.42
AU,2017-09-30,9345.16
AU,2017-10-31,9396.75
AU,2017-11-30,9905.28
AU,2017-12-31,9411.49
AU,2018-01-31,9787.36
AU,2018-02-28,10863.38
AU,2018-03-31,9713.66
AU,2018-04-30,10826.53
AU,2018-05-31,10826.53
AU,2018-06-30,10605.43
AU,2018-07-31,10892.86
AU,2018-08-31,10878.12
AU,2018-09-30,11968.88
AU,2018-10-31,12470.04
AU,2018-11-30,9433.6
AU,2018-12-31,10126.38
AU,2019-01-31,10421.18
AU,2019-02-28,11180.29
AU,2019-03-31,11394.02
AU,2019-04-30,11909.92
AU,2019-05-31,11968.88
AU,2019-06-30,11593.01
AU,2019-07-31,13015.42
AU,2019-08-31,11364.54
AU,2019-09-30,12064.69
AU,2019-10-31,12256.31
AU,2019-11-30,12565.85
AU,2019-12-31,11747.78
AU,2020-01-31,10951.82
AU,2020-02-29,11946.77
AU,2020-03-31,12455.3
AU,2020-04-30,10797.05
AU,2020-05-31,12661.66
AU,2020-06-30,12013.1
AU,2020-07-31,13125.97
AU,2020-08-31,11725.67
AU,2020-09-30,9934.76
AU,2020-10-31,11710.93
AU,2020-11-30,11003.41
AU,2020-12-31,11379.28
AU,2021-01-31,11578.27
AU,2021-02-28,11040.26
AU,2021-03-31,12963.83
AU,2021-04-30,12013.1
AU,2021-05-31,10435.92
AU,2021-06-30,10222.19
AU,2021-07-31,11777.26
AU,2021-08-31,11460.35
AU,2021-09-30,10583.32
AU,2021-10-31,11047.63
AU,2021-11-30,11504.57
AU,2021-12-31,9986.35
AU,2022-01-31,9566.26
AU,2022-02-28,10126.38
AU,2022-03-31,10362.22
AU,2022-04-30,11526.68
AU,2022-05-31,11858.33
AU,2022-06-30,9662.07
AU,2022-07-31,10222.19
AU,2022-08-31,10391.7
AU,2022-09-30,9293.57
AU,2022-10-31,9418.86
AU,2022-11-30,10251.67
AU,2022-12-31,9595.74
AU,2023-01-31,8939.81
AU,2023-02-28,8372.32
AU,2023-03-31,9234.61
AU,2023-04-30,9072.47
AU,2023-05-31,9094.58
AU,2023-06-30,9271.46
AU,2023-07-31,9440.97
AU,2023-08-31,9050.36
AU,2023-09-30,9035.62
AU,2023-10-31,10480.14
AU,2023-11-30,10288.52
AU,2023-12-31,11541.42
AU,2024-01-31,9389.38
AU,2024-02-29,10229.56
AU,2024-03-31,8519.72
AU,2024-04-30,10914.97
AU,2024-05-31,9765.25
AU,2024-06-30,10074.79
AU,2024-07-31,10177.97
AU,2024-08-31,9256.72
AU,2024-09-30,10037.94
AU,2024-10-31,9603.11
AU,2024-11-30,9927.39
AU,2024-12-31,10170.6
AU,2025-01-31,9028.25
AU,2025-02-28,9477.82
AU,2025-03-31,10826.53
AZ,2002-01-31,346.39
AZ,2002-02-28,368.5
AZ,2002-03-31,368.5
AZ,2002-04-30,368.5
AZ,2002-05-31,434.83
AZ,2002-06-30,486.42
AZ,2002-07-31,405.35
AZ,2002-08-31,368.5
AZ,2002-09-30,456.94
AZ,2002-10-31,538.01
AZ,2002-11-30,405.35
AZ,2002-12-31,169.51
AZ,2003-01-31,353.76
AZ,2003-02-28,383.24
AZ,2003-03-31,508.53
AZ,2003-04-30,420.09
AZ,2003-05-31,117.92
AZ,2003-06-30,221.1
AZ,2003-07-31,184.25
AZ,2003-08-31,184.25
AZ,2003-09-30,206.36
AZ,2003-10-31,243.21
AZ,2003-11-30,552.75
AZ,2003-12-31,206.36
AZ,2004-01-31,567.49
AZ,2004-02-29,375.87
AZ,2004-03-31,243.21
AZ,2004-04-30,176.88
AZ,2004-05-31,243.21
AZ,2004-06-30,368.5
AZ,2004-07-31,538.01
AZ,2004-08-31,390.61
AZ,2004-09-30,257.95
AZ,2004-10-31,493.79
AZ,2004-11-30,316.91
AZ,2004-12-31,250.58
AZ,2005-01-31,449.57
AZ,2005-02-28,243.21
AZ,2005-03-31,1761.43
AZ,2005-04-30,1422.41
AZ,2005-05-31,1496.11
AZ,2005-06-30,1363.45
AZ,2005-07-31,788.59
AZ,2005-08-31,2269.96
AZ,2005-09-30,877.03
AZ,2005-10-31,2682.68
AZ,2005-11-30,2763.75
AZ,2005-12-31,2638.46
AZ,2006-01-31,1790.91
AZ,2006-02-28,2461.58
AZ,2006-03-31,2638.46
AZ,2006-04-30,2100.45
AZ,2006-05-31,2579.5
AZ,2006-06-30,2778.49
AZ,2006-07-31,1068.65
AZ,2006-08-31,1260.27
AZ,2006-09-30,1245.53
AZ,2006-10-31,884.4
AZ,2006-11-30,2034.12
AZ,2006-12-31,692.78
AZ,2007-01-31,2262.59
AZ,2007-02-28,700.15
AZ,2007-03-31,1216.05
AZ,2007-04-30,1407.67
AZ,2007-05-31,198.99
AZ,2007-06-30,1370.82
AZ,2007-07-31,560.12
AZ,2007-08-31,582.23
AZ,2007-09-30,1731.95
AZ,2007-10-31,582.23
AZ,2007-11-30,678.04
AZ,2007-12-31,2859.56
AZ,2008-01-31,3979.8
AZ,2008-02-29,2631.09
AZ,2008-03-31,3250.17
AZ,2008-04-30,3522.86
AZ,2008-05-31,2417.36
AZ,2008-06-30,3191.21
AZ,2008-07-31,3110.14
AZ,2008-08-31,3508.12
AZ,2008-09-30,4031.39
AZ,2008-10-31,4694.69
AZ,2008-11-30,4886.31
AZ,2008-12-31,4738.91
AZ,2009-01-31,2093.08
AZ,2009-02-28,1024.43
AZ,2009-03-31,744.37
AZ,2009-04-30,3375.46
AZ,2009-05-31,1134.98
AZ,2009-06-30,1201.31
AZ,2009-07-31,854.92
AZ,2009-08-31,1201.31
AZ,2009-09-30,1532.96
AZ,2009-10-31,1643.51
AZ,2009-11-30,1429.78
AZ,2009-12-31,2616.35
AZ,2010-01-31,2874.3
AZ,2010-02-28,3051.18
AZ,2010-03-31,3264.91
AZ,2010-04-30,3537.6
AZ,2010-05-31,3670.26
AZ,2010-06-30,3780.81
AZ,2010-07-31,3522.86
AZ,2010-08-31,3662.89
AZ,2010-09-30,3191.21
AZ,2010-10-31,3228.06
AZ,2010-11-30,3139.62
AZ,2010-12-31,2432.1
AZ,2011-01-31,2321.55
AZ,2011-02-28,2269.96
AZ,2011-03-31,2351.03
AZ,2011-04-30,2292.07
AZ,2011-05-31,2785.86
AZ,2011-06-30,2343.66
AZ,2011-07-31,2483.69
AZ,2011-08-31,2498.43
AZ,2011-09-30,2918.52
AZ,2011-10-31,2351.03
AZ,2011-11-30,2432.1
AZ,2011-12-31,2387.88
AZ,2012-01-31,2513.17
AZ,2012-02-29,2653.2
AZ,2012-03-31,2476.32
AZ,2012-04-30,2336.29
AZ,2012-05-31,2343.66
AZ,2012-06-30,2211.0
AZ,2012-07-31,2233.11
AZ,2012-08-31,2675.31
AZ,2012-09-30,3065.92
AZ,2012-10-31,2439.47
AZ,2012-11-30,2424.73
AZ,2012-12-31,2387.88
AZ,2013-01-31,2550.02
AZ,2013-02-28,2115.19
AZ,2013-03-31,1908.83
AZ,2013-04-30,1805.65
AZ,2013-05-31,1967.79
AZ,2013-06-30,2387.88
AZ,2013-07-31,1746.69
AZ,2013-08-31,2211.0
AZ,2013-09-30,2048.86
AZ,2013-10-31,2070.97
AZ,2013-11-30,2026.75
AZ,2013-12-31,1731.95
AZ,2014-01-31,2166.78
AZ,2014-02-28,1879.35
AZ,2014-03-31,1894.09
AZ,2014-04-30,2594.24
AZ,2014-05-31,2667.94
AZ,2014-06-30,3581.82
AZ,2014-07-31,3102.77
AZ,2014-08-31,3065.92
AZ,2014-09-30,3419.68
AZ,2014-10-31,3124.88
AZ,2014-11-30,3110.14
AZ,2014-12-31,1333.97
AZ,2015-01-31,1437.15
AZ,2015-02-28,1437.15
AZ,2015-03-31,1297.12
AZ,2015-04-30,1746.69
AZ,2015-05-31,1400.3
AZ,2015-06-30,1886.72
AZ,2015-07-31,1186.57
AZ,2015-08-31,1230.79
AZ,2015-09-30,1370.82
AZ,2015-10-31,1415.04
AZ,2015-11-30,1444.52
AZ,2015-12-31,1017.06
AZ,2016-01-31,1134.98
AZ,2016-02-29,1098.13
AZ,2016-03-31,1444.52
AZ,2016-04-30,1672.99
AZ,2016-05-31,1555.07
AZ,2016-06-30,1385.56
AZ,2016-07-31,1415.04
AZ,2016-08-31,2129.93
AZ,2016-09-30,1724.58
AZ,2016-10-31,1643.51
AZ,2016-11-30,1717.21
AZ,2016-12-31,1636.14
AZ,2017-01-31,1621.4
AZ,2017-02-28,1650.88
AZ,2017-03-31,1577.18
AZ,2017-04-30,1437.15
AZ,2017-05-31,1628.77
AZ,2017-06-30,1835.13
AZ,2017-07-31,1820.39
AZ,2017-08-31,1805.65
AZ,2017-09-30,1481.37
AZ,2017-10-31,2631.09
AZ,2017-11-30,1717.21
AZ,2017-12-31,1894.09
AZ,2018-01-31,1879.35
AZ,2018-02-28,1849.87
AZ,2018-03-31,1916.2
AZ,2018-04-30,1849.87
AZ,2018-05-31,1525.59
AZ,2018-06-30,1835.13
AZ,2018-07-31,2070.97
AZ,2018-08-31,1776.17
AZ,2018-09-30,2616.35
AZ,2018-10-31,2093.08
AZ,2018-11-30,1938.31
AZ,2018-12-31,1761.43
AZ,2019-01-31,1474.0
AZ,2019-02-28,1518.22
AZ,2019-03-31,1746.69
AZ,2019-04-30,1614.03
AZ,2019-05-31,1510.85
AZ,2019-06-30,1908.83
AZ,2019-07-31,1621.4
AZ,2019-08-31,1275.01
AZ,2019-09-30,1680.36
AZ,2019-10-31,1636.14
AZ,2019-11-30,1496.11
AZ,2019-12-31,1805.65
AZ,2020-01-31,1754.06
AZ,2020-02-29,1599.29
AZ,2020-03-31,2778.49
AZ,2020-04-30,1731.95
AZ,2020-05-31,2225.74
AZ,2020-06-30,2417.36
AZ,2020-07-31,2572.13
AZ,2020-08-31,2491.06
AZ,2020-09-30,3014.33
AZ,2020-10-31,2520.54
AZ,2020-11-30,2653.2
AZ,2020-12-31,2807.97
AZ,2021-01-31,3198.58
AZ,2021-02-28,3088.03
AZ,2021-03-31,2844.82
AZ,2021-04-30,2122.56
AZ,2021-05-31,2004.64
AZ,2021-06-30,2048.86
AZ,2021-07-31,1503.48
AZ,2021-08-31,1179.2
AZ,2021-09-30,928.62
AZ,2021-10-31,1474.0
AZ,2021-11-30,1356.08
AZ,2021-12-31,1341.34
AZ,2022-01-31,1223.42
AZ,2022-02-28,1061.28
AZ,2022-03-31,1503.48
AZ,2022-04-30,2107.82
AZ,2022-05-31,2505.8
AZ,2022-06-30,2402.62
AZ,2022-07-31,2056.23
AZ,2022-08-31,2063.6
AZ,2022-09-30,1805.65
AZ,2022-10-31,1709.84
AZ,2022-11-30,1378.19
AZ,2022-12-31,1540.33
AZ,2023-01-31,1496.11
AZ,2023-02-28,1503.48
AZ,2023-03-31,1415.04
AZ,2023-04-30,1599.29
AZ,2023-05-31,1451.89
AZ,2023-06-30,1238.16
AZ,2023-07-31,1275.01
AZ,2023-08-31,1186.57
AZ,2023-09-30,1252.9
AZ,2023-10-31,1422.41
AZ,2023-11-30,1451.89
AZ,2023-12-31,1267.64
AZ,2024-01-31,1193.94
AZ,2024-02-29,1216.05
AZ,2024-03-31,1230.79
AZ,2024-04-30,1179.2
AZ,2024-05-31,1282.38
AZ,2024-06-30,1474.0
AZ,2024-07-31,1134.98
AZ,2024-08-31,1230.79
AZ,2024-09-30,1112.87
AZ,2024-10-31,1098.13
AZ,2024-11-30,2070.97
AZ,2024-12-31,1894.09
AZ,2025-01-31,176.88
AZ,2025-02-28,302.17
AZ,2025-03-31,2196.26
BB,2002-01-31,0.0
BB,2002-02-28,0.0
BB,2002-03-31,0.0
BB,2002-04-30,23.0
BB,2002-05-31,0.0
BB,2002-06-30,0.0
BB,2002-07-31,0.0
BB,2002-08-31,0.0
BB,2002-09-30,0.0
BB,2002-10-31,0.0
BB,2002-11-30,0.0
BB,2002-12-31,0.0
BB,2003-01-31,0.0
BB,2003-02-28,0.0
BB,2003-03-31,0.0
BB,2003-04-30,0.0
BB,2003-05-31,0.0
BB,2003-06-30,0.0
BB,2003-07-31,0.0
BB,2003-08-31,0.0
BB,2003-09-30,0.0
BB,2003-10-31,0.0
BB,2003-11-30,0.0
BB,2003-12-31,0.0
BB,2004-01-31,0.0
BB,2004-02-29,0.0
BB,2004-03-31,0.0
BB,2004-04-30,0.0
BB,2004-05-31,0.0
BB,2004-06-30,0.0
BB,2004-07-31,0.0
BB,2004-08-31,0.0
BB,2004-09-30,0.0
BB,2004-10-31,0.0
BB,2004-11-30,0.0
BB,2004-12-31,0.0
BB,2005-01-31,0.0
BB,2005-02-28,0.0
BB,2005-03-31,0.0
BB,2005-04-30,0.0
BB,2005-05-31,0.0
BB,2005-06-30,0.0
BB,2005-07-31,0.0
BB,2005-08-31,0.0
BB,2005-09-30,0.0
BB,2005-10-31,0.0
BB,2005-11-30,0.0
BB,2005-12-31,0.0
BB,2006-01-31,0.0
BB,2006-02-28,0.0
BB,2006-03-31,0.0
BB,2006-04-30,0.0
BB,2006-05-31,0.0
BB,2006-06-30,0.0
BB,2006-07-31,0.0
BB,2006-08-31,0.0
BB,2006-09-30,0.0
BB,2006-10-31,0.0
BB,2006-11-30,0.0
BB,2006-12-31,0.0
BB,2007-01-31,0.0
BB,2007-02-28,0.0
BB,2007-03-31,0.0
BB,2007-04-30,0.0
BB,2007-05-31,0.0
BB,2007-06-30,0.0
BB,2007-07-31,0.0
BB,2007-08-31,0.0
BB,2007-09-30,0.0
BB,2007-10-31,0.0
BB,2007-11-30,0.0
BB,2007-12-31,0.0
BB,2008-01-31,0.0
BB,2008-02-29,0.0
BB,2008-03-31,0.0
BB,2008-04-30,0.0
BB,2008-05-31,0.0
BB,2008-06-30,0.0
BB,2008-07-31,0.0
BB,2008-08-31,0.0
BB,2008-09-30,0.0
BB,2008-10-31,0.0
BB,2008-11-30,0.0
BB,2008-12-31,0.0
BB,2009-01-31,0.0
BB,2009-02-28,0.0
BB,2009-03-31,0.0
BB,2009-04-30,0.0
BB,2009-05-31,0.0
BB,2009-06-30,0.0
BB,2009-07-31,0.0
BB,2009-08-31,0.0
BB,2009-09-30,0.0
BB,2009-10-31,41.0
BB,2009-11-30,28.0
BB,2009-12-31,46.0
BB,2010-01-31,39.0
BB,2010-02-28,62.0
BB,2010-03-31,49.0
BB,2010-04-30,0.0
BB,2010-05-31,0.0
BB,2010-06-30,0.0
BB,2010-07-31,0.0
BB,2010-08-31,0.0
BB,2010-09-30,0.0
BB,2010-10-31,0.0
BB,2010-11-30,0.0
BB,2010-12-31,0.0
BB,2011-01-31,0.0
BB,2011-02-28,0.0
BB,2011-03-31,0.0
BB,2011-04-30,0.0
BB,2011-05-31,0.0
BB,2011-06-30,0.0
BB,2011-07-31,0.0
BB,2011-08-31,0.0
BB,2011-09-30,0.0
BB,2011-10-31,0.0
BB,2011-11-30,0.0
BB,2011-12-31,0.0
BB,2012-01-31,0.0
BB,2012-02-29,0.0
BB,2012-03-31,0.0
BB,2012-04-30,0.0
BB,2012-05-31,0.0
BB,2012-06-30,0.0
BB,2012-07-31,0.0
BB,2012-08-31,0.0
BB,2012-09-30,0.0
BB,2012-10-31,0.0
BB,2012-11-30,0.0
BB,2012-12-31,0.0
BB,2013-01-31,0.0
BB,2013-02-28,0.0
BB,2013-03-31,0.0
BB,2013-04-30,0.0
BB,2013-05-31,0.0
BB,2013-06-30,0.0
BB,2013-07-31,0.0
BB,2013-08-31,0.0
BB,2013-09-30,0.0
BB,2013-10-31,0.0
BB,2013-11-30,0.0
BB,2013-12-31,0.0
BB,2014-01-31,0.0
BB,2014-02-28,0.0
BB,2014-03-31,0.0
BB,2014-04-30,0.0
BB,2014-05-31,0.0
BB,2014-06-30,0.0
BB,2014-07-31,0.0
BB,2014-08-31,0.0
BB,2014-09-30,0.0
BB,2014-10-31,0.0
BB,2014-11-30,0.0
BB,2014-12-31,0.0
BB,2015-01-31,48.0
BB,2015-02-28,43.0
BB,2015-03-31,4.0
BB,2015-04-30,47.0
BB,2015-05-31,47.0
BB,2015-06-30,47.0
BB,2015-07-31,44.0
BB,2015-08-31,41.0
BB,2015-09-30,41.0
BB,2015-10-31,42.0
BB,2015-11-30,42.0
BB,2015-12-31,42.0
BB,2016-01-31,38.0
BB,2016-02-29,41.0
BB,2016-03-31,43.0
BB,2016-04-30,32.0
BB,2016-05-31,33.0
BB,2016-06-30,0.0
BB,2016-07-31,0.0
BB,2016-08-31,
BB,2016-09-30,
BB,2016-10-31,
BB,2016-11-30,
BB,2016-12-31,
BB,2017-01-31,
BB,2017-02-28,
BB,2017-03-31,
BB,2017-04-30,
BB,2017-05-31,
BB,2017-06-30,
BB,2017-07-31,
BB,2017-08-31,
BB,2017-09-30,
BB,2017-10-31,
BB,2017-11-30,
BB,2017-12-31,
BB,2018-01-31,
BB,2018-02-28,
BB,2018-03-31,
BB,2018-04-30,
BB,2018-05-31,
BB,2018-06-30,
BB,2018-07-31,
BB,2018-08-31,
BB,2018-09-30,
BB,2018-10-31,
BB,2018-11-30,
BB,2018-12-31,
BB,2019-01-31,
BB,2019-02-28,
BB,2019-03-31,
BB,2019-04-30,
BB,2019-05-31,
BB,2019-06-30,
BB,2019-07-31,
BB,2019-08-31,
BB,2019-09-30,
BB,2019-10-31,
BB,2019-11-30,
BB,2019-12-31,
BB,2020-01-31,
BB,2020-02-29,
BB,2020-03-31,
BB,2020-04-30,
BB,2020-05-31,
BB,2020-06-30,
BB,2020-07-31,
BB,2020-08-31,
BB,2020-09-30,
BB,2020-10-31,
BB,2020-11-30,
BB,2020-12-31,
BB,2021-01-31,
BB,2021-02-28,
BB,2021-03-31,
BB,2021-04-30,
BB,2021-05-31,
BB,2021-06-30,
BB,2021-07-31,
BB,2021-08-31,
BB,2021-09-30,
BB,2021-10-31,
BB,2021-11-30,
BB,2021-12-31,
BB,2022-01-31,
BB,2022-02-28,
BB,2022-03-31,
BB,2022-04-30,
BB,2022-05-31,
BB,2022-06-30,
BB,2022-07-31,
BB,2022-08-31,
BB,2022-09-30,
BB,2022-10-31,
BB,2022-11-30,
BB,2022-12-31,
BB,2023-01-31,
BB,2023-02-28,
BB,2023-03-31,
BB,2023-04-30,
BB,2023-05-31,
BB,2023-06-30,
BB,2023-07-31,
BB,2023-08-31,
BB,2023-09-30,
BB,2023-10-31,
BB,2023-11-30,
BB,2023-12-31,
BB,2024-01-31,
BB,2024-02-29,
BB,2024-03-31,
BB,2024-04-30,
BB,2024-05-31,
BB,2024-06-30,
BB,2024-07-31,
BB,2024-08-31,
BB,2024-09-30,
BB,2024-10-31,
BB,2024-11-30,
BB,2024-12-31,
BB,2025-01-31,
BD,2002-01-31,
BD,2002-02-28,
BD,2002-03-31,
BD,2002-04-30,
BD,2002-05-31,
BD,2002-06-30,
BD,2002-07-31,
BD,2002-08-31,
BD,2002-09-30,
BD,2002-10-31,
BD,2002-11-30,
BD,2002-12-31,
BD,2003-01-31,
BD,2003-02-28,
BD,2003-03-31,
BD,2003-04-30,
BD,2003-05-31,
BD,2003-06-30,
BD,2003-07-31,
BD,2003-08-31,
BD,2003-09-30,
BD,2003-10-31,
BD,2003-11-30,
BD,2003-12-31,
BD,2004-01-31,
BD,2004-02-29,
BD,2004-03-31,
BD,2004-04-30,
BD,2004-05-31,
BD,2004-06-30,
BD,2004-07-31,
BD,2004-08-31,
BD,2004-09-30,
BD,2004-10-31,
BD,2004-11-30,
BD,2004-12-31,
BD,2005-01-31,
BD,2005-02-28,
BD,2005-03-31,
BD,2005-04-30,
BD,2005-05-31,
BD,2005-06-30,
BD,2005-07-31,
BD,2005-08-31,
BD,2005-09-30,
BD,2005-10-31,
BD,2005-11-30,
BD,2005-12-31,
BD,2006-01-31,
BD,2006-02-28,
BD,2006-03-31,
BD,2006-04-30,
BD,2006-05-31,
BD,2006-06-30,
BD,2006-07-31,
BD,2006-08-31,
BD,2006-09-30,
BD,2006-10-31,
BD,2006-11-30,
BD,2006-12-31,
BD,2007-01-31,
BD,2007-02-28,
BD,2007-03-31,
BD,2007-04-30,
BD,2007-05-31,
BD,2007-06-30,
BD,2007-07-31,
BD,2007-08-31,
BD,2007-09-30,
BD,2007-10-31,
BD,2007-11-30,
BD,2007-12-31,
BD,2008-01-31,
BD,2008-02-29,
BD,2008-03-31,
BD,2008-04-30,
BD,2008-05-31,
BD,2008-06-30,
BD,2008-07-31,
BD,2008-08-31,
BD,2008-09-30,
BD,2008-10-31,
BD,2008-11-30,
BD,2008-12-31,
BD,2009-01-31,
BD,2009-02-28,
BD,2009-03-31,
BD,2009-04-30,
BD,2009-05-31,
BD,2009-06-30,
BD,2009-07-31,
BD,2009-08-31,
BD,2009-09-30,
BD,2009-10-31,
BD,2009-11-30,
BD,2009-12-31,
BD,2010-01-31,
BD,2010-02-28,
BD,2010-03-31,
BD,2010-04-30,
BD,2010-05-31,
BD,2010-06-30,
BD,2010-07-31,
BD,2010-08-31,
BD,2010-09-30,
BD,2010-10-31,
BD,2010-11-30,
BD,2010-12-31,
BD,2011-01-31,
BD,2011-02-28,
BD,2011-03-31,
BD,2011-04-30,
BD,2011-05-31,
BD,2011-06-30,
BD,2011-07-31,
BD,2011-08-31,
BD,2011-09-30,
BD,2011-10-31,
BD,2011-11-30,
BD,2011-12-31,
BD,2012-01-31,
BD,2012-02-29,
BD,2012-03-31,
BD,2012-04-30,
BD,2012-05-31,
BD,2012-06-30,
BD,2012-07-31,
BD,2012-08-31,
BD,2012-09-30,
BD,2012-10-31,
BD,2012-11-30,
BD,2012-12-31,
BD,2013-01-31,
BD,2013-02-28,
BD,2013-03-31,
BD,2013-04-30,
BD,2013-05-31,
BD,2013-06-30,
BD,2013-07-31,
BD,2013-08-31,
BD,2013-09-30,
BD,2013-10-31,
BD,2013-11-30,
BD,2013-12-31,
BD,2014-01-31,
BD,2014-02-28,
BD,2014-03-31,
BD,2014-04-30,
BD,2014-05-31,
BD,2014-06-30,
BD,2014-07-31,
BD,2014-08-31,
BD,2014-09-30,
BD,2014-10-31,
BD,2014-11-30,
BD,2014-12-31,
BD,2015-01-31,
BD,2015-02-28,
BD,2015-03-31,
BD,2015-04-30,
BD,2015-05-31,
BD,2015-06-30,
BD,2015-07-31,
BD,2015-08-31,
BD,2015-09-30,
BD,2015-10-31,
BD,2015-11-30,
BD,2015-12-31,
BD,2016-01-31,
BD,2016-02-29,
BD,2016-03-31,
BD,2016-04-30,
BD,2016-05-31,
BD,2016-06-30,
BD,2016-07-31,
BD,2016-08-31,
BD,2016-09-30,
BD,2016-10-31,
BD,2016-11-30,
BD,2016-12-31,
BD,2017-01-31,
BD,2017-02-28,
BD,2017-03-31,
BD,2017-04-30,
BD,2017-05-31,
BD,2017-06-30,
BD,2017-07-31,
BD,2017-08-31,
BD,2017-09-30,
BD,2017-10-31,
BD,2017-11-30,
BD,2017-12-31,
BD,2018-01-31,
BD,2018-02-28,
BD,2018-03-31,
BD,2018-04-30,
BD,2018-05-31,
BD,2018-06-30,
BD,2018-07-31,
BD,2018-08-31,
BD,2018-09-30,
BD,2018-10-31,
BD,2018-11-30,
BD,2018-12-31,
BD,2019-01-31,
BD,2019-02-28,
BD,2019-03-31,
BD,2019-04-30,
BD,2019-05-31,
BD,2019-06-30,
BD,2019-07-31,
BD,2019-08-31,
BD,2019-09-30,
BD,2019-10-31,
BD,2019-11-30,
BD,2019-12-31,
BD,2020-01-31,
BD,2020-02-29,
BD,2020-03-31,
BD,2020-04-30,
BD,2020-05-31,
BD,2020-06-30,
BD,2020-07-31,
BD,2020-08-31,
BD,2020-09-30,
BD,2020-10-31,
BD,2020-11-30,
BD,2020-12-31,
BD,2021-01-31,
BD,2021-02-28,
BD,2021-03-31,
BD,2021-04-30,
BD,2021-05-31,
BD,2021-06-30,
BD,2021-07-31,
BD,2021-08-31,
BD,2021-09-30,
BD,2021-10-31,
BD,2021-11-30,
BD,2021-12-31,
BD,2022-01-31,
BD,2022-02-28,
BD,2022-03-31,
BD,2022-04-30,
BD,2022-05-31,
BD,2022-06-30,
BD,2022-07-31,
BD,2022-08-31,
BD,2022-09-30,
BD,2022-10-31,
BD,2022-11-30,
BD,2022-12-31,
BD,2023-01-31,
BD,2023-02-28,
BD,2023-03-31,
BD,2023-04-30,
BD,2023-05-31,
BD,2023-06-30,
BD,2023-07-31,
BD,2023-08-31,
BD,2023-09-30,
BD,2023-10-31,
BD,2023-11-30,
BD,2023-12-31,
BD,2024-01-31,
BD,2024-02-29,
BD,2024-03-31,
BD,2024-04-30,
BD,2024-05-31,
BD,2024-06-30,
BD,2024-07-31,
BD,2024-08-31,
BD,2024-09-30,
BD,2024-10-31,
BD,2024-11-30,
BD,2024-12-31,
BD,2025-01-31,
BD,2025-02-28,
BD,2025-03-31,
BE,2002-01-31,4974.75
BE,2002-02-28,4775.76
BE,2002-03-31,4038.76
BE,2002-04-30,4267.23
BE,2002-05-31,4267.23
BE,2002-06-30,3633.41
BE,2002-07-31,5195.85
BE,2002-08-31,3323.87
BE,2002-09-30,4090.35
BE,2002-10-31,4127.2
BE,2002-11-30,3699.74
BE,2002-12-31,3906.1
BE,2003-01-31,4237.75
BE,2003-02-28,5041.08
BE,2003-03-31,5350.62
BE,2003-04-30,5932.85
BE,2003-05-31,4539.92
BE,2003-06-30,4340.93
BE,2003-07-31,4046.13
BE,2003-08-31,4060.87
BE,2003-09-30,3920.84
BE,2003-10-31,4318.82
BE,2003-11-30,4259.86
BE,2003-12-31,3979.8
BE,2004-01-31,3802.92
BE,2004-02-29,3780.81
BE,2004-03-31,3714.48
BE,2004-04-30,3758.7
BE,2004-05-31,3751.33
BE,2004-06-30,3080.66
BE,2004-07-31,3478.64
BE,2004-08-31,3611.3
BE,2004-09-30,3891.36
BE,2004-10-31,3500.75
BE,2004-11-30,3655.52
BE,2004-12-31,3972.43
BE,2005-01-31,3795.55
BE,2005-02-28,3368.09
BE,2005-03-31,3788.18
BE,2005-04-30,3552.34
BE,2005-05-31,4318.82
BE,2005-06-30,3323.87
BE,2005-07-31,3883.99
BE,2005-08-31,3906.1
BE,2005-09-30,4068.24
BE,2005-10-31,4208.27
BE,2005-11-30,3913.47
BE,2005-12-31,2837.45
BE,2006-01-31,3729.22
BE,2006-02-28,3198.58
BE,2006-03-31,4119.83
BE,2006-04-30,2800.6
BE,2006-05-31,3788.18
BE,2006-06-30,3891.36
BE,2006-07-31,3404.94
BE,2006-08-31,3228.06
BE,2006-09-30,3648.15
BE,2006-10-31,2115.19
BE,2006-11-30,3088.03
BE,2006-12-31,3596.56
BE,2007-01-31,3486.01
BE,2007-02-28,3176.47
BE,2007-03-31,2874.3
BE,2007-04-30,3088.03
BE,2007-05-31,2918.52
BE,2007-06-30,3220.69
BE,2007-07-31,3264.91
BE,2007-08-31,2889.04
BE,2007-09-30,3802.92
BE,2007-10-31,4392.52
BE,2007-11-30,3825.03
BE,2007-12-31,3611.3
BE,2008-01-31,3471.27
BE,2008-02-29,3685.0
BE,2008-03-31,3950.32
BE,2008-04-30,3699.74
BE,2008-05-31,3795.55
BE,2008-06-30,4510.44
BE,2008-07-31,4525.18
BE,2008-08-31,3780.81
BE,2008-09-30,3390.2
BE,2008-10-31,3670.26
BE,2008-11-30,3898.73
BE,2008-12-31,4304.08
BE,2009-01-31,4547.29
BE,2009-02-28,4532.55
BE,2009-03-31,4252.49
BE,2009-04-30,4422.0
BE,2009-05-31,4215.64
BE,2009-06-30,3751.33
BE,2009-07-31,3345.98
BE,2009-08-31,4348.3
BE,2009-09-30,3994.54
BE,2009-10-31,4178.79
BE,2009-11-30,4208.27
BE,2009-12-31,4510.44
BE,2010-01-31,5100.04
BE,2010-02-28,4834.72
BE,2010-03-31,5055.82
BE,2010-04-30,5269.55
BE,2010-05-31,5453.8
BE,2010-06-30,5424.32
BE,2010-07-31,5151.63
BE,2010-08-31,4525.18
BE,2010-09-30,3972.43
BE,2010-10-31,4385.15
BE,2010-11-30,4576.77
BE,2010-12-31,4082.98
BE,2011-01-31,4856.83
BE,2011-02-28,4613.62
BE,2011-03-31,4377.78
BE,2011-04-30,4768.39
BE,2011-05-31,4466.22
BE,2011-06-30,4591.51
BE,2011-07-31,5033.71
BE,2011-08-31,4871.57
BE,2011-09-30,4436.74
BE,2011-10-31,4584.14
BE,2011-11-30,4473.59
BE,2011-12-31,4871.57
BE,2012-01-31,4370.41
BE,2012-02-29,4672.58
BE,2012-03-31,4215.64
BE,2012-04-30,4105.09
BE,2012-05-31,4694.69
BE,2012-06-30,4901.05
BE,2012-07-31,5159.0
BE,2012-08-31,4945.27
BE,2012-09-30,4171.42
BE,2012-10-31,4584.14
BE,2012-11-30,4200.9
BE,2012-12-31,4119.83
BE,2013-01-31,3603.93
BE,2013-02-28,4075.61
BE,2013-03-31,3766.07
BE,2013-04-30,4761.02
BE,2013-05-31,4753.65
BE,2013-06-30,3508.12
BE,2013-07-31,4105.09
BE,2013-08-31,3979.8
BE,2013-09-30,3965.06
BE,2013-10-31,3832.4
BE,2013-11-30,4024.02
BE,2013-12-31,4053.5
BE,2014-01-31,4289.34
BE,2014-02-28,4679.95
BE,2014-03-31,4864.2
BE,2014-04-30,4694.69
BE,2014-05-31,4164.05
BE,2014-06-30,3743.96
BE,2014-07-31,3928.21
BE,2014-08-31,4252.49
BE,2014-09-30,4178.79
BE,2014-10-31,4178.79
BE,2014-11-30,3449.16
BE,2014-12-31,4547.29
BE,2015-01-31,4746.28
BE,2015-02-28,4650.47
BE,2015-03-31,3957.69
BE,2015-04-30,4967.38
BE,2015-05-31,4466.22
BE,2015-06-30,3898.73
BE,2015-07-31,4289.34
BE,2015-08-31,4259.86
BE,2015-09-30,4458.85
BE,2015-10-31,5284.29
BE,2015-11-30,4164.05
BE,2015-12-31,4606.25
BE,2016-01-31,4340.93
BE,2016-02-29,5166.37
BE,2016-03-31,4466.22
BE,2016-04-30,4930.53
BE,2016-05-31,5151.63
BE,2016-06-30,5018.97
BE,2016-07-31,4274.6
BE,2016-08-31,4259.86
BE,2016-09-30,4024.02
BE,2016-10-31,4503.07
BE,2016-11-30,4679.95
BE,2016-12-31,3876.62
BE,2017-01-31,4679.95
BE,2017-02-28,5210.59
BE,2017-03-31,3707.11
BE,2017-04-30,3751.33
BE,2017-05-31,4547.29
BE,2017-06-30,4355.67
BE,2017-07-31,4230.38
BE,2017-08-31,4105.09
BE,2017-09-30,4864.2
BE,2017-10-31,4414.63
BE,2017-11-30,4407.26
BE,2017-12-31,4090.35
BE,2018-01-31,4702.06
BE,2018-02-28,3345.98
BE,2018-03-31,4842.09
BE,2018-04-30,5225.33
BE,2018-05-31,3928.21
BE,2018-06-30,5188.48
BE,2018-07-31,4326.19
BE,2018-08-31,4377.78
BE,2018-09-30,3847.14
BE,2018-10-31,3876.62
BE,2018-11-30,4687.32
BE,2018-12-31,4046.13
BE,2019-01-31,4200.9
BE,2019-02-28,4001.91
BE,2019-03-31,4989.49
BE,2019-04-30,4643.1
BE,2019-05-31,4164.05
BE,2019-06-30,4001.91
BE,2019-07-31,4886.31
BE,2019-08-31,4657.84
BE,2019-09-30,4407.26
BE,2019-10-31,4082.98
BE,2019-11-30,4628.36
BE,2019-12-31,3920.84
BE,2020-01-31,4038.76
BE,2020-02-29,3891.36
BE,2020-03-31,3751.33
BE,2020-04-30,4031.39
BE,2020-05-31,4562.03
BE,2020-06-30,4562.03
BE,2020-07-31,4252.49
BE,2020-08-31,4392.52
BE,2020-09-30,4628.36
BE,2020-10-31,5129.52
BE,2020-11-30,5077.93
BE,2020-12-31,5210.59
BE,2021-01-31,4665.21
BE,2021-02-28,4930.53
BE,2021-03-31,3987.17
BE,2021-04-30,3508.12
BE,2021-05-31,3854.51
BE,2021-06-30,3751.33
BE,2021-07-31,3780.81
BE,2021-08-31,3508.12
BE,2021-09-30,3530.23
BE,2021-10-31,3685.0
BE,2021-11-30,3301.76
BE,2021-12-31,3449.16
BE,2022-01-31,2712.16
BE,2022-02-28,3235.43
BE,2022-03-31,2940.63
BE,2022-04-30,3264.91
BE,2022-05-31,3449.16
BE,2022-06-30,3596.56
BE,2022-07-31,3611.3
BE,2022-08-31,3228.06
BE,2022-09-30,3058.55
BE,2022-10-31,2977.48
BE,2022-11-30,3287.02
BE,2022-12-31,2881.67
BE,2023-01-31,2844.82
BE,2023-02-28,2815.34
BE,2023-03-31,3073.29
BE,2023-04-30,2970.11
BE,2023-05-31,3036.44
BE,2023-06-30,3382.83
BE,2023-07-31,3029.07
BE,2023-08-31,2984.85
BE,2023-09-30,2874.3
BE,2023-10-31,2704.79
BE,2023-11-30,3110.14
BE,2023-12-31,2734.27
BE,2024-01-31,3213.32
BE,2024-02-29,3456.53
BE,2024-03-31,3692.37
BE,2024-04-30,3279.65
BE,2024-05-31,3095.4
BE,2024-06-30,3493.38
BE,2024-07-31,2807.97
BE,2024-08-31,3670.26
BE,2024-09-30,3427.05
BE,2024-10-31,3198.58
BE,2024-11-30,3272.28
BE,2024-12-31,2992.22
BE,2025-01-31,3589.19
BE,2025-02-28,3279.65
BE,2025-03-31,3323.87
BG,2002-01-31,
BG,2002-02-28,
BG,2002-03-31,
BG,2002-04-30,
BG,2002-05-31,
BG,2002-06-30,
BG,2002-07-31,
BG,2002-08-31,
BG,2002-09-30,
BG,2002-10-31,
BG,2002-11-30,
BG,2002-12-31,
BG,2003-01-31,820.96
BG,2003-02-28,1407.36
BG,2003-03-31,1847.16
BG,2003-04-30,1627.26
BG,2003-05-31,1575.95
BG,2003-06-30,1649.25
BG,2003-07-31,930.91
BG,2003-08-31,784.31
BG,2003-09-30,1751.87
BG,2003-10-31,1509.98
BG,2003-11-30,1575.95
BG,2003-12-31,1275.42
BG,2004-01-31,1751.87
BG,2004-02-29,1370.71
BG,2004-03-31,1480.66
BG,2004-04-30,1172.8
BG,2004-05-31,1913.13
BG,2004-06-30,1539.3
BG,2004-07-31,1209.45
BG,2004-08-31,1649.25
BG,2004-09-30,1363.38
BG,2004-10-31,1509.98
BG,2004-11-30,1649.25
BG,2004-12-31,2074.39
BG,2005-01-31,1891.14
BG,2005-02-28,1143.48
BG,2005-03-31,1356.05
BG,2005-04-30,930.91
BG,2005-05-31,1231.44
BG,2005-06-30,1722.55
BG,2005-07-31,1018.87
BG,2005-08-31,1517.31
BG,2005-09-30,1605.27
BG,2005-10-31,1935.12
BG,2005-11-30,1876.48
BG,2005-12-31,1238.77
BG,2006-01-31,1260.76
BG,2006-02-28,1180.13
BG,2006-03-31,1927.79
BG,2006-04-30,2374.92
BG,2006-05-31,1678.57
BG,2006-06-30,1759.2
BG,2006-07-31,1641.92
BG,2006-08-31,1986.43
BG,2006-09-30,1722.55
BG,2006-10-31,1700.56
BG,2006-11-30,1619.93
BG,2006-12-31,1319.4
BG,2007-01-31,2426.23
BG,2007-02-28,2543.51
BG,2007-03-31,1546.63
BG,2007-04-30,2220.99
BG,2007-05-31,1942.45
BG,2007-06-30,1883.81
BG,2007-07-31,1971.77
BG,2007-08-31,2118.37
BG,2007-09-30,2074.39
BG,2007-10-31,1839.83
BG,2007-11-30,1935.12
BG,2007-12-31,1641.92
BG,2008-01-31,1817.84
BG,2008-02-29,2140.36
BG,2008-03-31,1781.19
BG,2008-04-30,1671.24
BG,2008-05-31,1898.47
BG,2008-06-30,1869.15
BG,2008-07-31,1759.2
BG,2008-08-31,1590.61
BG,2008-09-30,1487.99
BG,2008-10-31,2389.58
BG,2008-11-30,2360.26
BG,2008-12-31,2352.93
BG,2009-01-31,1766.53
BG,2009-02-28,1986.43
BG,2009-03-31,2023.08
BG,2009-04-30,1575.95
BG,2009-05-31,1861.82
BG,2009-06-30,1194.79
BG,2009-07-31,1539.3
BG,2009-08-31,1685.9
BG,2009-09-30,1407.36
BG,2009-10-31,1766.53
BG,2009-11-30,1619.93
BG,2009-12-31,1883.81
BG,2010-01-31,879.6
BG,2010-02-28,2045.07
BG,2010-03-31,1553.96
BG,2010-04-30,1407.36
BG,2010-05-31,1341.39
BG,2010-06-30,1466.0
BG,2010-07-31,1715.22
BG,2010-08-31,1414.69
BG,2010-09-30,1451.34
BG,2010-10-31,1092.17
BG,2010-11-30,1737.21
BG,2010-12-31,1700.56
BG,2011-01-31,1634.59
BG,2011-02-28,1370.71
BG,2011-03-31,1466.0
BG,2011-04-30,1517.31
BG,2011-05-31,1407.36
BG,2011-06-30,1531.97
BG,2011-07-31,1363.38
BG,2011-08-31,798.97
BG,2011-09-30,1458.67
BG,2011-10-31,725.67
BG,2011-11-30,1246.1
BG,2011-12-31,1180.13
BG,2012-01-31,1605.27
BG,2012-02-29,2096.38
BG,2012-03-31,1466.0
BG,2012-04-30,1385.37
BG,2012-05-31,1590.61
BG,2012-06-30,1084.84
BG,2012-07-31,1502.65
BG,2012-08-31,1319.4
BG,2012-09-30,1202.12
BG,2012-10-31,1605.27
BG,2012-11-30,1480.66
BG,2012-12-31,1282.75
BG,2013-01-31,989.55
BG,2013-02-28,806.3
BG,2013-03-31,1202.12
BG,2013-04-30,842.95
BG,2013-05-31,1209.45
BG,2013-06-30,1627.26
BG,2013-07-31,1722.55
BG,2013-08-31,1341.39
BG,2013-09-30,1847.16
BG,2013-10-31,1817.84
BG,2013-11-30,2484.87
BG,2013-12-31,1619.93
BG,2014-01-31,1869.15
BG,2014-02-28,1803.18
BG,2014-03-31,2257.64
BG,2014-04-30,2206.33
BG,2014-05-31,1847.16
BG,2014-06-30,1400.03
BG,2014-07-31,1326.73
BG,2014-08-31,1407.36
BG,2014-09-30,1451.34
BG,2014-10-31,1040.86
BG,2014-11-30,674.36
BG,2014-12-31,1407.36
BG,2015-01-31,989.55
BG,2015-02-28,2089.05
BG,2015-03-31,1304.74
BG,2015-04-30,1297.41
BG,2015-05-31,1509.98
BG,2015-06-30,1619.93
BG,2015-07-31,2338.27
BG,2015-08-31,1707.89
BG,2015-09-30,1942.45
BG,2015-10-31,1656.58
BG,2015-11-30,2030.41
BG,2015-12-31,1847.16
BG,2016-01-31,2067.06
BG,2016-02-29,1722.55
BG,2016-03-31,2250.31
BG,2016-04-30,2484.87
BG,2016-05-31,2396.91
BG,2016-06-30,1744.54
BG,2016-07-31,1744.54
BG,2016-08-31,1920.46
BG,2016-09-30,1957.11
BG,2016-10-31,2426.23
BG,2016-11-30,2067.06
BG,2016-12-31,1553.96
BG,2017-01-31,2250.31
BG,2017-02-28,1825.17
BG,2017-03-31,1407.36
BG,2017-04-30,2470.21
BG,2017-05-31,2250.31
BG,2017-06-30,2242.98
BG,2017-07-31,2037.74
BG,2017-08-31,2345.6
BG,2017-09-30,2191.67
BG,2017-10-31,2140.36
BG,2017-11-30,2118.37
BG,2017-12-31,2279.63
BG,2018-01-31,2558.17
BG,2018-02-28,1949.78
BG,2018-03-31,1949.78
BG,2018-04-30,2492.2
BG,2018-05-31,2844.04
BG,2018-06-30,2829.38
BG,2018-07-31,3686.99
BG,2018-08-31,2983.31
BG,2018-09-30,2880.69
BG,2018-10-31,3129.91
BG,2018-11-30,2631.47
BG,2018-12-31,2396.91
BG,2019-01-31,2558.17
BG,2019-02-28,3452.43
BG,2019-03-31,3078.6
BG,2019-04-30,2990.64
BG,2019-05-31,3291.17
BG,2019-06-30,3371.8
BG,2019-07-31,3115.25
BG,2019-08-31,2477.54
BG,2019-09-30,2858.7
BG,2019-10-31,3599.03
BG,2019-11-30,3467.09
BG,2019-12-31,3511.07
BG,2020-01-31,3056.61
BG,2020-02-29,3203.21
BG,2020-03-31,2690.11
BG,2020-04-30,3122.58
BG,2020-05-31,3584.37
BG,2020-06-30,3313.16
BG,2020-07-31,3269.18
BG,2020-08-31,3452.43
BG,2020-09-30,3489.08
BG,2020-10-31,3093.26
BG,2020-11-30,3643.01
BG,2020-12-31,3291.17
BG,2021-01-31,3137.24
BG,2021-02-28,3445.1
BG,2021-03-31,3555.05
BG,2021-04-30,3459.76
BG,2021-05-31,3628.35
BG,2021-06-30,3239.86
BG,2021-07-31,2118.37
BG,2021-08-31,2932.0
BG,2021-09-30,1869.15
BG,2021-10-31,1861.82
BG,2021-11-30,3034.62
BG,2021-12-31,2851.37
BG,2022-01-31,2690.11
BG,2022-02-28,2242.98
BG,2022-03-31,2147.69
BG,2022-04-30,2264.97
BG,2022-05-31,2873.36
BG,2022-06-30,3093.26
BG,2022-07-31,2367.59
BG,2022-08-31,2741.42
BG,2022-09-30,3071.27
BG,2022-10-31,3511.07
BG,2022-11-30,3173.89
BG,2022-12-31,3525.73
BG,2023-01-31,3445.1
BG,2023-02-28,3379.13
BG,2023-03-31,3503.74
BG,2023-04-30,3591.7
BG,2023-05-31,3445.1
BG,2023-06-30,3357.14
BG,2023-07-31,3261.85
BG,2023-08-31,3115.25
BG,2023-09-30,3848.25
BG,2023-10-31,3430.44
BG,2023-11-30,3144.57
BG,2023-12-31,3459.76
BG,2024-01-31,3752.96
BG,2024-02-29,3474.42
BG,2024-03-31,2880.69
BG,2024-04-30,2814.72
BG,2024-05-31,2983.31
BG,2024-06-30,3716.31
BG,2024-07-31,3987.52
BG,2024-08-31,3811.6
BG,2024-09-30,3591.7
BG,2024-10-31,3489.08
BG,2024-11-30,2741.42
BG,2024-12-31,3525.73
BG,2025-01-31,3804.27
BG,2025-02-28,2404.24
BG,2025-03-31,
BH,2002-01-31,
BH,2002-02-28,
BH,2002-03-31,
BH,2002-04-30,
BH,2002-05-31,
BH,2002-06-30,
BH,2002-07-31,
BH,2002-08-31,
BH,2002-09-30,
BH,2002-10-31,
BH,2002-11-30,
BH,2002-12-31,
BH,2003-01-31,
BH,2003-02-28,
BH,2003-03-31,
BH,2003-04-30,
BH,2003-05-31,
BH,2003-06-30,
BH,2003-07-31,
BH,2003-08-31,
BH,2003-09-30,
BH,2003-10-31,
BH,2003-11-30,
BH,2003-12-31,
BH,2004-01-31,
BH,2004-02-29,
BH,2004-03-31,
BH,2004-04-30,
BH,2004-05-31,
BH,2004-06-30,
BH,2004-07-31,
BH,2004-08-31,
BH,2004-09-30,
BH,2004-10-31,
BH,2004-11-30,
BH,2004-12-31,
BH,2005-01-31,491.11
BH,2005-02-28,498.44
BH,2005-03-31,461.79
BH,2005-04-30,520.43
BH,2005-05-31,520.43
BH,2005-06-30,520.43
BH,2005-07-31,520.43
BH,2005-08-31,513.1
BH,2005-09-30,513.1
BH,2005-10-31,520.43
BH,2005-11-30,513.1
BH,2005-12-31,483.78
BH,2006-01-31,483.78
BH,2006-02-28,469.12
BH,2006-03-31,491.11
BH,2006-04-30,498.44
BH,2006-05-31,527.76
BH,2006-06-30,520.43
BH,2006-07-31,520.43
BH,2006-08-31,520.43
BH,2006-09-30,498.44
BH,2006-10-31,527.76
BH,2006-11-30,586.4
BH,2006-12-31,520.43
BH,2007-01-31,498.44
BH,2007-02-28,520.43
BH,2007-03-31,498.44
BH,2007-04-30,623.05
BH,2007-05-31,535.09
BH,2007-06-30,476.45
BH,2007-07-31,469.12
BH,2007-08-31,491.11
BH,2007-09-30,571.74
BH,2007-10-31,513.1
BH,2007-11-30,527.76
BH,2007-12-31,527.76
BH,2008-01-31,535.09
BH,2008-02-29,769.65
BH,2008-03-31,674.36
BH,2008-04-30,659.7
BH,2008-05-31,520.43
BH,2008-06-30,557.08
BH,2008-07-31,586.4
BH,2008-08-31,498.44
BH,2008-09-30,461.79
BH,2008-10-31,645.04
BH,2008-11-30,630.38
BH,2008-12-31,718.34
BH,2009-01-31,722.26
BH,2009-02-28,670.67
BH,2009-03-31,560.12
BH,2009-04-30,611.71
BH,2009-05-31,545.38
BH,2009-06-30,560.12
BH,2009-07-31,515.9
BH,2009-08-31,574.86
BH,2009-09-30,530.64
BH,2009-10-31,523.27
BH,2009-11-30,545.38
BH,2009-12-31,464.31
BH,2010-01-31,538.01
BH,2010-02-28,486.42
BH,2010-03-31,486.42
BH,2010-04-30,471.68
BH,2010-05-31,619.08
BH,2010-06-30,611.71
BH,2010-07-31,515.9
BH,2010-08-31,471.68
BH,2010-09-30,493.79
BH,2010-10-31,508.53
BH,2010-11-30,678.04
BH,2010-12-31,700.15
BH,2011-01-31,759.11
BH,2011-02-28,663.3
BH,2011-03-31,574.86
BH,2011-04-30,641.19
BH,2011-05-31,685.41
BH,2011-06-30,729.63
BH,2011-07-31,714.89
BH,2011-08-31,707.52
BH,2011-09-30,663.3
BH,2011-10-31,678.04
BH,2011-11-30,692.78
BH,2011-12-31,722.26
BH,2012-01-31,759.11
BH,2012-02-29,678.04
BH,2012-03-31,670.67
BH,2012-04-30,619.08
BH,2012-05-31,744.37
BH,2012-06-30,692.78
BH,2012-07-31,744.37
BH,2012-08-31,729.63
BH,2012-09-30,700.15
BH,2012-10-31,714.89
BH,2012-11-30,722.26
BH,2012-12-31,1031.8
BH,2013-01-31,1134.98
BH,2013-02-28,1252.9
BH,2013-03-31,810.7
BH,2013-04-30,744.37
BH,2013-05-31,759.11
BH,2013-06-30,781.22
BH,2013-07-31,692.78
BH,2013-08-31,759.11
BH,2013-09-30,773.85
BH,2013-10-31,685.41
BH,2013-11-30,729.63
BH,2013-12-31,788.59
BH,2014-01-31,818.07
BH,2014-02-28,773.85
BH,2014-03-31,633.82
BH,2014-04-30,737.0
BH,2014-05-31,737.0
BH,2014-06-30,655.93
BH,2014-07-31,670.67
BH,2014-08-31,678.04
BH,2014-09-30,663.3
BH,2014-10-31,707.52
BH,2014-11-30,655.93
BH,2014-12-31,678.04
BH,2015-01-31,737.0
BH,2015-02-28,795.96
BH,2015-03-31,795.96
BH,2015-04-30,759.11
BH,2015-05-31,692.78
BH,2015-06-30,737.0
BH,2015-07-31,766.48
BH,2015-08-31,714.89
BH,2015-09-30,803.33
BH,2015-10-31,700.15
BH,2015-11-30,685.41
BH,2015-12-31,670.67
BH,2016-01-31,655.93
BH,2016-02-29,751.74
BH,2016-03-31,766.48
BH,2016-04-30,685.41
BH,2016-05-31,722.26
BH,2016-06-30,633.82
BH,2016-07-31,685.41
BH,2016-08-31,678.04
BH,2016-09-30,700.15
BH,2016-10-31,707.52
BH,2016-11-30,611.71
BH,2016-12-31,589.6
BH,2017-01-31,692.78
BH,2017-02-28,641.19
BH,2017-03-31,744.37
BH,2017-04-30,714.89
BH,2017-05-31,751.74
BH,2017-06-30,818.07
BH,2017-07-31,773.85
BH,2017-08-31,795.96
BH,2017-09-30,751.74
BH,2017-10-31,766.48
BH,2017-11-30,913.88
BH,2017-12-31,818.07
BH,2018-01-31,773.85
BH,2018-02-28,825.44
BH,2018-03-31,818.07
BH,2018-04-30,766.48
BH,2018-05-31,818.07
BH,2018-06-30,818.07
BH,2018-07-31,818.07
BH,2018-08-31,788.59
BH,2018-09-30,729.63
BH,2018-10-31,722.26
BH,2018-11-30,759.11
BH,2018-12-31,744.37
BH,2019-01-31,795.96
BH,2019-02-28,803.33
BH,2019-03-31,737.0
BH,2019-04-30,670.67
BH,2019-05-31,751.74
BH,2019-06-30,766.48
BH,2019-07-31,729.63
BH,2019-08-31,707.52
BH,2019-09-30,729.63
BH,2019-10-31,700.15
BH,2019-11-30,744.37
BH,2019-12-31,722.26
BH,2020-01-31,1053.91
BH,2020-02-29,1039.17
BH,2020-03-31,1083.39
BH,2020-04-30,943.36
BH,2020-05-31,1076.02
BH,2020-06-30,913.88
BH,2020-07-31,1009.69
BH,2020-08-31,1061.28
BH,2020-09-30,1039.17
BH,2020-10-31,921.25
BH,2020-11-30,1009.69
BH,2020-12-31,1112.87
BH,2021-01-31,943.36
BH,2021-02-28,751.74
BH,2021-03-31,935.99
BH,2021-04-30,795.96
BH,2021-05-31,913.88
BH,2021-06-30,825.44
BH,2021-07-31,965.47
BH,2021-08-31,921.25
BH,2021-09-30,847.55
BH,2021-10-31,854.92
BH,2021-11-30,877.03
BH,2021-12-31,965.47
BH,2022-01-31,737.0
BH,2022-02-28,810.7
BH,2022-03-31,832.81
BH,2022-04-30,825.44
BH,2022-05-31,840.18
BH,2022-06-30,869.66
BH,2022-07-31,825.44
BH,2022-08-31,869.66
BH,2022-09-30,1053.91
BH,2022-10-31,1061.28
BH,2022-11-30,810.7
BH,2022-12-31,913.88
BH,2023-01-31,854.92
BH,2023-02-28,994.95
BH,2023-03-31,1002.32
BH,2023-04-30,1024.43
BH,2023-05-31,1009.69
BH,2023-06-30,1031.8
BH,2023-07-31,1039.17
BH,2023-08-31,781.22
BH,2023-09-30,788.59
BH,2023-10-31,884.4
BH,2023-11-30,810.7
BH,2023-12-31,795.96
BH,2024-01-31,810.7
BH,2024-02-29,877.03
BH,2024-03-31,847.55
BH,2024-04-30,1053.91
BH,2024-05-31,1009.69
BH,2024-06-30,1009.69
BH,2024-07-31,847.55
BH,2024-08-31,840.18
BH,2024-09-30,1031.8
BH,2024-10-31,1009.69
BH,2024-11-30,972.84
BH,2024-12-31,810.7
BH,2025-01-31,1164.46
BH,2025-02-28,1179.2
BH,2025-03-31,1341.34
BM,2002-01-31,
BM,2002-02-28,
BM,2002-03-31,
BM,2002-04-30,
BM,2002-05-31,
BM,2002-06-30,
BM,2002-07-31,
BM,2002-08-31,
BM,2002-09-30,
BM,2002-10-31,
BM,2002-11-30,
BM,2002-12-31,
BM,2003-01-31,
BM,2003-02-28,
BM,2003-03-31,
BM,2003-04-30,
BM,2003-05-31,
BM,2003-06-30,
BM,2003-07-31,
BM,2003-08-31,
BM,2003-09-30,
BM,2003-10-31,
BM,2003-11-30,
BM,2003-12-31,
BM,2004-01-31,
BM,2004-02-29,
BM,2004-03-31,
BM,2004-04-30,
BM,2004-05-31,
BM,2004-06-30,
BM,2004-07-31,
BM,2004-08-31,
BM,2004-09-30,
BM,2004-10-31,
BM,2004-11-30,
BM,2004-12-31,
BM,2005-01-31,
BM,2005-02-28,
BM,2005-03-31,
BM,2005-04-30,
BM,2005-05-31,
BM,2005-06-30,
BM,2005-07-31,
BM,2005-08-31,
BM,2005-09-30,
BM,2005-10-31,
BM,2005-11-30,
BM,2005-12-31,
BM,2006-01-31,
BM,2006-02-28,
BM,2006-03-31,
BM,2006-04-30,
BM,2006-05-31,
BM,2006-06-30,
BM,2006-07-31,
BM,2006-08-31,
BM,2006-09-30,
BM,2006-10-31,
BM,2006-11-30,
BM,2006-12-31,
BM,2007-01-31,
BM,2007-02-28,
BM,2007-03-31,
BM,2007-04-30,
BM,2007-05-31,
BM,2007-06-30,
BM,2007-07-31,
BM,2007-08-31,
BM,2007-09-30,
BM,2007-10-31,
BM,2007-11-30,
BM,2007-12-31,
BM,2008-01-31,
BM,2008-02-29,
BM,2008-03-31,
BM,2008-04-30,
BM,2008-05-31,
BM,2008-06-30,
BM,2008-07-31,
BM,2008-08-31,
BM,2008-09-30,
BM,2008-10-31,
BM,2008-11-30,
BM,2008-12-31,
BM,2009-01-31,
BM,2009-02-28,
BM,2009-03-31,
BM,2009-04-30,
BM,2009-05-31,
BM,2009-06-30,
BM,2009-07-31,
BM,2009-08-31,
BM,2009-09-30,
BM,2009-10-31,
BM,2009-11-30,
BM,2009-12-31,
BM,2010-01-31,
BM,2010-02-28,
BM,2010-03-31,
BM,2010-04-30,
BM,2010-05-31,
BM,2010-06-30,
BM,2010-07-31,
BM,2010-08-31,
BM,2010-09-30,
BM,2010-10-31,
BM,2010-11-30,
BM,2010-12-31,
BM,2011-01-31,
BM,2011-02-28,
BM,2011-03-31,
BM,2011-04-30,
BM,2011-05-31,
BM,2011-06-30,
BM,2011-07-31,
BM,2011-08-31,
BM,2011-09-30,
BM,2011-10-31,
BM,2011-11-30,
BM,2011-12-31,
BM,2012-01-31,
BM,2012-02-29,
BM,2012-03-31,
BM,2012-04-30,
BM,2012-05-31,
BM,2012-06-30,
BM,2012-07-31,
BM,2012-08-31,
BM,2012-09-30,
BM,2012-10-31,
BM,2012-11-30,
BM,2012-12-31,
BM,2013-01-31,
BM,2013-02-28,
BM,2013-03-31,
BM,2013-04-30,
BM,2013-05-31,
BM,2013-06-30,
BM,2013-07-31,
BM,2013-08-31,
BM,2013-09-30,
BM,2013-10-31,
BM,2013-11-30,
BM,2013-12-31,
BM,2014-01-31,
BM,2014-02-28,
BM,2014-03-31,
BM,2014-04-30,
BM,2014-05-31,
BM,2014-06-30,
BM,2014-07-31,
BM,2014-08-31,
BM,2014-09-30,
BM,2014-10-31,
BM,2014-11-30,
BM,2014-12-31,
BM,2015-01-31,
BM,2015-02-28,
BM,2015-03-31,
BM,2015-04-30,
BM,2015-05-31,
BM,2015-06-30,
BM,2015-07-31,
BM,2015-08-31,
BM,2015-09-30,
BM,2015-10-31,
BM,2015-11-30,
BM,2015-12-31,
BM,2016-01-31,
BM,2016-02-29,
BM,2016-03-31,
BM,2016-04-30,
BM,2016-05-31,
BM,2016-06-30,
BM,2016-07-31,
BM,2016-08-31,
BM,2016-09-30,
BM,2016-10-31,
BM,2016-11-30,
BM,2016-12-31,
BM,2017-01-31,
BM,2017-02-28,
BM,2017-03-31,
BM,2017-04-30,
BM,2017-05-31,
BM,2017-06-30,
BM,2017-07-31,
BM,2017-08-31,
BM,2017-09-30,
BM,2017-10-31,
BM,2017-11-30,
BM,2017-12-31,
BM,2018-01-31,
BM,2018-02-28,
BM,2018-03-31,
BM,2018-04-30,
BM,2018-05-31,
BM,2018-06-30,
BM,2018-07-31,
BM,2018-08-31,
BM,2018-09-30,
BM,2018-10-31,
BM,2018-11-30,
BM,2018-12-31,
BM,2019-01-31,
BM,2019-02-28,
BM,2019-03-31,
BM,2019-04-30,
BM,2019-05-31,
BM,2019-06-30,
BM,2019-07-31,
BM,2019-08-31,
BM,2019-09-30,
BM,2019-10-31,
BM,2019-11-30,
BM,2019-12-31,
BM,2020-01-31,
BM,2020-02-29,
BM,2020-03-31,
BM,2020-04-30,
BM,2020-05-31,
BM,2020-06-30,
BM,2020-07-31,
BM,2020-08-31,
BM,2020-09-30,
BM,2020-10-31,
BM,2020-11-30,
BM,2020-12-31,
BM,2021-01-31,
BM,2021-02-28,
BM,2021-03-31,
BM,2021-04-30,
BM,2021-05-31,
BM,2021-06-30,
BM,2021-07-31,
BM,2021-08-31,
BM,2021-09-30,
BM,2021-10-31,
BM,2021-11-30,
BM,2021-12-31,
BM,2022-01-31,
BM,2022-02-28,
BM,2022-03-31,
BM,2022-04-30,
BM,2022-05-31,
BM,2022-06-30,
BM,2022-07-31,
BM,2022-08-31,
BM,2022-09-30,
BM,2022-10-31,
BM,2022-11-30,
BM,2022-12-31,
BM,2023-01-31,
BM,2023-02-28,
BM,2023-03-31,
BM,2023-04-30,
BM,2023-05-31,
BM,2023-06-30,
BM,2023-07-31,
BM,2023-08-31,
BM,2023-09-30,
BM,2023-10-31,
BM,2023-11-30,
BM,2023-12-31,
BM,2024-01-31,
BM,2024-02-29,
BM,2024-03-31,
BM,2024-04-30,
BM,2024-05-31,
BM,2024-06-30,
BM,2024-07-31,
BM,2024-08-31,
BM,2024-09-30,
BM,2024-10-31,
BM,2024-11-30,
BM,2024-12-31,
BM,2025-01-31,
BM,2025-02-28,
BM,2025-03-31,
BN,2002-01-31,1603.956
BN,2002-02-28,1622.72
BN,2002-03-31,1943.568
BN,2002-04-30,1037.76
BN,2002-05-31,798.752
BN,2002-06-30,868.008
BN,2002-07-31,1302.012
BN,2002-08-31,1786.293
BN,2002-09-30,1880.576
BN,2002-10-31,2195.258
BN,2002-11-30,1302.012
BN,2002-12-31,1698.312
BN,2003-01-31,2050.371
BN,2003-02-28,1930.946
BN,2003-03-31,1364.868
BN,2003-04-30,2742.296
BN,2003-05-31,1352.216
BN,2003-06-30,2214.156
BN,2003-07-31,2371.208
BN,2003-08-31,2163.825
BN,2003-09-30,2302.115
BN,2003-10-31,1239.108
BN,2003-11-30,1893.319
BN,2003-12-31,1603.826
BN,2004-01-31,1239.168
BN,2004-02-29,1968.728
BN,2004-03-31,1364.93
BN,2004-04-30,2742.384
BN,2004-05-31,2113.344
BN,2004-06-30,1880.576
BN,2004-07-31,2371.208
BN,2004-08-31,2232.88
BN,2004-09-30,2270.532
BN,2004-10-31,2742.168
BN,2004-11-30,1937.258
BN,2004-12-31,1798.79
BN,2005-01-31,1220.266
BN,2005-02-28,1446.571
BN,2005-03-31,817.626
BN,2005-04-30,974.89
BN,2005-05-31,1943.51
BN,2005-06-30,2503.281
BN,2005-07-31,2132.37
BN,2005-08-31,1320.84
BN,2005-09-30,1786.293
BN,2005-10-31,2289.582
BN,2005-11-30,1874.25
BN,2005-12-31,1685.67
BN,2006-01-31,1188.756
BN,2006-02-28,1779.91
BN,2006-03-31,2188.81
BN,2006-04-30,2037.889
BN,2006-05-31,1566.189
BN,2006-06-30,1440.404
BN,2006-07-31,1855.502
BN,2006-08-31,2396.426
BN,2006-09-30,1754.738
BN,2006-10-31,1081.773
BN,2006-11-30,641.538
BN,2006-12-31,1138.475
BN,2007-01-31,1270.512
BN,2007-02-28,1157.247
BN,2007-03-31,1006.402
BN,2007-04-30,1333.514
BN,2007-05-31,798.768
BN,2007-06-30,1069.304
BN,2007-07-31,1100.7
BN,2007-08-31,1861.827
BN,2007-09-30,1924.652
BN,2007-10-31,1610.088
BN,2007-11-30,2100.67
BN,2007-12-31,805.074
BN,2008-01-31,1968.728
BN,2008-02-29,1943.51
BN,2008-03-31,1572.472
BN,2008-04-30,1459.26
BN,2008-05-31,1736.016
BN,2008-06-30,1037.76
BN,2008-07-31,528.336
BN,2008-08-31,1478.154
BN,2008-09-30,2377.512
BN,2008-10-31,2201.4
BN,2008-11-30,2503.281
BN,2008-12-31,1364.868
BN,2009-01-31,1968.591
BN,2009-02-28,1056.672
BN,2009-03-31,1377.476
BN,2009-04-30,496.872
BN,2009-05-31,912.02
BN,2009-06-30,1496.952
BN,2009-07-31,2654.433
BN,2009-08-31,1798.79
BN,2009-09-30,691.84
BN,2009-10-31,1062.995
BN,2009-11-30,2629.152
BN,2009-12-31,2434.174
BN,2010-01-31,1723.41
BN,2010-02-28,1094.405
BN,2010-03-31,1157.247
BN,2010-04-30,1805.148
BN,2010-05-31,748.511
BN,2010-06-30,666.72
BN,2010-07-31,1572.472
BN,2010-08-31,1880.576
BN,2010-09-30,1679.486
BN,2010-10-31,2069.316
BN,2010-11-30,1698.312
BN,2010-12-31,1169.922
BN,2011-01-31,1503.276
BN,2011-02-28,1063.008
BN,2011-03-31,1182.545
BN,2011-04-30,981.274
BN,2011-05-31,1314.576
BN,2011-06-30,1748.586
BN,2011-07-31,1899.396
BN,2011-08-31,1943.51
BN,2011-09-30,2635.419
BN,2011-10-31,987.446
BN,2011-11-30,1698.312
BN,2011-12-31,1603.826
BN,2012-01-31,1314.576
BN,2012-02-29,1037.76
BN,2012-03-31,2088.252
BN,2012-04-30,1660.422
BN,2012-05-31,1150.968
BN,2012-06-30,1723.49
BN,2012-07-31,1704.504
BN,2012-08-31,2000.288
BN,2012-09-30,1685.669
BN,2012-10-31,1283.076
BN,2012-11-30,1352.216
BN,2012-12-31,1868.17
BN,2013-01-31,1824.04
BN,2013-02-28,2082.031
BN,2013-03-31,754.784
BN,2013-04-30,654.15
BN,2013-05-31,1471.8
BN,2013-06-30,1383.68
BN,2013-07-31,842.835
BN,2013-08-31,685.596
BN,2013-09-30,842.802
BN,2013-10-31,704.448
BN,2013-11-30,949.698
BN,2013-12-31,1610.088
BN,2014-01-31,1163.67
BN,2014-02-28,1402.704
BN,2014-03-31,1949.87
BN,2014-04-30,886.92
BN,2014-05-31,1440.404
BN,2014-06-30,1742.187
BN,2014-07-31,754.8
BN,2014-08-31,742.148
BN,2014-09-30,1056.672
BN,2014-10-31,1364.868
BN,2014-11-30,1585.008
BN,2014-12-31,2251.854
BN,2015-01-31,1421.445
BN,2015-02-28,1358.64
BN,2015-03-31,1157.247
BN,2015-04-30,1195.074
BN,2015-05-31,1295.712
BN,2015-06-30,1289.4
BN,2015-07-31,2289.456
BN,2015-08-31,1566.189
BN,2015-09-30,1767.36
BN,2015-10-31,1251.72
BN,2015-11-30,1471.722
BN,2015-12-31,1534.687
BN,2016-01-31,1415.269
BN,2016-02-29,1691.88
BN,2016-03-31,1666.861
BN,2016-04-30,1421.445
BN,2016-05-31,1515.748
BN,2016-06-30,1163.67
BN,2016-07-31,861.754
BN,2016-08-31,1113.248
BN,2016-09-30,968.616
BN,2016-10-31,1912.04
BN,2016-11-30,1339.743
BN,2016-12-31,1402.704
BN,2017-01-31,1081.773
BN,2017-02-28,1471.8
BN,2017-03-31,1459.26
BN,2017-04-30,1509.62
BN,2017-05-31,1471.8
BN,2017-06-30,987.525
BN,2017-07-31,930.91
BN,2017-08-31,1075.599
BN,2017-09-30,723.294
BN,2017-10-31,647.856
BN,2017-11-30,981.274
BN,2017-12-31,855.387
BN,2018-01-31,930.91
BN,2018-02-28,1616.56
BN,2018-03-31,1509.62
BN,2018-04-30,1044.126
BN,2018-05-31,1201.31
BN,2018-06-30,1207.635
BN,2018-07-31,849.16
BN,2018-08-31,1163.67
BN,2018-09-30,1107.0
BN,2018-10-31,1402.695
BN,2018-11-30,2025.375
BN,2018-12-31,1962.45
BN,2019-01-31,1553.593
BN,2019-02-28,2100.67
BN,2019-03-31,1503.276
BN,2019-04-30,1540.98
BN,2019-05-31,1868.17
BN,2019-06-30,1641.726
BN,2019-07-31,2012.804
BN,2019-08-31,1974.892
BN,2019-09-30,1874.25
BN,2019-10-31,1603.956
BN,2019-11-30,1427.84
BN,2019-12-31,1490.76
BN,2020-01-31,1591.261
BN,2020-02-29,1893.319
BN,2020-03-31,1585.008
BN,2020-04-30,1484.296
BN,2020-05-31,1509.62
BN,2020-06-30,1748.586
BN,2020-07-31,1572.472
BN,2020-08-31,1390.095
BN,2020-09-30,1207.696
BN,2020-10-31,1213.905
BN,2020-11-30,1434.03
BN,2020-12-31,1081.88
BN,2021-01-31,1616.56
BN,2021-02-28,1981.185
BN,2021-03-31,1528.384
BN,2021-04-30,1434.03
BN,2021-05-31,1534.687
BN,2021-06-30,1817.84
BN,2021-07-31,1383.669
BN,2021-08-31,1314.576
BN,2021-09-30,1031.52
BN,2021-10-31,1434.03
BN,2021-11-30,1408.896
BN,2021-12-31,1239.108
BN,2022-01-31,1195.116
BN,2022-02-28,1163.562
BN,2022-03-31,1773.618
BN,2022-04-30,1572.472
BN,2022-05-31,1585.008
BN,2022-06-30,1937.232
BN,2022-07-31,1446.571
BN,2022-08-31,1528.384
BN,2022-09-30,1320.84
BN,2022-10-31,1622.803
BN,2022-11-30,1496.952
BN,2022-12-31,1427.84
BN,2023-01-31,1880.576
BN,2023-02-28,1490.629
BN,2023-03-31,1685.669
BN,2023-04-30,2019.05
BN,2023-05-31,1490.629
BN,2023-06-30,1811.544
BN,2023-07-31,1540.98
BN,2023-08-31,2333.437
BN,2023-09-30,2119.68
BN,2023-10-31,1987.47
BN,2023-11-30,2201.4
BN,2023-12-31,1905.722
BN,2024-01-31,2044.134
BN,2024-02-29,1283.1
BN,2024-03-31,1622.803
BN,2024-04-30,1962.45
BN,2024-05-31,1566.189
BN,2024-06-30,1993.76
BN,2024-07-31,2132.37
BN,2024-08-31,1736.016
BN,2024-09-30,1666.75
BN,2024-10-31,1987.47
BN,2024-11-30,1553.593
BN,2024-12-31,1685.669
BN,2025-01-31,1522.071
BN,2025-02-28,2239.31
BN,2025-03-31,1585.008
BO,2002-01-31,248.0
BO,2002-02-28,223.0
BO,2002-03-31,163.0
BO,2002-04-30,119.0
BO,2002-05-31,96.0
BO,2002-06-30,101.0
BO,2002-07-31,171.0
BO,2002-08-31,162.0
BO,2002-09-30,211.0
BO,2002-10-31,313.0
BO,2002-11-30,259.0
BO,2002-12-31,236.0
BO,2003-01-31,0.0
BO,2003-02-28,0.0
BO,2003-03-31,0.0
BO,2003-04-30,0.0
BO,2003-05-31,0.0
BO,2003-06-30,0.0
BO,2003-07-31,0.0
BO,2003-08-31,0.0
BO,2003-09-30,0.0
BO,2003-10-31,0.0
BO,2003-11-30,0.0
BO,2003-12-31,0.0
BO,2004-01-31,0.0
BO,2004-02-29,0.0
BO,2004-03-31,0.0
BO,2004-04-30,0.0
BO,2004-05-31,0.0
BO,2004-06-30,0.0
BO,2004-07-31,0.0
BO,2004-08-31,0.0
BO,2004-09-30,0.0
BO,2004-10-31,0.0
BO,2004-11-30,0.0
BO,2004-12-31,0.0
BO,2005-01-31,0.0
BO,2005-02-28,0.0
BO,2005-03-31,0.0
BO,2005-04-30,0.0
BO,2005-05-31,0.0
BO,2005-06-30,0.0
BO,2005-07-31,0.0
BO,2005-08-31,0.0
BO,2005-09-30,0.0
BO,2005-10-31,0.0
BO,2005-11-30,0.0
BO,2005-12-31,0.0
BO,2006-01-31,0.0
BO,2006-02-28,0.0
BO,2006-03-31,0.0
BO,2006-04-30,0.0
BO,2006-05-31,0.0
BO,2006-06-30,0.0
BO,2006-07-31,0.0
BO,2006-08-31,0.0
BO,2006-09-30,0.0
BO,2006-10-31,0.0
BO,2006-11-30,0.0
BO,2006-12-31,0.0
BO,2007-01-31,212.0
BO,2007-02-28,251.0
BO,2007-03-31,333.0
BO,2007-04-30,300.0
BO,2007-05-31,256.0
BO,2007-06-30,357.0
BO,2007-07-31,312.0
BO,2007-08-31,320.0
BO,2007-09-30,344.0
BO,2007-10-31,396.0
BO,2007-11-30,331.0
BO,2007-12-31,249.0
BO,2008-01-31,227.0
BO,2008-02-29,263.0
BO,2008-03-31,348.0
BO,2008-04-30,299.0
BO,2008-05-31,263.0
BO,2008-06-30,65.0
BO,2008-07-31,65.0
BO,2008-08-31,65.0
BO,2008-09-30,65.0
BO,2008-10-31,65.0
BO,2008-11-30,65.0
BO,2008-12-31,65.0
BO,2009-01-31,0.0
BO,2009-02-28,0.0
BO,2009-03-31,0.0
BO,2009-04-30,0.0
BO,2009-05-31,0.0
BO,2009-06-30,0.0
BO,2009-07-31,0.0
BO,2009-08-31,0.0
BO,2009-09-30,0.0
BO,2009-10-31,0.0
BO,2009-11-30,0.0
BO,2009-12-31,0.0
BO,2010-01-31,79.0
BO,2010-02-28,89.0
BO,2010-03-31,93.0
BO,2010-04-30,94.0
BO,2010-05-31,107.0
BO,2010-06-30,107.0
BO,2010-07-31,96.0
BO,2010-08-31,100.0
BO,2010-09-30,95.0
BO,2010-10-31,101.0
BO,2010-11-30,137.0
BO,2010-12-31,87.0
BO,2011-01-31,98.0
BO,2011-02-28,109.0
BO,2011-03-31,109.0
BO,2011-04-30,108.0
BO,2011-05-31,107.0
BO,2011-06-30,111.0
BO,2011-07-31,114.0
BO,2011-08-31,0.0
BO,2011-09-30,0.0
BO,2011-10-31,0.0
BO,2011-11-30,0.0
BO,2011-12-31,0.0
BO,2012-01-31,0.0
BO,2012-02-29,0.0
BO,2012-03-31,0.0
BO,2012-04-30,0.0
BO,2012-05-31,0.0
BO,2012-06-30,0.0
BO,2012-07-31,0.0
BO,2012-08-31,0.0
BO,2012-09-30,0.0
BO,2012-10-31,0.0
BO,2012-11-30,0.0
BO,2012-12-31,0.0
BO,2013-01-31,0.0
BO,2013-02-28,0.0
BO,2013-03-31,0.0
BO,2013-04-30,0.0
BO,2013-05-31,0.0
BO,2013-06-30,0.0
BO,2013-07-31,0.0
BO,2013-08-31,0.0
BO,2013-09-30,0.0
BO,2013-10-31,0.0
BO,2013-11-30,0.0
BO,2013-12-31,0.0
BO,2014-01-31,0.0
BO,2014-02-28,0.0
BO,2014-03-31,0.0
BO,2014-04-30,0.0
BO,2014-05-31,0.0
BO,2014-06-30,0.0
BO,2014-07-31,0.0
BO,2014-08-31,0.0
BO,2014-09-30,0.0
BO,2014-10-31,0.0
BO,2014-11-30,0.0
BO,2014-12-31,0.0
BO,2015-01-31,0.0
BO,2015-02-28,0.0
BO,2015-03-31,0.0
BO,2015-04-30,0.0
BO,2015-05-31,0.0
BO,2015-06-30,0.0
BO,2015-07-31,0.0
BO,2015-08-31,0.0
BO,2015-09-30,0.0
BO,2015-10-31,0.0
BO,2015-11-30,0.0
BO,2015-12-31,0.0
BO,2016-01-31,135.0
BO,2016-02-29,140.0
BO,2016-03-31,142.0
BO,2016-04-30,139.0
BO,2016-05-31,145.0
BO,2016-06-30,139.0
BO,2016-07-31,150.0
BO,2016-08-31,141.0
BO,2016-09-30,127.0
BO,2016-10-31,123.0
BO,2016-11-30,122.0
BO,2016-12-31,114.0
BO,2017-01-31,
BO,2017-02-28,
BO,2017-03-31,
BO,2017-04-30,
BO,2017-05-31,
BO,2017-06-30,
BO,2017-07-31,
BO,2017-08-31,
BO,2017-09-30,
BO,2017-10-31,
BO,2017-11-30,
BO,2017-12-31,
BO,2018-01-31,
BO,2018-02-28,
BO,2018-03-31,
BO,2018-04-30,
BO,2018-05-31,
BO,2018-06-30,
BO,2018-07-31,
BO,2018-08-31,
BO,2018-09-30,
BO,2018-10-31,
BO,2018-11-30,
BO,2018-12-31,
BO,2019-01-31,
BO,2019-02-28,
BO,2019-03-31,
BO,2019-04-30,
BO,2019-05-31,
BO,2019-06-30,
BO,2019-07-31,
BO,2019-08-31,
BO,2019-09-30,
BO,2019-10-31,
BO,2019-11-30,
BO,2019-12-31,
BO,2020-01-31,
BO,2020-02-29,
BO,2020-03-31,
BO,2020-04-30,
BO,2020-05-31,
BO,2020-06-30,
BO,2020-07-31,
BO,2020-08-31,
BO,2020-09-30,
BO,2020-10-31,
BO,2020-11-30,
BO,2020-12-31,
BO,2021-01-31,
BO,2021-02-28,
BO,2021-03-31,
BO,2021-04-30,
BO,2021-05-31,
BO,2021-06-30,
BO,2021-07-31,
BO,2021-08-31,
BO,2021-09-30,
BO,2021-10-31,
BO,2021-11-30,
BO,2021-12-31,
BO,2022-01-31,
BO,2022-02-28,
BO,2022-03-31,
BO,2022-04-30,
BO,2022-05-31,
BO,2022-06-30,
BO,2022-07-31,
BO,2022-08-31,
BO,2022-09-30,
BO,2022-10-31,
BO,2022-11-30,
BO,2022-12-31,
BO,2023-01-31,
BO,2023-02-28,
BO,2023-03-31,
BO,2023-04-30,
BO,2023-05-31,
BO,2023-06-30,
BO,2023-07-31,
BO,2023-08-31,
BO,2023-09-30,
BO,2023-10-31,
BO,2023-11-30,
BO,2023-12-31,
BO,2024-01-31,
BO,2024-02-29,
BO,2024-03-31,
BO,2024-04-30,
BO,2024-05-31,
BO,2024-06-30,
BO,2024-07-31,
BO,2024-08-31,
BO,2024-09-30,
BO,2024-10-31,
BO,2024-11-30,
BO,2024-12-31,
BO,2025-01-31,
BR,2002-01-31,29813.0
BR,2002-02-28,31787.0
BR,2002-03-31,27926.0
BR,2002-04-30,30225.0
BR,2002-05-31,36343.0
BR,2002-06-30,40733.0
BR,2002-07-31,30046.0
BR,2002-08-31,26193.0
BR,2002-09-30,27156.0
BR,2002-10-31,24339.0
BR,2002-11-30,23054.0
BR,2002-12-31,24855.0
BR,2003-01-31,26771.0
BR,2003-02-28,24930.0
BR,2003-03-31,20390.0
BR,2003-04-30,22603.0
BR,2003-05-31,21218.0
BR,2003-06-30,19415.0
BR,2003-07-31,17555.0
BR,2003-08-31,22763.0
BR,2003-09-30,21534.0
BR,2003-10-31,23384.0
BR,2003-11-30,27444.0
BR,2003-12-31,21867.0
BR,2004-01-31,22770.0
BR,2004-02-29,15511.0
BR,2004-03-31,10891.0
BR,2004-04-30,15800.0
BR,2004-05-31,20451.0
BR,2004-06-30,22433.0
BR,2004-07-31,25760.0
BR,2004-08-31,22951.0
BR,2004-09-30,26410.0
BR,2004-10-31,24864.0
BR,2004-11-30,24137.0
BR,2004-12-31,24221.0
BR,2005-01-31,21062.0
BR,2005-02-28,23604.0
BR,2005-03-31,24214.0
BR,2005-04-30,26381.0
BR,2005-05-31,34577.0
BR,2005-06-30,43160.0
BR,2005-07-31,27285.0
BR,2005-08-31,21709.0
BR,2005-09-30,15641.0
BR,2005-10-31,18402.0
BR,2005-11-30,17579.0
BR,2005-12-31,22175.0
BR,2006-01-31,17527.0
BR,2006-02-28,22878.0
BR,2006-03-31,25714.0
BR,2006-04-30,27419.0
BR,2006-05-31,32199.0
BR,2006-06-30,31240.0
BR,2006-07-31,27925.0
BR,2006-08-31,28415.0
BR,2006-09-30,21604.0
BR,2006-10-31,25591.0
BR,2006-11-30,30755.0
BR,2006-12-31,24490.0
BR,2007-01-31,27948.0
BR,2007-02-28,27565.0
BR,2007-03-31,24690.0
BR,2007-04-30,21663.0
BR,2007-05-31,23645.0
BR,2007-06-30,25713.0
BR,2007-07-31,25944.0
BR,2007-08-31,22620.0
BR,2007-09-30,23455.0
BR,2007-10-31,25530.0
BR,2007-11-30,25281.0
BR,2007-12-31,29203.0
BR,2008-01-31,24933.0
BR,2008-02-29,26020.0
BR,2008-03-31,37019.0
BR,2008-04-30,46001.0
BR,2008-05-31,39579.0
BR,2008-06-30,38149.0
BR,2008-07-31,40472.0
BR,2008-08-31,39930.0
BR,2008-09-30,37685.0
BR,2008-10-31,40967.0
BR,2008-11-30,31539.0
BR,2008-12-31,19645.0
BR,2009-01-31,25347.0
BR,2009-02-28,24500.0
BR,2009-03-31,27622.0
BR,2009-04-30,29340.0
BR,2009-05-31,32503.0
BR,2009-06-30,36128.0
BR,2009-07-31,31240.0
BR,2009-08-31,21918.0
BR,2009-09-30,27342.0
BR,2009-10-31,26064.0
BR,2009-11-30,25879.0
BR,2009-12-31,29734.0
BR,2010-01-31,29440.0
BR,2010-02-28,29302.0
BR,2010-03-31,30805.0
BR,2010-04-30,34106.0
BR,2010-05-31,31850.0
BR,2010-06-30,29601.0
BR,2010-07-31,37316.0
BR,2010-08-31,33422.0
BR,2010-09-30,31520.0
BR,2010-10-31,34579.0
BR,2010-11-30,31346.0
BR,2010-12-31,29062.0
BR,2011-01-31,22515.0
BR,2011-02-28,20758.0
BR,2011-03-31,24412.0
BR,2011-04-30,29450.0
BR,2011-05-31,20282.0
BR,2011-06-30,19273.0
BR,2011-07-31,16900.0
BR,2011-08-31,9183.0
BR,2011-09-30,19908.0
BR,2011-10-31,22022.0
BR,2011-11-30,26514.0
BR,2011-12-31,20943.0
BR,2012-01-31,29558.0
BR,2012-02-29,27244.0
BR,2012-03-31,29699.0
BR,2012-04-30,27994.0
BR,2012-05-31,26031.0
BR,2012-06-30,21955.0
BR,2012-07-31,23140.0
BR,2012-08-31,20775.0
BR,2012-09-30,20303.0
BR,2012-10-31,22424.0
BR,2012-11-30,23256.0
BR,2012-12-31,24043.0
BR,2013-01-31,22207.0
BR,2013-02-28,24677.0
BR,2013-03-31,24777.0
BR,2013-04-30,24777.0
BR,2013-05-31,25985.0
BR,2013-06-30,29077.0
BR,2013-07-31,23024.0
BR,2013-08-31,20708.0
BR,2013-09-30,21768.0
BR,2013-10-31,25213.0
BR,2013-11-30,24833.0
BR,2013-12-31,25213.0
BR,2014-01-31,25688.0
BR,2014-02-28,27073.0
BR,2014-03-31,24032.0
BR,2014-04-30,21996.0
BR,2014-05-31,25663.0
BR,2014-06-30,21393.0
BR,2014-07-31,22394.0
BR,2014-08-31,22079.0
BR,2014-09-30,25401.0
BR,2014-10-31,26564.0
BR,2014-11-30,26518.0
BR,2014-12-31,23898.0
BR,2015-01-31,30158.0
BR,2015-02-28,32054.0
BR,2015-03-31,31416.0
BR,2015-04-30,33050.0
BR,2015-05-31,27652.0
BR,2015-06-30,29825.0
BR,2015-07-31,27123.0
BR,2015-08-31,30553.0
BR,2015-09-30,32124.0
BR,2015-10-31,26803.0
BR,2015-11-30,27915.0
BR,2015-12-31,32130.0
BR,2016-01-31,30359.0
BR,2016-02-29,26553.0
BR,2016-03-31,24410.0
BR,2016-04-30,20264.0
BR,2016-05-31,24800.0
BR,2016-06-30,24800.0
BR,2016-07-31,25653.0
BR,2016-08-31,25898.0
BR,2016-09-30,26356.0
BR,2016-10-31,26500.0
BR,2016-11-30,24299.0
BR,2016-12-31,23088.0
BR,2017-01-31,24753.0
BR,2017-02-28,23411.0
BR,2017-03-31,27712.0
BR,2017-04-30,22111.0
BR,2017-05-31,21286.0
BR,2017-06-30,24387.0
BR,2017-07-31,22034.0
BR,2017-08-31,22196.0
BR,2017-09-30,24730.0
BR,2017-10-31,24681.0
BR,2017-11-30,24060.0
BR,2017-12-31,22473.0
BR,2018-01-31,22599.0
BR,2018-02-28,25572.0
BR,2018-03-31,26876.0
BR,2018-04-30,25380.0
BR,2018-05-31,24703.0
BR,2018-06-30,24099.0
BR,2018-07-31,26688.0
BR,2018-08-31,26877.0
BR,2018-09-30,21993.0
BR,2018-10-31,21643.0
BR,2018-11-30,23183.0
BR,2018-12-31,23559.0
BR,2019-01-31,28033.0
BR,2019-02-28,23180.0
BR,2019-03-31,21798.0
BR,2019-04-30,21724.0
BR,2019-05-31,23361.0
BR,2019-06-30,25157.0
BR,2019-07-31,26666.0
BR,2019-08-31,27355.0
BR,2019-09-30,29269.0
BR,2019-10-31,28542.0
BR,2019-11-30,28789.0
BR,2019-12-31,32544.0
BR,2020-01-31,29630.0
BR,2020-02-29,30072.0
BR,2020-03-31,31105.0
BR,2020-04-30,31422.0
BR,2020-05-31,29440.0
BR,2020-06-30,30422.0
BR,2020-07-31,23656.0
BR,2020-08-31,24766.0
BR,2020-09-30,26497.0
BR,2020-10-31,24828.0
BR,2020-11-30,27633.0
BR,2020-12-31,27141.0
BR,2021-01-31,27758.0
BR,2021-02-28,23549.0
BR,2021-03-31,23886.0
BR,2021-04-30,28655.0
BR,2021-05-31,32227.0
BR,2021-06-30,34676.0
BR,2021-07-31,32519.0
BR,2021-08-31,35480.0
BR,2021-09-30,33631.0
BR,2021-10-31,29842.0
BR,2021-11-30,33510.0
BR,2021-12-31,33510.0
BR,2022-01-31,31947.0
BR,2022-02-28,44116.0
BR,2022-03-31,43783.0
BR,2022-04-30,47370.0
BR,2022-05-31,47296.0
BR,2022-06-30,48470.0
BR,2022-07-31,50013.0
BR,2022-08-31,45471.0
BR,2022-09-30,45270.0
BR,2022-10-31,48467.0
BR,2022-11-30,46565.0
BR,2022-12-31,41794.0
BR,2023-01-31,
BR,2023-02-28,
BR,2023-03-31,
BR,2023-04-30,
BR,2023-05-31,
BR,2023-06-30,
BR,2023-07-31,
BR,2023-08-31,
BR,2023-09-30,
BR,2023-10-31,
BR,2023-11-30,
BR,2023-12-31,
BR,2024-01-31,
BR,2024-02-29,
BR,2024-03-31,
BR,2024-04-30,
BR,2024-05-31,
BR,2024-06-30,
BR,2024-07-31,
BR,2024-08-31,
BR,2024-09-30,
BR,2024-10-31,
BR,2024-11-30,
BR,2024-12-31,
BR,2025-01-31,
BY,2002-01-31,
BY,2002-02-28,
BY,2002-03-31,
BY,2002-04-30,
BY,2002-05-31,
BY,2002-06-30,
BY,2002-07-31,
BY,2002-08-31,
BY,2002-09-30,
BY,2002-10-31,
BY,2002-11-30,
BY,2002-12-31,
BY,2003-01-31,
BY,2003-02-28,
BY,2003-03-31,
BY,2003-04-30,
BY,2003-05-31,
BY,2003-06-30,
BY,2003-07-31,
BY,2003-08-31,
BY,2003-09-30,
BY,2003-10-31,
BY,2003-11-30,
BY,2003-12-31,
BY,2004-01-31,
BY,2004-02-29,
BY,2004-03-31,
BY,2004-04-30,
BY,2004-05-31,
BY,2004-06-30,
BY,2004-07-31,
BY,2004-08-31,
BY,2004-09-30,
BY,2004-10-31,
BY,2004-11-30,
BY,2004-12-31,
BY,2005-01-31,
BY,2005-02-28,
BY,2005-03-31,
BY,2005-04-30,
BY,2005-05-31,
BY,2005-06-30,
BY,2005-07-31,
BY,2005-08-31,
BY,2005-09-30,
BY,2005-10-31,
BY,2005-11-30,
BY,2005-12-31,
BY,2006-01-31,
BY,2006-02-28,
BY,2006-03-31,
BY,2006-04-30,
BY,2006-05-31,
BY,2006-06-30,
BY,2006-07-31,
BY,2006-08-31,
BY,2006-09-30,
BY,2006-10-31,
BY,2006-11-30,
BY,2006-12-31,
BY,2007-01-31,
BY,2007-02-28,
BY,2007-03-31,
BY,2007-04-30,
BY,2007-05-31,
BY,2007-06-30,
BY,2007-07-31,
BY,2007-08-31,
BY,2007-09-30,
BY,2007-10-31,
BY,2007-11-30,
BY,2007-12-31,
BY,2008-01-31,
BY,2008-02-29,
BY,2008-03-31,
BY,2008-04-30,
BY,2008-05-31,
BY,2008-06-30,
BY,2008-07-31,
BY,2008-08-31,
BY,2008-09-30,
BY,2008-10-31,
BY,2008-11-30,
BY,2008-12-31,
BY,2009-01-31,
BY,2009-02-28,
BY,2009-03-31,
BY,2009-04-30,
BY,2009-05-31,
BY,2009-06-30,
BY,2009-07-31,
BY,2009-08-31,
BY,2009-09-30,
BY,2009-10-31,
BY,2009-11-30,
BY,2009-12-31,
BY,2010-01-31,
BY,2010-02-28,
BY,2010-03-31,
BY,2010-04-30,
BY,2010-05-31,
BY,2010-06-30,
BY,2010-07-31,
BY,2010-08-31,
BY,2010-09-30,
BY,2010-10-31,
BY,2010-11-30,
BY,2010-12-31,
BY,2011-01-31,
BY,2011-02-28,
BY,2011-03-31,
BY,2011-04-30,
BY,2011-05-31,
BY,2011-06-30,
BY,2011-07-31,
BY,2011-08-31,
BY,2011-09-30,
BY,2011-10-31,
BY,2011-11-30,
BY,2011-12-31,
BY,2012-01-31,
BY,2012-02-29,
BY,2012-03-31,
BY,2012-04-30,
BY,2012-05-31,
BY,2012-06-30,
BY,2012-07-31,
BY,2012-08-31,
BY,2012-09-30,
BY,2012-10-31,
BY,2012-11-30,
BY,2012-12-31,
BY,2013-01-31,
BY,2013-02-28,
BY,2013-03-31,
BY,2013-04-30,
BY,2013-05-31,
BY,2013-06-30,
BY,2013-07-31,
BY,2013-08-31,
BY,2013-09-30,
BY,2013-10-31,
BY,2013-11-30,
BY,2013-12-31,
BY,2014-01-31,
BY,2014-02-28,
BY,2014-03-31,
BY,2014-04-30,
BY,2014-05-31,
BY,2014-06-30,
BY,2014-07-31,
BY,2014-08-31,
BY,2014-09-30,
BY,2014-10-31,
BY,2014-11-30,
BY,2014-12-31,
BY,2015-01-31,
BY,2015-02-28,
BY,2015-03-31,
BY,2015-04-30,
BY,2015-05-31,
BY,2015-06-30,
BY,2015-07-31,
BY,2015-08-31,
BY,2015-09-30,
BY,2015-10-31,
BY,2015-11-30,
BY,2015-12-31,
BY,2016-01-31,
BY,2016-02-29,
BY,2016-03-31,
BY,2016-04-30,
BY,2016-05-31,
BY,2016-06-30,
BY,2016-07-31,
BY,2016-08-31,
BY,2016-09-30,
BY,2016-10-31,
BY,2016-11-30,
BY,2016-12-31,
BY,2017-01-31,
BY,2017-02-28,
BY,2017-03-31,
BY,2017-04-30,
BY,2017-05-31,
BY,2017-06-30,
BY,2017-07-31,
BY,2017-08-31,
BY,2017-09-30,
BY,2017-10-31,
BY,2017-11-30,
BY,2017-12-31,
BY,2018-01-31,
BY,2018-02-28,
BY,2018-03-31,
BY,2018-04-30,
BY,2018-05-31,
BY,2018-06-30,
BY,2018-07-31,
BY,2018-08-31,
BY,2018-09-30,
BY,2018-10-31,
BY,2018-11-30,
BY,2018-12-31,
BY,2019-01-31,
BY,2019-02-28,
BY,2019-03-31,
BY,2019-04-30,
BY,2019-05-31,
BY,2019-06-30,
BY,2019-07-31,
BY,2019-08-31,
BY,2019-09-30,
BY,2019-10-31,
BY,2019-11-30,
BY,2019-12-31,
BY,2020-01-31,
BY,2020-02-29,
BY,2020-03-31,
BY,2020-04-30,
BY,2020-05-31,
BY,2020-06-30,
BY,2020-07-31,
BY,2020-08-31,
BY,2020-09-30,
BY,2020-10-31,
BY,2020-11-30,
BY,2020-12-31,
BY,2021-01-31,
BY,2021-02-28,
BY,2021-03-31,
BY,2021-04-30,
BY,2021-05-31,
BY,2021-06-30,
BY,2021-07-31,
BY,2021-08-31,
BY,2021-09-30,
BY,2021-10-31,
BY,2021-11-30,
BY,2021-12-31,
BY,2022-01-31,
BY,2022-02-28,
BY,2022-03-31,
BY,2022-04-30,
BY,2022-05-31,
BY,2022-06-30,
BY,2022-07-31,
BY,2022-08-31,
BY,2022-09-30,
BY,2022-10-31,
BY,2022-11-30,
BY,2022-12-31,
BY,2023-01-31,
BY,2023-02-28,
BY,2023-03-31,
BY,2023-04-30,
BY,2023-05-31,
BY,2023-06-30,
BY,2023-07-31,
BY,2023-08-31,
BY,2023-09-30,
BY,2023-10-31,
BY,2023-11-30,
BY,2023-12-31,
BY,2024-01-31,
BY,2024-02-29,
BY,2024-03-31,
BY,2024-04-30,
BY,2024-05-31,
BY,2024-06-30,
BY,2024-07-31,
BY,2024-08-31,
BY,2024-09-30,
BY,2024-10-31,
BY,2024-11-30,
BY,2024-12-31,
BY,2025-01-31,
BY,2025-02-28,
BY,2025-03-31,
BZ,2002-01-31,0.0
BZ,2002-02-28,0.0
BZ,2002-03-31,0.0
BZ,2002-04-30,0.0
BZ,2002-05-31,0.0
BZ,2002-06-30,0.0
BZ,2002-07-31,0.0
BZ,2002-08-31,0.0
BZ,2002-09-30,0.0
BZ,2002-10-31,0.0
BZ,2002-11-30,0.0
BZ,2002-12-31,0.0
BZ,2003-01-31,0.0
BZ,2003-02-28,0.0
BZ,2003-03-31,0.0
BZ,2003-04-30,0.0
BZ,2003-05-31,0.0
BZ,2003-06-30,0.0
BZ,2003-07-31,0.0
BZ,2003-08-31,0.0
BZ,2003-09-30,0.0
BZ,2003-10-31,0.0
BZ,2003-11-30,0.0
BZ,2003-12-31,0.0
BZ,2004-01-31,0.0
BZ,2004-02-29,0.0
BZ,2004-03-31,0.0
BZ,2004-04-30,0.0
BZ,2004-05-31,0.0
BZ,2004-06-30,0.0
BZ,2004-07-31,0.0
BZ,2004-08-31,0.0
BZ,2004-09-30,0.0
BZ,2004-10-31,0.0
BZ,2004-11-30,0.0
BZ,2004-12-31,0.0
BZ,2005-01-31,0.0
BZ,2005-02-28,0.0
BZ,2005-03-31,0.0
BZ,2005-04-30,0.0
BZ,2005-05-31,0.0
BZ,2005-06-30,0.0
BZ,2005-07-31,0.0
BZ,2005-08-31,0.0
BZ,2005-09-30,0.0
BZ,2005-10-31,0.0
BZ,2005-11-30,0.0
BZ,2005-12-31,0.0
BZ,2006-01-31,0.0
BZ,2006-02-28,0.0
BZ,2006-03-31,0.0
BZ,2006-04-30,0.0
BZ,2006-05-31,0.0
BZ,2006-06-30,0.0
BZ,2006-07-31,0.0
BZ,2006-08-31,0.0
BZ,2006-09-30,0.0
BZ,2006-10-31,0.0
BZ,2006-11-30,0.0
BZ,2006-12-31,0.0
BZ,2007-01-31,0.0
BZ,2007-02-28,0.0
BZ,2007-03-31,0.0
BZ,2007-04-30,0.0
BZ,2007-05-31,0.0
BZ,2007-06-30,0.0
BZ,2007-07-31,0.0
BZ,2007-08-31,0.0
BZ,2007-09-30,0.0
BZ,2007-10-31,0.0
BZ,2007-11-30,0.0
BZ,2007-12-31,0.0
BZ,2008-01-31,0.0
BZ,2008-02-29,0.0
BZ,2008-03-31,0.0
BZ,2008-04-30,0.0
BZ,2008-05-31,0.0
BZ,2008-06-30,0.0
BZ,2008-07-31,0.0
BZ,2008-08-31,0.0
BZ,2008-09-30,0.0
BZ,2008-10-31,0.0
BZ,2008-11-30,0.0
BZ,2008-12-31,0.0
BZ,2009-01-31,0.0
BZ,2009-02-28,0.0
BZ,2009-03-31,0.0
BZ,2009-04-30,0.0
BZ,2009-05-31,0.0
BZ,2009-06-30,0.0
BZ,2009-07-31,0.0
BZ,2009-08-31,0.0
BZ,2009-09-30,0.0
BZ,2009-10-31,0.0
BZ,2009-11-30,0.0
BZ,2009-12-31,0.0
BZ,2010-01-31,0.0
BZ,2010-02-28,0.0
BZ,2010-03-31,0.0
BZ,2010-04-30,0.0
BZ,2010-05-31,0.0
BZ,2010-06-30,0.0
BZ,2010-07-31,0.0
BZ,2010-08-31,0.0
BZ,2010-09-30,0.0
BZ,2010-10-31,0.0
BZ,2010-11-30,0.0
BZ,2010-12-31,0.0
BZ,2011-01-31,0.0
BZ,2011-02-28,0.0
BZ,2011-03-31,0.0
BZ,2011-04-30,0.0
BZ,2011-05-31,0.0
BZ,2011-06-30,0.0
BZ,2011-07-31,0.0
BZ,2011-08-31,0.0
BZ,2011-09-30,0.0
BZ,2011-10-31,-35.0
BZ,2011-11-30,31.0
BZ,2011-12-31,-12.0
BZ,2012-01-31,0.0
BZ,2012-02-29,20.0
BZ,2012-03-31,6.0
BZ,2012-04-30,7.0
BZ,2012-05-31,7.0
BZ,2012-06-30,13.0
BZ,2012-07-31,-54.0
BZ,2012-08-31,14.0
BZ,2012-09-30,6.0
BZ,2012-10-31,9.0
BZ,2012-11-30,0.0
BZ,2012-12-31,0.0
BZ,2013-01-31,0.0
BZ,2013-02-28,0.0
BZ,2013-03-31,0.0
BZ,2013-04-30,0.0
BZ,2013-05-31,0.0
BZ,2013-06-30,60.0
BZ,2013-07-31,0.0
BZ,2013-08-31,66.0
BZ,2013-09-30,0.0
BZ,2013-10-31,0.0
BZ,2013-11-30,0.0
BZ,2013-12-31,0.0
BZ,2014-01-31,0.0
BZ,2014-02-28,0.0
BZ,2014-03-31,0.0
BZ,2014-04-30,0.0
BZ,2014-05-31,0.0
BZ,2014-06-30,0.0
BZ,2014-07-31,0.0
BZ,2014-08-31,0.0
BZ,2014-09-30,0.0
BZ,2014-10-31,0.0
BZ,2014-11-30,0.0
BZ,2014-12-31,0.0
BZ,2015-01-31,0.0
BZ,2015-02-28,0.0
BZ,2015-03-31,0.0
BZ,2015-04-30,0.0
BZ,2015-05-31,0.0
BZ,2015-06-30,0.0
BZ,2015-07-31,0.0
BZ,2015-08-31,0.0
BZ,2015-09-30,0.0
BZ,2015-10-31,0.0
BZ,2015-11-30,0.0
BZ,2015-12-31,0.0
BZ,2016-01-31,0.0
BZ,2016-02-29,0.0
BZ,2016-03-31,0.0
BZ,2016-04-30,0.0
BZ,2016-05-31,0.0
BZ,2016-06-30,0.0
BZ,2016-07-31,0.0
BZ,2016-08-31,
BZ,2016-09-30,
BZ,2016-10-31,
BZ,2016-11-30,
BZ,2016-12-31,
BZ,2017-01-31,
BZ,2017-02-28,
BZ,2017-03-31,
BZ,2017-04-30,
BZ,2017-05-31,
BZ,2017-06-30,
BZ,2017-07-31,
BZ,2017-08-31,
BZ,2017-09-30,
BZ,2017-10-31,
BZ,2017-11-30,
BZ,2017-12-31,
BZ,2018-01-31,
BZ,2018-02-28,
BZ,2018-03-31,
BZ,2018-04-30,
BZ,2018-05-31,
BZ,2018-06-30,
BZ,2018-07-31,
BZ,2018-08-31,
BZ,2018-09-30,
BZ,2018-10-31,
BZ,2018-11-30,
BZ,2018-12-31,
BZ,2019-01-31,
BZ,2019-02-28,
BZ,2019-03-31,
BZ,2019-04-30,
BZ,2019-05-31,
BZ,2019-06-30,
BZ,2019-07-31,
BZ,2019-08-31,
BZ,2019-09-30,
BZ,2019-10-31,
BZ,2019-11-30,
BZ,2019-12-31,
BZ,2020-01-31,
BZ,2020-02-29,
BZ,2020-03-31,
BZ,2020-04-30,
BZ,2020-05-31,
BZ,2020-06-30,
BZ,2020-07-31,
BZ,2020-08-31,
BZ,2020-09-30,
BZ,2020-10-31,
BZ,2020-11-30,
BZ,2020-12-31,
BZ,2021-01-31,
BZ,2021-02-28,
BZ,2021-03-31,
BZ,2021-04-30,
BZ,2021-05-31,
BZ,2021-06-30,
BZ,2021-07-31,
BZ,2021-08-31,
BZ,2021-09-30,
BZ,2021-10-31,
BZ,2021-11-30,
BZ,2021-12-31,
BZ,2022-01-31,
BZ,2022-02-28,
BZ,2022-03-31,
BZ,2022-04-30,
BZ,2022-05-31,
BZ,2022-06-30,
BZ,2022-07-31,
BZ,2022-08-31,
BZ,2022-09-30,
BZ,2022-10-31,
BZ,2022-11-30,
BZ,2022-12-31,
BZ,2023-01-31,
BZ,2023-02-28,
BZ,2023-03-31,
BZ,2023-04-30,
BZ,2023-05-31,
BZ,2023-06-30,
BZ,2023-07-31,
BZ,2023-08-31,
BZ,2023-09-30,
BZ,2023-10-31,
BZ,2023-11-30,
BZ,2023-12-31,
BZ,2024-01-31,
BZ,2024-02-29,
BZ,2024-03-31,
BZ,2024-04-30,
BZ,2024-05-31,
BZ,2024-06-30,
BZ,2024-07-31,
BZ,2024-08-31,
BZ,2024-09-30,
BZ,2024-10-31,
BZ,2024-11-30,
BZ,2024-12-31,
BZ,2025-01-31,
CA,2002-01-31,41338.33
CA,2002-02-28,43070.28
CA,2002-03-31,45222.32
CA,2002-04-30,47440.69
CA,2002-05-31,44735.9
CA,2002-06-30,44595.87
CA,2002-07-31,45111.77
CA,2002-08-31,46121.46
CA,2002-09-30,43608.29
CA,2002-10-31,44205.26
CA,2002-11-30,42539.64
CA,2002-12-31,44367.4
CA,2003-01-31,45001.22
CA,2003-02-28,45074.92
CA,2003-03-31,46460.48
CA,2003-04-30,45745.59
CA,2003-05-31,43755.69
CA,2003-06-30,45362.35
CA,2003-07-31,48317.72
CA,2003-08-31,47580.72
CA,2003-09-30,48560.93
CA,2003-10-31,48030.29
CA,2003-11-30,46202.53
CA,2003-12-31,48958.91
CA,2004-01-31,46158.31
CA,2004-02-29,48575.67
CA,2004-03-31,49681.17
CA,2004-04-30,50587.68
CA,2004-05-31,51597.37
CA,2004-06-30,47816.56
CA,2004-07-31,46121.46
CA,2004-08-31,44986.48
CA,2004-09-30,48295.61
CA,2004-10-31,45207.58
CA,2004-11-30,46910.05
CA,2004-12-31,44124.19
CA,2005-01-31,43571.44
CA,2005-02-28,49238.97
CA,2005-03-31,47521.76
CA,2005-04-30,47448.06
CA,2005-05-31,46349.93
CA,2005-06-30,45089.66
CA,2005-07-31,46806.87
CA,2005-08-31,46873.2
CA,2005-09-30,46939.53
CA,2005-10-31,50499.24
CA,2005-11-30,57132.24
CA,2005-12-31,57073.28
CA,2006-01-31,53653.6
CA,2006-02-28,52592.32
CA,2006-03-31,45649.78
CA,2006-04-30,50226.55
CA,2006-05-31,48236.65
CA,2006-06-30,49062.09
CA,2006-07-31,50233.92
CA,2006-08-31,52946.08
CA,2006-09-30,51147.8
CA,2006-10-31,53801.0
CA,2006-11-30,51818.47
CA,2006-12-31,50978.29
CA,2007-01-31,53690.45
CA,2007-02-28,51472.08
CA,2007-03-31,50484.5
CA,2007-04-30,49622.21
CA,2007-05-31,52865.01
CA,2007-06-30,48634.63
CA,2007-07-31,47941.85
CA,2007-08-31,51567.89
CA,2007-09-30,52577.58
CA,2007-10-31,53587.27
CA,2007-11-30,55407.66
CA,2007-12-31,52732.35
CA,2008-01-31,52069.05
CA,2008-02-29,52017.46
CA,2008-03-31,52503.88
CA,2008-04-30,53594.64
CA,2008-05-31,50948.81
CA,2008-06-30,50211.81
CA,2008-07-31,55017.05
CA,2008-08-31,51516.3
CA,2008-09-30,52135.38
CA,2008-10-31,56240.47
CA,2008-11-30,55407.66
CA,2008-12-31,52179.6
CA,2009-01-31,56785.85
CA,2009-02-28,57139.61
CA,2009-03-31,53137.7
CA,2009-04-30,57500.74
CA,2009-05-31,55835.12
CA,2009-06-30,53815.74
CA,2009-07-31,55621.39
CA,2009-08-31,53432.5
CA,2009-09-30,54221.09
CA,2009-10-31,57419.67
CA,2009-11-30,55275.0
CA,2009-12-31,52710.24
CA,2010-01-31,53926.29
CA,2010-02-28,56881.66
CA,2010-03-31,58068.23
CA,2010-04-30,59070.55
CA,2010-05-31,54633.81
CA,2010-06-30,51464.71
CA,2010-07-31,52496.51
CA,2010-08-31,57006.95
CA,2010-09-30,55842.49
CA,2010-10-31,59011.59
CA,2010-11-30,61458.43
CA,2010-12-31,61171.0
CA,2011-01-31,53830.48
CA,2011-02-28,50116.0
CA,2011-03-31,52997.67
CA,2011-04-30,59461.16
CA,2011-05-31,58539.91
CA,2011-06-30,59416.94
CA,2011-07-31,55098.12
CA,2011-08-31,52975.56
CA,2011-09-30,51457.34
CA,2011-10-31,54464.3
CA,2011-11-30,57198.57
CA,2011-12-31,54198.98
CA,2012-01-31,53801.0
CA,2012-02-29,54206.35
CA,2012-03-31,49504.29
CA,2012-04-30,50130.74
CA,2012-05-31,53461.98
CA,2012-06-30,51752.14
CA,2012-07-31,51619.48
CA,2012-08-31,52769.2
CA,2012-09-30,55739.31
CA,2012-10-31,52555.47
CA,2012-11-30,55599.28
CA,2012-12-31,54103.17
CA,2013-01-31,50631.9
CA,2013-02-28,53255.62
CA,2013-03-31,53285.1
CA,2013-04-30,49998.08
CA,2013-05-31,51133.06
CA,2013-06-30,53351.43
CA,2013-07-31,55179.19
CA,2013-08-31,57419.67
CA,2013-09-30,57603.92
CA,2013-10-31,56955.36
CA,2013-11-30,56351.02
CA,2013-12-31,56432.09
CA,2014-01-31,52201.71
CA,2014-02-28,56550.01
CA,2014-03-31,55849.86
CA,2014-04-30,56807.96
CA,2014-05-31,58267.22
CA,2014-06-30,58945.26
CA,2014-07-31,59542.23
CA,2014-08-31,57014.32
CA,2014-09-30,58215.63
CA,2014-10-31,61038.34
CA,2014-11-30,61753.23
CA,2014-12-31,63455.7
CA,2015-01-31,60787.76
CA,2015-02-28,61229.96
CA,2015-03-31,59785.44
CA,2015-04-30,61281.55
CA,2015-05-31,58134.56
CA,2015-06-30,60684.58
CA,2015-07-31,66860.64
CA,2015-08-31,64037.93
CA,2015-09-30,62608.15
CA,2015-10-31,63927.38
CA,2015-11-30,68570.48
CA,2015-12-31,65290.83
CA,2016-01-31,67081.74
CA,2016-02-29,65040.25
CA,2016-03-31,66020.46
CA,2016-04-30,64885.48
CA,2016-05-31,61937.48
CA,2016-06-30,62748.18
CA,2016-07-31,63448.33
CA,2016-08-31,64811.78
CA,2016-09-30,63470.44
CA,2016-10-31,67479.72
CA,2016-11-30,68143.02
CA,2016-12-31,66300.52
CA,2017-01-31,66779.57
CA,2017-02-28,67804.0
CA,2017-03-31,67221.77
CA,2017-04-30,63949.49
CA,2017-05-31,63890.53
CA,2017-06-30,66086.79
CA,2017-07-31,65880.43
CA,2017-08-31,62527.08
CA,2017-09-30,61384.73
CA,2017-10-31,60831.98
CA,2017-11-30,63920.01
CA,2017-12-31,67457.61
CA,2018-01-31,65010.77
CA,2018-02-28,63684.17
CA,2018-03-31,63927.38
CA,2018-04-30,57832.39
CA,2018-05-31,64207.44
CA,2018-06-30,63757.87
CA,2018-07-31,61252.07
CA,2018-08-31,67177.55
CA,2018-09-30,64723.34
CA,2018-10-31,64841.26
CA,2018-11-30,64037.93
CA,2018-12-31,62969.28
CA,2019-01-31,56144.66
CA,2019-02-28,55245.52
CA,2019-03-31,56078.33
CA,2019-04-30,56107.81
CA,2019-05-31,57006.95
CA,2019-06-30,53926.29
CA,2019-07-31,55930.93
CA,2019-08-31,57508.11
CA,2019-09-30,58075.6
CA,2019-10-31,55230.78
CA,2019-11-30,56336.28
CA,2019-12-31,55849.86
CA,2020-01-31,63101.94
CA,2020-02-29,60419.26
CA,2020-03-31,62224.91
CA,2020-04-30,66632.17
CA,2020-05-31,64701.23
CA,2020-06-30,63101.94
CA,2020-07-31,62490.23
CA,2020-08-31,60905.68
CA,2020-09-30,61863.78
CA,2020-10-31,59571.71
CA,2020-11-30,61517.39
CA,2020-12-31,61060.45
CA,2021-01-31,63028.24
CA,2021-02-28,60434.0
CA,2021-03-31,61244.7
CA,2021-04-30,60212.9
CA,2021-05-31,60470.85
CA,2021-06-30,61112.04
CA,2021-07-31,61399.47
CA,2021-08-31,60957.27
CA,2021-09-30,61635.31
CA,2021-10-31,62497.6
CA,2021-11-30,61922.74
CA,2021-12-31,61782.71
CA,2022-01-31,56660.56
CA,2022-02-28,58333.55
CA,2022-03-31,55459.25
CA,2022-04-30,55591.91
CA,2022-05-31,55894.08
CA,2022-06-30,55739.31
CA,2022-07-31,57758.69
CA,2022-08-31,56793.22
CA,2022-09-30,54523.26
CA,2022-10-31,56741.63
CA,2022-11-30,58657.83
CA,2022-12-31,60021.28
CA,2023-01-31,54331.64
CA,2023-02-28,55017.05
CA,2023-03-31,56174.14
CA,2023-04-30,56210.99
CA,2023-05-31,55157.08
CA,2023-06-30,54206.35
CA,2023-07-31,54611.7
CA,2023-08-31,56454.2
CA,2023-09-30,53565.16
CA,2023-10-31,57861.87
CA,2023-11-30,60927.79
CA,2023-12-31,60080.24
CA,2024-01-31,61966.96
CA,2024-02-29,60153.94
CA,2024-03-31,59321.13
CA,2024-04-30,64959.18
CA,2024-05-31,60920.42
CA,2024-06-30,60323.45
CA,2024-07-31,56012.0
CA,2024-08-31,57257.53
CA,2024-09-30,57323.86
CA,2024-10-31,56468.94
CA,2024-11-30,58650.46
CA,2024-12-31,60728.8
CA,2025-01-31,59859.14
CA,2025-02-28,57906.09
CA,2025-03-31,59918.1
CH,2002-01-31,596.97
CH,2002-02-28,493.79
CH,2002-03-31,714.89
CH,2002-04-30,619.08
CH,2002-05-31,655.93
CH,2002-06-30,818.07
CH,2002-07-31,663.3
CH,2002-08-31,899.14
CH,2002-09-30,877.03
CH,2002-10-31,670.67
CH,2002-11-30,648.56
CH,2002-12-31,523.27
CH,2003-01-31,582.23
CH,2003-02-28,456.94
CH,2003-03-31,655.93
CH,2003-04-30,567.49
CH,2003-05-31,589.6
CH,2003-06-30,862.29
CH,2003-07-31,611.71
CH,2003-08-31,633.82
CH,2003-09-30,493.79
CH,2003-10-31,803.33
CH,2003-11-30,788.59
CH,2003-12-31,692.78
CH,2004-01-31,707.52
CH,2004-02-29,589.6
CH,2004-03-31,596.97
CH,2004-04-30,604.34
CH,2004-05-31,456.94
CH,2004-06-30,560.12
CH,2004-07-31,729.63
CH,2004-08-31,648.56
CH,2004-09-30,714.89
CH,2004-10-31,722.26
CH,2004-11-30,678.04
CH,2004-12-31,611.71
CH,2005-01-31,589.6
CH,2005-02-28,479.05
CH,2005-03-31,464.31
CH,2005-04-30,508.53
CH,2005-05-31,530.64
CH,2005-06-30,663.3
CH,2005-07-31,722.26
CH,2005-08-31,508.53
CH,2005-09-30,545.38
CH,2005-10-31,663.3
CH,2005-11-30,456.94
CH,2005-12-31,552.75
CH,2006-01-31,567.49
CH,2006-02-28,538.01
CH,2006-03-31,523.27
CH,2006-04-30,633.82
CH,2006-05-31,641.19
CH,2006-06-30,574.86
CH,2006-07-31,714.89
CH,2006-08-31,729.63
CH,2006-09-30,840.18
CH,2006-10-31,641.19
CH,2006-11-30,663.3
CH,2006-12-31,737.0
CH,2007-01-31,722.26
CH,2007-02-28,648.56
CH,2007-03-31,471.68
CH,2007-04-30,449.57
CH,2007-05-31,810.7
CH,2007-06-30,766.48
CH,2007-07-31,751.74
CH,2007-08-31,663.3
CH,2007-09-30,663.3
CH,2007-10-31,596.97
CH,2007-11-30,456.94
CH,2007-12-31,434.83
CH,2008-01-31,501.16
CH,2008-02-29,619.08
CH,2008-03-31,648.56
CH,2008-04-30,479.05
CH,2008-05-31,633.82
CH,2008-06-30,508.53
CH,2008-07-31,552.75
CH,2008-08-31,604.34
CH,2008-09-30,530.64
CH,2008-10-31,434.83
CH,2008-11-30,567.49
CH,2008-12-31,604.34
CH,2009-01-31,515.9
CH,2009-02-28,515.9
CH,2009-03-31,464.31
CH,2009-04-30,486.42
CH,2009-05-31,508.53
CH,2009-06-30,545.38
CH,2009-07-31,464.31
CH,2009-08-31,582.23
CH,2009-09-30,538.01
CH,2009-10-31,515.9
CH,2009-11-30,678.04
CH,2009-12-31,353.76
CH,2010-01-31,508.53
CH,2010-02-28,501.16
CH,2010-03-31,501.16
CH,2010-04-30,353.76
CH,2010-05-31,574.86
CH,2010-06-30,700.15
CH,2010-07-31,560.12
CH,2010-08-31,766.48
CH,2010-09-30,479.05
CH,2010-10-31,375.87
CH,2010-11-30,560.12
CH,2010-12-31,353.76
CH,2011-01-31,456.94
CH,2011-02-28,375.87
CH,2011-03-31,353.76
CH,2011-04-30,456.94
CH,2011-05-31,567.49
CH,2011-06-30,390.61
CH,2011-07-31,530.64
CH,2011-08-31,486.42
CH,2011-09-30,523.27
CH,2011-10-31,368.5
CH,2011-11-30,427.46
CH,2011-12-31,449.57
CH,2012-01-31,353.76
CH,2012-02-29,287.43
CH,2012-03-31,405.35
CH,2012-04-30,397.98
CH,2012-05-31,449.57
CH,2012-06-30,397.98
CH,2012-07-31,464.31
CH,2012-08-31,405.35
CH,2012-09-30,294.8
CH,2012-10-31,479.05
CH,2012-11-30,486.42
CH,2012-12-31,464.31
CH,2013-01-31,523.27
CH,2013-02-28,545.38
CH,2013-03-31,523.27
CH,2013-04-30,456.94
CH,2013-05-31,449.57
CH,2013-06-30,427.46
CH,2013-07-31,449.57
CH,2013-08-31,361.13
CH,2013-09-30,375.87
CH,2013-10-31,545.38
CH,2013-11-30,523.27
CH,2013-12-31,493.79
CH,2014-01-31,405.35
CH,2014-02-28,464.31
CH,2014-03-31,508.53
CH,2014-04-30,464.31
CH,2014-05-31,515.9
CH,2014-06-30,434.83
CH,2014-07-31,538.01
CH,2014-08-31,508.53
CH,2014-09-30,493.79
CH,2014-10-31,471.68
CH,2014-11-30,596.97
CH,2014-12-31,574.86
CH,2015-01-31,670.67
CH,2015-02-28,456.94
CH,2015-03-31,324.28
CH,2015-04-30,339.02
CH,2015-05-31,250.58
CH,2015-06-30,280.06
CH,2015-07-31,257.95
CH,2015-08-31,213.73
CH,2015-09-30,243.21
CH,2015-10-31,464.31
CH,2015-11-30,302.17
CH,2015-12-31,442.2
CH,2016-01-31,361.13
CH,2016-02-29,346.39
CH,2016-03-31,331.65
CH,2016-04-30,257.95
CH,2016-05-31,257.95
CH,2016-06-30,213.73
CH,2016-07-31,265.32
CH,2016-08-31,191.62
CH,2016-09-30,184.25
CH,2016-10-31,397.98
CH,2016-11-30,316.91
CH,2016-12-31,324.28
CH,2017-01-31,294.8
CH,2017-02-28,375.87
CH,2017-03-31,375.87
CH,2017-04-30,412.72
CH,2017-05-31,147.4
CH,2017-06-30,191.62
CH,2017-07-31,272.69
CH,2017-08-31,272.69
CH,2017-09-30,316.91
CH,2017-10-31,331.65
CH,2017-11-30,287.43
CH,2017-12-31,302.17
CH,2018-01-31,287.43
CH,2018-02-28,250.58
CH,2018-03-31,316.91
CH,2018-04-30,265.32
CH,2018-05-31,250.58
CH,2018-06-30,339.02
CH,2018-07-31,316.91
CH,2018-08-31,383.24
CH,2018-09-30,169.51
CH,2018-10-31,272.69
CH,2018-11-30,339.02
CH,2018-12-31,331.65
CH,2019-01-31,265.32
CH,2019-02-28,375.87
CH,2019-03-31,368.5
CH,2019-04-30,383.24
CH,2019-05-31,110.55
CH,2019-06-30,206.36
CH,2019-07-31,265.32
CH,2019-08-31,272.69
CH,2019-09-30,397.98
CH,2019-10-31,287.43
CH,2019-11-30,353.76
CH,2019-12-31,405.35
CH,2020-01-31,302.17
CH,2020-02-29,287.43
CH,2020-03-31,383.24
CH,2020-04-30,302.17
CH,2020-05-31,412.72
CH,2020-06-30,302.17
CH,2020-07-31,390.61
CH,2020-08-31,383.24
CH,2020-09-30,309.54
CH,2020-10-31,316.91
CH,2020-11-30,346.39
CH,2020-12-31,324.28
CH,2021-01-31,235.84
CH,2021-02-28,361.13
CH,2021-03-31,316.91
CH,2021-04-30,368.5
CH,2021-05-31,250.58
CH,2021-06-30,309.54
CH,2021-07-31,235.84
CH,2021-08-31,184.25
CH,2021-09-30,103.18
CH,2021-10-31,228.47
CH,2021-11-30,235.84
CH,2021-12-31,235.84
CH,2022-01-31,228.47
CH,2022-02-28,280.06
CH,2022-03-31,353.76
CH,2022-04-30,302.17
CH,2022-05-31,272.69
CH,2022-06-30,324.28
CH,2022-07-31,302.17
CH,2022-08-31,250.58
CH,2022-09-30,331.65
CH,2022-10-31,184.25
CH,2022-11-30,280.06
CH,2022-12-31,361.13
CH,2023-01-31,361.13
CH,2023-02-28,302.17
CH,2023-03-31,324.28
CH,2023-04-30,361.13
CH,2023-05-31,235.84
CH,2023-06-30,287.43
CH,2023-07-31,353.76
CH,2023-08-31,302.17
CH,2023-09-30,405.35
CH,2023-10-31,346.39
CH,2023-11-30,331.65
CH,2023-12-31,302.17
CH,2024-01-31,353.76
CH,2024-02-29,294.8
CH,2024-03-31,324.28
CH,2024-04-30,324.28
CH,2024-05-31,213.73
CH,2024-06-30,331.65
CH,2024-07-31,316.91
CH,2024-08-31,191.62
CH,2024-09-30,191.62
CH,2024-10-31,154.77
CH,2024-11-30,206.36
CH,2024-12-31,169.51
CH,2025-01-31,184.25
CH,2025-02-28,198.99
CH,2025-03-31,198.99
CL,2002-01-31,2942.79
CL,2002-02-28,2942.79
CL,2002-03-31,2942.79
CL,2002-04-30,2942.79
CL,2002-05-31,2942.79
CL,2002-06-30,2942.79
CL,2002-07-31,2942.79
CL,2002-08-31,2942.79
CL,2002-09-30,2942.79
CL,2002-10-31,2942.79
CL,2002-11-30,2942.79
CL,2002-12-31,2942.79
CL,2003-01-31,2942.79
CL,2003-02-28,2942.79
CL,2003-03-31,2942.79
CL,2003-04-30,2942.79
CL,2003-05-31,2942.79
CL,2003-06-30,2942.79
CL,2003-07-31,2942.79
CL,2003-08-31,2942.79
CL,2003-09-30,2942.79
CL,2003-10-31,2942.79
CL,2003-11-30,2942.79
CL,2003-12-31,2942.79
CL,2004-01-31,2942.79
CL,2004-02-29,2942.79
CL,2004-03-31,2942.79
CL,2004-04-30,2942.79
CL,2004-05-31,2942.79
CL,2004-06-30,2942.79
CL,2004-07-31,2942.79
CL,2004-08-31,2942.79
CL,2004-09-30,2942.79
CL,2004-10-31,2942.79
CL,2004-11-30,2942.79
CL,2004-12-31,2942.79
CL,2005-01-31,2942.79
CL,2005-02-28,2942.79
CL,2005-03-31,2942.79
CL,2005-04-30,2942.79
CL,2005-05-31,2942.79
CL,2005-06-30,2942.79
CL,2005-07-31,2942.79
CL,2005-08-31,2942.79
CL,2005-09-30,2942.79
CL,2005-10-31,2942.79
CL,2005-11-30,2942.79
CL,2005-12-31,2942.79
CL,2006-01-31,2942.79
CL,2006-02-28,3606.84
CL,2006-03-31,3257.34
CL,2006-04-30,3005.7
CL,2006-05-31,3508.98
CL,2006-06-30,3236.37
CL,2006-07-31,3460.05
CL,2006-08-31,3285.3
CL,2006-09-30,3823.53
CL,2006-10-31,3033.66
CL,2006-11-30,3327.24
CL,2006-12-31,2285.73
CL,2007-01-31,2397.57
CL,2007-02-28,1880.31
CL,2007-03-31,2341.65
CL,2007-04-30,2970.75
CL,2007-05-31,3390.15
CL,2007-06-30,3369.18
CL,2007-07-31,3495.0
CL,2007-08-31,2446.5
CL,2007-09-30,3767.61
CL,2007-10-31,4396.71
CL,2007-11-30,4781.16
CL,2007-12-31,4298.85
CL,2008-01-31,3816.54
CL,2008-02-29,3467.04
CL,2008-03-31,3529.95
CL,2008-04-30,3942.36
CL,2008-05-31,3550.92
CL,2008-06-30,3648.78
CL,2008-07-31,3068.61
CL,2008-08-31,3557.91
CL,2008-09-30,3886.44
CL,2008-10-31,3110.55
CL,2008-11-30,3369.18
CL,2008-12-31,3019.68
CL,2009-01-31,3383.16
CL,2009-02-28,3089.58
CL,2009-03-31,3341.22
CL,2009-04-30,3250.35
CL,2009-05-31,3180.45
CL,2009-06-30,2991.72
CL,2009-07-31,3648.78
CL,2009-08-31,3788.58
CL,2009-09-30,2914.83
CL,2009-10-31,4124.1
CL,2009-11-30,3851.49
CL,2009-12-31,4075.17
CL,2010-01-31,4075.17
CL,2010-02-28,3907.41
CL,2010-03-31,4718.25
CL,2010-04-30,4417.68
CL,2010-05-31,3655.77
CL,2010-06-30,3278.31
CL,2010-07-31,2830.95
CL,2010-08-31,4040.22
CL,2010-09-30,3110.55
CL,2010-10-31,3467.04
CL,2010-11-30,3620.82
CL,2010-12-31,3669.75
CL,2011-01-31,3201.42
CL,2011-02-28,3879.45
CL,2011-03-31,2719.11
CL,2011-04-30,3893.43
CL,2011-05-31,2362.62
CL,2011-06-30,2789.01
CL,2011-07-31,3446.07
CL,2011-08-31,3683.73
CL,2011-09-30,3704.7
CL,2011-10-31,3061.62
CL,2011-11-30,2278.74
CL,2011-12-31,3222.39
CL,2012-01-31,3998.28
CL,2012-02-29,3334.23
CL,2012-03-31,2858.91
CL,2012-04-30,3383.16
CL,2012-05-31,2691.15
CL,2012-06-30,2460.48
CL,2012-07-31,2830.95
CL,2012-08-31,3683.73
CL,2012-09-30,3152.49
CL,2012-10-31,2837.94
CL,2012-11-30,3550.92
CL,2012-12-31,2376.6
CL,2013-01-31,2816.97
CL,2013-02-28,3557.91
CL,2013-03-31,2782.02
CL,2013-04-30,3446.07
CL,2013-05-31,3243.36
CL,2013-06-30,3271.32
CL,2013-07-31,3005.7
CL,2013-08-31,4131.09
CL,2013-09-30,3620.82
CL,2013-10-31,3823.53
CL,2013-11-30,4117.11
CL,2013-12-31,3746.64
CL,2014-01-31,3089.58
CL,2014-02-28,3592.86
CL,2014-03-31,3033.66
CL,2014-04-30,3648.78
CL,2014-05-31,2886.87
CL,2014-06-30,3571.89
CL,2014-07-31,3921.39
CL,2014-08-31,3970.32
CL,2014-09-30,2900.85
CL,2014-10-31,3732.66
CL,2014-11-30,3627.81
CL,2014-12-31,3585.87
CL,2015-01-31,4173.03
CL,2015-02-28,3355.2
CL,2015-03-31,4242.93
CL,2015-04-30,3865.47
CL,2015-05-31,3138.51
CL,2015-06-30,3620.82
CL,2015-07-31,3515.97
CL,2015-08-31,4410.69
CL,2015-09-30,4480.59
CL,2015-10-31,3844.5
CL,2015-11-30,4389.72
CL,2015-12-31,4005.27
CL,2016-01-31,3851.49
CL,2016-02-29,3550.92
CL,2016-03-31,3704.7
CL,2016-04-30,3907.41
CL,2016-05-31,3991.29
CL,2016-06-30,2970.75
CL,2016-07-31,2998.71
CL,2016-08-31,4138.08
CL,2016-09-30,3606.84
CL,2016-10-31,3320.25
CL,2016-11-30,3236.37
CL,2016-12-31,3313.26
CL,2017-01-31,3026.67
CL,2017-02-28,3306.27
CL,2017-03-31,3446.07
CL,2017-04-30,3781.59
CL,2017-05-31,3383.16
CL,2017-06-30,2886.87
CL,2017-07-31,3320.25
CL,2017-08-31,3928.38
CL,2017-09-30,3753.63
CL,2017-10-31,3662.76
CL,2017-11-30,3152.49
CL,2017-12-31,3488.01
CL,2018-01-31,2970.75
CL,2018-02-28,3571.89
CL,2018-03-31,2984.73
CL,2018-04-30,3474.03
CL,2018-05-31,3620.82
CL,2018-06-30,3683.73
CL,2018-07-31,3634.8
CL,2018-08-31,3138.51
CL,2018-09-30,3851.49
CL,2018-10-31,3376.17
CL,2018-11-30,3194.43
CL,2018-12-31,3075.6
CL,2019-01-31,3390.15
CL,2019-02-28,3383.16
CL,2019-03-31,2663.19
CL,2019-04-30,3355.2
CL,2019-05-31,3194.43
CL,2019-06-30,2334.66
CL,2019-07-31,3131.52
CL,2019-08-31,2628.24
CL,2019-09-30,3271.32
CL,2019-10-31,2558.34
CL,2019-11-30,3103.56
CL,2019-12-31,3208.41
CL,2020-01-31,3089.58
CL,2020-02-29,3501.99
CL,2020-03-31,3641.79
CL,2020-04-30,4305.84
CL,2020-05-31,4585.44
CL,2020-06-30,4515.54
CL,2020-07-31,4948.92
CL,2020-08-31,3697.71
CL,2020-09-30,3278.31
CL,2020-10-31,2949.78
CL,2020-11-30,2789.01
CL,2020-12-31,2844.93
CL,2021-01-31,2684.16
CL,2021-02-28,3481.02
CL,2021-03-31,2782.02
CL,2021-04-30,3054.63
CL,2021-05-31,2502.42
CL,2021-06-30,2572.32
CL,2021-07-31,2544.36
CL,2021-08-31,2691.15
CL,2021-09-30,2865.9
CL,2021-10-31,2572.32
CL,2021-11-30,2956.77
CL,2021-12-31,3019.68
CL,2022-01-31,3432.09
CL,2022-02-28,3229.38
CL,2022-03-31,2802.99
CL,2022-04-30,1726.53
CL,2022-05-31,2404.56
CL,2022-06-30,2027.1
CL,2022-07-31,2159.91
CL,2022-08-31,2516.4
CL,2022-09-30,2865.9
CL,2022-10-31,2879.88
CL,2022-11-30,2292.72
CL,2022-12-31,2677.17
CL,2023-01-31,2488.44
CL,2023-02-28,2062.05
CL,2023-03-31,2754.06
CL,2023-04-30,2523.39
CL,2023-05-31,1817.4
CL,2023-06-30,2984.73
CL,2023-07-31,2963.76
CL,2023-08-31,2705.13
CL,2023-09-30,2956.77
CL,2023-10-31,2208.84
CL,2023-11-30,2698.14
CL,2023-12-31,2816.97
CL,2024-01-31,2670.18
CL,2024-02-29,2495.43
CL,2024-03-31,3005.7
CL,2024-04-30,2991.72
CL,2024-05-31,2789.01
CL,2024-06-30,2558.34
CL,2024-07-31,3187.44
CL,2024-08-31,3159.48
CL,2024-09-30,2928.81
CL,2024-10-31,3187.44
CL,2024-11-30,2970.75
CL,2024-12-31,2886.87
CL,2025-01-31,2362.62
CL,2025-02-28,3061.62
CL,2025-03-31,
CN,2002-01-31,
CN,2002-02-28,
CN,2002-03-31,
CN,2002-04-30,
CN,2002-05-31,
CN,2002-06-30,
CN,2002-07-31,
CN,2002-08-31,
CN,2002-09-30,
CN,2002-10-31,
CN,2002-11-30,
CN,2002-12-31,
CN,2003-01-31,
CN,2003-02-28,
CN,2003-03-31,
CN,2003-04-30,
CN,2003-05-31,
CN,2003-06-30,
CN,2003-07-31,
CN,2003-08-31,
CN,2003-09-30,
CN,2003-10-31,
CN,2003-11-30,
CN,2003-12-31,
CN,2004-01-31,
CN,2004-02-29,
CN,2004-03-31,
CN,2004-04-30,
CN,2004-05-31,
CN,2004-06-30,
CN,2004-07-31,
CN,2004-08-31,
CN,2004-09-30,
CN,2004-10-31,
CN,2004-11-30,
CN,2004-12-31,
CN,2005-01-31,
CN,2005-02-28,
CN,2005-03-31,
CN,2005-04-30,
CN,2005-05-31,
CN,2005-06-30,
CN,2005-07-31,
CN,2005-08-31,
CN,2005-09-30,
CN,2005-10-31,
CN,2005-11-30,
CN,2005-12-31,
CN,2006-01-31,
CN,2006-02-28,
CN,2006-03-31,
CN,2006-04-30,
CN,2006-05-31,
CN,2006-06-30,
CN,2006-07-31,
CN,2006-08-31,
CN,2006-09-30,
CN,2006-10-31,
CN,2006-11-30,
CN,2006-12-31,
CN,2007-01-31,
CN,2007-02-28,
CN,2007-03-31,
CN,2007-04-30,
CN,2007-05-31,
CN,2007-06-30,
CN,2007-07-31,
CN,2007-08-31,
CN,2007-09-30,
CN,2007-10-31,
CN,2007-11-30,
CN,2007-12-31,
CN,2008-01-31,
CN,2008-02-29,
CN,2008-03-31,
CN,2008-04-30,
CN,2008-05-31,
CN,2008-06-30,
CN,2008-07-31,
CN,2008-08-31,
CN,2008-09-30,
CN,2008-10-31,
CN,2008-11-30,
CN,2008-12-31,
CN,2009-01-31,
CN,2009-02-28,
CN,2009-03-31,
CN,2009-04-30,
CN,2009-05-31,
CN,2009-06-30,
CN,2009-07-31,
CN,2009-08-31,
CN,2009-09-30,
CN,2009-10-31,
CN,2009-11-30,
CN,2009-12-31,
CN,2010-01-31,
CN,2010-02-28,
CN,2010-03-31,
CN,2010-04-30,
CN,2010-05-31,
CN,2010-06-30,
CN,2010-07-31,
CN,2010-08-31,
CN,2010-09-30,
CN,2010-10-31,
CN,2010-11-30,
CN,2010-12-31,
CN,2011-01-31,
CN,2011-02-28,
CN,2011-03-31,
CN,2011-04-30,
CN,2011-05-31,
CN,2011-06-30,
CN,2011-07-31,
CN,2011-08-31,
CN,2011-09-30,
CN,2011-10-31,
CN,2011-11-30,
CN,2011-12-31,
CN,2012-01-31,
CN,2012-02-29,
CN,2012-03-31,
CN,2012-04-30,
CN,2012-05-31,
CN,2012-06-30,
CN,2012-07-31,
CN,2012-08-31,
CN,2012-09-30,
CN,2012-10-31,
CN,2012-11-30,
CN,2012-12-31,
CN,2013-01-31,
CN,2013-02-28,
CN,2013-03-31,
CN,2013-04-30,
CN,2013-05-31,
CN,2013-06-30,
CN,2013-07-31,
CN,2013-08-31,
CN,2013-09-30,
CN,2013-10-31,
CN,2013-11-30,
CN,2013-12-31,
CN,2014-01-31,
CN,2014-02-28,
CN,2014-03-31,
CN,2014-04-30,
CN,2014-05-31,
CN,2014-06-30,
CN,2014-07-31,
CN,2014-08-31,
CN,2014-09-30,
CN,2014-10-31,
CN,2014-11-30,
CN,2014-12-31,
CN,2015-01-31,
CN,2015-02-28,
CN,2015-03-31,
CN,2015-04-30,
CN,2015-05-31,
CN,2015-06-30,
CN,2015-07-31,
CN,2015-08-31,
CN,2015-09-30,
CN,2015-10-31,
CN,2015-11-30,
CN,2015-12-31,
CN,2016-01-31,
CN,2016-02-29,
CN,2016-03-31,
CN,2016-04-30,
CN,2016-05-31,
CN,2016-06-30,
CN,2016-07-31,
CN,2016-08-31,
CN,2016-09-30,
CN,2016-10-31,
CN,2016-11-30,
CN,2016-12-31,
CN,2017-01-31,
CN,2017-02-28,
CN,2017-03-31,
CN,2017-04-30,
CN,2017-05-31,
CN,2017-06-30,
CN,2017-07-31,
CN,2017-08-31,
CN,2017-09-30,
CN,2017-10-31,
CN,2017-11-30,
CN,2017-12-31,
CN,2018-01-31,
CN,2018-02-28,
CN,2018-03-31,
CN,2018-04-30,
CN,2018-05-31,
CN,2018-06-30,
CN,2018-07-31,
CN,2018-08-31,
CN,2018-09-30,
CN,2018-10-31,
CN,2018-11-30,
CN,2018-12-31,
CN,2019-01-31,
CN,2019-02-28,
CN,2019-03-31,
CN,2019-04-30,
CN,2019-05-31,
CN,2019-06-30,
CN,2019-07-31,
CN,2019-08-31,
CN,2019-09-30,
CN,2019-10-31,
CN,2019-11-30,
CN,2019-12-31,
CN,2020-01-31,
CN,2020-02-29,
CN,2020-03-31,
CN,2020-04-30,
CN,2020-05-31,
CN,2020-06-30,
CN,2020-07-31,
CN,2020-08-31,
CN,2020-09-30,
CN,2020-10-31,
CN,2020-11-30,
CN,2020-12-31,
CN,2021-01-31,
CN,2021-02-28,
CN,2021-03-31,
CN,2021-04-30,
CN,2021-05-31,
CN,2021-06-30,
CN,2021-07-31,
CN,2021-08-31,
CN,2021-09-30,
CN,2021-10-31,
CN,2021-11-30,
CN,2021-12-31,
CN,2022-01-31,
CN,2022-02-28,
CN,2022-03-31,
CN,2022-04-30,
CN,2022-05-31,
CN,2022-06-30,
CN,2022-07-31,
CN,2022-08-31,
CN,2022-09-30,
CN,2022-10-31,
CN,2022-11-30,
CN,2022-12-31,
CN,2023-01-31,
CN,2023-02-28,
CN,2023-03-31,
CN,2023-04-30,
CN,2023-05-31,
CN,2023-06-30,
CN,2023-07-31,
CN,2023-08-31,
CN,2023-09-30,
CN,2023-10-31,
CN,2023-11-30,
CN,2023-12-31,
CN,2024-01-31,
CN,2024-02-29,
CN,2024-03-31,
CN,2024-04-30,
CN,2024-05-31,
CN,2024-06-30,
CN,2024-07-31,
CN,2024-08-31,
CN,2024-09-30,
CN,2024-10-31,
CN,2024-11-30,
CN,2024-12-31,
CN,2025-01-31,
CN,2025-02-28,
CN,2025-03-31,
CO,2002-01-31,0.0
CO,2002-02-28,0.0
CO,2002-03-31,0.0
CO,2002-04-30,0.0
CO,2002-05-31,0.0
CO,2002-06-30,0.0
CO,2002-07-31,0.0
CO,2002-08-31,0.0
CO,2002-09-30,0.0
CO,2002-10-31,0.0
CO,2002-11-30,0.0
CO,2002-12-31,0.0
CO,2003-01-31,0.0
CO,2003-02-28,0.0
CO,2003-03-31,0.0
CO,2003-04-30,0.0
CO,2003-05-31,0.0
CO,2003-06-30,0.0
CO,2003-07-31,0.0
CO,2003-08-31,0.0
CO,2003-09-30,0.0
CO,2003-10-31,0.0
CO,2003-11-30,0.0
CO,2003-12-31,0.0
CO,2004-01-31,0.0
CO,2004-02-29,0.0
CO,2004-03-31,0.0
CO,2004-04-30,0.0
CO,2004-05-31,0.0
CO,2004-06-30,0.0
CO,2004-07-31,0.0
CO,2004-08-31,0.0
CO,2004-09-30,0.0
CO,2004-10-31,0.0
CO,2004-11-30,0.0
CO,2004-12-31,0.0
CO,2005-01-31,0.0
CO,2005-02-28,0.0
CO,2005-03-31,0.0
CO,2005-04-30,0.0
CO,2005-05-31,0.0
CO,2005-06-30,0.0
CO,2005-07-31,0.0
CO,2005-08-31,0.0
CO,2005-09-30,0.0
CO,2005-10-31,0.0
CO,2005-11-30,0.0
CO,2005-12-31,0.0
CO,2006-01-31,0.0
CO,2006-02-28,0.0
CO,2006-03-31,0.0
CO,2006-04-30,0.0
CO,2006-05-31,0.0
CO,2006-06-30,0.0
CO,2006-07-31,0.0
CO,2006-08-31,0.0
CO,2006-09-30,0.0
CO,2006-10-31,0.0
CO,2006-11-30,0.0
CO,2006-12-31,0.0
CO,2007-01-31,0.0
CO,2007-02-28,0.0
CO,2007-03-31,0.0
CO,2007-04-30,0.0
CO,2007-05-31,0.0
CO,2007-06-30,0.0
CO,2007-07-31,0.0
CO,2007-08-31,0.0
CO,2007-09-30,0.0
CO,2007-10-31,0.0
CO,2007-11-30,0.0
CO,2007-12-31,0.0
CO,2008-01-31,0.0
CO,2008-02-29,0.0
CO,2008-03-31,0.0
CO,2008-04-30,0.0
CO,2008-05-31,0.0
CO,2008-06-30,0.0
CO,2008-07-31,0.0
CO,2008-08-31,0.0
CO,2008-09-30,0.0
CO,2008-10-31,0.0
CO,2008-11-30,0.0
CO,2008-12-31,0.0
CO,2009-01-31,1576.0
CO,2009-02-28,2194.0
CO,2009-03-31,2819.0
CO,2009-04-30,2459.0
CO,2009-05-31,2709.0
CO,2009-06-30,2712.0
CO,2009-07-31,2580.0
CO,2009-08-31,2374.0
CO,2009-09-30,2318.0
CO,2009-10-31,2196.0
CO,2009-11-30,2028.0
CO,2009-12-31,1970.0
CO,2010-01-31,2102.0
CO,2010-02-28,1836.0
CO,2010-03-31,1706.0
CO,2010-04-30,1911.0
CO,2010-05-31,1729.0
CO,2010-06-30,1827.0
CO,2010-07-31,1547.0
CO,2010-08-31,1712.0
CO,2010-09-30,1714.0
CO,2010-10-31,1736.0
CO,2010-11-30,2197.0
CO,2010-12-31,1848.0
CO,2011-01-31,1973.0
CO,2011-02-28,1886.0
CO,2011-03-31,1775.0
CO,2011-04-30,1557.0
CO,2011-05-31,1710.0
CO,2011-06-30,1806.0
CO,2011-07-31,1682.0
CO,2011-08-31,1886.0
CO,2011-09-30,2026.0
CO,2011-10-31,2017.0
CO,2011-11-30,1748.0
CO,2011-12-31,1738.0
CO,2012-01-31,1793.0
CO,2012-02-29,1761.0
CO,2012-03-31,1761.0
CO,2012-04-30,2162.0
CO,2012-05-31,1826.0
CO,2012-06-30,1536.0
CO,2012-07-31,1873.0
CO,2012-08-31,1587.0
CO,2012-09-30,901.0
CO,2012-10-31,1763.0
CO,2012-11-30,1802.0
CO,2012-12-31,1565.0
CO,2013-01-31,1705.0
CO,2013-02-28,1802.0
CO,2013-03-31,1941.0
CO,2013-04-30,1853.0
CO,2013-05-31,1869.0
CO,2013-06-30,1756.0
CO,2013-07-31,1991.0
CO,2013-08-31,1832.0
CO,2013-09-30,1711.0
CO,2013-10-31,1973.0
CO,2013-11-30,2174.0
CO,2013-12-31,1796.0
CO,2014-01-31,1765.0
CO,2014-02-28,1323.0
CO,2014-03-31,1323.0
CO,2014-04-30,1638.0
CO,2014-05-31,1388.0
CO,2014-06-30,1313.0
CO,2014-07-31,1461.0
CO,2014-08-31,1104.0
CO,2014-09-30,1186.0
CO,2014-10-31,823.0
CO,2014-11-30,1628.0
CO,2014-12-31,1430.0
CO,2015-01-31,1694.0
CO,2015-02-28,1560.0
CO,2015-03-31,1305.0
CO,2015-04-30,1402.0
CO,2015-05-31,1368.0
CO,2015-06-30,1855.0
CO,2015-07-31,2005.0
CO,2015-08-31,2164.0
CO,2015-09-30,3066.0
CO,2015-10-31,3042.0
CO,2015-11-30,2524.0
CO,2015-12-31,2073.0
CO,2016-01-31,1690.0
CO,2016-02-29,1560.0
CO,2016-03-31,1304.0
CO,2016-04-30,1403.0
CO,2016-05-31,1369.0
CO,2016-06-30,1856.0
CO,2016-07-31,2009.0
CO,2016-08-31,2165.0
CO,2016-09-30,3068.0
CO,2016-10-31,3039.0
CO,2016-11-30,2527.0
CO,2016-12-31,1177.0
CO,2017-01-31,
CO,2017-02-28,
CO,2017-03-31,
CO,2017-04-30,
CO,2017-05-31,
CO,2017-06-30,
CO,2017-07-31,
CO,2017-08-31,
CO,2017-09-30,
CO,2017-10-31,
CO,2017-11-30,
CO,2017-12-31,
CO,2018-01-31,
CO,2018-02-28,
CO,2018-03-31,
CO,2018-04-30,
CO,2018-05-31,
CO,2018-06-30,
CO,2018-07-31,
CO,2018-08-31,
CO,2018-09-30,
CO,2018-10-31,
CO,2018-11-30,
CO,2018-12-31,
CO,2019-01-31,
CO,2019-02-28,
CO,2019-03-31,
CO,2019-04-30,
CO,2019-05-31,
CO,2019-06-30,
CO,2019-07-31,
CO,2019-08-31,
CO,2019-09-30,
CO,2019-10-31,
CO,2019-11-30,
CO,2019-12-31,
CO,2020-01-31,
CO,2020-02-29,
CO,2020-03-31,
CO,2020-04-30,
CO,2020-05-31,
CO,2020-06-30,
CO,2020-07-31,
CO,2020-08-31,
CO,2020-09-30,
CO,2020-10-31,
CO,2020-11-30,
CO,2020-12-31,
CO,2021-01-31,
CO,2021-02-28,
CO,2021-03-31,
CO,2021-04-30,
CO,2021-05-31,
CO,2021-06-30,
CO,2021-07-31,
CO,2021-08-31,
CO,2021-09-30,
CO,2021-10-31,
CO,2021-11-30,
CO,2021-12-31,
CO,2022-01-31,
CO,2022-02-28,
CO,2022-03-31,
CO,2022-04-30,
CO,2022-05-31,
CO,2022-06-30,
CO,2022-07-31,
CO,2022-08-31,
CO,2022-09-30,
CO,2022-10-31,
CO,2022-11-30,
CO,2022-12-31,
CO,2023-01-31,
CO,2023-02-28,
CO,2023-03-31,
CO,2023-04-30,
CO,2023-05-31,
CO,2023-06-30,
CO,2023-07-31,
CO,2023-08-31,
CO,2023-09-30,
CO,2023-10-31,
CO,2023-11-30,
CO,2023-12-31,
CO,2024-01-31,
CO,2024-02-29,
CO,2024-03-31,
CO,2024-04-30,
CO,2024-05-31,
CO,2024-06-30,
CO,2024-07-31,
CO,2024-08-31,
CO,2024-09-30,
CO,2024-10-31,
CO,2024-11-30,
CO,2024-12-31,
CO,2025-01-31,
CR,2002-01-31,187.0
CR,2002-02-28,131.0
CR,2002-03-31,236.0
CR,2002-04-30,176.0
CR,2002-05-31,171.0
CR,2002-06-30,261.0
CR,2002-07-31,103.0
CR,2002-08-31,321.0
CR,2002-09-30,276.0
CR,2002-10-31,432.0
CR,2002-11-30,358.0
CR,2002-12-31,126.0
CR,2003-01-31,161.0
CR,2003-02-28,445.0
CR,2003-03-31,230.0
CR,2003-04-30,230.0
CR,2003-05-31,152.0
CR,2003-06-30,165.0
CR,2003-07-31,130.0
CR,2003-08-31,313.0
CR,2003-09-30,170.0
CR,2003-10-31,216.0
CR,2003-11-30,247.0
CR,2003-12-31,110.0
CR,2004-01-31,145.0
CR,2004-02-29,429.0
CR,2004-03-31,394.0
CR,2004-04-30,464.0
CR,2004-05-31,416.0
CR,2004-06-30,407.0
CR,2004-07-31,188.0
CR,2004-08-31,364.0
CR,2004-09-30,397.0
CR,2004-10-31,320.0
CR,2004-11-30,322.0
CR,2004-12-31,108.0
CR,2005-01-31,153.0
CR,2005-02-28,158.0
CR,2005-03-31,157.0
CR,2005-04-30,331.0
CR,2005-05-31,325.0
CR,2005-06-30,319.0
CR,2005-07-31,327.0
CR,2005-08-31,432.0
CR,2005-09-30,446.0
CR,2005-10-31,527.0
CR,2005-11-30,275.0
CR,2005-12-31,471.0
CR,2006-01-31,433.0
CR,2006-02-28,328.0
CR,2006-03-31,463.0
CR,2006-04-30,209.0
CR,2006-05-31,546.0
CR,2006-06-30,136.0
CR,2006-07-31,131.0
CR,2006-08-31,274.0
CR,2006-09-30,439.0
CR,2006-10-31,354.0
CR,2006-11-30,280.0
CR,2006-12-31,352.0
CR,2007-01-31,215.0
CR,2007-02-28,419.0
CR,2007-03-31,403.0
CR,2007-04-30,209.0
CR,2007-05-31,396.0
CR,2007-06-30,92.0
CR,2007-07-31,327.0
CR,2007-08-31,164.0
CR,2007-09-30,476.0
CR,2007-10-31,304.0
CR,2007-11-30,199.0
CR,2007-12-31,82.0
CR,2008-01-31,240.0
CR,2008-02-29,478.0
CR,2008-03-31,154.0
CR,2008-04-30,431.0
CR,2008-05-31,193.0
CR,2008-06-30,517.0
CR,2008-07-31,135.0
CR,2008-08-31,164.0
CR,2008-09-30,309.0
CR,2008-10-31,361.0
CR,2008-11-30,312.0
CR,2008-12-31,265.0
CR,2009-01-31,508.0
CR,2009-02-28,515.0
CR,2009-03-31,514.0
CR,2009-04-30,506.0
CR,2009-05-31,501.0
CR,2009-06-30,416.0
CR,2009-07-31,202.0
CR,2009-08-31,435.0
CR,2009-09-30,453.0
CR,2009-10-31,415.0
CR,2009-11-30,392.0
CR,2009-12-31,429.0
CR,2010-01-31,307.0
CR,2010-02-28,284.0
CR,2010-03-31,282.0
CR,2010-04-30,244.0
CR,2010-05-31,237.0
CR,2010-06-30,192.0
CR,2010-07-31,404.0
CR,2010-08-31,269.0
CR,2010-09-30,194.0
CR,2010-10-31,351.0
CR,2010-11-30,351.0
CR,2010-12-31,355.0
CR,2011-01-31,282.0
CR,2011-02-28,141.0
CR,2011-03-31,513.0
CR,2011-04-30,522.0
CR,2011-05-31,172.0
CR,2011-06-30,103.0
CR,2011-07-31,102.0
CR,2011-08-31,306.0
CR,2011-09-30,544.0
CR,2011-10-31,537.0
CR,2011-11-30,535.0
CR,2011-12-31,533.0
CR,2012-01-31,527.0
CR,2012-02-29,527.0
CR,2012-03-31,526.0
CR,2012-04-30,333.0
CR,2012-05-31,95.0
CR,2012-06-30,77.0
CR,2012-07-31,83.0
CR,2012-08-31,100.0
CR,2012-09-30,98.0
CR,2012-10-31,100.0
CR,2012-11-30,106.0
CR,2012-12-31,97.0
CR,2013-01-31,85.0
CR,2013-02-28,82.0
CR,2013-03-31,78.0
CR,2013-04-30,78.0
CR,2013-05-31,74.0
CR,2013-06-30,68.0
CR,2013-07-31,74.0
CR,2013-08-31,77.0
CR,2013-09-30,81.0
CR,2013-10-31,83.0
CR,2013-11-30,77.0
CR,2013-12-31,77.0
CR,2014-01-31,77.0
CR,2014-02-28,61.0
CR,2014-03-31,61.0
CR,2014-04-30,61.0
CR,2014-05-31,61.0
CR,2014-06-30,61.0
CR,2014-07-31,64.0
CR,2014-08-31,64.0
CR,2014-09-30,64.0
CR,2014-10-31,69.0
CR,2014-11-30,64.0
CR,2014-12-31,64.0
CR,2015-01-31,64.0
CR,2015-02-28,61.0
CR,2015-03-31,61.0
CR,2015-04-30,59.0
CR,2015-05-31,59.0
CR,2015-06-30,59.0
CR,2015-07-31,59.0
CR,2015-08-31,0.0
CR,2015-09-30,0.0
CR,2015-10-31,0.0
CR,2015-11-30,0.0
CR,2015-12-31,0.0
CR,2016-01-31,0.0
CR,2016-02-29,0.0
CR,2016-03-31,0.0
CR,2016-04-30,0.0
CR,2016-05-31,0.0
CR,2016-06-30,0.0
CR,2016-07-31,0.0
CR,2016-08-31,
CR,2016-09-30,
CR,2016-10-31,
CR,2016-11-30,
CR,2016-12-31,
CR,2017-01-31,
CR,2017-02-28,
CR,2017-03-31,
CR,2017-04-30,
CR,2017-05-31,
CR,2017-06-30,
CR,2017-07-31,
CR,2017-08-31,
CR,2017-09-30,
CR,2017-10-31,
CR,2017-11-30,
CR,2017-12-31,
CR,2018-01-31,
CR,2018-02-28,
CR,2018-03-31,
CR,2018-04-30,
CR,2018-05-31,
CR,2018-06-30,
CR,2018-07-31,
CR,2018-08-31,
CR,2018-09-30,
CR,2018-10-31,
CR,2018-11-30,
CR,2018-12-31,
CR,2019-01-31,
CR,2019-02-28,
CR,2019-03-31,
CR,2019-04-30,
CR,2019-05-31,
CR,2019-06-30,
CR,2019-07-31,
CR,2019-08-31,
CR,2019-09-30,
CR,2019-10-31,
CR,2019-11-30,
CR,2019-12-31,
CR,2020-01-31,
CR,2020-02-29,
CR,2020-03-31,
CR,2020-04-30,
CR,2020-05-31,
CR,2020-06-30,
CR,2020-07-31,
CR,2020-08-31,
CR,2020-09-30,
CR,2020-10-31,
CR,2020-11-30,
CR,2020-12-31,
CR,2021-01-31,
CR,2021-02-28,
CR,2021-03-31,
CR,2021-04-30,
CR,2021-05-31,
CR,2021-06-30,
CR,2021-07-31,
CR,2021-08-31,
CR,2021-09-30,
CR,2021-10-31,
CR,2021-11-30,
CR,2021-12-31,
CR,2022-01-31,
CR,2022-02-28,
CR,2022-03-31,
CR,2022-04-30,
CR,2022-05-31,
CR,2022-06-30,
CR,2022-07-31,
CR,2022-08-31,
CR,2022-09-30,
CR,2022-10-31,
CR,2022-11-30,
CR,2022-12-31,
CR,2023-01-31,
CR,2023-02-28,
CR,2023-03-31,
CR,2023-04-30,
CR,2023-05-31,
CR,2023-06-30,
CR,2023-07-31,
CR,2023-08-31,
CR,2023-09-30,
CR,2023-10-31,
CR,2023-11-30,
CR,2023-12-31,
CR,2024-01-31,
CR,2024-02-29,
CR,2024-03-31,
CR,2024-04-30,
CR,2024-05-31,
CR,2024-06-30,
CR,2024-07-31,
CR,2024-08-31,
CR,2024-09-30,
CR,2024-10-31,
CR,2024-11-30,
CR,2024-12-31,
CR,2025-01-31,
CU,2002-01-31,0.0
CU,2002-02-28,0.0
CU,2002-03-31,0.0
CU,2002-04-30,0.0
CU,2002-05-31,0.0
CU,2002-06-30,0.0
CU,2002-07-31,0.0
CU,2002-08-31,0.0
CU,2002-09-30,0.0
CU,2002-10-31,0.0
CU,2002-11-30,0.0
CU,2002-12-31,0.0
CU,2003-01-31,0.0
CU,2003-02-28,0.0
CU,2003-03-31,0.0
CU,2003-04-30,0.0
CU,2003-05-31,0.0
CU,2003-06-30,0.0
CU,2003-07-31,0.0
CU,2003-08-31,0.0
CU,2003-09-30,0.0
CU,2003-10-31,0.0
CU,2003-11-30,0.0
CU,2003-12-31,0.0
CU,2004-01-31,0.0
CU,2004-02-29,0.0
CU,2004-03-31,0.0
CU,2004-04-30,0.0
CU,2004-05-31,0.0
CU,2004-06-30,0.0
CU,2004-07-31,0.0
CU,2004-08-31,0.0
CU,2004-09-30,0.0
CU,2004-10-31,0.0
CU,2004-11-30,0.0
CU,2004-12-31,0.0
CU,2005-01-31,0.0
CU,2005-02-28,0.0
CU,2005-03-31,0.0
CU,2005-04-30,0.0
CU,2005-05-31,0.0
CU,2005-06-30,0.0
CU,2005-07-31,0.0
CU,2005-08-31,0.0
CU,2005-09-30,0.0
CU,2005-10-31,0.0
CU,2005-11-30,0.0
CU,2005-12-31,0.0
CU,2006-01-31,0.0
CU,2006-02-28,0.0
CU,2006-03-31,0.0
CU,2006-04-30,0.0
CU,2006-05-31,0.0
CU,2006-06-30,0.0
CU,2006-07-31,0.0
CU,2006-08-31,0.0
CU,2006-09-30,0.0
CU,2006-10-31,0.0
CU,2006-11-30,0.0
CU,2006-12-31,0.0
CU,2007-01-31,0.0
CU,2007-02-28,0.0
CU,2007-03-31,0.0
CU,2007-04-30,0.0
CU,2007-05-31,0.0
CU,2007-06-30,0.0
CU,2007-07-31,0.0
CU,2007-08-31,0.0
CU,2007-09-30,0.0
CU,2007-10-31,0.0
CU,2007-11-30,0.0
CU,2007-12-31,0.0
CU,2008-01-31,0.0
CU,2008-02-29,0.0
CU,2008-03-31,0.0
CU,2008-04-30,0.0
CU,2008-05-31,0.0
CU,2008-06-30,0.0
CU,2008-07-31,0.0
CU,2008-08-31,0.0
CU,2008-09-30,0.0
CU,2008-10-31,0.0
CU,2008-11-30,0.0
CU,2008-12-31,0.0
CU,2009-01-31,0.0
CU,2009-02-28,0.0
CU,2009-03-31,0.0
CU,2009-04-30,0.0
CU,2009-05-31,0.0
CU,2009-06-30,0.0
CU,2009-07-31,0.0
CU,2009-08-31,0.0
CU,2009-09-30,0.0
CU,2009-10-31,0.0
CU,2009-11-30,0.0
CU,2009-12-31,0.0
CU,2010-01-31,0.0
CU,2010-02-28,0.0
CU,2010-03-31,0.0
CU,2010-04-30,0.0
CU,2010-05-31,0.0
CU,2010-06-30,0.0
CU,2010-07-31,0.0
CU,2010-08-31,0.0
CU,2010-09-30,0.0
CU,2010-10-31,0.0
CU,2010-11-30,0.0
CU,2010-12-31,0.0
CU,2011-01-31,0.0
CU,2011-02-28,0.0
CU,2011-03-31,0.0
CU,2011-04-30,0.0
CU,2011-05-31,0.0
CU,2011-06-30,0.0
CU,2011-07-31,0.0
CU,2011-08-31,0.0
CU,2011-09-30,0.0
CU,2011-10-31,0.0
CU,2011-11-30,0.0
CU,2011-12-31,0.0
CU,2012-01-31,0.0
CU,2012-02-29,0.0
CU,2012-03-31,0.0
CU,2012-04-30,0.0
CU,2012-05-31,0.0
CU,2012-06-30,0.0
CU,2012-07-31,0.0
CU,2012-08-31,0.0
CU,2012-09-30,0.0
CU,2012-10-31,0.0
CU,2012-11-30,0.0
CU,2012-12-31,0.0
CU,2013-01-31,0.0
CU,2013-02-28,0.0
CU,2013-03-31,0.0
CU,2013-04-30,0.0
CU,2013-05-31,0.0
CU,2013-06-30,0.0
CU,2013-07-31,0.0
CU,2013-08-31,0.0
CU,2013-09-30,0.0
CU,2013-10-31,0.0
CU,2013-11-30,0.0
CU,2013-12-31,0.0
CU,2014-01-31,0.0
CU,2014-02-28,0.0
CU,2014-03-31,0.0
CU,2014-04-30,0.0
CU,2014-05-31,0.0
CU,2014-06-30,0.0
CU,2014-07-31,0.0
CU,2014-08-31,0.0
CU,2014-09-30,0.0
CU,2014-10-31,0.0
CU,2014-11-30,0.0
CU,2014-12-31,0.0
CU,2015-01-31,0.0
CU,2015-02-28,0.0
CU,2015-03-31,0.0
CU,2015-04-30,0.0
CU,2015-05-31,0.0
CU,2015-06-30,0.0
CU,2015-07-31,0.0
CU,2015-08-31,0.0
CU,2015-09-30,0.0
CU,2015-10-31,0.0
CU,2015-11-30,0.0
CU,2015-12-31,0.0
CU,2016-01-31,0.0
CU,2016-02-29,0.0
CU,2016-03-31,0.0
CU,2016-04-30,0.0
CU,2016-05-31,0.0
CU,2016-06-30,0.0
CU,2016-07-31,0.0
CU,2016-08-31,
CU,2016-09-30,
CU,2016-10-31,
CU,2016-11-30,
CU,2016-12-31,
CU,2017-01-31,
CU,2017-02-28,
CU,2017-03-31,
CU,2017-04-30,
CU,2017-05-31,
CU,2017-06-30,
CU,2017-07-31,
CU,2017-08-31,
CU,2017-09-30,
CU,2017-10-31,
CU,2017-11-30,
CU,2017-12-31,
CU,2018-01-31,
CU,2018-02-28,
CU,2018-03-31,
CU,2018-04-30,
CU,2018-05-31,
CU,2018-06-30,
CU,2018-07-31,
CU,2018-08-31,
CU,2018-09-30,
CU,2018-10-31,
CU,2018-11-30,
CU,2018-12-31,
CU,2019-01-31,
CU,2019-02-28,
CU,2019-03-31,
CU,2019-04-30,
CU,2019-05-31,
CU,2019-06-30,
CU,2019-07-31,
CU,2019-08-31,
CU,2019-09-30,
CU,2019-10-31,
CU,2019-11-30,
CU,2019-12-31,
CU,2020-01-31,
CU,2020-02-29,
CU,2020-03-31,
CU,2020-04-30,
CU,2020-05-31,
CU,2020-06-30,
CU,2020-07-31,
CU,2020-08-31,
CU,2020-09-30,
CU,2020-10-31,
CU,2020-11-30,
CU,2020-12-31,
CU,2021-01-31,
CU,2021-02-28,
CU,2021-03-31,
CU,2021-04-30,
CU,2021-05-31,
CU,2021-06-30,
CU,2021-07-31,
CU,2021-08-31,
CU,2021-09-30,
CU,2021-10-31,
CU,2021-11-30,
CU,2021-12-31,
CU,2022-01-31,
CU,2022-02-28,
CU,2022-03-31,
CU,2022-04-30,
CU,2022-05-31,
CU,2022-06-30,
CU,2022-07-31,
CU,2022-08-31,
CU,2022-09-30,
CU,2022-10-31,
CU,2022-11-30,
CU,2022-12-31,
CU,2023-01-31,
CU,2023-02-28,
CU,2023-03-31,
CU,2023-04-30,
CU,2023-05-31,
CU,2023-06-30,
CU,2023-07-31,
CU,2023-08-31,
CU,2023-09-30,
CU,2023-10-31,
CU,2023-11-30,
CU,2023-12-31,
CU,2024-01-31,
CU,2024-02-29,
CU,2024-03-31,
CU,2024-04-30,
CU,2024-05-31,
CU,2024-06-30,
CU,2024-07-31,
CU,2024-08-31,
CU,2024-09-30,
CU,2024-10-31,
CU,2024-11-30,
CU,2024-12-31,
CU,2025-01-31,
CZ,2002-01-31,5306.4
CZ,2002-02-28,5615.94
CZ,2002-03-31,5380.1
CZ,2002-04-30,4657.84
CZ,2002-05-31,4643.1
CZ,2002-06-30,4886.31
CZ,2002-07-31,4031.39
CZ,2002-08-31,4230.38
CZ,2002-09-30,4517.81
CZ,2002-10-31,4650.47
CZ,2002-11-30,4348.3
CZ,2002-12-31,5004.23
CZ,2003-01-31,5151.63
CZ,2003-02-28,5048.45
CZ,2003-03-31,5026.34
CZ,2003-04-30,4952.64
CZ,2003-05-31,4724.17
CZ,2003-06-30,4783.13
CZ,2003-07-31,4591.51
CZ,2003-08-31,3920.84
CZ,2003-09-30,3655.52
CZ,2003-10-31,4819.98
CZ,2003-11-30,4694.69
CZ,2003-12-31,5284.29
CZ,2004-01-31,5424.32
CZ,2004-02-29,5807.56
CZ,2004-03-31,5380.1
CZ,2004-04-30,5940.22
CZ,2004-05-31,5276.92
CZ,2004-06-30,5822.3
CZ,2004-07-31,6286.61
CZ,2004-08-31,6286.61
CZ,2004-09-30,6854.1
CZ,2004-10-31,5807.56
CZ,2004-11-30,5225.33
CZ,2004-12-31,5225.33
CZ,2005-01-31,5586.46
CZ,2005-02-28,5520.13
CZ,2005-03-31,6478.23
CZ,2005-04-30,6972.02
CZ,2005-05-31,6529.82
CZ,2005-06-30,5991.81
CZ,2005-07-31,6293.98
CZ,2005-08-31,6456.12
CZ,2005-09-30,6802.51
CZ,2005-10-31,7060.46
CZ,2005-11-30,6920.43
CZ,2005-12-31,7141.53
CZ,2006-01-31,7399.48
CZ,2006-02-28,7635.32
CZ,2006-03-31,7893.27
CZ,2006-04-30,7355.26
CZ,2006-05-31,7974.34
CZ,2006-06-30,7657.43
CZ,2006-07-31,7863.79
CZ,2006-08-31,7966.97
CZ,2006-09-30,7922.75
CZ,2006-10-31,8025.93
CZ,2006-11-30,7554.25
CZ,2006-12-31,8055.41
CZ,2007-01-31,7878.53
CZ,2007-02-28,7642.69
CZ,2007-03-31,7657.43
CZ,2007-04-30,7657.43
CZ,2007-05-31,7834.31
CZ,2007-06-30,7922.75
CZ,2007-07-31,7922.75
CZ,2007-08-31,7333.15
CZ,2007-09-30,7900.64
CZ,2007-10-31,8151.22
CZ,2007-11-30,8114.37
CZ,2007-12-31,8217.55
CZ,2008-01-31,7753.24
CZ,2008-02-29,7605.84
CZ,2008-03-31,7650.06
CZ,2008-04-30,7782.72
CZ,2008-05-31,7989.08
CZ,2008-06-30,7694.28
CZ,2008-07-31,6691.96
CZ,2008-08-31,6345.57
CZ,2008-09-30,7281.56
CZ,2008-10-31,7583.73
CZ,2008-11-30,8114.37
CZ,2008-12-31,8821.89
CZ,2009-01-31,8748.19
CZ,2009-02-28,8703.97
CZ,2009-03-31,8880.85
CZ,2009-04-30,8991.4
CZ,2009-05-31,9566.26
CZ,2009-06-30,9617.85
CZ,2009-07-31,9536.78
CZ,2009-08-31,9485.19
CZ,2009-09-30,9632.59
CZ,2009-10-31,9345.16
CZ,2009-11-30,9153.54
CZ,2009-12-31,8954.55
CZ,2010-01-31,8947.18
CZ,2010-02-28,8836.63
CZ,2010-03-31,8659.75
CZ,2010-04-30,8696.6
CZ,2010-05-31,8799.78
CZ,2010-06-30,8762.93
CZ,2010-07-31,9006.14
CZ,2010-08-31,8961.92
CZ,2010-09-30,9116.69
CZ,2010-10-31,8829.26
CZ,2010-11-30,8740.82
CZ,2010-12-31,8821.89
CZ,2011-01-31,8667.12
CZ,2011-02-28,9057.73
CZ,2011-03-31,9197.76
CZ,2011-04-30,8844.0
CZ,2011-05-31,8342.84
CZ,2011-06-30,8453.39
CZ,2011-07-31,8563.94
CZ,2011-08-31,8453.39
CZ,2011-09-30,8401.8
CZ,2011-10-31,8770.3
CZ,2011-11-30,8593.42
CZ,2011-12-31,8622.9
CZ,2012-01-31,8681.86
CZ,2012-02-29,8674.49
CZ,2012-03-31,8748.19
CZ,2012-04-30,7966.97
CZ,2012-05-31,7686.91
CZ,2012-06-30,7996.45
CZ,2012-07-31,8512.35
CZ,2012-08-31,8364.95
CZ,2012-09-30,7701.65
CZ,2012-10-31,7782.72
CZ,2012-11-30,7944.86
CZ,2012-12-31,8342.84
CZ,2013-01-31,8409.17
CZ,2013-02-28,8364.95
CZ,2013-03-31,8527.09
CZ,2013-04-30,8342.84
CZ,2013-05-31,8608.16
CZ,2013-06-30,8165.96
CZ,2013-07-31,8387.06
CZ,2013-08-31,8283.88
CZ,2013-09-30,8504.98
CZ,2013-10-31,8829.26
CZ,2013-11-30,8549.2
CZ,2013-12-31,8468.13
CZ,2014-01-31,8438.65
CZ,2014-02-28,8261.77
CZ,2014-03-31,8416.54
CZ,2014-04-30,8173.33
CZ,2014-05-31,8261.77
CZ,2014-06-30,8497.61
CZ,2014-07-31,8350.21
CZ,2014-08-31,8195.44
CZ,2014-09-30,8910.33
CZ,2014-10-31,8586.05
CZ,2014-11-30,8475.5
CZ,2014-12-31,8600.79
CZ,2015-01-31,8291.25
CZ,2015-02-28,8151.22
CZ,2015-03-31,8733.45
CZ,2015-04-30,8254.4
CZ,2015-05-31,8475.5
CZ,2015-06-30,8342.84
CZ,2015-07-31,8438.65
CZ,2015-08-31,8512.35
CZ,2015-09-30,8984.03
CZ,2015-10-31,8770.3
CZ,2015-11-30,8608.16
CZ,2015-12-31,8718.71
CZ,2016-01-31,8645.01
CZ,2016-02-29,8534.46
CZ,2016-03-31,8902.96
CZ,2016-04-30,9057.73
CZ,2016-05-31,9116.69
CZ,2016-06-30,9802.1
CZ,2016-07-31,9912.65
CZ,2016-08-31,9581.0
CZ,2016-09-30,9993.72
CZ,2016-10-31,9256.72
CZ,2016-11-30,8792.41
CZ,2016-12-31,8659.75
CZ,2017-01-31,8674.49
CZ,2017-02-28,8578.68
CZ,2017-03-31,8888.22
CZ,2017-04-30,8807.15
CZ,2017-05-31,8512.35
CZ,2017-06-30,8615.53
CZ,2017-07-31,8689.23
CZ,2017-08-31,8438.65
CZ,2017-09-30,8622.9
CZ,2017-10-31,8431.28
CZ,2017-11-30,8387.06
CZ,2017-12-31,8910.33
CZ,2018-01-31,8748.19
CZ,2018-02-28,8733.45
CZ,2018-03-31,8969.29
CZ,2018-04-30,8829.26
CZ,2018-05-31,8917.7
CZ,2018-06-30,8519.72
CZ,2018-07-31,8703.97
CZ,2018-08-31,8364.95
CZ,2018-09-30,8615.53
CZ,2018-10-31,8696.6
CZ,2018-11-30,8527.09
CZ,2018-12-31,8939.81
CZ,2019-01-31,8622.9
CZ,2019-02-28,8991.4
CZ,2019-03-31,8652.38
CZ,2019-04-30,8748.19
CZ,2019-05-31,6662.48
CZ,2019-06-30,7112.05
CZ,2019-07-31,7296.3
CZ,2019-08-31,7502.66
CZ,2019-09-30,8283.88
CZ,2019-10-31,8792.41
CZ,2019-11-30,8792.41
CZ,2019-12-31,8733.45
CZ,2020-01-31,8718.71
CZ,2020-02-29,8674.49
CZ,2020-03-31,9389.38
CZ,2020-04-30,9920.02
CZ,2020-05-31,9853.69
CZ,2020-06-30,9831.58
CZ,2020-07-31,10185.34
CZ,2020-08-31,9249.35
CZ,2020-09-30,9264.09
CZ,2020-10-31,9278.83
CZ,2020-11-30,9721.03
CZ,2020-12-31,10192.71
CZ,2021-01-31,9846.32
CZ,2021-02-28,9315.68
CZ,2021-03-31,8866.11
CZ,2021-04-30,9168.28
CZ,2021-05-31,8689.23
CZ,2021-06-30,8991.4
CZ,2021-07-31,9035.62
CZ,2021-08-31,9146.17
CZ,2021-09-30,8792.41
CZ,2021-10-31,9323.05
CZ,2021-11-30,8748.19
CZ,2021-12-31,8829.26
CZ,2022-01-31,8976.66
CZ,2022-02-28,8866.11
CZ,2022-03-31,8578.68
CZ,2022-04-30,8976.66
CZ,2022-05-31,9448.34
CZ,2022-06-30,9418.86
CZ,2022-07-31,9536.78
CZ,2022-08-31,9330.42
CZ,2022-09-30,9293.57
CZ,2022-10-31,8998.77
CZ,2022-11-30,8674.49
CZ,2022-12-31,9153.54
CZ,2023-01-31,9691.55
CZ,2023-02-28,10008.46
CZ,2023-03-31,9639.96
CZ,2023-04-30,8932.44
CZ,2023-05-31,9028.25
CZ,2023-06-30,8674.49
CZ,2023-07-31,8792.41
CZ,2023-08-31,8593.42
CZ,2023-09-30,9234.61
CZ,2023-10-31,9522.04
CZ,2023-11-30,9256.72
CZ,2023-12-31,9035.62
CZ,2024-01-31,9079.84
CZ,2024-02-29,9227.24
CZ,2024-03-31,9168.28
CZ,2024-04-30,9404.12
CZ,2024-05-31,10214.82
CZ,2024-06-30,9241.98
CZ,2024-07-31,9779.99
CZ,2024-08-31,9942.13
CZ,2024-09-30,9352.53
CZ,2024-10-31,9190.39
CZ,2024-11-30,9286.2
CZ,2024-12-31,9042.99
CZ,2025-01-31,9138.8
CZ,2025-02-28,9286.2
CZ,2025-03-31,7539.51
DE,2002-01-31,112805.22
DE,2002-02-28,113372.71
DE,2002-03-31,111522.84
DE,2002-04-30,112738.89
DE,2002-05-31,113645.4
DE,2002-06-30,112119.81
DE,2002-07-31,110889.02
DE,2002-08-31,109989.88
DE,2002-09-30,112281.95
DE,2002-10-31,110815.32
DE,2002-11-30,111883.97
DE,2002-12-31,111427.03
DE,2003-01-31,117463.06
DE,2003-02-28,118789.66
DE,2003-03-31,122703.13
DE,2003-04-30,122511.51
DE,2003-05-31,122710.5
DE,2003-06-30,118855.99
DE,2003-07-31,123101.11
DE,2003-08-31,123005.3
DE,2003-09-30,120285.77
DE,2003-10-31,122047.2
DE,2003-11-30,120875.37
DE,2003-12-31,121022.77
DE,2004-01-31,122828.42
DE,2004-02-29,123079.0
DE,2004-03-31,125245.78
DE,2004-04-30,122894.75
DE,2004-05-31,123535.94
DE,2004-06-30,124818.32
DE,2004-07-31,125407.92
DE,2004-08-31,124014.99
DE,2004-09-30,124663.55
DE,2004-10-31,126623.97
DE,2004-11-30,130360.56
DE,2004-12-31,128606.5
DE,2005-01-31,128827.6
DE,2005-02-28,127707.36
DE,2005-03-31,129594.08
DE,2005-04-30,133006.39
DE,2005-05-31,133374.89
DE,2005-06-30,131031.23
DE,2005-07-31,130456.37
DE,2005-08-31,130404.78
DE,2005-09-30,130345.82
DE,2005-10-31,132026.18
DE,2005-11-30,129778.33
DE,2005-12-31,131023.86
DE,2006-01-31,136101.79
DE,2006-02-28,133323.3
DE,2006-03-31,135541.67
DE,2006-04-30,135379.53
DE,2006-05-31,135526.93
DE,2006-06-30,137973.77
DE,2006-07-31,138629.7
DE,2006-08-31,137037.78
DE,2006-09-30,139514.1
DE,2006-10-31,139226.67
DE,2006-11-30,138666.55
DE,2006-12-31,138010.62
DE,2007-01-31,136499.77
DE,2007-02-28,139514.1
DE,2007-03-31,139963.67
DE,2007-04-30,139639.39
DE,2007-05-31,138961.35
DE,2007-06-30,137686.34
DE,2007-07-31,137649.49
DE,2007-08-31,137207.29
DE,2007-09-30,136190.23
DE,2007-10-31,137435.76
DE,2007-11-30,136824.05
DE,2007-12-31,137671.6
DE,2008-01-31,142941.15
DE,2008-02-29,136440.81
DE,2008-03-31,139506.73
DE,2008-04-30,141968.31
DE,2008-05-31,141813.54
DE,2008-06-30,140317.43
DE,2008-07-31,140479.57
DE,2008-08-31,137877.96
DE,2008-09-30,144149.83
DE,2008-10-31,141997.79
DE,2008-11-30,143560.23
DE,2008-12-31,146751.44
DE,2009-01-31,146228.17
DE,2009-02-28,144945.79
DE,2009-03-31,146147.1
DE,2009-04-30,144842.61
DE,2009-05-31,147363.15
DE,2009-06-30,148468.65
DE,2009-07-31,147606.36
DE,2009-08-31,147731.65
DE,2009-09-30,146213.43
DE,2009-10-31,146655.63
DE,2009-11-30,147635.84
DE,2009-12-31,148004.34
DE,2010-01-31,149618.37
DE,2010-02-28,149080.36
DE,2010-03-31,151711.45
DE,2010-04-30,148004.34
DE,2010-05-31,150473.29
DE,2010-06-30,146257.65
DE,2010-07-31,147775.87
DE,2010-08-31,151085.0
DE,2010-09-30,149021.4
DE,2010-10-31,147761.13
DE,2010-11-30,147643.21
DE,2010-12-31,147245.23
DE,2011-01-31,147893.79
DE,2011-02-28,147112.57
DE,2011-03-31,147680.06
DE,2011-04-30,148092.78
DE,2011-05-31,147739.02
DE,2011-06-30,150908.12
DE,2011-07-31,150060.57
DE,2011-08-31,146589.3
DE,2011-09-30,145100.56
DE,2011-10-31,146721.96
DE,2011-11-30,145638.57
DE,2011-12-31,146950.43
DE,2012-01-31,147967.49
DE,2012-02-29,147945.38
DE,2012-03-31,149131.95
DE,2012-04-30,149920.54
DE,2012-05-31,149552.04
DE,2012-06-30,152389.49
DE,2012-07-31,153111.75
DE,2012-08-31,153288.63
DE,2012-09-30,154585.75
DE,2012-10-31,155809.17
DE,2012-11-30,156936.78
DE,2012-12-31,156686.2
DE,2013-01-31,160275.39
DE,2013-02-28,157157.88
DE,2013-03-31,158845.61
DE,2013-04-30,161999.97
DE,2013-05-31,163363.42
DE,2013-06-30,159818.45
DE,2013-07-31,161307.19
DE,2013-08-31,159862.67
DE,2013-09-30,160724.96
DE,2013-10-31,163356.05
DE,2013-11-30,160754.44
DE,2013-12-31,159214.11
DE,2014-01-31,158182.31
DE,2014-02-28,160024.81
DE,2014-03-31,161270.34
DE,2014-04-30,159037.23
DE,2014-05-31,160776.55
DE,2014-06-30,161314.56
DE,2014-07-31,160761.81
DE,2014-08-31,158130.72
DE,2014-09-30,158337.08
DE,2014-10-31,159398.36
DE,2014-11-30,158042.28
DE,2014-12-31,160769.18
DE,2015-01-31,158786.65
DE,2015-02-28,157585.34
DE,2015-03-31,159906.89
DE,2015-04-30,160186.95
DE,2015-05-31,158432.89
DE,2015-06-30,158174.94
DE,2015-07-31,156354.55
DE,2015-08-31,156347.18
DE,2015-09-30,157496.9
DE,2015-10-31,156936.78
DE,2015-11-30,156133.45
DE,2015-12-31,158705.58
DE,2016-01-31,156531.43
DE,2016-02-29,158263.38
DE,2016-03-31,156126.08
DE,2016-04-30,155484.89
DE,2016-05-31,157290.54
DE,2016-06-30,156708.31
DE,2016-07-31,157821.18
DE,2016-08-31,155197.46
DE,2016-09-30,154828.96
DE,2016-10-31,155728.1
DE,2016-11-30,153900.34
DE,2016-12-31,153097.01
DE,2017-01-31,152772.73
DE,2017-02-28,155123.76
DE,2017-03-31,154895.29
DE,2017-04-30,154195.14
DE,2017-05-31,156052.38
DE,2017-06-30,155197.46
DE,2017-07-31,153892.97
DE,2017-08-31,154239.36
DE,2017-09-30,151807.26
DE,2017-10-31,150613.32
DE,2017-11-30,152404.23
DE,2017-12-31,151261.88
DE,2018-01-31,150031.09
DE,2018-02-28,150023.72
DE,2018-03-31,152809.58
DE,2018-04-30,150259.56
DE,2018-05-31,151578.79
DE,2018-06-30,151195.55
DE,2018-07-31,149456.23
DE,2018-08-31,148792.93
DE,2018-09-30,148468.65
DE,2018-10-31,152750.62
DE,2018-11-30,149773.14
DE,2018-12-31,147554.77
DE,2019-01-31,150502.77
DE,2019-02-28,151210.29
DE,2019-03-31,150989.19
DE,2019-04-30,151792.52
DE,2019-05-31,151438.76
DE,2019-06-30,150944.97
DE,2019-07-31,152087.32
DE,2019-08-31,151460.87
DE,2019-09-30,151033.41
DE,2019-10-31,151011.3
DE,2019-11-30,151026.04
DE,2019-12-31,150657.54
DE,2020-01-31,150952.34
DE,2020-02-29,151239.77
DE,2020-03-31,154453.09
DE,2020-04-30,153900.34
DE,2020-05-31,153885.6
DE,2020-06-30,153229.67
DE,2020-07-31,152242.09
DE,2020-08-31,152566.37
DE,2020-09-30,152780.1
DE,2020-10-31,151158.7
DE,2020-11-30,152787.47
DE,2020-12-31,154202.51
DE,2021-01-31,155411.19
DE,2021-02-28,151320.84
DE,2021-03-31,154150.92
DE,2021-04-30,152227.35
DE,2021-05-31,150421.7
DE,2021-06-30,152441.08
DE,2021-07-31,153708.72
DE,2021-08-31,151866.22
DE,2021-09-30,149957.39
DE,2021-10-31,150215.34
DE,2021-11-30,150790.2
DE,2021-12-31,149249.87
DE,2022-01-31,149050.88
DE,2022-02-28,149095.1
DE,2022-03-31,150090.05
DE,2022-04-30,147002.02
DE,2022-05-31,149979.5
DE,2022-06-30,149109.84
DE,2022-07-31,148571.83
DE,2022-08-31,148800.3
DE,2022-09-30,147569.51
DE,2022-10-31,150967.08
DE,2022-11-30,148733.97
DE,2022-12-31,148733.97
DE,2023-01-31,149522.56
DE,2023-02-28,149220.39
DE,2023-03-31,146670.37
DE,2023-04-30,149117.21
DE,2023-05-31,150804.94
DE,2023-06-30,147893.79
DE,2023-07-31,149021.4
DE,2023-08-31,147775.87
DE,2023-09-30,144872.09
DE,2023-10-31,147060.98
DE,2023-11-30,146073.4
DE,2023-12-31,146920.95
DE,2024-01-31,146124.99
DE,2024-02-29,145004.75
DE,2024-03-31,148033.82
DE,2024-04-30,147908.53
DE,2024-05-31,147223.12
DE,2024-06-30,147702.17
DE,2024-07-31,148269.66
DE,2024-08-31,148638.16
DE,2024-09-30,146766.18
DE,2024-10-31,147326.3
DE,2024-11-30,144142.46
DE,2024-12-31,144864.72
DE,2025-01-31,145373.25
DE,2025-02-28,144901.57
DE,2025-03-31,144076.13
DK,2002-01-31,3235.43
DK,2002-02-28,2741.64
DK,2002-03-31,2822.71
DK,2002-04-30,2970.11
DK,2002-05-31,2771.12
DK,2002-06-30,2358.4
DK,2002-07-31,3375.46
DK,2002-08-31,2741.64
DK,2002-09-30,2933.26
DK,2002-10-31,3942.95
DK,2002-11-30,2992.22
DK,2002-12-31,3073.29
DK,2003-01-31,3685.0
DK,2003-02-28,3058.55
DK,2003-03-31,2830.08
DK,2003-04-30,2174.15
DK,2003-05-31,2896.41
DK,2003-06-30,2925.89
DK,2003-07-31,2984.85
DK,2003-08-31,3353.35
DK,2003-09-30,3080.66
DK,2003-10-31,3287.02
DK,2003-11-30,3463.9
DK,2003-12-31,3596.56
DK,2004-01-31,2623.72
DK,2004-02-29,2402.62
DK,2004-03-31,3493.38
DK,2004-04-30,3802.92
DK,2004-05-31,2800.6
DK,2004-06-30,3640.78
DK,2004-07-31,2822.71
DK,2004-08-31,3029.07
DK,2004-09-30,3751.33
DK,2004-10-31,4031.39
DK,2004-11-30,2925.89
DK,2004-12-31,3876.62
DK,2005-01-31,3559.71
DK,2005-02-28,3014.33
DK,2005-03-31,4127.2
DK,2005-04-30,3161.73
DK,2005-05-31,3095.4
DK,2005-06-30,3021.7
DK,2005-07-31,3486.01
DK,2005-08-31,3228.06
DK,2005-09-30,3257.54
DK,2005-10-31,3272.28
DK,2005-11-30,2881.67
DK,2005-12-31,3065.92
DK,2006-01-31,2970.11
DK,2006-02-28,2984.85
DK,2006-03-31,2918.52
DK,2006-04-30,3817.66
DK,2006-05-31,3345.98
DK,2006-06-30,3368.09
DK,2006-07-31,2483.69
DK,2006-08-31,3449.16
DK,2006-09-30,2690.05
DK,2006-10-31,3773.44
DK,2006-11-30,3508.12
DK,2006-12-31,2999.59
DK,2007-01-31,2911.15
DK,2007-02-28,3633.41
DK,2007-03-31,2977.48
DK,2007-04-30,3154.36
DK,2007-05-31,2815.34
DK,2007-06-30,2402.62
DK,2007-07-31,2800.6
DK,2007-08-31,2365.77
DK,2007-09-30,2719.53
DK,2007-10-31,2586.87
DK,2007-11-30,2778.49
DK,2007-12-31,3294.39
DK,2008-01-31,3397.57
DK,2008-02-29,3788.18
DK,2008-03-31,2763.75
DK,2008-04-30,3220.69
DK,2008-05-31,3102.77
DK,2008-06-30,3957.69
DK,2008-07-31,3839.77
DK,2008-08-31,2866.93
DK,2008-09-30,3088.03
DK,2008-10-31,2734.27
DK,2008-11-30,2844.82
DK,2008-12-31,3213.32
DK,2009-01-31,3036.44
DK,2009-02-28,3250.17
DK,2009-03-31,3279.65
DK,2009-04-30,3618.67
DK,2009-05-31,3382.83
DK,2009-06-30,3309.13
DK,2009-07-31,3176.47
DK,2009-08-31,3618.67
DK,2009-09-30,3102.77
DK,2009-10-31,2911.15
DK,2009-11-30,3006.96
DK,2009-12-31,3869.25
DK,2010-01-31,3102.77
DK,2010-02-28,3699.74
DK,2010-03-31,3898.73
DK,2010-04-30,3154.36
DK,2010-05-31,2682.68
DK,2010-06-30,3994.54
DK,2010-07-31,3169.1
DK,2010-08-31,3662.89
DK,2010-09-30,3014.33
DK,2010-10-31,3110.14
DK,2010-11-30,3390.2
DK,2010-12-31,3264.91
DK,2011-01-31,2704.79
DK,2011-02-28,3161.73
DK,2011-03-31,2601.61
DK,2011-04-30,3051.18
DK,2011-05-31,3721.85
DK,2011-06-30,3279.65
DK,2011-07-31,2911.15
DK,2011-08-31,3382.83
DK,2011-09-30,3434.42
DK,2011-10-31,3095.4
DK,2011-11-30,3375.46
DK,2011-12-31,3006.96
DK,2012-01-31,2719.53
DK,2012-02-29,3574.45
DK,2012-03-31,3486.01
DK,2012-04-30,3839.77
DK,2012-05-31,2785.86
DK,2012-06-30,3876.62
DK,2012-07-31,3198.58
DK,2012-08-31,3323.87
DK,2012-09-30,4105.09
DK,2012-10-31,3522.86
DK,2012-11-30,3603.93
DK,2012-12-31,4001.91
DK,2013-01-31,4525.18
DK,2013-02-28,3898.73
DK,2013-03-31,3257.54
DK,2013-04-30,3670.26
DK,2013-05-31,2903.78
DK,2013-06-30,3397.57
DK,2013-07-31,3205.95
DK,2013-08-31,3382.83
DK,2013-09-30,4370.41
DK,2013-10-31,3574.45
DK,2013-11-30,3928.21
DK,2013-12-31,4245.12
DK,2014-01-31,2962.74
DK,2014-02-28,4164.05
DK,2014-03-31,3043.81
DK,2014-04-30,3699.74
DK,2014-05-31,3648.15
DK,2014-06-30,3677.63
DK,2014-07-31,3449.16
DK,2014-08-31,3648.15
DK,2014-09-30,3036.44
DK,2014-10-31,3323.87
DK,2014-11-30,3677.63
DK,2014-12-31,3353.35
DK,2015-01-31,3434.42
DK,2015-02-28,3427.05
DK,2015-03-31,3626.04
DK,2015-04-30,3139.62
DK,2015-05-31,3743.96
DK,2015-06-30,3235.43
DK,2015-07-31,3169.1
DK,2015-08-31,3544.97
DK,2015-09-30,3883.99
DK,2015-10-31,3353.35
DK,2015-11-30,3530.23
DK,2015-12-31,3906.1
DK,2016-01-31,3257.54
DK,2016-02-29,3176.47
DK,2016-03-31,3397.57
DK,2016-04-30,2233.11
DK,2016-05-31,3412.31
DK,2016-06-30,3161.73
DK,2016-07-31,3287.02
DK,2016-08-31,3611.3
DK,2016-09-30,3205.95
DK,2016-10-31,3596.56
DK,2016-11-30,4038.76
DK,2016-12-31,3707.11
DK,2017-01-31,3567.08
DK,2017-02-28,3345.98
DK,2017-03-31,2785.86
DK,2017-04-30,3758.7
DK,2017-05-31,3161.73
DK,2017-06-30,3596.56
DK,2017-07-31,2925.89
DK,2017-08-31,3493.38
DK,2017-09-30,3102.77
DK,2017-10-31,3817.66
DK,2017-11-30,4340.93
DK,2017-12-31,3471.27
DK,2018-01-31,3198.58
DK,2018-02-28,3662.89
DK,2018-03-31,3198.58
DK,2018-04-30,3758.7
DK,2018-05-31,3456.53
DK,2018-06-30,3515.49
DK,2018-07-31,4385.15
DK,2018-08-31,4444.11
DK,2018-09-30,3316.5
DK,2018-10-31,3883.99
DK,2018-11-30,3058.55
DK,2018-12-31,3662.89
DK,2019-01-31,3743.96
DK,2019-02-28,3530.23
DK,2019-03-31,3699.74
DK,2019-04-30,3544.97
DK,2019-05-31,3058.55
DK,2019-06-30,3589.19
DK,2019-07-31,3287.02
DK,2019-08-31,4812.61
DK,2019-09-30,3869.25
DK,2019-10-31,3515.49
DK,2019-11-30,3006.96
DK,2019-12-31,4775.76
DK,2020-01-31,3589.19
DK,2020-02-29,3773.44
DK,2020-03-31,4134.57
DK,2020-04-30,3721.85
DK,2020-05-31,4945.27
DK,2020-06-30,4503.07
DK,2020-07-31,4377.78
DK,2020-08-31,3736.59
DK,2020-09-30,5159.0
DK,2020-10-31,4805.24
DK,2020-11-30,5402.21
DK,2020-12-31,5026.34
DK,2021-01-31,4223.01
DK,2021-02-28,5527.5
DK,2021-03-31,5601.2
DK,2021-04-30,4097.72
DK,2021-05-31,4657.84
DK,2021-06-30,4215.64
DK,2021-07-31,4046.13
DK,2021-08-31,3345.98
DK,2021-09-30,4112.46
DK,2021-10-31,3648.15
DK,2021-11-30,3080.66
DK,2021-12-31,4517.81
DK,2022-01-31,2409.99
DK,2022-02-28,3788.18
DK,2022-03-31,3449.16
DK,2022-04-30,3920.84
DK,2022-05-31,4068.24
DK,2022-06-30,3721.85
DK,2022-07-31,3161.73
DK,2022-08-31,2874.3
DK,2022-09-30,3471.27
DK,2022-10-31,3788.18
DK,2022-11-30,3839.77
DK,2022-12-31,3891.36
DK,2023-01-31,3847.14
DK,2023-02-28,3382.83
DK,2023-03-31,3633.41
DK,2023-04-30,4466.22
DK,2023-05-31,3382.83
DK,2023-06-30,3309.13
DK,2023-07-31,3773.44
DK,2023-08-31,3994.54
DK,2023-09-30,3161.73
DK,2023-10-31,3220.69
DK,2023-11-30,3154.36
DK,2023-12-31,3493.38
DK,2024-01-31,3766.07
DK,2024-02-29,3353.35
DK,2024-03-31,3110.14
DK,2024-04-30,4665.21
DK,2024-05-31,4001.91
DK,2024-06-30,3611.3
DK,2024-07-31,3419.68
DK,2024-08-31,3088.03
DK,2024-09-30,4156.68
DK,2024-10-31,2866.93
DK,2024-11-30,3427.05
DK,2024-12-31,2432.1
DK,2025-01-31,3139.62
DK,2025-02-28,2557.39
DK,2025-03-31,2328.92
DO,2002-01-31,189.0
DO,2002-02-28,609.0
DO,2002-03-31,610.0
DO,2002-04-30,287.0
DO,2002-05-31,287.0
DO,2002-06-30,635.0
DO,2002-07-31,272.0
DO,2002-08-31,514.0
DO,2002-09-30,747.0
DO,2002-10-31,289.0
DO,2002-11-30,313.0
DO,2002-12-31,372.0
DO,2003-01-31,638.0
DO,2003-02-28,888.0
DO,2003-03-31,387.0
DO,2003-04-30,344.0
DO,2003-05-31,440.0
DO,2003-06-30,572.0
DO,2003-07-31,596.0
DO,2003-08-31,474.0
DO,2003-09-30,534.0
DO,2003-10-31,615.0
DO,2003-11-30,701.0
DO,2003-12-31,339.0
DO,2004-01-31,0.0
DO,2004-02-29,0.0
DO,2004-03-31,0.0
DO,2004-04-30,0.0
DO,2004-05-31,0.0
DO,2004-06-30,0.0
DO,2004-07-31,0.0
DO,2004-08-31,0.0
DO,2004-09-30,0.0
DO,2004-10-31,0.0
DO,2004-11-30,0.0
DO,2004-12-31,0.0
DO,2005-01-31,0.0
DO,2005-02-28,0.0
DO,2005-03-31,0.0
DO,2005-04-30,0.0
DO,2005-05-31,0.0
DO,2005-06-30,295.0
DO,2005-07-31,0.0
DO,2005-08-31,0.0
DO,2005-09-30,0.0
DO,2005-10-31,0.0
DO,2005-11-30,0.0
DO,2005-12-31,0.0
DO,2006-01-31,400.0
DO,2006-02-28,528.0
DO,2006-03-31,494.0
DO,2006-04-30,447.0
DO,2006-05-31,409.0
DO,2006-06-30,467.0
DO,2006-07-31,502.0
DO,2006-08-31,501.0
DO,2006-09-30,642.0
DO,2006-10-31,811.0
DO,2006-11-30,432.0
DO,2006-12-31,510.0
DO,2007-01-31,1124.0
DO,2007-02-28,747.0
DO,2007-03-31,1062.0
DO,2007-04-30,527.0
DO,2007-05-31,142.0
DO,2007-06-30,913.0
DO,2007-07-31,1071.0
DO,2007-08-31,747.0
DO,2007-09-30,955.0
DO,2007-10-31,1261.0
DO,2007-11-30,873.0
DO,2007-12-31,1010.0
DO,2008-01-31,1179.0
DO,2008-02-29,1179.0
DO,2008-03-31,1144.0
DO,2008-04-30,658.0
DO,2008-05-31,735.0
DO,2008-06-30,1050.0
DO,2008-07-31,1025.0
DO,2008-08-31,785.0
DO,2008-09-30,781.0
DO,2008-10-31,371.0
DO,2008-11-30,929.0
DO,2008-12-31,689.0
DO,2009-01-31,311.0
DO,2009-02-28,566.0
DO,2009-03-31,741.0
DO,2009-04-30,596.0
DO,2009-05-31,525.0
DO,2009-06-30,0.0
DO,2009-07-31,499.0
DO,2009-08-31,612.0
DO,2009-09-30,275.0
DO,2009-10-31,382.0
DO,2009-11-30,546.0
DO,2009-12-31,725.0
DO,2010-01-31,499.0
DO,2010-02-28,794.0
DO,2010-03-31,436.0
DO,2010-04-30,785.0
DO,2010-05-31,795.0
DO,2010-06-30,952.0
DO,2010-07-31,552.0
DO,2010-08-31,748.0
DO,2010-09-30,934.0
DO,2010-10-31,686.0
DO,2010-11-30,959.0
DO,2010-12-31,604.0
DO,2011-01-31,704.0
DO,2011-02-28,371.0
DO,2011-03-31,813.0
DO,2011-04-30,934.0
DO,2011-05-31,722.0
DO,2011-06-30,445.0
DO,2011-07-31,506.0
DO,2011-08-31,629.0
DO,2011-09-30,811.0
DO,2011-10-31,914.0
DO,2011-11-30,519.0
DO,2011-12-31,601.0
DO,2012-01-31,618.0
DO,2012-02-29,646.0
DO,2012-03-31,659.0
DO,2012-04-30,284.0
DO,2012-05-31,310.0
DO,2012-06-30,875.0
DO,2012-07-31,449.0
DO,2012-08-31,550.0
DO,2012-09-30,776.0
DO,2012-10-31,959.0
DO,2012-11-30,965.0
DO,2012-12-31,884.0
DO,2013-01-31,533.0
DO,2013-02-28,722.0
DO,2013-03-31,425.0
DO,2013-04-30,612.0
DO,2013-05-31,437.0
DO,2013-06-30,679.0
DO,2013-07-31,648.0
DO,2013-08-31,813.0
DO,2013-09-30,418.0
DO,2013-10-31,607.0
DO,2013-11-30,899.0
DO,2013-12-31,631.0
DO,2014-01-31,899.0
DO,2014-02-28,607.0
DO,2014-03-31,631.0
DO,2014-04-30,898.0
DO,2014-05-31,667.0
DO,2014-06-30,360.0
DO,2014-07-31,627.0
DO,2014-08-31,814.0
DO,2014-09-30,465.0
DO,2014-10-31,504.0
DO,2014-11-30,462.0
DO,2014-12-31,446.0
DO,2015-01-31,174.0
DO,2015-02-28,183.0
DO,2015-03-31,185.0
DO,2015-04-30,186.0
DO,2015-05-31,695.0
DO,2015-06-30,935.0
DO,2015-07-31,835.0
DO,2015-08-31,411.0
DO,2015-09-30,490.0
DO,2015-10-31,437.0
DO,2015-11-30,714.0
DO,2015-12-31,492.0
DO,2016-01-31,588.0
DO,2016-02-29,269.0
DO,2016-03-31,378.0
DO,2016-04-30,485.0
DO,2016-05-31,558.0
DO,2016-06-30,438.0
DO,2016-07-31,526.0
DO,2016-08-31,730.0
DO,2016-09-30,737.0
DO,2016-10-31,518.0
DO,2016-11-30,323.0
DO,2016-12-31,480.0
DO,2017-01-31,601.0
DO,2017-02-28,648.0
DO,2017-03-31,382.0
DO,2017-04-30,550.0
DO,2017-05-31,855.0
DO,2017-06-30,1334.0
DO,2017-07-31,848.0
DO,2017-08-31,573.0
DO,2017-09-30,827.0
DO,2017-10-31,684.0
DO,2017-11-30,674.0
DO,2017-12-31,798.0
DO,2018-01-31,528.0
DO,2018-02-28,543.0
DO,2018-03-31,779.0
DO,2018-04-30,794.0
DO,2018-05-31,483.0
DO,2018-06-30,733.0
DO,2018-07-31,962.0
DO,2018-08-31,666.0
DO,2018-09-30,439.0
DO,2018-10-31,661.0
DO,2018-11-30,951.0
DO,2018-12-31,631.0
DO,2019-01-31,875.0
DO,2019-02-28,662.0
DO,2019-03-31,948.0
DO,2019-04-30,407.0
DO,2019-05-31,701.0
DO,2019-06-30,872.0
DO,2019-07-31,487.0
DO,2019-08-31,684.0
DO,2019-09-30,882.0
DO,2019-10-31,566.0
DO,2019-11-30,799.0
DO,2019-12-31,503.0
DO,2020-01-31,204.0
DO,2020-02-29,987.0
DO,2020-03-31,972.0
DO,2020-04-30,972.0
DO,2020-05-31,789.0
DO,2020-06-30,788.0
DO,2020-07-31,554.0
DO,2020-08-31,327.0
DO,2020-09-30,295.0
DO,2020-10-31,296.0
DO,2020-11-30,296.0
DO,2020-12-31,298.0
DO,2021-01-31,
DO,2021-02-28,
DO,2021-03-31,
DO,2021-04-30,
DO,2021-05-31,
DO,2021-06-30,
DO,2021-07-31,
DO,2021-08-31,
DO,2021-09-30,
DO,2021-10-31,
DO,2021-11-30,
DO,2021-12-31,
DO,2022-01-31,
DO,2022-02-28,
DO,2022-03-31,
DO,2022-04-30,
DO,2022-05-31,
DO,2022-06-30,
DO,2022-07-31,
DO,2022-08-31,
DO,2022-09-30,
DO,2022-10-31,
DO,2022-11-30,
DO,2022-12-31,
DO,2023-01-31,
DO,2023-02-28,
DO,2023-03-31,
DO,2023-04-30,
DO,2023-05-31,
DO,2023-06-30,
DO,2023-07-31,
DO,2023-08-31,
DO,2023-09-30,
DO,2023-10-31,
DO,2023-11-30,
DO,2023-12-31,
DO,2024-01-31,
DO,2024-02-29,
DO,2024-03-31,
DO,2024-04-30,
DO,2024-05-31,
DO,2024-06-30,
DO,2024-07-31,
DO,2024-08-31,
DO,2024-09-30,
DO,2024-10-31,
DO,2024-11-30,
DO,2024-12-31,
DO,2025-01-31,
DZ,2002-01-31,0.0
DZ,2002-02-28,0.0
DZ,2002-03-31,0.0
DZ,2002-04-30,0.0
DZ,2002-05-31,0.0
DZ,2002-06-30,0.0
DZ,2002-07-31,0.0
DZ,2002-08-31,0.0
DZ,2002-09-30,0.0
DZ,2002-10-31,0.0
DZ,2002-11-30,0.0
DZ,2002-12-31,0.0
DZ,2003-01-31,0.0
DZ,2003-02-28,0.0
DZ,2003-03-31,0.0
DZ,2003-04-30,0.0
DZ,2003-05-31,0.0
DZ,2003-06-30,0.0
DZ,2003-07-31,0.0
DZ,2003-08-31,0.0
DZ,2003-09-30,0.0
DZ,2003-10-31,0.0
DZ,2003-11-30,0.0
DZ,2003-12-31,0.0
DZ,2004-01-31,0.0
DZ,2004-02-29,0.0
DZ,2004-03-31,0.0
DZ,2004-04-30,0.0
DZ,2004-05-31,0.0
DZ,2004-06-30,0.0
DZ,2004-07-31,0.0
DZ,2004-08-31,0.0
DZ,2004-09-30,0.0
DZ,2004-10-31,0.0
DZ,2004-11-30,0.0
DZ,2004-12-31,0.0
DZ,2005-01-31,2859.0
DZ,2005-02-28,2488.0
DZ,2005-03-31,2835.0
DZ,2005-04-30,2742.0
DZ,2005-05-31,2474.0
DZ,2005-06-30,2313.0
DZ,2005-07-31,2171.0
DZ,2005-08-31,2211.0
DZ,2005-09-30,2337.0
DZ,2005-10-31,2294.0
DZ,2005-11-30,2208.0
DZ,2005-12-31,2204.0
DZ,2006-01-31,1764.0
DZ,2006-02-28,2363.0
DZ,2006-03-31,2217.0
DZ,2006-04-30,2173.0
DZ,2006-05-31,2266.0
DZ,2006-06-30,1919.0
DZ,2006-07-31,1900.0
DZ,2006-08-31,1890.0
DZ,2006-09-30,1946.0
DZ,2006-10-31,1925.0
DZ,2006-11-30,2130.0
DZ,2006-12-31,2266.0
DZ,2007-01-31,2179.0
DZ,2007-02-28,2120.0
DZ,2007-03-31,2075.0
DZ,2007-04-30,2141.0
DZ,2007-05-31,2041.0
DZ,2007-06-30,1980.0
DZ,2007-07-31,1908.0
DZ,2007-08-31,1797.0
DZ,2007-09-30,2068.0
DZ,2007-10-31,2233.0
DZ,2007-11-30,2075.0
DZ,2007-12-31,1959.0
DZ,2008-01-31,1936.0
DZ,2008-02-29,1939.0
DZ,2008-03-31,1807.0
DZ,2008-04-30,1729.0
DZ,2008-05-31,2017.0
DZ,2008-06-30,2012.0
DZ,2008-07-31,1822.0
DZ,2008-08-31,1631.0
DZ,2008-09-30,2063.0
DZ,2008-10-31,1882.0
DZ,2008-11-30,1864.0
DZ,2008-12-31,1972.0
DZ,2009-01-31,1890.0
DZ,2009-02-28,2099.0
DZ,2009-03-31,1895.0
DZ,2009-04-30,2017.0
DZ,2009-05-31,2082.0
DZ,2009-06-30,2135.0
DZ,2009-07-31,2195.0
DZ,2009-08-31,2209.0
DZ,2009-09-30,2171.0
DZ,2009-10-31,2016.0
DZ,2009-11-30,2048.0
DZ,2009-12-31,1998.0
DZ,2010-01-31,10351.0
DZ,2010-02-28,7103.0
DZ,2010-03-31,8380.0
DZ,2010-04-30,7515.0
DZ,2010-05-31,9513.0
DZ,2010-06-30,6687.0
DZ,2010-07-31,6017.0
DZ,2010-08-31,8220.0
DZ,2010-09-30,7249.0
DZ,2010-10-31,6759.0
DZ,2010-11-30,5872.0
DZ,2010-12-31,4452.0
DZ,2011-01-31,6477.0
DZ,2011-02-28,6576.0
DZ,2011-03-31,7563.0
DZ,2011-04-30,6893.0
DZ,2011-05-31,9833.0
DZ,2011-06-30,10823.0
DZ,2011-07-31,8577.0
DZ,2011-08-31,7798.0
DZ,2011-09-30,8602.0
DZ,2011-10-31,6971.0
DZ,2011-11-30,12395.0
DZ,2011-12-31,9637.0
DZ,2012-01-31,9654.0
DZ,2012-02-29,9863.0
DZ,2012-03-31,10216.0
DZ,2012-04-30,12279.0
DZ,2012-05-31,13136.0
DZ,2012-06-30,6971.0
DZ,2012-07-31,6036.0
DZ,2012-08-31,7243.0
DZ,2012-09-30,
DZ,2012-10-31,12390.0
DZ,2012-11-30,10340.0
DZ,2012-12-31,12696.0
DZ,2013-01-31,19735.0
DZ,2013-02-28,20050.0
DZ,2013-03-31,24662.0
DZ,2013-04-30,26143.0
DZ,2013-05-31,29854.0
DZ,2013-06-30,26257.0
DZ,2013-07-31,27662.0
DZ,2013-08-31,29695.0
DZ,2013-09-30,30325.0
DZ,2013-10-31,32541.0
DZ,2013-11-30,37766.0
DZ,2013-12-31,34175.0
DZ,2014-01-31,37145.0
DZ,2014-02-28,38822.0
DZ,2014-03-31,34791.0
DZ,2014-04-30,33132.0
DZ,2014-05-31,34840.0
DZ,2014-06-30,38754.0
DZ,2014-07-31,39750.0
DZ,2014-08-31,37102.0
DZ,2014-09-30,38899.0
DZ,2014-10-31,36330.0
DZ,2014-11-30,34152.0
DZ,2014-12-31,33136.0
DZ,2015-01-31,33848.0
DZ,2015-02-28,31406.0
DZ,2015-03-31,27699.0
DZ,2015-04-30,25912.0
DZ,2015-05-31,27482.0
DZ,2015-06-30,26902.0
DZ,2015-07-31,26178.0
DZ,2015-08-31,
DZ,2015-09-30,25184.0
DZ,2015-10-31,24819.0
DZ,2015-11-30,25140.0
DZ,2015-12-31,25110.0
DZ,2016-01-31,24172.0
DZ,2016-02-29,23924.0
DZ,2016-03-31,23298.0
DZ,2016-04-30,23006.0
DZ,2016-05-31,23059.0
DZ,2016-06-30,22964.0
DZ,2016-07-31,22813.0
DZ,2016-08-31,22162.0
DZ,2016-09-30,22065.0
DZ,2016-10-31,19801.0
DZ,2016-11-30,19037.0
DZ,2016-12-31,16576.0
DZ,2017-01-31,16463.0
DZ,2017-02-28,15781.0
DZ,2017-03-31,14355.0
DZ,2017-04-30,12697.0
DZ,2017-05-31,10546.0
DZ,2017-06-30,10333.0
DZ,2017-07-31,8033.0
DZ,2017-08-31,7821.0
DZ,2017-09-30,7879.0
DZ,2017-10-31,10666.0
DZ,2017-11-30,10969.0
DZ,2017-12-31,8909.0
DZ,2018-01-31,7804.0
DZ,2018-02-28,7567.0
DZ,2018-03-31,10184.0
DZ,2018-04-30,9721.0
DZ,2018-05-31,14382.0
DZ,2018-06-30,11059.0
DZ,2018-07-31,10236.0
DZ,2018-08-31,8723.0
DZ,2018-09-30,8077.0
DZ,2018-10-31,7852.0
DZ,2018-11-30,6935.0
DZ,2018-12-31,7610.0
DZ,2019-01-31,14373.0
DZ,2019-02-28,7855.0
DZ,2019-03-31,7261.0
DZ,2019-04-30,
DZ,2019-05-31,8718.0
DZ,2019-06-30,7725.0
DZ,2019-07-31,
DZ,2019-08-31,
DZ,2019-09-30,6073.0
DZ,2019-10-31,6173.0
DZ,2019-11-30,6561.0
DZ,2019-12-31,5193.0
DZ,2020-01-31,4557.0
DZ,2020-02-29,4716.0
DZ,2020-03-31,6705.0
DZ,2020-04-30,7874.0
DZ,2020-05-31,4399.0
DZ,2020-06-30,1217.0
DZ,2020-07-31,416.0
DZ,2020-08-31,1076.0
DZ,2020-09-30,2691.0
DZ,2020-10-31,2252.0
DZ,2020-11-30,3393.0
DZ,2020-12-31,893.0
DZ,2021-01-31,1778.0
DZ,2021-02-28,3389.0
DZ,2021-03-31,4454.0
DZ,2021-04-30,5170.0
DZ,2021-05-31,7055.0
DZ,2021-06-30,5791.0
DZ,2021-07-31,5963.0
DZ,2021-08-31,8803.0
DZ,2021-09-30,8941.0
DZ,2021-10-31,7324.0
DZ,2021-11-30,8844.0
DZ,2021-12-31,6686.0
DZ,2022-01-31,10020.0
DZ,2022-02-28,8680.0
DZ,2022-03-31,8363.0
DZ,2022-04-30,9850.0
DZ,2022-05-31,9327.0
DZ,2022-06-30,7458.0
DZ,2022-07-31,7381.0
DZ,2022-08-31,7681.0
DZ,2022-09-30,9042.0
DZ,2022-10-31,8572.0
DZ,2022-11-30,9245.0
DZ,2022-12-31,7780.0
DZ,2023-01-31,8553.0
DZ,2023-02-28,9202.0
DZ,2023-03-31,9104.0
DZ,2023-04-30,8971.0
DZ,2023-05-31,8324.0
DZ,2023-06-30,9015.0
DZ,2023-07-31,9091.0
DZ,2023-08-31,8189.0
DZ,2023-09-30,7652.0
DZ,2023-10-31,7766.0
DZ,2023-11-30,8309.0
DZ,2023-12-31,8011.0
DZ,2024-01-31,8170.0
DZ,2024-02-29,9335.0
DZ,2024-03-31,
DZ,2024-04-30,7865.0
DZ,2024-05-31,12081.0
DZ,2024-06-30,8532.0
DZ,2024-07-31,8435.0
DZ,2024-08-31,8709.0
DZ,2024-09-30,9265.0
DZ,2024-10-31,7592.0
DZ,2024-11-30,9106.0
DZ,2024-12-31,7122.0
DZ,2025-01-31,9396.0
DZ,2025-02-28,10367.0
DZ,2025-03-31,11305.0
EC,2002-01-31,4864.0
EC,2002-02-28,4665.0
EC,2002-03-31,5610.0
EC,2002-04-30,4669.0
EC,2002-05-31,5666.0
EC,2002-06-30,6634.0
EC,2002-07-31,5181.0
EC,2002-08-31,4769.0
EC,2002-09-30,4117.0
EC,2002-10-31,3879.0
EC,2002-11-30,3831.0
EC,2002-12-31,4242.0
EC,2003-01-31,6400.0
EC,2003-02-28,5438.0
EC,2003-03-31,5612.0
EC,2003-04-30,6648.0
EC,2003-05-31,5469.0
EC,2003-06-30,5639.0
EC,2003-07-31,4507.0
EC,2003-08-31,3992.0
EC,2003-09-30,3535.0
EC,2003-10-31,4698.0
EC,2003-11-30,5119.0
EC,2003-12-31,5576.0
EC,2004-01-31,8164.0
EC,2004-02-29,9037.0
EC,2004-03-31,5862.0
EC,2004-04-30,0.0
EC,2004-05-31,0.0
EC,2004-06-30,0.0
EC,2004-07-31,6397.0
EC,2004-08-31,5718.0
EC,2004-09-30,6047.0
EC,2004-10-31,4837.0
EC,2004-11-30,4966.0
EC,2004-12-31,5780.0
EC,2005-01-31,5150.0
EC,2005-02-28,6070.0
EC,2005-03-31,5030.0
EC,2005-04-30,5916.0
EC,2005-05-31,5579.0
EC,2005-06-30,5147.0
EC,2005-07-31,6349.0
EC,2005-08-31,6208.0
EC,2005-09-30,6714.0
EC,2005-10-31,7243.0
EC,2005-11-30,5765.0
EC,2005-12-31,6529.0
EC,2006-01-31,5087.0
EC,2006-02-28,5827.0
EC,2006-03-31,4831.0
EC,2006-04-30,4381.0
EC,2006-05-31,5112.0
EC,2006-06-30,4356.0
EC,2006-07-31,5585.0
EC,2006-08-31,5520.0
EC,2006-09-30,5427.0
EC,2006-10-31,5540.0
EC,2006-11-30,4811.0
EC,2006-12-31,4544.0
EC,2007-01-31,4436.0
EC,2007-02-28,4642.0
EC,2007-03-31,4200.0
EC,2007-04-30,4835.0
EC,2007-05-31,6864.0
EC,2007-06-30,6552.0
EC,2007-07-31,6048.0
EC,2007-08-31,3428.0
EC,2007-09-30,3757.0
EC,2007-10-31,9813.0
EC,2007-11-30,10840.0
EC,2007-12-31,11675.0
EC,2008-01-31,9003.0
EC,2008-02-29,8532.0
EC,2008-03-31,9962.0
EC,2008-04-30,9137.0
EC,2008-05-31,8608.0
EC,2008-06-30,8186.0
EC,2008-07-31,8659.0
EC,2008-08-31,8518.0
EC,2008-09-30,9431.0
EC,2008-10-31,9206.0
EC,2008-11-30,8983.0
EC,2008-12-31,8109.0
EC,2009-01-31,7046.0
EC,2009-02-28,7561.0
EC,2009-03-31,7933.0
EC,2009-04-30,6970.0
EC,2009-05-31,7516.0
EC,2009-06-30,9421.0
EC,2009-07-31,8983.0
EC,2009-08-31,7690.0
EC,2009-09-30,7582.0
EC,2009-10-31,7919.0
EC,2009-11-30,8526.0
EC,2009-12-31,7379.0
EC,2010-01-31,7379.0
EC,2010-02-28,8047.0
EC,2010-03-31,8457.0
EC,2010-04-30,8244.0
EC,2010-05-31,8935.0
EC,2010-06-30,7788.0
EC,2010-07-31,9306.0
EC,2010-08-31,10387.0
EC,2010-09-30,9920.0
EC,2010-10-31,9694.0
EC,2010-11-30,7999.0
EC,2010-12-31,9529.0
EC,2011-01-31,9686.0
EC,2011-02-28,8636.0
EC,2011-03-31,7752.0
EC,2011-04-30,9576.0
EC,2011-05-31,9242.0
EC,2011-06-30,8667.0
EC,2011-07-31,7969.0
EC,2011-08-31,7824.0
EC,2011-09-30,7666.0
EC,2011-10-31,9136.0
EC,2011-11-30,10020.0
EC,2011-12-31,11806.0
EC,2012-01-31,9624.0
EC,2012-02-29,8461.0
EC,2012-03-31,8910.0
EC,2012-04-30,9156.0
EC,2012-05-31,8427.0
EC,2012-06-30,8947.0
EC,2012-07-31,9212.0
EC,2012-08-31,9304.0
EC,2012-09-30,8440.0
EC,2012-10-31,8790.0
EC,2012-11-30,9706.0
EC,2012-12-31,9810.0
EC,2013-01-31,9898.0
EC,2013-02-28,9052.0
EC,2013-03-31,9384.0
EC,2013-04-30,10422.0
EC,2013-05-31,10868.0
EC,2013-06-30,10318.0
EC,2013-07-31,9587.0
EC,2013-08-31,9586.0
EC,2013-09-30,7582.0
EC,2013-10-31,7946.0
EC,2013-11-30,8000.0
EC,2013-12-31,8739.0
EC,2014-01-31,8409.0
EC,2014-02-28,8876.0
EC,2014-03-31,8935.0
EC,2014-04-30,11461.0
EC,2014-05-31,9814.0
EC,2014-06-30,8516.0
EC,2014-07-31,8698.0
EC,2014-08-31,7835.0
EC,2014-09-30,7813.0
EC,2014-10-31,9592.0
EC,2014-11-30,8133.0
EC,2014-12-31,9399.0
EC,2015-01-31,8763.0
EC,2015-02-28,8599.0
EC,2015-03-31,8402.0
EC,2015-04-30,9425.0
EC,2015-05-31,10521.0
EC,2015-06-30,9852.0
EC,2015-07-31,8285.0
EC,2015-08-31,7933.0
EC,2015-09-30,8208.0
EC,2015-10-31,9731.0
EC,2015-11-30,10100.0
EC,2015-12-31,9254.0
EC,2016-01-31,8844.0
EC,2016-02-29,9026.0
EC,2016-03-31,8272.0
EC,2016-04-30,9345.0
EC,2016-05-31,8675.0
EC,2016-06-30,9353.0
EC,2016-07-31,7883.0
EC,2016-08-31,8606.0
EC,2016-09-30,9378.0
EC,2016-10-31,8092.0
EC,2016-11-30,8188.0
EC,2016-12-31,8062.0
EC,2017-01-31,8379.0
EC,2017-02-28,8029.0
EC,2017-03-31,8518.0
EC,2017-04-30,9421.0
EC,2017-05-31,9717.0
EC,2017-06-30,9878.0
EC,2017-07-31,9810.0
EC,2017-08-31,9897.0
EC,2017-09-30,9453.0
EC,2017-10-31,9481.0
EC,2017-11-30,9016.0
EC,2017-12-31,9396.0
EC,2018-01-31,8400.0
EC,2018-02-28,9560.0
EC,2018-03-31,9295.0
EC,2018-04-30,9139.0
EC,2018-05-31,9707.0
EC,2018-06-30,9374.0
EC,2018-07-31,9878.0
EC,2018-08-31,9451.0
EC,2018-09-30,8662.0
EC,2018-10-31,8726.0
EC,2018-11-30,9392.0
EC,2018-12-31,9571.0
EC,2019-01-31,9791.0
EC,2019-02-28,9919.0
EC,2019-03-31,10945.0
EC,2019-04-30,10868.0
EC,2019-05-31,10911.0
EC,2019-06-30,10290.0
EC,2019-07-31,10218.0
EC,2019-08-31,10477.0
EC,2019-09-30,9533.0
EC,2019-10-31,9179.0
EC,2019-11-30,8657.0
EC,2019-12-31,10445.0
EC,2020-01-31,
EC,2020-02-29,
EC,2020-03-31,
EC,2020-04-30,
EC,2020-05-31,
EC,2020-06-30,
EC,2020-07-31,
EC,2020-08-31,
EC,2020-09-30,
EC,2020-10-31,
EC,2020-11-30,
EC,2020-12-31,
EC,2021-01-31,
EC,2021-02-28,
EC,2021-03-31,
EC,2021-04-30,
EC,2021-05-31,
EC,2021-06-30,
EC,2021-07-31,
EC,2021-08-31,
EC,2021-09-30,
EC,2021-10-31,
EC,2021-11-30,
EC,2021-12-31,
EC,2022-01-31,
EC,2022-02-28,
EC,2022-03-31,
EC,2022-04-30,
EC,2022-05-31,
EC,2022-06-30,
EC,2022-07-31,
EC,2022-08-31,
EC,2022-09-30,
EC,2022-10-31,
EC,2022-11-30,
EC,2022-12-31,
EC,2023-01-31,
EC,2023-02-28,
EC,2023-03-31,
EC,2023-04-30,
EC,2023-05-31,
EC,2023-06-30,
EC,2023-07-31,
EC,2023-08-31,
EC,2023-09-30,
EC,2023-10-31,
EC,2023-11-30,
EC,2023-12-31,
EC,2024-01-31,
EC,2024-02-29,
EC,2024-03-31,
EC,2024-04-30,
EC,2024-05-31,
EC,2024-06-30,
EC,2024-07-31,
EC,2024-08-31,
EC,2024-09-30,
EC,2024-10-31,
EC,2024-11-30,
EC,2024-12-31,
EC,2025-01-31,
EC,2025-02-28,
EC,2025-03-31,
EG,2002-01-31,
EG,2002-02-28,
EG,2002-03-31,
EG,2002-04-30,
EG,2002-05-31,
EG,2002-06-30,
EG,2002-07-31,
EG,2002-08-31,
EG,2002-09-30,
EG,2002-10-31,
EG,2002-11-30,
EG,2002-12-31,
EG,2003-01-31,
EG,2003-02-28,
EG,2003-03-31,
EG,2003-04-30,
EG,2003-05-31,
EG,2003-06-30,
EG,2003-07-31,
EG,2003-08-31,
EG,2003-09-30,
EG,2003-10-31,
EG,2003-11-30,
EG,2003-12-31,
EG,2004-01-31,
EG,2004-02-29,
EG,2004-03-31,
EG,2004-04-30,
EG,2004-05-31,
EG,2004-06-30,
EG,2004-07-31,
EG,2004-08-31,
EG,2004-09-30,
EG,2004-10-31,
EG,2004-11-30,
EG,2004-12-31,
EG,2005-01-31,
EG,2005-02-28,
EG,2005-03-31,
EG,2005-04-30,
EG,2005-05-31,
EG,2005-06-30,
EG,2005-07-31,
EG,2005-08-31,
EG,2005-09-30,
EG,2005-10-31,
EG,2005-11-30,
EG,2005-12-31,
EG,2006-01-31,
EG,2006-02-28,
EG,2006-03-31,
EG,2006-04-30,
EG,2006-05-31,
EG,2006-06-30,
EG,2006-07-31,
EG,2006-08-31,
EG,2006-09-30,
EG,2006-10-31,
EG,2006-11-30,
EG,2006-12-31,
EG,2007-01-31,
EG,2007-02-28,
EG,2007-03-31,
EG,2007-04-30,
EG,2007-05-31,
EG,2007-06-30,
EG,2007-07-31,
EG,2007-08-31,
EG,2007-09-30,
EG,2007-10-31,
EG,2007-11-30,
EG,2007-12-31,
EG,2008-01-31,
EG,2008-02-29,
EG,2008-03-31,
EG,2008-04-30,
EG,2008-05-31,
EG,2008-06-30,
EG,2008-07-31,
EG,2008-08-31,
EG,2008-09-30,
EG,2008-10-31,
EG,2008-11-30,
EG,2008-12-31,
EG,2009-01-31,
EG,2009-02-28,
EG,2009-03-31,
EG,2009-04-30,
EG,2009-05-31,
EG,2009-06-30,
EG,2009-07-31,
EG,2009-08-31,
EG,2009-09-30,
EG,2009-10-31,
EG,2009-11-30,
EG,2009-12-31,
EG,2010-01-31,
EG,2010-02-28,
EG,2010-03-31,
EG,2010-04-30,
EG,2010-05-31,
EG,2010-06-30,
EG,2010-07-31,
EG,2010-08-31,
EG,2010-09-30,
EG,2010-10-31,
EG,2010-11-30,
EG,2010-12-31,
EG,2011-01-31,
EG,2011-02-28,
EG,2011-03-31,
EG,2011-04-30,
EG,2011-05-31,
EG,2011-06-30,
EG,2011-07-31,
EG,2011-08-31,
EG,2011-09-30,
EG,2011-10-31,
EG,2011-11-30,
EG,2011-12-31,
EG,2012-01-31,
EG,2012-02-29,
EG,2012-03-31,
EG,2012-04-30,
EG,2012-05-31,
EG,2012-06-30,
EG,2012-07-31,
EG,2012-08-31,
EG,2012-09-30,
EG,2012-10-31,
EG,2012-11-30,
EG,2012-12-31,
EG,2013-01-31,
EG,2013-02-28,
EG,2013-03-31,
EG,2013-04-30,
EG,2013-05-31,
EG,2013-06-30,
EG,2013-07-31,
EG,2013-08-31,
EG,2013-09-30,
EG,2013-10-31,
EG,2013-11-30,
EG,2013-12-31,
EG,2014-01-31,
EG,2014-02-28,
EG,2014-03-31,
EG,2014-04-30,
EG,2014-05-31,
EG,2014-06-30,
EG,2014-07-31,
EG,2014-08-31,
EG,2014-09-30,
EG,2014-10-31,
EG,2014-11-30,
EG,2014-12-31,
EG,2015-01-31,
EG,2015-02-28,
EG,2015-03-31,
EG,2015-04-30,
EG,2015-05-31,
EG,2015-06-30,
EG,2015-07-31,
EG,2015-08-31,
EG,2015-09-30,
EG,2015-10-31,
EG,2015-11-30,
EG,2015-12-31,
EG,2016-01-31,
EG,2016-02-29,
EG,2016-03-31,
EG,2016-04-30,
EG,2016-05-31,
EG,2016-06-30,
EG,2016-07-31,
EG,2016-08-31,
EG,2016-09-30,
EG,2016-10-31,
EG,2016-11-30,
EG,2016-12-31,
EG,2017-01-31,
EG,2017-02-28,
EG,2017-03-31,
EG,2017-04-30,
EG,2017-05-31,
EG,2017-06-30,
EG,2017-07-31,
EG,2017-08-31,
EG,2017-09-30,
EG,2017-10-31,
EG,2017-11-30,
EG,2017-12-31,
EG,2018-01-31,
EG,2018-02-28,
EG,2018-03-31,
EG,2018-04-30,
EG,2018-05-31,
EG,2018-06-30,
EG,2018-07-31,
EG,2018-08-31,
EG,2018-09-30,
EG,2018-10-31,
EG,2018-11-30,
EG,2018-12-31,
EG,2019-01-31,
EG,2019-02-28,
EG,2019-03-31,
EG,2019-04-30,
EG,2019-05-31,
EG,2019-06-30,
EG,2019-07-31,
EG,2019-08-31,
EG,2019-09-30,
EG,2019-10-31,
EG,2019-11-30,
EG,2019-12-31,
EG,2020-01-31,
EG,2020-02-29,
EG,2020-03-31,
EG,2020-04-30,
EG,2020-05-31,
EG,2020-06-30,
EG,2020-07-31,
EG,2020-08-31,
EG,2020-09-30,
EG,2020-10-31,
EG,2020-11-30,
EG,2020-12-31,
EG,2021-01-31,
EG,2021-02-28,
EG,2021-03-31,
EG,2021-04-30,
EG,2021-05-31,
EG,2021-06-30,
EG,2021-07-31,
EG,2021-08-31,
EG,2021-09-30,
EG,2021-10-31,
EG,2021-11-30,
EG,2021-12-31,
EG,2022-01-31,
EG,2022-02-28,
EG,2022-03-31,
EG,2022-04-30,
EG,2022-05-31,
EG,2022-06-30,
EG,2022-07-31,
EG,2022-08-31,
EG,2022-09-30,
EG,2022-10-31,
EG,2022-11-30,
EG,2022-12-31,
EG,2023-01-31,
EG,2023-02-28,
EG,2023-03-31,
EG,2023-04-30,
EG,2023-05-31,
EG,2023-06-30,
EG,2023-07-31,
EG,2023-08-31,
EG,2023-09-30,
EG,2023-10-31,
EG,2023-11-30,
EG,2023-12-31,
EG,2024-01-31,
EG,2024-02-29,
EG,2024-03-31,
EG,2024-04-30,
EG,2024-05-31,
EG,2024-06-30,
EG,2024-07-31,
EG,2024-08-31,
EG,2024-09-30,
EG,2024-10-31,
EG,2024-11-30,
EG,2024-12-31,
EG,2025-01-31,
EG,2025-02-28,
EG,2025-03-31,
ES,2002-01-31,37417.49
ES,2002-02-28,39842.22
ES,2002-03-31,36908.96
ES,2002-04-30,37358.53
ES,2002-05-31,38058.68
ES,2002-06-30,40048.58
ES,2002-07-31,38825.16
ES,2002-08-31,38987.3
ES,2002-09-30,38434.55
ES,2002-10-31,38508.25
ES,2002-11-30,40343.38
ES,2002-12-31,37380.64
ES,2003-01-31,36304.62
ES,2003-02-28,36599.42
ES,2003-03-31,40505.52
ES,2003-04-30,38707.24
ES,2003-05-31,37785.99
ES,2003-06-30,40004.36
ES,2003-07-31,37918.65
ES,2003-08-31,40085.43
ES,2003-09-30,39311.58
ES,2003-10-31,40232.83
ES,2003-11-30,39562.16
ES,2003-12-31,40247.57
ES,2004-01-31,40114.91
ES,2004-02-29,41073.01
ES,2004-03-31,39252.62
ES,2004-04-30,42569.12
ES,2004-05-31,40151.76
ES,2004-06-30,40579.22
ES,2004-07-31,38537.73
ES,2004-08-31,39061.0
ES,2004-09-30,39849.59
ES,2004-10-31,40903.5
ES,2004-11-30,37446.97
ES,2004-12-31,36857.37
ES,2005-01-31,39149.44
ES,2005-02-28,42510.16
ES,2005-03-31,41080.38
ES,2005-04-30,40078.06
ES,2005-05-31,40645.55
ES,2005-06-30,41146.71
ES,2005-07-31,41021.42
ES,2005-08-31,40328.64
ES,2005-09-30,39164.18
ES,2005-10-31,38618.8
ES,2005-11-30,38331.37
ES,2005-12-31,38331.37
ES,2006-01-31,38382.96
ES,2006-02-28,37837.58
ES,2006-03-31,37948.13
ES,2006-04-30,39731.67
ES,2006-05-31,38987.3
ES,2006-06-30,38051.31
ES,2006-07-31,41891.08
ES,2006-08-31,37306.94
ES,2006-09-30,37933.39
ES,2006-10-31,37262.72
ES,2006-11-30,37852.32
ES,2006-12-31,40733.99
ES,2007-01-31,36931.07
ES,2007-02-28,41323.59
ES,2007-03-31,37587.0
ES,2007-04-30,37734.4
ES,2007-05-31,40277.05
ES,2007-06-30,38692.5
ES,2007-07-31,38427.18
ES,2007-08-31,37520.67
ES,2007-09-30,39746.41
ES,2007-10-31,41330.96
ES,2007-11-30,39893.81
ES,2007-12-31,40247.57
ES,2008-01-31,40829.8
ES,2008-02-29,40262.31
ES,2008-03-31,37970.24
ES,2008-04-30,38677.76
ES,2008-05-31,38419.81
ES,2008-06-30,39879.07
ES,2008-07-31,40991.94
ES,2008-08-31,38139.75
ES,2008-09-30,38029.2
ES,2008-10-31,37712.29
ES,2008-11-30,38721.98
ES,2008-12-31,40343.38
ES,2009-01-31,36967.92
ES,2009-02-28,38515.62
ES,2009-03-31,39967.51
ES,2009-04-30,35788.72
ES,2009-05-31,36945.81
ES,2009-06-30,40881.39
ES,2009-07-31,38471.4
ES,2009-08-31,37196.39
ES,2009-09-30,36400.43
ES,2009-10-31,37240.61
ES,2009-11-30,37749.14
ES,2009-12-31,38419.81
ES,2010-01-31,36415.17
ES,2010-02-28,36901.59
ES,2010-03-31,37653.33
ES,2010-04-30,37078.47
ES,2010-05-31,40792.95
ES,2010-06-30,37071.1
ES,2010-07-31,37550.15
ES,2010-08-31,39879.07
ES,2010-09-30,32531.18
ES,2010-10-31,36216.18
ES,2010-11-30,34130.47
ES,2010-12-31,36783.67
ES,2011-01-31,37262.72
ES,2011-02-28,40402.34
ES,2011-03-31,37174.28
ES,2011-04-30,36702.6
ES,2011-05-31,37690.18
ES,2011-06-30,36171.96
ES,2011-07-31,36842.63
ES,2011-08-31,35213.86
ES,2011-09-30,36606.79
ES,2011-10-31,35744.5
ES,2011-11-30,38633.54
ES,2011-12-31,36186.7
ES,2012-01-31,36230.92
ES,2012-02-29,40962.46
ES,2012-03-31,37505.93
ES,2012-04-30,39134.7
ES,2012-05-31,38183.97
ES,2012-06-30,40446.56
ES,2012-07-31,38007.09
ES,2012-08-31,38950.45
ES,2012-09-30,38817.79
ES,2012-10-31,36113.0
ES,2012-11-30,36702.6
ES,2012-12-31,34005.18
ES,2013-01-31,37144.8
ES,2013-02-28,38987.3
ES,2013-03-31,38500.88
ES,2013-04-30,36370.95
ES,2013-05-31,37270.09
ES,2013-06-30,35420.22
ES,2013-07-31,38456.66
ES,2013-08-31,38640.91
ES,2013-09-30,37491.19
ES,2013-10-31,41161.45
ES,2013-11-30,41227.78
ES,2013-12-31,34631.63
ES,2014-01-31,38574.58
ES,2014-02-28,37830.21
ES,2014-03-31,36879.48
ES,2014-04-30,38257.67
ES,2014-05-31,39930.66
ES,2014-06-30,37970.24
ES,2014-07-31,36658.38
ES,2014-08-31,35324.41
ES,2014-09-30,38382.96
ES,2014-10-31,38943.08
ES,2014-11-30,36061.41
ES,2014-12-31,37063.73
ES,2015-01-31,33879.89
ES,2015-02-28,40468.67
ES,2015-03-31,43401.93
ES,2015-04-30,41603.65
ES,2015-05-31,37321.68
ES,2015-06-30,38161.86
ES,2015-07-31,39996.99
ES,2015-08-31,37623.85
ES,2015-09-30,40792.95
ES,2015-10-31,38338.74
ES,2015-11-30,38537.73
ES,2015-12-31,36525.72
ES,2016-01-31,37159.54
ES,2016-02-29,37587.0
ES,2016-03-31,40431.82
ES,2016-04-30,41611.02
ES,2016-05-31,40874.02
ES,2016-06-30,38375.59
ES,2016-07-31,39716.93
ES,2016-08-31,40616.07
ES,2016-09-30,38825.16
ES,2016-10-31,34233.65
ES,2016-11-30,34896.95
ES,2016-12-31,31543.6
ES,2017-01-31,34440.01
ES,2017-02-28,37778.62
ES,2017-03-31,37417.49
ES,2017-04-30,35560.25
ES,2017-05-31,34388.42
ES,2017-06-30,34521.08
ES,2017-07-31,38456.66
ES,2017-08-31,34056.77
ES,2017-09-30,34661.11
ES,2017-10-31,34801.14
ES,2017-11-30,38552.47
ES,2017-12-31,31838.4
ES,2018-01-31,35582.36
ES,2018-02-28,37343.79
ES,2018-03-31,35147.53
ES,2018-04-30,37844.95
ES,2018-05-31,35884.53
ES,2018-06-30,32737.54
ES,2018-07-31,35847.68
ES,2018-08-31,31005.59
ES,2018-09-30,33106.04
ES,2018-10-31,33187.11
ES,2018-11-30,32332.19
ES,2018-12-31,30217.0
ES,2019-01-31,30231.74
ES,2019-02-28,33223.96
ES,2019-03-31,32214.27
ES,2019-04-30,30872.93
ES,2019-05-31,33098.67
ES,2019-06-30,37933.39
ES,2019-07-31,35125.42
ES,2019-08-31,35412.85
ES,2019-09-30,34403.16
ES,2019-10-31,34056.77
ES,2019-11-30,35538.14
ES,2019-12-31,35339.15
ES,2020-01-31,32752.28
ES,2020-02-29,33047.08
ES,2020-03-31,32649.1
ES,2020-04-30,38581.95
ES,2020-05-31,32509.07
ES,2020-06-30,32192.16
ES,2020-07-31,33754.6
ES,2020-08-31,35066.46
ES,2020-09-30,33231.33
ES,2020-10-31,35589.73
ES,2020-11-30,32722.8
ES,2020-12-31,33341.88
ES,2021-01-31,33680.9
ES,2021-02-28,32531.18
ES,2021-03-31,32162.68
ES,2021-04-30,30644.46
ES,2021-05-31,31094.03
ES,2021-06-30,31698.37
ES,2021-07-31,30666.57
ES,2021-08-31,32516.44
ES,2021-09-30,28448.2
ES,2021-10-31,30371.77
ES,2021-11-30,30482.32
ES,2021-12-31,27851.23
ES,2022-01-31,27401.66
ES,2022-02-28,29104.13
ES,2022-03-31,29811.65
ES,2022-04-30,29177.83
ES,2022-05-31,30548.65
ES,2022-06-30,30393.88
ES,2022-07-31,33695.64
ES,2022-08-31,34123.1
ES,2022-09-30,31226.69
ES,2022-10-31,31639.41
ES,2022-11-30,30091.71
ES,2022-12-31,29347.34
ES,2023-01-31,30327.55
ES,2023-02-28,32184.79
ES,2023-03-31,30393.88
ES,2023-04-30,33408.21
ES,2023-05-31,31919.47
ES,2023-06-30,31219.32
ES,2023-07-31,32339.56
ES,2023-08-31,33032.34
ES,2023-09-30,30666.57
ES,2023-10-31,31971.06
ES,2023-11-30,29789.54
ES,2023-12-31,26937.35
ES,2024-01-31,30762.38
ES,2024-02-29,27858.6
ES,2024-03-31,24910.6
ES,2024-04-30,31639.41
ES,2024-05-31,31919.47
ES,2024-06-30,32192.16
ES,2024-07-31,28684.04
ES,2024-08-31,30725.53
ES,2024-09-30,28190.25
ES,2024-10-31,25979.25
ES,2024-11-30,28853.55
ES,2024-12-31,28801.96
ES,2025-01-31,27924.93
ES,2025-02-28,30217.0
ES,2025-03-31,30165.41
FI,2002-01-31,9499.93
FI,2002-02-28,8357.58
FI,2002-03-31,7355.26
FI,2002-04-30,7473.18
FI,2002-05-31,7016.24
FI,2002-06-30,7804.83
FI,2002-07-31,6736.18
FI,2002-08-31,6824.62
FI,2002-09-30,8195.44
FI,2002-10-31,8364.95
FI,2002-11-30,7163.64
FI,2002-12-31,6773.03
FI,2003-01-31,6986.76
FI,2003-02-28,6846.73
FI,2003-03-31,6507.71
FI,2003-04-30,6529.82
FI,2003-05-31,6551.93
FI,2003-06-30,6559.3
FI,2003-07-31,6190.8
FI,2003-08-31,6301.35
FI,2003-09-30,5409.58
FI,2003-10-31,6662.48
FI,2003-11-30,5947.59
FI,2003-12-31,6065.51
FI,2004-01-31,6065.51
FI,2004-02-29,6699.33
FI,2004-03-31,8011.19
FI,2004-04-30,6677.22
FI,2004-05-31,5652.79
FI,2004-06-30,5556.98
FI,2004-07-31,6470.86
FI,2004-08-31,6890.95
FI,2004-09-30,6094.99
FI,2004-10-31,6434.01
FI,2004-11-30,8880.85
FI,2004-12-31,7694.28
FI,2005-01-31,6876.21
FI,2005-02-28,7605.84
FI,2005-03-31,7900.64
FI,2005-04-30,7878.53
FI,2005-05-31,7428.96
FI,2005-06-30,8438.65
FI,2005-07-31,6212.91
FI,2005-08-31,5416.95
FI,2005-09-30,7045.72
FI,2005-10-31,5918.11
FI,2005-11-30,5225.33
FI,2005-12-31,5704.38
FI,2006-01-31,6139.21
FI,2006-02-28,6330.83
FI,2006-03-31,6360.31
FI,2006-04-30,5873.89
FI,2006-05-31,6293.98
FI,2006-06-30,8180.7
FI,2006-07-31,5785.45
FI,2006-08-31,6375.05
FI,2006-09-30,7583.73
FI,2006-10-31,8755.56
FI,2006-11-30,8158.59
FI,2006-12-31,7001.5
FI,2007-01-31,8158.59
FI,2007-02-28,8880.85
FI,2007-03-31,8770.3
FI,2007-04-30,6750.92
FI,2007-05-31,7546.88
FI,2007-06-30,7694.28
FI,2007-07-31,7185.75
FI,2007-08-31,7451.07
FI,2007-09-30,7966.97
FI,2007-10-31,7399.48
FI,2007-11-30,7406.85
FI,2007-12-31,7252.08
FI,2008-01-31,7163.64
FI,2008-02-29,7384.74
FI,2008-03-31,6765.66
FI,2008-04-30,7200.49
FI,2008-05-31,7288.93
FI,2008-06-30,6905.69
FI,2008-07-31,7259.45
FI,2008-08-31,7126.79
FI,2008-09-30,7259.45
FI,2008-10-31,5977.07
FI,2008-11-30,5947.59
FI,2008-12-31,7399.48
FI,2009-01-31,8799.78
FI,2009-02-28,9470.45
FI,2009-03-31,10222.19
FI,2009-04-30,10030.57
FI,2009-05-31,8438.65
FI,2009-06-30,5807.56
FI,2009-07-31,5461.17
FI,2009-08-31,5770.71
FI,2009-09-30,5416.95
FI,2009-10-31,6117.1
FI,2009-11-30,6434.01
FI,2009-12-31,5829.67
FI,2010-01-31,6596.15
FI,2010-02-28,6168.69
FI,2010-03-31,5615.94
FI,2010-04-30,7605.84
FI,2010-05-31,5461.17
FI,2010-06-30,6286.61
FI,2010-07-31,6633.0
FI,2010-08-31,6109.73
FI,2010-09-30,5910.74
FI,2010-10-31,7650.06
FI,2010-11-30,6551.93
FI,2010-12-31,6714.07
FI,2011-01-31,6360.31
FI,2011-02-28,5365.36
FI,2011-03-31,5733.86
FI,2011-04-30,5498.02
FI,2011-05-31,6316.09
FI,2011-06-30,5844.41
FI,2011-07-31,5910.74
FI,2011-08-31,5822.3
FI,2011-09-30,5726.49
FI,2011-10-31,5063.19
FI,2011-11-30,5999.18
FI,2011-12-31,5778.08
FI,2012-01-31,6352.94
FI,2012-02-29,6854.1
FI,2012-03-31,6286.61
FI,2012-04-30,6699.33
FI,2012-05-31,7458.44
FI,2012-06-30,6367.68
FI,2012-07-31,5792.82
FI,2012-08-31,6198.17
FI,2012-09-30,6190.8
FI,2012-10-31,7480.55
FI,2012-11-30,6360.31
FI,2012-12-31,6500.34
FI,2013-01-31,8423.91
FI,2013-02-28,8401.8
FI,2013-03-31,8984.03
FI,2013-04-30,9507.3
FI,2013-05-31,8785.04
FI,2013-06-30,8048.04
FI,2013-07-31,8269.14
FI,2013-08-31,7539.51
FI,2013-09-30,8637.64
FI,2013-10-31,8151.22
FI,2013-11-30,8025.93
FI,2013-12-31,9035.62
FI,2014-01-31,9802.1
FI,2014-02-28,7163.64
FI,2014-03-31,6153.95
FI,2014-04-30,8674.49
FI,2014-05-31,8821.89
FI,2014-06-30,8600.79
FI,2014-07-31,8305.99
FI,2014-08-31,7568.99
FI,2014-09-30,8025.93
FI,2014-10-31,8224.92
FI,2014-11-30,8556.57
FI,2014-12-31,8431.28
FI,2015-01-31,10914.97
FI,2015-02-28,10833.9
FI,2015-03-31,11364.54
FI,2015-04-30,11062.37
FI,2015-05-31,12477.41
FI,2015-06-30,13634.5
FI,2015-07-31,12086.8
FI,2015-08-31,12072.06
FI,2015-09-30,10789.68
FI,2015-10-31,13781.9
FI,2015-11-30,10959.19
FI,2015-12-31,12153.13
FI,2016-01-31,12764.84
FI,2016-02-29,11828.85
FI,2016-03-31,10657.02
FI,2016-04-30,11246.62
FI,2016-05-31,11873.07
FI,2016-06-30,11320.32
FI,2016-07-31,11570.9
FI,2016-08-31,10693.87
FI,2016-09-30,11327.69
FI,2016-10-31,11055.0
FI,2016-11-30,11534.05
FI,2016-12-31,12072.06
FI,2017-01-31,13273.37
FI,2017-02-28,12646.92
FI,2017-03-31,12521.63
FI,2017-04-30,13074.38
FI,2017-05-31,13251.26
FI,2017-06-30,12470.04
FI,2017-07-31,12587.96
FI,2017-08-31,11253.99
FI,2017-09-30,11666.71
FI,2017-10-31,12344.75
FI,2017-11-30,12727.99
FI,2017-12-31,11069.74
FI,2018-01-31,12013.1
FI,2018-02-28,11762.52
FI,2018-03-31,13022.79
FI,2018-04-30,12646.92
FI,2018-05-31,12529.0
FI,2018-06-30,11644.6
FI,2018-07-31,10752.83
FI,2018-08-31,10723.35
FI,2018-09-30,10553.84
FI,2018-10-31,10428.55
FI,2018-11-30,10222.19
FI,2018-12-31,11158.18
FI,2019-01-31,11128.7
FI,2019-02-28,10966.56
FI,2019-03-31,10701.24
FI,2019-04-30,11423.5
FI,2019-05-31,11371.91
FI,2019-06-30,11018.15
FI,2019-07-31,10686.5
FI,2019-08-31,10627.54
FI,2019-09-30,10693.87
FI,2019-10-31,9986.35
FI,2019-11-30,9227.24
FI,2019-12-31,10229.56
FI,2020-01-31,10848.64
FI,2020-02-29,10531.73
FI,2020-03-31,9809.47
FI,2020-04-30,10760.2
FI,2020-05-31,12079.43
FI,2020-06-30,10553.84
FI,2020-07-31,10531.73
FI,2020-08-31,10295.89
FI,2020-09-30,11460.35
FI,2020-10-31,11342.43
FI,2020-11-30,10104.27
FI,2020-12-31,10015.83
FI,2021-01-31,9669.44
FI,2021-02-28,10008.46
FI,2021-03-31,9617.85
FI,2021-04-30,9389.38
FI,2021-05-31,9389.38
FI,2021-06-30,10686.5
FI,2021-07-31,9728.4
FI,2021-08-31,9124.06
FI,2021-09-30,9197.76
FI,2021-10-31,9079.84
FI,2021-11-30,9050.36
FI,2021-12-31,9072.47
FI,2022-01-31,8696.6
FI,2022-02-28,9610.48
FI,2022-03-31,10428.55
FI,2022-04-30,10922.34
FI,2022-05-31,10959.19
FI,2022-06-30,11718.3
FI,2022-07-31,10774.94
FI,2022-08-31,11548.79
FI,2022-09-30,8107.0
FI,2022-10-31,9042.99
FI,2022-11-30,7790.09
FI,2022-12-31,8482.87
FI,2023-01-31,8224.92
FI,2023-02-28,8217.55
FI,2023-03-31,8173.33
FI,2023-04-30,7185.75
FI,2023-05-31,8084.89
FI,2023-06-30,9271.46
FI,2023-07-31,8394.43
FI,2023-08-31,9249.35
FI,2023-09-30,8549.2
FI,2023-10-31,6802.51
FI,2023-11-30,6750.92
FI,2023-12-31,7340.52
FI,2024-01-31,7148.9
FI,2024-02-29,7495.29
FI,2024-03-31,7288.93
FI,2024-04-30,7274.19
FI,2024-05-31,6861.47
FI,2024-06-30,6809.88
FI,2024-07-31,6308.72
FI,2024-08-31,6817.25
FI,2024-09-30,6920.43
FI,2024-10-31,7620.58
FI,2024-11-30,7318.41
FI,2024-12-31,7016.24
FI,2025-01-31,7591.1
FI,2025-02-28,6846.73
FI,2025-03-31,0.0
FR,2002-01-31,53447.24
FR,2002-02-28,55532.95
FR,2002-03-31,53933.66
FR,2002-04-30,52931.34
FR,2002-05-31,60006.54
FR,2002-06-30,55444.51
FR,2002-07-31,56255.21
FR,2002-08-31,52577.58
FR,2002-09-30,55731.94
FR,2002-10-31,57382.82
FR,2002-11-30,52607.06
FR,2002-12-31,52776.57
FR,2003-01-31,54486.41
FR,2003-02-28,50668.75
FR,2003-03-31,56527.9
FR,2003-04-30,57117.5
FR,2003-05-31,61436.32
FR,2003-06-30,57684.99
FR,2003-07-31,57876.61
FR,2003-08-31,60323.45
FR,2003-09-30,59070.55
FR,2003-10-31,56999.58
FR,2003-11-30,58068.23
FR,2003-12-31,61119.41
FR,2004-01-31,59394.83
FR,2004-02-29,59357.98
FR,2004-03-31,63256.71
FR,2004-04-30,62453.38
FR,2004-05-31,63772.61
FR,2004-06-30,61583.72
FR,2004-07-31,63249.34
FR,2004-08-31,62254.39
FR,2004-09-30,62645.0
FR,2004-10-31,61849.04
FR,2004-11-30,66816.42
FR,2004-12-31,61797.45
FR,2005-01-31,57029.06
FR,2005-02-28,61959.59
FR,2005-03-31,59859.14
FR,2005-04-30,60308.71
FR,2005-05-31,65526.67
FR,2005-06-30,60382.41
FR,2005-07-31,61487.91
FR,2005-08-31,62387.05
FR,2005-09-30,59785.44
FR,2005-10-31,66271.04
FR,2005-11-30,60566.66
FR,2005-12-31,59343.24
FR,2006-01-31,59881.25
FR,2006-02-28,59733.85
FR,2006-03-31,61539.5
FR,2006-04-30,61193.11
FR,2006-05-31,60257.12
FR,2006-06-30,61635.31
FR,2006-07-31,61922.74
FR,2006-08-31,62224.91
FR,2006-09-30,54781.21
FR,2006-10-31,58591.5
FR,2006-11-30,58407.25
FR,2006-12-31,59505.38
FR,2007-01-31,54110.54
FR,2007-02-28,57574.44
FR,2007-03-31,50889.85
FR,2007-04-30,60478.22
FR,2007-05-31,55392.92
FR,2007-06-30,58178.78
FR,2007-07-31,59932.84
FR,2007-08-31,57633.4
FR,2007-09-30,57397.56
FR,2007-10-31,56166.77
FR,2007-11-30,54877.02
FR,2007-12-31,54397.97
FR,2008-01-31,54486.41
FR,2008-02-29,53019.78
FR,2008-03-31,55311.85
FR,2008-04-30,52901.86
FR,2008-05-31,53439.87
FR,2008-06-30,48244.02
FR,2008-07-31,53189.29
FR,2008-08-31,49526.4
FR,2008-09-30,52857.64
FR,2008-10-31,56461.57
FR,2008-11-30,54766.47
FR,2008-12-31,55540.32
FR,2009-01-31,55731.94
FR,2009-02-28,54670.66
FR,2009-03-31,58451.47
FR,2009-04-30,54692.77
FR,2009-05-31,53970.51
FR,2009-06-30,53874.7
FR,2009-07-31,55127.6
FR,2009-08-31,54058.95
FR,2009-09-30,54685.4
FR,2009-10-31,55216.04
FR,2009-11-30,56439.46
FR,2009-12-31,54700.14
FR,2010-01-31,56174.14
FR,2010-02-28,53712.56
FR,2010-03-31,53543.05
FR,2010-04-30,54464.3
FR,2010-05-31,53808.37
FR,2010-06-30,52842.9
FR,2010-07-31,50771.93
FR,2010-08-31,51936.39
FR,2010-09-30,48406.16
FR,2010-10-31,53307.21
FR,2010-11-30,53469.35
FR,2010-12-31,50764.56
FR,2011-01-31,50934.07
FR,2011-02-28,52459.66
FR,2011-03-31,51641.59
FR,2011-04-30,48185.06
FR,2011-05-31,50558.2
FR,2011-06-30,52061.68
FR,2011-07-31,47750.23
FR,2011-08-31,47013.23
FR,2011-09-30,47875.52
FR,2011-10-31,49688.54
FR,2011-11-30,46548.92
FR,2011-12-31,47403.84
FR,2012-01-31,49408.48
FR,2012-02-29,50978.29
FR,2012-03-31,50904.59
FR,2012-04-30,48922.06
FR,2012-05-31,48612.52
FR,2012-06-30,50381.32
FR,2012-07-31,49091.57
FR,2012-08-31,49091.57
FR,2012-09-30,47735.49
FR,2012-10-31,47993.44
FR,2012-11-30,49349.52
FR,2012-12-31,50388.69
FR,2013-01-31,47020.6
FR,2013-02-28,49275.82
FR,2013-03-31,47330.14
FR,2013-04-30,48907.32
FR,2013-05-31,52887.12
FR,2013-06-30,51405.75
FR,2013-07-31,50794.04
FR,2013-08-31,50720.34
FR,2013-09-30,52105.9
FR,2013-10-31,53778.89
FR,2013-11-30,52002.72
FR,2013-12-31,54766.47
FR,2014-01-31,52459.66
FR,2014-02-28,49607.47
FR,2014-03-31,49998.08
FR,2014-04-30,52010.09
FR,2014-05-31,53469.35
FR,2014-06-30,51656.33
FR,2014-07-31,52835.53
FR,2014-08-31,51501.56
FR,2014-09-30,52518.62
FR,2014-10-31,52467.03
FR,2014-11-30,49577.99
FR,2014-12-31,52422.81
FR,2015-01-31,52422.81
FR,2015-02-28,52968.19
FR,2015-03-31,54420.08
FR,2015-04-30,51715.29
FR,2015-05-31,55555.06
FR,2015-06-30,55157.08
FR,2015-07-31,54235.83
FR,2015-08-31,51921.65
FR,2015-09-30,51383.64
FR,2015-10-31,48295.61
FR,2015-11-30,46770.02
FR,2015-12-31,53262.99
FR,2016-01-31,52474.4
FR,2016-02-29,50617.16
FR,2016-03-31,51243.61
FR,2016-04-30,54611.7
FR,2016-05-31,50867.74
FR,2016-06-30,50764.56
FR,2016-07-31,53616.75
FR,2016-08-31,50956.18
FR,2016-09-30,51501.56
FR,2016-10-31,51258.35
FR,2016-11-30,48030.29
FR,2016-12-31,46512.07
FR,2017-01-31,49740.13
FR,2017-02-28,48406.16
FR,2017-03-31,50985.66
FR,2017-04-30,49180.01
FR,2017-05-31,49393.74
FR,2017-06-30,49098.94
FR,2017-07-31,52371.22
FR,2017-08-31,49629.58
FR,2017-09-30,50366.58
FR,2017-10-31,48973.65
FR,2017-11-30,48671.48
FR,2017-12-31,49585.36
FR,2018-01-31,50794.04
FR,2018-02-28,50771.93
FR,2018-03-31,53041.89
FR,2018-04-30,52621.8
FR,2018-05-31,54221.09
FR,2018-06-30,54316.9
FR,2018-07-31,52194.34
FR,2018-08-31,49489.55
FR,2018-09-30,49076.83
FR,2018-10-31,51066.73
FR,2018-11-30,49482.18
FR,2018-12-31,46290.97
FR,2019-01-31,47160.63
FR,2019-02-28,48398.79
FR,2019-03-31,52297.52
FR,2019-04-30,50322.36
FR,2019-05-31,51155.17
FR,2019-06-30,52629.17
FR,2019-07-31,49946.49
FR,2019-08-31,49187.38
FR,2019-09-30,45495.01
FR,2019-10-31,51435.23
FR,2019-11-30,52415.44
FR,2019-12-31,45752.96
FR,2020-01-31,43151.35
FR,2020-02-29,43814.65
FR,2020-03-31,45413.94
FR,2020-04-30,47934.48
FR,2020-05-31,50079.15
FR,2020-06-30,48015.55
FR,2020-07-31,50005.45
FR,2020-08-31,47949.22
FR,2020-09-30,50152.85
FR,2020-10-31,44021.01
FR,2020-11-30,48302.98
FR,2020-12-31,45612.93
FR,2021-01-31,46519.44
FR,2021-02-28,47278.55
FR,2021-03-31,48642.0
FR,2021-04-30,48443.01
FR,2021-05-31,47772.34
FR,2021-06-30,48568.3
FR,2021-07-31,49157.9
FR,2021-08-31,48317.72
FR,2021-09-30,47079.56
FR,2021-10-31,46828.98
FR,2021-11-30,46114.09
FR,2021-12-31,43342.97
FR,2022-01-31,43534.59
FR,2022-02-28,46571.03
FR,2022-03-31,46725.8
FR,2022-04-30,44286.33
FR,2022-05-31,45775.07
FR,2022-06-30,46290.97
FR,2022-07-31,44315.81
FR,2022-08-31,44411.62
FR,2022-09-30,44559.02
FR,2022-10-31,48568.3
FR,2022-11-30,46851.09
FR,2022-12-31,44426.36
FR,2023-01-31,45155.99
FR,2023-02-28,44183.15
FR,2023-03-31,39650.6
FR,2023-04-30,45922.47
FR,2023-05-31,45929.84
FR,2023-06-30,45657.15
FR,2023-07-31,48015.55
FR,2023-08-31,47823.93
FR,2023-09-30,45922.47
FR,2023-10-31,45377.09
FR,2023-11-30,43129.24
FR,2023-12-31,45340.24
FR,2024-01-31,44308.44
FR,2024-02-29,46777.39
FR,2024-03-31,48000.81
FR,2024-04-30,46394.15
FR,2024-05-31,46998.49
FR,2024-06-30,47072.19
FR,2024-07-31,46379.41
FR,2024-08-31,44455.84
FR,2024-09-30,44632.72
FR,2024-10-31,45907.73
FR,2024-11-30,45089.66
FR,2024-12-31,46217.27
FR,2025-01-31,44146.3
FR,2025-02-28,45561.34
FR,2025-03-31,46349.93
GA,2002-01-31,0.0
GA,2002-02-28,0.0
GA,2002-03-31,0.0
GA,2002-04-30,0.0
GA,2002-05-31,0.0
GA,2002-06-30,0.0
GA,2002-07-31,0.0
GA,2002-08-31,0.0
GA,2002-09-30,0.0
GA,2002-10-31,0.0
GA,2002-11-30,0.0
GA,2002-12-31,0.0
GA,2003-01-31,0.0
GA,2003-02-28,0.0
GA,2003-03-31,0.0
GA,2003-04-30,0.0
GA,2003-05-31,0.0
GA,2003-06-30,0.0
GA,2003-07-31,0.0
GA,2003-08-31,0.0
GA,2003-09-30,0.0
GA,2003-10-31,0.0
GA,2003-11-30,0.0
GA,2003-12-31,0.0
GA,2004-01-31,0.0
GA,2004-02-29,0.0
GA,2004-03-31,0.0
GA,2004-04-30,0.0
GA,2004-05-31,0.0
GA,2004-06-30,0.0
GA,2004-07-31,0.0
GA,2004-08-31,0.0
GA,2004-09-30,0.0
GA,2004-10-31,0.0
GA,2004-11-30,0.0
GA,2004-12-31,0.0
GA,2005-01-31,0.0
GA,2005-02-28,0.0
GA,2005-03-31,0.0
GA,2005-04-30,0.0
GA,2005-05-31,0.0
GA,2005-06-30,0.0
GA,2005-07-31,0.0
GA,2005-08-31,0.0
GA,2005-09-30,0.0
GA,2005-10-31,0.0
GA,2005-11-30,0.0
GA,2005-12-31,0.0
GA,2006-01-31,0.0
GA,2006-02-28,0.0
GA,2006-03-31,0.0
GA,2006-04-30,0.0
GA,2006-05-31,0.0
GA,2006-06-30,0.0
GA,2006-07-31,0.0
GA,2006-08-31,0.0
GA,2006-09-30,0.0
GA,2006-10-31,0.0
GA,2006-11-30,0.0
GA,2006-12-31,0.0
GA,2007-01-31,0.0
GA,2007-02-28,0.0
GA,2007-03-31,0.0
GA,2007-04-30,0.0
GA,2007-05-31,0.0
GA,2007-06-30,0.0
GA,2007-07-31,0.0
GA,2007-08-31,0.0
GA,2007-09-30,0.0
GA,2007-10-31,0.0
GA,2007-11-30,0.0
GA,2007-12-31,0.0
GA,2008-01-31,0.0
GA,2008-02-29,0.0
GA,2008-03-31,0.0
GA,2008-04-30,0.0
GA,2008-05-31,0.0
GA,2008-06-30,0.0
GA,2008-07-31,0.0
GA,2008-08-31,0.0
GA,2008-09-30,0.0
GA,2008-10-31,0.0
GA,2008-11-30,0.0
GA,2008-12-31,0.0
GA,2009-01-31,
GA,2009-02-28,
GA,2009-03-31,
GA,2009-04-30,
GA,2009-05-31,
GA,2009-06-30,
GA,2009-07-31,
GA,2009-08-31,
GA,2009-09-30,
GA,2009-10-31,
GA,2009-11-30,
GA,2009-12-31,
GA,2010-01-31,
GA,2010-02-28,
GA,2010-03-31,
GA,2010-04-30,
GA,2010-05-31,
GA,2010-06-30,
GA,2010-07-31,
GA,2010-08-31,
GA,2010-09-30,
GA,2010-10-31,
GA,2010-11-30,
GA,2010-12-31,
GA,2011-01-31,
GA,2011-02-28,
GA,2011-03-31,
GA,2011-04-30,
GA,2011-05-31,
GA,2011-06-30,
GA,2011-07-31,
GA,2011-08-31,
GA,2011-09-30,
GA,2011-10-31,
GA,2011-11-30,
GA,2011-12-31,
GA,2012-01-31,
GA,2012-02-29,
GA,2012-03-31,
GA,2012-04-30,
GA,2012-05-31,
GA,2012-06-30,
GA,2012-07-31,
GA,2012-08-31,
GA,2012-09-30,
GA,2012-10-31,
GA,2012-11-30,
GA,2012-12-31,
GA,2013-01-31,
GA,2013-02-28,
GA,2013-03-31,
GA,2013-04-30,
GA,2013-05-31,
GA,2013-06-30,
GA,2013-07-31,
GA,2013-08-31,
GA,2013-09-30,
GA,2013-10-31,
GA,2013-11-30,
GA,2013-12-31,
GA,2014-01-31,
GA,2014-02-28,
GA,2014-03-31,
GA,2014-04-30,
GA,2014-05-31,
GA,2014-06-30,
GA,2014-07-31,
GA,2014-08-31,
GA,2014-09-30,
GA,2014-10-31,
GA,2014-11-30,
GA,2014-12-31,
GA,2015-01-31,
GA,2015-02-28,
GA,2015-03-31,
GA,2015-04-30,
GA,2015-05-31,
GA,2015-06-30,
GA,2015-07-31,
GA,2015-08-31,
GA,2015-09-30,
GA,2015-10-31,
GA,2015-11-30,
GA,2015-12-31,
GA,2016-01-31,5081.0
GA,2016-02-29,5016.0
GA,2016-03-31,5264.0
GA,2016-04-30,6189.0
GA,2016-05-31,6173.0
GA,2016-06-30,5830.0
GA,2016-07-31,3257.0
GA,2016-08-31,2342.0
GA,2016-09-30,3045.0
GA,2016-10-31,2684.0
GA,2016-11-30,1074.0
GA,2016-12-31,995.0
GA,2017-01-31,5081.0
GA,2017-02-28,5081.0
GA,2017-03-31,5264.0
GA,2017-04-30,6189.0
GA,2017-05-31,6173.0
GA,2017-06-30,5830.0
GA,2017-07-31,3257.0
GA,2017-08-31,2342.0
GA,2017-09-30,2447.0
GA,2017-10-31,2208.0
GA,2017-11-30,1740.0
GA,2017-12-31,2395.0
GA,2018-01-31,5290.0
GA,2018-02-28,4434.0
GA,2018-03-31,4318.0
GA,2018-04-30,3884.0
GA,2018-05-31,3720.0
GA,2018-06-30,3884.0
GA,2018-07-31,3257.0
GA,2018-08-31,0.0
GA,2018-09-30,2724.0
GA,2018-10-31,2724.0
GA,2018-11-30,3139.0
GA,2018-12-31,2395.0
GA,2019-01-31,3414.0
GA,2019-02-28,4434.0
GA,2019-03-31,4318.0
GA,2019-04-30,3360.0
GA,2019-05-31,5070.0
GA,2019-06-30,4094.0
GA,2019-07-31,2469.0
GA,2019-08-31,1992.0
GA,2019-09-30,3098.0
GA,2019-10-31,1702.0
GA,2019-11-30,1400.0
GA,2019-12-31,1853.0
GA,2020-01-31,3911.0
GA,2020-02-29,4246.0
GA,2020-03-31,5279.0
GA,2020-04-30,5498.0
GA,2020-05-31,6502.0
GA,2020-06-30,5011.0
GA,2020-07-31,4604.0
GA,2020-08-31,
GA,2020-09-30,3269.0
GA,2020-10-31,
GA,2020-11-30,1149.0
GA,2020-12-31,5400.0
GA,2021-01-31,
GA,2021-02-28,
GA,2021-03-31,
GA,2021-04-30,5511.0
GA,2021-05-31,6018.0
GA,2021-06-30,
GA,2021-07-31,3903.0
GA,2021-08-31,3189.0
GA,2021-09-30,
GA,2021-10-31,
GA,2021-11-30,
GA,2021-12-31,
GA,2022-01-31,
GA,2022-02-28,6933.0
GA,2022-03-31,
GA,2022-04-30,
GA,2022-05-31,
GA,2022-06-30,
GA,2022-07-31,
GA,2022-08-31,
GA,2022-09-30,
GA,2022-10-31,
GA,2022-11-30,
GA,2022-12-31,
GA,2023-01-31,634.0
GA,2023-02-28,669.0
GA,2023-03-31,326.0
GA,2023-04-30,159.0
GA,2023-05-31,265.0
GA,2023-06-30,300.0
GA,2023-07-31,287.0
GA,2023-08-31,487.0
GA,2023-09-30,716.0
GA,2023-10-31,391.0
GA,2023-11-30,299.0
GA,2023-12-31,335.0
GA,2024-01-31,
GA,2024-02-29,
GA,2024-03-31,
GA,2024-04-30,
GA,2024-05-31,
GA,2024-06-30,
GA,2024-07-31,
GA,2024-08-31,
GA,2024-09-30,
GA,2024-10-31,
GA,2024-11-30,
GA,2024-12-31,
GA,2025-01-31,
GA,2025-02-28,
GA,2025-03-31,
GB,2002-01-31,47072.19
GB,2002-02-28,45060.18
GB,2002-03-31,42289.06
GB,2002-04-30,44109.45
GB,2002-05-31,40984.57
GB,2002-06-30,46983.75
GB,2002-07-31,48560.93
GB,2002-08-31,41434.14
GB,2002-09-30,42259.58
GB,2002-10-31,48258.76
GB,2002-11-30,49695.91
GB,2002-12-31,44595.87
GB,2003-01-31,45694.0
GB,2003-02-28,43822.02
GB,2003-03-31,45568.71
GB,2003-04-30,44168.41
GB,2003-05-31,45679.26
GB,2003-06-30,41264.63
GB,2003-07-31,45281.28
GB,2003-08-31,39805.37
GB,2003-09-30,38862.01
GB,2003-10-31,40306.53
GB,2003-11-30,44713.79
GB,2003-12-31,35884.53
GB,2004-01-31,37107.95
GB,2004-02-29,39171.55
GB,2004-03-31,38604.06
GB,2004-04-30,41552.06
GB,2004-05-31,39142.07
GB,2004-06-30,41714.2
GB,2004-07-31,42760.74
GB,2004-08-31,33445.06
GB,2004-09-30,39105.22
GB,2004-10-31,33717.75
GB,2004-11-30,40490.78
GB,2004-12-31,36886.85
GB,2005-01-31,39908.55
GB,2005-02-28,41426.77
GB,2005-03-31,40365.49
GB,2005-04-30,42944.99
GB,2005-05-31,44448.47
GB,2005-06-30,43003.95
GB,2005-07-31,39768.52
GB,2005-08-31,42473.31
GB,2005-09-30,44227.37
GB,2005-10-31,44905.41
GB,2005-11-30,44175.78
GB,2005-12-31,38928.34
GB,2006-01-31,41117.23
GB,2006-02-28,44102.08
GB,2006-03-31,42406.98
GB,2006-04-30,44138.93
GB,2006-05-31,47322.77
GB,2006-06-30,43704.1
GB,2006-07-31,44197.89
GB,2006-08-31,40991.94
GB,2006-09-30,36533.09
GB,2006-10-31,45723.48
GB,2006-11-30,44367.4
GB,2006-12-31,41529.95
GB,2007-01-31,39282.1
GB,2007-02-28,42723.89
GB,2007-03-31,47359.62
GB,2007-04-30,42989.21
GB,2007-05-31,44617.98
GB,2007-06-30,40925.61
GB,2007-07-31,39731.67
GB,2007-08-31,39495.83
GB,2007-09-30,36311.99
GB,2007-10-31,40638.18
GB,2007-11-30,37859.69
GB,2007-12-31,36739.45
GB,2008-01-31,34034.66
GB,2008-02-29,36709.97
GB,2008-03-31,40262.31
GB,2008-04-30,43143.98
GB,2008-05-31,40151.76
GB,2008-06-30,40844.54
GB,2008-07-31,35855.05
GB,2008-08-31,34388.42
GB,2008-09-30,36267.77
GB,2008-10-31,33363.99
GB,2008-11-30,33216.59
GB,2008-12-31,34904.32
GB,2009-01-31,35729.76
GB,2009-02-28,36186.7
GB,2009-03-31,36695.23
GB,2009-04-30,36709.97
GB,2009-05-31,33319.77
GB,2009-06-30,33865.15
GB,2009-07-31,37247.98
GB,2009-08-31,35250.71
GB,2009-09-30,32899.68
GB,2009-10-31,34285.24
GB,2009-11-30,32936.53
GB,2009-12-31,31779.44
GB,2010-01-31,31639.41
GB,2010-02-28,34771.66
GB,2010-03-31,31786.81
GB,2010-04-30,35943.49
GB,2010-05-31,37962.87
GB,2010-06-30,35405.48
GB,2010-07-31,33813.56
GB,2010-08-31,31838.4
GB,2010-09-30,34130.47
GB,2010-10-31,33290.29
GB,2010-11-30,31064.55
GB,2010-12-31,30460.21
GB,2011-01-31,35036.98
GB,2011-02-28,33953.59
GB,2011-03-31,34720.07
GB,2011-04-30,35022.24
GB,2011-05-31,30931.89
GB,2011-06-30,31175.1
GB,2011-07-31,30673.94
GB,2011-08-31,31565.71
GB,2011-09-30,29347.34
GB,2011-10-31,28669.3
GB,2011-11-30,33341.88
GB,2011-12-31,28123.92
GB,2012-01-31,28728.26
GB,2012-02-29,30968.74
GB,2012-03-31,30511.8
GB,2012-04-30,33297.66
GB,2012-05-31,33297.66
GB,2012-06-30,31816.29
GB,2012-07-31,32774.39
GB,2012-08-31,34299.98
GB,2012-09-30,27431.14
GB,2012-10-31,29575.81
GB,2012-11-30,37211.13
GB,2012-12-31,31609.93
GB,2013-01-31,30813.97
GB,2013-02-28,30135.93
GB,2013-03-31,28219.73
GB,2013-04-30,32597.51
GB,2013-05-31,33761.97
GB,2013-06-30,32501.7
GB,2013-07-31,28897.77
GB,2013-08-31,25890.81
GB,2013-09-30,27232.15
GB,2013-10-31,27792.27
GB,2013-11-30,27453.25
GB,2013-12-31,30121.19
GB,2014-01-31,28507.16
GB,2014-02-28,29575.81
GB,2014-03-31,29185.2
GB,2014-04-30,27615.39
GB,2014-05-31,28204.99
GB,2014-06-30,29443.15
GB,2014-07-31,27187.93
GB,2014-08-31,30010.64
GB,2014-09-30,29214.68
GB,2014-10-31,27313.22
GB,2014-11-30,29118.87
GB,2014-12-31,31359.35
GB,2015-01-31,26509.89
GB,2015-02-28,29030.43
GB,2015-03-31,29118.87
GB,2015-04-30,36695.23
GB,2015-05-31,30813.97
GB,2015-06-30,31469.9
GB,2015-07-31,26959.46
GB,2015-08-31,28883.03
GB,2015-09-30,30054.86
GB,2015-10-31,30438.1
GB,2015-11-30,32450.11
GB,2015-12-31,31558.34
GB,2016-01-31,32730.17
GB,2016-02-29,30688.68
GB,2016-03-31,28418.72
GB,2016-04-30,29126.24
GB,2016-05-31,32214.27
GB,2016-06-30,32877.57
GB,2016-07-31,26266.68
GB,2016-08-31,30755.01
GB,2016-09-30,31433.05
GB,2016-10-31,29561.07
GB,2016-11-30,30010.64
GB,2016-12-31,32420.63
GB,2017-01-31,29023.06
GB,2017-02-28,30681.31
GB,2017-03-31,29597.92
GB,2017-04-30,30828.71
GB,2017-05-31,30018.01
GB,2017-06-30,29575.81
GB,2017-07-31,29192.57
GB,2017-08-31,31020.33
GB,2017-09-30,28094.44
GB,2017-10-31,29045.17
GB,2017-11-30,32133.2
GB,2017-12-31,29384.19
GB,2018-01-31,31381.46
GB,2018-02-28,27784.9
GB,2018-03-31,27821.75
GB,2018-04-30,30312.81
GB,2018-05-31,32737.54
GB,2018-06-30,34211.54
GB,2018-07-31,33032.34
GB,2018-08-31,31086.66
GB,2018-09-30,28558.75
GB,2018-10-31,28875.66
GB,2018-11-30,27187.93
GB,2018-12-31,27291.11
GB,2019-01-31,30298.07
GB,2019-02-28,29118.87
GB,2019-03-31,31425.68
GB,2019-04-30,31381.46
GB,2019-05-31,29207.31
GB,2019-06-30,31138.25
GB,2019-07-31,26929.98
GB,2019-08-31,27814.38
GB,2019-09-30,26229.83
GB,2019-10-31,28573.49
GB,2019-11-30,27571.17
GB,2019-12-31,28654.56
GB,2020-01-31,28588.23
GB,2020-02-29,27755.42
GB,2020-03-31,29332.6
GB,2020-04-30,30261.22
GB,2020-05-31,30032.75
GB,2020-06-30,32066.87
GB,2020-07-31,31838.4
GB,2020-08-31,28403.98
GB,2020-09-30,27652.24
GB,2020-10-31,27784.9
GB,2020-11-30,26126.65
GB,2020-12-31,27947.04
GB,2021-01-31,27475.36
GB,2021-02-28,24173.6
GB,2021-03-31,26509.89
GB,2021-04-30,24873.75
GB,2021-05-31,29288.38
GB,2021-06-30,26568.85
GB,2021-07-31,26819.43
GB,2021-08-31,23996.72
GB,2021-09-30,24903.23
GB,2021-10-31,24763.2
GB,2021-11-30,23399.75
GB,2021-12-31,26185.61
GB,2022-01-31,22677.49
GB,2022-02-28,26414.08
GB,2022-03-31,26450.93
GB,2022-04-30,25220.14
GB,2022-05-31,24070.42
GB,2022-06-30,23576.63
GB,2022-07-31,27379.55
GB,2022-08-31,25905.55
GB,2022-09-30,27947.04
GB,2022-10-31,21107.68
GB,2022-11-30,21608.84
GB,2022-12-31,22655.38
GB,2023-01-31,25367.54
GB,2023-02-28,25758.15
GB,2023-03-31,25301.21
GB,2023-04-30,27261.63
GB,2023-05-31,28197.62
GB,2023-06-30,25588.64
GB,2023-07-31,26863.65
GB,2023-08-31,26156.13
GB,2023-09-30,26141.39
GB,2023-10-31,26185.61
GB,2023-11-30,27143.71
GB,2023-12-31,28750.37
GB,2024-01-31,24335.74
GB,2024-02-29,26723.62
GB,2024-03-31,27379.55
GB,2024-04-30,26473.04
GB,2024-05-31,27335.33
GB,2024-06-30,27821.75
GB,2024-07-31,27136.34
GB,2024-08-31,26915.24
GB,2024-09-30,25271.73
GB,2024-10-31,25433.87
GB,2024-11-30,25654.97
GB,2024-12-31,24667.39
GB,2025-01-31,22706.97
GB,2025-02-28,25809.74
GB,2025-03-31,23598.74
GD,2002-01-31,0.0
GD,2002-02-28,0.0
GD,2002-03-31,0.0
GD,2002-04-30,0.0
GD,2002-05-31,0.0
GD,2002-06-30,0.0
GD,2002-07-31,0.0
GD,2002-08-31,0.0
GD,2002-09-30,0.0
GD,2002-10-31,0.0
GD,2002-11-30,0.0
GD,2002-12-31,0.0
GD,2003-01-31,0.0
GD,2003-02-28,0.0
GD,2003-03-31,0.0
GD,2003-04-30,0.0
GD,2003-05-31,0.0
GD,2003-06-30,0.0
GD,2003-07-31,0.0
GD,2003-08-31,0.0
GD,2003-09-30,0.0
GD,2003-10-31,0.0
GD,2003-11-30,0.0
GD,2003-12-31,0.0
GD,2004-01-31,0.0
GD,2004-02-29,0.0
GD,2004-03-31,0.0
GD,2004-04-30,0.0
GD,2004-05-31,0.0
GD,2004-06-30,0.0
GD,2004-07-31,0.0
GD,2004-08-31,0.0
GD,2004-09-30,0.0
GD,2004-10-31,0.0
GD,2004-11-30,0.0
GD,2004-12-31,0.0
GD,2005-01-31,0.0
GD,2005-02-28,0.0
GD,2005-03-31,0.0
GD,2005-04-30,0.0
GD,2005-05-31,0.0
GD,2005-06-30,0.0
GD,2005-07-31,0.0
GD,2005-08-31,0.0
GD,2005-09-30,0.0
GD,2005-10-31,0.0
GD,2005-11-30,0.0
GD,2005-12-31,0.0
GD,2006-01-31,0.0
GD,2006-02-28,0.0
GD,2006-03-31,0.0
GD,2006-04-30,0.0
GD,2006-05-31,0.0
GD,2006-06-30,0.0
GD,2006-07-31,0.0
GD,2006-08-31,0.0
GD,2006-09-30,0.0
GD,2006-10-31,0.0
GD,2006-11-30,0.0
GD,2006-12-31,0.0
GD,2007-01-31,0.0
GD,2007-02-28,0.0
GD,2007-03-31,0.0
GD,2007-04-30,0.0
GD,2007-05-31,0.0
GD,2007-06-30,0.0
GD,2007-07-31,0.0
GD,2007-08-31,0.0
GD,2007-09-30,0.0
GD,2007-10-31,0.0
GD,2007-11-30,0.0
GD,2007-12-31,0.0
GD,2008-01-31,0.0
GD,2008-02-29,0.0
GD,2008-03-31,0.0
GD,2008-04-30,0.0
GD,2008-05-31,0.0
GD,2008-06-30,0.0
GD,2008-07-31,0.0
GD,2008-08-31,0.0
GD,2008-09-30,0.0
GD,2008-10-31,0.0
GD,2008-11-30,0.0
GD,2008-12-31,0.0
GD,2009-01-31,0.0
GD,2009-02-28,0.0
GD,2009-03-31,0.0
GD,2009-04-30,0.0
GD,2009-05-31,0.0
GD,2009-06-30,0.0
GD,2009-07-31,0.0
GD,2009-08-31,0.0
GD,2009-09-30,0.0
GD,2009-10-31,0.0
GD,2009-11-30,0.0
GD,2009-12-31,0.0
GD,2010-01-31,0.0
GD,2010-02-28,0.0
GD,2010-03-31,0.0
GD,2010-04-30,0.0
GD,2010-05-31,0.0
GD,2010-06-30,0.0
GD,2010-07-31,0.0
GD,2010-08-31,0.0
GD,2010-09-30,0.0
GD,2010-10-31,0.0
GD,2010-11-30,0.0
GD,2010-12-31,0.0
GD,2011-01-31,0.0
GD,2011-02-28,0.0
GD,2011-03-31,0.0
GD,2011-04-30,0.0
GD,2011-05-31,0.0
GD,2011-06-30,0.0
GD,2011-07-31,0.0
GD,2011-08-31,0.0
GD,2011-09-30,0.0
GD,2011-10-31,0.0
GD,2011-11-30,0.0
GD,2011-12-31,0.0
GD,2012-01-31,0.0
GD,2012-02-29,0.0
GD,2012-03-31,0.0
GD,2012-04-30,0.0
GD,2012-05-31,0.0
GD,2012-06-30,0.0
GD,2012-07-31,0.0
GD,2012-08-31,0.0
GD,2012-09-30,0.0
GD,2012-10-31,0.0
GD,2012-11-30,0.0
GD,2012-12-31,0.0
GD,2013-01-31,0.0
GD,2013-02-28,0.0
GD,2013-03-31,0.0
GD,2013-04-30,0.0
GD,2013-05-31,0.0
GD,2013-06-30,0.0
GD,2013-07-31,0.0
GD,2013-08-31,0.0
GD,2013-09-30,0.0
GD,2013-10-31,0.0
GD,2013-11-30,0.0
GD,2013-12-31,0.0
GD,2014-01-31,0.0
GD,2014-02-28,0.0
GD,2014-03-31,0.0
GD,2014-04-30,0.0
GD,2014-05-31,0.0
GD,2014-06-30,0.0
GD,2014-07-31,0.0
GD,2014-08-31,0.0
GD,2014-09-30,0.0
GD,2014-10-31,0.0
GD,2014-11-30,0.0
GD,2014-12-31,0.0
GD,2015-01-31,0.0
GD,2015-02-28,0.0
GD,2015-03-31,0.0
GD,2015-04-30,0.0
GD,2015-05-31,0.0
GD,2015-06-30,0.0
GD,2015-07-31,0.0
GD,2015-08-31,0.0
GD,2015-09-30,0.0
GD,2015-10-31,0.0
GD,2015-11-30,0.0
GD,2015-12-31,0.0
GD,2016-01-31,0.0
GD,2016-02-29,0.0
GD,2016-03-31,0.0
GD,2016-04-30,0.0
GD,2016-05-31,0.0
GD,2016-06-30,0.0
GD,2016-07-31,0.0
GD,2016-08-31,
GD,2016-09-30,
GD,2016-10-31,
GD,2016-11-30,
GD,2016-12-31,
GD,2017-01-31,
GD,2017-02-28,
GD,2017-03-31,
GD,2017-04-30,
GD,2017-05-31,
GD,2017-06-30,
GD,2017-07-31,
GD,2017-08-31,
GD,2017-09-30,
GD,2017-10-31,
GD,2017-11-30,
GD,2017-12-31,
GD,2018-01-31,
GD,2018-02-28,
GD,2018-03-31,
GD,2018-04-30,
GD,2018-05-31,
GD,2018-06-30,
GD,2018-07-31,
GD,2018-08-31,
GD,2018-09-30,
GD,2018-10-31,
GD,2018-11-30,
GD,2018-12-31,
GD,2019-01-31,
GD,2019-02-28,
GD,2019-03-31,
GD,2019-04-30,
GD,2019-05-31,
GD,2019-06-30,
GD,2019-07-31,
GD,2019-08-31,
GD,2019-09-30,
GD,2019-10-31,
GD,2019-11-30,
GD,2019-12-31,
GD,2020-01-31,
GD,2020-02-29,
GD,2020-03-31,
GD,2020-04-30,
GD,2020-05-31,
GD,2020-06-30,
GD,2020-07-31,
GD,2020-08-31,
GD,2020-09-30,
GD,2020-10-31,
GD,2020-11-30,
GD,2020-12-31,
GD,2021-01-31,
GD,2021-02-28,
GD,2021-03-31,
GD,2021-04-30,
GD,2021-05-31,
GD,2021-06-30,
GD,2021-07-31,
GD,2021-08-31,
GD,2021-09-30,
GD,2021-10-31,
GD,2021-11-30,
GD,2021-12-31,
GD,2022-01-31,
GD,2022-02-28,
GD,2022-03-31,
GD,2022-04-30,
GD,2022-05-31,
GD,2022-06-30,
GD,2022-07-31,
GD,2022-08-31,
GD,2022-09-30,
GD,2022-10-31,
GD,2022-11-30,
GD,2022-12-31,
GD,2023-01-31,
GD,2023-02-28,
GD,2023-03-31,
GD,2023-04-30,
GD,2023-05-31,
GD,2023-06-30,
GD,2023-07-31,
GD,2023-08-31,
GD,2023-09-30,
GD,2023-10-31,
GD,2023-11-30,
GD,2023-12-31,
GD,2024-01-31,
GD,2024-02-29,
GD,2024-03-31,
GD,2024-04-30,
GD,2024-05-31,
GD,2024-06-30,
GD,2024-07-31,
GD,2024-08-31,
GD,2024-09-30,
GD,2024-10-31,
GD,2024-11-30,
GD,2024-12-31,
GD,2025-01-31,
GE,2002-01-31,
GE,2002-02-28,
GE,2002-03-31,
GE,2002-04-30,
GE,2002-05-31,
GE,2002-06-30,
GE,2002-07-31,
GE,2002-08-31,
GE,2002-09-30,
GE,2002-10-31,
GE,2002-11-30,
GE,2002-12-31,
GE,2003-01-31,
GE,2003-02-28,
GE,2003-03-31,
GE,2003-04-30,
GE,2003-05-31,
GE,2003-06-30,
GE,2003-07-31,
GE,2003-08-31,
GE,2003-09-30,
GE,2003-10-31,
GE,2003-11-30,
GE,2003-12-31,
GE,2004-01-31,
GE,2004-02-29,
GE,2004-03-31,
GE,2004-04-30,
GE,2004-05-31,
GE,2004-06-30,
GE,2004-07-31,
GE,2004-08-31,
GE,2004-09-30,
GE,2004-10-31,
GE,2004-11-30,
GE,2004-12-31,
GE,2005-01-31,
GE,2005-02-28,
GE,2005-03-31,
GE,2005-04-30,
GE,2005-05-31,
GE,2005-06-30,
GE,2005-07-31,
GE,2005-08-31,
GE,2005-09-30,
GE,2005-10-31,
GE,2005-11-30,
GE,2005-12-31,
GE,2006-01-31,
GE,2006-02-28,
GE,2006-03-31,
GE,2006-04-30,
GE,2006-05-31,
GE,2006-06-30,
GE,2006-07-31,
GE,2006-08-31,
GE,2006-09-30,
GE,2006-10-31,
GE,2006-11-30,
GE,2006-12-31,
GE,2007-01-31,
GE,2007-02-28,
GE,2007-03-31,
GE,2007-04-30,
GE,2007-05-31,
GE,2007-06-30,
GE,2007-07-31,
GE,2007-08-31,
GE,2007-09-30,
GE,2007-10-31,
GE,2007-11-30,
GE,2007-12-31,
GE,2008-01-31,
GE,2008-02-29,
GE,2008-03-31,
GE,2008-04-30,
GE,2008-05-31,
GE,2008-06-30,
GE,2008-07-31,
GE,2008-08-31,
GE,2008-09-30,
GE,2008-10-31,
GE,2008-11-30,
GE,2008-12-31,
GE,2009-01-31,
GE,2009-02-28,
GE,2009-03-31,
GE,2009-04-30,
GE,2009-05-31,
GE,2009-06-30,
GE,2009-07-31,
GE,2009-08-31,
GE,2009-09-30,
GE,2009-10-31,
GE,2009-11-30,
GE,2009-12-31,
GE,2010-01-31,
GE,2010-02-28,
GE,2010-03-31,
GE,2010-04-30,
GE,2010-05-31,
GE,2010-06-30,
GE,2010-07-31,
GE,2010-08-31,
GE,2010-09-30,
GE,2010-10-31,
GE,2010-11-30,
GE,2010-12-31,
GE,2011-01-31,
GE,2011-02-28,
GE,2011-03-31,
GE,2011-04-30,
GE,2011-05-31,
GE,2011-06-30,
GE,2011-07-31,
GE,2011-08-31,
GE,2011-09-30,
GE,2011-10-31,
GE,2011-11-30,
GE,2011-12-31,
GE,2012-01-31,
GE,2012-02-29,
GE,2012-03-31,
GE,2012-04-30,
GE,2012-05-31,
GE,2012-06-30,
GE,2012-07-31,
GE,2012-08-31,
GE,2012-09-30,
GE,2012-10-31,
GE,2012-11-30,
GE,2012-12-31,
GE,2013-01-31,
GE,2013-02-28,
GE,2013-03-31,
GE,2013-04-30,
GE,2013-05-31,
GE,2013-06-30,
GE,2013-07-31,
GE,2013-08-31,
GE,2013-09-30,
GE,2013-10-31,
GE,2013-11-30,
GE,2013-12-31,
GE,2014-01-31,
GE,2014-02-28,
GE,2014-03-31,
GE,2014-04-30,
GE,2014-05-31,
GE,2014-06-30,
GE,2014-07-31,
GE,2014-08-31,
GE,2014-09-30,
GE,2014-10-31,
GE,2014-11-30,
GE,2014-12-31,
GE,2015-01-31,
GE,2015-02-28,
GE,2015-03-31,
GE,2015-04-30,
GE,2015-05-31,
GE,2015-06-30,
GE,2015-07-31,
GE,2015-08-31,
GE,2015-09-30,
GE,2015-10-31,
GE,2015-11-30,
GE,2015-12-31,
GE,2016-01-31,
GE,2016-02-29,
GE,2016-03-31,
GE,2016-04-30,
GE,2016-05-31,
GE,2016-06-30,
GE,2016-07-31,
GE,2016-08-31,
GE,2016-09-30,
GE,2016-10-31,
GE,2016-11-30,
GE,2016-12-31,
GE,2017-01-31,
GE,2017-02-28,
GE,2017-03-31,
GE,2017-04-30,
GE,2017-05-31,
GE,2017-06-30,
GE,2017-07-31,
GE,2017-08-31,
GE,2017-09-30,
GE,2017-10-31,
GE,2017-11-30,
GE,2017-12-31,
GE,2018-01-31,
GE,2018-02-28,
GE,2018-03-31,
GE,2018-04-30,
GE,2018-05-31,
GE,2018-06-30,
GE,2018-07-31,
GE,2018-08-31,
GE,2018-09-30,
GE,2018-10-31,
GE,2018-11-30,
GE,2018-12-31,
GE,2019-01-31,
GE,2019-02-28,
GE,2019-03-31,
GE,2019-04-30,
GE,2019-05-31,
GE,2019-06-30,
GE,2019-07-31,
GE,2019-08-31,
GE,2019-09-30,
GE,2019-10-31,
GE,2019-11-30,
GE,2019-12-31,
GE,2020-01-31,
GE,2020-02-29,
GE,2020-03-31,
GE,2020-04-30,
GE,2020-05-31,
GE,2020-06-30,
GE,2020-07-31,
GE,2020-08-31,
GE,2020-09-30,
GE,2020-10-31,
GE,2020-11-30,
GE,2020-12-31,
GE,2021-01-31,
GE,2021-02-28,
GE,2021-03-31,
GE,2021-04-30,
GE,2021-05-31,
GE,2021-06-30,
GE,2021-07-31,
GE,2021-08-31,
GE,2021-09-30,
GE,2021-10-31,
GE,2021-11-30,
GE,2021-12-31,
GE,2022-01-31,
GE,2022-02-28,
GE,2022-03-31,
GE,2022-04-30,
GE,2022-05-31,
GE,2022-06-30,
GE,2022-07-31,
GE,2022-08-31,
GE,2022-09-30,
GE,2022-10-31,
GE,2022-11-30,
GE,2022-12-31,
GE,2023-01-31,
GE,2023-02-28,
GE,2023-03-31,
GE,2023-04-30,
GE,2023-05-31,
GE,2023-06-30,
GE,2023-07-31,
GE,2023-08-31,
GE,2023-09-30,
GE,2023-10-31,
GE,2023-11-30,
GE,2023-12-31,
GE,2024-01-31,
GE,2024-02-29,
GE,2024-03-31,
GE,2024-04-30,
GE,2024-05-31,
GE,2024-06-30,
GE,2024-07-31,
GE,2024-08-31,
GE,2024-09-30,
GE,2024-10-31,
GE,2024-11-30,
GE,2024-12-31,
GE,2025-01-31,
GE,2025-02-28,
GE,2025-03-31,
GM,2002-01-31,
GM,2002-02-28,
GM,2002-03-31,
GM,2002-04-30,
GM,2002-05-31,
GM,2002-06-30,
GM,2002-07-31,
GM,2002-08-31,
GM,2002-09-30,
GM,2002-10-31,
GM,2002-11-30,
GM,2002-12-31,
GM,2003-01-31,
GM,2003-02-28,
GM,2003-03-31,
GM,2003-04-30,
GM,2003-05-31,
GM,2003-06-30,
GM,2003-07-31,
GM,2003-08-31,
GM,2003-09-30,
GM,2003-10-31,
GM,2003-11-30,
GM,2003-12-31,
GM,2004-01-31,
GM,2004-02-29,
GM,2004-03-31,
GM,2004-04-30,
GM,2004-05-31,
GM,2004-06-30,
GM,2004-07-31,
GM,2004-08-31,
GM,2004-09-30,
GM,2004-10-31,
GM,2004-11-30,
GM,2004-12-31,
GM,2005-01-31,
GM,2005-02-28,
GM,2005-03-31,
GM,2005-04-30,
GM,2005-05-31,
GM,2005-06-30,
GM,2005-07-31,
GM,2005-08-31,
GM,2005-09-30,
GM,2005-10-31,
GM,2005-11-30,
GM,2005-12-31,
GM,2006-01-31,
GM,2006-02-28,
GM,2006-03-31,
GM,2006-04-30,
GM,2006-05-31,
GM,2006-06-30,
GM,2006-07-31,
GM,2006-08-31,
GM,2006-09-30,
GM,2006-10-31,
GM,2006-11-30,
GM,2006-12-31,
GM,2007-01-31,
GM,2007-02-28,
GM,2007-03-31,
GM,2007-04-30,
GM,2007-05-31,
GM,2007-06-30,
GM,2007-07-31,
GM,2007-08-31,
GM,2007-09-30,
GM,2007-10-31,
GM,2007-11-30,
GM,2007-12-31,
GM,2008-01-31,
GM,2008-02-29,
GM,2008-03-31,
GM,2008-04-30,
GM,2008-05-31,
GM,2008-06-30,
GM,2008-07-31,
GM,2008-08-31,
GM,2008-09-30,
GM,2008-10-31,
GM,2008-11-30,
GM,2008-12-31,
GM,2009-01-31,
GM,2009-02-28,
GM,2009-03-31,
GM,2009-04-30,
GM,2009-05-31,
GM,2009-06-30,
GM,2009-07-31,
GM,2009-08-31,
GM,2009-09-30,
GM,2009-10-31,
GM,2009-11-30,
GM,2009-12-31,
GM,2010-01-31,
GM,2010-02-28,
GM,2010-03-31,
GM,2010-04-30,
GM,2010-05-31,
GM,2010-06-30,
GM,2010-07-31,
GM,2010-08-31,
GM,2010-09-30,
GM,2010-10-31,
GM,2010-11-30,
GM,2010-12-31,
GM,2011-01-31,
GM,2011-02-28,
GM,2011-03-31,
GM,2011-04-30,
GM,2011-05-31,
GM,2011-06-30,
GM,2011-07-31,
GM,2011-08-31,
GM,2011-09-30,
GM,2011-10-31,
GM,2011-11-30,
GM,2011-12-31,
GM,2012-01-31,
GM,2012-02-29,
GM,2012-03-31,
GM,2012-04-30,
GM,2012-05-31,
GM,2012-06-30,
GM,2012-07-31,
GM,2012-08-31,
GM,2012-09-30,
GM,2012-10-31,
GM,2012-11-30,
GM,2012-12-31,
GM,2013-01-31,
GM,2013-02-28,
GM,2013-03-31,
GM,2013-04-30,
GM,2013-05-31,
GM,2013-06-30,
GM,2013-07-31,
GM,2013-08-31,
GM,2013-09-30,
GM,2013-10-31,
GM,2013-11-30,
GM,2013-12-31,
GM,2014-01-31,
GM,2014-02-28,
GM,2014-03-31,
GM,2014-04-30,
GM,2014-05-31,
GM,2014-06-30,
GM,2014-07-31,
GM,2014-08-31,
GM,2014-09-30,
GM,2014-10-31,
GM,2014-11-30,
GM,2014-12-31,
GM,2015-01-31,
GM,2015-02-28,
GM,2015-03-31,
GM,2015-04-30,
GM,2015-05-31,
GM,2015-06-30,
GM,2015-07-31,
GM,2015-08-31,
GM,2015-09-30,
GM,2015-10-31,
GM,2015-11-30,
GM,2015-12-31,
GM,2016-01-31,
GM,2016-02-29,
GM,2016-03-31,
GM,2016-04-30,
GM,2016-05-31,
GM,2016-06-30,
GM,2016-07-31,
GM,2016-08-31,
GM,2016-09-30,
GM,2016-10-31,
GM,2016-11-30,
GM,2016-12-31,
GM,2017-01-31,
GM,2017-02-28,
GM,2017-03-31,
GM,2017-04-30,
GM,2017-05-31,
GM,2017-06-30,
GM,2017-07-31,
GM,2017-08-31,
GM,2017-09-30,
GM,2017-10-31,
GM,2017-11-30,
GM,2017-12-31,
GM,2018-01-31,
GM,2018-02-28,
GM,2018-03-31,
GM,2018-04-30,
GM,2018-05-31,
GM,2018-06-30,
GM,2018-07-31,
GM,2018-08-31,
GM,2018-09-30,
GM,2018-10-31,
GM,2018-11-30,
GM,2018-12-31,
GM,2019-01-31,
GM,2019-02-28,
GM,2019-03-31,
GM,2019-04-30,
GM,2019-05-31,
GM,2019-06-30,
GM,2019-07-31,
GM,2019-08-31,
GM,2019-09-30,
GM,2019-10-31,
GM,2019-11-30,
GM,2019-12-31,
GM,2020-01-31,
GM,2020-02-29,
GM,2020-03-31,
GM,2020-04-30,
GM,2020-05-31,
GM,2020-06-30,
GM,2020-07-31,
GM,2020-08-31,
GM,2020-09-30,
GM,2020-10-31,
GM,2020-11-30,
GM,2020-12-31,
GM,2021-01-31,
GM,2021-02-28,
GM,2021-03-31,
GM,2021-04-30,
GM,2021-05-31,
GM,2021-06-30,
GM,2021-07-31,
GM,2021-08-31,
GM,2021-09-30,
GM,2021-10-31,
GM,2021-11-30,
GM,2021-12-31,
GM,2022-01-31,
GM,2022-02-28,
GM,2022-03-31,
GM,2022-04-30,
GM,2022-05-31,
GM,2022-06-30,
GM,2022-07-31,
GM,2022-08-31,
GM,2022-09-30,
GM,2022-10-31,
GM,2022-11-30,
GM,2022-12-31,
GM,2023-01-31,
GM,2023-02-28,
GM,2023-03-31,
GM,2023-04-30,
GM,2023-05-31,
GM,2023-06-30,
GM,2023-07-31,
GM,2023-08-31,
GM,2023-09-30,
GM,2023-10-31,
GM,2023-11-30,
GM,2023-12-31,
GM,2024-01-31,
GM,2024-02-29,
GM,2024-03-31,
GM,2024-04-30,
GM,2024-05-31,
GM,2024-06-30,
GM,2024-07-31,
GM,2024-08-31,
GM,2024-09-30,
GM,2024-10-31,
GM,2024-11-30,
GM,2024-12-31,
GM,2025-01-31,
GM,2025-02-28,
GM,2025-03-31,
GQ,2002-01-31,0.0
GQ,2002-02-28,0.0
GQ,2002-03-31,0.0
GQ,2002-04-30,0.0
GQ,2002-05-31,0.0
GQ,2002-06-30,0.0
GQ,2002-07-31,0.0
GQ,2002-08-31,0.0
GQ,2002-09-30,0.0
GQ,2002-10-31,0.0
GQ,2002-11-30,0.0
GQ,2002-12-31,0.0
GQ,2003-01-31,0.0
GQ,2003-02-28,0.0
GQ,2003-03-31,0.0
GQ,2003-04-30,0.0
GQ,2003-05-31,0.0
GQ,2003-06-30,0.0
GQ,2003-07-31,0.0
GQ,2003-08-31,0.0
GQ,2003-09-30,0.0
GQ,2003-10-31,0.0
GQ,2003-11-30,0.0
GQ,2003-12-31,0.0
GQ,2004-01-31,0.0
GQ,2004-02-29,0.0
GQ,2004-03-31,0.0
GQ,2004-04-30,0.0
GQ,2004-05-31,0.0
GQ,2004-06-30,0.0
GQ,2004-07-31,0.0
GQ,2004-08-31,0.0
GQ,2004-09-30,0.0
GQ,2004-10-31,0.0
GQ,2004-11-30,0.0
GQ,2004-12-31,0.0
GQ,2005-01-31,0.0
GQ,2005-02-28,0.0
GQ,2005-03-31,0.0
GQ,2005-04-30,0.0
GQ,2005-05-31,0.0
GQ,2005-06-30,0.0
GQ,2005-07-31,0.0
GQ,2005-08-31,0.0
GQ,2005-09-30,0.0
GQ,2005-10-31,0.0
GQ,2005-11-30,0.0
GQ,2005-12-31,0.0
GQ,2006-01-31,0.0
GQ,2006-02-28,0.0
GQ,2006-03-31,0.0
GQ,2006-04-30,0.0
GQ,2006-05-31,0.0
GQ,2006-06-30,0.0
GQ,2006-07-31,0.0
GQ,2006-08-31,0.0
GQ,2006-09-30,0.0
GQ,2006-10-31,0.0
GQ,2006-11-30,0.0
GQ,2006-12-31,0.0
GQ,2007-01-31,0.0
GQ,2007-02-28,0.0
GQ,2007-03-31,0.0
GQ,2007-04-30,0.0
GQ,2007-05-31,0.0
GQ,2007-06-30,0.0
GQ,2007-07-31,0.0
GQ,2007-08-31,0.0
GQ,2007-09-30,0.0
GQ,2007-10-31,0.0
GQ,2007-11-30,0.0
GQ,2007-12-31,0.0
GQ,2008-01-31,0.0
GQ,2008-02-29,0.0
GQ,2008-03-31,0.0
GQ,2008-04-30,0.0
GQ,2008-05-31,0.0
GQ,2008-06-30,0.0
GQ,2008-07-31,0.0
GQ,2008-08-31,0.0
GQ,2008-09-30,0.0
GQ,2008-10-31,0.0
GQ,2008-11-30,0.0
GQ,2008-12-31,0.0
GQ,2009-01-31,
GQ,2009-02-28,
GQ,2009-03-31,
GQ,2009-04-30,
GQ,2009-05-31,
GQ,2009-06-30,
GQ,2009-07-31,
GQ,2009-08-31,
GQ,2009-09-30,
GQ,2009-10-31,
GQ,2009-11-30,
GQ,2009-12-31,
GQ,2010-01-31,
GQ,2010-02-28,
GQ,2010-03-31,
GQ,2010-04-30,
GQ,2010-05-31,
GQ,2010-06-30,
GQ,2010-07-31,
GQ,2010-08-31,
GQ,2010-09-30,
GQ,2010-10-31,
GQ,2010-11-30,
GQ,2010-12-31,
GQ,2011-01-31,
GQ,2011-02-28,
GQ,2011-03-31,
GQ,2011-04-30,
GQ,2011-05-31,
GQ,2011-06-30,
GQ,2011-07-31,
GQ,2011-08-31,
GQ,2011-09-30,
GQ,2011-10-31,
GQ,2011-11-30,
GQ,2011-12-31,
GQ,2012-01-31,
GQ,2012-02-29,
GQ,2012-03-31,
GQ,2012-04-30,
GQ,2012-05-31,
GQ,2012-06-30,
GQ,2012-07-31,
GQ,2012-08-31,
GQ,2012-09-30,
GQ,2012-10-31,
GQ,2012-11-30,
GQ,2012-12-31,
GQ,2013-01-31,
GQ,2013-02-28,
GQ,2013-03-31,
GQ,2013-04-30,
GQ,2013-05-31,
GQ,2013-06-30,
GQ,2013-07-31,
GQ,2013-08-31,
GQ,2013-09-30,
GQ,2013-10-31,
GQ,2013-11-30,
GQ,2013-12-31,
GQ,2014-01-31,
GQ,2014-02-28,
GQ,2014-03-31,
GQ,2014-04-30,
GQ,2014-05-31,
GQ,2014-06-30,
GQ,2014-07-31,
GQ,2014-08-31,
GQ,2014-09-30,
GQ,2014-10-31,
GQ,2014-11-30,
GQ,2014-12-31,
GQ,2015-01-31,
GQ,2015-02-28,
GQ,2015-03-31,
GQ,2015-04-30,
GQ,2015-05-31,
GQ,2015-06-30,
GQ,2015-07-31,
GQ,2015-08-31,
GQ,2015-09-30,
GQ,2015-10-31,
GQ,2015-11-30,
GQ,2015-12-31,
GQ,2016-01-31,
GQ,2016-02-29,
GQ,2016-03-31,
GQ,2016-04-30,
GQ,2016-05-31,
GQ,2016-06-30,
GQ,2016-07-31,
GQ,2016-08-31,
GQ,2016-09-30,
GQ,2016-10-31,
GQ,2016-11-30,
GQ,2016-12-31,
GQ,2017-01-31,
GQ,2017-02-28,
GQ,2017-03-31,
GQ,2017-04-30,
GQ,2017-05-31,
GQ,2017-06-30,
GQ,2017-07-31,
GQ,2017-08-31,
GQ,2017-09-30,
GQ,2017-10-31,
GQ,2017-11-30,
GQ,2017-12-31,
GQ,2018-01-31,
GQ,2018-02-28,
GQ,2018-03-31,
GQ,2018-04-30,
GQ,2018-05-31,
GQ,2018-06-30,
GQ,2018-07-31,
GQ,2018-08-31,
GQ,2018-09-30,
GQ,2018-10-31,
GQ,2018-11-30,
GQ,2018-12-31,
GQ,2019-01-31,3535.0
GQ,2019-02-28,3875.0
GQ,2019-03-31,3415.0
GQ,2019-04-30,3248.0
GQ,2019-05-31,3160.0
GQ,2019-06-30,3718.0
GQ,2019-07-31,3442.0
GQ,2019-08-31,3216.0
GQ,2019-09-30,3886.0
GQ,2019-10-31,3963.0
GQ,2019-11-30,3838.0
GQ,2019-12-31,4021.0
GQ,2020-01-31,2724.0
GQ,2020-02-29,2183.0
GQ,2020-03-31,2427.0
GQ,2020-04-30,1595.0
GQ,2020-05-31,2719.0
GQ,2020-06-30,2618.0
GQ,2020-07-31,2667.0
GQ,2020-08-31,2054.0
GQ,2020-09-30,1844.0
GQ,2020-10-31,1650.0
GQ,2020-11-30,2859.0
GQ,2020-12-31,1939.0
GQ,2021-01-31,1560.0
GQ,2021-02-28,2804.0
GQ,2021-03-31,2512.0
GQ,2021-04-30,1855.0
GQ,2021-05-31,2346.0
GQ,2021-06-30,1769.0
GQ,2021-07-31,2280.0
GQ,2021-08-31,2581.0
GQ,2021-09-30,2536.0
GQ,2021-10-31,2442.0
GQ,2021-11-30,2605.0
GQ,2021-12-31,2006.0
GQ,2022-01-31,1380.0
GQ,2022-02-28,2162.0
GQ,2022-03-31,2432.0
GQ,2022-04-30,1603.0
GQ,2022-05-31,2305.0
GQ,2022-06-30,2445.0
GQ,2022-07-31,1763.0
GQ,2022-08-31,2492.0
GQ,2022-09-30,2070.0
GQ,2022-10-31,2237.0
GQ,2022-11-30,1881.0
GQ,2022-12-31,2131.0
GQ,2023-01-31,2295.0
GQ,2023-02-28,1397.0
GQ,2023-03-31,1945.0
GQ,2023-04-30,861.0
GQ,2023-05-31,2763.0
GQ,2023-06-30,2384.0
GQ,2023-07-31,2350.0
GQ,2023-08-31,1532.0
GQ,2023-09-30,2521.0
GQ,2023-10-31,1771.0
GQ,2023-11-30,2407.0
GQ,2023-12-31,2608.0
GQ,2024-01-31,
GQ,2024-02-29,
GQ,2024-03-31,
GQ,2024-04-30,
GQ,2024-05-31,
GQ,2024-06-30,
GQ,2024-07-31,
GQ,2024-08-31,
GQ,2024-09-30,
GQ,2024-10-31,
GQ,2024-11-30,
GQ,2024-12-31,
GQ,2025-01-31,
GQ,2025-02-28,
GQ,2025-03-31,
GR,2002-01-31,11850.96
GR,2002-02-28,12816.43
GR,2002-03-31,10509.62
GR,2002-04-30,10634.91
GR,2002-05-31,9875.8
GR,2002-06-30,8578.68
GR,2002-07-31,8541.83
GR,2002-08-31,9308.31
GR,2002-09-30,12145.76
GR,2002-10-31,11062.37
GR,2002-11-30,13406.03
GR,2002-12-31,12529.0
GR,2003-01-31,10369.59
GR,2003-02-28,11084.48
GR,2003-03-31,12860.65
GR,2003-04-30,13921.93
GR,2003-05-31,12175.24
GR,2003-06-30,16272.96
GR,2003-07-31,11357.17
GR,2003-08-31,10259.04
GR,2003-09-30,10819.16
GR,2003-10-31,11460.35
GR,2003-11-30,10074.79
GR,2003-12-31,9934.76
GR,2004-01-31,10318.0
GR,2004-02-29,10679.13
GR,2004-03-31,11504.57
GR,2004-04-30,12359.49
GR,2004-05-31,11401.39
GR,2004-06-30,14054.59
GR,2004-07-31,15086.39
GR,2004-08-31,12912.24
GR,2004-09-30,11246.62
GR,2004-10-31,11799.37
GR,2004-11-30,11850.96
GR,2004-12-31,16958.37
GR,2005-01-31,14843.18
GR,2005-02-28,15749.69
GR,2005-03-31,14880.03
GR,2005-04-30,16132.93
GR,2005-05-31,12632.18
GR,2005-06-30,11077.11
GR,2005-07-31,12727.99
GR,2005-08-31,13067.01
GR,2005-09-30,12153.13
GR,2005-10-31,11224.51
GR,2005-11-30,11497.2
GR,2005-12-31,11055.0
GR,2006-01-31,14555.75
GR,2006-02-28,13840.86
GR,2006-03-31,11939.4
GR,2006-04-30,9971.61
GR,2006-05-31,11865.7
GR,2006-06-30,12263.68
GR,2006-07-31,11629.86
GR,2006-08-31,11349.8
GR,2006-09-30,12241.57
GR,2006-10-31,10752.83
GR,2006-11-30,11703.56
GR,2006-12-31,10605.43
GR,2007-01-31,10089.53
GR,2007-02-28,10701.24
GR,2007-03-31,9684.18
GR,2007-04-30,10465.4
GR,2007-05-31,12123.65
GR,2007-06-30,10907.6
GR,2007-07-31,12086.8
GR,2007-08-31,11858.33
GR,2007-09-30,10472.77
GR,2007-10-31,9993.72
GR,2007-11-30,11740.41
GR,2007-12-31,12131.02
GR,2008-01-31,13332.33
GR,2008-02-29,13855.6
GR,2008-03-31,11688.82
GR,2008-04-30,13582.91
GR,2008-05-31,13966.15
GR,2008-06-30,13708.2
GR,2008-07-31,11342.43
GR,2008-08-31,11475.09
GR,2008-09-30,12278.42
GR,2008-10-31,13155.45
GR,2008-11-30,14003.0
GR,2008-12-31,14548.38
GR,2009-01-31,13074.38
GR,2009-02-28,13111.23
GR,2009-03-31,14017.74
GR,2009-04-30,12705.88
GR,2009-05-31,12352.12
GR,2009-06-30,14209.36
GR,2009-07-31,14555.75
GR,2009-08-31,13103.86
GR,2009-09-30,12366.86
GR,2009-10-31,10413.81
GR,2009-11-30,11563.53
GR,2009-12-31,12558.48
GR,2010-01-31,11040.26
GR,2010-02-28,13406.03
GR,2010-03-31,12123.65
GR,2010-04-30,12020.47
GR,2010-05-31,10907.6
GR,2010-06-30,12919.61
GR,2010-07-31,12978.57
GR,2010-08-31,13125.97
GR,2010-09-30,12750.1
GR,2010-10-31,14128.29
GR,2010-11-30,11895.18
GR,2010-12-31,12705.88
GR,2011-01-31,13398.66
GR,2011-02-28,12175.24
GR,2011-03-31,13907.19
GR,2011-04-30,12897.5
GR,2011-05-31,14025.11
GR,2011-06-30,14629.45
GR,2011-07-31,12838.54
GR,2011-08-31,13133.34
GR,2011-09-30,10561.21
GR,2011-10-31,9669.44
GR,2011-11-30,10745.46
GR,2011-12-31,9160.91
GR,2012-01-31,9522.04
GR,2012-02-29,10399.07
GR,2012-03-31,10236.93
GR,2012-04-30,13162.82
GR,2012-05-31,12565.85
GR,2012-06-30,12278.42
GR,2012-07-31,12926.98
GR,2012-08-31,13089.12
GR,2012-09-30,11570.9
GR,2012-10-31,12160.5
GR,2012-11-30,12403.71
GR,2012-12-31,11047.63
GR,2013-01-31,10443.29
GR,2013-02-28,10553.84
GR,2013-03-31,10369.59
GR,2013-04-30,7200.49
GR,2013-05-31,8107.0
GR,2013-06-30,7922.75
GR,2013-07-31,7915.38
GR,2013-08-31,7841.68
GR,2013-09-30,8394.43
GR,2013-10-31,7937.49
GR,2013-11-30,7664.8
GR,2013-12-31,7281.56
GR,2014-01-31,6979.39
GR,2014-02-28,7377.37
GR,2014-03-31,7664.8
GR,2014-04-30,7274.19
GR,2014-05-31,7377.37
GR,2014-06-30,6677.22
GR,2014-07-31,7731.13
GR,2014-08-31,6655.11
GR,2014-09-30,9028.25
GR,2014-10-31,7723.76
GR,2014-11-30,8188.07
GR,2014-12-31,8313.36
GR,2015-01-31,8018.56
GR,2015-02-28,7067.83
GR,2015-03-31,9897.91
GR,2015-04-30,9411.49
GR,2015-05-31,10384.33
GR,2015-06-30,8696.6
GR,2015-07-31,7318.41
GR,2015-08-31,9433.6
GR,2015-09-30,8527.09
GR,2015-10-31,8446.02
GR,2015-11-30,11408.76
GR,2015-12-31,11136.07
GR,2016-01-31,8807.15
GR,2016-02-29,11895.18
GR,2016-03-31,11570.9
GR,2016-04-30,9765.25
GR,2016-05-31,9875.8
GR,2016-06-30,11099.22
GR,2016-07-31,10465.4
GR,2016-08-31,10207.45
GR,2016-09-30,10487.51
GR,2016-10-31,8917.7
GR,2016-11-30,11209.77
GR,2016-12-31,13310.22
GR,2017-01-31,11622.49
GR,2017-02-28,11128.7
GR,2017-03-31,12234.2
GR,2017-04-30,10575.95
GR,2017-05-31,9794.73
GR,2017-06-30,11305.58
GR,2017-07-31,11327.69
GR,2017-08-31,10480.14
GR,2017-09-30,11371.91
GR,2017-10-31,9639.96
GR,2017-11-30,10789.68
GR,2017-12-31,10472.77
GR,2018-01-31,10332.74
GR,2018-02-28,11850.96
GR,2018-03-31,11968.88
GR,2018-04-30,8703.97
GR,2018-05-31,12543.74
GR,2018-06-30,10605.43
GR,2018-07-31,11792.0
GR,2018-08-31,11231.88
GR,2018-09-30,10539.1
GR,2018-10-31,10281.15
GR,2018-11-30,10583.32
GR,2018-12-31,10531.73
GR,2019-01-31,10347.48
GR,2019-02-28,10428.55
GR,2019-03-31,10568.58
GR,2019-04-30,10841.27
GR,2019-05-31,10679.13
GR,2019-06-30,8291.25
GR,2019-07-31,11062.37
GR,2019-08-31,11939.4
GR,2019-09-30,10406.44
GR,2019-10-31,10251.67
GR,2019-11-30,10435.92
GR,2019-12-31,8497.61
GR,2020-01-31,11747.78
GR,2020-02-29,11792.0
GR,2020-03-31,11932.03
GR,2020-04-30,12307.9
GR,2020-05-31,12963.83
GR,2020-06-30,14371.5
GR,2020-07-31,12845.91
GR,2020-08-31,13184.93
GR,2020-09-30,12411.08
GR,2020-10-31,15322.23
GR,2020-11-30,14039.85
GR,2020-12-31,12396.34
GR,2021-01-31,8726.08
GR,2021-02-28,10583.32
GR,2021-03-31,10200.08
GR,2021-04-30,8740.82
GR,2021-05-31,9359.9
GR,2021-06-30,10590.69
GR,2021-07-31,9411.49
GR,2021-08-31,9153.54
GR,2021-09-30,7731.13
GR,2021-10-31,8984.03
GR,2021-11-30,7487.92
GR,2021-12-31,10170.6
GR,2022-01-31,10634.91
GR,2022-02-28,12956.46
GR,2022-03-31,9160.91
GR,2022-04-30,9337.79
GR,2022-05-31,11158.18
GR,2022-06-30,9072.47
GR,2022-07-31,11320.32
GR,2022-08-31,7937.49
GR,2022-09-30,9440.97
GR,2022-10-31,8453.39
GR,2022-11-30,11438.24
GR,2022-12-31,9662.07
GR,2023-01-31,9013.51
GR,2023-02-28,9293.57
GR,2023-03-31,10487.51
GR,2023-04-30,9131.43
GR,2023-05-31,8991.4
GR,2023-06-30,9757.88
GR,2023-07-31,9418.86
GR,2023-08-31,8954.55
GR,2023-09-30,10760.2
GR,2023-10-31,10037.94
GR,2023-11-30,8320.73
GR,2023-12-31,8770.3
GR,2024-01-31,8954.55
GR,2024-02-29,7885.9
GR,2024-03-31,10406.44
GR,2024-04-30,9411.49
GR,2024-05-31,11062.37
GR,2024-06-30,9124.06
GR,2024-07-31,8534.46
GR,2024-08-31,8490.24
GR,2024-09-30,11593.01
GR,2024-10-31,10244.3
GR,2024-11-30,8961.92
GR,2024-12-31,9499.93
GR,2025-01-31,9625.22
GR,2025-02-28,10539.1
GR,2025-03-31,
GT,2002-01-31,0.0
GT,2002-02-28,0.0
GT,2002-03-31,0.0
GT,2002-04-30,0.0
GT,2002-05-31,0.0
GT,2002-06-30,0.0
GT,2002-07-31,0.0
GT,2002-08-31,0.0
GT,2002-09-30,0.0
GT,2002-10-31,0.0
GT,2002-11-30,0.0
GT,2002-12-31,0.0
GT,2003-01-31,0.0
GT,2003-02-28,0.0
GT,2003-03-31,0.0
GT,2003-04-30,0.0
GT,2003-05-31,0.0
GT,2003-06-30,0.0
GT,2003-07-31,0.0
GT,2003-08-31,0.0
GT,2003-09-30,0.0
GT,2003-10-31,0.0
GT,2003-11-30,0.0
GT,2003-12-31,0.0
GT,2004-01-31,0.0
GT,2004-02-29,0.0
GT,2004-03-31,0.0
GT,2004-04-30,0.0
GT,2004-05-31,0.0
GT,2004-06-30,0.0
GT,2004-07-31,0.0
GT,2004-08-31,0.0
GT,2004-09-30,0.0
GT,2004-10-31,0.0
GT,2004-11-30,0.0
GT,2004-12-31,0.0
GT,2005-01-31,0.0
GT,2005-02-28,0.0
GT,2005-03-31,0.0
GT,2005-04-30,0.0
GT,2005-05-31,0.0
GT,2005-06-30,0.0
GT,2005-07-31,0.0
GT,2005-08-31,0.0
GT,2005-09-30,0.0
GT,2005-10-31,0.0
GT,2005-11-30,0.0
GT,2005-12-31,0.0
GT,2006-01-31,0.0
GT,2006-02-28,0.0
GT,2006-03-31,0.0
GT,2006-04-30,0.0
GT,2006-05-31,0.0
GT,2006-06-30,0.0
GT,2006-07-31,0.0
GT,2006-08-31,0.0
GT,2006-09-30,0.0
GT,2006-10-31,0.0
GT,2006-11-30,0.0
GT,2006-12-31,0.0
GT,2007-01-31,0.0
GT,2007-02-28,0.0
GT,2007-03-31,0.0
GT,2007-04-30,0.0
GT,2007-05-31,0.0
GT,2007-06-30,0.0
GT,2007-07-31,0.0
GT,2007-08-31,0.0
GT,2007-09-30,0.0
GT,2007-10-31,0.0
GT,2007-11-30,0.0
GT,2007-12-31,0.0
GT,2008-01-31,0.0
GT,2008-02-29,0.0
GT,2008-03-31,0.0
GT,2008-04-30,0.0
GT,2008-05-31,0.0
GT,2008-06-30,0.0
GT,2008-07-31,0.0
GT,2008-08-31,0.0
GT,2008-09-30,0.0
GT,2008-10-31,0.0
GT,2008-11-30,0.0
GT,2008-12-31,0.0
GT,2009-01-31,0.0
GT,2009-02-28,0.0
GT,2009-03-31,0.0
GT,2009-04-30,0.0
GT,2009-05-31,0.0
GT,2009-06-30,0.0
GT,2009-07-31,0.0
GT,2009-08-31,0.0
GT,2009-09-30,0.0
GT,2009-10-31,0.0
GT,2009-11-30,0.0
GT,2009-12-31,0.0
GT,2010-01-31,0.0
GT,2010-02-28,0.0
GT,2010-03-31,0.0
GT,2010-04-30,0.0
GT,2010-05-31,0.0
GT,2010-06-30,0.0
GT,2010-07-31,0.0
GT,2010-08-31,0.0
GT,2010-09-30,0.0
GT,2010-10-31,0.0
GT,2010-11-30,0.0
GT,2010-12-31,0.0
GT,2011-01-31,0.0
GT,2011-02-28,0.0
GT,2011-03-31,0.0
GT,2011-04-30,0.0
GT,2011-05-31,0.0
GT,2011-06-30,0.0
GT,2011-07-31,0.0
GT,2011-08-31,0.0
GT,2011-09-30,0.0
GT,2011-10-31,0.0
GT,2011-11-30,0.0
GT,2011-12-31,0.0
GT,2012-01-31,0.0
GT,2012-02-29,0.0
GT,2012-03-31,0.0
GT,2012-04-30,0.0
GT,2012-05-31,0.0
GT,2012-06-30,0.0
GT,2012-07-31,0.0
GT,2012-08-31,0.0
GT,2012-09-30,0.0
GT,2012-10-31,0.0
GT,2012-11-30,0.0
GT,2012-12-31,0.0
GT,2013-01-31,0.0
GT,2013-02-28,0.0
GT,2013-03-31,0.0
GT,2013-04-30,0.0
GT,2013-05-31,0.0
GT,2013-06-30,0.0
GT,2013-07-31,0.0
GT,2013-08-31,0.0
GT,2013-09-30,0.0
GT,2013-10-31,0.0
GT,2013-11-30,0.0
GT,2013-12-31,0.0
GT,2014-01-31,0.0
GT,2014-02-28,0.0
GT,2014-03-31,0.0
GT,2014-04-30,0.0
GT,2014-05-31,0.0
GT,2014-06-30,0.0
GT,2014-07-31,0.0
GT,2014-08-31,0.0
GT,2014-09-30,0.0
GT,2014-10-31,0.0
GT,2014-11-30,0.0
GT,2014-12-31,0.0
GT,2015-01-31,0.0
GT,2015-02-28,0.0
GT,2015-03-31,0.0
GT,2015-04-30,0.0
GT,2015-05-31,0.0
GT,2015-06-30,0.0
GT,2015-07-31,0.0
GT,2015-08-31,0.0
GT,2015-09-30,0.0
GT,2015-10-31,0.0
GT,2015-11-30,0.0
GT,2015-12-31,0.0
GT,2016-01-31,0.0
GT,2016-02-29,0.0
GT,2016-03-31,0.0
GT,2016-04-30,0.0
GT,2016-05-31,0.0
GT,2016-06-30,0.0
GT,2016-07-31,0.0
GT,2016-08-31,
GT,2016-09-30,
GT,2016-10-31,
GT,2016-11-30,
GT,2016-12-31,
GT,2017-01-31,
GT,2017-02-28,
GT,2017-03-31,
GT,2017-04-30,
GT,2017-05-31,
GT,2017-06-30,
GT,2017-07-31,
GT,2017-08-31,
GT,2017-09-30,
GT,2017-10-31,
GT,2017-11-30,
GT,2017-12-31,
GT,2018-01-31,
GT,2018-02-28,
GT,2018-03-31,
GT,2018-04-30,
GT,2018-05-31,
GT,2018-06-30,
GT,2018-07-31,
GT,2018-08-31,
GT,2018-09-30,
GT,2018-10-31,
GT,2018-11-30,
GT,2018-12-31,
GT,2019-01-31,
GT,2019-02-28,
GT,2019-03-31,
GT,2019-04-30,
GT,2019-05-31,
GT,2019-06-30,
GT,2019-07-31,
GT,2019-08-31,
GT,2019-09-30,
GT,2019-10-31,
GT,2019-11-30,
GT,2019-12-31,
GT,2020-01-31,
GT,2020-02-29,
GT,2020-03-31,
GT,2020-04-30,
GT,2020-05-31,
GT,2020-06-30,
GT,2020-07-31,
GT,2020-08-31,
GT,2020-09-30,
GT,2020-10-31,
GT,2020-11-30,
GT,2020-12-31,
GT,2021-01-31,
GT,2021-02-28,
GT,2021-03-31,
GT,2021-04-30,
GT,2021-05-31,
GT,2021-06-30,
GT,2021-07-31,
GT,2021-08-31,
GT,2021-09-30,
GT,2021-10-31,
GT,2021-11-30,
GT,2021-12-31,
GT,2022-01-31,
GT,2022-02-28,
GT,2022-03-31,
GT,2022-04-30,
GT,2022-05-31,
GT,2022-06-30,
GT,2022-07-31,
GT,2022-08-31,
GT,2022-09-30,
GT,2022-10-31,
GT,2022-11-30,
GT,2022-12-31,
GT,2023-01-31,
GT,2023-02-28,
GT,2023-03-31,
GT,2023-04-30,
GT,2023-05-31,
GT,2023-06-30,
GT,2023-07-31,
GT,2023-08-31,
GT,2023-09-30,
GT,2023-10-31,
GT,2023-11-30,
GT,2023-12-31,
GT,2024-01-31,
GT,2024-02-29,
GT,2024-03-31,
GT,2024-04-30,
GT,2024-05-31,
GT,2024-06-30,
GT,2024-07-31,
GT,2024-08-31,
GT,2024-09-30,
GT,2024-10-31,
GT,2024-11-30,
GT,2024-12-31,
GT,2025-01-31,
GY,2002-01-31,0.0
GY,2002-02-28,0.0
GY,2002-03-31,0.0
GY,2002-04-30,0.0
GY,2002-05-31,0.0
GY,2002-06-30,0.0
GY,2002-07-31,0.0
GY,2002-08-31,0.0
GY,2002-09-30,0.0
GY,2002-10-31,0.0
GY,2002-11-30,0.0
GY,2002-12-31,0.0
GY,2003-01-31,0.0
GY,2003-02-28,0.0
GY,2003-03-31,0.0
GY,2003-04-30,0.0
GY,2003-05-31,0.0
GY,2003-06-30,0.0
GY,2003-07-31,0.0
GY,2003-08-31,0.0
GY,2003-09-30,0.0
GY,2003-10-31,0.0
GY,2003-11-30,0.0
GY,2003-12-31,0.0
GY,2004-01-31,0.0
GY,2004-02-29,0.0
GY,2004-03-31,0.0
GY,2004-04-30,0.0
GY,2004-05-31,0.0
GY,2004-06-30,0.0
GY,2004-07-31,0.0
GY,2004-08-31,0.0
GY,2004-09-30,0.0
GY,2004-10-31,0.0
GY,2004-11-30,0.0
GY,2004-12-31,0.0
GY,2005-01-31,0.0
GY,2005-02-28,0.0
GY,2005-03-31,0.0
GY,2005-04-30,0.0
GY,2005-05-31,0.0
GY,2005-06-30,0.0
GY,2005-07-31,0.0
GY,2005-08-31,0.0
GY,2005-09-30,0.0
GY,2005-10-31,0.0
GY,2005-11-30,0.0
GY,2005-12-31,0.0
GY,2006-01-31,0.0
GY,2006-02-28,0.0
GY,2006-03-31,0.0
GY,2006-04-30,0.0
GY,2006-05-31,0.0
GY,2006-06-30,0.0
GY,2006-07-31,0.0
GY,2006-08-31,0.0
GY,2006-09-30,0.0
GY,2006-10-31,0.0
GY,2006-11-30,0.0
GY,2006-12-31,0.0
GY,2007-01-31,0.0
GY,2007-02-28,0.0
GY,2007-03-31,0.0
GY,2007-04-30,0.0
GY,2007-05-31,0.0
GY,2007-06-30,0.0
GY,2007-07-31,0.0
GY,2007-08-31,0.0
GY,2007-09-30,0.0
GY,2007-10-31,0.0
GY,2007-11-30,0.0
GY,2007-12-31,0.0
GY,2008-01-31,0.0
GY,2008-02-29,0.0
GY,2008-03-31,0.0
GY,2008-04-30,0.0
GY,2008-05-31,0.0
GY,2008-06-30,0.0
GY,2008-07-31,0.0
GY,2008-08-31,0.0
GY,2008-09-30,0.0
GY,2008-10-31,0.0
GY,2008-11-30,0.0
GY,2008-12-31,0.0
GY,2009-01-31,0.0
GY,2009-02-28,0.0
GY,2009-03-31,0.0
GY,2009-04-30,0.0
GY,2009-05-31,0.0
GY,2009-06-30,0.0
GY,2009-07-31,0.0
GY,2009-08-31,0.0
GY,2009-09-30,0.0
GY,2009-10-31,0.0
GY,2009-11-30,0.0
GY,2009-12-31,0.0
GY,2010-01-31,0.0
GY,2010-02-28,0.0
GY,2010-03-31,0.0
GY,2010-04-30,0.0
GY,2010-05-31,0.0
GY,2010-06-30,0.0
GY,2010-07-31,0.0
GY,2010-08-31,0.0
GY,2010-09-30,0.0
GY,2010-10-31,0.0
GY,2010-11-30,0.0
GY,2010-12-31,0.0
GY,2011-01-31,0.0
GY,2011-02-28,0.0
GY,2011-03-31,0.0
GY,2011-04-30,0.0
GY,2011-05-31,0.0
GY,2011-06-30,0.0
GY,2011-07-31,0.0
GY,2011-08-31,0.0
GY,2011-09-30,0.0
GY,2011-10-31,0.0
GY,2011-11-30,0.0
GY,2011-12-31,0.0
GY,2012-01-31,0.0
GY,2012-02-29,0.0
GY,2012-03-31,0.0
GY,2012-04-30,0.0
GY,2012-05-31,0.0
GY,2012-06-30,0.0
GY,2012-07-31,0.0
GY,2012-08-31,0.0
GY,2012-09-30,0.0
GY,2012-10-31,0.0
GY,2012-11-30,0.0
GY,2012-12-31,0.0
GY,2013-01-31,0.0
GY,2013-02-28,0.0
GY,2013-03-31,0.0
GY,2013-04-30,0.0
GY,2013-05-31,0.0
GY,2013-06-30,0.0
GY,2013-07-31,0.0
GY,2013-08-31,0.0
GY,2013-09-30,0.0
GY,2013-10-31,0.0
GY,2013-11-30,0.0
GY,2013-12-31,0.0
GY,2014-01-31,0.0
GY,2014-02-28,0.0
GY,2014-03-31,0.0
GY,2014-04-30,0.0
GY,2014-05-31,0.0
GY,2014-06-30,0.0
GY,2014-07-31,0.0
GY,2014-08-31,0.0
GY,2014-09-30,0.0
GY,2014-10-31,0.0
GY,2014-11-30,0.0
GY,2014-12-31,0.0
GY,2015-01-31,0.0
GY,2015-02-28,0.0
GY,2015-03-31,0.0
GY,2015-04-30,0.0
GY,2015-05-31,0.0
GY,2015-06-30,0.0
GY,2015-07-31,0.0
GY,2015-08-31,0.0
GY,2015-09-30,0.0
GY,2015-10-31,0.0
GY,2015-11-30,0.0
GY,2015-12-31,0.0
GY,2016-01-31,0.0
GY,2016-02-29,0.0
GY,2016-03-31,0.0
GY,2016-04-30,0.0
GY,2016-05-31,0.0
GY,2016-06-30,0.0
GY,2016-07-31,0.0
GY,2016-08-31,
GY,2016-09-30,
GY,2016-10-31,
GY,2016-11-30,
GY,2016-12-31,
GY,2017-01-31,
GY,2017-02-28,
GY,2017-03-31,
GY,2017-04-30,
GY,2017-05-31,
GY,2017-06-30,
GY,2017-07-31,
GY,2017-08-31,
GY,2017-09-30,
GY,2017-10-31,
GY,2017-11-30,
GY,2017-12-31,
GY,2018-01-31,
GY,2018-02-28,
GY,2018-03-31,
GY,2018-04-30,
GY,2018-05-31,
GY,2018-06-30,
GY,2018-07-31,
GY,2018-08-31,
GY,2018-09-30,
GY,2018-10-31,
GY,2018-11-30,
GY,2018-12-31,
GY,2019-01-31,
GY,2019-02-28,
GY,2019-03-31,
GY,2019-04-30,
GY,2019-05-31,
GY,2019-06-30,
GY,2019-07-31,
GY,2019-08-31,
GY,2019-09-30,
GY,2019-10-31,
GY,2019-11-30,
GY,2019-12-31,
GY,2020-01-31,
GY,2020-02-29,
GY,2020-03-31,
GY,2020-04-30,
GY,2020-05-31,
GY,2020-06-30,
GY,2020-07-31,
GY,2020-08-31,
GY,2020-09-30,
GY,2020-10-31,
GY,2020-11-30,
GY,2020-12-31,
GY,2021-01-31,
GY,2021-02-28,
GY,2021-03-31,
GY,2021-04-30,
GY,2021-05-31,
GY,2021-06-30,
GY,2021-07-31,
GY,2021-08-31,
GY,2021-09-30,
GY,2021-10-31,
GY,2021-11-30,
GY,2021-12-31,
GY,2022-01-31,
GY,2022-02-28,
GY,2022-03-31,
GY,2022-04-30,
GY,2022-05-31,
GY,2022-06-30,
GY,2022-07-31,
GY,2022-08-31,
GY,2022-09-30,
GY,2022-10-31,
GY,2022-11-30,
GY,2022-12-31,
GY,2023-01-31,
GY,2023-02-28,
GY,2023-03-31,
GY,2023-04-30,
GY,2023-05-31,
GY,2023-06-30,
GY,2023-07-31,
GY,2023-08-31,
GY,2023-09-30,
GY,2023-10-31,
GY,2023-11-30,
GY,2023-12-31,
GY,2024-01-31,
GY,2024-02-29,
GY,2024-03-31,
GY,2024-04-30,
GY,2024-05-31,
GY,2024-06-30,
GY,2024-07-31,
GY,2024-08-31,
GY,2024-09-30,
GY,2024-10-31,
GY,2024-11-30,
GY,2024-12-31,
GY,2025-01-31,
HK,2002-01-31,
HK,2002-02-28,
HK,2002-03-31,
HK,2002-04-30,
HK,2002-05-31,
HK,2002-06-30,
HK,2002-07-31,
HK,2002-08-31,
HK,2002-09-30,
HK,2002-10-31,
HK,2002-11-30,
HK,2002-12-31,
HK,2003-01-31,
HK,2003-02-28,
HK,2003-03-31,
HK,2003-04-30,
HK,2003-05-31,
HK,2003-06-30,
HK,2003-07-31,
HK,2003-08-31,
HK,2003-09-30,
HK,2003-10-31,
HK,2003-11-30,
HK,2003-12-31,
HK,2004-01-31,
HK,2004-02-29,
HK,2004-03-31,
HK,2004-04-30,
HK,2004-05-31,
HK,2004-06-30,
HK,2004-07-31,
HK,2004-08-31,
HK,2004-09-30,
HK,2004-10-31,
HK,2004-11-30,
HK,2004-12-31,
HK,2005-01-31,
HK,2005-02-28,
HK,2005-03-31,
HK,2005-04-30,
HK,2005-05-31,
HK,2005-06-30,
HK,2005-07-31,
HK,2005-08-31,
HK,2005-09-30,
HK,2005-10-31,
HK,2005-11-30,
HK,2005-12-31,
HK,2006-01-31,
HK,2006-02-28,
HK,2006-03-31,
HK,2006-04-30,
HK,2006-05-31,
HK,2006-06-30,
HK,2006-07-31,
HK,2006-08-31,
HK,2006-09-30,
HK,2006-10-31,
HK,2006-11-30,
HK,2006-12-31,
HK,2007-01-31,
HK,2007-02-28,
HK,2007-03-31,
HK,2007-04-30,
HK,2007-05-31,
HK,2007-06-30,
HK,2007-07-31,
HK,2007-08-31,
HK,2007-09-30,
HK,2007-10-31,
HK,2007-11-30,
HK,2007-12-31,
HK,2008-01-31,
HK,2008-02-29,
HK,2008-03-31,
HK,2008-04-30,
HK,2008-05-31,
HK,2008-06-30,
HK,2008-07-31,
HK,2008-08-31,
HK,2008-09-30,
HK,2008-10-31,
HK,2008-11-30,
HK,2008-12-31,
HK,2009-01-31,
HK,2009-02-28,
HK,2009-03-31,
HK,2009-04-30,
HK,2009-05-31,
HK,2009-06-30,
HK,2009-07-31,
HK,2009-08-31,
HK,2009-09-30,
HK,2009-10-31,
HK,2009-11-30,
HK,2009-12-31,
HK,2010-01-31,
HK,2010-02-28,
HK,2010-03-31,
HK,2010-04-30,
HK,2010-05-31,
HK,2010-06-30,
HK,2010-07-31,
HK,2010-08-31,
HK,2010-09-30,
HK,2010-10-31,
HK,2010-11-30,
HK,2010-12-31,
HK,2011-01-31,
HK,2011-02-28,
HK,2011-03-31,
HK,2011-04-30,
HK,2011-05-31,
HK,2011-06-30,
HK,2011-07-31,
HK,2011-08-31,
HK,2011-09-30,
HK,2011-10-31,
HK,2011-11-30,
HK,2011-12-31,
HK,2012-01-31,
HK,2012-02-29,
HK,2012-03-31,
HK,2012-04-30,
HK,2012-05-31,
HK,2012-06-30,
HK,2012-07-31,
HK,2012-08-31,
HK,2012-09-30,
HK,2012-10-31,
HK,2012-11-30,
HK,2012-12-31,
HK,2013-01-31,
HK,2013-02-28,
HK,2013-03-31,
HK,2013-04-30,
HK,2013-05-31,
HK,2013-06-30,
HK,2013-07-31,
HK,2013-08-31,
HK,2013-09-30,
HK,2013-10-31,
HK,2013-11-30,
HK,2013-12-31,
HK,2014-01-31,
HK,2014-02-28,
HK,2014-03-31,
HK,2014-04-30,
HK,2014-05-31,
HK,2014-06-30,
HK,2014-07-31,
HK,2014-08-31,
HK,2014-09-30,
HK,2014-10-31,
HK,2014-11-30,
HK,2014-12-31,
HK,2015-01-31,
HK,2015-02-28,
HK,2015-03-31,
HK,2015-04-30,
HK,2015-05-31,
HK,2015-06-30,
HK,2015-07-31,
HK,2015-08-31,
HK,2015-09-30,
HK,2015-10-31,
HK,2015-11-30,
HK,2015-12-31,
HK,2016-01-31,
HK,2016-02-29,
HK,2016-03-31,
HK,2016-04-30,
HK,2016-05-31,
HK,2016-06-30,
HK,2016-07-31,
HK,2016-08-31,
HK,2016-09-30,
HK,2016-10-31,
HK,2016-11-30,
HK,2016-12-31,
HK,2017-01-31,
HK,2017-02-28,
HK,2017-03-31,
HK,2017-04-30,
HK,2017-05-31,
HK,2017-06-30,
HK,2017-07-31,
HK,2017-08-31,
HK,2017-09-30,
HK,2017-10-31,
HK,2017-11-30,
HK,2017-12-31,
HK,2018-01-31,
HK,2018-02-28,
HK,2018-03-31,
HK,2018-04-30,
HK,2018-05-31,
HK,2018-06-30,
HK,2018-07-31,
HK,2018-08-31,
HK,2018-09-30,
HK,2018-10-31,
HK,2018-11-30,
HK,2018-12-31,
HK,2019-01-31,
HK,2019-02-28,
HK,2019-03-31,
HK,2019-04-30,
HK,2019-05-31,
HK,2019-06-30,
HK,2019-07-31,
HK,2019-08-31,
HK,2019-09-30,
HK,2019-10-31,
HK,2019-11-30,
HK,2019-12-31,
HK,2020-01-31,
HK,2020-02-29,
HK,2020-03-31,
HK,2020-04-30,
HK,2020-05-31,
HK,2020-06-30,
HK,2020-07-31,
HK,2020-08-31,
HK,2020-09-30,
HK,2020-10-31,
HK,2020-11-30,
HK,2020-12-31,
HK,2021-01-31,
HK,2021-02-28,
HK,2021-03-31,
HK,2021-04-30,
HK,2021-05-31,
HK,2021-06-30,
HK,2021-07-31,
HK,2021-08-31,
HK,2021-09-30,
HK,2021-10-31,
HK,2021-11-30,
HK,2021-12-31,
HK,2022-01-31,
HK,2022-02-28,
HK,2022-03-31,
HK,2022-04-30,
HK,2022-05-31,
HK,2022-06-30,
HK,2022-07-31,
HK,2022-08-31,
HK,2022-09-30,
HK,2022-10-31,
HK,2022-11-30,
HK,2022-12-31,
HK,2023-01-31,
HK,2023-02-28,
HK,2023-03-31,
HK,2023-04-30,
HK,2023-05-31,
HK,2023-06-30,
HK,2023-07-31,
HK,2023-08-31,
HK,2023-09-30,
HK,2023-10-31,
HK,2023-11-30,
HK,2023-12-31,
HK,2024-01-31,
HK,2024-02-29,
HK,2024-03-31,
HK,2024-04-30,
HK,2024-05-31,
HK,2024-06-30,
HK,2024-07-31,
HK,2024-08-31,
HK,2024-09-30,
HK,2024-10-31,
HK,2024-11-30,
HK,2024-12-31,
HK,2025-01-31,
HK,2025-02-28,
HK,2025-03-31,
HN,2002-01-31,0.0
HN,2002-02-28,0.0
HN,2002-03-31,0.0
HN,2002-04-30,0.0
HN,2002-05-31,0.0
HN,2002-06-30,0.0
HN,2002-07-31,0.0
HN,2002-08-31,0.0
HN,2002-09-30,0.0
HN,2002-10-31,0.0
HN,2002-11-30,0.0
HN,2002-12-31,0.0
HN,2003-01-31,0.0
HN,2003-02-28,0.0
HN,2003-03-31,0.0
HN,2003-04-30,0.0
HN,2003-05-31,0.0
HN,2003-06-30,0.0
HN,2003-07-31,0.0
HN,2003-08-31,0.0
HN,2003-09-30,0.0
HN,2003-10-31,0.0
HN,2003-11-30,0.0
HN,2003-12-31,0.0
HN,2004-01-31,0.0
HN,2004-02-29,0.0
HN,2004-03-31,0.0
HN,2004-04-30,0.0
HN,2004-05-31,0.0
HN,2004-06-30,0.0
HN,2004-07-31,0.0
HN,2004-08-31,0.0
HN,2004-09-30,0.0
HN,2004-10-31,0.0
HN,2004-11-30,0.0
HN,2004-12-31,0.0
HN,2005-01-31,0.0
HN,2005-02-28,0.0
HN,2005-03-31,0.0
HN,2005-04-30,0.0
HN,2005-05-31,0.0
HN,2005-06-30,0.0
HN,2005-07-31,0.0
HN,2005-08-31,0.0
HN,2005-09-30,0.0
HN,2005-10-31,0.0
HN,2005-11-30,0.0
HN,2005-12-31,0.0
HN,2006-01-31,0.0
HN,2006-02-28,0.0
HN,2006-03-31,0.0
HN,2006-04-30,0.0
HN,2006-05-31,0.0
HN,2006-06-30,0.0
HN,2006-07-31,0.0
HN,2006-08-31,0.0
HN,2006-09-30,0.0
HN,2006-10-31,0.0
HN,2006-11-30,0.0
HN,2006-12-31,0.0
HN,2007-01-31,0.0
HN,2007-02-28,0.0
HN,2007-03-31,0.0
HN,2007-04-30,0.0
HN,2007-05-31,0.0
HN,2007-06-30,0.0
HN,2007-07-31,0.0
HN,2007-08-31,0.0
HN,2007-09-30,0.0
HN,2007-10-31,0.0
HN,2007-11-30,0.0
HN,2007-12-31,0.0
HN,2008-01-31,0.0
HN,2008-02-29,0.0
HN,2008-03-31,0.0
HN,2008-04-30,0.0
HN,2008-05-31,0.0
HN,2008-06-30,0.0
HN,2008-07-31,0.0
HN,2008-08-31,0.0
HN,2008-09-30,0.0
HN,2008-10-31,0.0
HN,2008-11-30,0.0
HN,2008-12-31,0.0
HN,2009-01-31,0.0
HN,2009-02-28,0.0
HN,2009-03-31,0.0
HN,2009-04-30,0.0
HN,2009-05-31,0.0
HN,2009-06-30,0.0
HN,2009-07-31,0.0
HN,2009-08-31,0.0
HN,2009-09-30,0.0
HN,2009-10-31,0.0
HN,2009-11-30,0.0
HN,2009-12-31,0.0
HN,2010-01-31,0.0
HN,2010-02-28,0.0
HN,2010-03-31,0.0
HN,2010-04-30,0.0
HN,2010-05-31,0.0
HN,2010-06-30,0.0
HN,2010-07-31,0.0
HN,2010-08-31,0.0
HN,2010-09-30,0.0
HN,2010-10-31,0.0
HN,2010-11-30,0.0
HN,2010-12-31,0.0
HN,2011-01-31,0.0
HN,2011-02-28,0.0
HN,2011-03-31,0.0
HN,2011-04-30,0.0
HN,2011-05-31,0.0
HN,2011-06-30,0.0
HN,2011-07-31,0.0
HN,2011-08-31,0.0
HN,2011-09-30,0.0
HN,2011-10-31,0.0
HN,2011-11-30,0.0
HN,2011-12-31,0.0
HN,2012-01-31,0.0
HN,2012-02-29,0.0
HN,2012-03-31,0.0
HN,2012-04-30,0.0
HN,2012-05-31,0.0
HN,2012-06-30,0.0
HN,2012-07-31,0.0
HN,2012-08-31,0.0
HN,2012-09-30,0.0
HN,2012-10-31,0.0
HN,2012-11-30,0.0
HN,2012-12-31,0.0
HN,2013-01-31,0.0
HN,2013-02-28,0.0
HN,2013-03-31,0.0
HN,2013-04-30,0.0
HN,2013-05-31,0.0
HN,2013-06-30,0.0
HN,2013-07-31,0.0
HN,2013-08-31,0.0
HN,2013-09-30,0.0
HN,2013-10-31,0.0
HN,2013-11-30,0.0
HN,2013-12-31,0.0
HN,2014-01-31,0.0
HN,2014-02-28,0.0
HN,2014-03-31,0.0
HN,2014-04-30,0.0
HN,2014-05-31,0.0
HN,2014-06-30,0.0
HN,2014-07-31,0.0
HN,2014-08-31,0.0
HN,2014-09-30,0.0
HN,2014-10-31,0.0
HN,2014-11-30,0.0
HN,2014-12-31,0.0
HN,2015-01-31,0.0
HN,2015-02-28,0.0
HN,2015-03-31,0.0
HN,2015-04-30,0.0
HN,2015-05-31,0.0
HN,2015-06-30,0.0
HN,2015-07-31,0.0
HN,2015-08-31,0.0
HN,2015-09-30,0.0
HN,2015-10-31,0.0
HN,2015-11-30,0.0
HN,2015-12-31,0.0
HN,2016-01-31,0.0
HN,2016-02-29,0.0
HN,2016-03-31,0.0
HN,2016-04-30,0.0
HN,2016-05-31,0.0
HN,2016-06-30,0.0
HN,2016-07-31,0.0
HN,2016-08-31,
HN,2016-09-30,
HN,2016-10-31,
HN,2016-11-30,
HN,2016-12-31,
HN,2017-01-31,
HN,2017-02-28,
HN,2017-03-31,
HN,2017-04-30,
HN,2017-05-31,
HN,2017-06-30,
HN,2017-07-31,
HN,2017-08-31,
HN,2017-09-30,
HN,2017-10-31,
HN,2017-11-30,
HN,2017-12-31,
HN,2018-01-31,
HN,2018-02-28,
HN,2018-03-31,
HN,2018-04-30,
HN,2018-05-31,
HN,2018-06-30,
HN,2018-07-31,
HN,2018-08-31,
HN,2018-09-30,
HN,2018-10-31,
HN,2018-11-30,
HN,2018-12-31,
HN,2019-01-31,
HN,2019-02-28,
HN,2019-03-31,
HN,2019-04-30,
HN,2019-05-31,
HN,2019-06-30,
HN,2019-07-31,
HN,2019-08-31,
HN,2019-09-30,
HN,2019-10-31,
HN,2019-11-30,
HN,2019-12-31,
HN,2020-01-31,
HN,2020-02-29,
HN,2020-03-31,
HN,2020-04-30,
HN,2020-05-31,
HN,2020-06-30,
HN,2020-07-31,
HN,2020-08-31,
HN,2020-09-30,
HN,2020-10-31,
HN,2020-11-30,
HN,2020-12-31,
HN,2021-01-31,
HN,2021-02-28,
HN,2021-03-31,
HN,2021-04-30,
HN,2021-05-31,
HN,2021-06-30,
HN,2021-07-31,
HN,2021-08-31,
HN,2021-09-30,
HN,2021-10-31,
HN,2021-11-30,
HN,2021-12-31,
HN,2022-01-31,
HN,2022-02-28,
HN,2022-03-31,
HN,2022-04-30,
HN,2022-05-31,
HN,2022-06-30,
HN,2022-07-31,
HN,2022-08-31,
HN,2022-09-30,
HN,2022-10-31,
HN,2022-11-30,
HN,2022-12-31,
HN,2023-01-31,
HN,2023-02-28,
HN,2023-03-31,
HN,2023-04-30,
HN,2023-05-31,
HN,2023-06-30,
HN,2023-07-31,
HN,2023-08-31,
HN,2023-09-30,
HN,2023-10-31,
HN,2023-11-30,
HN,2023-12-31,
HN,2024-01-31,
HN,2024-02-29,
HN,2024-03-31,
HN,2024-04-30,
HN,2024-05-31,
HN,2024-06-30,
HN,2024-07-31,
HN,2024-08-31,
HN,2024-09-30,
HN,2024-10-31,
HN,2024-11-30,
HN,2024-12-31,
HN,2025-01-31,
HR,2002-01-31,
HR,2002-02-28,
HR,2002-03-31,
HR,2002-04-30,
HR,2002-05-31,
HR,2002-06-30,
HR,2002-07-31,
HR,2002-08-31,
HR,2002-09-30,
HR,2002-10-31,
HR,2002-11-30,
HR,2002-12-31,
HR,2003-01-31,
HR,2003-02-28,
HR,2003-03-31,
HR,2003-04-30,
HR,2003-05-31,
HR,2003-06-30,
HR,2003-07-31,
HR,2003-08-31,
HR,2003-09-30,
HR,2003-10-31,
HR,2003-11-30,
HR,2003-12-31,
HR,2004-01-31,
HR,2004-02-29,
HR,2004-03-31,
HR,2004-04-30,
HR,2004-05-31,
HR,2004-06-30,
HR,2004-07-31,
HR,2004-08-31,
HR,2004-09-30,
HR,2004-10-31,
HR,2004-11-30,
HR,2004-12-31,
HR,2005-01-31,3582.894
HR,2005-02-28,2714.988
HR,2005-03-31,2314.416
HR,2005-04-30,3278.756
HR,2005-05-31,3041.38
HR,2005-06-30,3375.19
HR,2005-07-31,2240.236
HR,2005-08-31,2729.824
HR,2005-09-30,2269.908
HR,2005-10-31,2232.818
HR,2005-11-30,1765.484
HR,2005-12-31,1743.23
HR,2006-01-31,2611.136
HR,2006-02-28,3189.74
HR,2006-03-31,3775.762
HR,2006-04-30,2752.078
HR,2006-05-31,2737.242
HR,2006-06-30,3983.466
HR,2006-07-31,2321.834
HR,2006-08-31,2863.348
HR,2006-09-30,2173.474
HR,2006-10-31,3471.624
HR,2006-11-30,2210.564
HR,2006-12-31,1557.78
HR,2007-01-31,3456.788
HR,2007-02-28,3516.132
HR,2007-03-31,3723.836
HR,2007-04-30,2996.872
HR,2007-05-31,3211.994
HR,2007-06-30,3501.296
HR,2007-07-31,3612.566
HR,2007-08-31,2737.242
HR,2007-09-30,2002.86
HR,2007-10-31,2277.326
HR,2007-11-30,1735.812
HR,2007-12-31,2210.564
HR,2008-01-31,3360.354
HR,2008-02-29,3419.698
HR,2008-03-31,2514.702
HR,2008-04-30,3338.1
HR,2008-05-31,0.0
HR,2008-06-30,3137.814
HR,2008-07-31,3071.052
HR,2008-08-31,2974.618
HR,2008-09-30,2744.66
HR,2008-10-31,2766.914
HR,2008-11-30,3071.052
HR,2008-12-31,2114.13
HR,2009-01-31,2878.184
HR,2009-02-28,2996.872
HR,2009-03-31,2930.11
HR,2009-04-30,2314.416
HR,2009-05-31,2195.728
HR,2009-06-30,2180.892
HR,2009-07-31,2321.834
HR,2009-08-31,2574.046
HR,2009-09-30,2885.602
HR,2009-10-31,2692.734
HR,2009-11-30,3597.73
HR,2009-12-31,2314.416
HR,2010-01-31,4539.816
HR,2010-02-28,4161.498
HR,2010-03-31,3545.804
HR,2010-04-30,3627.402
HR,2010-05-31,5029.404
HR,2010-06-30,4124.408
HR,2010-07-31,4354.366
HR,2010-08-31,4428.546
HR,2010-09-30,4762.356
HR,2010-10-31,4710.43
HR,2010-11-30,5333.542
HR,2010-12-31,4183.752
HR,2011-01-31,5066.494
HR,2011-02-28,5029.404
HR,2011-03-31,5763.786
HR,2011-04-30,5593.172
HR,2011-05-31,5860.22
HR,2011-06-30,5244.526
HR,2011-07-31,5630.262
HR,2011-08-31,5637.68
HR,2011-09-30,6171.776
HR,2011-10-31,6283.046
HR,2011-11-30,5889.892
HR,2011-12-31,4814.282
HR,2012-01-31,5674.77
HR,2012-02-29,5229.69
HR,2012-03-31,5021.986
HR,2012-04-30,4888.462
HR,2012-05-31,4569.488
HR,2012-06-30,4999.732
HR,2012-07-31,4888.462
HR,2012-08-31,3998.302
HR,2012-09-30,4628.832
HR,2012-10-31,5674.77
HR,2012-11-30,4836.536
HR,2012-12-31,3471.624
HR,2013-01-31,4918.134
HR,2013-02-28,5452.23
HR,2013-03-31,5548.664
HR,2013-04-30,5081.33
HR,2013-05-31,5192.6
HR,2013-06-30,5556.082
HR,2013-07-31,5615.426
HR,2013-08-31,5756.368
HR,2013-09-30,5452.23
HR,2013-10-31,5637.68
HR,2013-11-30,6416.57
HR,2013-12-31,5630.262
HR,2014-01-31,6320.136
HR,2014-02-28,5912.146
HR,2014-03-31,5659.934
HR,2014-04-30,6564.93
HR,2014-05-31,6742.962
HR,2014-06-30,7306.73
HR,2014-07-31,7736.974
HR,2014-08-31,6780.052
HR,2014-09-30,6446.242
HR,2014-10-31,6713.29
HR,2014-11-30,6327.554
HR,2014-12-31,5956.654
HR,2015-01-31,5459.648
HR,2015-02-28,7239.968
HR,2015-03-31,7291.894
HR,2015-04-30,7566.36
HR,2015-05-31,7477.344
HR,2015-06-30,7099.026
HR,2015-07-31,8486.192
HR,2015-08-31,6780.052
HR,2015-09-30,7343.82
HR,2015-10-31,7173.206
HR,2015-11-30,7989.186
HR,2015-12-31,7366.074
HR,2016-01-31,6475.914
HR,2016-02-29,6809.724
HR,2016-03-31,6579.766
HR,2016-04-30,6757.798
HR,2016-05-31,7981.768
HR,2016-06-30,8004.022
HR,2016-07-31,7099.026
HR,2016-08-31,7551.524
HR,2016-09-30,8048.53
HR,2016-10-31,8093.038
HR,2016-11-30,7870.498
HR,2016-12-31,6498.168
HR,2017-01-31,6513.004
HR,2017-02-28,7113.862
HR,2017-03-31,7774.064
HR,2017-04-30,8115.292
HR,2017-05-31,7803.736
HR,2017-06-30,7796.318
HR,2017-07-31,8033.694
HR,2017-08-31,8434.266
HR,2017-09-30,8248.816
HR,2017-10-31,7284.476
HR,2017-11-30,7892.752
HR,2017-12-31,5986.326
HR,2018-01-31,5593.172
HR,2018-02-28,6980.338
HR,2018-03-31,7989.186
HR,2018-04-30,7833.408
HR,2018-05-31,6149.522
HR,2018-06-30,6386.898
HR,2018-07-31,6394.316
HR,2018-08-31,8055.948
HR,2018-09-30,6594.602
HR,2018-10-31,6312.718
HR,2018-11-30,6809.724
HR,2018-12-31,5140.674
HR,2019-01-31,6334.972
HR,2019-02-28,6275.628
HR,2019-03-31,6023.416
HR,2019-04-30,7514.434
HR,2019-05-31,8278.488
HR,2019-06-30,7803.736
HR,2019-07-31,7877.916
HR,2019-08-31,7573.778
HR,2019-09-30,7892.752
HR,2019-10-31,7440.254
HR,2019-11-30,7744.392
HR,2019-12-31,5637.68
HR,2020-01-31,6015.998
HR,2020-02-29,7099.026
HR,2020-03-31,6513.004
HR,2020-04-30,7373.492
HR,2020-05-31,7239.968
HR,2020-06-30,7736.974
HR,2020-07-31,7291.894
HR,2020-08-31,7588.614
HR,2020-09-30,7321.566
HR,2020-10-31,6587.184
HR,2020-11-30,6023.416
HR,2020-12-31,5140.674
HR,2021-01-31,5185.182
HR,2021-02-28,6587.184
HR,2021-03-31,7039.682
HR,2021-04-30,7113.862
HR,2021-05-31,6935.83
HR,2021-06-30,7766.646
HR,2021-07-31,6550.094
HR,2021-08-31,7076.772
HR,2021-09-30,6364.644
HR,2021-10-31,5467.066
HR,2021-11-30,5370.632
HR,2021-12-31,5036.822
HR,2022-01-31,5081.33
HR,2022-02-28,5222.272
HR,2022-03-31,7150.952
HR,2022-04-30,7180.624
HR,2022-05-31,7099.026
HR,2022-06-30,6728.126
HR,2022-07-31,7091.608
HR,2022-08-31,7870.498
HR,2022-09-30,7091.608
HR,2022-10-31,6446.242
HR,2022-11-30,6231.12
HR,2022-12-31,6001.162
HR,2023-01-31,6334.972
HR,2023-02-28,6602.02
HR,2023-03-31,6416.57
HR,2023-04-30,7091.608
HR,2023-05-31,6898.74
HR,2023-06-30,6876.486
HR,2023-07-31,6676.2
HR,2023-08-31,7677.63
HR,2023-09-30,7106.444
HR,2023-10-31,7106.444
HR,2023-11-30,5882.474
HR,2023-12-31,5518.992
HR,2024-01-31,5741.532
HR,2024-02-29,6179.194
HR,2024-03-31,6691.036
HR,2024-04-30,8159.8
HR,2024-05-31,7922.424
HR,2024-06-30,8441.684
HR,2024-07-31,7922.424
HR,2024-08-31,6490.75
HR,2024-09-30,6676.2
HR,2024-10-31,7217.714
HR,2024-11-30,7106.444
HR,2024-12-31,6527.84
HR,2025-01-31,7084.19
HR,2025-02-28,6995.174
HR,2025-03-31,
HT,2002-01-31,0.0
HT,2002-02-28,0.0
HT,2002-03-31,0.0
HT,2002-04-30,0.0
HT,2002-05-31,0.0
HT,2002-06-30,0.0
HT,2002-07-31,0.0
HT,2002-08-31,0.0
HT,2002-09-30,0.0
HT,2002-10-31,0.0
HT,2002-11-30,0.0
HT,2002-12-31,0.0
HT,2003-01-31,0.0
HT,2003-02-28,0.0
HT,2003-03-31,0.0
HT,2003-04-30,0.0
HT,2003-05-31,0.0
HT,2003-06-30,0.0
HT,2003-07-31,0.0
HT,2003-08-31,0.0
HT,2003-09-30,0.0
HT,2003-10-31,0.0
HT,2003-11-30,0.0
HT,2003-12-31,0.0
HT,2004-01-31,0.0
HT,2004-02-29,0.0
HT,2004-03-31,0.0
HT,2004-04-30,0.0
HT,2004-05-31,0.0
HT,2004-06-30,0.0
HT,2004-07-31,0.0
HT,2004-08-31,0.0
HT,2004-09-30,0.0
HT,2004-10-31,0.0
HT,2004-11-30,0.0
HT,2004-12-31,0.0
HT,2005-01-31,0.0
HT,2005-02-28,0.0
HT,2005-03-31,0.0
HT,2005-04-30,0.0
HT,2005-05-31,0.0
HT,2005-06-30,0.0
HT,2005-07-31,0.0
HT,2005-08-31,0.0
HT,2005-09-30,0.0
HT,2005-10-31,0.0
HT,2005-11-30,0.0
HT,2005-12-31,0.0
HT,2006-01-31,0.0
HT,2006-02-28,0.0
HT,2006-03-31,0.0
HT,2006-04-30,0.0
HT,2006-05-31,0.0
HT,2006-06-30,0.0
HT,2006-07-31,0.0
HT,2006-08-31,0.0
HT,2006-09-30,0.0
HT,2006-10-31,0.0
HT,2006-11-30,0.0
HT,2006-12-31,0.0
HT,2007-01-31,0.0
HT,2007-02-28,0.0
HT,2007-03-31,0.0
HT,2007-04-30,0.0
HT,2007-05-31,0.0
HT,2007-06-30,0.0
HT,2007-07-31,0.0
HT,2007-08-31,0.0
HT,2007-09-30,0.0
HT,2007-10-31,0.0
HT,2007-11-30,0.0
HT,2007-12-31,0.0
HT,2008-01-31,0.0
HT,2008-02-29,0.0
HT,2008-03-31,0.0
HT,2008-04-30,0.0
HT,2008-05-31,0.0
HT,2008-06-30,0.0
HT,2008-07-31,0.0
HT,2008-08-31,0.0
HT,2008-09-30,0.0
HT,2008-10-31,0.0
HT,2008-11-30,0.0
HT,2008-12-31,0.0
HT,2009-01-31,0.0
HT,2009-02-28,0.0
HT,2009-03-31,0.0
HT,2009-04-30,0.0
HT,2009-05-31,0.0
HT,2009-06-30,0.0
HT,2009-07-31,0.0
HT,2009-08-31,0.0
HT,2009-09-30,0.0
HT,2009-10-31,0.0
HT,2009-11-30,0.0
HT,2009-12-31,0.0
HT,2010-01-31,0.0
HT,2010-02-28,0.0
HT,2010-03-31,0.0
HT,2010-04-30,0.0
HT,2010-05-31,0.0
HT,2010-06-30,0.0
HT,2010-07-31,0.0
HT,2010-08-31,0.0
HT,2010-09-30,0.0
HT,2010-10-31,0.0
HT,2010-11-30,0.0
HT,2010-12-31,0.0
HT,2011-01-31,0.0
HT,2011-02-28,0.0
HT,2011-03-31,0.0
HT,2011-04-30,0.0
HT,2011-05-31,0.0
HT,2011-06-30,0.0
HT,2011-07-31,0.0
HT,2011-08-31,0.0
HT,2011-09-30,0.0
HT,2011-10-31,0.0
HT,2011-11-30,0.0
HT,2011-12-31,0.0
HT,2012-01-31,0.0
HT,2012-02-29,0.0
HT,2012-03-31,0.0
HT,2012-04-30,0.0
HT,2012-05-31,0.0
HT,2012-06-30,0.0
HT,2012-07-31,0.0
HT,2012-08-31,0.0
HT,2012-09-30,0.0
HT,2012-10-31,0.0
HT,2012-11-30,0.0
HT,2012-12-31,0.0
HT,2013-01-31,0.0
HT,2013-02-28,0.0
HT,2013-03-31,0.0
HT,2013-04-30,0.0
HT,2013-05-31,0.0
HT,2013-06-30,0.0
HT,2013-07-31,0.0
HT,2013-08-31,0.0
HT,2013-09-30,0.0
HT,2013-10-31,0.0
HT,2013-11-30,0.0
HT,2013-12-31,0.0
HT,2014-01-31,0.0
HT,2014-02-28,0.0
HT,2014-03-31,0.0
HT,2014-04-30,0.0
HT,2014-05-31,0.0
HT,2014-06-30,0.0
HT,2014-07-31,0.0
HT,2014-08-31,0.0
HT,2014-09-30,0.0
HT,2014-10-31,0.0
HT,2014-11-30,0.0
HT,2014-12-31,0.0
HT,2015-01-31,0.0
HT,2015-02-28,0.0
HT,2015-03-31,0.0
HT,2015-04-30,0.0
HT,2015-05-31,0.0
HT,2015-06-30,0.0
HT,2015-07-31,0.0
HT,2015-08-31,0.0
HT,2015-09-30,0.0
HT,2015-10-31,0.0
HT,2015-11-30,0.0
HT,2015-12-31,0.0
HT,2016-01-31,0.0
HT,2016-02-29,0.0
HT,2016-03-31,0.0
HT,2016-04-30,0.0
HT,2016-05-31,0.0
HT,2016-06-30,0.0
HT,2016-07-31,0.0
HT,2016-08-31,
HT,2016-09-30,
HT,2016-10-31,
HT,2016-11-30,
HT,2016-12-31,
HT,2017-01-31,
HT,2017-02-28,
HT,2017-03-31,
HT,2017-04-30,
HT,2017-05-31,
HT,2017-06-30,
HT,2017-07-31,
HT,2017-08-31,
HT,2017-09-30,
HT,2017-10-31,
HT,2017-11-30,
HT,2017-12-31,
HT,2018-01-31,
HT,2018-02-28,
HT,2018-03-31,
HT,2018-04-30,
HT,2018-05-31,
HT,2018-06-30,
HT,2018-07-31,
HT,2018-08-31,
HT,2018-09-30,
HT,2018-10-31,
HT,2018-11-30,
HT,2018-12-31,
HT,2019-01-31,
HT,2019-02-28,
HT,2019-03-31,
HT,2019-04-30,
HT,2019-05-31,
HT,2019-06-30,
HT,2019-07-31,
HT,2019-08-31,
HT,2019-09-30,
HT,2019-10-31,
HT,2019-11-30,
HT,2019-12-31,
HT,2020-01-31,
HT,2020-02-29,
HT,2020-03-31,
HT,2020-04-30,
HT,2020-05-31,
HT,2020-06-30,
HT,2020-07-31,
HT,2020-08-31,
HT,2020-09-30,
HT,2020-10-31,
HT,2020-11-30,
HT,2020-12-31,
HT,2021-01-31,
HT,2021-02-28,
HT,2021-03-31,
HT,2021-04-30,
HT,2021-05-31,
HT,2021-06-30,
HT,2021-07-31,
HT,2021-08-31,
HT,2021-09-30,
HT,2021-10-31,
HT,2021-11-30,
HT,2021-12-31,
HT,2022-01-31,
HT,2022-02-28,
HT,2022-03-31,
HT,2022-04-30,
HT,2022-05-31,
HT,2022-06-30,
HT,2022-07-31,
HT,2022-08-31,
HT,2022-09-30,
HT,2022-10-31,
HT,2022-11-30,
HT,2022-12-31,
HT,2023-01-31,
HT,2023-02-28,
HT,2023-03-31,
HT,2023-04-30,
HT,2023-05-31,
HT,2023-06-30,
HT,2023-07-31,
HT,2023-08-31,
HT,2023-09-30,
HT,2023-10-31,
HT,2023-11-30,
HT,2023-12-31,
HT,2024-01-31,
HT,2024-02-29,
HT,2024-03-31,
HT,2024-04-30,
HT,2024-05-31,
HT,2024-06-30,
HT,2024-07-31,
HT,2024-08-31,
HT,2024-09-30,
HT,2024-10-31,
HT,2024-11-30,
HT,2024-12-31,
HT,2025-01-31,
HU,2002-01-31,5534.87
HU,2002-02-28,5335.88
HU,2002-03-31,5262.18
HU,2002-04-30,5217.96
HU,2002-05-31,5615.94
HU,2002-06-30,4790.5
HU,2002-07-31,5114.78
HU,2002-08-31,5048.45
HU,2002-09-30,5070.56
HU,2002-10-31,5041.08
HU,2002-11-30,4989.49
HU,2002-12-31,4864.2
HU,2003-01-31,5748.6
HU,2003-02-28,5276.92
HU,2003-03-31,5416.95
HU,2003-04-30,5188.48
HU,2003-05-31,5004.23
HU,2003-06-30,5048.45
HU,2003-07-31,5365.36
HU,2003-08-31,5173.74
HU,2003-09-30,5077.93
HU,2003-10-31,4945.27
HU,2003-11-30,4842.09
HU,2003-12-31,4960.01
HU,2004-01-31,3898.73
HU,2004-02-29,4060.87
HU,2004-03-31,4304.08
HU,2004-04-30,4620.99
HU,2004-05-31,4620.99
HU,2004-06-30,4871.57
HU,2004-07-31,4289.34
HU,2004-08-31,4112.46
HU,2004-09-30,4068.24
HU,2004-10-31,4259.86
HU,2004-11-30,3987.17
HU,2004-12-31,4267.23
HU,2005-01-31,4591.51
HU,2005-02-28,4827.35
HU,2005-03-31,4709.43
HU,2005-04-30,4842.09
HU,2005-05-31,4311.45
HU,2005-06-30,4075.61
HU,2005-07-31,4215.64
HU,2005-08-31,4237.75
HU,2005-09-30,4370.41
HU,2005-10-31,4377.78
HU,2005-11-30,4503.07
HU,2005-12-31,4414.63
HU,2006-01-31,4422.0
HU,2006-02-28,4569.4
HU,2006-03-31,5704.38
HU,2006-04-30,6146.58
HU,2006-05-31,5977.07
HU,2006-06-30,5711.75
HU,2006-07-31,5402.21
HU,2006-08-31,5468.54
HU,2006-09-30,5689.64
HU,2006-10-31,5372.73
HU,2006-11-30,5188.48
HU,2006-12-31,5210.59
HU,2007-01-31,5306.4
HU,2007-02-28,4503.07
HU,2007-03-31,4915.79
HU,2007-04-30,4134.57
HU,2007-05-31,5225.33
HU,2007-06-30,4274.6
HU,2007-07-31,4105.09
HU,2007-08-31,5335.88
HU,2007-09-30,5173.74
HU,2007-10-31,5343.25
HU,2007-11-30,4996.86
HU,2007-12-31,5217.96
HU,2008-01-31,4812.61
HU,2008-02-29,4805.24
HU,2008-03-31,5350.62
HU,2008-04-30,5357.99
HU,2008-05-31,5697.01
HU,2008-06-30,6345.57
HU,2008-07-31,6021.29
HU,2008-08-31,5313.77
HU,2008-09-30,5645.42
HU,2008-10-31,5416.95
HU,2008-11-30,5166.37
HU,2008-12-31,5468.54
HU,2009-01-31,5357.99
HU,2009-02-28,5387.47
HU,2009-03-31,5623.31
HU,2009-04-30,5033.71
HU,2009-05-31,4960.01
HU,2009-06-30,4915.79
HU,2009-07-31,5026.34
HU,2009-08-31,5291.66
HU,2009-09-30,5070.56
HU,2009-10-31,5011.6
HU,2009-11-30,5033.71
HU,2009-12-31,4650.47
HU,2010-01-31,4937.9
HU,2010-02-28,5498.02
HU,2010-03-31,4878.94
HU,2010-04-30,5203.22
HU,2010-05-31,4952.64
HU,2010-06-30,5601.2
HU,2010-07-31,5380.1
HU,2010-08-31,4871.57
HU,2010-09-30,4893.68
HU,2010-10-31,4945.27
HU,2010-11-30,5166.37
HU,2010-12-31,5299.03
HU,2011-01-31,5254.81
HU,2011-02-28,5306.4
HU,2011-03-31,5424.32
HU,2011-04-30,5365.36
HU,2011-05-31,4952.64
HU,2011-06-30,4974.75
HU,2011-07-31,5055.82
HU,2011-08-31,4886.31
HU,2011-09-30,5372.73
HU,2011-10-31,5166.37
HU,2011-11-30,5048.45
HU,2011-12-31,4915.79
HU,2012-01-31,4967.38
HU,2012-02-29,4864.2
HU,2012-03-31,5328.51
HU,2012-04-30,5549.61
HU,2012-05-31,4797.87
HU,2012-06-30,4996.86
HU,2012-07-31,5107.41
HU,2012-08-31,5063.19
HU,2012-09-30,4952.64
HU,2012-10-31,4878.94
HU,2012-11-30,4901.05
HU,2012-12-31,4775.76
HU,2013-01-31,5844.41
HU,2013-02-28,6072.88
HU,2013-03-31,5984.44
HU,2013-04-30,5837.04
HU,2013-05-31,6227.65
HU,2013-06-30,6227.65
HU,2013-07-31,6375.05
HU,2013-08-31,6389.79
HU,2013-09-30,6198.17
HU,2013-10-31,5748.6
HU,2013-11-30,5755.97
HU,2013-12-31,5446.43
HU,2014-01-31,5726.49
HU,2014-02-28,5608.57
HU,2014-03-31,5431.69
HU,2014-04-30,5380.1
HU,2014-05-31,6456.12
HU,2014-06-30,5962.33
HU,2014-07-31,5888.63
HU,2014-08-31,6249.76
HU,2014-09-30,5844.41
HU,2014-10-31,7156.27
HU,2014-11-30,6065.51
HU,2014-12-31,6198.17
HU,2015-01-31,6780.4
HU,2015-02-28,6426.64
HU,2015-03-31,6434.01
HU,2015-04-30,7370.0
HU,2015-05-31,7126.79
HU,2015-06-30,6846.73
HU,2015-07-31,7620.58
HU,2015-08-31,8173.33
HU,2015-09-30,7561.62
HU,2015-10-31,8018.56
HU,2015-11-30,8129.11
HU,2015-12-31,8121.74
HU,2016-01-31,7701.65
HU,2016-02-29,7745.87
HU,2016-03-31,7347.89
HU,2016-04-30,7546.88
HU,2016-05-31,7716.39
HU,2016-06-30,8158.59
HU,2016-07-31,8033.3
HU,2016-08-31,8151.22
HU,2016-09-30,8637.64
HU,2016-10-31,8703.97
HU,2016-11-30,8512.35
HU,2016-12-31,8202.81
HU,2017-01-31,8910.33
HU,2017-02-28,8261.77
HU,2017-03-31,8254.4
HU,2017-04-30,8468.13
HU,2017-05-31,8645.01
HU,2017-06-30,8799.78
HU,2017-07-31,8947.18
HU,2017-08-31,8733.45
HU,2017-09-30,9101.95
HU,2017-10-31,8991.4
HU,2017-11-30,8770.3
HU,2017-12-31,8298.62
HU,2018-01-31,8313.36
HU,2018-02-28,8394.43
HU,2018-03-31,8608.16
HU,2018-04-30,8652.38
HU,2018-05-31,9035.62
HU,2018-06-30,8984.03
HU,2018-07-31,10119.01
HU,2018-08-31,10251.67
HU,2018-09-30,9691.55
HU,2018-10-31,9514.67
HU,2018-11-30,9094.58
HU,2018-12-31,8674.49
HU,2019-01-31,8453.39
HU,2019-02-28,8563.94
HU,2019-03-31,8799.78
HU,2019-04-30,9168.28
HU,2019-05-31,7745.87
HU,2019-06-30,7495.29
HU,2019-07-31,7362.63
HU,2019-08-31,7672.17
HU,2019-09-30,8674.49
HU,2019-10-31,8335.47
HU,2019-11-30,8667.12
HU,2019-12-31,8984.03
HU,2020-01-31,8844.0
HU,2020-02-29,8453.39
HU,2020-03-31,9028.25
HU,2020-04-30,9065.1
HU,2020-05-31,8748.19
HU,2020-06-30,8866.11
HU,2020-07-31,9087.21
HU,2020-08-31,9337.79
HU,2020-09-30,9389.38
HU,2020-10-31,9949.5
HU,2020-11-30,9345.16
HU,2020-12-31,9190.39
HU,2021-01-31,8387.06
HU,2021-02-28,8659.75
HU,2021-03-31,8018.56
HU,2021-04-30,7989.08
HU,2021-05-31,8755.56
HU,2021-06-30,8888.22
HU,2021-07-31,9168.28
HU,2021-08-31,9087.21
HU,2021-09-30,9256.72
HU,2021-10-31,9359.9
HU,2021-11-30,9160.91
HU,2021-12-31,9426.23
HU,2022-01-31,9374.64
HU,2022-02-28,9669.44
HU,2022-03-31,10266.41
HU,2022-04-30,10988.67
HU,2022-05-31,11430.87
HU,2022-06-30,11593.01
HU,2022-07-31,12064.69
HU,2022-08-31,12352.12
HU,2022-09-30,12499.52
HU,2022-10-31,11718.3
HU,2022-11-30,12388.97
HU,2022-12-31,12256.31
HU,2023-01-31,12418.45
HU,2023-02-28,12248.94
HU,2023-03-31,12322.64
HU,2023-04-30,12057.32
HU,2023-05-31,12064.69
HU,2023-06-30,11873.07
HU,2023-07-31,11077.11
HU,2023-08-31,11806.74
HU,2023-09-30,11541.42
HU,2023-10-31,12226.83
HU,2023-11-30,12013.1
HU,2023-12-31,11880.44
HU,2024-01-31,11733.04
HU,2024-02-29,11556.16
HU,2024-03-31,11489.83
HU,2024-04-30,11784.63
HU,2024-05-31,11615.12
HU,2024-06-30,11644.6
HU,2024-07-31,11467.72
HU,2024-08-31,11600.38
HU,2024-09-30,11703.56
HU,2024-10-31,11909.92
HU,2024-11-30,11320.32
HU,2024-12-31,11666.71
HU,2025-01-31,11357.17
HU,2025-02-28,11828.85
HU,2025-03-31,11946.77
ID,2002-01-31,
ID,2002-02-28,
ID,2002-03-31,
ID,2002-04-30,
ID,2002-05-31,
ID,2002-06-30,
ID,2002-07-31,
ID,2002-08-31,
ID,2002-09-30,
ID,2002-10-31,
ID,2002-11-30,
ID,2002-12-31,
ID,2003-01-31,
ID,2003-02-28,
ID,2003-03-31,
ID,2003-04-30,
ID,2003-05-31,
ID,2003-06-30,
ID,2003-07-31,
ID,2003-08-31,
ID,2003-09-30,
ID,2003-10-31,
ID,2003-11-30,
ID,2003-12-31,
ID,2004-01-31,
ID,2004-02-29,
ID,2004-03-31,
ID,2004-04-30,
ID,2004-05-31,
ID,2004-06-30,
ID,2004-07-31,
ID,2004-08-31,
ID,2004-09-30,
ID,2004-10-31,
ID,2004-11-30,
ID,2004-12-31,
ID,2005-01-31,
ID,2005-02-28,
ID,2005-03-31,
ID,2005-04-30,
ID,2005-05-31,
ID,2005-06-30,
ID,2005-07-31,
ID,2005-08-31,
ID,2005-09-30,
ID,2005-10-31,
ID,2005-11-30,
ID,2005-12-31,
ID,2006-01-31,
ID,2006-02-28,
ID,2006-03-31,
ID,2006-04-30,
ID,2006-05-31,
ID,2006-06-30,
ID,2006-07-31,
ID,2006-08-31,
ID,2006-09-30,
ID,2006-10-31,
ID,2006-11-30,
ID,2006-12-31,
ID,2007-01-31,
ID,2007-02-28,
ID,2007-03-31,
ID,2007-04-30,
ID,2007-05-31,
ID,2007-06-30,
ID,2007-07-31,
ID,2007-08-31,
ID,2007-09-30,
ID,2007-10-31,
ID,2007-11-30,
ID,2007-12-31,
ID,2008-01-31,
ID,2008-02-29,
ID,2008-03-31,
ID,2008-04-30,
ID,2008-05-31,
ID,2008-06-30,9641.0
ID,2008-07-31,
ID,2008-08-31,
ID,2008-09-30,
ID,2008-10-31,
ID,2008-11-30,
ID,2008-12-31,
ID,2009-01-31,11700.0
ID,2009-02-28,13547.0
ID,2009-03-31,10547.0
ID,2009-04-30,10676.0
ID,2009-05-31,10650.0
ID,2009-06-30,13547.0
ID,2009-07-31,12240.0
ID,2009-08-31,11594.0
ID,2009-09-30,11471.0
ID,2009-10-31,10915.0
ID,2009-11-30,11543.0
ID,2009-12-31,7295.0
ID,2010-01-31,11564.0
ID,2010-02-28,11257.0
ID,2010-03-31,10684.0
ID,2010-04-30,11909.0
ID,2010-05-31,11430.0
ID,2010-06-30,10938.0
ID,2010-07-31,11587.0
ID,2010-08-31,13984.0
ID,2010-09-30,12757.0
ID,2010-10-31,12018.0
ID,2010-11-30,8623.0
ID,2010-12-31,6893.0
ID,2011-01-31,11393.0
ID,2011-02-28,11838.0
ID,2011-03-31,10236.0
ID,2011-04-30,11754.0
ID,2011-05-31,13595.0
ID,2011-06-30,11074.0
ID,2011-07-31,11714.0
ID,2011-08-31,12765.0
ID,2011-09-30,10859.0
ID,2011-10-31,12286.0
ID,2011-11-30,10198.0
ID,2011-12-31,7780.0
ID,2012-01-31,10969.0
ID,2012-02-29,10879.0
ID,2012-03-31,10720.0
ID,2012-04-30,10660.0
ID,2012-05-31,11418.0
ID,2012-06-30,11549.0
ID,2012-07-31,12993.0
ID,2012-08-31,14662.0
ID,2012-09-30,14262.0
ID,2012-10-31,14591.0
ID,2012-11-30,14604.0
ID,2012-12-31,12754.0
ID,2013-01-31,14145.0
ID,2013-02-28,10093.0
ID,2013-03-31,10266.0
ID,2013-04-30,13719.0
ID,2013-05-31,11872.0
ID,2013-06-30,11929.0
ID,2013-07-31,12160.0
ID,2013-08-31,11594.0
ID,2013-09-30,11165.0
ID,2013-10-31,12793.0
ID,2013-11-30,11836.0
ID,2013-12-31,10334.0
ID,2014-01-31,12294.0
ID,2014-02-28,11070.0
ID,2014-03-31,11052.0
ID,2014-04-30,11128.0
ID,2014-05-31,12221.0
ID,2014-06-30,10988.0
ID,2014-07-31,13012.0
ID,2014-08-31,13749.0
ID,2014-09-30,10583.0
ID,2014-10-31,12157.0
ID,2014-11-30,10471.0
ID,2014-12-31,10308.0
ID,2015-01-31,10892.0
ID,2015-02-28,11010.0
ID,2015-03-31,12757.0
ID,2015-04-30,14346.0
ID,2015-05-31,14136.0
ID,2015-06-30,12632.0
ID,2015-07-31,15021.0
ID,2015-08-31,15722.0
ID,2015-09-30,13880.0
ID,2015-10-31,15355.0
ID,2015-11-30,15355.0
ID,2015-12-31,9100.0
ID,2016-01-31,
ID,2016-02-29,
ID,2016-03-31,
ID,2016-04-30,
ID,2016-05-31,
ID,2016-06-30,
ID,2016-07-31,
ID,2016-08-31,
ID,2016-09-30,
ID,2016-10-31,
ID,2016-11-30,
ID,2016-12-31,
ID,2017-01-31,
ID,2017-02-28,
ID,2017-03-31,
ID,2017-04-30,
ID,2017-05-31,
ID,2017-06-30,
ID,2017-07-31,
ID,2017-08-31,
ID,2017-09-30,
ID,2017-10-31,
ID,2017-11-30,
ID,2017-12-31,
ID,2018-01-31,
ID,2018-02-28,
ID,2018-03-31,
ID,2018-04-30,
ID,2018-05-31,
ID,2018-06-30,
ID,2018-07-31,
ID,2018-08-31,
ID,2018-09-30,
ID,2018-10-31,
ID,2018-11-30,
ID,2018-12-31,
ID,2019-01-31,0.0
ID,2019-02-28,0.0
ID,2019-03-31,0.0
ID,2019-04-30,0.0
ID,2019-05-31,0.0
ID,2019-06-30,0.0
ID,2019-07-31,0.0
ID,2019-08-31,0.0
ID,2019-09-30,0.0
ID,2019-10-31,0.0
ID,2019-11-30,0.0
ID,2019-12-31,0.0
ID,2020-01-31,
ID,2020-02-29,
ID,2020-03-31,
ID,2020-04-30,
ID,2020-05-31,
ID,2020-06-30,
ID,2020-07-31,
ID,2020-08-31,
ID,2020-09-30,
ID,2020-10-31,
ID,2020-11-30,
ID,2020-12-31,
ID,2021-01-31,
ID,2021-02-28,
ID,2021-03-31,
ID,2021-04-30,
ID,2021-05-31,
ID,2021-06-30,
ID,2021-07-31,
ID,2021-08-31,
ID,2021-09-30,
ID,2021-10-31,
ID,2021-11-30,
ID,2021-12-31,
ID,2022-01-31,
ID,2022-02-28,
ID,2022-03-31,
ID,2022-04-30,
ID,2022-05-31,
ID,2022-06-30,
ID,2022-07-31,
ID,2022-08-31,
ID,2022-09-30,
ID,2022-10-31,
ID,2022-11-30,
ID,2022-12-31,
ID,2023-01-31,
ID,2023-02-28,
ID,2023-03-31,
ID,2023-04-30,
ID,2023-05-31,
ID,2023-06-30,
ID,2023-07-31,
ID,2023-08-31,
ID,2023-09-30,
ID,2023-10-31,
ID,2023-11-30,
ID,2023-12-31,
ID,2024-01-31,
ID,2024-02-29,
ID,2024-03-31,
ID,2024-04-30,
ID,2024-05-31,
ID,2024-06-30,
ID,2024-07-31,
ID,2024-08-31,
ID,2024-09-30,
ID,2024-10-31,
ID,2024-11-30,
ID,2024-12-31,
ID,2025-01-31,
ID,2025-02-28,
ID,2025-03-31,
IE,2002-01-31,744.37
IE,2002-02-28,862.29
IE,2002-03-31,626.45
IE,2002-04-30,751.74
IE,2002-05-31,626.45
IE,2002-06-30,582.23
IE,2002-07-31,508.53
IE,2002-08-31,980.21
IE,2002-09-30,899.14
IE,2002-10-31,1179.2
IE,2002-11-30,1481.37
IE,2002-12-31,1230.79
IE,2003-01-31,619.08
IE,2003-02-28,397.98
IE,2003-03-31,515.9
IE,2003-04-30,759.11
IE,2003-05-31,574.86
IE,2003-06-30,486.42
IE,2003-07-31,965.47
IE,2003-08-31,950.73
IE,2003-09-30,390.61
IE,2003-10-31,803.33
IE,2003-11-30,1223.42
IE,2003-12-31,869.66
IE,2004-01-31,759.11
IE,2004-02-29,714.89
IE,2004-03-31,316.91
IE,2004-04-30,648.56
IE,2004-05-31,663.3
IE,2004-06-30,479.05
IE,2004-07-31,751.74
IE,2004-08-31,633.82
IE,2004-09-30,655.93
IE,2004-10-31,818.07
IE,2004-11-30,1024.43
IE,2004-12-31,633.82
IE,2005-01-31,1171.83
IE,2005-02-28,471.68
IE,2005-03-31,626.45
IE,2005-04-30,1813.02
IE,2005-05-31,2608.98
IE,2005-06-30,2409.99
IE,2005-07-31,2623.72
IE,2005-08-31,1695.1
IE,2005-09-30,1540.33
IE,2005-10-31,405.35
IE,2005-11-30,795.96
IE,2005-12-31,353.76
IE,2006-01-31,877.03
IE,2006-02-28,1481.37
IE,2006-03-31,1805.65
IE,2006-04-30,1488.74
IE,2006-05-31,1444.52
IE,2006-06-30,1385.56
IE,2006-07-31,1783.54
IE,2006-08-31,714.89
IE,2006-09-30,1518.22
IE,2006-10-31,1282.38
IE,2006-11-30,1746.69
IE,2006-12-31,722.26
IE,2007-01-31,1053.91
IE,2007-02-28,1046.54
IE,2007-03-31,1068.65
IE,2007-04-30,1636.14
IE,2007-05-31,1216.05
IE,2007-06-30,1002.32
IE,2007-07-31,1260.27
IE,2007-08-31,994.95
IE,2007-09-30,847.55
IE,2007-10-31,471.68
IE,2007-11-30,567.49
IE,2007-12-31,884.4
IE,2008-01-31,685.41
IE,2008-02-29,626.45
IE,2008-03-31,987.58
IE,2008-04-30,759.11
IE,2008-05-31,928.62
IE,2008-06-30,1002.32
IE,2008-07-31,729.63
IE,2008-08-31,648.56
IE,2008-09-30,1400.3
IE,2008-10-31,1658.25
IE,2008-11-30,1252.9
IE,2008-12-31,1746.69
IE,2009-01-31,1540.33
IE,2009-02-28,1746.69
IE,2009-03-31,1724.58
IE,2009-04-30,1864.61
IE,2009-05-31,1857.24
IE,2009-06-30,1134.98
IE,2009-07-31,685.41
IE,2009-08-31,1090.76
IE,2009-09-30,825.44
IE,2009-10-31,663.3
IE,2009-11-30,604.34
IE,2009-12-31,854.92
IE,2010-01-31,987.58
IE,2010-02-28,486.42
IE,2010-03-31,906.51
IE,2010-04-30,1304.49
IE,2010-05-31,1894.09
IE,2010-06-30,1378.19
IE,2010-07-31,596.97
IE,2010-08-31,1090.76
IE,2010-09-30,1009.69
IE,2010-10-31,1297.12
IE,2010-11-30,744.37
IE,2010-12-31,1201.31
IE,2011-01-31,1252.9
IE,2011-02-28,788.59
IE,2011-03-31,339.02
IE,2011-04-30,891.77
IE,2011-05-31,832.81
IE,2011-06-30,714.89
IE,2011-07-31,611.71
IE,2011-08-31,1083.39
IE,2011-09-30,1606.66
IE,2011-10-31,1311.86
IE,2011-11-30,1260.27
IE,2011-12-31,1370.82
IE,2012-01-31,611.71
IE,2012-02-29,1193.94
IE,2012-03-31,1289.75
IE,2012-04-30,1356.08
IE,2012-05-31,1017.06
IE,2012-06-30,1658.25
IE,2012-07-31,1046.54
IE,2012-08-31,560.12
IE,2012-09-30,471.68
IE,2012-10-31,1614.03
IE,2012-11-30,1046.54
IE,2012-12-31,420.09
IE,2013-01-31,729.63
IE,2013-02-28,648.56
IE,2013-03-31,552.75
IE,2013-04-30,1282.38
IE,2013-05-31,1142.35
IE,2013-06-30,1496.11
IE,2013-07-31,1024.43
IE,2013-08-31,1348.71
IE,2013-09-30,1009.69
IE,2013-10-31,1230.79
IE,2013-11-30,1068.65
IE,2013-12-31,1112.87
IE,2014-01-31,619.08
IE,2014-02-28,877.03
IE,2014-03-31,1112.87
IE,2014-04-30,899.14
IE,2014-05-31,1252.9
IE,2014-06-30,1046.54
IE,2014-07-31,1024.43
IE,2014-08-31,1289.75
IE,2014-09-30,1378.19
IE,2014-10-31,1127.61
IE,2014-11-30,1076.02
IE,2014-12-31,737.0
IE,2015-01-31,2107.82
IE,2015-02-28,1547.7
IE,2015-03-31,2373.14
IE,2015-04-30,2682.68
IE,2015-05-31,2432.1
IE,2015-06-30,2667.94
IE,2015-07-31,2299.44
IE,2015-08-31,2292.07
IE,2015-09-30,2564.76
IE,2015-10-31,2785.86
IE,2015-11-30,2527.91
IE,2015-12-31,2771.12
IE,2016-01-31,2535.28
IE,2016-02-29,2432.1
IE,2016-03-31,2343.66
IE,2016-04-30,2240.48
IE,2016-05-31,3213.32
IE,2016-06-30,2844.82
IE,2016-07-31,2734.27
IE,2016-08-31,2697.42
IE,2016-09-30,3309.13
IE,2016-10-31,2498.43
IE,2016-11-30,2992.22
IE,2016-12-31,2793.23
IE,2017-01-31,3117.51
IE,2017-02-28,3095.4
IE,2017-03-31,2807.97
IE,2017-04-30,2115.19
IE,2017-05-31,2417.36
IE,2017-06-30,2218.37
IE,2017-07-31,2726.9
IE,2017-08-31,1311.86
IE,2017-09-30,1319.23
IE,2017-10-31,1333.97
IE,2017-11-30,538.01
IE,2017-12-31,840.18
IE,2018-01-31,1134.98
IE,2018-02-28,486.42
IE,2018-03-31,1061.28
IE,2018-04-30,633.82
IE,2018-05-31,928.62
IE,2018-06-30,935.99
IE,2018-07-31,869.66
IE,2018-08-31,678.04
IE,2018-09-30,574.86
IE,2018-10-31,1002.32
IE,2018-11-30,471.68
IE,2018-12-31,560.12
IE,2019-01-31,545.38
IE,2019-02-28,272.69
IE,2019-03-31,361.13
IE,2019-04-30,626.45
IE,2019-05-31,825.44
IE,2019-06-30,280.06
IE,2019-07-31,302.17
IE,2019-08-31,854.92
IE,2019-09-30,589.6
IE,2019-10-31,464.31
IE,2019-11-30,1282.38
IE,2019-12-31,729.63
IE,2020-01-31,486.42
IE,2020-02-29,375.87
IE,2020-03-31,714.89
IE,2020-04-30,1650.88
IE,2020-05-31,1555.07
IE,2020-06-30,1606.66
IE,2020-07-31,1658.25
IE,2020-08-31,972.84
IE,2020-09-30,1650.88
IE,2020-10-31,1658.25
IE,2020-11-30,1761.43
IE,2020-12-31,1216.05
IE,2021-01-31,1120.24
IE,2021-02-28,589.6
IE,2021-03-31,390.61
IE,2021-04-30,420.09
IE,2021-05-31,420.09
IE,2021-06-30,678.04
IE,2021-07-31,604.34
IE,2021-08-31,626.45
IE,2021-09-30,714.89
IE,2021-10-31,508.53
IE,2021-11-30,722.26
IE,2021-12-31,788.59
IE,2022-01-31,737.0
IE,2022-02-28,250.58
IE,2022-03-31,714.89
IE,2022-04-30,781.22
IE,2022-05-31,759.11
IE,2022-06-30,759.11
IE,2022-07-31,560.12
IE,2022-08-31,862.29
IE,2022-09-30,604.34
IE,2022-10-31,1105.5
IE,2022-11-30,854.92
IE,2022-12-31,1275.01
IE,2023-01-31,795.96
IE,2023-02-28,869.66
IE,2023-03-31,788.59
IE,2023-04-30,1429.78
IE,2023-05-31,1252.9
IE,2023-06-30,685.41
IE,2023-07-31,722.26
IE,2023-08-31,692.78
IE,2023-09-30,412.72
IE,2023-10-31,582.23
IE,2023-11-30,803.33
IE,2023-12-31,788.59
IE,2024-01-31,781.22
IE,2024-02-29,1002.32
IE,2024-03-31,442.2
IE,2024-04-30,1083.39
IE,2024-05-31,552.75
IE,2024-06-30,552.75
IE,2024-07-31,899.14
IE,2024-08-31,479.05
IE,2024-09-30,574.86
IE,2024-10-31,449.57
IE,2024-11-30,751.74
IE,2024-12-31,818.07
IE,2025-01-31,877.03
IE,2025-02-28,309.54
IE,2025-03-31,309.54
IN,2002-01-31,
IN,2002-02-28,
IN,2002-03-31,
IN,2002-04-30,
IN,2002-05-31,
IN,2002-06-30,
IN,2002-07-31,
IN,2002-08-31,
IN,2002-09-30,
IN,2002-10-31,
IN,2002-11-30,
IN,2002-12-31,
IN,2003-01-31,
IN,2003-02-28,
IN,2003-03-31,
IN,2003-04-30,
IN,2003-05-31,
IN,2003-06-30,
IN,2003-07-31,
IN,2003-08-31,
IN,2003-09-30,
IN,2003-10-31,
IN,2003-11-30,
IN,2003-12-31,
IN,2004-01-31,
IN,2004-02-29,
IN,2004-03-31,
IN,2004-04-30,
IN,2004-05-31,
IN,2004-06-30,
IN,2004-07-31,
IN,2004-08-31,
IN,2004-09-30,
IN,2004-10-31,
IN,2004-11-30,
IN,2004-12-31,
IN,2005-01-31,
IN,2005-02-28,
IN,2005-03-31,
IN,2005-04-30,
IN,2005-05-31,
IN,2005-06-30,
IN,2005-07-31,
IN,2005-08-31,
IN,2005-09-30,
IN,2005-10-31,
IN,2005-11-30,
IN,2005-12-31,
IN,2006-01-31,
IN,2006-02-28,
IN,2006-03-31,
IN,2006-04-30,
IN,2006-05-31,
IN,2006-06-30,
IN,2006-07-31,
IN,2006-08-31,
IN,2006-09-30,
IN,2006-10-31,
IN,2006-11-30,
IN,2006-12-31,
IN,2007-01-31,
IN,2007-02-28,
IN,2007-03-31,
IN,2007-04-30,
IN,2007-05-31,
IN,2007-06-30,
IN,2007-07-31,
IN,2007-08-31,
IN,2007-09-30,
IN,2007-10-31,
IN,2007-11-30,
IN,2007-12-31,
IN,2008-01-31,
IN,2008-02-29,
IN,2008-03-31,
IN,2008-04-30,
IN,2008-05-31,
IN,2008-06-30,
IN,2008-07-31,
IN,2008-08-31,
IN,2008-09-30,
IN,2008-10-31,
IN,2008-11-30,
IN,2008-12-31,
IN,2009-01-31,
IN,2009-02-28,
IN,2009-03-31,
IN,2009-04-30,
IN,2009-05-31,
IN,2009-06-30,
IN,2009-07-31,
IN,2009-08-31,
IN,2009-09-30,
IN,2009-10-31,
IN,2009-11-30,
IN,2009-12-31,
IN,2010-01-31,
IN,2010-02-28,
IN,2010-03-31,
IN,2010-04-30,
IN,2010-05-31,
IN,2010-06-30,
IN,2010-07-31,
IN,2010-08-31,
IN,2010-09-30,
IN,2010-10-31,
IN,2010-11-30,
IN,2010-12-31,
IN,2011-01-31,
IN,2011-02-28,
IN,2011-03-31,33249.36
IN,2011-04-30,40667.04
IN,2011-05-31,38048.16
IN,2011-06-30,33122.88
IN,2011-07-31,32088.72
IN,2011-08-31,33256.8
IN,2011-09-30,34529.04
IN,2011-10-31,33777.6
IN,2011-11-30,32966.64
IN,2011-12-31,29365.68
IN,2012-01-31,33963.6
IN,2012-02-29,34625.76
IN,2012-03-31,34640.64
IN,2012-04-30,38330.88
IN,2012-05-31,36046.8
IN,2012-06-30,37705.92
IN,2012-07-31,34350.48
IN,2012-08-31,34447.2
IN,2012-09-30,37155.36
IN,2012-10-31,34209.12
IN,2012-11-30,32140.8
IN,2012-12-31,32386.32
IN,2013-01-31,34328.16
IN,2013-02-28,35243.28
IN,2013-03-31,28591.92
IN,2013-04-30,34395.12
IN,2013-05-31,37103.28
IN,2013-06-30,37393.44
IN,2013-07-31,36418.8
IN,2013-08-31,38070.48
IN,2013-09-30,37214.88
IN,2013-10-31,35206.08
IN,2013-11-30,35325.12
IN,2013-12-31,36359.28
IN,2014-01-31,31166.16
IN,2014-02-28,35235.84
IN,2014-03-31,33822.24
IN,2014-04-30,32736.0
IN,2014-05-31,40815.84
IN,2014-06-30,37631.52
IN,2014-07-31,38546.64
IN,2014-08-31,35697.12
IN,2014-09-30,38911.2
IN,2014-10-31,39826.32
IN,2014-11-30,37281.84
IN,2014-12-31,31768.8
IN,2015-01-31,34826.64
IN,2015-02-28,32215.2
IN,2015-03-31,29544.24
IN,2015-04-30,23049.12
IN,2015-05-31,39141.84
IN,2015-06-30,32929.44
IN,2015-07-31,37705.92
IN,2015-08-31,38211.84
IN,2015-09-30,34023.12
IN,2015-10-31,36708.96
IN,2015-11-30,37438.08
IN,2015-12-31,35741.76
IN,2016-01-31,39937.92
IN,2016-02-29,37787.76
IN,2016-03-31,34692.72
IN,2016-04-30,36292.32
IN,2016-05-31,39052.56
IN,2016-06-30,37631.52
IN,2016-07-31,38115.12
IN,2016-08-31,41626.8
IN,2016-09-30,45361.68
IN,2016-10-31,52117.2
IN,2016-11-30,45904.8
IN,2016-12-31,43062.72
IN,2017-01-31,40577.76
IN,2017-02-28,37944.0
IN,2017-03-31,37214.88
IN,2017-04-30,39595.68
IN,2017-05-31,39662.64
IN,2017-06-30,35726.88
IN,2017-07-31,37951.44
IN,2017-08-31,38323.44
IN,2017-09-30,36872.64
IN,2017-10-31,40659.6
IN,2017-11-30,40830.72
IN,2017-12-31,39885.84
IN,2018-01-31,40049.52
IN,2018-02-28,42080.64
IN,2018-03-31,42482.4
IN,2018-04-30,37862.16
IN,2018-05-31,45681.6
IN,2018-06-30,51269.04
IN,2018-07-31,48315.36
IN,2018-08-31,51112.8
IN,2018-09-30,50391.12
IN,2018-10-31,50688.72
IN,2018-11-30,44394.48
IN,2018-12-31,51678.24
IN,2019-01-31,50889.6
IN,2019-02-28,49669.44
IN,2019-03-31,46083.36
IN,2019-04-30,51469.92
IN,2019-05-31,62533.2
IN,2019-06-30,50205.12
IN,2019-07-31,47749.92
IN,2019-08-31,45012.0
IN,2019-09-30,49736.4
IN,2019-10-31,49416.48
IN,2019-11-30,46209.84
IN,2019-12-31,51202.08
IN,2020-01-31,51804.72
IN,2020-02-29,48412.08
IN,2020-03-31,52370.16
IN,2020-04-30,58560.24
IN,2020-05-31,57831.12
IN,2020-06-30,54765.84
IN,2020-07-31,47883.84
IN,2020-08-31,52511.52
IN,2020-09-30,52898.4
IN,2020-10-31,53806.08
IN,2020-11-30,51782.4
IN,2020-12-31,58106.4
IN,2021-01-31,53880.48
IN,2021-02-28,52414.8
IN,2021-03-31,53880.48
IN,2021-04-30,51038.4
IN,2021-05-31,52504.08
IN,2021-06-30,55428.0
IN,2021-07-31,53873.04
IN,2021-08-31,55152.72
IN,2021-09-30,51358.32
IN,2021-10-31,50644.08
IN,2021-11-30,53382.0
IN,2021-12-31,50249.76
IN,2022-01-31,48702.24
IN,2022-02-28,49126.32
IN,2022-03-31,48739.44
IN,2022-04-30,50205.12
IN,2022-05-31,43486.8
IN,2022-06-30,48709.68
IN,2022-07-31,53396.88
IN,2022-08-31,57057.36
IN,2022-09-30,52146.96
IN,2022-10-31,50673.84
IN,2022-11-30,55085.76
IN,2022-12-31,55889.28
IN,2023-01-31,52511.52
IN,2023-02-28,54245.04
IN,2023-03-31,53657.28
IN,2023-04-30,54639.36
IN,2023-05-31,52422.24
IN,2023-06-30,55152.72
IN,2023-07-31,54445.92
IN,2023-08-31,50889.6
IN,2023-09-30,51492.24
IN,2023-10-31,56075.28
IN,2023-11-30,49900.08
IN,2023-12-31,49639.68
IN,2024-01-31,53389.44
IN,2024-02-29,51432.72
IN,2024-03-31,45376.56
IN,2024-04-30,54661.68
IN,2024-05-31,50316.72
IN,2024-06-30,56648.16
IN,2024-07-31,54676.56
IN,2024-08-31,52496.64
IN,2024-09-30,48367.44
IN,2024-10-31,51611.28
IN,2024-11-30,53129.04
IN,2024-12-31,46522.32
IN,2025-01-31,45064.08
IN,2025-02-28,47757.36
IN,2025-03-31,43352.88
IQ,2002-01-31,
IQ,2002-02-28,
IQ,2002-03-31,
IQ,2002-04-30,
IQ,2002-05-31,
IQ,2002-06-30,
IQ,2002-07-31,
IQ,2002-08-31,
IQ,2002-09-30,
IQ,2002-10-31,
IQ,2002-11-30,
IQ,2002-12-31,
IQ,2003-01-31,
IQ,2003-02-28,
IQ,2003-03-31,
IQ,2003-04-30,
IQ,2003-05-31,
IQ,2003-06-30,
IQ,2003-07-31,
IQ,2003-08-31,
IQ,2003-09-30,
IQ,2003-10-31,
IQ,2003-11-30,
IQ,2003-12-31,
IQ,2004-01-31,
IQ,2004-02-29,
IQ,2004-03-31,
IQ,2004-04-30,
IQ,2004-05-31,
IQ,2004-06-30,
IQ,2004-07-31,
IQ,2004-08-31,
IQ,2004-09-30,
IQ,2004-10-31,
IQ,2004-11-30,
IQ,2004-12-31,
IQ,2005-01-31,
IQ,2005-02-28,
IQ,2005-03-31,
IQ,2005-04-30,
IQ,2005-05-31,
IQ,2005-06-30,
IQ,2005-07-31,
IQ,2005-08-31,
IQ,2005-09-30,
IQ,2005-10-31,
IQ,2005-11-30,
IQ,2005-12-31,
IQ,2006-01-31,
IQ,2006-02-28,
IQ,2006-03-31,
IQ,2006-04-30,
IQ,2006-05-31,
IQ,2006-06-30,
IQ,2006-07-31,
IQ,2006-08-31,
IQ,2006-09-30,
IQ,2006-10-31,
IQ,2006-11-30,
IQ,2006-12-31,
IQ,2007-01-31,6902.0
IQ,2007-02-28,6303.0
IQ,2007-03-31,5783.0
IQ,2007-04-30,6394.0
IQ,2007-05-31,8101.0
IQ,2007-06-30,10188.0
IQ,2007-07-31,7116.0
IQ,2007-08-31,7907.0
IQ,2007-09-30,9210.0
IQ,2007-10-31,11036.0
IQ,2007-11-30,9424.0
IQ,2007-12-31,13907.0
IQ,2008-01-31,8447.0
IQ,2008-02-29,7210.0
IQ,2008-03-31,9223.0
IQ,2008-04-30,9874.0
IQ,2008-05-31,9425.0
IQ,2008-06-30,5357.0
IQ,2008-07-31,4478.0
IQ,2008-08-31,5086.0
IQ,2008-09-30,6932.0
IQ,2008-10-31,7748.0
IQ,2008-11-30,10366.0
IQ,2008-12-31,10909.0
IQ,2009-01-31,6444.0
IQ,2009-02-28,6274.0
IQ,2009-03-31,7703.0
IQ,2009-04-30,8699.0
IQ,2009-05-31,6713.0
IQ,2009-06-30,7343.0
IQ,2009-07-31,6248.0
IQ,2009-08-31,5827.0
IQ,2009-09-30,5670.0
IQ,2009-10-31,7606.0
IQ,2009-11-30,8569.0
IQ,2009-12-31,8211.0
IQ,2010-01-31,9004.0
IQ,2010-02-28,7621.0
IQ,2010-03-31,7388.0
IQ,2010-04-30,7908.0
IQ,2010-05-31,6356.0
IQ,2010-06-30,6704.0
IQ,2010-07-31,5716.0
IQ,2010-08-31,8364.0
IQ,2010-09-30,5731.0
IQ,2010-10-31,5531.0
IQ,2010-11-30,5508.0
IQ,2010-12-31,8443.0
IQ,2011-01-31,9439.0
IQ,2011-02-28,9330.0
IQ,2011-03-31,7804.0
IQ,2011-04-30,8602.0
IQ,2011-05-31,9515.0
IQ,2011-06-30,8585.0
IQ,2011-07-31,9570.0
IQ,2011-08-31,8914.0
IQ,2011-09-30,8931.0
IQ,2011-10-31,8361.0
IQ,2011-11-30,9176.0
IQ,2011-12-31,8673.0
IQ,2012-01-31,9141.0
IQ,2012-02-29,9330.0
IQ,2012-03-31,6674.0
IQ,2012-04-30,6470.0
IQ,2012-05-31,5516.0
IQ,2012-06-30,6089.0
IQ,2012-07-31,5718.0
IQ,2012-08-31,6912.0
IQ,2012-09-30,10017.0
IQ,2012-10-31,6219.0
IQ,2012-11-30,7677.0
IQ,2012-12-31,8027.0
IQ,2013-01-31,8297.0
IQ,2013-02-28,
IQ,2013-03-31,8088.0
IQ,2013-04-30,5850.0
IQ,2013-05-31,5864.0
IQ,2013-06-30,8027.0
IQ,2013-07-31,7971.0
IQ,2013-08-31,7334.0
IQ,2013-09-30,10725.0
IQ,2013-10-31,13715.0
IQ,2013-11-30,10130.0
IQ,2013-12-31,12043.0
IQ,2014-01-31,11616.0
IQ,2014-02-28,12988.0
IQ,2014-03-31,12728.0
IQ,2014-04-30,12895.0
IQ,2014-05-31,11645.0
IQ,2014-06-30,13894.0
IQ,2014-07-31,13086.0
IQ,2014-08-31,13117.0
IQ,2014-09-30,13433.0
IQ,2014-10-31,11904.0
IQ,2014-11-30,11449.0
IQ,2014-12-31,12317.0
IQ,2015-01-31,14445.0
IQ,2015-02-28,11717.0
IQ,2015-03-31,14168.0
IQ,2015-04-30,13684.0
IQ,2015-05-31,11106.0
IQ,2015-06-30,8348.0
IQ,2015-07-31,7706.0
IQ,2015-08-31,8764.0
IQ,2015-09-30,8402.0
IQ,2015-10-31,14865.0
IQ,2015-11-30,9493.0
IQ,2015-12-31,10091.0
IQ,2016-01-31,10015.0
IQ,2016-02-29,11784.0
IQ,2016-03-31,0.0
IQ,2016-04-30,7691.0
IQ,2016-05-31,7608.0
IQ,2016-06-30,7646.0
IQ,2016-07-31,7529.0
IQ,2016-08-31,7544.0
IQ,2016-09-30,7999.0
IQ,2016-10-31,7730.0
IQ,2016-11-30,8086.0
IQ,2016-12-31,9186.0
IQ,2017-01-31,9121.0
IQ,2017-02-28,7983.0
IQ,2017-03-31,10797.0
IQ,2017-04-30,11028.0
IQ,2017-05-31,10898.0
IQ,2017-06-30,8958.0
IQ,2017-07-31,8372.0
IQ,2017-08-31,8539.0
IQ,2017-09-30,8065.0
IQ,2017-10-31,6734.0
IQ,2017-11-30,6948.0
IQ,2017-12-31,6326.0
IQ,2018-01-31,7607.0
IQ,2018-02-28,9304.0
IQ,2018-03-31,11582.0
IQ,2018-04-30,12458.0
IQ,2018-05-31,11649.0
IQ,2018-06-30,8642.0
IQ,2018-07-31,7541.0
IQ,2018-08-31,5341.0
IQ,2018-09-30,4913.0
IQ,2018-10-31,10990.0
IQ,2018-11-30,12325.0
IQ,2018-12-31,11770.0
IQ,2019-01-31,13465.0
IQ,2019-02-28,12417.0
IQ,2019-03-31,14253.0
IQ,2019-04-30,12593.0
IQ,2019-05-31,12126.0
IQ,2019-06-30,12957.0
IQ,2019-07-31,10113.0
IQ,2019-08-31,11819.0
IQ,2019-09-30,9931.0
IQ,2019-10-31,12968.0
IQ,2019-11-30,11389.0
IQ,2019-12-31,9009.0
IQ,2020-01-31,13644.0
IQ,2020-02-29,15573.0
IQ,2020-03-31,14023.0
IQ,2020-04-30,13112.0
IQ,2020-05-31,12126.0
IQ,2020-06-30,14898.0
IQ,2020-07-31,10789.0
IQ,2020-08-31,15570.0
IQ,2020-09-30,15354.0
IQ,2020-10-31,10956.0
IQ,2020-11-30,13175.0
IQ,2020-12-31,11284.0
IQ,2021-01-31,11175.0
IQ,2021-02-28,10779.0
IQ,2021-03-31,10612.0
IQ,2021-04-30,9725.0
IQ,2021-05-31,11660.0
IQ,2021-06-30,10037.0
IQ,2021-07-31,10879.0
IQ,2021-08-31,9010.0
IQ,2021-09-30,10872.0
IQ,2021-10-31,10374.0
IQ,2021-11-30,8442.0
IQ,2021-12-31,9933.0
IQ,2022-01-31,11252.0
IQ,2022-02-28,7676.0
IQ,2022-03-31,14340.0
IQ,2022-04-30,13947.0
IQ,2022-05-31,13151.0
IQ,2022-06-30,9648.0
IQ,2022-07-31,11641.0
IQ,2022-08-31,12300.0
IQ,2022-09-30,12660.0
IQ,2022-10-31,12071.0
IQ,2022-11-30,12068.0
IQ,2022-12-31,11793.0
IQ,2023-01-31,16293.0
IQ,2023-02-28,11710.0
IQ,2023-03-31,14296.0
IQ,2023-04-30,14010.0
IQ,2023-05-31,13105.0
IQ,2023-06-30,12602.0
IQ,2023-07-31,11194.0
IQ,2023-08-31,12457.0
IQ,2023-09-30,12281.0
IQ,2023-10-31,11306.0
IQ,2023-11-30,13931.0
IQ,2023-12-31,13263.0
IQ,2024-01-31,14418.0
IQ,2024-02-29,13147.0
IQ,2024-03-31,10987.0
IQ,2024-04-30,
IQ,2024-05-31,
IQ,2024-06-30,
IQ,2024-07-31,
IQ,2024-08-31,
IQ,2024-09-30,
IQ,2024-10-31,
IQ,2024-11-30,
IQ,2024-12-31,
IQ,2025-01-31,
IQ,2025-02-28,
IQ,2025-03-31,
IR,2002-01-31,
IR,2002-02-28,
IR,2002-03-31,
IR,2002-04-30,
IR,2002-05-31,
IR,2002-06-30,
IR,2002-07-31,
IR,2002-08-31,
IR,2002-09-30,
IR,2002-10-31,
IR,2002-11-30,
IR,2002-12-31,
IR,2003-01-31,
IR,2003-02-28,
IR,2003-03-31,
IR,2003-04-30,
IR,2003-05-31,
IR,2003-06-30,0.0
IR,2003-07-31,0.0
IR,2003-08-31,0.0
IR,2003-09-30,0.0
IR,2003-10-31,0.0
IR,2003-11-30,0.0
IR,2003-12-31,0.0
IR,2004-01-31,0.0
IR,2004-02-29,0.0
IR,2004-03-31,
IR,2004-04-30,0.0
IR,2004-05-31,0.0
IR,2004-06-30,0.0
IR,2004-07-31,0.0
IR,2004-08-31,0.0
IR,2004-09-30,0.0
IR,2004-10-31,0.0
IR,2004-11-30,0.0
IR,2004-12-31,0.0
IR,2005-01-31,0.0
IR,2005-02-28,0.0
IR,2005-03-31,0.0
IR,2005-04-30,0.0
IR,2005-05-31,0.0
IR,2005-06-30,
IR,2005-07-31,0.0
IR,2005-08-31,0.0
IR,2005-09-30,
IR,2005-10-31,
IR,2005-11-30,
IR,2005-12-31,
IR,2006-01-31,
IR,2006-02-28,
IR,2006-03-31,
IR,2006-04-30,
IR,2006-05-31,
IR,2006-06-30,
IR,2006-07-31,
IR,2006-08-31,
IR,2006-09-30,
IR,2006-10-31,24738.0
IR,2006-11-30,29460.0
IR,2006-12-31,16959.0
IR,2007-01-31,30027.0
IR,2007-02-28,27612.0
IR,2007-03-31,0.0
IR,2007-04-30,0.0
IR,2007-05-31,0.0
IR,2007-06-30,0.0
IR,2007-07-31,0.0
IR,2007-08-31,0.0
IR,2007-09-30,0.0
IR,2007-10-31,0.0
IR,2007-11-30,0.0
IR,2007-12-31,0.0
IR,2008-01-31,0.0
IR,2008-02-29,0.0
IR,2008-03-31,0.0
IR,2008-04-30,0.0
IR,2008-05-31,0.0
IR,2008-06-30,0.0
IR,2008-07-31,0.0
IR,2008-08-31,0.0
IR,2008-09-30,0.0
IR,2008-10-31,0.0
IR,2008-11-30,0.0
IR,2008-12-31,0.0
IR,2009-01-31,0.0
IR,2009-02-28,0.0
IR,2009-03-31,0.0
IR,2009-04-30,0.0
IR,2009-05-31,0.0
IR,2009-06-30,0.0
IR,2009-07-31,0.0
IR,2009-08-31,0.0
IR,2009-09-30,0.0
IR,2009-10-31,0.0
IR,2009-11-30,0.0
IR,2009-12-31,0.0
IR,2010-01-31,0.0
IR,2010-02-28,0.0
IR,2010-03-31,0.0
IR,2010-04-30,0.0
IR,2010-05-31,0.0
IR,2010-06-30,0.0
IR,2010-07-31,0.0
IR,2010-08-31,0.0
IR,2010-09-30,0.0
IR,2010-10-31,0.0
IR,2010-11-30,0.0
IR,2010-12-31,0.0
IR,2011-01-31,0.0
IR,2011-02-28,0.0
IR,2011-03-31,0.0
IR,2011-04-30,0.0
IR,2011-05-31,0.0
IR,2011-06-30,0.0
IR,2011-07-31,0.0
IR,2011-08-31,
IR,2011-09-30,0.0
IR,2011-10-31,0.0
IR,2011-11-30,0.0
IR,2011-12-31,
IR,2012-01-31,0.0
IR,2012-02-29,0.0
IR,2012-03-31,0.0
IR,2012-04-30,0.0
IR,2012-05-31,0.0
IR,2012-06-30,
IR,2012-07-31,0.0
IR,2012-08-31,0.0
IR,2012-09-30,0.0
IR,2012-10-31,0.0
IR,2012-11-30,0.0
IR,2012-12-31,0.0
IR,2013-01-31,0.0
IR,2013-02-28,0.0
IR,2013-03-31,0.0
IR,2013-04-30,0.0
IR,2013-05-31,0.0
IR,2013-06-30,0.0
IR,2013-07-31,0.0
IR,2013-08-31,0.0
IR,2013-09-30,0.0
IR,2013-10-31,0.0
IR,2013-11-30,0.0
IR,2013-12-31,0.0
IR,2014-01-31,0.0
IR,2014-02-28,0.0
IR,2014-03-31,0.0
IR,2014-04-30,0.0
IR,2014-05-31,0.0
IR,2014-06-30,0.0
IR,2014-07-31,0.0
IR,2014-08-31,0.0
IR,2014-09-30,0.0
IR,2014-10-31,0.0
IR,2014-11-30,0.0
IR,2014-12-31,0.0
IR,2015-01-31,0.0
IR,2015-02-28,0.0
IR,2015-03-31,0.0
IR,2015-04-30,0.0
IR,2015-05-31,0.0
IR,2015-06-30,0.0
IR,2015-07-31,0.0
IR,2015-08-31,0.0
IR,2015-09-30,0.0
IR,2015-10-31,0.0
IR,2015-11-30,0.0
IR,2015-12-31,0.0
IR,2016-01-31,0.0
IR,2016-02-29,0.0
IR,2016-03-31,0.0
IR,2016-04-30,0.0
IR,2016-05-31,0.0
IR,2016-06-30,0.0
IR,2016-07-31,0.0
IR,2016-08-31,0.0
IR,2016-09-30,0.0
IR,2016-10-31,0.0
IR,2016-11-30,0.0
IR,2016-12-31,0.0
IR,2017-01-31,0.0
IR,2017-02-28,0.0
IR,2017-03-31,0.0
IR,2017-04-30,0.0
IR,2017-05-31,0.0
IR,2017-06-30,0.0
IR,2017-07-31,0.0
IR,2017-08-31,
IR,2017-09-30,
IR,2017-10-31,
IR,2017-11-30,0.0
IR,2017-12-31,0.0
IR,2018-01-31,0.0
IR,2018-02-28,0.0
IR,2018-03-31,0.0
IR,2018-04-30,0.0
IR,2018-05-31,0.0
IR,2018-06-30,0.0
IR,2018-07-31,0.0
IR,2018-08-31,
IR,2018-09-30,
IR,2018-10-31,
IR,2018-11-30,
IR,2018-12-31,
IR,2019-01-31,
IR,2019-02-28,
IR,2019-03-31,
IR,2019-04-30,
IR,2019-05-31,
IR,2019-06-30,
IR,2019-07-31,
IR,2019-08-31,
IR,2019-09-30,
IR,2019-10-31,
IR,2019-11-30,
IR,2019-12-31,
IR,2020-01-31,
IR,2020-02-29,
IR,2020-03-31,
IR,2020-04-30,
IR,2020-05-31,
IR,2020-06-30,
IR,2020-07-31,
IR,2020-08-31,
IR,2020-09-30,
IR,2020-10-31,
IR,2020-11-30,
IR,2020-12-31,
IR,2021-01-31,
IR,2021-02-28,
IR,2021-03-31,
IR,2021-04-30,
IR,2021-05-31,
IR,2021-06-30,
IR,2021-07-31,
IR,2021-08-31,
IR,2021-09-30,
IR,2021-10-31,
IR,2021-11-30,
IR,2021-12-31,
IR,2022-01-31,
IR,2022-02-28,
IR,2022-03-31,
IR,2022-04-30,
IR,2022-05-31,
IR,2022-06-30,
IR,2022-07-31,
IR,2022-08-31,
IR,2022-09-30,
IR,2022-10-31,
IR,2022-11-30,
IR,2022-12-31,
IR,2023-01-31,
IR,2023-02-28,
IR,2023-03-31,
IR,2023-04-30,
IR,2023-05-31,
IR,2023-06-30,
IR,2023-07-31,
IR,2023-08-31,
IR,2023-09-30,
IR,2023-10-31,
IR,2023-11-30,
IR,2023-12-31,
IR,2024-01-31,
IR,2024-02-29,
IR,2024-03-31,
IR,2024-04-30,
IR,2024-05-31,
IR,2024-06-30,
IR,2024-07-31,
IR,2024-08-31,
IR,2024-09-30,
IR,2024-10-31,
IR,2024-11-30,
IR,2024-12-31,
IR,2025-01-31,
IR,2025-02-28,
IR,2025-03-31,
IT,2002-01-31,38213.45
IT,2002-02-28,37306.94
IT,2002-03-31,35855.05
IT,2002-04-30,35832.94
IT,2002-05-31,40453.93
IT,2002-06-30,36429.91
IT,2002-07-31,37712.29
IT,2002-08-31,42775.48
IT,2002-09-30,35523.4
IT,2002-10-31,39024.15
IT,2002-11-30,35670.8
IT,2002-12-31,32966.01
IT,2003-01-31,38029.2
IT,2003-02-28,30209.63
IT,2003-03-31,40321.27
IT,2003-04-30,40874.02
IT,2003-05-31,40055.95
IT,2003-06-30,38913.6
IT,2003-07-31,37564.89
IT,2003-08-31,39024.15
IT,2003-09-30,40343.38
IT,2003-10-31,39252.62
IT,2003-11-30,34911.69
IT,2003-12-31,35796.09
IT,2004-01-31,33327.14
IT,2004-02-29,36488.87
IT,2004-03-31,39215.77
IT,2004-04-30,40343.38
IT,2004-05-31,36798.41
IT,2004-06-30,39061.0
IT,2004-07-31,39348.43
IT,2004-08-31,38125.01
IT,2004-09-30,39643.23
IT,2004-10-31,33828.3
IT,2004-11-30,40903.5
IT,2004-12-31,34336.83
IT,2005-01-31,40689.77
IT,2005-02-28,40505.52
IT,2005-03-31,39392.65
IT,2005-04-30,34432.64
IT,2005-05-31,35427.59
IT,2005-06-30,36709.97
IT,2005-07-31,36098.26
IT,2005-08-31,39326.32
IT,2005-09-30,38508.25
IT,2005-10-31,38198.71
IT,2005-11-30,36651.01
IT,2005-12-31,38707.24
IT,2006-01-31,33069.19
IT,2006-02-28,39731.67
IT,2006-03-31,40903.5
IT,2006-04-30,38368.22
IT,2006-05-31,41050.9
IT,2006-06-30,35538.14
IT,2006-07-31,43026.06
IT,2006-08-31,38596.69
IT,2006-09-30,41389.92
IT,2006-10-31,37395.38
IT,2006-11-30,40726.62
IT,2006-12-31,40881.39
IT,2007-01-31,34609.52
IT,2007-02-28,43239.79
IT,2007-03-31,41006.68
IT,2007-04-30,41751.05
IT,2007-05-31,39547.42
IT,2007-06-30,39938.03
IT,2007-07-31,39112.59
IT,2007-08-31,36326.73
IT,2007-09-30,35228.6
IT,2007-10-31,37889.17
IT,2007-11-30,36179.33
IT,2007-12-31,36393.06
IT,2008-01-31,38825.16
IT,2008-02-29,35457.07
IT,2008-03-31,33179.74
IT,2008-04-30,38029.2
IT,2008-05-31,41014.05
IT,2008-06-30,39363.17
IT,2008-07-31,41353.07
IT,2008-08-31,35434.96
IT,2008-09-30,38803.05
IT,2008-10-31,38943.08
IT,2008-11-30,37196.39
IT,2008-12-31,35641.32
IT,2009-01-31,40085.43
IT,2009-02-28,38397.7
IT,2009-03-31,40468.67
IT,2009-04-30,39090.48
IT,2009-05-31,41117.23
IT,2009-06-30,42060.59
IT,2009-07-31,39208.4
IT,2009-08-31,39392.65
IT,2009-09-30,38898.86
IT,2009-10-31,37889.17
IT,2009-11-30,40969.83
IT,2009-12-31,37741.77
IT,2010-01-31,32899.68
IT,2010-02-28,39444.24
IT,2010-03-31,37402.75
IT,2010-04-30,43880.98
IT,2010-05-31,37034.25
IT,2010-06-30,40461.3
IT,2010-07-31,37026.88
IT,2010-08-31,42215.36
IT,2010-09-30,37955.5
IT,2010-10-31,42200.62
IT,2010-11-30,38419.81
IT,2010-12-31,41087.75
IT,2011-01-31,39436.87
IT,2011-02-28,35825.57
IT,2011-03-31,38920.97
IT,2011-04-30,39488.46
IT,2011-05-31,35700.28
IT,2011-06-30,37572.26
IT,2011-07-31,37734.4
IT,2011-08-31,35744.5
IT,2011-09-30,37115.32
IT,2011-10-31,33570.35
IT,2011-11-30,35700.28
IT,2011-12-31,31027.7
IT,2012-01-31,33953.59
IT,2012-02-29,31152.99
IT,2012-03-31,36776.3
IT,2012-04-30,33843.04
IT,2012-05-31,35464.44
IT,2012-06-30,36496.24
IT,2012-07-31,34137.84
IT,2012-08-31,37395.38
IT,2012-09-30,38250.3
IT,2012-10-31,37388.01
IT,2012-11-30,37601.74
IT,2012-12-31,31138.25
IT,2013-01-31,29841.13
IT,2013-02-28,31779.44
IT,2013-03-31,35773.98
IT,2013-04-30,38935.71
IT,2013-05-31,34823.25
IT,2013-06-30,38766.2
IT,2013-07-31,37159.54
IT,2013-08-31,35670.8
IT,2013-09-30,36820.52
IT,2013-10-31,38670.39
IT,2013-11-30,38707.24
IT,2013-12-31,36813.15
IT,2014-01-31,38242.93
IT,2014-02-28,37159.54
IT,2014-03-31,39473.72
IT,2014-04-30,41692.09
IT,2014-05-31,46725.8
IT,2014-06-30,41692.09
IT,2014-07-31,38316.63
IT,2014-08-31,38891.49
IT,2014-09-30,38235.56
IT,2014-10-31,37852.32
IT,2014-11-30,40535.0
IT,2014-12-31,38795.68
IT,2015-01-31,37417.49
IT,2015-02-28,35597.1
IT,2015-03-31,39901.18
IT,2015-04-30,43062.91
IT,2015-05-31,38825.16
IT,2015-06-30,39333.69
IT,2015-07-31,42215.36
IT,2015-08-31,41537.32
IT,2015-09-30,37461.71
IT,2015-10-31,39879.07
IT,2015-11-30,37601.74
IT,2015-12-31,39444.24
IT,2016-01-31,39893.81
IT,2016-02-29,40756.1
IT,2016-03-31,38640.91
IT,2016-04-30,39849.59
IT,2016-05-31,40137.02
IT,2016-06-30,39016.78
IT,2016-07-31,37373.27
IT,2016-08-31,38898.86
IT,2016-09-30,37100.58
IT,2016-10-31,36982.66
IT,2016-11-30,35958.23
IT,2016-12-31,38220.82
IT,2017-01-31,39363.17
IT,2017-02-28,40343.38
IT,2017-03-31,43048.17
IT,2017-04-30,38338.74
IT,2017-05-31,41249.89
IT,2017-06-30,45288.65
IT,2017-07-31,38567.21
IT,2017-08-31,36253.03
IT,2017-09-30,35368.63
IT,2017-10-31,35095.94
IT,2017-11-30,37491.19
IT,2017-12-31,38500.88
IT,2018-01-31,34720.07
IT,2018-02-28,38729.35
IT,2018-03-31,36356.21
IT,2018-04-30,41994.26
IT,2018-05-31,40881.39
IT,2018-06-30,39680.08
IT,2018-07-31,46828.98
IT,2018-08-31,44293.7
IT,2018-09-30,39635.86
IT,2018-10-31,40055.95
IT,2018-11-30,38508.25
IT,2018-12-31,40498.15
IT,2019-01-31,35287.56
IT,2019-02-28,38419.81
IT,2019-03-31,42178.51
IT,2019-04-30,43077.65
IT,2019-05-31,40439.19
IT,2019-06-30,45001.22
IT,2019-07-31,42230.1
IT,2019-08-31,41566.8
IT,2019-09-30,42738.63
IT,2019-10-31,43991.53
IT,2019-11-30,35877.16
IT,2019-12-31,39422.13
IT,2020-01-31,42016.37
IT,2020-02-29,37926.02
IT,2020-03-31,44794.86
IT,2020-04-30,42436.46
IT,2020-05-31,39798.0
IT,2020-06-30,41640.5
IT,2020-07-31,43180.83
IT,2020-08-31,40829.8
IT,2020-09-30,40011.73
IT,2020-10-31,40350.75
IT,2020-11-30,36709.97
IT,2020-12-31,40114.91
IT,2021-01-31,37380.64
IT,2021-02-28,34322.09
IT,2021-03-31,39849.59
IT,2021-04-30,38626.17
IT,2021-05-31,42944.99
IT,2021-06-30,42716.52
IT,2021-07-31,35980.34
IT,2021-08-31,32892.31
IT,2021-09-30,33599.83
IT,2021-10-31,31786.81
IT,2021-11-30,36098.26
IT,2021-12-31,33024.97
IT,2022-01-31,29936.94
IT,2022-02-28,30415.99
IT,2022-03-31,32752.28
IT,2022-04-30,34078.88
IT,2022-05-31,36407.8
IT,2022-06-30,38206.08
IT,2022-07-31,34292.61
IT,2022-08-31,36253.03
IT,2022-09-30,40011.73
IT,2022-10-31,34373.68
IT,2022-11-30,40490.78
IT,2022-12-31,37093.21
IT,2023-01-31,35700.28
IT,2023-02-28,36245.66
IT,2023-03-31,39827.48
IT,2023-04-30,39304.21
IT,2023-05-31,38994.67
IT,2023-06-30,36739.45
IT,2023-07-31,37284.83
IT,2023-08-31,36709.97
IT,2023-09-30,39702.19
IT,2023-10-31,38051.31
IT,2023-11-30,35073.83
IT,2023-12-31,35685.54
IT,2024-01-31,35604.47
IT,2024-02-29,36938.44
IT,2024-03-31,34498.97
IT,2024-04-30,38832.53
IT,2024-05-31,38854.64
IT,2024-06-30,39974.88
IT,2024-07-31,38913.6
IT,2024-08-31,35206.49
IT,2024-09-30,32192.16
IT,2024-10-31,39186.29
IT,2024-11-30,34403.16
IT,2024-12-31,31801.55
IT,2025-01-31,31617.3
IT,2025-02-28,40306.53
IT,2025-03-31,36975.29
JM,2002-01-31,578.0
JM,2002-02-28,513.0
JM,2002-03-31,387.0
JM,2002-04-30,287.0
JM,2002-05-31,517.0
JM,2002-06-30,392.0
JM,2002-07-31,632.0
JM,2002-08-31,467.0
JM,2002-09-30,381.0
JM,2002-10-31,415.0
JM,2002-11-30,279.0
JM,2002-12-31,438.0
JM,2003-01-31,0.0
JM,2003-02-28,0.0
JM,2003-03-31,0.0
JM,2003-04-30,0.0
JM,2003-05-31,0.0
JM,2003-06-30,0.0
JM,2003-07-31,0.0
JM,2003-08-31,0.0
JM,2003-09-30,0.0
JM,2003-10-31,0.0
JM,2003-11-30,0.0
JM,2003-12-31,0.0
JM,2004-01-31,940.0
JM,2004-02-29,356.0
JM,2004-03-31,327.0
JM,2004-04-30,288.0
JM,2004-05-31,405.0
JM,2004-06-30,288.0
JM,2004-07-31,184.0
JM,2004-08-31,651.0
JM,2004-09-30,571.0
JM,2004-10-31,717.0
JM,2004-11-30,557.0
JM,2004-12-31,563.0
JM,2005-01-31,564.0
JM,2005-02-28,561.0
JM,2005-03-31,566.0
JM,2005-04-30,567.0
JM,2005-05-31,564.0
JM,2005-06-30,589.0
JM,2005-07-31,356.0
JM,2005-08-31,648.0
JM,2005-09-30,248.0
JM,2005-10-31,565.0
JM,2005-11-30,470.0
JM,2005-12-31,441.0
JM,2006-01-31,187.0
JM,2006-02-28,579.0
JM,2006-03-31,423.0
JM,2006-04-30,331.0
JM,2006-05-31,177.0
JM,2006-06-30,470.0
JM,2006-07-31,658.0
JM,2006-08-31,497.0
JM,2006-09-30,674.0
JM,2006-10-31,713.0
JM,2006-11-30,714.0
JM,2006-12-31,370.0
JM,2007-01-31,433.0
JM,2007-02-28,643.0
JM,2007-03-31,462.0
JM,2007-04-30,599.0
JM,2007-05-31,393.0
JM,2007-06-30,648.0
JM,2007-07-31,448.0
JM,2007-08-31,0.0
JM,2007-09-30,414.0
JM,2007-10-31,332.0
JM,2007-11-30,335.0
JM,2007-12-31,675.0
JM,2008-01-31,515.0
JM,2008-02-29,98.0
JM,2008-03-31,599.0
JM,2008-04-30,106.0
JM,2008-05-31,429.0
JM,2008-06-30,272.0
JM,2008-07-31,403.0
JM,2008-08-31,397.0
JM,2008-09-30,116.0
JM,2008-10-31,459.0
JM,2008-11-30,495.0
JM,2008-12-31,322.0
JM,2009-01-31,500.0
JM,2009-02-28,114.0
JM,2009-03-31,238.0
JM,2009-04-30,425.0
JM,2009-05-31,209.0
JM,2009-06-30,139.0
JM,2009-07-31,338.0
JM,2009-08-31,148.0
JM,2009-09-30,611.0
JM,2009-10-31,113.0
JM,2009-11-30,607.0
JM,2009-12-31,449.0
JM,2010-01-31,615.0
JM,2010-02-28,453.0
JM,2010-03-31,461.0
JM,2010-04-30,391.0
JM,2010-05-31,498.0
JM,2010-06-30,275.0
JM,2010-07-31,394.0
JM,2010-08-31,455.0
JM,2010-09-30,96.0
JM,2010-10-31,731.0
JM,2010-11-30,0.0
JM,2010-12-31,401.0
JM,2011-01-31,160.0
JM,2011-02-28,530.0
JM,2011-03-31,345.0
JM,2011-04-30,447.0
JM,2011-05-31,523.0
JM,2011-06-30,365.0
JM,2011-07-31,573.0
JM,2011-08-31,499.0
JM,2011-09-30,420.0
JM,2011-10-31,240.0
JM,2011-11-30,480.0
JM,2011-12-31,308.0
JM,2012-01-31,605.0
JM,2012-02-29,497.0
JM,2012-03-31,275.0
JM,2012-04-30,139.0
JM,2012-05-31,137.0
JM,2012-06-30,252.0
JM,2012-07-31,411.0
JM,2012-08-31,656.0
JM,2012-09-30,558.0
JM,2012-10-31,487.0
JM,2012-11-30,575.0
JM,2012-12-31,417.0
JM,2013-01-31,590.0
JM,2013-02-28,441.0
JM,2013-03-31,252.0
JM,2013-04-30,105.0
JM,2013-05-31,689.0
JM,2013-06-30,516.0
JM,2013-07-31,693.0
JM,2013-08-31,689.0
JM,2013-09-30,450.0
JM,2013-10-31,584.0
JM,2013-11-30,387.0
JM,2013-12-31,521.0
JM,2014-01-31,315.0
JM,2014-02-28,599.0
JM,2014-03-31,747.0
JM,2014-04-30,449.0
JM,2014-05-31,402.0
JM,2014-06-30,317.0
JM,2014-07-31,317.0
JM,2014-08-31,369.0
JM,2014-09-30,383.0
JM,2014-10-31,265.0
JM,2014-11-30,152.0
JM,2014-12-31,419.0
JM,2015-01-31,403.0
JM,2015-02-28,375.0
JM,2015-03-31,466.0
JM,2015-04-30,334.0
JM,2015-05-31,416.0
JM,2015-06-30,476.0
JM,2015-07-31,553.0
JM,2015-08-31,373.0
JM,2015-09-30,574.0
JM,2015-10-31,334.0
JM,2015-11-30,396.0
JM,2015-12-31,511.0
JM,2016-01-31,257.0
JM,2016-02-29,487.0
JM,2016-03-31,549.0
JM,2016-04-30,316.0
JM,2016-05-31,490.0
JM,2016-06-30,449.0
JM,2016-07-31,486.0
JM,2016-08-31,455.0
JM,2016-09-30,616.0
JM,2016-10-31,487.0
JM,2016-11-30,644.0
JM,2016-12-31,667.0
JM,2017-01-31,616.0
JM,2017-02-28,583.0
JM,2017-03-31,445.0
JM,2017-04-30,612.0
JM,2017-05-31,702.0
JM,2017-06-30,792.0
JM,2017-07-31,551.0
JM,2017-08-31,465.0
JM,2017-09-30,460.0
JM,2017-10-31,436.0
JM,2017-11-30,379.0
JM,2017-12-31,480.0
JM,2018-01-31,437.0
JM,2018-02-28,319.0
JM,2018-03-31,320.0
JM,2018-04-30,424.0
JM,2018-05-31,498.0
JM,2018-06-30,775.0
JM,2018-07-31,777.0
JM,2018-08-31,374.0
JM,2018-09-30,201.0
JM,2018-10-31,326.0
JM,2018-11-30,454.0
JM,2018-12-31,238.0
JM,2019-01-31,428.0
JM,2019-02-28,154.0
JM,2019-03-31,451.0
JM,2019-04-30,338.0
JM,2019-05-31,468.0
JM,2019-06-30,
JM,2019-07-31,387.0
JM,2019-08-31,447.0
JM,2019-09-30,174.0
JM,2019-10-31,319.0
JM,2019-11-30,1198.0
JM,2019-12-31,913.0
JM,2020-01-31,1315.0
JM,2020-02-29,1373.0
JM,2020-03-31,812.0
JM,2020-04-30,1153.0
JM,2020-05-31,1020.0
JM,2020-06-30,310.0
JM,2020-07-31,187.0
JM,2020-08-31,187.0
JM,2020-09-30,
JM,2020-10-31,
JM,2020-11-30,
JM,2020-12-31,
JM,2021-01-31,
JM,2021-02-28,
JM,2021-03-31,
JM,2021-04-30,
JM,2021-05-31,
JM,2021-06-30,
JM,2021-07-31,
JM,2021-08-31,
JM,2021-09-30,
JM,2021-10-31,
JM,2021-11-30,
JM,2021-12-31,
JM,2022-01-31,
JM,2022-02-28,
JM,2022-03-31,
JM,2022-04-30,
JM,2022-05-31,
JM,2022-06-30,
JM,2022-07-31,
JM,2022-08-31,
JM,2022-09-30,
JM,2022-10-31,
JM,2022-11-30,
JM,2022-12-31,
JM,2023-01-31,
JM,2023-02-28,
JM,2023-03-31,
JM,2023-04-30,
JM,2023-05-31,
JM,2023-06-30,
JM,2023-07-31,
JM,2023-08-31,
JM,2023-09-30,
JM,2023-10-31,
JM,2023-11-30,
JM,2023-12-31,
JM,2024-01-31,
JM,2024-02-29,
JM,2024-03-31,
JM,2024-04-30,
JM,2024-05-31,
JM,2024-06-30,
JM,2024-07-31,
JM,2024-08-31,
JM,2024-09-30,
JM,2024-10-31,
JM,2024-11-30,
JM,2024-12-31,
JM,2025-01-31,
JP,2002-01-31,441824.13
JP,2002-02-28,436952.56
JP,2002-03-31,450402.81
JP,2002-04-30,440998.69
JP,2002-05-31,436436.66
JP,2002-06-30,448899.33
JP,2002-07-31,446282.98
JP,2002-08-31,444123.57
JP,2002-09-30,437239.99
JP,2002-10-31,438780.32
JP,2002-11-30,433960.34
JP,2002-12-31,439443.62
JP,2003-01-31,443202.32
JP,2003-02-28,446990.5
JP,2003-03-31,460145.95
JP,2003-04-30,447506.4
JP,2003-05-31,452952.83
JP,2003-06-30,463528.78
JP,2003-07-31,461325.15
JP,2003-08-31,454331.02
JP,2003-09-30,455723.95
JP,2003-10-31,445789.19
JP,2003-11-30,436679.87
JP,2003-12-31,452068.43
JP,2004-01-31,455193.31
JP,2004-02-29,456954.74
JP,2004-03-31,455362.82
JP,2004-04-30,447462.18
JP,2004-05-31,458546.66
JP,2004-06-30,455215.42
JP,2004-07-31,458244.49
JP,2004-08-31,449105.69
JP,2004-09-30,447985.45
JP,2004-10-31,458988.86
JP,2004-11-30,462349.58
JP,2004-12-31,451604.12
JP,2005-01-31,460661.85
JP,2005-02-28,451685.19
JP,2005-03-31,451707.3
JP,2005-04-30,444808.98
JP,2005-05-31,451117.7
JP,2005-06-30,456895.78
JP,2005-07-31,460271.24
JP,2005-08-31,456682.05
JP,2005-09-30,447543.25
JP,2005-10-31,448707.71
JP,2005-11-30,446061.88
JP,2005-12-31,442922.26
JP,2006-01-31,437158.92
JP,2006-02-28,435692.29
JP,2006-03-31,453741.42
JP,2006-04-30,449724.77
JP,2006-05-31,460595.52
JP,2006-06-30,451928.4
JP,2006-07-31,453594.02
JP,2006-08-31,446400.9
JP,2006-09-30,444890.05
JP,2006-10-31,452304.27
JP,2006-11-30,453321.33
JP,2006-12-31,447410.59
JP,2007-01-31,448007.56
JP,2007-02-28,451530.42
JP,2007-03-31,444197.27
JP,2007-04-30,445789.19
JP,2007-05-31,442354.77
JP,2007-06-30,445958.7
JP,2007-07-31,449990.09
JP,2007-08-31,446872.58
JP,2007-09-30,438699.25
JP,2007-10-31,442384.25
JP,2007-11-30,439207.78
JP,2007-12-31,440843.92
JP,2008-01-31,440246.95
JP,2008-02-29,440718.63
JP,2008-03-31,440350.13
JP,2008-04-30,438463.41
JP,2008-05-31,441765.17
JP,2008-06-30,447838.05
JP,2008-07-31,444735.28
JP,2008-08-31,443563.45
JP,2008-09-30,444175.16
JP,2008-10-31,443850.88
JP,2008-11-30,444551.03
JP,2008-12-31,445236.44
JP,2009-01-31,447506.4
JP,2009-02-28,444646.84
JP,2009-03-31,438935.09
JP,2009-04-30,437085.22
JP,2009-05-31,432677.96
JP,2009-06-30,446437.75
JP,2009-07-31,438640.29
JP,2009-08-31,433997.19
JP,2009-09-30,427607.4
JP,2009-10-31,429656.26
JP,2009-11-30,432272.61
JP,2009-12-31,426870.4
JP,2010-01-31,429788.92
JP,2010-02-28,429044.55
JP,2010-03-31,425860.71
JP,2010-04-30,433525.51
JP,2010-05-31,427998.01
JP,2010-06-30,428108.56
JP,2010-07-31,427518.96
JP,2010-08-31,420296.36
JP,2010-09-30,408474.88
JP,2010-10-31,417090.41
JP,2010-11-30,422146.23
JP,2010-12-31,420134.22
JP,2011-01-31,425403.77
JP,2011-02-28,424445.67
JP,2011-03-31,420266.88
JP,2011-04-30,426317.65
JP,2011-05-31,424681.51
JP,2011-06-30,421947.24
JP,2011-07-31,425374.29
JP,2011-08-31,418387.53
JP,2011-09-30,418372.79
JP,2011-10-31,419080.31
JP,2011-11-30,420782.78
JP,2011-12-31,420797.52
JP,2012-01-31,425941.78
JP,2012-02-29,423598.12
JP,2012-03-31,423472.83
JP,2012-04-30,423362.28
JP,2012-05-31,427518.96
JP,2012-06-30,429155.1
JP,2012-07-31,434203.55
JP,2012-08-31,428631.83
JP,2012-09-30,425816.49
JP,2012-10-31,428793.97
JP,2012-11-30,425816.49
JP,2012-12-31,423583.38
JP,2013-01-31,425190.04
JP,2013-02-28,413597.03
JP,2013-03-31,419353.0
JP,2013-04-30,419692.02
JP,2013-05-31,422028.31
JP,2013-06-30,415940.69
JP,2013-07-31,405880.64
JP,2013-08-31,397994.74
JP,2013-09-30,403824.41
JP,2013-10-31,402107.2
JP,2013-11-30,405062.57
JP,2013-12-31,404517.19
JP,2014-01-31,405092.05
JP,2014-02-28,411695.57
JP,2014-03-31,424158.24
JP,2014-04-30,411017.53
JP,2014-05-31,413250.64
JP,2014-06-30,420016.3
JP,2014-07-31,420259.51
JP,2014-08-31,418932.91
JP,2014-09-30,414341.4
JP,2014-10-31,420981.77
JP,2014-11-30,406890.33
JP,2014-12-31,404767.77
JP,2015-01-31,400316.29
JP,2015-02-28,404730.92
JP,2015-03-31,405180.49
JP,2015-04-30,392025.04
JP,2015-05-31,408069.53
JP,2015-06-30,411083.86
JP,2015-07-31,414820.45
JP,2015-08-31,409720.41
JP,2015-09-30,404620.37
JP,2015-10-31,407494.67
JP,2015-11-30,399306.6
JP,2015-12-31,406728.19
JP,2016-01-31,403175.85
JP,2016-02-29,397346.18
JP,2016-03-31,400493.17
JP,2016-04-30,399129.72
JP,2016-05-31,402726.28
JP,2016-06-30,403478.02
JP,2016-07-31,400272.07
JP,2016-08-31,399903.57
JP,2016-09-30,403367.47
JP,2016-10-31,406816.63
JP,2016-11-30,398215.84
JP,2016-12-31,396181.72
JP,2017-01-31,394103.38
JP,2017-02-28,391030.09
JP,2017-03-31,389099.15
JP,2017-04-30,393019.99
JP,2017-05-31,402114.57
JP,2017-06-30,394928.82
JP,2017-07-31,400795.34
JP,2017-08-31,399114.98
JP,2017-09-30,394641.39
JP,2017-10-31,397449.36
JP,2017-11-30,397876.82
JP,2017-12-31,399277.12
JP,2018-01-31,396542.85
JP,2018-02-28,391103.79
JP,2018-03-31,382495.63
JP,2018-04-30,388664.32
JP,2018-05-31,393211.61
JP,2018-06-30,387860.99
JP,2018-07-31,392268.25
JP,2018-08-31,392113.48
JP,2018-09-30,379702.4
JP,2018-10-31,393292.68
JP,2018-11-30,393403.23
JP,2018-12-31,388421.11
JP,2019-01-31,382738.84
JP,2019-02-28,386615.46
JP,2019-03-31,385753.17
JP,2019-04-30,384352.87
JP,2019-05-31,387411.42
JP,2019-06-30,382156.61
JP,2019-07-31,393491.67
JP,2019-08-31,389371.84
JP,2019-09-30,377528.25
JP,2019-10-31,381596.49
JP,2019-11-30,379709.77
JP,2019-12-31,386608.09
JP,2020-01-31,370099.29
JP,2020-02-29,374108.57
JP,2020-03-31,374587.62
JP,2020-04-30,386018.49
JP,2020-05-31,387249.28
JP,2020-06-30,378176.81
JP,2020-07-31,381242.73
JP,2020-08-31,381353.28
JP,2020-09-30,377402.96
JP,2020-10-31,374823.46
JP,2020-11-30,364756.04
JP,2020-12-31,364623.38
JP,2021-01-31,361830.15
JP,2021-02-28,362405.01
JP,2021-03-31,352138.6
JP,2021-04-30,358469.43
JP,2021-05-31,367011.26
JP,2021-06-30,364549.68
JP,2021-07-31,356391.09
JP,2021-08-31,358182.0
JP,2021-09-30,352381.81
JP,2021-10-31,356199.47
JP,2021-11-30,363001.98
JP,2021-12-31,357901.94
JP,2022-01-31,355668.83
JP,2022-02-28,355204.52
JP,2022-03-31,359405.42
JP,2022-04-30,365227.72
JP,2022-05-31,359773.92
JP,2022-06-30,349360.11
JP,2022-07-31,348033.51
JP,2022-08-31,352536.58
JP,2022-09-30,356766.96
JP,2022-10-31,347782.93
JP,2022-11-30,351401.6
JP,2022-12-31,347606.05
JP,2023-01-31,342093.29
JP,2023-02-28,342719.74
JP,2023-03-31,343294.6
JP,2023-04-30,349861.27
JP,2023-05-31,343699.95
JP,2023-06-30,350104.48
JP,2023-07-31,353922.14
JP,2023-08-31,340670.88
JP,2023-09-30,345402.42
JP,2023-10-31,346426.85
JP,2023-11-30,344916.0
JP,2023-12-31,344746.49
JP,2024-01-31,343913.68
JP,2024-02-29,340096.02
JP,2024-03-31,338415.66
JP,2024-04-30,335253.93
JP,2024-05-31,332055.35
JP,2024-06-30,335335.0
JP,2024-07-31,344849.67
JP,2024-08-31,342041.7
JP,2024-09-30,342034.33
JP,2024-10-31,330625.57
JP,2024-11-30,330323.4
JP,2024-12-31,333632.53
JP,2025-01-31,332902.9
JP,2025-02-28,332615.47
JP,2025-03-31,344260.07
KR,2002-01-31,85226.68
KR,2002-02-28,81136.33
KR,2002-03-31,88675.84
KR,2002-04-30,84474.94
KR,2002-05-31,84298.06
KR,2002-06-30,89523.39
KR,2002-07-31,87776.7
KR,2002-08-31,88896.94
KR,2002-09-30,89633.94
KR,2002-10-31,88786.39
KR,2002-11-30,88307.34
KR,2002-12-31,85831.02
KR,2003-01-31,84924.51
KR,2003-02-28,86626.98
KR,2003-03-31,85948.94
KR,2003-04-30,86877.56
KR,2003-05-31,85101.39
KR,2003-06-30,90503.6
KR,2003-07-31,95964.77
KR,2003-08-31,88845.35
KR,2003-09-30,92928.33
KR,2003-10-31,89538.13
KR,2003-11-30,91189.01
KR,2003-12-31,97873.6
KR,2004-01-31,88860.09
KR,2004-02-29,96443.82
KR,2004-03-31,93171.54
KR,2004-04-30,95271.99
KR,2004-05-31,92626.16
KR,2004-06-30,93451.6
KR,2004-07-31,96709.14
KR,2004-08-31,91594.36
KR,2004-09-30,91491.18
KR,2004-10-31,86236.37
KR,2004-11-30,97210.3
KR,2004-12-31,90584.67
KR,2005-01-31,90953.17
KR,2005-02-28,87820.92
KR,2005-03-31,86560.65
KR,2005-04-30,83671.61
KR,2005-05-31,88668.47
KR,2005-06-30,86155.3
KR,2005-07-31,91933.38
KR,2005-08-31,93444.23
KR,2005-09-30,86553.28
KR,2005-10-31,91852.31
KR,2005-11-30,86081.6
KR,2005-12-31,83362.07
KR,2006-01-31,85270.9
KR,2006-02-28,87223.95
KR,2006-03-31,82558.74
KR,2006-04-30,88734.8
KR,2006-05-31,90370.94
KR,2006-06-30,94240.19
KR,2006-07-31,90378.31
KR,2006-08-31,94350.74
KR,2006-09-30,96171.13
KR,2006-10-31,91152.16
KR,2006-11-30,95242.51
KR,2006-12-31,95073.0
KR,2007-01-31,93341.05
KR,2007-02-28,88896.94
KR,2007-03-31,98559.01
KR,2007-04-30,93812.73
KR,2007-05-31,98050.48
KR,2007-06-30,94232.82
KR,2007-07-31,95338.32
KR,2007-08-31,90658.37
KR,2007-09-30,90805.77
KR,2007-10-31,97578.8
KR,2007-11-30,89796.08
KR,2007-12-31,87938.84
KR,2008-01-31,94254.93
KR,2008-02-29,90628.89
KR,2008-03-31,85573.07
KR,2008-04-30,84482.31
KR,2008-05-31,84828.7
KR,2008-06-30,87916.73
KR,2008-07-31,91189.01
KR,2008-08-31,89656.05
KR,2008-09-30,83922.19
KR,2008-10-31,83332.59
KR,2008-11-30,86870.19
KR,2008-12-31,85668.88
KR,2009-01-31,93783.25
KR,2009-02-28,103224.22
KR,2009-03-31,100991.11
KR,2009-04-30,98072.59
KR,2009-05-31,94991.93
KR,2009-06-30,95485.72
KR,2009-07-31,101411.2
KR,2009-08-31,99996.16
KR,2009-09-30,105582.62
KR,2009-10-31,104948.8
KR,2009-11-30,104130.73
KR,2009-12-31,104624.52
KR,2010-01-31,104654.0
KR,2010-02-28,101020.59
KR,2010-03-31,106636.53
KR,2010-04-30,110218.35
KR,2010-05-31,109392.91
KR,2010-06-30,108589.58
KR,2010-07-31,111360.7
KR,2010-08-31,107896.8
KR,2010-09-30,109230.77
KR,2010-10-31,106385.95
KR,2010-11-30,110188.87
KR,2010-12-31,108759.09
KR,2011-01-31,106194.33
KR,2011-02-28,103408.47
KR,2011-03-31,112650.45
KR,2011-04-30,115200.47
KR,2011-05-31,110011.99
KR,2011-06-30,111220.67
KR,2011-07-31,110210.98
KR,2011-08-31,109385.54
KR,2011-09-30,113276.9
KR,2011-10-31,111898.71
KR,2011-11-30,110188.87
KR,2011-12-31,111721.83
KR,2012-01-31,106245.92
KR,2012-02-29,115023.59
KR,2012-03-31,107248.24
KR,2012-04-30,116364.93
KR,2012-05-31,119791.98
KR,2012-06-30,118354.83
KR,2012-07-31,118553.82
KR,2012-08-31,111839.75
KR,2012-09-30,118966.54
KR,2012-10-31,114846.71
KR,2012-11-30,114625.61
KR,2012-12-31,113129.5
KR,2013-01-31,113431.67
KR,2013-02-28,110011.99
KR,2013-03-31,122253.56
KR,2013-04-30,114846.71
KR,2013-05-31,118951.8
KR,2013-06-30,122496.77
KR,2013-07-31,124265.57
KR,2013-08-31,122843.16
KR,2013-09-30,123056.89
KR,2013-10-31,121973.5
KR,2013-11-30,116431.26
KR,2013-12-31,111213.3
KR,2014-01-31,111331.22
KR,2014-02-28,112819.96
KR,2014-03-31,118273.76
KR,2014-04-30,117794.71
KR,2014-05-31,120219.44
KR,2014-06-30,117706.27
KR,2014-07-31,114375.03
KR,2014-08-31,119040.24
KR,2014-09-30,119032.87
KR,2014-10-31,117632.57
KR,2014-11-30,120329.99
KR,2014-12-31,121501.82
KR,2015-01-31,122821.05
KR,2015-02-28,124693.03
KR,2015-03-31,121383.9
KR,2015-04-30,124059.21
KR,2015-05-31,133463.33
KR,2015-06-30,132262.02
KR,2015-07-31,129557.23
KR,2015-08-31,132601.04
KR,2015-09-30,134399.32
KR,2015-10-31,132365.2
KR,2015-11-30,128599.13
KR,2015-12-31,136875.64
KR,2016-01-31,126668.19
KR,2016-02-29,138047.47
KR,2016-03-31,136676.65
KR,2016-04-30,135917.54
KR,2016-05-31,140995.47
KR,2016-06-30,139543.58
KR,2016-07-31,136005.98
KR,2016-08-31,130412.15
KR,2016-09-30,139020.31
KR,2016-10-31,136728.24
KR,2016-11-30,139263.52
KR,2016-12-31,143855.03
KR,2017-01-31,143692.89
KR,2017-02-28,138924.5
KR,2017-03-31,143729.74
KR,2017-04-30,144179.31
KR,2017-05-31,140214.25
KR,2017-06-30,144186.68
KR,2017-07-31,142233.63
KR,2017-08-31,142609.5
KR,2017-09-30,150193.23
KR,2017-10-31,137214.66
KR,2017-11-30,135755.4
KR,2017-12-31,135106.84
KR,2018-01-31,132866.36
KR,2018-02-28,135652.22
KR,2018-03-31,127501.0
KR,2018-04-30,122319.89
KR,2018-05-31,117654.68
KR,2018-06-30,121265.98
KR,2018-07-31,116350.19
KR,2018-08-31,115981.69
KR,2018-09-30,109658.23
KR,2018-10-31,109260.25
KR,2018-11-30,113276.9
KR,2018-12-31,112458.83
KR,2019-01-31,115893.25
KR,2019-02-28,125179.45
KR,2019-03-31,115510.01
KR,2019-04-30,115377.35
KR,2019-05-31,109672.97
KR,2019-06-30,112392.5
KR,2019-07-31,107270.35
KR,2019-08-31,115561.6
KR,2019-09-30,108464.29
KR,2019-10-31,113453.78
KR,2019-11-30,124611.96
KR,2019-12-31,123270.62
KR,2020-01-31,108685.39
KR,2020-02-29,111559.69
KR,2020-03-31,110748.99
KR,2020-04-30,115834.29
KR,2020-05-31,122268.3
KR,2020-06-30,120138.37
KR,2020-07-31,127714.73
KR,2020-08-31,123771.78
KR,2020-09-30,126749.26
KR,2020-10-31,131458.69
KR,2020-11-30,124604.59
KR,2020-12-31,125326.85
KR,2021-01-31,123432.76
KR,2021-02-28,124184.5
KR,2021-03-31,118745.44
KR,2021-04-30,120956.44
KR,2021-05-31,119843.57
KR,2021-06-30,119534.03
KR,2021-07-31,112414.61
KR,2021-08-31,108191.6
KR,2021-09-30,106341.73
KR,2021-10-31,105523.66
KR,2021-11-30,100954.26
KR,2021-12-31,98404.24
KR,2022-01-31,100718.42
KR,2022-02-28,100747.9
KR,2022-03-31,100548.91
KR,2022-04-30,101750.22
KR,2022-05-31,95861.59
KR,2022-06-30,90621.52
KR,2022-07-31,101050.07
KR,2022-08-31,103894.89
KR,2022-09-30,101986.06
KR,2022-10-31,103150.52
KR,2022-11-30,109193.92
KR,2022-12-31,105214.12
KR,2023-01-31,106894.48
KR,2023-02-28,113549.59
KR,2023-03-31,122902.12
KR,2023-04-30,119062.35
KR,2023-05-31,116711.32
KR,2023-06-30,115089.92
KR,2023-07-31,110137.28
KR,2023-08-31,106046.93
KR,2023-09-30,106400.69
KR,2023-10-31,101101.66
KR,2023-11-30,103776.97
KR,2023-12-31,103835.93
KR,2024-01-31,106297.51
KR,2024-02-29,111235.41
KR,2024-03-31,105847.94
KR,2024-04-30,110704.77
KR,2024-05-31,108339.0
KR,2024-06-30,102745.17
KR,2024-07-31,99148.61
KR,2024-08-31,105965.86
KR,2024-09-30,103415.84
KR,2024-10-31,104263.39
KR,2024-11-30,108456.92
KR,2024-12-31,100165.67
KR,2025-01-31,104115.99
KR,2025-02-28,105258.34
KR,2025-03-31,111272.26
KZ,2002-01-31,
KZ,2002-02-28,
KZ,2002-03-31,
KZ,2002-04-30,
KZ,2002-05-31,
KZ,2002-06-30,
KZ,2002-07-31,
KZ,2002-08-31,
KZ,2002-09-30,
KZ,2002-10-31,
KZ,2002-11-30,
KZ,2002-12-31,
KZ,2003-01-31,
KZ,2003-02-28,
KZ,2003-03-31,
KZ,2003-04-30,
KZ,2003-05-31,
KZ,2003-06-30,
KZ,2003-07-31,
KZ,2003-08-31,
KZ,2003-09-30,
KZ,2003-10-31,
KZ,2003-11-30,
KZ,2003-12-31,
KZ,2004-01-31,33236.9
KZ,2004-02-29,21111.6
KZ,2004-03-31,
KZ,2004-04-30,
KZ,2004-05-31,
KZ,2004-06-30,22856.3
KZ,2004-07-31,
KZ,2004-08-31,28783.9
KZ,2004-09-30,
KZ,2004-10-31,
KZ,2004-11-30,
KZ,2004-12-31,
KZ,2005-01-31,
KZ,2005-02-28,
KZ,2005-03-31,
KZ,2005-04-30,
KZ,2005-05-31,
KZ,2005-06-30,
KZ,2005-07-31,
KZ,2005-08-31,
KZ,2005-09-30,
KZ,2005-10-31,
KZ,2005-11-30,
KZ,2005-12-31,
KZ,2006-01-31,
KZ,2006-02-28,
KZ,2006-03-31,
KZ,2006-04-30,
KZ,2006-05-31,
KZ,2006-06-30,
KZ,2006-07-31,
KZ,2006-08-31,
KZ,2006-09-30,
KZ,2006-10-31,
KZ,2006-11-30,
KZ,2006-12-31,
KZ,2007-01-31,
KZ,2007-02-28,
KZ,2007-03-31,
KZ,2007-04-30,
KZ,2007-05-31,
KZ,2007-06-30,
KZ,2007-07-31,
KZ,2007-08-31,
KZ,2007-09-30,
KZ,2007-10-31,
KZ,2007-11-30,
KZ,2007-12-31,
KZ,2008-01-31,
KZ,2008-02-29,
KZ,2008-03-31,
KZ,2008-04-30,
KZ,2008-05-31,
KZ,2008-06-30,
KZ,2008-07-31,
KZ,2008-08-31,
KZ,2008-09-30,
KZ,2008-10-31,
KZ,2008-11-30,
KZ,2008-12-31,
KZ,2009-01-31,
KZ,2009-02-28,
KZ,2009-03-31,
KZ,2009-04-30,
KZ,2009-05-31,
KZ,2009-06-30,
KZ,2009-07-31,
KZ,2009-08-31,
KZ,2009-09-30,
KZ,2009-10-31,
KZ,2009-11-30,
KZ,2009-12-31,
KZ,2010-01-31,
KZ,2010-02-28,
KZ,2010-03-31,
KZ,2010-04-30,
KZ,2010-05-31,
KZ,2010-06-30,
KZ,2010-07-31,
KZ,2010-08-31,
KZ,2010-09-30,
KZ,2010-10-31,
KZ,2010-11-30,
KZ,2010-12-31,
KZ,2011-01-31,
KZ,2011-02-28,
KZ,2011-03-31,
KZ,2011-04-30,
KZ,2011-05-31,
KZ,2011-06-30,
KZ,2011-07-31,
KZ,2011-08-31,
KZ,2011-09-30,
KZ,2011-10-31,
KZ,2011-11-30,
KZ,2011-12-31,
KZ,2012-01-31,
KZ,2012-02-29,
KZ,2012-03-31,
KZ,2012-04-30,
KZ,2012-05-31,
KZ,2012-06-30,
KZ,2012-07-31,
KZ,2012-08-31,
KZ,2012-09-30,
KZ,2012-10-31,
KZ,2012-11-30,
KZ,2012-12-31,
KZ,2013-01-31,
KZ,2013-02-28,
KZ,2013-03-31,
KZ,2013-04-30,
KZ,2013-05-31,
KZ,2013-06-30,
KZ,2013-07-31,
KZ,2013-08-31,
KZ,2013-09-30,
KZ,2013-10-31,
KZ,2013-11-30,
KZ,2013-12-31,
KZ,2014-01-31,
KZ,2014-02-28,18786.13
KZ,2014-03-31,18756.65
KZ,2014-04-30,
KZ,2014-05-31,
KZ,2014-06-30,
KZ,2014-07-31,
KZ,2014-08-31,
KZ,2014-09-30,
KZ,2014-10-31,
KZ,2014-11-30,
KZ,2014-12-31,
KZ,2015-01-31,
KZ,2015-02-28,
KZ,2015-03-31,
KZ,2015-04-30,
KZ,2015-05-31,
KZ,2015-06-30,
KZ,2015-07-31,
KZ,2015-08-31,
KZ,2015-09-30,
KZ,2015-10-31,
KZ,2015-11-30,
KZ,2015-12-31,
KZ,2016-01-31,
KZ,2016-02-29,
KZ,2016-03-31,
KZ,2016-04-30,
KZ,2016-05-31,
KZ,2016-06-30,
KZ,2016-07-31,
KZ,2016-08-31,
KZ,2016-09-30,
KZ,2016-10-31,
KZ,2016-11-30,
KZ,2016-12-31,
KZ,2017-01-31,
KZ,2017-02-28,
KZ,2017-03-31,
KZ,2017-04-30,
KZ,2017-05-31,
KZ,2017-06-30,
KZ,2017-07-31,
KZ,2017-08-31,
KZ,2017-09-30,
KZ,2017-10-31,
KZ,2017-11-30,
KZ,2017-12-31,
KZ,2018-01-31,
KZ,2018-02-28,
KZ,2018-03-31,
KZ,2018-04-30,
KZ,2018-05-31,
KZ,2018-06-30,
KZ,2018-07-31,
KZ,2018-08-31,
KZ,2018-09-30,
KZ,2018-10-31,
KZ,2018-11-30,
KZ,2018-12-31,
KZ,2019-01-31,
KZ,2019-02-28,
KZ,2019-03-31,
KZ,2019-04-30,
KZ,2019-05-31,
KZ,2019-06-30,
KZ,2019-07-31,
KZ,2019-08-31,
KZ,2019-09-30,
KZ,2019-10-31,
KZ,2019-11-30,
KZ,2019-12-31,
KZ,2020-01-31,
KZ,2020-02-29,
KZ,2020-03-31,
KZ,2020-04-30,
KZ,2020-05-31,
KZ,2020-06-30,
KZ,2020-07-31,
KZ,2020-08-31,
KZ,2020-09-30,
KZ,2020-10-31,
KZ,2020-11-30,
KZ,2020-12-31,
KZ,2021-01-31,
KZ,2021-02-28,
KZ,2021-03-31,
KZ,2021-04-30,
KZ,2021-05-31,
KZ,2021-06-30,
KZ,2021-07-31,
KZ,2021-08-31,
KZ,2021-09-30,
KZ,2021-10-31,
KZ,2021-11-30,
KZ,2021-12-31,
KZ,2022-01-31,
KZ,2022-02-28,
KZ,2022-03-31,
KZ,2022-04-30,
KZ,2022-05-31,
KZ,2022-06-30,
KZ,2022-07-31,
KZ,2022-08-31,
KZ,2022-09-30,
KZ,2022-10-31,
KZ,2022-11-30,
KZ,2022-12-31,
KZ,2023-01-31,
KZ,2023-02-28,
KZ,2023-03-31,
KZ,2023-04-30,
KZ,2023-05-31,
KZ,2023-06-30,
KZ,2023-07-31,
KZ,2023-08-31,
KZ,2023-09-30,
KZ,2023-10-31,
KZ,2023-11-30,
KZ,2023-12-31,
KZ,2024-01-31,
KZ,2024-02-29,
KZ,2024-03-31,
KZ,2024-04-30,
KZ,2024-05-31,
KZ,2024-06-30,
KZ,2024-07-31,
KZ,2024-08-31,
KZ,2024-09-30,
KZ,2024-10-31,
KZ,2024-11-30,
KZ,2024-12-31,
KZ,2025-01-31,
KZ,2025-02-28,
KZ,2025-03-31,
LT,2002-01-31,
LT,2002-02-28,
LT,2002-03-31,
LT,2002-04-30,
LT,2002-05-31,
LT,2002-06-30,
LT,2002-07-31,
LT,2002-08-31,
LT,2002-09-30,
LT,2002-10-31,
LT,2002-11-30,
LT,2002-12-31,
LT,2003-01-31,781.1
LT,2003-02-28,1204.5
LT,2003-03-31,1204.5
LT,2003-04-30,1321.3
LT,2003-05-31,1569.5
LT,2003-06-30,1445.4
LT,2003-07-31,970.9
LT,2003-08-31,890.6
LT,2003-09-30,1518.4
LT,2003-10-31,890.6
LT,2003-11-30,722.7
LT,2003-12-31,1073.1
LT,2004-01-31,1073.1
LT,2004-02-29,817.6
LT,2004-03-31,1022.0
LT,2004-04-30,912.5
LT,2004-05-31,941.7
LT,2004-06-30,751.9
LT,2004-07-31,905.2
LT,2004-08-31,854.1
LT,2004-09-30,1233.7
LT,2004-10-31,569.4
LT,2004-11-30,511.0
LT,2004-12-31,1985.6
LT,2005-01-31,737.3
LT,2005-02-28,773.8
LT,2005-03-31,649.7
LT,2005-04-30,1182.6
LT,2005-05-31,496.4
LT,2005-06-30,467.2
LT,2005-07-31,657.0
LT,2005-08-31,459.9
LT,2005-09-30,1007.4
LT,2005-10-31,489.1
LT,2005-11-30,934.4
LT,2005-12-31,416.1
LT,2006-01-31,401.5
LT,2006-02-28,554.8
LT,2006-03-31,642.4
LT,2006-04-30,1065.8
LT,2006-05-31,671.6
LT,2006-06-30,788.4
LT,2006-07-31,365.0
LT,2006-08-31,1533.0
LT,2006-09-30,1460.0
LT,2006-10-31,2138.9
LT,2006-11-30,985.5
LT,2006-12-31,2131.6
LT,2007-01-31,1898.0
LT,2007-02-28,1832.3
LT,2007-03-31,1430.8
LT,2007-04-30,1116.9
LT,2007-05-31,1095.0
LT,2007-06-30,963.6
LT,2007-07-31,1554.9
LT,2007-08-31,1204.5
LT,2007-09-30,883.3
LT,2007-10-31,1635.2
LT,2007-11-30,3117.1
LT,2007-12-31,2284.9
LT,2008-01-31,2387.1
LT,2008-02-29,1416.2
LT,2008-03-31,2423.6
LT,2008-04-30,1876.1
LT,2008-05-31,1000.1
LT,2008-06-30,2365.2
LT,2008-07-31,2708.3
LT,2008-08-31,1540.3
LT,2008-09-30,1540.3
LT,2008-10-31,1949.1
LT,2008-11-30,2065.9
LT,2008-12-31,1460.0
LT,2009-01-31,1576.8
LT,2009-02-28,1189.9
LT,2009-03-31,1226.4
LT,2009-04-30,985.5
LT,2009-05-31,1715.5
LT,2009-06-30,1810.4
LT,2009-07-31,1284.8
LT,2009-08-31,1489.2
LT,2009-09-30,1474.6
LT,2009-10-31,2160.8
LT,2009-11-30,2168.1
LT,2009-12-31,1649.8
LT,2010-01-31,1598.7
LT,2010-02-28,2065.9
LT,2010-03-31,1686.3
LT,2010-04-30,1620.6
LT,2010-05-31,1408.9
LT,2010-06-30,1277.5
LT,2010-07-31,1708.2
LT,2010-08-31,1379.7
LT,2010-09-30,2160.8
LT,2010-10-31,1737.4
LT,2010-11-30,2263.0
LT,2010-12-31,1883.4
LT,2011-01-31,1547.6
LT,2011-02-28,1496.5
LT,2011-03-31,905.2
LT,2011-04-30,2197.3
LT,2011-05-31,1693.6
LT,2011-06-30,1562.2
LT,2011-07-31,1306.7
LT,2011-08-31,1314.0
LT,2011-09-30,2065.9
LT,2011-10-31,978.2
LT,2011-11-30,1547.6
LT,2011-12-31,1394.3
LT,2012-01-31,1759.3
LT,2012-02-29,1898.0
LT,2012-03-31,2190.0
LT,2012-04-30,1270.2
LT,2012-05-31,1912.6
LT,2012-06-30,1080.4
LT,2012-07-31,1606.0
LT,2012-08-31,1226.4
LT,2012-09-30,1576.8
LT,2012-10-31,1759.3
LT,2012-11-30,2175.4
LT,2012-12-31,1576.8
LT,2013-01-31,2591.5
LT,2013-02-28,1292.1
LT,2013-03-31,876.0
LT,2013-04-30,1985.6
LT,2013-05-31,1043.9
LT,2013-06-30,635.1
LT,2013-07-31,1408.9
LT,2013-08-31,1160.7
LT,2013-09-30,1737.4
LT,2013-10-31,1722.8
LT,2013-11-30,1671.7
LT,2013-12-31,1350.5
LT,2014-01-31,1408.9
LT,2014-02-28,1233.7
LT,2014-03-31,1686.3
LT,2014-04-30,1518.4
LT,2014-05-31,2022.1
LT,2014-06-30,1671.7
LT,2014-07-31,1328.6
LT,2014-08-31,992.8
LT,2014-09-30,1219.1
LT,2014-10-31,1124.2
LT,2014-11-30,1335.9
LT,2014-12-31,1277.5
LT,2015-01-31,1956.4
LT,2015-02-28,1116.9
LT,2015-03-31,1606.0
LT,2015-04-30,1481.9
LT,2015-05-31,1518.4
LT,2015-06-30,1620.6
LT,2015-07-31,1438.1
LT,2015-08-31,1795.8
LT,2015-09-30,1540.3
LT,2015-10-31,2394.4
LT,2015-11-30,1014.7
LT,2015-12-31,1627.9
LT,2016-01-31,1387.0
LT,2016-02-29,1657.1
LT,2016-03-31,890.6
LT,2016-04-30,2073.2
LT,2016-05-31,1810.4
LT,2016-06-30,1518.4
LT,2016-07-31,1408.9
LT,2016-08-31,1971.0
LT,2016-09-30,1277.5
LT,2016-10-31,1795.8
LT,2016-11-30,1029.3
LT,2016-12-31,1547.6
LT,2017-01-31,2087.8
LT,2017-02-28,1686.3
LT,2017-03-31,1496.5
LT,2017-04-30,1168.0
LT,2017-05-31,1248.3
LT,2017-06-30,1854.2
LT,2017-07-31,1854.2
LT,2017-08-31,1533.0
LT,2017-09-30,2277.6
LT,2017-10-31,1452.7
LT,2017-11-30,1445.4
LT,2017-12-31,1620.6
LT,2018-01-31,1679.0
LT,2018-02-28,2518.5
LT,2018-03-31,1255.6
LT,2018-04-30,2467.4
LT,2018-05-31,1898.0
LT,2018-06-30,2065.9
LT,2018-07-31,2036.7
LT,2018-08-31,2175.4
LT,2018-09-30,1357.8
LT,2018-10-31,2336.0
LT,2018-11-30,1971.0
LT,2018-12-31,1365.1
LT,2019-01-31,2153.5
LT,2019-02-28,2737.5
LT,2019-03-31,2372.5
LT,2019-04-30,1518.4
LT,2019-05-31,2321.4
LT,2019-06-30,1876.1
LT,2019-07-31,2423.6
LT,2019-08-31,2065.9
LT,2019-09-30,2503.9
LT,2019-10-31,2197.3
LT,2019-11-30,2022.1
LT,2019-12-31,2211.9
LT,2020-01-31,2175.4
LT,2020-02-29,2095.1
LT,2020-03-31,1744.7
LT,2020-04-30,2065.9
LT,2020-05-31,2095.1
LT,2020-06-30,2211.9
LT,2020-07-31,2197.3
LT,2020-08-31,1868.8
LT,2020-09-30,1949.1
LT,2020-10-31,2175.4
LT,2020-11-30,1467.3
LT,2020-12-31,2117.0
LT,2021-01-31,2423.6
LT,2021-02-28,2087.8
LT,2021-03-31,1992.9
LT,2021-04-30,2160.8
LT,2021-05-31,1679.0
LT,2021-06-30,2314.1
LT,2021-07-31,2109.7
LT,2021-08-31,2372.5
LT,2021-09-30,2503.9
LT,2021-10-31,2562.3
LT,2021-11-30,2401.7
LT,2021-12-31,2518.5
LT,2022-01-31,2065.9
LT,2022-02-28,2336.0
LT,2022-03-31,2971.1
LT,2022-04-30,1686.3
LT,2022-05-31,2095.1
LT,2022-06-30,2642.6
LT,2022-07-31,1876.1
LT,2022-08-31,2701.0
LT,2022-09-30,2401.7
LT,2022-10-31,2430.9
LT,2022-11-30,1825.0
LT,2022-12-31,2160.8
LT,2023-01-31,2357.9
LT,2023-02-28,1934.5
LT,2023-03-31,2204.6
LT,2023-04-30,1533.0
LT,2023-05-31,2708.3
LT,2023-06-30,3000.3
LT,2023-07-31,2511.2
LT,2023-08-31,2503.9
LT,2023-09-30,2102.4
LT,2023-10-31,2022.1
LT,2023-11-30,1934.5
LT,2023-12-31,2080.5
LT,2024-01-31,2474.7
LT,2024-02-29,2117.0
LT,2024-03-31,2175.4
LT,2024-04-30,2372.5
LT,2024-05-31,2620.7
LT,2024-06-30,2168.1
LT,2024-07-31,2613.4
LT,2024-08-31,2248.4
LT,2024-09-30,1591.4
LT,2024-10-31,2584.2
LT,2024-11-30,2241.1
LT,2024-12-31,2284.9
LT,2025-01-31,2752.1
LT,2025-02-28,2146.2
LT,2025-03-31,2277.6
LY,2002-01-31,
LY,2002-02-28,
LY,2002-03-31,
LY,2002-04-30,
LY,2002-05-31,
LY,2002-06-30,
LY,2002-07-31,
LY,2002-08-31,
LY,2002-09-30,
LY,2002-10-31,
LY,2002-11-30,
LY,2002-12-31,
LY,2003-01-31,
LY,2003-02-28,
LY,2003-03-31,
LY,2003-04-30,
LY,2003-05-31,
LY,2003-06-30,
LY,2003-07-31,
LY,2003-08-31,
LY,2003-09-30,
LY,2003-10-31,
LY,2003-11-30,
LY,2003-12-31,
LY,2004-01-31,
LY,2004-02-29,
LY,2004-03-31,
LY,2004-04-30,
LY,2004-05-31,
LY,2004-06-30,
LY,2004-07-31,
LY,2004-08-31,
LY,2004-09-30,
LY,2004-10-31,0.0
LY,2004-11-30,0.0
LY,2004-12-31,0.0
LY,2005-01-31,0.0
LY,2005-02-28,
LY,2005-03-31,
LY,2005-04-30,
LY,2005-05-31,
LY,2005-06-30,
LY,2005-07-31,
LY,2005-08-31,
LY,2005-09-30,
LY,2005-10-31,
LY,2005-11-30,
LY,2005-12-31,
LY,2006-01-31,
LY,2006-02-28,
LY,2006-03-31,
LY,2006-04-30,
LY,2006-05-31,
LY,2006-06-30,
LY,2006-07-31,
LY,2006-08-31,
LY,2006-09-30,
LY,2006-10-31,
LY,2006-11-30,
LY,2006-12-31,
LY,2007-01-31,
LY,2007-02-28,
LY,2007-03-31,
LY,2007-04-30,
LY,2007-05-31,
LY,2007-06-30,
LY,2007-07-31,
LY,2007-08-31,
LY,2007-09-30,
LY,2007-10-31,
LY,2007-11-30,
LY,2007-12-31,
LY,2008-01-31,
LY,2008-02-29,
LY,2008-03-31,
LY,2008-04-30,
LY,2008-05-31,
LY,2008-06-30,
LY,2008-07-31,
LY,2008-08-31,
LY,2008-09-30,
LY,2008-10-31,
LY,2008-11-30,
LY,2008-12-31,
LY,2009-01-31,0.0
LY,2009-02-28,0.0
LY,2009-03-31,0.0
LY,2009-04-30,0.0
LY,2009-05-31,0.0
LY,2009-06-30,0.0
LY,2009-07-31,0.0
LY,2009-08-31,0.0
LY,2009-09-30,0.0
LY,2009-10-31,0.0
LY,2009-11-30,0.0
LY,2009-12-31,0.0
LY,2010-01-31,0.0
LY,2010-02-28,0.0
LY,2010-03-31,0.0
LY,2010-04-30,0.0
LY,2010-05-31,0.0
LY,2010-06-30,0.0
LY,2010-07-31,0.0
LY,2010-08-31,0.0
LY,2010-09-30,0.0
LY,2010-10-31,0.0
LY,2010-11-30,0.0
LY,2010-12-31,0.0
LY,2011-01-31,0.0
LY,2011-02-28,0.0
LY,2011-03-31,0.0
LY,2011-04-30,
LY,2011-05-31,0.0
LY,2011-06-30,0.0
LY,2011-07-31,0.0
LY,2011-08-31,0.0
LY,2011-09-30,0.0
LY,2011-10-31,
LY,2011-11-30,
LY,2011-12-31,
LY,2012-01-31,0.0
LY,2012-02-29,0.0
LY,2012-03-31,0.0
LY,2012-04-30,0.0
LY,2012-05-31,0.0
LY,2012-06-30,0.0
LY,2012-07-31,0.0
LY,2012-08-31,0.0
LY,2012-09-30,0.0
LY,2012-10-31,0.0
LY,2012-11-30,0.0
LY,2012-12-31,0.0
LY,2013-01-31,0.0
LY,2013-02-28,0.0
LY,2013-03-31,0.0
LY,2013-04-30,0.0
LY,2013-05-31,0.0
LY,2013-06-30,0.0
LY,2013-07-31,0.0
LY,2013-08-31,0.0
LY,2013-09-30,0.0
LY,2013-10-31,0.0
LY,2013-11-30,0.0
LY,2013-12-31,0.0
LY,2014-01-31,0.0
LY,2014-02-28,0.0
LY,2014-03-31,0.0
LY,2014-04-30,
LY,2014-05-31,
LY,2014-06-30,
LY,2014-07-31,
LY,2014-08-31,
LY,2014-09-30,
LY,2014-10-31,
LY,2014-11-30,
LY,2014-12-31,
LY,2015-01-31,
LY,2015-02-28,
LY,2015-03-31,
LY,2015-04-30,
LY,2015-05-31,
LY,2015-06-30,
LY,2015-07-31,
LY,2015-08-31,
LY,2015-09-30,
LY,2015-10-31,
LY,2015-11-30,
LY,2015-12-31,
LY,2016-01-31,
LY,2016-02-29,
LY,2016-03-31,
LY,2016-04-30,
LY,2016-05-31,
LY,2016-06-30,
LY,2016-07-31,
LY,2016-08-31,
LY,2016-09-30,
LY,2016-10-31,
LY,2016-11-30,
LY,2016-12-31,
LY,2017-01-31,
LY,2017-02-28,
LY,2017-03-31,
LY,2017-04-30,
LY,2017-05-31,
LY,2017-06-30,
LY,2017-07-31,
LY,2017-08-31,
LY,2017-09-30,
LY,2017-10-31,
LY,2017-11-30,
LY,2017-12-31,
LY,2018-01-31,
LY,2018-02-28,
LY,2018-03-31,
LY,2018-04-30,
LY,2018-05-31,
LY,2018-06-30,
LY,2018-07-31,
LY,2018-08-31,
LY,2018-09-30,
LY,2018-10-31,
LY,2018-11-30,
LY,2018-12-31,
LY,2019-01-31,
LY,2019-02-28,
LY,2019-03-31,
LY,2019-04-30,
LY,2019-05-31,
LY,2019-06-30,
LY,2019-07-31,
LY,2019-08-31,
LY,2019-09-30,
LY,2019-10-31,
LY,2019-11-30,
LY,2019-12-31,
LY,2020-01-31,
LY,2020-02-29,
LY,2020-03-31,
LY,2020-04-30,
LY,2020-05-31,
LY,2020-06-30,
LY,2020-07-31,
LY,2020-08-31,
LY,2020-09-30,
LY,2020-10-31,
LY,2020-11-30,
LY,2020-12-31,
LY,2021-01-31,
LY,2021-02-28,
LY,2021-03-31,
LY,2021-04-30,
LY,2021-05-31,
LY,2021-06-30,
LY,2021-07-31,
LY,2021-08-31,
LY,2021-09-30,
LY,2021-10-31,
LY,2021-11-30,
LY,2021-12-31,
LY,2022-01-31,
LY,2022-02-28,
LY,2022-03-31,
LY,2022-04-30,
LY,2022-05-31,
LY,2022-06-30,
LY,2022-07-31,
LY,2022-08-31,
LY,2022-09-30,
LY,2022-10-31,
LY,2022-11-30,
LY,2022-12-31,
LY,2023-01-31,
LY,2023-02-28,
LY,2023-03-31,
LY,2023-04-30,
LY,2023-05-31,
LY,2023-06-30,
LY,2023-07-31,
LY,2023-08-31,
LY,2023-09-30,
LY,2023-10-31,
LY,2023-11-30,
LY,2023-12-31,
LY,2024-01-31,
LY,2024-02-29,
LY,2024-03-31,
LY,2024-04-30,
LY,2024-05-31,
LY,2024-06-30,
LY,2024-07-31,
LY,2024-08-31,
LY,2024-09-30,
LY,2024-10-31,
LY,2024-11-30,
LY,2024-12-31,
LY,2025-01-31,
LY,2025-02-28,
LY,2025-03-31,
MA,2002-01-31,
MA,2002-02-28,
MA,2002-03-31,
MA,2002-04-30,
MA,2002-05-31,
MA,2002-06-30,
MA,2002-07-31,
MA,2002-08-31,
MA,2002-09-30,
MA,2002-10-31,
MA,2002-11-30,
MA,2002-12-31,
MA,2003-01-31,
MA,2003-02-28,
MA,2003-03-31,
MA,2003-04-30,
MA,2003-05-31,
MA,2003-06-30,
MA,2003-07-31,
MA,2003-08-31,
MA,2003-09-30,
MA,2003-10-31,
MA,2003-11-30,
MA,2003-12-31,
MA,2004-01-31,
MA,2004-02-29,
MA,2004-03-31,
MA,2004-04-30,
MA,2004-05-31,
MA,2004-06-30,
MA,2004-07-31,
MA,2004-08-31,
MA,2004-09-30,
MA,2004-10-31,
MA,2004-11-30,
MA,2004-12-31,
MA,2005-01-31,
MA,2005-02-28,
MA,2005-03-31,
MA,2005-04-30,
MA,2005-05-31,
MA,2005-06-30,
MA,2005-07-31,
MA,2005-08-31,
MA,2005-09-30,
MA,2005-10-31,
MA,2005-11-30,
MA,2005-12-31,
MA,2006-01-31,
MA,2006-02-28,
MA,2006-03-31,
MA,2006-04-30,
MA,2006-05-31,
MA,2006-06-30,
MA,2006-07-31,
MA,2006-08-31,
MA,2006-09-30,
MA,2006-10-31,
MA,2006-11-30,
MA,2006-12-31,
MA,2007-01-31,
MA,2007-02-28,
MA,2007-03-31,
MA,2007-04-30,
MA,2007-05-31,
MA,2007-06-30,
MA,2007-07-31,
MA,2007-08-31,
MA,2007-09-30,
MA,2007-10-31,
MA,2007-11-30,
MA,2007-12-31,
MA,2008-01-31,
MA,2008-02-29,
MA,2008-03-31,
MA,2008-04-30,
MA,2008-05-31,
MA,2008-06-30,
MA,2008-07-31,
MA,2008-08-31,
MA,2008-09-30,
MA,2008-10-31,
MA,2008-11-30,
MA,2008-12-31,
MA,2009-01-31,
MA,2009-02-28,
MA,2009-03-31,
MA,2009-04-30,
MA,2009-05-31,
MA,2009-06-30,
MA,2009-07-31,
MA,2009-08-31,
MA,2009-09-30,
MA,2009-10-31,
MA,2009-11-30,
MA,2009-12-31,
MA,2010-01-31,
MA,2010-02-28,
MA,2010-03-31,
MA,2010-04-30,
MA,2010-05-31,
MA,2010-06-30,
MA,2010-07-31,
MA,2010-08-31,
MA,2010-09-30,
MA,2010-10-31,
MA,2010-11-30,
MA,2010-12-31,
MA,2011-01-31,2734.27
MA,2011-02-28,2704.79
MA,2011-03-31,1407.67
MA,2011-04-30,1857.24
MA,2011-05-31,3272.28
MA,2011-06-30,3471.27
MA,2011-07-31,1053.91
MA,2011-08-31,2498.43
MA,2011-09-30,1724.58
MA,2011-10-31,2100.45
MA,2011-11-30,1179.2
MA,2011-12-31,2815.34
MA,2012-01-31,1591.92
MA,2012-02-29,1871.98
MA,2012-03-31,1444.52
MA,2012-04-30,
MA,2012-05-31,1790.91
MA,2012-06-30,1193.94
MA,2012-07-31,1503.48
MA,2012-08-31,1326.6
MA,2012-09-30,781.22
MA,2012-10-31,1754.06
MA,2012-11-30,2012.01
MA,2012-12-31,1695.1
MA,2013-01-31,
MA,2013-02-28,1444.52
MA,2013-03-31,832.81
MA,2013-04-30,1562.44
MA,2013-05-31,1437.15
MA,2013-06-30,1783.54
MA,2013-07-31,670.67
MA,2013-08-31,2012.01
MA,2013-09-30,1459.26
MA,2013-10-31,2859.56
MA,2013-11-30,3456.53
MA,2013-12-31,1304.49
MA,2014-01-31,2262.59
MA,2014-02-28,1518.22
MA,2014-03-31,1643.51
MA,2014-04-30,3950.32
MA,2014-05-31,2948.0
MA,2014-06-30,1894.09
MA,2014-07-31,1849.87
MA,2014-08-31,1053.91
MA,2014-09-30,1636.14
MA,2014-10-31,1076.02
MA,2014-11-30,1304.49
MA,2014-12-31,1333.97
MA,2015-01-31,751.74
MA,2015-02-28,
MA,2015-03-31,
MA,2015-04-30,1297.12
MA,2015-05-31,1422.41
MA,2015-06-30,2262.59
MA,2015-07-31,1098.13
MA,2015-08-31,
MA,2015-09-30,
MA,2015-10-31,
MA,2015-11-30,
MA,2015-12-31,
MA,2016-01-31,0.0
MA,2016-02-29,0.0
MA,2016-03-31,0.0
MA,2016-04-30,0.0
MA,2016-05-31,0.0
MA,2016-06-30,0.0
MA,2016-07-31,0.0
MA,2016-08-31,0.0
MA,2016-09-30,0.0
MA,2016-10-31,0.0
MA,2016-11-30,0.0
MA,2016-12-31,0.0
MA,2017-01-31,
MA,2017-02-28,
MA,2017-03-31,
MA,2017-04-30,
MA,2017-05-31,
MA,2017-06-30,
MA,2017-07-31,
MA,2017-08-31,
MA,2017-09-30,
MA,2017-10-31,
MA,2017-11-30,
MA,2017-12-31,
MA,2018-01-31,
MA,2018-02-28,
MA,2018-03-31,
MA,2018-04-30,
MA,2018-05-31,
MA,2018-06-30,
MA,2018-07-31,
MA,2018-08-31,
MA,2018-09-30,
MA,2018-10-31,
MA,2018-11-30,
MA,2018-12-31,
MA,2019-01-31,
MA,2019-02-28,
MA,2019-03-31,
MA,2019-04-30,
MA,2019-05-31,
MA,2019-06-30,
MA,2019-07-31,
MA,2019-08-31,
MA,2019-09-30,
MA,2019-10-31,
MA,2019-11-30,
MA,2019-12-31,
MA,2020-01-31,
MA,2020-02-29,
MA,2020-03-31,
MA,2020-04-30,
MA,2020-05-31,
MA,2020-06-30,
MA,2020-07-31,
MA,2020-08-31,
MA,2020-09-30,
MA,2020-10-31,
MA,2020-11-30,
MA,2020-12-31,
MA,2021-01-31,
MA,2021-02-28,
MA,2021-03-31,
MA,2021-04-30,
MA,2021-05-31,
MA,2021-06-30,
MA,2021-07-31,
MA,2021-08-31,
MA,2021-09-30,
MA,2021-10-31,
MA,2021-11-30,
MA,2021-12-31,
MA,2022-01-31,
MA,2022-02-28,
MA,2022-03-31,
MA,2022-04-30,
MA,2022-05-31,
MA,2022-06-30,
MA,2022-07-31,
MA,2022-08-31,
MA,2022-09-30,
MA,2022-10-31,
MA,2022-11-30,
MA,2022-12-31,
MA,2023-01-31,
MA,2023-02-28,
MA,2023-03-31,
MA,2023-04-30,
MA,2023-05-31,
MA,2023-06-30,
MA,2023-07-31,
MA,2023-08-31,
MA,2023-09-30,
MA,2023-10-31,
MA,2023-11-30,
MA,2023-12-31,
MA,2024-01-31,
MA,2024-02-29,
MA,2024-03-31,
MA,2024-04-30,
MA,2024-05-31,
MA,2024-06-30,
MA,2024-07-31,
MA,2024-08-31,
MA,2024-09-30,
MA,2024-10-31,
MA,2024-11-30,
MA,2024-12-31,
MA,2025-01-31,
MA,2025-02-28,
MA,2025-03-31,
MD,2002-01-31,
MD,2002-02-28,
MD,2002-03-31,
MD,2002-04-30,
MD,2002-05-31,
MD,2002-06-30,
MD,2002-07-31,
MD,2002-08-31,
MD,2002-09-30,
MD,2002-10-31,
MD,2002-11-30,
MD,2002-12-31,
MD,2003-01-31,
MD,2003-02-28,
MD,2003-03-31,
MD,2003-04-30,
MD,2003-05-31,
MD,2003-06-30,
MD,2003-07-31,
MD,2003-08-31,
MD,2003-09-30,
MD,2003-10-31,
MD,2003-11-30,
MD,2003-12-31,
MD,2004-01-31,
MD,2004-02-29,
MD,2004-03-31,
MD,2004-04-30,
MD,2004-05-31,
MD,2004-06-30,
MD,2004-07-31,
MD,2004-08-31,
MD,2004-09-30,
MD,2004-10-31,
MD,2004-11-30,
MD,2004-12-31,
MD,2005-01-31,
MD,2005-02-28,
MD,2005-03-31,
MD,2005-04-30,
MD,2005-05-31,
MD,2005-06-30,
MD,2005-07-31,
MD,2005-08-31,
MD,2005-09-30,
MD,2005-10-31,
MD,2005-11-30,
MD,2005-12-31,
MD,2006-01-31,
MD,2006-02-28,
MD,2006-03-31,
MD,2006-04-30,
MD,2006-05-31,
MD,2006-06-30,
MD,2006-07-31,
MD,2006-08-31,
MD,2006-09-30,
MD,2006-10-31,
MD,2006-11-30,
MD,2006-12-31,
MD,2007-01-31,
MD,2007-02-28,
MD,2007-03-31,
MD,2007-04-30,
MD,2007-05-31,
MD,2007-06-30,
MD,2007-07-31,
MD,2007-08-31,
MD,2007-09-30,
MD,2007-10-31,
MD,2007-11-30,
MD,2007-12-31,
MD,2008-01-31,
MD,2008-02-29,
MD,2008-03-31,
MD,2008-04-30,
MD,2008-05-31,
MD,2008-06-30,
MD,2008-07-31,
MD,2008-08-31,
MD,2008-09-30,
MD,2008-10-31,
MD,2008-11-30,
MD,2008-12-31,
MD,2009-01-31,
MD,2009-02-28,
MD,2009-03-31,
MD,2009-04-30,
MD,2009-05-31,
MD,2009-06-30,
MD,2009-07-31,
MD,2009-08-31,
MD,2009-09-30,
MD,2009-10-31,
MD,2009-11-30,
MD,2009-12-31,
MD,2010-01-31,
MD,2010-02-28,
MD,2010-03-31,
MD,2010-04-30,
MD,2010-05-31,
MD,2010-06-30,
MD,2010-07-31,
MD,2010-08-31,
MD,2010-09-30,
MD,2010-10-31,
MD,2010-11-30,
MD,2010-12-31,
MD,2011-01-31,
MD,2011-02-28,
MD,2011-03-31,
MD,2011-04-30,
MD,2011-05-31,
MD,2011-06-30,
MD,2011-07-31,
MD,2011-08-31,
MD,2011-09-30,
MD,2011-10-31,
MD,2011-11-30,
MD,2011-12-31,
MD,2012-01-31,
MD,2012-02-29,
MD,2012-03-31,
MD,2012-04-30,
MD,2012-05-31,
MD,2012-06-30,
MD,2012-07-31,
MD,2012-08-31,
MD,2012-09-30,
MD,2012-10-31,
MD,2012-11-30,
MD,2012-12-31,
MD,2013-01-31,
MD,2013-02-28,
MD,2013-03-31,
MD,2013-04-30,
MD,2013-05-31,
MD,2013-06-30,
MD,2013-07-31,
MD,2013-08-31,
MD,2013-09-30,
MD,2013-10-31,
MD,2013-11-30,
MD,2013-12-31,
MD,2014-01-31,
MD,2014-02-28,
MD,2014-03-31,
MD,2014-04-30,
MD,2014-05-31,
MD,2014-06-30,
MD,2014-07-31,
MD,2014-08-31,
MD,2014-09-30,
MD,2014-10-31,
MD,2014-11-30,
MD,2014-12-31,
MD,2015-01-31,
MD,2015-02-28,
MD,2015-03-31,
MD,2015-04-30,
MD,2015-05-31,
MD,2015-06-30,
MD,2015-07-31,
MD,2015-08-31,
MD,2015-09-30,
MD,2015-10-31,
MD,2015-11-30,
MD,2015-12-31,
MD,2016-01-31,
MD,2016-02-29,
MD,2016-03-31,
MD,2016-04-30,
MD,2016-05-31,
MD,2016-06-30,
MD,2016-07-31,
MD,2016-08-31,
MD,2016-09-30,
MD,2016-10-31,
MD,2016-11-30,
MD,2016-12-31,
MD,2017-01-31,
MD,2017-02-28,
MD,2017-03-31,
MD,2017-04-30,
MD,2017-05-31,
MD,2017-06-30,
MD,2017-07-31,
MD,2017-08-31,
MD,2017-09-30,
MD,2017-10-31,
MD,2017-11-30,
MD,2017-12-31,
MD,2018-01-31,
MD,2018-02-28,
MD,2018-03-31,
MD,2018-04-30,
MD,2018-05-31,
MD,2018-06-30,
MD,2018-07-31,
MD,2018-08-31,
MD,2018-09-30,
MD,2018-10-31,
MD,2018-11-30,
MD,2018-12-31,
MD,2019-01-31,
MD,2019-02-28,
MD,2019-03-31,
MD,2019-04-30,
MD,2019-05-31,
MD,2019-06-30,
MD,2019-07-31,
MD,2019-08-31,
MD,2019-09-30,
MD,2019-10-31,
MD,2019-11-30,
MD,2019-12-31,
MD,2020-01-31,
MD,2020-02-29,
MD,2020-03-31,
MD,2020-04-30,
MD,2020-05-31,
MD,2020-06-30,
MD,2020-07-31,
MD,2020-08-31,
MD,2020-09-30,
MD,2020-10-31,
MD,2020-11-30,
MD,2020-12-31,
MD,2021-01-31,
MD,2021-02-28,
MD,2021-03-31,
MD,2021-04-30,
MD,2021-05-31,
MD,2021-06-30,
MD,2021-07-31,
MD,2021-08-31,
MD,2021-09-30,
MD,2021-10-31,
MD,2021-11-30,
MD,2021-12-31,
MD,2022-01-31,
MD,2022-02-28,
MD,2022-03-31,
MD,2022-04-30,
MD,2022-05-31,
MD,2022-06-30,
MD,2022-07-31,
MD,2022-08-31,
MD,2022-09-30,
MD,2022-10-31,
MD,2022-11-30,
MD,2022-12-31,
MD,2023-01-31,
MD,2023-02-28,
MD,2023-03-31,
MD,2023-04-30,
MD,2023-05-31,
MD,2023-06-30,
MD,2023-07-31,
MD,2023-08-31,
MD,2023-09-30,
MD,2023-10-31,
MD,2023-11-30,
MD,2023-12-31,
MD,2024-01-31,
MD,2024-02-29,
MD,2024-03-31,
MD,2024-04-30,
MD,2024-05-31,
MD,2024-06-30,
MD,2024-07-31,
MD,2024-08-31,
MD,2024-09-30,
MD,2024-10-31,
MD,2024-11-30,
MD,2024-12-31,
MD,2025-01-31,
MD,2025-02-28,
MD,2025-03-31,
MK,2002-01-31,
MK,2002-02-28,
MK,2002-03-31,
MK,2002-04-30,
MK,2002-05-31,
MK,2002-06-30,
MK,2002-07-31,
MK,2002-08-31,
MK,2002-09-30,
MK,2002-10-31,
MK,2002-11-30,
MK,2002-12-31,
MK,2003-01-31,
MK,2003-02-28,
MK,2003-03-31,
MK,2003-04-30,
MK,2003-05-31,
MK,2003-06-30,
MK,2003-07-31,
MK,2003-08-31,
MK,2003-09-30,
MK,2003-10-31,
MK,2003-11-30,
MK,2003-12-31,
MK,2004-01-31,
MK,2004-02-29,
MK,2004-03-31,
MK,2004-04-30,
MK,2004-05-31,
MK,2004-06-30,
MK,2004-07-31,
MK,2004-08-31,
MK,2004-09-30,
MK,2004-10-31,
MK,2004-11-30,
MK,2004-12-31,
MK,2005-01-31,
MK,2005-02-28,
MK,2005-03-31,
MK,2005-04-30,
MK,2005-05-31,
MK,2005-06-30,
MK,2005-07-31,
MK,2005-08-31,
MK,2005-09-30,
MK,2005-10-31,
MK,2005-11-30,
MK,2005-12-31,
MK,2006-01-31,
MK,2006-02-28,
MK,2006-03-31,
MK,2006-04-30,
MK,2006-05-31,
MK,2006-06-30,
MK,2006-07-31,
MK,2006-08-31,
MK,2006-09-30,
MK,2006-10-31,
MK,2006-11-30,
MK,2006-12-31,
MK,2007-01-31,
MK,2007-02-28,
MK,2007-03-31,
MK,2007-04-30,
MK,2007-05-31,
MK,2007-06-30,
MK,2007-07-31,
MK,2007-08-31,
MK,2007-09-30,
MK,2007-10-31,
MK,2007-11-30,
MK,2007-12-31,
MK,2008-01-31,
MK,2008-02-29,
MK,2008-03-31,
MK,2008-04-30,
MK,2008-05-31,
MK,2008-06-30,
MK,2008-07-31,
MK,2008-08-31,
MK,2008-09-30,
MK,2008-10-31,
MK,2008-11-30,
MK,2008-12-31,
MK,2009-01-31,
MK,2009-02-28,
MK,2009-03-31,
MK,2009-04-30,
MK,2009-05-31,
MK,2009-06-30,
MK,2009-07-31,
MK,2009-08-31,
MK,2009-09-30,
MK,2009-10-31,
MK,2009-11-30,
MK,2009-12-31,
MK,2010-01-31,
MK,2010-02-28,
MK,2010-03-31,
MK,2010-04-30,
MK,2010-05-31,
MK,2010-06-30,
MK,2010-07-31,
MK,2010-08-31,
MK,2010-09-30,
MK,2010-10-31,
MK,2010-11-30,
MK,2010-12-31,
MK,2011-01-31,
MK,2011-02-28,
MK,2011-03-31,
MK,2011-04-30,
MK,2011-05-31,
MK,2011-06-30,
MK,2011-07-31,
MK,2011-08-31,
MK,2011-09-30,
MK,2011-10-31,
MK,2011-11-30,
MK,2011-12-31,
MK,2012-01-31,
MK,2012-02-29,
MK,2012-03-31,
MK,2012-04-30,
MK,2012-05-31,
MK,2012-06-30,
MK,2012-07-31,
MK,2012-08-31,
MK,2012-09-30,
MK,2012-10-31,
MK,2012-11-30,
MK,2012-12-31,
MK,2013-01-31,
MK,2013-02-28,
MK,2013-03-31,
MK,2013-04-30,
MK,2013-05-31,
MK,2013-06-30,
MK,2013-07-31,
MK,2013-08-31,
MK,2013-09-30,
MK,2013-10-31,
MK,2013-11-30,
MK,2013-12-31,
MK,2014-01-31,58.96
MK,2014-02-28,51.59
MK,2014-03-31,44.22
MK,2014-04-30,36.85
MK,2014-05-31,36.85
MK,2014-06-30,29.48
MK,2014-07-31,29.48
MK,2014-08-31,14.74
MK,2014-09-30,14.74
MK,2014-10-31,14.74
MK,2014-11-30,7.37
MK,2014-12-31,7.37
MK,2015-01-31,7.37
MK,2015-02-28,7.37
MK,2015-03-31,7.37
MK,2015-04-30,7.37
MK,2015-05-31,7.37
MK,2015-06-30,7.37
MK,2015-07-31,7.37
MK,2015-08-31,7.37
MK,2015-09-30,7.37
MK,2015-10-31,7.37
MK,2015-11-30,7.37
MK,2015-12-31,7.37
MK,2016-01-31,7.37
MK,2016-02-29,7.37
MK,2016-03-31,7.37
MK,2016-04-30,7.37
MK,2016-05-31,7.37
MK,2016-06-30,7.37
MK,2016-07-31,7.37
MK,2016-08-31,7.37
MK,2016-09-30,7.37
MK,2016-10-31,7.37
MK,2016-11-30,7.37
MK,2016-12-31,7.37
MK,2017-01-31,7.37
MK,2017-02-28,7.37
MK,2017-03-31,7.37
MK,2017-04-30,7.37
MK,2017-05-31,7.37
MK,2017-06-30,7.37
MK,2017-07-31,7.37
MK,2017-08-31,7.37
MK,2017-09-30,7.37
MK,2017-10-31,7.37
MK,2017-11-30,7.37
MK,2017-12-31,7.37
MK,2018-01-31,7.37
MK,2018-02-28,7.37
MK,2018-03-31,7.37
MK,2018-04-30,7.37
MK,2018-05-31,7.37
MK,2018-06-30,7.37
MK,2018-07-31,7.37
MK,2018-08-31,7.37
MK,2018-09-30,7.37
MK,2018-10-31,7.37
MK,2018-11-30,7.37
MK,2018-12-31,7.37
MK,2019-01-31,7.37
MK,2019-02-28,7.37
MK,2019-03-31,7.37
MK,2019-04-30,7.37
MK,2019-05-31,7.37
MK,2019-06-30,7.37
MK,2019-07-31,7.37
MK,2019-08-31,7.37
MK,2019-09-30,7.37
MK,2019-10-31,7.37
MK,2019-11-30,7.37
MK,2019-12-31,7.37
MK,2020-01-31,7.37
MK,2020-02-29,7.37
MK,2020-03-31,7.37
MK,2020-04-30,7.37
MK,2020-05-31,7.37
MK,2020-06-30,7.37
MK,2020-07-31,7.37
MK,2020-08-31,7.37
MK,2020-09-30,7.37
MK,2020-10-31,7.37
MK,2020-11-30,7.37
MK,2020-12-31,7.37
MK,2021-01-31,7.37
MK,2021-02-28,7.37
MK,2021-03-31,7.37
MK,2021-04-30,7.37
MK,2021-05-31,7.37
MK,2021-06-30,7.37
MK,2021-07-31,7.37
MK,2021-08-31,7.37
MK,2021-09-30,7.37
MK,2021-10-31,7.37
MK,2021-11-30,7.37
MK,2021-12-31,7.37
MK,2022-01-31,7.37
MK,2022-02-28,7.37
MK,2022-03-31,7.37
MK,2022-04-30,7.37
MK,2022-05-31,7.37
MK,2022-06-30,7.37
MK,2022-07-31,7.37
MK,2022-08-31,7.37
MK,2022-09-30,7.37
MK,2022-10-31,
MK,2022-11-30,
MK,2022-12-31,
MK,2023-01-31,
MK,2023-02-28,
MK,2023-03-31,
MK,2023-04-30,
MK,2023-05-31,
MK,2023-06-30,
MK,2023-07-31,
MK,2023-08-31,
MK,2023-09-30,
MK,2023-10-31,
MK,2023-11-30,
MK,2023-12-31,
MK,2024-01-31,
MK,2024-02-29,
MK,2024-03-31,
MK,2024-04-30,
MK,2024-05-31,
MK,2024-06-30,
MK,2024-07-31,
MK,2024-08-31,
MK,2024-09-30,
MK,2024-10-31,
MK,2024-11-30,
MK,2024-12-31,
MK,2025-01-31,
MK,2025-02-28,
MK,2025-03-31,
MM,2002-01-31,
MM,2002-02-28,
MM,2002-03-31,
MM,2002-04-30,
MM,2002-05-31,
MM,2002-06-30,
MM,2002-07-31,
MM,2002-08-31,
MM,2002-09-30,
MM,2002-10-31,
MM,2002-11-30,
MM,2002-12-31,
MM,2003-01-31,
MM,2003-02-28,
MM,2003-03-31,
MM,2003-04-30,
MM,2003-05-31,
MM,2003-06-30,
MM,2003-07-31,
MM,2003-08-31,
MM,2003-09-30,
MM,2003-10-31,
MM,2003-11-30,
MM,2003-12-31,
MM,2004-01-31,794.556
MM,2004-02-29,434.063
MM,2004-03-31,823.984
MM,2004-04-30,779.842
MM,2004-05-31,816.627
MM,2004-06-30,801.913
MM,2004-07-31,772.485
MM,2004-08-31,897.554
MM,2004-09-30,941.696
MM,2004-10-31,787.199
MM,2004-11-30,875.483
MM,2004-12-31,882.84
MM,2005-01-31,787.199
MM,2005-02-28,1044.694
MM,2005-03-31,787.199
MM,2005-04-30,956.41
MM,2005-05-31,1103.55
MM,2005-06-30,1177.12
MM,2005-07-31,1390.473
MM,2005-08-31,1052.051
MM,2005-09-30,1081.479
MM,2005-10-31,1125.621
MM,2005-11-30,647.416
MM,2005-12-31,205.996
MM,2006-01-31,5988.598
MM,2006-02-28,5400.038
MM,2006-03-31,728.343
MM,2006-04-30,1007.909
MM,2006-05-31,1243.333
MM,2006-06-30,1250.69
MM,2006-07-31,1066.765
MM,2006-08-31,1140.335
MM,2006-09-30,853.412
MM,2006-10-31,941.696
MM,2006-11-30,1066.765
MM,2006-12-31,1140.335
MM,2007-01-31,1177.12
MM,2007-02-28,1265.404
MM,2007-03-31,1346.331
MM,2007-04-30,794.556
MM,2007-05-31,926.982
MM,2007-06-30,1022.623
MM,2007-07-31,897.554
MM,2007-08-31,941.696
MM,2007-09-30,1052.051
MM,2007-10-31,1096.193
MM,2007-11-30,1162.406
MM,2007-12-31,1221.262
MM,2008-01-31,934.339
MM,2008-02-29,1074.122
MM,2008-03-31,1184.477
MM,2008-04-30,882.84
MM,2008-05-31,838.698
MM,2008-06-30,978.481
MM,2008-07-31,993.195
MM,2008-08-31,890.197
MM,2008-09-30,1206.548
MM,2008-10-31,1184.477
MM,2008-11-30,1199.191
MM,2008-12-31,1272.761
MM,2009-01-31,1221.262
MM,2009-02-28,1228.619
MM,2009-03-31,1184.477
MM,2009-04-30,963.767
MM,2009-05-31,1029.98
MM,2009-06-30,1037.337
MM,2009-07-31,1147.692
MM,2009-08-31,919.625
MM,2009-09-30,1015.266
MM,2009-10-31,1029.98
MM,2009-11-30,926.982
MM,2009-12-31,647.416
MM,2010-01-31,
MM,2010-02-28,
MM,2010-03-31,
MM,2010-04-30,
MM,2010-05-31,
MM,2010-06-30,
MM,2010-07-31,
MM,2010-08-31,
MM,2010-09-30,
MM,2010-10-31,
MM,2010-11-30,
MM,2010-12-31,
MM,2011-01-31,
MM,2011-02-28,
MM,2011-03-31,
MM,2011-04-30,
MM,2011-05-31,
MM,2011-06-30,
MM,2011-07-31,
MM,2011-08-31,
MM,2011-09-30,
MM,2011-10-31,
MM,2011-11-30,
MM,2011-12-31,
MM,2012-01-31,
MM,2012-02-29,
MM,2012-03-31,
MM,2012-04-30,
MM,2012-05-31,
MM,2012-06-30,
MM,2012-07-31,
MM,2012-08-31,
MM,2012-09-30,183.925
MM,2012-10-31,191.282
MM,2012-11-30,183.925
MM,2012-12-31,183.925
MM,2013-01-31,191.282
MM,2013-02-28,198.639
MM,2013-03-31,191.282
MM,2013-04-30,191.282
MM,2013-05-31,183.925
MM,2013-06-30,191.282
MM,2013-07-31,1338.974
MM,2013-08-31,1294.832
MM,2013-09-30,176.568
MM,2013-10-31,198.639
MM,2013-11-30,1346.331
MM,2013-12-31,1272.761
MM,2014-01-31,1199.191
MM,2014-02-28,1103.55
MM,2014-03-31,1213.905
MM,2014-04-30,154.497
MM,2014-05-31,183.925
MM,2014-06-30,176.568
MM,2014-07-31,1081.479
MM,2014-08-31,1029.98
MM,2014-09-30,1397.83
MM,2014-10-31,397.278
MM,2014-11-30,632.702
MM,2014-12-31,434.063
MM,2015-01-31,323.708
MM,2015-02-28,
MM,2015-03-31,
MM,2015-04-30,161.854
MM,2015-05-31,154.497
MM,2015-06-30,147.14
MM,2015-07-31,1228.619
MM,2015-08-31,1250.69
MM,2015-09-30,1456.686
MM,2015-10-31,588.56
MM,2015-11-30,367.85
MM,2015-12-31,529.704
MM,2016-01-31,316.351
MM,2016-02-29,1412.544
MM,2016-03-31,1412.544
MM,2016-04-30,205.996
MM,2016-05-31,242.781
MM,2016-06-30,205.996
MM,2016-07-31,1728.895
MM,2016-08-31,1493.471
MM,2016-09-30,2067.317
MM,2016-10-31,
MM,2016-11-30,
MM,2016-12-31,
MM,2017-01-31,
MM,2017-02-28,
MM,2017-03-31,
MM,2017-04-30,
MM,2017-05-31,
MM,2017-06-30,
MM,2017-07-31,
MM,2017-08-31,
MM,2017-09-30,
MM,2017-10-31,
MM,2017-11-30,
MM,2017-12-31,
MM,2018-01-31,
MM,2018-02-28,
MM,2018-03-31,
MM,2018-04-30,
MM,2018-05-31,
MM,2018-06-30,
MM,2018-07-31,
MM,2018-08-31,
MM,2018-09-30,
MM,2018-10-31,
MM,2018-11-30,
MM,2018-12-31,
MM,2019-01-31,
MM,2019-02-28,
MM,2019-03-31,
MM,2019-04-30,
MM,2019-05-31,
MM,2019-06-30,
MM,2019-07-31,
MM,2019-08-31,
MM,2019-09-30,
MM,2019-10-31,
MM,2019-11-30,
MM,2019-12-31,
MM,2020-01-31,
MM,2020-02-29,
MM,2020-03-31,
MM,2020-04-30,
MM,2020-05-31,
MM,2020-06-30,
MM,2020-07-31,
MM,2020-08-31,
MM,2020-09-30,
MM,2020-10-31,
MM,2020-11-30,
MM,2020-12-31,
MM,2021-01-31,
MM,2021-02-28,
MM,2021-03-31,
MM,2021-04-30,
MM,2021-05-31,
MM,2021-06-30,
MM,2021-07-31,
MM,2021-08-31,
MM,2021-09-30,
MM,2021-10-31,
MM,2021-11-30,
MM,2021-12-31,
MM,2022-01-31,
MM,2022-02-28,
MM,2022-03-31,
MM,2022-04-30,
MM,2022-05-31,
MM,2022-06-30,
MM,2022-07-31,
MM,2022-08-31,
MM,2022-09-30,
MM,2022-10-31,
MM,2022-11-30,
MM,2022-12-31,
MM,2023-01-31,
MM,2023-02-28,
MM,2023-03-31,
MM,2023-04-30,
MM,2023-05-31,
MM,2023-06-30,
MM,2023-07-31,
MM,2023-08-31,
MM,2023-09-30,
MM,2023-10-31,
MM,2023-11-30,
MM,2023-12-31,
MM,2024-01-31,
MM,2024-02-29,
MM,2024-03-31,
MM,2024-04-30,
MM,2024-05-31,
MM,2024-06-30,
MM,2024-07-31,
MM,2024-08-31,
MM,2024-09-30,
MM,2024-10-31,
MM,2024-11-30,
MM,2024-12-31,
MM,2025-01-31,
MM,2025-02-28,
MM,2025-03-31,
MT,2002-01-31,
MT,2002-02-28,
MT,2002-03-31,
MT,2002-04-30,
MT,2002-05-31,
MT,2002-06-30,
MT,2002-07-31,
MT,2002-08-31,
MT,2002-09-30,
MT,2002-10-31,
MT,2002-11-30,
MT,2002-12-31,
MT,2003-01-31,
MT,2003-02-28,
MT,2003-03-31,
MT,2003-04-30,
MT,2003-05-31,
MT,2003-06-30,
MT,2003-07-31,
MT,2003-08-31,
MT,2003-09-30,
MT,2003-10-31,
MT,2003-11-30,
MT,2003-12-31,
MT,2004-01-31,
MT,2004-02-29,
MT,2004-03-31,
MT,2004-04-30,
MT,2004-05-31,
MT,2004-06-30,
MT,2004-07-31,
MT,2004-08-31,
MT,2004-09-30,
MT,2004-10-31,
MT,2004-11-30,
MT,2004-12-31,
MT,2005-01-31,
MT,2005-02-28,
MT,2005-03-31,
MT,2005-04-30,
MT,2005-05-31,
MT,2005-06-30,
MT,2005-07-31,
MT,2005-08-31,
MT,2005-09-30,
MT,2005-10-31,
MT,2005-11-30,
MT,2005-12-31,
MT,2006-01-31,
MT,2006-02-28,
MT,2006-03-31,
MT,2006-04-30,
MT,2006-05-31,
MT,2006-06-30,
MT,2006-07-31,
MT,2006-08-31,
MT,2006-09-30,
MT,2006-10-31,
MT,2006-11-30,
MT,2006-12-31,
MT,2007-01-31,
MT,2007-02-28,
MT,2007-03-31,
MT,2007-04-30,
MT,2007-05-31,
MT,2007-06-30,
MT,2007-07-31,
MT,2007-08-31,
MT,2007-09-30,
MT,2007-10-31,
MT,2007-11-30,
MT,2007-12-31,
MT,2008-01-31,
MT,2008-02-29,
MT,2008-03-31,
MT,2008-04-30,
MT,2008-05-31,
MT,2008-06-30,
MT,2008-07-31,
MT,2008-08-31,
MT,2008-09-30,
MT,2008-10-31,
MT,2008-11-30,
MT,2008-12-31,
MT,2009-01-31,
MT,2009-02-28,
MT,2009-03-31,
MT,2009-04-30,
MT,2009-05-31,
MT,2009-06-30,
MT,2009-07-31,
MT,2009-08-31,
MT,2009-09-30,
MT,2009-10-31,
MT,2009-11-30,
MT,2009-12-31,
MT,2010-01-31,
MT,2010-02-28,
MT,2010-03-31,
MT,2010-04-30,
MT,2010-05-31,
MT,2010-06-30,
MT,2010-07-31,
MT,2010-08-31,
MT,2010-09-30,
MT,2010-10-31,
MT,2010-11-30,
MT,2010-12-31,
MT,2011-01-31,
MT,2011-02-28,
MT,2011-03-31,
MT,2011-04-30,
MT,2011-05-31,
MT,2011-06-30,
MT,2011-07-31,
MT,2011-08-31,
MT,2011-09-30,
MT,2011-10-31,
MT,2011-11-30,
MT,2011-12-31,
MT,2012-01-31,
MT,2012-02-29,
MT,2012-03-31,
MT,2012-04-30,
MT,2012-05-31,
MT,2012-06-30,
MT,2012-07-31,
MT,2012-08-31,
MT,2012-09-30,
MT,2012-10-31,
MT,2012-11-30,
MT,2012-12-31,
MT,2013-01-31,
MT,2013-02-28,
MT,2013-03-31,
MT,2013-04-30,
MT,2013-05-31,
MT,2013-06-30,
MT,2013-07-31,
MT,2013-08-31,
MT,2013-09-30,
MT,2013-10-31,
MT,2013-11-30,
MT,2013-12-31,
MT,2014-01-31,
MT,2014-02-28,
MT,2014-03-31,
MT,2014-04-30,
MT,2014-05-31,
MT,2014-06-30,
MT,2014-07-31,
MT,2014-08-31,
MT,2014-09-30,
MT,2014-10-31,
MT,2014-11-30,
MT,2014-12-31,
MT,2015-01-31,
MT,2015-02-28,
MT,2015-03-31,
MT,2015-04-30,
MT,2015-05-31,
MT,2015-06-30,
MT,2015-07-31,
MT,2015-08-31,
MT,2015-09-30,
MT,2015-10-31,
MT,2015-11-30,
MT,2015-12-31,
MT,2016-01-31,
MT,2016-02-29,
MT,2016-03-31,
MT,2016-04-30,
MT,2016-05-31,
MT,2016-06-30,
MT,2016-07-31,
MT,2016-08-31,
MT,2016-09-30,
MT,2016-10-31,
MT,2016-11-30,
MT,2016-12-31,
MT,2017-01-31,
MT,2017-02-28,
MT,2017-03-31,
MT,2017-04-30,
MT,2017-05-31,
MT,2017-06-30,
MT,2017-07-31,
MT,2017-08-31,
MT,2017-09-30,
MT,2017-10-31,
MT,2017-11-30,
MT,2017-12-31,
MT,2018-01-31,
MT,2018-02-28,
MT,2018-03-31,
MT,2018-04-30,
MT,2018-05-31,
MT,2018-06-30,
MT,2018-07-31,
MT,2018-08-31,
MT,2018-09-30,
MT,2018-10-31,
MT,2018-11-30,
MT,2018-12-31,
MT,2019-01-31,
MT,2019-02-28,
MT,2019-03-31,
MT,2019-04-30,
MT,2019-05-31,
MT,2019-06-30,
MT,2019-07-31,
MT,2019-08-31,
MT,2019-09-30,
MT,2019-10-31,
MT,2019-11-30,
MT,2019-12-31,
MT,2020-01-31,
MT,2020-02-29,
MT,2020-03-31,
MT,2020-04-30,
MT,2020-05-31,
MT,2020-06-30,
MT,2020-07-31,
MT,2020-08-31,
MT,2020-09-30,
MT,2020-10-31,
MT,2020-11-30,
MT,2020-12-31,
MT,2021-01-31,
MT,2021-02-28,
MT,2021-03-31,
MT,2021-04-30,
MT,2021-05-31,
MT,2021-06-30,
MT,2021-07-31,
MT,2021-08-31,
MT,2021-09-30,
MT,2021-10-31,
MT,2021-11-30,
MT,2021-12-31,
MT,2022-01-31,
MT,2022-02-28,
MT,2022-03-31,
MT,2022-04-30,
MT,2022-05-31,
MT,2022-06-30,
MT,2022-07-31,
MT,2022-08-31,
MT,2022-09-30,
MT,2022-10-31,
MT,2022-11-30,
MT,2022-12-31,
MT,2023-01-31,
MT,2023-02-28,
MT,2023-03-31,
MT,2023-04-30,
MT,2023-05-31,
MT,2023-06-30,
MT,2023-07-31,
MT,2023-08-31,
MT,2023-09-30,
MT,2023-10-31,
MT,2023-11-30,
MT,2023-12-31,
MT,2024-01-31,
MT,2024-02-29,
MT,2024-03-31,
MT,2024-04-30,
MT,2024-05-31,
MT,2024-06-30,
MT,2024-07-31,
MT,2024-08-31,
MT,2024-09-30,
MT,2024-10-31,
MT,2024-11-30,
MT,2024-12-31,
MT,2025-01-31,
MT,2025-02-28,
MT,2025-03-31,
MU,2002-01-31,
MU,2002-02-28,
MU,2002-03-31,
MU,2002-04-30,
MU,2002-05-31,
MU,2002-06-30,
MU,2002-07-31,
MU,2002-08-31,
MU,2002-09-30,
MU,2002-10-31,
MU,2002-11-30,
MU,2002-12-31,
MU,2003-01-31,
MU,2003-02-28,
MU,2003-03-31,
MU,2003-04-30,
MU,2003-05-31,
MU,2003-06-30,
MU,2003-07-31,
MU,2003-08-31,
MU,2003-09-30,
MU,2003-10-31,
MU,2003-11-30,
MU,2003-12-31,
MU,2004-01-31,
MU,2004-02-29,
MU,2004-03-31,
MU,2004-04-30,
MU,2004-05-31,
MU,2004-06-30,
MU,2004-07-31,
MU,2004-08-31,
MU,2004-09-30,
MU,2004-10-31,
MU,2004-11-30,
MU,2004-12-31,
MU,2005-01-31,
MU,2005-02-28,
MU,2005-03-31,
MU,2005-04-30,
MU,2005-05-31,
MU,2005-06-30,
MU,2005-07-31,
MU,2005-08-31,
MU,2005-09-30,
MU,2005-10-31,
MU,2005-11-30,
MU,2005-12-31,
MU,2006-01-31,
MU,2006-02-28,
MU,2006-03-31,
MU,2006-04-30,
MU,2006-05-31,
MU,2006-06-30,
MU,2006-07-31,
MU,2006-08-31,
MU,2006-09-30,
MU,2006-10-31,
MU,2006-11-30,
MU,2006-12-31,
MU,2007-01-31,
MU,2007-02-28,
MU,2007-03-31,
MU,2007-04-30,
MU,2007-05-31,
MU,2007-06-30,
MU,2007-07-31,
MU,2007-08-31,
MU,2007-09-30,
MU,2007-10-31,
MU,2007-11-30,
MU,2007-12-31,
MU,2008-01-31,
MU,2008-02-29,
MU,2008-03-31,
MU,2008-04-30,
MU,2008-05-31,
MU,2008-06-30,
MU,2008-07-31,
MU,2008-08-31,
MU,2008-09-30,
MU,2008-10-31,
MU,2008-11-30,
MU,2008-12-31,
MU,2009-01-31,
MU,2009-02-28,
MU,2009-03-31,
MU,2009-04-30,
MU,2009-05-31,
MU,2009-06-30,
MU,2009-07-31,
MU,2009-08-31,
MU,2009-09-30,
MU,2009-10-31,
MU,2009-11-30,
MU,2009-12-31,
MU,2010-01-31,
MU,2010-02-28,
MU,2010-03-31,
MU,2010-04-30,
MU,2010-05-31,
MU,2010-06-30,
MU,2010-07-31,
MU,2010-08-31,
MU,2010-09-30,
MU,2010-10-31,
MU,2010-11-30,
MU,2010-12-31,
MU,2011-01-31,
MU,2011-02-28,
MU,2011-03-31,
MU,2011-04-30,
MU,2011-05-31,
MU,2011-06-30,
MU,2011-07-31,
MU,2011-08-31,
MU,2011-09-30,
MU,2011-10-31,
MU,2011-11-30,
MU,2011-12-31,
MU,2012-01-31,
MU,2012-02-29,
MU,2012-03-31,
MU,2012-04-30,
MU,2012-05-31,
MU,2012-06-30,
MU,2012-07-31,
MU,2012-08-31,
MU,2012-09-30,
MU,2012-10-31,
MU,2012-11-30,
MU,2012-12-31,
MU,2013-01-31,
MU,2013-02-28,
MU,2013-03-31,
MU,2013-04-30,
MU,2013-05-31,
MU,2013-06-30,
MU,2013-07-31,
MU,2013-08-31,
MU,2013-09-30,
MU,2013-10-31,
MU,2013-11-30,
MU,2013-12-31,
MU,2014-01-31,
MU,2014-02-28,
MU,2014-03-31,
MU,2014-04-30,
MU,2014-05-31,
MU,2014-06-30,
MU,2014-07-31,
MU,2014-08-31,
MU,2014-09-30,
MU,2014-10-31,
MU,2014-11-30,
MU,2014-12-31,
MU,2015-01-31,
MU,2015-02-28,
MU,2015-03-31,
MU,2015-04-30,
MU,2015-05-31,
MU,2015-06-30,
MU,2015-07-31,
MU,2015-08-31,
MU,2015-09-30,
MU,2015-10-31,
MU,2015-11-30,
MU,2015-12-31,
MU,2016-01-31,
MU,2016-02-29,
MU,2016-03-31,
MU,2016-04-30,
MU,2016-05-31,
MU,2016-06-30,
MU,2016-07-31,
MU,2016-08-31,
MU,2016-09-30,
MU,2016-10-31,
MU,2016-11-30,
MU,2016-12-31,
MU,2017-01-31,
MU,2017-02-28,
MU,2017-03-31,
MU,2017-04-30,
MU,2017-05-31,
MU,2017-06-30,
MU,2017-07-31,
MU,2017-08-31,
MU,2017-09-30,
MU,2017-10-31,
MU,2017-11-30,
MU,2017-12-31,
MU,2018-01-31,
MU,2018-02-28,
MU,2018-03-31,
MU,2018-04-30,
MU,2018-05-31,
MU,2018-06-30,
MU,2018-07-31,
MU,2018-08-31,
MU,2018-09-30,
MU,2018-10-31,
MU,2018-11-30,
MU,2018-12-31,
MU,2019-01-31,
MU,2019-02-28,
MU,2019-03-31,
MU,2019-04-30,
MU,2019-05-31,
MU,2019-06-30,
MU,2019-07-31,
MU,2019-08-31,
MU,2019-09-30,
MU,2019-10-31,
MU,2019-11-30,
MU,2019-12-31,
MU,2020-01-31,
MU,2020-02-29,
MU,2020-03-31,
MU,2020-04-30,
MU,2020-05-31,
MU,2020-06-30,
MU,2020-07-31,
MU,2020-08-31,
MU,2020-09-30,
MU,2020-10-31,
MU,2020-11-30,
MU,2020-12-31,
MU,2021-01-31,
MU,2021-02-28,
MU,2021-03-31,
MU,2021-04-30,
MU,2021-05-31,
MU,2021-06-30,
MU,2021-07-31,
MU,2021-08-31,
MU,2021-09-30,
MU,2021-10-31,
MU,2021-11-30,
MU,2021-12-31,
MU,2022-01-31,
MU,2022-02-28,
MU,2022-03-31,
MU,2022-04-30,
MU,2022-05-31,
MU,2022-06-30,
MU,2022-07-31,
MU,2022-08-31,
MU,2022-09-30,
MU,2022-10-31,
MU,2022-11-30,
MU,2022-12-31,
MU,2023-01-31,
MU,2023-02-28,
MU,2023-03-31,
MU,2023-04-30,
MU,2023-05-31,
MU,2023-06-30,
MU,2023-07-31,
MU,2023-08-31,
MU,2023-09-30,
MU,2023-10-31,
MU,2023-11-30,
MU,2023-12-31,
MU,2024-01-31,
MU,2024-02-29,
MU,2024-03-31,
MU,2024-04-30,
MU,2024-05-31,
MU,2024-06-30,
MU,2024-07-31,
MU,2024-08-31,
MU,2024-09-30,
MU,2024-10-31,
MU,2024-11-30,
MU,2024-12-31,
MU,2025-01-31,
MU,2025-02-28,
MU,2025-03-31,
MX,2002-01-31,21940.49
MX,2002-02-28,21586.73
MX,2002-03-31,18144.94
MX,2002-04-30,20031.66
MX,2002-05-31,17149.99
MX,2002-06-30,19700.01
MX,2002-07-31,17032.07
MX,2002-08-31,18373.41
MX,2002-09-30,20621.26
MX,2002-10-31,21977.34
MX,2002-11-30,22876.48
MX,2002-12-31,19265.18
MX,2003-01-31,18852.46
MX,2003-02-28,16022.38
MX,2003-03-31,23082.84
MX,2003-04-30,15801.28
MX,2003-05-31,18226.01
MX,2003-06-30,19184.11
MX,2003-07-31,16619.35
MX,2003-08-31,14629.45
MX,2003-09-30,14231.47
MX,2003-10-31,17334.24
MX,2003-11-30,24549.47
MX,2003-12-31,15852.87
MX,2004-01-31,15521.22
MX,2004-02-29,17253.17
MX,2004-03-31,17820.66
MX,2004-04-30,20466.49
MX,2004-05-31,17621.67
MX,2004-06-30,15727.58
MX,2004-07-31,15926.57
MX,2004-08-31,16648.83
MX,2004-09-30,19191.48
MX,2004-10-31,22648.01
MX,2004-11-30,24932.71
MX,2004-12-31,19589.46
MX,2005-01-31,21933.12
MX,2005-02-28,21343.52
MX,2005-03-31,16921.52
MX,2005-04-30,18528.18
MX,2005-05-31,18115.46
MX,2005-06-30,20753.92
MX,2005-07-31,15956.05
MX,2005-08-31,9779.99
MX,2005-09-30,25979.25
MX,2005-10-31,22596.42
MX,2005-11-30,22456.39
MX,2005-12-31,20134.84
MX,2006-01-31,16346.66
MX,2006-02-28,16331.92
MX,2006-03-31,18034.39
MX,2006-04-30,20208.54
MX,2006-05-31,17039.44
MX,2006-06-30,16501.43
MX,2006-07-31,19044.08
MX,2006-08-31,15653.88
MX,2006-09-30,19965.33
MX,2006-10-31,22861.74
MX,2006-11-30,21925.75
MX,2006-12-31,17938.58
MX,2007-01-31,20061.14
MX,2007-02-28,19994.81
MX,2007-03-31,18557.66
MX,2007-04-30,21918.38
MX,2007-05-31,20083.25
MX,2007-06-30,21321.41
MX,2007-07-31,20495.97
MX,2007-08-31,17805.92
MX,2007-09-30,22308.99
MX,2007-10-31,25389.65
MX,2007-11-30,18167.05
MX,2007-12-31,19589.46
MX,2008-01-31,22957.55
MX,2008-02-29,26679.4
MX,2008-03-31,22139.48
MX,2008-04-30,18705.06
MX,2008-05-31,20385.42
MX,2008-06-30,23812.47
MX,2008-07-31,21026.61
MX,2008-08-31,19169.37
MX,2008-09-30,29936.94
MX,2008-10-31,27453.25
MX,2008-11-30,25131.7
MX,2008-12-31,24114.64
MX,2009-01-31,21011.87
MX,2009-02-28,20252.76
MX,2009-03-31,20289.61
MX,2009-04-30,20495.97
MX,2009-05-31,23215.5
MX,2009-06-30,23694.55
MX,2009-07-31,20444.38
MX,2009-08-31,21992.08
MX,2009-09-30,23104.95
MX,2009-10-31,25389.65
MX,2009-11-30,23281.83
MX,2009-12-31,21026.61
MX,2010-01-31,23385.01
MX,2010-02-28,26428.82
MX,2010-03-31,26030.84
MX,2010-04-30,20938.17
MX,2010-05-31,20134.84
MX,2010-06-30,26701.51
MX,2010-07-31,26377.23
MX,2010-08-31,24004.09
MX,2010-09-30,24343.11
MX,2010-10-31,25087.48
MX,2010-11-30,24107.27
MX,2010-12-31,20672.85
MX,2011-01-31,16869.93
MX,2011-02-28,23149.17
MX,2011-03-31,19803.19
MX,2011-04-30,21896.27
MX,2011-05-31,23399.75
MX,2011-06-30,20680.22
MX,2011-07-31,21594.1
MX,2011-08-31,19788.45
MX,2011-09-30,21638.32
MX,2011-10-31,19847.41
MX,2011-11-30,18756.65
MX,2011-12-31,17260.54
MX,2012-01-31,19559.98
MX,2012-02-29,18292.34
MX,2012-03-31,19103.04
MX,2012-04-30,18513.44
MX,2012-05-31,18520.81
MX,2012-06-30,19655.79
MX,2012-07-31,21822.57
MX,2012-08-31,20392.79
MX,2012-09-30,21645.69
MX,2012-10-31,21277.19
MX,2012-11-30,19935.85
MX,2012-12-31,19228.33
MX,2013-01-31,18506.07
MX,2013-02-28,19287.29
MX,2013-03-31,22913.33
MX,2013-04-30,19795.82
MX,2013-05-31,21232.97
MX,2013-06-30,23075.47
MX,2013-07-31,20201.17
MX,2013-08-31,20554.93
MX,2013-09-30,23945.13
MX,2013-10-31,28905.14
MX,2013-11-30,27232.15
MX,2013-12-31,22250.03
MX,2014-01-31,21586.73
MX,2014-02-28,19980.07
MX,2014-03-31,18933.53
MX,2014-04-30,19169.37
MX,2014-05-31,22139.48
MX,2014-06-30,21933.12
MX,2014-07-31,23819.84
MX,2014-08-31,25632.86
MX,2014-09-30,24099.9
MX,2014-10-31,27947.04
MX,2014-11-30,27526.95
MX,2014-12-31,27453.25
MX,2015-01-31,25581.27
MX,2015-02-28,23827.21
MX,2015-03-31,22124.74
MX,2015-04-30,25139.07
MX,2015-05-31,24711.61
MX,2015-06-30,27490.1
MX,2015-07-31,27549.06
MX,2015-08-31,23967.24
MX,2015-09-30,24682.13
MX,2015-10-31,22640.64
MX,2015-11-30,21085.57
MX,2015-12-31,24844.27
MX,2016-01-31,25470.72
MX,2016-02-29,22397.43
MX,2016-03-31,23311.31
MX,2016-04-30,23775.62
MX,2016-05-31,21763.61
MX,2016-06-30,23797.73
MX,2016-07-31,25058.0
MX,2016-08-31,23178.65
MX,2016-09-30,21763.61
MX,2016-10-31,22183.7
MX,2016-11-30,19810.56
MX,2016-12-31,26052.95
MX,2017-01-31,24755.83
MX,2017-02-28,20149.58
MX,2017-03-31,21719.39
MX,2017-04-30,22058.41
MX,2017-05-31,24637.91
MX,2017-06-30,25183.29
MX,2017-07-31,26237.2
MX,2017-08-31,28035.48
MX,2017-09-30,27556.43
MX,2017-10-31,30165.41
MX,2017-11-30,24372.59
MX,2017-12-31,21918.38
MX,2018-01-31,28271.32
MX,2018-02-28,25979.25
MX,2018-03-31,26384.6
MX,2018-04-30,19309.4
MX,2018-05-31,20510.71
MX,2018-06-30,21380.37
MX,2018-07-31,21549.88
MX,2018-08-31,19058.82
MX,2018-09-30,19943.22
MX,2018-10-31,27689.09
MX,2018-11-30,28006.0
MX,2018-12-31,29236.79
MX,2019-01-31,30150.67
MX,2019-02-28,20296.98
MX,2019-03-31,18690.32
MX,2019-04-30,20326.46
MX,2019-05-31,17886.99
MX,2019-06-30,17290.02
MX,2019-07-31,18262.86
MX,2019-08-31,16000.27
MX,2019-09-30,18248.12
MX,2019-10-31,6669.85
MX,2019-11-30,6728.81
MX,2019-12-31,6920.43
MX,2020-01-31,7237.34
MX,2020-02-29,7097.31
MX,2020-03-31,7008.87
MX,2020-04-30,6515.08
MX,2020-05-31,7053.09
MX,2020-06-30,6780.4
MX,2020-07-31,6890.95
MX,2020-08-31,16243.48
MX,2020-09-30,17894.36
MX,2020-10-31,18388.15
MX,2020-11-30,18292.34
MX,2020-12-31,17702.74
MX,2021-01-31,18719.8
MX,2021-02-28,17533.23
MX,2021-03-31,19220.96
MX,2021-04-30,18366.04
MX,2021-05-31,19036.71
MX,2021-06-30,19014.6
MX,2021-07-31,19935.85
MX,2021-08-31,19515.76
MX,2021-09-30,19316.77
MX,2021-10-31,19633.68
MX,2021-11-30,18911.42
MX,2021-12-31,19980.07
MX,2022-01-31,19324.14
MX,2022-02-28,18189.16
MX,2022-03-31,19596.83
MX,2022-04-30,19243.07
MX,2022-05-31,20186.43
MX,2022-06-30,19501.02
MX,2022-07-31,19773.71
MX,2022-08-31,19316.77
MX,2022-09-30,19309.4
MX,2022-10-31,19508.39
MX,2022-11-30,19913.74
MX,2022-12-31,20267.5
MX,2023-01-31,20893.95
MX,2023-02-28,19854.78
MX,2023-03-31,21933.12
MX,2023-04-30,21255.08
MX,2023-05-31,22345.84
MX,2023-06-30,21741.5
MX,2023-07-31,21955.23
MX,2023-08-31,22021.56
MX,2023-09-30,20916.06
MX,2023-10-31,21712.02
MX,2023-11-30,21373.0
MX,2023-12-31,20142.21
MX,2024-01-31,18410.26
MX,2024-02-29,18793.5
MX,2024-03-31,18498.7
MX,2024-04-30,18778.76
MX,2024-05-31,20171.69
MX,2024-06-30,20097.99
MX,2024-07-31,19537.87
MX,2024-08-31,20127.47
MX,2024-09-30,18498.7
MX,2024-10-31,17039.44
MX,2024-11-30,16892.04
MX,2024-12-31,15550.7
MX,2025-01-31,17570.08
MX,2025-02-28,16803.6
MX,2025-03-31,
MY,2002-01-31,
MY,2002-02-28,
MY,2002-03-31,
MY,2002-04-30,
MY,2002-05-31,
MY,2002-06-30,
MY,2002-07-31,
MY,2002-08-31,
MY,2002-09-30,
MY,2002-10-31,
MY,2002-11-30,
MY,2002-12-31,
MY,2003-01-31,
MY,2003-02-28,
MY,2003-03-31,
MY,2003-04-30,
MY,2003-05-31,
MY,2003-06-30,
MY,2003-07-31,
MY,2003-08-31,
MY,2003-09-30,
MY,2003-10-31,
MY,2003-11-30,
MY,2003-12-31,
MY,2004-01-31,
MY,2004-02-29,
MY,2004-03-31,
MY,2004-04-30,
MY,2004-05-31,
MY,2004-06-30,
MY,2004-07-31,
MY,2004-08-31,
MY,2004-09-30,
MY,2004-10-31,
MY,2004-11-30,
MY,2004-12-31,
MY,2005-01-31,
MY,2005-02-28,
MY,2005-03-31,
MY,2005-04-30,
MY,2005-05-31,
MY,2005-06-30,
MY,2005-07-31,
MY,2005-08-31,
MY,2005-09-30,
MY,2005-10-31,
MY,2005-11-30,
MY,2005-12-31,
MY,2006-01-31,
MY,2006-02-28,
MY,2006-03-31,
MY,2006-04-30,
MY,2006-05-31,
MY,2006-06-30,
MY,2006-07-31,
MY,2006-08-31,
MY,2006-09-30,
MY,2006-10-31,
MY,2006-11-30,
MY,2006-12-31,
MY,2007-01-31,
MY,2007-02-28,
MY,2007-03-31,
MY,2007-04-30,
MY,2007-05-31,
MY,2007-06-30,
MY,2007-07-31,
MY,2007-08-31,
MY,2007-09-30,
MY,2007-10-31,
MY,2007-11-30,
MY,2007-12-31,
MY,2008-01-31,
MY,2008-02-29,
MY,2008-03-31,
MY,2008-04-30,
MY,2008-05-31,
MY,2008-06-30,
MY,2008-07-31,
MY,2008-08-31,
MY,2008-09-30,
MY,2008-10-31,
MY,2008-11-30,
MY,2008-12-31,
MY,2009-01-31,
MY,2009-02-28,
MY,2009-03-31,
MY,2009-04-30,
MY,2009-05-31,
MY,2009-06-30,
MY,2009-07-31,
MY,2009-08-31,
MY,2009-09-30,
MY,2009-10-31,
MY,2009-11-30,
MY,2009-12-31,
MY,2010-01-31,
MY,2010-02-28,
MY,2010-03-31,
MY,2010-04-30,
MY,2010-05-31,
MY,2010-06-30,
MY,2010-07-31,
MY,2010-08-31,
MY,2010-09-30,
MY,2010-10-31,
MY,2010-11-30,
MY,2010-12-31,
MY,2011-01-31,
MY,2011-02-28,
MY,2011-03-31,
MY,2011-04-30,
MY,2011-05-31,
MY,2011-06-30,
MY,2011-07-31,
MY,2011-08-31,
MY,2011-09-30,
MY,2011-10-31,
MY,2011-11-30,
MY,2011-12-31,
MY,2012-01-31,
MY,2012-02-29,
MY,2012-03-31,
MY,2012-04-30,
MY,2012-05-31,
MY,2012-06-30,
MY,2012-07-31,
MY,2012-08-31,
MY,2012-09-30,
MY,2012-10-31,
MY,2012-11-30,
MY,2012-12-31,
MY,2013-01-31,
MY,2013-02-28,
MY,2013-03-31,
MY,2013-04-30,
MY,2013-05-31,
MY,2013-06-30,
MY,2013-07-31,
MY,2013-08-31,
MY,2013-09-30,
MY,2013-10-31,
MY,2013-11-30,
MY,2013-12-31,
MY,2014-01-31,
MY,2014-02-28,
MY,2014-03-31,
MY,2014-04-30,
MY,2014-05-31,
MY,2014-06-30,
MY,2014-07-31,
MY,2014-08-31,
MY,2014-09-30,
MY,2014-10-31,
MY,2014-11-30,
MY,2014-12-31,
MY,2015-01-31,
MY,2015-02-28,
MY,2015-03-31,
MY,2015-04-30,
MY,2015-05-31,
MY,2015-06-30,
MY,2015-07-31,
MY,2015-08-31,
MY,2015-09-30,
MY,2015-10-31,
MY,2015-11-30,
MY,2015-12-31,
MY,2016-01-31,
MY,2016-02-29,
MY,2016-03-31,
MY,2016-04-30,
MY,2016-05-31,
MY,2016-06-30,
MY,2016-07-31,
MY,2016-08-31,
MY,2016-09-30,
MY,2016-10-31,
MY,2016-11-30,
MY,2016-12-31,
MY,2017-01-31,
MY,2017-02-28,
MY,2017-03-31,
MY,2017-04-30,
MY,2017-05-31,
MY,2017-06-30,
MY,2017-07-31,
MY,2017-08-31,
MY,2017-09-30,
MY,2017-10-31,
MY,2017-11-30,
MY,2017-12-31,
MY,2018-01-31,
MY,2018-02-28,
MY,2018-03-31,
MY,2018-04-30,
MY,2018-05-31,
MY,2018-06-30,
MY,2018-07-31,
MY,2018-08-31,
MY,2018-09-30,
MY,2018-10-31,
MY,2018-11-30,
MY,2018-12-31,
MY,2019-01-31,
MY,2019-02-28,
MY,2019-03-31,
MY,2019-04-30,
MY,2019-05-31,
MY,2019-06-30,
MY,2019-07-31,
MY,2019-08-31,
MY,2019-09-30,
MY,2019-10-31,
MY,2019-11-30,
MY,2019-12-31,
MY,2020-01-31,
MY,2020-02-29,
MY,2020-03-31,
MY,2020-04-30,
MY,2020-05-31,
MY,2020-06-30,
MY,2020-07-31,
MY,2020-08-31,
MY,2020-09-30,
MY,2020-10-31,
MY,2020-11-30,
MY,2020-12-31,
MY,2021-01-31,
MY,2021-02-28,
MY,2021-03-31,
MY,2021-04-30,
MY,2021-05-31,
MY,2021-06-30,
MY,2021-07-31,
MY,2021-08-31,
MY,2021-09-30,
MY,2021-10-31,
MY,2021-11-30,
MY,2021-12-31,
MY,2022-01-31,
MY,2022-02-28,
MY,2022-03-31,
MY,2022-04-30,
MY,2022-05-31,
MY,2022-06-30,
MY,2022-07-31,
MY,2022-08-31,
MY,2022-09-30,
MY,2022-10-31,
MY,2022-11-30,
MY,2022-12-31,
MY,2023-01-31,
MY,2023-02-28,
MY,2023-03-31,
MY,2023-04-30,
MY,2023-05-31,
MY,2023-06-30,
MY,2023-07-31,
MY,2023-08-31,
MY,2023-09-30,
MY,2023-10-31,
MY,2023-11-30,
MY,2023-12-31,
MY,2024-01-31,
MY,2024-02-29,
MY,2024-03-31,
MY,2024-04-30,
MY,2024-05-31,
MY,2024-06-30,
MY,2024-07-31,
MY,2024-08-31,
MY,2024-09-30,
MY,2024-10-31,
MY,2024-11-30,
MY,2024-12-31,
MY,2025-01-31,
MY,2025-02-28,
MY,2025-03-31,
NE,2002-01-31,
NE,2002-02-28,
NE,2002-03-31,
NE,2002-04-30,
NE,2002-05-31,
NE,2002-06-30,
NE,2002-07-31,
NE,2002-08-31,
NE,2002-09-30,
NE,2002-10-31,
NE,2002-11-30,
NE,2002-12-31,
NE,2003-01-31,
NE,2003-02-28,
NE,2003-03-31,
NE,2003-04-30,
NE,2003-05-31,
NE,2003-06-30,
NE,2003-07-31,
NE,2003-08-31,
NE,2003-09-30,
NE,2003-10-31,
NE,2003-11-30,
NE,2003-12-31,
NE,2004-01-31,
NE,2004-02-29,
NE,2004-03-31,
NE,2004-04-30,
NE,2004-05-31,
NE,2004-06-30,
NE,2004-07-31,
NE,2004-08-31,
NE,2004-09-30,
NE,2004-10-31,
NE,2004-11-30,
NE,2004-12-31,
NE,2005-01-31,
NE,2005-02-28,
NE,2005-03-31,
NE,2005-04-30,
NE,2005-05-31,
NE,2005-06-30,
NE,2005-07-31,
NE,2005-08-31,
NE,2005-09-30,
NE,2005-10-31,
NE,2005-11-30,
NE,2005-12-31,
NE,2006-01-31,
NE,2006-02-28,
NE,2006-03-31,
NE,2006-04-30,
NE,2006-05-31,
NE,2006-06-30,
NE,2006-07-31,
NE,2006-08-31,
NE,2006-09-30,
NE,2006-10-31,
NE,2006-11-30,
NE,2006-12-31,
NE,2007-01-31,
NE,2007-02-28,
NE,2007-03-31,
NE,2007-04-30,
NE,2007-05-31,
NE,2007-06-30,
NE,2007-07-31,
NE,2007-08-31,
NE,2007-09-30,
NE,2007-10-31,
NE,2007-11-30,
NE,2007-12-31,
NE,2008-01-31,
NE,2008-02-29,
NE,2008-03-31,
NE,2008-04-30,
NE,2008-05-31,
NE,2008-06-30,
NE,2008-07-31,
NE,2008-08-31,
NE,2008-09-30,
NE,2008-10-31,
NE,2008-11-30,
NE,2008-12-31,
NE,2009-01-31,
NE,2009-02-28,
NE,2009-03-31,
NE,2009-04-30,
NE,2009-05-31,
NE,2009-06-30,
NE,2009-07-31,
NE,2009-08-31,
NE,2009-09-30,
NE,2009-10-31,
NE,2009-11-30,
NE,2009-12-31,
NE,2010-01-31,
NE,2010-02-28,
NE,2010-03-31,
NE,2010-04-30,
NE,2010-05-31,
NE,2010-06-30,
NE,2010-07-31,
NE,2010-08-31,
NE,2010-09-30,
NE,2010-10-31,
NE,2010-11-30,
NE,2010-12-31,
NE,2011-01-31,
NE,2011-02-28,
NE,2011-03-31,
NE,2011-04-30,
NE,2011-05-31,
NE,2011-06-30,
NE,2011-07-31,
NE,2011-08-31,
NE,2011-09-30,
NE,2011-10-31,
NE,2011-11-30,
NE,2011-12-31,
NE,2012-01-31,
NE,2012-02-29,
NE,2012-03-31,
NE,2012-04-30,
NE,2012-05-31,
NE,2012-06-30,
NE,2012-07-31,
NE,2012-08-31,
NE,2012-09-30,
NE,2012-10-31,
NE,2012-11-30,
NE,2012-12-31,
NE,2013-01-31,
NE,2013-02-28,
NE,2013-03-31,
NE,2013-04-30,
NE,2013-05-31,
NE,2013-06-30,
NE,2013-07-31,
NE,2013-08-31,
NE,2013-09-30,
NE,2013-10-31,
NE,2013-11-30,
NE,2013-12-31,
NE,2014-01-31,
NE,2014-02-28,
NE,2014-03-31,
NE,2014-04-30,
NE,2014-05-31,
NE,2014-06-30,
NE,2014-07-31,
NE,2014-08-31,
NE,2014-09-30,
NE,2014-10-31,
NE,2014-11-30,
NE,2014-12-31,
NE,2015-01-31,
NE,2015-02-28,
NE,2015-03-31,
NE,2015-04-30,
NE,2015-05-31,
NE,2015-06-30,
NE,2015-07-31,
NE,2015-08-31,
NE,2015-09-30,
NE,2015-10-31,
NE,2015-11-30,
NE,2015-12-31,
NE,2016-01-31,
NE,2016-02-29,
NE,2016-03-31,
NE,2016-04-30,
NE,2016-05-31,
NE,2016-06-30,
NE,2016-07-31,
NE,2016-08-31,
NE,2016-09-30,
NE,2016-10-31,
NE,2016-11-30,
NE,2016-12-31,
NE,2017-01-31,
NE,2017-02-28,
NE,2017-03-31,
NE,2017-04-30,
NE,2017-05-31,
NE,2017-06-30,
NE,2017-07-31,
NE,2017-08-31,
NE,2017-09-30,
NE,2017-10-31,
NE,2017-11-30,
NE,2017-12-31,
NE,2018-01-31,
NE,2018-02-28,
NE,2018-03-31,
NE,2018-04-30,
NE,2018-05-31,
NE,2018-06-30,
NE,2018-07-31,
NE,2018-08-31,
NE,2018-09-30,
NE,2018-10-31,
NE,2018-11-30,
NE,2018-12-31,
NE,2019-01-31,
NE,2019-02-28,
NE,2019-03-31,
NE,2019-04-30,
NE,2019-05-31,
NE,2019-06-30,
NE,2019-07-31,
NE,2019-08-31,
NE,2019-09-30,
NE,2019-10-31,
NE,2019-11-30,
NE,2019-12-31,
NE,2020-01-31,
NE,2020-02-29,
NE,2020-03-31,
NE,2020-04-30,
NE,2020-05-31,
NE,2020-06-30,
NE,2020-07-31,
NE,2020-08-31,
NE,2020-09-30,
NE,2020-10-31,
NE,2020-11-30,
NE,2020-12-31,
NE,2021-01-31,
NE,2021-02-28,
NE,2021-03-31,
NE,2021-04-30,
NE,2021-05-31,
NE,2021-06-30,
NE,2021-07-31,
NE,2021-08-31,
NE,2021-09-30,
NE,2021-10-31,
NE,2021-11-30,
NE,2021-12-31,
NE,2022-01-31,
NE,2022-02-28,
NE,2022-03-31,
NE,2022-04-30,
NE,2022-05-31,
NE,2022-06-30,
NE,2022-07-31,
NE,2022-08-31,
NE,2022-09-30,
NE,2022-10-31,
NE,2022-11-30,
NE,2022-12-31,
NE,2023-01-31,
NE,2023-02-28,
NE,2023-03-31,
NE,2023-04-30,
NE,2023-05-31,
NE,2023-06-30,
NE,2023-07-31,
NE,2023-08-31,
NE,2023-09-30,
NE,2023-10-31,
NE,2023-11-30,
NE,2023-12-31,
NE,2024-01-31,
NE,2024-02-29,
NE,2024-03-31,
NE,2024-04-30,
NE,2024-05-31,
NE,2024-06-30,
NE,2024-07-31,
NE,2024-08-31,
NE,2024-09-30,
NE,2024-10-31,
NE,2024-11-30,
NE,2024-12-31,
NE,2025-01-31,
NE,2025-02-28,
NE,2025-03-31,
NG,2002-01-31,8308.0
NG,2002-02-28,9296.0
NG,2002-03-31,12834.0
NG,2002-04-30,12275.0
NG,2002-05-31,10124.0
NG,2002-06-30,15116.0
NG,2002-07-31,6399.0
NG,2002-08-31,19711.0
NG,2002-09-30,19864.0
NG,2002-10-31,18024.0
NG,2002-11-30,18221.0
NG,2002-12-31,13493.0
NG,2003-01-31,16347.0
NG,2003-02-28,15737.0
NG,2003-03-31,2842.0
NG,2003-04-30,59.0
NG,2003-05-31,1068.0
NG,2003-06-30,2101.0
NG,2003-07-31,3036.0
NG,2003-08-31,1914.0
NG,2003-09-30,1453.0
NG,2003-10-31,706.0
NG,2003-11-30,2183.0
NG,2003-12-31,538.0
NG,2004-01-31,2996.0
NG,2004-02-29,2100.0
NG,2004-03-31,405.0
NG,2004-04-30,4804.0
NG,2004-05-31,171.0
NG,2004-06-30,28.0
NG,2004-07-31,362.0
NG,2004-08-31,5823.0
NG,2004-09-30,1800.0
NG,2004-10-31,5735.0
NG,2004-11-30,10010.0
NG,2004-12-31,6167.0
NG,2005-01-31,6642.0
NG,2005-02-28,7227.0
NG,2005-03-31,10212.0
NG,2005-04-30,5685.0
NG,2005-05-31,947.0
NG,2005-06-30,1959.0
NG,2005-07-31,12884.0
NG,2005-08-31,15223.0
NG,2005-09-30,15967.0
NG,2005-10-31,19518.0
NG,2005-11-30,15569.0
NG,2005-12-31,12067.0
NG,2006-01-31,31974.0
NG,2006-02-28,13690.0
NG,2006-03-31,12688.0
NG,2006-04-30,6314.0
NG,2006-05-31,1876.0
NG,2006-06-30,1371.0
NG,2006-07-31,14194.0
NG,2006-08-31,12066.0
NG,2006-09-30,20637.0
NG,2006-10-31,22287.0
NG,2006-11-30,17953.0
NG,2006-12-31,14645.0
NG,2007-01-31,13538.0
NG,2007-02-28,15880.0
NG,2007-03-31,17615.0
NG,2007-04-30,17518.0
NG,2007-05-31,13849.0
NG,2007-06-30,14691.0
NG,2007-07-31,10921.0
NG,2007-08-31,15006.0
NG,2007-09-30,12355.0
NG,2007-10-31,12353.0
NG,2007-11-30,13621.0
NG,2007-12-31,9613.0
NG,2008-01-31,15532.0
NG,2008-02-29,12680.0
NG,2008-03-31,13143.0
NG,2008-04-30,12869.0
NG,2008-05-31,12259.0
NG,2008-06-30,11251.0
NG,2008-07-31,7688.0
NG,2008-08-31,9146.0
NG,2008-09-30,6124.0
NG,2008-10-31,12348.0
NG,2008-11-30,12680.0
NG,2008-12-31,13021.0
NG,2009-01-31,17160.0
NG,2009-02-28,12742.0
NG,2009-03-31,11298.0
NG,2009-04-30,7862.0
NG,2009-05-31,7156.0
NG,2009-06-30,9566.0
NG,2009-07-31,9184.0
NG,2009-08-31,9451.0
NG,2009-09-30,13532.0
NG,2009-10-31,10787.0
NG,2009-11-30,11724.0
NG,2009-12-31,6978.0
NG,2010-01-31,10458.0
NG,2010-02-28,6662.0
NG,2010-03-31,9764.0
NG,2010-04-30,12665.0
NG,2010-05-31,13134.0
NG,2010-06-30,7807.0
NG,2010-07-31,5972.0
NG,2010-08-31,10511.0
NG,2010-09-30,13628.0
NG,2010-10-31,6526.0
NG,2010-11-30,7909.0
NG,2010-12-31,7284.0
NG,2011-01-31,5033.0
NG,2011-02-28,8757.0
NG,2011-03-31,8744.0
NG,2011-04-30,10081.0
NG,2011-05-31,12494.0
NG,2011-06-30,12214.0
NG,2011-07-31,11177.0
NG,2011-08-31,7669.0
NG,2011-09-30,12200.0
NG,2011-10-31,11512.0
NG,2011-11-30,15042.0
NG,2011-12-31,13203.0
NG,2012-01-31,11793.0
NG,2012-02-29,9315.0
NG,2012-03-31,11915.0
NG,2012-04-30,7865.0
NG,2012-05-31,13649.0
NG,2012-06-30,7427.0
NG,2012-07-31,8867.0
NG,2012-08-31,5421.0
NG,2012-09-30,6069.0
NG,2012-10-31,7318.0
NG,2012-11-30,1906.0
NG,2012-12-31,3837.0
NG,2013-01-31,4073.0
NG,2013-02-28,8619.0
NG,2013-03-31,12395.0
NG,2013-04-30,6650.0
NG,2013-05-31,8592.0
NG,2013-06-30,7398.0
NG,2013-07-31,5996.0
NG,2013-08-31,7901.0
NG,2013-09-30,5427.0
NG,2013-10-31,6614.0
NG,2013-11-30,3400.0
NG,2013-12-31,1222.0
NG,2014-01-31,6000.0
NG,2014-02-28,1415.0
NG,2014-03-31,5453.0
NG,2014-04-30,1894.0
NG,2014-05-31,5444.0
NG,2014-06-30,6022.0
NG,2014-07-31,7779.0
NG,2014-08-31,5754.0
NG,2014-09-30,3019.0
NG,2014-10-31,7452.0
NG,2014-11-30,5654.0
NG,2014-12-31,11349.0
NG,2015-01-31,11018.0
NG,2015-02-28,6715.0
NG,2015-03-31,8888.0
NG,2015-04-30,6886.0
NG,2015-05-31,8884.0
NG,2015-06-30,8118.0
NG,2015-07-31,11024.0
NG,2015-08-31,7501.0
NG,2015-09-30,11227.0
NG,2015-10-31,9835.0
NG,2015-11-30,10032.0
NG,2015-12-31,8990.0
NG,2016-01-31,8878.0
NG,2016-02-29,6716.0
NG,2016-03-31,4885.0
NG,2016-04-30,4612.0
NG,2016-05-31,2177.0
NG,2016-06-30,4755.0
NG,2016-07-31,14182.0
NG,2016-08-31,7608.0
NG,2016-09-30,9732.0
NG,2016-10-31,12233.0
NG,2016-11-30,4472.0
NG,2016-12-31,7413.0
NG,2017-01-31,10589.0
NG,2017-02-28,11356.0
NG,2017-03-31,11274.0
NG,2017-04-30,13528.0
NG,2017-05-31,11102.0
NG,2017-06-30,14537.0
NG,2017-07-31,11711.0
NG,2017-08-31,13039.0
NG,2017-09-30,6392.0
NG,2017-10-31,12010.0
NG,2017-11-30,9715.0
NG,2017-12-31,9893.0
NG,2018-01-31,9226.0
NG,2018-02-28,7586.0
NG,2018-03-31,8086.0
NG,2018-04-30,11674.0
NG,2018-05-31,16230.0
NG,2018-06-30,14128.0
NG,2018-07-31,15808.0
NG,2018-08-31,16912.0
NG,2018-09-30,13292.0
NG,2018-10-31,18013.0
NG,2018-11-30,17848.0
NG,2018-12-31,18023.0
NG,2019-01-31,20866.0
NG,2019-02-28,17370.0
NG,2019-03-31,25552.0
NG,2019-04-30,28212.0
NG,2019-05-31,18336.0
NG,2019-06-30,22637.0
NG,2019-07-31,24919.0
NG,2019-08-31,24787.0
NG,2019-09-30,21825.0
NG,2019-10-31,26074.0
NG,2019-11-30,25823.0
NG,2019-12-31,27636.0
NG,2020-01-31,29236.0
NG,2020-02-29,28171.0
NG,2020-03-31,30068.0
NG,2020-04-30,27620.0
NG,2020-05-31,26291.0
NG,2020-06-30,31659.0
NG,2020-07-31,21429.0
NG,2020-08-31,27147.0
NG,2020-09-30,28560.0
NG,2020-10-31,20707.0
NG,2020-11-30,19418.0
NG,2020-12-31,19131.0
NG,2021-01-31,24428.0
NG,2021-02-28,23649.0
NG,2021-03-31,25374.0
NG,2021-04-30,21830.0
NG,2021-05-31,23186.0
NG,2021-06-30,21260.0
NG,2021-07-31,20230.0
NG,2021-08-31,27847.0
NG,2021-09-30,21275.0
NG,2021-10-31,21646.0
NG,2021-11-30,19621.0
NG,2021-12-31,20493.0
NG,2022-01-31,22936.0
NG,2022-02-28,22128.0
NG,2022-03-31,22388.0
NG,2022-04-30,22995.0
NG,2022-05-31,17411.0
NG,2022-06-30,19794.0
NG,2022-07-31,21811.0
NG,2022-08-31,22748.0
NG,2022-09-30,23565.0
NG,2022-10-31,20825.0
NG,2022-11-30,26950.0
NG,2022-12-31,23163.0
NG,2023-01-31,22754.0
NG,2023-02-28,25144.0
NG,2023-03-31,22717.0
NG,2023-04-30,23855.0
NG,2023-05-31,24253.0
NG,2023-06-30,21522.0
NG,2023-07-31,21933.0
NG,2023-08-31,22748.0
NG,2023-09-30,25497.0
NG,2023-10-31,27072.0
NG,2023-11-30,28849.0
NG,2023-12-31,25609.0
NG,2024-01-31,26428.0
NG,2024-02-29,24959.0
NG,2024-03-31,23563.0
NG,2024-04-30,26529.0
NG,2024-05-31,28182.0
NG,2024-06-30,25470.0
NG,2024-07-31,31046.0
NG,2024-08-31,28062.0
NG,2024-09-30,31037.0
NG,2024-10-31,30533.0
NG,2024-11-30,33588.0
NG,2024-12-31,29449.0
NG,2025-01-31,34341.0
NG,2025-02-28,31244.0
NG,2025-03-31,27841.0
NI,2002-01-31,291.0
NI,2002-02-28,540.0
NI,2002-03-31,374.0
NI,2002-04-30,591.0
NI,2002-05-31,426.0
NI,2002-06-30,361.0
NI,2002-07-31,224.0
NI,2002-08-31,570.0
NI,2002-09-30,527.0
NI,2002-10-31,371.0
NI,2002-11-30,362.0
NI,2002-12-31,247.0
NI,2003-01-31,541.0
NI,2003-02-28,280.0
NI,2003-03-31,415.0
NI,2003-04-30,498.0
NI,2003-05-31,335.0
NI,2003-06-30,443.0
NI,2003-07-31,437.0
NI,2003-08-31,292.0
NI,2003-09-30,238.0
NI,2003-10-31,554.0
NI,2003-11-30,499.0
NI,2003-12-31,581.0
NI,2004-01-31,393.0
NI,2004-02-29,229.0
NI,2004-03-31,639.0
NI,2004-04-30,503.0
NI,2004-05-31,331.0
NI,2004-06-30,576.0
NI,2004-07-31,409.0
NI,2004-08-31,511.0
NI,2004-09-30,384.0
NI,2004-10-31,341.0
NI,2004-11-30,397.0
NI,2004-12-31,262.0
NI,2005-01-31,523.0
NI,2005-02-28,431.0
NI,2005-03-31,433.0
NI,2005-04-30,433.0
NI,2005-05-31,764.0
NI,2005-06-30,733.0
NI,2005-07-31,563.0
NI,2005-08-31,448.0
NI,2005-09-30,474.0
NI,2005-10-31,395.0
NI,2005-11-30,479.0
NI,2005-12-31,399.0
NI,2006-01-31,300.0
NI,2006-02-28,248.0
NI,2006-03-31,348.0
NI,2006-04-30,667.0
NI,2006-05-31,506.0
NI,2006-06-30,474.0
NI,2006-07-31,243.0
NI,2006-08-31,0.0
NI,2006-09-30,406.0
NI,2006-10-31,217.0
NI,2006-11-30,358.0
NI,2006-12-31,471.0
NI,2007-01-31,332.0
NI,2007-02-28,403.0
NI,2007-03-31,349.0
NI,2007-04-30,364.0
NI,2007-05-31,360.0
NI,2007-06-30,285.0
NI,2007-07-31,393.0
NI,2007-08-31,442.0
NI,2007-09-30,356.0
NI,2007-10-31,391.0
NI,2007-11-30,466.0
NI,2007-12-31,495.0
NI,2008-01-31,346.0
NI,2008-02-29,542.0
NI,2008-03-31,386.0
NI,2008-04-30,334.0
NI,2008-05-31,436.0
NI,2008-06-30,342.0
NI,2008-07-31,370.0
NI,2008-08-31,416.0
NI,2008-09-30,377.0
NI,2008-10-31,353.0
NI,2008-11-30,486.0
NI,2008-12-31,316.0
NI,2009-01-31,232.0
NI,2009-02-28,472.0
NI,2009-03-31,323.0
NI,2009-04-30,571.0
NI,2009-05-31,509.0
NI,2009-06-30,598.0
NI,2009-07-31,483.0
NI,2009-08-31,366.0
NI,2009-09-30,343.0
NI,2009-10-31,343.0
NI,2009-11-30,178.0
NI,2009-12-31,400.0
NI,2010-01-31,267.0
NI,2010-02-28,444.0
NI,2010-03-31,298.0
NI,2010-04-30,212.0
NI,2010-05-31,469.0
NI,2010-06-30,343.0
NI,2010-07-31,343.0
NI,2010-08-31,538.0
NI,2010-09-30,436.0
NI,2010-10-31,350.0
NI,2010-11-30,282.0
NI,2010-12-31,287.0
NI,2011-01-31,317.0
NI,2011-02-28,258.0
NI,2011-03-31,553.0
NI,2011-04-30,423.0
NI,2011-05-31,0.0
NI,2011-06-30,0.0
NI,2011-07-31,0.0
NI,2011-08-31,0.0
NI,2011-09-30,0.0
NI,2011-10-31,0.0
NI,2011-11-30,0.0
NI,2011-12-31,0.0
NI,2012-01-31,0.0
NI,2012-02-29,0.0
NI,2012-03-31,0.0
NI,2012-04-30,0.0
NI,2012-05-31,0.0
NI,2012-06-30,0.0
NI,2012-07-31,0.0
NI,2012-08-31,0.0
NI,2012-09-30,0.0
NI,2012-10-31,0.0
NI,2012-11-30,0.0
NI,2012-12-31,0.0
NI,2013-01-31,480.0
NI,2013-02-28,432.0
NI,2013-03-31,451.0
NI,2013-04-30,413.0
NI,2013-05-31,361.0
NI,2013-06-30,298.0
NI,2013-07-31,424.0
NI,2013-08-31,364.0
NI,2013-09-30,336.0
NI,2013-10-31,322.0
NI,2013-11-30,298.0
NI,2013-12-31,204.0
NI,2014-01-31,549.0
NI,2014-02-28,489.0
NI,2014-03-31,386.0
NI,2014-04-30,443.0
NI,2014-05-31,0.0
NI,2014-06-30,0.0
NI,2014-07-31,0.0
NI,2014-08-31,0.0
NI,2014-09-30,0.0
NI,2014-10-31,0.0
NI,2014-11-30,514.0
NI,2014-12-31,151.0
NI,2015-01-31,441.0
NI,2015-02-28,386.0
NI,2015-03-31,321.0
NI,2015-04-30,318.0
NI,2015-05-31,548.0
NI,2015-06-30,455.0
NI,2015-07-31,383.0
NI,2015-08-31,239.0
NI,2015-09-30,585.0
NI,2015-10-31,566.0
NI,2015-11-30,566.0
NI,2015-12-31,537.0
NI,2016-01-31,528.0
NI,2016-02-29,509.0
NI,2016-03-31,492.0
NI,2016-04-30,430.0
NI,2016-05-31,415.0
NI,2016-06-30,331.0
NI,2016-07-31,636.0
NI,2016-08-31,404.0
NI,2016-09-30,405.0
NI,2016-10-31,357.0
NI,2016-11-30,255.0
NI,2016-12-31,192.0
NI,2017-01-31,219.0
NI,2017-02-28,230.0
NI,2017-03-31,351.0
NI,2017-04-30,319.0
NI,2017-05-31,240.0
NI,2017-06-30,189.0
NI,2017-07-31,390.0
NI,2017-08-31,416.0
NI,2017-09-30,453.0
NI,2017-10-31,322.0
NI,2017-11-30,240.0
NI,2017-12-31,342.0
NI,2018-01-31,297.0
NI,2018-02-28,300.0
NI,2018-03-31,261.0
NI,2018-04-30,320.0
NI,2018-05-31,257.0
NI,2018-06-30,344.0
NI,2018-07-31,328.0
NI,2018-08-31,267.0
NI,2018-09-30,236.0
NI,2018-10-31,344.0
NI,2018-11-30,271.0
NI,2018-12-31,231.0
NI,2019-01-31,101.0
NI,2019-02-28,426.0
NI,2019-03-31,456.0
NI,2019-04-30,493.0
NI,2019-05-31,316.0
NI,2019-06-30,577.0
NI,2019-07-31,401.0
NI,2019-08-31,417.0
NI,2019-09-30,458.0
NI,2019-10-31,493.0
NI,2019-11-30,169.0
NI,2019-12-31,
NI,2020-01-31,207.0
NI,2020-02-29,248.0
NI,2020-03-31,416.0
NI,2020-04-30,447.0
NI,2020-05-31,429.0
NI,2020-06-30,533.0
NI,2020-07-31,538.0
NI,2020-08-31,
NI,2020-09-30,254.0
NI,2020-10-31,326.0
NI,2020-11-30,298.0
NI,2020-12-31,294.0
NI,2021-01-31,317.0
NI,2021-02-28,353.0
NI,2021-03-31,339.0
NI,2021-04-30,329.0
NI,2021-05-31,316.0
NI,2021-06-30,287.0
NI,2021-07-31,257.0
NI,2021-08-31,362.0
NI,2021-09-30,352.0
NI,2021-10-31,301.0
NI,2021-11-30,271.0
NI,2021-12-31,207.0
NI,2022-01-31,552.0
NI,2022-02-28,578.0
NI,2022-03-31,533.0
NI,2022-04-30,494.0
NI,2022-05-31,437.0
NI,2022-06-30,533.0
NI,2022-07-31,
NI,2022-08-31,
NI,2022-09-30,
NI,2022-10-31,
NI,2022-11-30,
NI,2022-12-31,
NI,2023-01-31,
NI,2023-02-28,
NI,2023-03-31,
NI,2023-04-30,
NI,2023-05-31,
NI,2023-06-30,
NI,2023-07-31,
NI,2023-08-31,
NI,2023-09-30,
NI,2023-10-31,
NI,2023-11-30,
NI,2023-12-31,
NI,2024-01-31,
NI,2024-02-29,
NI,2024-03-31,
NI,2024-04-30,
NI,2024-05-31,
NI,2024-06-30,
NI,2024-07-31,
NI,2024-08-31,
NI,2024-09-30,
NI,2024-10-31,
NI,2024-11-30,
NI,2024-12-31,
NI,2025-01-31,
NL,2002-01-31,36496.24
NL,2002-02-28,37137.43
NL,2002-03-31,37889.17
NL,2002-04-30,35213.86
NL,2002-05-31,38464.03
NL,2002-06-30,39481.09
NL,2002-07-31,36717.34
NL,2002-08-31,40579.22
NL,2002-09-30,39930.66
NL,2002-10-31,37903.91
NL,2002-11-30,37579.63
NL,2002-12-31,38294.52
NL,2003-01-31,36113.0
NL,2003-02-28,32789.13
NL,2003-03-31,34771.66
NL,2003-04-30,37417.49
NL,2003-05-31,32803.87
NL,2003-06-30,36614.16
NL,2003-07-31,35007.5
NL,2003-08-31,38080.79
NL,2003-09-30,35486.55
NL,2003-10-31,38257.67
NL,2003-11-30,35648.69
NL,2003-12-31,30858.19
NL,2004-01-31,34218.91
NL,2004-02-29,35773.98
NL,2004-03-31,37137.43
NL,2004-04-30,34631.63
NL,2004-05-31,35457.07
NL,2004-06-30,35346.52
NL,2004-07-31,34911.69
NL,2004-08-31,36569.94
NL,2004-09-30,36510.98
NL,2004-10-31,38132.38
NL,2004-11-30,40011.73
NL,2004-12-31,32251.12
NL,2005-01-31,33408.21
NL,2005-02-28,35810.83
NL,2005-03-31,36253.03
NL,2005-04-30,34049.4
NL,2005-05-31,36739.45
NL,2005-06-30,36857.37
NL,2005-07-31,37970.24
NL,2005-08-31,37822.84
NL,2005-09-30,34609.52
NL,2005-10-31,37233.24
NL,2005-11-30,33039.71
NL,2005-12-31,33703.01
NL,2006-01-31,37461.71
NL,2006-02-28,36569.94
NL,2006-03-31,37808.1
NL,2006-04-30,33415.58
NL,2006-05-31,32649.1
NL,2006-06-30,33363.99
NL,2006-07-31,32428.0
NL,2006-08-31,32199.53
NL,2006-09-30,33039.71
NL,2006-10-31,33260.81
NL,2006-11-30,33408.21
NL,2006-12-31,30401.25
NL,2007-01-31,27416.4
NL,2007-02-28,32007.91
NL,2007-03-31,31919.47
NL,2007-04-30,33209.22
NL,2007-05-31,35840.31
NL,2007-06-30,32361.67
NL,2007-07-31,31587.82
NL,2007-08-31,31300.39
NL,2007-09-30,32450.11
NL,2007-10-31,27504.84
NL,2007-11-30,32641.73
NL,2007-12-31,32324.82
NL,2008-01-31,30121.19
NL,2008-02-29,30939.26
NL,2008-03-31,34152.58
NL,2008-04-30,30637.09
NL,2008-05-31,29369.45
NL,2008-06-30,31941.58
NL,2008-07-31,29804.28
NL,2008-08-31,30578.13
NL,2008-09-30,31514.12
NL,2008-10-31,30357.03
NL,2008-11-30,31573.08
NL,2008-12-31,27991.26
NL,2009-01-31,33253.44
NL,2009-02-28,35516.03
NL,2009-03-31,37329.05
NL,2009-04-30,37903.91
NL,2009-05-31,34307.35
NL,2009-06-30,36967.92
NL,2009-07-31,34675.85
NL,2009-08-31,32693.32
NL,2009-09-30,34322.09
NL,2009-10-31,32619.62
NL,2009-11-30,34587.41
NL,2009-12-31,33408.21
NL,2010-01-31,33069.19
NL,2010-02-28,32789.13
NL,2010-03-31,31948.95
NL,2010-04-30,36105.63
NL,2010-05-31,34071.51
NL,2010-06-30,34086.25
NL,2010-07-31,33747.23
NL,2010-08-31,32265.86
NL,2010-09-30,30054.86
NL,2010-10-31,31492.01
NL,2010-11-30,32022.65
NL,2010-12-31,31580.45
NL,2011-01-31,30320.18
NL,2011-02-28,28632.45
NL,2011-03-31,28883.03
NL,2011-04-30,25596.01
NL,2011-05-31,28101.81
NL,2011-06-30,29671.62
NL,2011-07-31,26782.58
NL,2011-08-31,32560.66
NL,2011-09-30,32884.94
NL,2011-10-31,27394.29
NL,2011-11-30,26075.06
NL,2011-12-31,26023.47
NL,2012-01-31,23569.26
NL,2012-02-29,25765.52
NL,2012-03-31,26753.1
NL,2012-04-30,26782.58
NL,2012-05-31,30239.11
NL,2012-06-30,26642.55
NL,2012-07-31,26097.17
NL,2012-08-31,26863.65
NL,2012-09-30,24785.31
NL,2012-10-31,27622.76
NL,2012-11-30,27512.21
NL,2012-12-31,26812.06
NL,2013-01-31,25876.07
NL,2013-02-28,27114.23
NL,2013-03-31,27143.71
NL,2013-04-30,26775.21
NL,2013-05-31,25478.09
NL,2013-06-30,28035.48
NL,2013-07-31,29037.8
NL,2013-08-31,24836.9
NL,2013-09-30,26399.34
NL,2013-10-31,29774.8
NL,2013-11-30,29811.65
NL,2013-12-31,27556.43
NL,2014-01-31,25441.24
NL,2014-02-28,17776.44
NL,2014-03-31,20643.37
NL,2014-04-30,17754.33
NL,2014-05-31,19103.04
NL,2014-06-30,21402.48
NL,2014-07-31,20495.97
NL,2014-08-31,19530.5
NL,2014-09-30,17253.17
NL,2014-10-31,17164.73
NL,2014-11-30,14857.92
NL,2014-12-31,17290.02
NL,2015-01-31,17422.68
NL,2015-02-28,19987.44
NL,2015-03-31,20319.09
NL,2015-04-30,20495.97
NL,2015-05-31,21085.57
NL,2015-06-30,21682.54
NL,2015-07-31,19390.47
NL,2015-08-31,20282.24
NL,2015-09-30,18277.6
NL,2015-10-31,18476.59
NL,2015-11-30,20650.74
NL,2015-12-31,21564.62
NL,2016-01-31,18461.85
NL,2016-02-29,22670.12
NL,2016-03-31,21999.45
NL,2016-04-30,21682.54
NL,2016-05-31,20908.69
NL,2016-06-30,24608.43
NL,2016-07-31,28396.61
NL,2016-08-31,28057.59
NL,2016-09-30,27571.17
NL,2016-10-31,25979.25
NL,2016-11-30,26561.48
NL,2016-12-31,25419.13
NL,2017-01-31,28632.45
NL,2017-02-28,31963.69
NL,2017-03-31,30187.52
NL,2017-04-30,31661.52
NL,2017-05-31,32678.58
NL,2017-06-30,36363.58
NL,2017-07-31,32339.56
NL,2017-08-31,31256.17
NL,2017-09-30,26325.64
NL,2017-10-31,29023.06
NL,2017-11-30,29118.87
NL,2017-12-31,30158.04
NL,2018-01-31,15970.79
NL,2018-02-28,25618.12
NL,2018-03-31,25559.16
NL,2018-04-30,26487.78
NL,2018-05-31,27335.33
NL,2018-06-30,25802.37
NL,2018-07-31,20945.54
NL,2018-08-31,24136.75
NL,2018-09-30,22220.55
NL,2018-10-31,22891.22
NL,2018-11-30,19840.04
NL,2018-12-31,19943.22
NL,2019-01-31,19537.87
NL,2019-02-28,22308.99
NL,2019-03-31,21933.12
NL,2019-04-30,24188.34
NL,2019-05-31,23753.51
NL,2019-06-30,24453.66
NL,2019-07-31,22257.4
NL,2019-08-31,21675.17
NL,2019-09-30,23134.43
NL,2019-10-31,22714.34
NL,2019-11-30,26804.69
NL,2019-12-31,27770.16
NL,2020-01-31,24667.39
NL,2020-02-29,21092.94
NL,2020-03-31,23436.6
NL,2020-04-30,23967.24
NL,2020-05-31,26576.22
NL,2020-06-30,23819.84
NL,2020-07-31,22574.31
NL,2020-08-31,22861.74
NL,2020-09-30,22662.75
NL,2020-10-31,22375.32
NL,2020-11-30,22552.2
NL,2020-12-31,23355.53
NL,2021-01-31,24180.97
NL,2021-02-28,22972.29
NL,2021-03-31,23186.02
NL,2021-04-30,22426.91
NL,2021-05-31,23112.32
NL,2021-06-30,21829.94
NL,2021-07-31,20459.12
NL,2021-08-31,17621.67
NL,2021-09-30,19220.96
NL,2021-10-31,22110.0
NL,2021-11-30,21483.55
NL,2021-12-31,17046.81
NL,2022-01-31,18786.13
NL,2022-02-28,26340.38
NL,2022-03-31,27622.76
NL,2022-04-30,29192.57
NL,2022-05-31,26480.41
NL,2022-06-30,30629.72
NL,2022-07-31,28271.32
NL,2022-08-31,25094.85
NL,2022-09-30,27998.63
NL,2022-10-31,27003.68
NL,2022-11-30,31757.33
NL,2022-12-31,34005.18
NL,2023-01-31,30342.29
NL,2023-02-28,28278.69
NL,2023-03-31,29251.53
NL,2023-04-30,31079.29
NL,2023-05-31,29973.79
NL,2023-06-30,30747.64
NL,2023-07-31,33341.88
NL,2023-08-31,30165.41
NL,2023-09-30,26856.28
NL,2023-10-31,29236.79
NL,2023-11-30,29037.8
NL,2023-12-31,26819.43
NL,2024-01-31,23311.31
NL,2024-02-29,26568.85
NL,2024-03-31,26001.36
NL,2024-04-30,24829.53
NL,2024-05-31,30791.86
NL,2024-06-30,30180.15
NL,2024-07-31,28035.48
NL,2024-08-31,29981.16
NL,2024-09-30,27873.34
NL,2024-10-31,27003.68
NL,2024-11-30,28028.11
NL,2024-12-31,28315.54
NL,2025-01-31,20636.0
NL,2025-02-28,24785.31
NL,2025-03-31,29811.65
NO,2002-01-31,20591.78
NO,2002-02-28,19559.98
NO,2002-03-31,9956.87
NO,2002-04-30,14872.66
NO,2002-05-31,17658.52
NO,2002-06-30,13413.4
NO,2002-07-31,19486.28
NO,2002-08-31,11018.15
NO,2002-09-30,8858.74
NO,2002-10-31,22065.78
NO,2002-11-30,12197.35
NO,2002-12-31,11394.02
NO,2003-01-31,18167.05
NO,2003-02-28,14084.07
NO,2003-03-31,24077.79
NO,2003-04-30,19810.56
NO,2003-05-31,11202.4
NO,2003-06-30,12529.0
NO,2003-07-31,18542.92
NO,2003-08-31,13568.17
NO,2003-09-30,15167.46
NO,2003-10-31,19700.01
NO,2003-11-30,20201.17
NO,2003-12-31,17923.84
NO,2004-01-31,24851.64
NO,2004-02-29,11821.48
NO,2004-03-31,19744.23
NO,2004-04-30,10229.56
NO,2004-05-31,16132.93
NO,2004-06-30,21911.01
NO,2004-07-31,10303.26
NO,2004-08-31,19184.11
NO,2004-09-30,15071.65
NO,2004-10-31,20989.76
NO,2004-11-30,16110.82
NO,2004-12-31,15793.91
NO,2005-01-31,13022.79
NO,2005-02-28,7259.45
NO,2005-03-31,17312.13
NO,2005-04-30,13619.76
NO,2005-05-31,13347.07
NO,2005-06-30,9809.47
NO,2005-07-31,11423.5
NO,2005-08-31,10384.33
NO,2005-09-30,18542.92
NO,2005-10-31,8689.23
NO,2005-11-30,18159.68
NO,2005-12-31,18417.63
NO,2006-01-31,15226.42
NO,2006-02-28,14467.31
NO,2006-03-31,10649.65
NO,2006-04-30,9566.26
NO,2006-05-31,15550.7
NO,2006-06-30,10900.23
NO,2006-07-31,15182.2
NO,2006-08-31,18579.77
NO,2006-09-30,16132.93
NO,2006-10-31,12447.93
NO,2006-11-30,11091.85
NO,2006-12-31,22176.33
NO,2007-01-31,12551.11
NO,2007-02-28,11136.07
NO,2007-03-31,8416.54
NO,2007-04-30,13715.57
NO,2007-05-31,9920.02
NO,2007-06-30,12094.17
NO,2007-07-31,20400.16
NO,2007-08-31,15056.91
NO,2007-09-30,11578.27
NO,2007-10-31,10354.85
NO,2007-11-30,17363.72
NO,2007-12-31,15359.08
NO,2008-01-31,17046.81
NO,2008-02-29,14953.73
NO,2008-03-31,15211.68
NO,2008-04-30,11887.81
NO,2008-05-31,13855.6
NO,2008-06-30,13398.66
NO,2008-07-31,20584.41
NO,2008-08-31,17511.12
NO,2008-09-30,17231.06
NO,2008-10-31,24881.12
NO,2008-11-30,18808.24
NO,2008-12-31,19125.15
NO,2009-01-31,15602.29
NO,2009-02-28,13840.86
NO,2009-03-31,13892.45
NO,2009-04-30,10715.98
NO,2009-05-31,6205.54
NO,2009-06-30,12484.78
NO,2009-07-31,10811.79
NO,2009-08-31,13634.5
NO,2009-09-30,14423.09
NO,2009-10-31,10951.82
NO,2009-11-30,17496.38
NO,2009-12-31,12020.47
NO,2010-01-31,23407.12
NO,2010-02-28,12278.42
NO,2010-03-31,12049.95
NO,2010-04-30,12042.58
NO,2010-05-31,23031.25
NO,2010-06-30,12875.39
NO,2010-07-31,13590.28
NO,2010-08-31,19840.04
NO,2010-09-30,12388.97
NO,2010-10-31,18977.75
NO,2010-11-30,16604.61
NO,2010-12-31,13258.63
NO,2011-01-31,15020.06
NO,2011-02-28,13347.07
NO,2011-03-31,13568.17
NO,2011-04-30,13229.15
NO,2011-05-31,17570.08
NO,2011-06-30,14666.3
NO,2011-07-31,14592.6
NO,2011-08-31,16309.81
NO,2011-09-30,14798.96
NO,2011-10-31,19287.29
NO,2011-11-30,19935.85
NO,2011-12-31,16641.46
NO,2012-01-31,15558.07
NO,2012-02-29,15535.96
NO,2012-03-31,18476.59
NO,2012-04-30,18012.28
NO,2012-05-31,13487.1
NO,2012-06-30,18712.43
NO,2012-07-31,14894.77
NO,2012-08-31,17798.55
NO,2012-09-30,18167.05
NO,2012-10-31,14924.25
NO,2012-11-30,12890.13
NO,2012-12-31,17385.83
NO,2013-01-31,23068.1
NO,2013-02-28,17916.47
NO,2013-03-31,16840.45
NO,2013-04-30,21306.67
NO,2013-05-31,18845.09
NO,2013-06-30,14091.44
NO,2013-07-31,15226.42
NO,2013-08-31,16272.96
NO,2013-09-30,18638.73
NO,2013-10-31,19250.44
NO,2013-11-30,20068.51
NO,2013-12-31,17798.55
NO,2014-01-31,17164.73
NO,2014-02-28,17334.24
NO,2014-03-31,18041.76
NO,2014-04-30,16575.13
NO,2014-05-31,13192.3
NO,2014-06-30,19397.84
NO,2014-07-31,17002.59
NO,2014-08-31,17223.69
NO,2014-09-30,16015.01
NO,2014-10-31,15020.06
NO,2014-11-30,20466.49
NO,2014-12-31,15580.18
NO,2015-01-31,16928.89
NO,2015-02-28,16169.78
NO,2015-03-31,14592.6
NO,2015-04-30,17039.44
NO,2015-05-31,16501.43
NO,2015-06-30,15484.37
NO,2015-07-31,14887.4
NO,2015-08-31,16722.53
NO,2015-09-30,14968.47
NO,2015-10-31,16589.87
NO,2015-11-30,16973.11
NO,2015-12-31,15860.24
NO,2016-01-31,14725.26
NO,2016-02-29,11733.04
NO,2016-03-31,14135.66
NO,2016-04-30,13361.81
NO,2016-05-31,14283.06
NO,2016-06-30,16331.92
NO,2016-07-31,15373.82
NO,2016-08-31,12167.87
NO,2016-09-30,13376.55
NO,2016-10-31,15027.43
NO,2016-11-30,15432.78
NO,2016-12-31,14695.78
NO,2017-01-31,14061.96
NO,2017-02-28,15403.3
NO,2017-03-31,14445.2
NO,2017-04-30,14880.03
NO,2017-05-31,15137.98
NO,2017-06-30,13774.53
NO,2017-07-31,17776.44
NO,2017-08-31,13258.63
NO,2017-09-30,12831.17
NO,2017-10-31,14445.2
NO,2017-11-30,15602.29
NO,2017-12-31,15336.97
NO,2018-01-31,17046.81
NO,2018-02-28,17547.97
NO,2018-03-31,17739.59
NO,2018-04-30,19596.83
NO,2018-05-31,19125.15
NO,2018-06-30,16847.82
NO,2018-07-31,17533.23
NO,2018-08-31,17393.2
NO,2018-09-30,17466.9
NO,2018-10-31,15255.9
NO,2018-11-30,18078.61
NO,2018-12-31,17459.53
NO,2019-01-31,17017.33
NO,2019-02-28,17525.86
NO,2019-03-31,17665.89
NO,2019-04-30,17091.03
NO,2019-05-31,17724.85
NO,2019-06-30,17179.47
NO,2019-07-31,17304.76
NO,2019-08-31,18963.01
NO,2019-09-30,17091.03
NO,2019-10-31,19154.63
NO,2019-11-30,16435.1
NO,2019-12-31,15587.55
NO,2020-01-31,19338.88
NO,2020-02-29,17562.71
NO,2020-03-31,18395.52
NO,2020-04-30,19147.26
NO,2020-05-31,17805.92
NO,2020-06-30,18299.71
NO,2020-07-31,19250.44
NO,2020-08-31,21166.64
NO,2020-09-30,22257.4
NO,2020-10-31,17621.67
NO,2020-11-30,17422.68
NO,2020-12-31,20127.47
NO,2021-01-31,18299.71
NO,2021-02-28,18491.33
NO,2021-03-31,19537.87
NO,2021-04-30,19729.49
NO,2021-05-31,16973.11
NO,2021-06-30,15167.46
NO,2021-07-31,15764.43
NO,2021-08-31,10826.53
NO,2021-09-30,11703.56
NO,2021-10-31,12941.72
NO,2021-11-30,13361.81
NO,2021-12-31,13324.96
NO,2022-01-31,14983.21
NO,2022-02-28,16597.24
NO,2022-03-31,15115.87
NO,2022-04-30,13420.77
NO,2022-05-31,13435.51
NO,2022-06-30,14423.09
NO,2022-07-31,15042.17
NO,2022-08-31,15690.73
NO,2022-09-30,13966.15
NO,2022-10-31,14452.57
NO,2022-11-30,14828.44
NO,2022-12-31,13840.86
NO,2023-01-31,14835.81
NO,2023-02-28,15447.52
NO,2023-03-31,15491.74
NO,2023-04-30,14791.59
NO,2023-05-31,16361.4
NO,2023-06-30,15123.24
NO,2023-07-31,10465.4
NO,2023-08-31,14747.37
NO,2023-09-30,16508.8
NO,2023-10-31,14946.36
NO,2023-11-30,20510.71
NO,2023-12-31,18159.68
NO,2024-01-31,17828.03
NO,2024-02-29,18859.83
NO,2024-03-31,18889.31
NO,2024-04-30,19287.29
NO,2024-05-31,17547.97
NO,2024-06-30,15329.6
NO,2024-07-31,16538.28
NO,2024-08-31,17783.81
NO,2024-09-30,17378.46
NO,2024-10-31,17091.03
NO,2024-11-30,17761.7
NO,2024-12-31,18152.31
NO,2025-01-31,17201.58
NO,2025-02-28,13538.69
NO,2025-03-31,12971.2
NP,2002-01-31,
NP,2002-02-28,
NP,2002-03-31,
NP,2002-04-30,
NP,2002-05-31,
NP,2002-06-30,
NP,2002-07-31,
NP,2002-08-31,
NP,2002-09-30,
NP,2002-10-31,
NP,2002-11-30,
NP,2002-12-31,
NP,2003-01-31,
NP,2003-02-28,
NP,2003-03-31,
NP,2003-04-30,
NP,2003-05-31,
NP,2003-06-30,
NP,2003-07-31,
NP,2003-08-31,
NP,2003-09-30,
NP,2003-10-31,
NP,2003-11-30,
NP,2003-12-31,
NP,2004-01-31,
NP,2004-02-29,
NP,2004-03-31,
NP,2004-04-30,
NP,2004-05-31,
NP,2004-06-30,
NP,2004-07-31,
NP,2004-08-31,
NP,2004-09-30,
NP,2004-10-31,
NP,2004-11-30,
NP,2004-12-31,
NP,2005-01-31,
NP,2005-02-28,
NP,2005-03-31,
NP,2005-04-30,
NP,2005-05-31,
NP,2005-06-30,
NP,2005-07-31,
NP,2005-08-31,
NP,2005-09-30,
NP,2005-10-31,
NP,2005-11-30,
NP,2005-12-31,
NP,2006-01-31,
NP,2006-02-28,
NP,2006-03-31,
NP,2006-04-30,
NP,2006-05-31,
NP,2006-06-30,
NP,2006-07-31,
NP,2006-08-31,
NP,2006-09-30,
NP,2006-10-31,
NP,2006-11-30,
NP,2006-12-31,
NP,2007-01-31,
NP,2007-02-28,
NP,2007-03-31,
NP,2007-04-30,
NP,2007-05-31,
NP,2007-06-30,
NP,2007-07-31,
NP,2007-08-31,
NP,2007-09-30,
NP,2007-10-31,
NP,2007-11-30,
NP,2007-12-31,
NP,2008-01-31,
NP,2008-02-29,
NP,2008-03-31,
NP,2008-04-30,
NP,2008-05-31,
NP,2008-06-30,
NP,2008-07-31,
NP,2008-08-31,
NP,2008-09-30,
NP,2008-10-31,
NP,2008-11-30,
NP,2008-12-31,
NP,2009-01-31,
NP,2009-02-28,
NP,2009-03-31,
NP,2009-04-30,
NP,2009-05-31,
NP,2009-06-30,
NP,2009-07-31,
NP,2009-08-31,
NP,2009-09-30,
NP,2009-10-31,
NP,2009-11-30,
NP,2009-12-31,
NP,2010-01-31,
NP,2010-02-28,
NP,2010-03-31,
NP,2010-04-30,
NP,2010-05-31,
NP,2010-06-30,
NP,2010-07-31,
NP,2010-08-31,
NP,2010-09-30,
NP,2010-10-31,
NP,2010-11-30,
NP,2010-12-31,
NP,2011-01-31,
NP,2011-02-28,
NP,2011-03-31,
NP,2011-04-30,
NP,2011-05-31,
NP,2011-06-30,
NP,2011-07-31,
NP,2011-08-31,
NP,2011-09-30,
NP,2011-10-31,
NP,2011-11-30,
NP,2011-12-31,
NP,2012-01-31,
NP,2012-02-29,
NP,2012-03-31,
NP,2012-04-30,
NP,2012-05-31,
NP,2012-06-30,
NP,2012-07-31,
NP,2012-08-31,
NP,2012-09-30,
NP,2012-10-31,
NP,2012-11-30,
NP,2012-12-31,
NP,2013-01-31,
NP,2013-02-28,
NP,2013-03-31,
NP,2013-04-30,
NP,2013-05-31,
NP,2013-06-30,
NP,2013-07-31,
NP,2013-08-31,
NP,2013-09-30,
NP,2013-10-31,
NP,2013-11-30,
NP,2013-12-31,
NP,2014-01-31,
NP,2014-02-28,
NP,2014-03-31,
NP,2014-04-30,
NP,2014-05-31,
NP,2014-06-30,
NP,2014-07-31,
NP,2014-08-31,
NP,2014-09-30,
NP,2014-10-31,
NP,2014-11-30,
NP,2014-12-31,
NP,2015-01-31,
NP,2015-02-28,
NP,2015-03-31,
NP,2015-04-30,
NP,2015-05-31,
NP,2015-06-30,
NP,2015-07-31,
NP,2015-08-31,
NP,2015-09-30,
NP,2015-10-31,
NP,2015-11-30,
NP,2015-12-31,
NP,2016-01-31,
NP,2016-02-29,
NP,2016-03-31,
NP,2016-04-30,
NP,2016-05-31,
NP,2016-06-30,
NP,2016-07-31,
NP,2016-08-31,
NP,2016-09-30,
NP,2016-10-31,
NP,2016-11-30,
NP,2016-12-31,
NP,2017-01-31,
NP,2017-02-28,
NP,2017-03-31,
NP,2017-04-30,
NP,2017-05-31,
NP,2017-06-30,
NP,2017-07-31,
NP,2017-08-31,
NP,2017-09-30,
NP,2017-10-31,
NP,2017-11-30,
NP,2017-12-31,
NP,2018-01-31,
NP,2018-02-28,
NP,2018-03-31,
NP,2018-04-30,
NP,2018-05-31,
NP,2018-06-30,
NP,2018-07-31,
NP,2018-08-31,
NP,2018-09-30,
NP,2018-10-31,
NP,2018-11-30,
NP,2018-12-31,
NP,2019-01-31,
NP,2019-02-28,
NP,2019-03-31,
NP,2019-04-30,
NP,2019-05-31,
NP,2019-06-30,
NP,2019-07-31,
NP,2019-08-31,
NP,2019-09-30,
NP,2019-10-31,
NP,2019-11-30,
NP,2019-12-31,
NP,2020-01-31,
NP,2020-02-29,
NP,2020-03-31,
NP,2020-04-30,
NP,2020-05-31,
NP,2020-06-30,
NP,2020-07-31,
NP,2020-08-31,
NP,2020-09-30,
NP,2020-10-31,
NP,2020-11-30,
NP,2020-12-31,
NP,2021-01-31,
NP,2021-02-28,
NP,2021-03-31,
NP,2021-04-30,
NP,2021-05-31,
NP,2021-06-30,
NP,2021-07-31,
NP,2021-08-31,
NP,2021-09-30,
NP,2021-10-31,
NP,2021-11-30,
NP,2021-12-31,
NP,2022-01-31,
NP,2022-02-28,
NP,2022-03-31,
NP,2022-04-30,
NP,2022-05-31,
NP,2022-06-30,
NP,2022-07-31,
NP,2022-08-31,
NP,2022-09-30,
NP,2022-10-31,
NP,2022-11-30,
NP,2022-12-31,
NP,2023-01-31,
NP,2023-02-28,
NP,2023-03-31,
NP,2023-04-30,
NP,2023-05-31,
NP,2023-06-30,
NP,2023-07-31,
NP,2023-08-31,
NP,2023-09-30,
NP,2023-10-31,
NP,2023-11-30,
NP,2023-12-31,
NP,2024-01-31,
NP,2024-02-29,
NP,2024-03-31,
NP,2024-04-30,
NP,2024-05-31,
NP,2024-06-30,
NP,2024-07-31,
NP,2024-08-31,
NP,2024-09-30,
NP,2024-10-31,
NP,2024-11-30,
NP,2024-12-31,
NP,2025-01-31,
NP,2025-02-28,
NP,2025-03-31,
NZ,2002-01-31,2078.34
NZ,2002-02-28,2557.39
NZ,2002-03-31,2292.07
NZ,2002-04-30,3139.62
NZ,2002-05-31,2572.13
NZ,2002-06-30,2940.63
NZ,2002-07-31,2063.6
NZ,2002-08-31,2896.41
NZ,2002-09-30,2771.12
NZ,2002-10-31,2026.75
NZ,2002-11-30,2284.7
NZ,2002-12-31,2137.3
NZ,2003-01-31,2690.05
NZ,2003-02-28,3743.96
NZ,2003-03-31,2881.67
NZ,2003-04-30,2166.78
NZ,2003-05-31,3390.2
NZ,2003-06-30,2984.85
NZ,2003-07-31,3736.59
NZ,2003-08-31,3029.07
NZ,2003-09-30,3773.44
NZ,2003-10-31,3191.21
NZ,2003-11-30,3397.57
NZ,2003-12-31,3301.76
NZ,2004-01-31,3110.14
NZ,2004-02-29,2542.65
NZ,2004-03-31,2734.27
NZ,2004-04-30,3323.87
NZ,2004-05-31,3006.96
NZ,2004-06-30,2984.85
NZ,2004-07-31,3176.47
NZ,2004-08-31,1864.61
NZ,2004-09-30,2380.51
NZ,2004-10-31,3198.58
NZ,2004-11-30,2800.6
NZ,2004-12-31,2837.45
NZ,2005-01-31,1400.3
NZ,2005-02-28,2233.11
NZ,2005-03-31,2616.35
NZ,2005-04-30,2771.12
NZ,2005-05-31,2608.98
NZ,2005-06-30,3205.95
NZ,2005-07-31,2491.06
NZ,2005-08-31,3051.18
NZ,2005-09-30,3323.87
NZ,2005-10-31,2771.12
NZ,2005-11-30,2866.93
NZ,2005-12-31,3213.32
NZ,2006-01-31,2874.3
NZ,2006-02-28,2697.42
NZ,2006-03-31,2778.49
NZ,2006-04-30,2070.97
NZ,2006-05-31,2402.62
NZ,2006-06-30,1849.87
NZ,2006-07-31,1547.7
NZ,2006-08-31,2491.06
NZ,2006-09-30,2424.73
NZ,2006-10-31,2041.49
NZ,2006-11-30,3146.99
NZ,2006-12-31,2557.39
NZ,2007-01-31,2955.37
NZ,2007-02-28,2638.46
NZ,2007-03-31,3146.99
NZ,2007-04-30,2712.16
NZ,2007-05-31,2557.39
NZ,2007-06-30,2483.69
NZ,2007-07-31,2844.82
NZ,2007-08-31,3559.71
NZ,2007-09-30,3603.93
NZ,2007-10-31,3006.96
NZ,2007-11-30,2638.46
NZ,2007-12-31,3287.02
NZ,2008-01-31,3117.51
NZ,2008-02-29,4038.76
NZ,2008-03-31,4053.5
NZ,2008-04-30,3375.46
NZ,2008-05-31,2933.26
NZ,2008-06-30,2616.35
NZ,2008-07-31,2903.78
NZ,2008-08-31,2756.38
NZ,2008-09-30,2675.31
NZ,2008-10-31,3515.49
NZ,2008-11-30,3154.36
NZ,2008-12-31,2933.26
NZ,2009-01-31,3655.52
NZ,2009-02-28,2660.57
NZ,2009-03-31,4318.82
NZ,2009-04-30,3913.47
NZ,2009-05-31,2948.0
NZ,2009-06-30,3257.54
NZ,2009-07-31,2874.3
NZ,2009-08-31,2690.05
NZ,2009-09-30,2734.27
NZ,2009-10-31,3913.47
NZ,2009-11-30,3176.47
NZ,2009-12-31,3338.61
NZ,2010-01-31,3869.25
NZ,2010-02-28,3065.92
NZ,2010-03-31,3338.61
NZ,2010-04-30,3449.16
NZ,2010-05-31,3021.7
NZ,2010-06-30,2667.94
NZ,2010-07-31,3146.99
NZ,2010-08-31,3264.91
NZ,2010-09-30,2815.34
NZ,2010-10-31,4046.13
NZ,2010-11-30,3124.88
NZ,2010-12-31,3640.78
NZ,2011-01-31,2874.3
NZ,2011-02-28,2785.86
NZ,2011-03-31,2970.11
NZ,2011-04-30,3463.9
NZ,2011-05-31,2623.72
NZ,2011-06-30,2807.97
NZ,2011-07-31,2505.8
NZ,2011-08-31,2793.23
NZ,2011-09-30,3058.55
NZ,2011-10-31,2712.16
NZ,2011-11-30,2601.61
NZ,2011-12-31,3242.8
NZ,2012-01-31,2292.07
NZ,2012-02-29,2446.84
NZ,2012-03-31,3309.13
NZ,2012-04-30,3095.4
NZ,2012-05-31,3345.98
NZ,2012-06-30,2417.36
NZ,2012-07-31,2358.4
NZ,2012-08-31,2505.8
NZ,2012-09-30,2365.77
NZ,2012-10-31,2233.11
NZ,2012-11-30,3154.36
NZ,2012-12-31,2137.3
NZ,2013-01-31,1945.68
NZ,2013-02-28,2063.6
NZ,2013-03-31,2719.53
NZ,2013-04-30,2815.34
NZ,2013-05-31,2601.61
NZ,2013-06-30,1938.31
NZ,2013-07-31,2616.35
NZ,2013-08-31,2778.49
NZ,2013-09-30,1842.5
NZ,2013-10-31,2387.88
NZ,2013-11-30,1650.88
NZ,2013-12-31,2638.46
NZ,2014-01-31,2550.02
NZ,2014-02-28,2682.68
NZ,2014-03-31,2432.1
NZ,2014-04-30,2218.37
NZ,2014-05-31,2498.43
NZ,2014-06-30,2262.59
NZ,2014-07-31,3250.17
NZ,2014-08-31,3021.7
NZ,2014-09-30,2984.85
NZ,2014-10-31,2726.9
NZ,2014-11-30,2358.4
NZ,2014-12-31,2807.97
NZ,2015-01-31,2778.49
NZ,2015-02-28,1864.61
NZ,2015-03-31,3117.51
NZ,2015-04-30,2107.82
NZ,2015-05-31,3360.72
NZ,2015-06-30,2822.71
NZ,2015-07-31,2793.23
NZ,2015-08-31,2218.37
NZ,2015-09-30,2697.42
NZ,2015-10-31,2771.12
NZ,2015-11-30,2608.98
NZ,2015-12-31,1761.43
NZ,2016-01-31,1805.65
NZ,2016-02-29,2056.23
NZ,2016-03-31,2948.0
NZ,2016-04-30,2395.25
NZ,2016-05-31,2476.32
NZ,2016-06-30,2970.11
NZ,2016-07-31,2800.6
NZ,2016-08-31,1319.23
NZ,2016-09-30,2579.5
NZ,2016-10-31,2468.95
NZ,2016-11-30,2365.77
NZ,2016-12-31,2078.34
NZ,2017-01-31,2424.73
NZ,2017-02-28,2269.96
NZ,2017-03-31,2336.29
NZ,2017-04-30,2129.93
NZ,2017-05-31,2756.38
NZ,2017-06-30,2675.31
NZ,2017-07-31,2933.26
NZ,2017-08-31,2697.42
NZ,2017-09-30,2712.16
NZ,2017-10-31,2093.08
NZ,2017-11-30,2660.57
NZ,2017-12-31,3404.94
NZ,2018-01-31,3817.66
NZ,2018-02-28,2196.26
NZ,2018-03-31,2866.93
NZ,2018-04-30,2564.76
NZ,2018-05-31,2129.93
NZ,2018-06-30,3117.51
NZ,2018-07-31,2815.34
NZ,2018-08-31,3102.77
NZ,2018-09-30,2387.88
NZ,2018-10-31,2726.9
NZ,2018-11-30,3449.16
NZ,2018-12-31,3080.66
NZ,2019-01-31,2387.88
NZ,2019-02-28,2564.76
NZ,2019-03-31,2837.45
NZ,2019-04-30,1746.69
NZ,2019-05-31,3316.5
NZ,2019-06-30,2793.23
NZ,2019-07-31,2328.92
NZ,2019-08-31,2889.04
NZ,2019-09-30,1960.42
NZ,2019-10-31,2491.06
NZ,2019-11-30,3220.69
NZ,2019-12-31,1857.24
NZ,2020-01-31,2446.84
NZ,2020-02-29,1525.59
NZ,2020-03-31,2667.94
NZ,2020-04-30,2012.01
NZ,2020-05-31,2948.0
NZ,2020-06-30,1953.05
NZ,2020-07-31,1488.74
NZ,2020-08-31,2830.08
NZ,2020-09-30,2225.74
NZ,2020-10-31,2218.37
NZ,2020-11-30,1879.35
NZ,2020-12-31,1636.14
NZ,2021-01-31,1997.27
NZ,2021-02-28,3102.77
NZ,2021-03-31,2041.49
NZ,2021-04-30,1798.28
NZ,2021-05-31,2004.64
NZ,2021-06-30,1658.25
NZ,2021-07-31,1908.83
NZ,2021-08-31,2321.55
NZ,2021-09-30,1621.4
NZ,2021-10-31,2572.13
NZ,2021-11-30,2314.18
NZ,2021-12-31,1702.47
NZ,2022-01-31,1326.6
NZ,2022-02-28,1127.61
NZ,2022-03-31,950.73
NZ,2022-04-30,891.77
NZ,2022-05-31,530.64
NZ,2022-06-30,633.82
NZ,2022-07-31,943.36
NZ,2022-08-31,862.29
NZ,2022-09-30,405.35
NZ,2022-10-31,810.7
NZ,2022-11-30,773.85
NZ,2022-12-31,788.59
NZ,2023-01-31,479.05
NZ,2023-02-28,611.71
NZ,2023-03-31,626.45
NZ,2023-04-30,972.84
NZ,2023-05-31,1068.65
NZ,2023-06-30,420.09
NZ,2023-07-31,663.3
NZ,2023-08-31,899.14
NZ,2023-09-30,678.04
NZ,2023-10-31,678.04
NZ,2023-11-30,1031.8
NZ,2023-12-31,493.79
NZ,2024-01-31,648.56
NZ,2024-02-29,840.18
NZ,2024-03-31,243.21
NZ,2024-04-30,596.97
NZ,2024-05-31,759.11
NZ,2024-06-30,854.92
NZ,2024-07-31,501.16
NZ,2024-08-31,611.71
NZ,2024-09-30,825.44
NZ,2024-10-31,759.11
NZ,2024-11-30,538.01
NZ,2024-12-31,545.38
NZ,2025-01-31,655.93
NZ,2025-02-28,442.2
NZ,2025-03-31,
OM,2002-01-31,
OM,2002-02-28,
OM,2002-03-31,
OM,2002-04-30,
OM,2002-05-31,
OM,2002-06-30,
OM,2002-07-31,
OM,2002-08-31,
OM,2002-09-30,
OM,2002-10-31,
OM,2002-11-30,
OM,2002-12-31,
OM,2003-01-31,
OM,2003-02-28,
OM,2003-03-31,
OM,2003-04-30,
OM,2003-05-31,
OM,2003-06-30,
OM,2003-07-31,
OM,2003-08-31,
OM,2003-09-30,
OM,2003-10-31,
OM,2003-11-30,
OM,2003-12-31,
OM,2004-01-31,
OM,2004-02-29,
OM,2004-03-31,
OM,2004-04-30,
OM,2004-05-31,
OM,2004-06-30,
OM,2004-07-31,
OM,2004-08-31,
OM,2004-09-30,
OM,2004-10-31,
OM,2004-11-30,
OM,2004-12-31,
OM,2005-01-31,
OM,2005-02-28,
OM,2005-03-31,
OM,2005-04-30,
OM,2005-05-31,
OM,2005-06-30,
OM,2005-07-31,
OM,2005-08-31,
OM,2005-09-30,
OM,2005-10-31,
OM,2005-11-30,
OM,2005-12-31,
OM,2006-01-31,
OM,2006-02-28,
OM,2006-03-31,
OM,2006-04-30,
OM,2006-05-31,
OM,2006-06-30,
OM,2006-07-31,
OM,2006-08-31,
OM,2006-09-30,
OM,2006-10-31,
OM,2006-11-30,
OM,2006-12-31,
OM,2007-01-31,
OM,2007-02-28,
OM,2007-03-31,
OM,2007-04-30,
OM,2007-05-31,
OM,2007-06-30,
OM,2007-07-31,
OM,2007-08-31,
OM,2007-09-30,
OM,2007-10-31,
OM,2007-11-30,
OM,2007-12-31,
OM,2008-01-31,
OM,2008-02-29,0.0
OM,2008-03-31,
OM,2008-04-30,
OM,2008-05-31,
OM,2008-06-30,
OM,2008-07-31,
OM,2008-08-31,
OM,2008-09-30,
OM,2008-10-31,
OM,2008-11-30,
OM,2008-12-31,
OM,2009-01-31,
OM,2009-02-28,
OM,2009-03-31,
OM,2009-04-30,
OM,2009-05-31,
OM,2009-06-30,
OM,2009-07-31,
OM,2009-08-31,
OM,2009-09-30,
OM,2009-10-31,
OM,2009-11-30,
OM,2009-12-31,
OM,2010-01-31,
OM,2010-02-28,
OM,2010-03-31,759.11
OM,2010-04-30,1061.28
OM,2010-05-31,1105.5
OM,2010-06-30,862.29
OM,2010-07-31,1046.54
OM,2010-08-31,935.99
OM,2010-09-30,913.88
OM,2010-10-31,913.88
OM,2010-11-30,958.1
OM,2010-12-31,788.59
OM,2011-01-31,751.74
OM,2011-02-28,501.16
OM,2011-03-31,744.37
OM,2011-04-30,884.4
OM,2011-05-31,832.81
OM,2011-06-30,1120.24
OM,2011-07-31,1053.91
OM,2011-08-31,972.84
OM,2011-09-30,1039.17
OM,2011-10-31,1046.54
OM,2011-11-30,1171.83
OM,2011-12-31,1252.9
OM,2012-01-31,994.95
OM,2012-02-29,1164.46
OM,2012-03-31,869.66
OM,2012-04-30,1031.8
OM,2012-05-31,972.84
OM,2012-06-30,1090.76
OM,2012-07-31,884.4
OM,2012-08-31,1193.94
OM,2012-09-30,1046.54
OM,2012-10-31,884.4
OM,2012-11-30,1422.41
OM,2012-12-31,1031.8
OM,2013-01-31,1068.65
OM,2013-02-28,987.58
OM,2013-03-31,972.84
OM,2013-04-30,1039.17
OM,2013-05-31,1061.28
OM,2013-06-30,722.26
OM,2013-07-31,1275.01
OM,2013-08-31,1282.38
OM,2013-09-30,972.84
OM,2013-10-31,1009.69
OM,2013-11-30,1068.65
OM,2013-12-31,825.44
OM,2014-01-31,980.21
OM,2014-02-28,928.62
OM,2014-03-31,891.77
OM,2014-04-30,958.1
OM,2014-05-31,958.1
OM,2014-06-30,670.67
OM,2014-07-31,972.84
OM,2014-08-31,1046.54
OM,2014-09-30,943.36
OM,2014-10-31,884.4
OM,2014-11-30,891.77
OM,2014-12-31,766.48
OM,2015-01-31,1370.82
OM,2015-02-28,958.1
OM,2015-03-31,972.84
OM,2015-04-30,950.73
OM,2015-05-31,965.47
OM,2015-06-30,913.88
OM,2015-07-31,1127.61
OM,2015-08-31,788.59
OM,2015-09-30,928.62
OM,2015-10-31,943.36
OM,2015-11-30,943.36
OM,2015-12-31,773.85
OM,2016-01-31,1216.05
OM,2016-02-29,508.53
OM,2016-03-31,
OM,2016-04-30,
OM,2016-05-31,
OM,2016-06-30,
OM,2016-07-31,
OM,2016-08-31,
OM,2016-09-30,
OM,2016-10-31,
OM,2016-11-30,
OM,2016-12-31,
OM,2017-01-31,
OM,2017-02-28,
OM,2017-03-31,
OM,2017-04-30,
OM,2017-05-31,
OM,2017-06-30,
OM,2017-07-31,
OM,2017-08-31,
OM,2017-09-30,
OM,2017-10-31,
OM,2017-11-30,
OM,2017-12-31,
OM,2018-01-31,
OM,2018-02-28,
OM,2018-03-31,
OM,2018-04-30,
OM,2018-05-31,
OM,2018-06-30,
OM,2018-07-31,
OM,2018-08-31,
OM,2018-09-30,
OM,2018-10-31,
OM,2018-11-30,
OM,2018-12-31,
OM,2019-01-31,
OM,2019-02-28,
OM,2019-03-31,
OM,2019-04-30,
OM,2019-05-31,
OM,2019-06-30,
OM,2019-07-31,
OM,2019-08-31,
OM,2019-09-30,
OM,2019-10-31,
OM,2019-11-30,
OM,2019-12-31,
OM,2020-01-31,
OM,2020-02-29,
OM,2020-03-31,
OM,2020-04-30,
OM,2020-05-31,
OM,2020-06-30,
OM,2020-07-31,
OM,2020-08-31,
OM,2020-09-30,
OM,2020-10-31,
OM,2020-11-30,
OM,2020-12-31,
OM,2021-01-31,
OM,2021-02-28,
OM,2021-03-31,
OM,2021-04-30,
OM,2021-05-31,
OM,2021-06-30,
OM,2021-07-31,
OM,2021-08-31,
OM,2021-09-30,
OM,2021-10-31,
OM,2021-11-30,
OM,2021-12-31,
OM,2022-01-31,
OM,2022-02-28,
OM,2022-03-31,
OM,2022-04-30,
OM,2022-05-31,
OM,2022-06-30,
OM,2022-07-31,
OM,2022-08-31,
OM,2022-09-30,
OM,2022-10-31,
OM,2022-11-30,
OM,2022-12-31,
OM,2023-01-31,
OM,2023-02-28,
OM,2023-03-31,
OM,2023-04-30,
OM,2023-05-31,
OM,2023-06-30,
OM,2023-07-31,
OM,2023-08-31,
OM,2023-09-30,
OM,2023-10-31,
OM,2023-11-30,
OM,2023-12-31,
OM,2024-01-31,
OM,2024-02-29,
OM,2024-03-31,
OM,2024-04-30,
OM,2024-05-31,
OM,2024-06-30,
OM,2024-07-31,
OM,2024-08-31,
OM,2024-09-30,
OM,2024-10-31,
OM,2024-11-30,
OM,2024-12-31,
OM,2025-01-31,
OM,2025-02-28,
OM,2025-03-31,
PA,2002-01-31,0.0
PA,2002-02-28,0.0
PA,2002-03-31,0.0
PA,2002-04-30,0.0
PA,2002-05-31,0.0
PA,2002-06-30,0.0
PA,2002-07-31,0.0
PA,2002-08-31,0.0
PA,2002-09-30,0.0
PA,2002-10-31,0.0
PA,2002-11-30,0.0
PA,2002-12-31,0.0
PA,2003-01-31,0.0
PA,2003-02-28,0.0
PA,2003-03-31,0.0
PA,2003-04-30,0.0
PA,2003-05-31,0.0
PA,2003-06-30,0.0
PA,2003-07-31,0.0
PA,2003-08-31,0.0
PA,2003-09-30,0.0
PA,2003-10-31,0.0
PA,2003-11-30,0.0
PA,2003-12-31,0.0
PA,2004-01-31,0.0
PA,2004-02-29,0.0
PA,2004-03-31,0.0
PA,2004-04-30,0.0
PA,2004-05-31,0.0
PA,2004-06-30,0.0
PA,2004-07-31,0.0
PA,2004-08-31,0.0
PA,2004-09-30,0.0
PA,2004-10-31,0.0
PA,2004-11-30,0.0
PA,2004-12-31,0.0
PA,2005-01-31,2393.0
PA,2005-02-28,2476.0
PA,2005-03-31,3082.0
PA,2005-04-30,3610.0
PA,2005-05-31,2695.0
PA,2005-06-30,1957.0
PA,2005-07-31,0.0
PA,2005-08-31,2110.0
PA,2005-09-30,2517.0
PA,2005-10-31,4174.0
PA,2005-11-30,3786.0
PA,2005-12-31,2373.0
PA,2006-01-31,0.0
PA,2006-02-28,0.0
PA,2006-03-31,0.0
PA,2006-04-30,0.0
PA,2006-05-31,0.0
PA,2006-06-30,0.0
PA,2006-07-31,0.0
PA,2006-08-31,0.0
PA,2006-09-30,0.0
PA,2006-10-31,0.0
PA,2006-11-30,0.0
PA,2006-12-31,0.0
PA,2007-01-31,3805.0
PA,2007-02-28,2751.0
PA,2007-03-31,0.0
PA,2007-04-30,7078.0
PA,2007-05-31,2365.0
PA,2007-06-30,4734.0
PA,2007-07-31,4813.0
PA,2007-08-31,2688.0
PA,2007-09-30,3365.0
PA,2007-10-31,4304.0
PA,2007-11-30,2687.0
PA,2007-12-31,2068.0
PA,2008-01-31,0.0
PA,2008-02-29,0.0
PA,2008-03-31,0.0
PA,2008-04-30,0.0
PA,2008-05-31,0.0
PA,2008-06-30,0.0
PA,2008-07-31,0.0
PA,2008-08-31,0.0
PA,2008-09-30,0.0
PA,2008-10-31,0.0
PA,2008-11-30,0.0
PA,2008-12-31,0.0
PA,2009-01-31,0.0
PA,2009-02-28,0.0
PA,2009-03-31,0.0
PA,2009-04-30,0.0
PA,2009-05-31,0.0
PA,2009-06-30,0.0
PA,2009-07-31,0.0
PA,2009-08-31,0.0
PA,2009-09-30,0.0
PA,2009-10-31,0.0
PA,2009-11-30,0.0
PA,2009-12-31,0.0
PA,2010-01-31,0.0
PA,2010-02-28,0.0
PA,2010-03-31,0.0
PA,2010-04-30,0.0
PA,2010-05-31,0.0
PA,2010-06-30,0.0
PA,2010-07-31,0.0
PA,2010-08-31,0.0
PA,2010-09-30,0.0
PA,2010-10-31,0.0
PA,2010-11-30,0.0
PA,2010-12-31,0.0
PA,2011-01-31,0.0
PA,2011-02-28,0.0
PA,2011-03-31,0.0
PA,2011-04-30,0.0
PA,2011-05-31,0.0
PA,2011-06-30,0.0
PA,2011-07-31,0.0
PA,2011-08-31,0.0
PA,2011-09-30,0.0
PA,2011-10-31,0.0
PA,2011-11-30,0.0
PA,2011-12-31,0.0
PA,2012-01-31,0.0
PA,2012-02-29,0.0
PA,2012-03-31,0.0
PA,2012-04-30,0.0
PA,2012-05-31,0.0
PA,2012-06-30,0.0
PA,2012-07-31,0.0
PA,2012-08-31,0.0
PA,2012-09-30,0.0
PA,2012-10-31,0.0
PA,2012-11-30,0.0
PA,2012-12-31,0.0
PA,2013-01-31,0.0
PA,2013-02-28,0.0
PA,2013-03-31,0.0
PA,2013-04-30,0.0
PA,2013-05-31,0.0
PA,2013-06-30,0.0
PA,2013-07-31,0.0
PA,2013-08-31,0.0
PA,2013-09-30,0.0
PA,2013-10-31,0.0
PA,2013-11-30,0.0
PA,2013-12-31,0.0
PA,2014-01-31,0.0
PA,2014-02-28,0.0
PA,2014-03-31,0.0
PA,2014-04-30,0.0
PA,2014-05-31,0.0
PA,2014-06-30,0.0
PA,2014-07-31,0.0
PA,2014-08-31,0.0
PA,2014-09-30,0.0
PA,2014-10-31,0.0
PA,2014-11-30,0.0
PA,2014-12-31,0.0
PA,2015-01-31,0.0
PA,2015-02-28,0.0
PA,2015-03-31,0.0
PA,2015-04-30,0.0
PA,2015-05-31,0.0
PA,2015-06-30,0.0
PA,2015-07-31,0.0
PA,2015-08-31,0.0
PA,2015-09-30,0.0
PA,2015-10-31,0.0
PA,2015-11-30,0.0
PA,2015-12-31,0.0
PA,2016-01-31,0.0
PA,2016-02-29,0.0
PA,2016-03-31,0.0
PA,2016-04-30,0.0
PA,2016-05-31,0.0
PA,2016-06-30,0.0
PA,2016-07-31,0.0
PA,2016-08-31,
PA,2016-09-30,
PA,2016-10-31,
PA,2016-11-30,
PA,2016-12-31,
PA,2017-01-31,
PA,2017-02-28,
PA,2017-03-31,
PA,2017-04-30,
PA,2017-05-31,
PA,2017-06-30,
PA,2017-07-31,
PA,2017-08-31,
PA,2017-09-30,
PA,2017-10-31,
PA,2017-11-30,
PA,2017-12-31,
PA,2018-01-31,
PA,2018-02-28,
PA,2018-03-31,
PA,2018-04-30,
PA,2018-05-31,
PA,2018-06-30,
PA,2018-07-31,
PA,2018-08-31,
PA,2018-09-30,
PA,2018-10-31,
PA,2018-11-30,
PA,2018-12-31,
PA,2019-01-31,
PA,2019-02-28,
PA,2019-03-31,
PA,2019-04-30,
PA,2019-05-31,
PA,2019-06-30,
PA,2019-07-31,
PA,2019-08-31,
PA,2019-09-30,
PA,2019-10-31,
PA,2019-11-30,
PA,2019-12-31,
PA,2020-01-31,
PA,2020-02-29,
PA,2020-03-31,
PA,2020-04-30,
PA,2020-05-31,163.0
PA,2020-06-30,
PA,2020-07-31,
PA,2020-08-31,
PA,2020-09-30,
PA,2020-10-31,
PA,2020-11-30,
PA,2020-12-31,
PA,2021-01-31,
PA,2021-02-28,
PA,2021-03-31,
PA,2021-04-30,
PA,2021-05-31,
PA,2021-06-30,
PA,2021-07-31,
PA,2021-08-31,
PA,2021-09-30,
PA,2021-10-31,
PA,2021-11-30,
PA,2021-12-31,
PA,2022-01-31,
PA,2022-02-28,
PA,2022-03-31,
PA,2022-04-30,
PA,2022-05-31,
PA,2022-06-30,
PA,2022-07-31,
PA,2022-08-31,
PA,2022-09-30,
PA,2022-10-31,
PA,2022-11-30,
PA,2022-12-31,
PA,2023-01-31,
PA,2023-02-28,
PA,2023-03-31,
PA,2023-04-30,
PA,2023-05-31,
PA,2023-06-30,
PA,2023-07-31,
PA,2023-08-31,
PA,2023-09-30,
PA,2023-10-31,
PA,2023-11-30,
PA,2023-12-31,
PA,2024-01-31,
PA,2024-02-29,
PA,2024-03-31,
PA,2024-04-30,
PA,2024-05-31,
PA,2024-06-30,
PA,2024-07-31,
PA,2024-08-31,
PA,2024-09-30,
PA,2024-10-31,
PA,2024-11-30,
PA,2024-12-31,
PA,2025-01-31,
PE,2002-01-31,2430.0
PE,2002-02-28,2054.0
PE,2002-03-31,2256.0
PE,2002-04-30,2474.0
PE,2002-05-31,1714.0
PE,2002-06-30,2053.0
PE,2002-07-31,1987.0
PE,2002-08-31,2019.0
PE,2002-09-30,2897.0
PE,2002-10-31,2069.0
PE,2002-11-30,2360.0
PE,2002-12-31,1726.0
PE,2003-01-31,1484.0
PE,2003-02-28,1342.0
PE,2003-03-31,1863.0
PE,2003-04-30,2574.0
PE,2003-05-31,1921.0
PE,2003-06-30,1952.0
PE,2003-07-31,2949.0
PE,2003-08-31,1678.0
PE,2003-09-30,2136.0
PE,2003-10-31,1662.0
PE,2003-11-30,2297.0
PE,2003-12-31,1556.0
PE,2004-01-31,2019.0
PE,2004-02-29,2368.0
PE,2004-03-31,1902.0
PE,2004-04-30,2076.0
PE,2004-05-31,1179.0
PE,2004-06-30,2072.0
PE,2004-07-31,1644.0
PE,2004-08-31,1982.0
PE,2004-09-30,2192.0
PE,2004-10-31,2167.0
PE,2004-11-30,1783.0
PE,2004-12-31,2156.0
PE,2005-01-31,2339.0
PE,2005-02-28,2583.0
PE,2005-03-31,2849.0
PE,2005-04-30,2139.0
PE,2005-05-31,2332.0
PE,2005-06-30,2929.0
PE,2005-07-31,2767.0
PE,2005-08-31,2229.0
PE,2005-09-30,2453.0
PE,2005-10-31,2023.0
PE,2005-11-30,2154.0
PE,2005-12-31,1505.0
PE,2006-01-31,1902.0
PE,2006-02-28,2530.0
PE,2006-03-31,2692.0
PE,2006-04-30,2517.0
PE,2006-05-31,2000.0
PE,2006-06-30,2173.0
PE,2006-07-31,2524.0
PE,2006-08-31,2425.0
PE,2006-09-30,2370.0
PE,2006-10-31,2278.0
PE,2006-11-30,2005.0
PE,2006-12-31,1596.0
PE,2007-01-31,2829.0
PE,2007-02-28,3105.0
PE,2007-03-31,2983.0
PE,2007-04-30,3129.0
PE,2007-05-31,2024.0
PE,2007-06-30,2462.0
PE,2007-07-31,2361.0
PE,2007-08-31,2728.0
PE,2007-09-30,2847.0
PE,2007-10-31,2295.0
PE,2007-11-30,2302.0
PE,2007-12-31,1931.0
PE,2008-01-31,2714.0
PE,2008-02-29,2174.0
PE,2008-03-31,2688.0
PE,2008-04-30,2176.0
PE,2008-05-31,2438.0
PE,2008-06-30,2340.0
PE,2008-07-31,2287.0
PE,2008-08-31,1232.0
PE,2008-09-30,1656.0
PE,2008-10-31,2514.0
PE,2008-11-30,2190.0
PE,2008-12-31,1521.0
PE,2009-01-31,1581.0
PE,2009-02-28,2074.0
PE,2009-03-31,2256.0
PE,2009-04-30,2826.0
PE,2009-05-31,1452.0
PE,2009-06-30,2752.0
PE,2009-07-31,1933.0
PE,2009-08-31,1392.0
PE,2009-09-30,1913.0
PE,2009-10-31,2565.0
PE,2009-11-30,2258.0
PE,2009-12-31,2025.0
PE,2010-01-31,2730.0
PE,2010-02-28,2326.0
PE,2010-03-31,2312.0
PE,2010-04-30,2373.0
PE,2010-05-31,2347.0
PE,2010-06-30,1407.0
PE,2010-07-31,2340.0
PE,2010-08-31,1795.0
PE,2010-09-30,2372.0
PE,2010-10-31,2707.0
PE,2010-11-30,2765.0
PE,2010-12-31,2109.0
PE,2011-01-31,3048.0
PE,2011-02-28,2782.0
PE,2011-03-31,1488.0
PE,2011-04-30,2263.0
PE,2011-05-31,2180.0
PE,2011-06-30,2063.0
PE,2011-07-31,1982.0
PE,2011-08-31,2648.0
PE,2011-09-30,1896.0
PE,2011-10-31,1935.0
PE,2011-11-30,2272.0
PE,2011-12-31,2504.0
PE,2012-01-31,3075.0
PE,2012-02-29,2663.0
PE,2012-03-31,2495.0
PE,2012-04-30,2391.0
PE,2012-05-31,2315.0
PE,2012-06-30,2141.0
PE,2012-07-31,2036.0
PE,2012-08-31,1473.0
PE,2012-09-30,2244.0
PE,2012-10-31,2158.0
PE,2012-11-30,2713.0
PE,2012-12-31,1774.0
PE,2013-01-31,2361.0
PE,2013-02-28,2036.0
PE,2013-03-31,2281.0
PE,2013-04-30,2060.0
PE,2013-05-31,2120.0
PE,2013-06-30,1710.0
PE,2013-07-31,1325.0
PE,2013-08-31,2456.0
PE,2013-09-30,1922.0
PE,2013-10-31,2259.0
PE,2013-11-30,1920.0
PE,2013-12-31,2258.0
PE,2014-01-31,2346.0
PE,2014-02-28,1276.0
PE,2014-03-31,2157.0
PE,2014-04-30,2553.0
PE,2014-05-31,2248.0
PE,2014-06-30,1965.0
PE,2014-07-31,1741.0
PE,2014-08-31,2028.0
PE,2014-09-30,1455.0
PE,2014-10-31,2032.0
PE,2014-11-30,2123.0
PE,2014-12-31,2472.0
PE,2015-01-31,2891.0
PE,2015-02-28,2229.0
PE,2015-03-31,2795.0
PE,2015-04-30,2534.0
PE,2015-05-31,2468.0
PE,2015-06-30,3056.0
PE,2015-07-31,1617.0
PE,2015-08-31,2738.0
PE,2015-09-30,2409.0
PE,2015-10-31,2744.0
PE,2015-11-30,2523.0
PE,2015-12-31,1933.0
PE,2016-01-31,2690.0
PE,2016-02-29,2842.0
PE,2016-03-31,1945.0
PE,2016-04-30,2091.0
PE,2016-05-31,1986.0
PE,2016-06-30,1863.0
PE,2016-07-31,1250.0
PE,2016-08-31,2104.0
PE,2016-09-30,1955.0
PE,2016-10-31,2326.0
PE,2016-11-30,1760.0
PE,2016-12-31,1716.0
PE,2017-01-31,2278.0
PE,2017-02-28,1802.0
PE,2017-03-31,1762.0
PE,2017-04-30,2556.0
PE,2017-05-31,1844.0
PE,2017-06-30,1433.0
PE,2017-07-31,1501.0
PE,2017-08-31,1956.0
PE,2017-09-30,1903.0
PE,2017-10-31,1667.0
PE,2017-11-30,1273.0
PE,2017-12-31,2202.0
PE,2018-01-31,2321.0
PE,2018-02-28,1719.0
PE,2018-03-31,1740.0
PE,2018-04-30,1495.0
PE,2018-05-31,1555.0
PE,2018-06-30,1675.0
PE,2018-07-31,1396.0
PE,2018-08-31,1633.0
PE,2018-09-30,1935.0
PE,2018-10-31,1545.0
PE,2018-11-30,1445.0
PE,2018-12-31,1523.0
PE,2019-01-31,1829.0
PE,2019-02-28,2114.0
PE,2019-03-31,2050.0
PE,2019-04-30,1663.0
PE,2019-05-31,1617.0
PE,2019-06-30,1660.0
PE,2019-07-31,1048.0
PE,2019-08-31,2065.0
PE,2019-09-30,1697.0
PE,2019-10-31,2182.0
PE,2019-11-30,1505.0
PE,2019-12-31,1215.0
PE,2020-01-31,1936.0
PE,2020-02-29,2108.0
PE,2020-03-31,2842.0
PE,2020-04-30,3219.0
PE,2020-05-31,3366.0
PE,2020-06-30,3509.0
PE,2020-07-31,2496.0
PE,2020-08-31,1888.0
PE,2020-09-30,2435.0
PE,2020-10-31,2104.0
PE,2020-11-30,2332.0
PE,2020-12-31,2522.0
PE,2021-01-31,2833.0
PE,2021-02-28,2416.0
PE,2021-03-31,1693.0
PE,2021-04-30,2460.0
PE,2021-05-31,2605.0
PE,2021-06-30,2125.0
PE,2021-07-31,2616.0
PE,2021-08-31,1874.0
PE,2021-09-30,3291.0
PE,2021-10-31,2719.0
PE,2021-11-30,3041.0
PE,2021-12-31,2873.0
PE,2022-01-31,1652.0
PE,2022-02-28,1880.0
PE,2022-03-31,1981.0
PE,2022-04-30,2126.0
PE,2022-05-31,2546.0
PE,2022-06-30,2546.0
PE,2022-07-31,2264.0
PE,2022-08-31,2647.0
PE,2022-09-30,2394.0
PE,2022-10-31,2590.0
PE,2022-11-30,1617.0
PE,2022-12-31,2514.0
PE,2023-01-31,3532.0
PE,2023-02-28,2853.0
PE,2023-03-31,2635.0
PE,2023-04-30,2411.0
PE,2023-05-31,2320.0
PE,2023-06-30,2181.0
PE,2023-07-31,2996.0
PE,2023-08-31,2548.0
PE,2023-09-30,2372.0
PE,2023-10-31,2489.0
PE,2023-11-30,2705.0
PE,2023-12-31,2417.0
PE,2024-01-31,2585.0
PE,2024-02-29,2085.0
PE,2024-03-31,3198.0
PE,2024-04-30,2222.0
PE,2024-05-31,2491.0
PE,2024-06-30,3098.0
PE,2024-07-31,3067.0
PE,2024-08-31,
PE,2024-09-30,
PE,2024-10-31,
PE,2024-11-30,
PE,2024-12-31,
PE,2025-01-31,
PE,2025-02-28,
PE,2025-03-31,
PG,2002-01-31,
PG,2002-02-28,
PG,2002-03-31,
PG,2002-04-30,
PG,2002-05-31,
PG,2002-06-30,
PG,2002-07-31,
PG,2002-08-31,
PG,2002-09-30,
PG,2002-10-31,
PG,2002-11-30,
PG,2002-12-31,
PG,2003-01-31,
PG,2003-02-28,
PG,2003-03-31,
PG,2003-04-30,
PG,2003-05-31,
PG,2003-06-30,
PG,2003-07-31,
PG,2003-08-31,
PG,2003-09-30,
PG,2003-10-31,
PG,2003-11-30,
PG,2003-12-31,
PG,2004-01-31,
PG,2004-02-29,
PG,2004-03-31,
PG,2004-04-30,
PG,2004-05-31,
PG,2004-06-30,
PG,2004-07-31,
PG,2004-08-31,
PG,2004-09-30,
PG,2004-10-31,
PG,2004-11-30,
PG,2004-12-31,
PG,2005-01-31,
PG,2005-02-28,
PG,2005-03-31,
PG,2005-04-30,
PG,2005-05-31,
PG,2005-06-30,
PG,2005-07-31,
PG,2005-08-31,
PG,2005-09-30,
PG,2005-10-31,
PG,2005-11-30,
PG,2005-12-31,
PG,2006-01-31,
PG,2006-02-28,
PG,2006-03-31,
PG,2006-04-30,
PG,2006-05-31,
PG,2006-06-30,
PG,2006-07-31,
PG,2006-08-31,
PG,2006-09-30,
PG,2006-10-31,
PG,2006-11-30,
PG,2006-12-31,
PG,2007-01-31,207.0
PG,2007-02-28,542.0
PG,2007-03-31,616.0
PG,2007-04-30,145.0
PG,2007-05-31,277.0
PG,2007-06-30,276.0
PG,2007-07-31,267.0
PG,2007-08-31,224.0
PG,2007-09-30,626.0
PG,2007-10-31,672.0
PG,2007-11-30,180.0
PG,2007-12-31,37.0
PG,2008-01-31,205.0
PG,2008-02-29,51.0
PG,2008-03-31,188.0
PG,2008-04-30,297.0
PG,2008-05-31,299.0
PG,2008-06-30,47.0
PG,2008-07-31,94.0
PG,2008-08-31,127.0
PG,2008-09-30,709.0
PG,2008-10-31,615.0
PG,2008-11-30,500.0
PG,2008-12-31,547.0
PG,2009-01-31,131.0
PG,2009-02-28,757.0
PG,2009-03-31,177.0
PG,2009-04-30,603.0
PG,2009-05-31,112.0
PG,2009-06-30,631.0
PG,2009-07-31,97.0
PG,2009-08-31,155.0
PG,2009-09-30,254.0
PG,2009-10-31,201.0
PG,2009-11-30,440.0
PG,2009-12-31,57.0
PG,2010-01-31,63.0
PG,2010-02-28,342.0
PG,2010-03-31,182.0
PG,2010-04-30,201.0
PG,2010-05-31,106.0
PG,2010-06-30,46.0
PG,2010-07-31,71.0
PG,2010-08-31,481.0
PG,2010-09-30,339.0
PG,2010-10-31,353.0
PG,2010-11-30,139.0
PG,2010-12-31,250.0
PG,2011-01-31,477.0
PG,2011-02-28,474.0
PG,2011-03-31,413.0
PG,2011-04-30,526.0
PG,2011-05-31,0.0
PG,2011-06-30,479.0
PG,2011-07-31,299.0
PG,2011-08-31,287.0
PG,2011-09-30,192.0
PG,2011-10-31,251.0
PG,2011-11-30,425.0
PG,2011-12-31,348.0
PG,2012-01-31,322.0
PG,2012-02-29,158.0
PG,2012-03-31,337.0
PG,2012-04-30,679.0
PG,2012-05-31,691.0
PG,2012-06-30,651.0
PG,2012-07-31,481.0
PG,2012-08-31,697.0
PG,2012-09-30,476.0
PG,2012-10-31,250.0
PG,2012-11-30,81.0
PG,2012-12-31,658.0
PG,2013-01-31,413.0
PG,2013-02-28,325.0
PG,2013-03-31,568.0
PG,2013-04-30,561.0
PG,2013-05-31,527.0
PG,2013-06-30,335.0
PG,2013-07-31,368.0
PG,2013-08-31,472.0
PG,2013-09-30,295.0
PG,2013-10-31,669.0
PG,2013-11-30,543.0
PG,2013-12-31,214.0
PG,2014-01-31,493.0
PG,2014-02-28,388.0
PG,2014-03-31,545.0
PG,2014-04-30,506.0
PG,2014-05-31,395.0
PG,2014-06-30,208.0
PG,2014-07-31,79.0
PG,2014-08-31,579.0
PG,2014-09-30,288.0
PG,2014-10-31,688.0
PG,2014-11-30,171.0
PG,2014-12-31,712.0
PG,2015-01-31,494.0
PG,2015-02-28,295.0
PG,2015-03-31,600.0
PG,2015-04-30,675.0
PG,2015-05-31,628.0
PG,2015-06-30,632.0
PG,2015-07-31,626.0
PG,2015-08-31,628.0
PG,2015-09-30,628.0
PG,2015-10-31,371.0
PG,2015-11-30,985.0
PG,2015-12-31,750.0
PG,2016-01-31,849.0
PG,2016-02-29,308.0
PG,2016-03-31,309.0
PG,2016-04-30,569.0
PG,2016-05-31,608.0
PG,2016-06-30,843.0
PG,2016-07-31,612.0
PG,2016-08-31,618.0
PG,2016-09-30,1057.0
PG,2016-10-31,723.0
PG,2016-11-30,963.0
PG,2016-12-31,517.0
PG,2017-01-31,1076.0
PG,2017-02-28,749.0
PG,2017-03-31,504.0
PG,2017-04-30,26.0
PG,2017-05-31,694.0
PG,2017-06-30,1095.0
PG,2017-07-31,797.0
PG,2017-08-31,630.0
PG,2017-09-30,948.0
PG,2017-10-31,1043.0
PG,2017-11-30,741.0
PG,2017-12-31,496.0
PG,2018-01-31,877.0
PG,2018-02-28,328.0
PG,2018-03-31,232.0
PG,2018-04-30,579.0
PG,2018-05-31,174.0
PG,2018-06-30,559.0
PG,2018-07-31,289.0
PG,2018-08-31,688.0
PG,2018-09-30,935.0
PG,2018-10-31,1044.0
PG,2018-11-30,537.0
PG,2018-12-31,856.0
PG,2019-01-31,877.0
PG,2019-02-28,675.0
PG,2019-03-31,429.0
PG,2019-04-30,759.0
PG,2019-05-31,470.0
PG,2019-06-30,895.0
PG,2019-07-31,608.0
PG,2019-08-31,974.0
PG,2019-09-30,271.0
PG,2019-10-31,137.0
PG,2019-11-30,500.0
PG,2019-12-31,867.0
PG,2020-01-31,98.0
PG,2020-02-29,712.0
PG,2020-03-31,1018.0
PG,2020-04-30,
PG,2020-05-31,1076.0
PG,2020-06-30,786.0
PG,2020-07-31,428.0
PG,2020-08-31,697.0
PG,2020-09-30,
PG,2020-10-31,1029.0
PG,2020-11-30,704.0
PG,2020-12-31,444.0
PG,2021-01-31,236.0
PG,2021-02-28,509.0
PG,2021-03-31,743.0
PG,2021-04-30,553.0
PG,2021-05-31,721.0
PG,2021-06-30,108.0
PG,2021-07-31,469.0
PG,2021-08-31,
PG,2021-09-30,
PG,2021-10-31,
PG,2021-11-30,
PG,2021-12-31,
PG,2022-01-31,106.0
PG,2022-02-28,944.0
PG,2022-03-31,591.0
PG,2022-04-30,440.0
PG,2022-05-31,866.0
PG,2022-06-30,223.0
PG,2022-07-31,49.0
PG,2022-08-31,46.0
PG,2022-09-30,48.0
PG,2022-10-31,784.0
PG,2022-11-30,26.0
PG,2022-12-31,6.0
PG,2023-01-31,7.0
PG,2023-02-28,7.0
PG,2023-03-31,877.0
PG,2023-04-30,369.0
PG,2023-05-31,64.0
PG,2023-06-30,270.0
PG,2023-07-31,55.0
PG,2023-08-31,53.0
PG,2023-09-30,52.0
PG,2023-10-31,605.0
PG,2023-11-30,20.0
PG,2023-12-31,25.0
PG,2024-01-31,38.0
PG,2024-02-29,39.0
PG,2024-03-31,40.0
PG,2024-04-30,40.0
PG,2024-05-31,40.0
PG,2024-06-30,40.0
PG,2024-07-31,39.0
PG,2024-08-31,39.0
PG,2024-09-30,44.0
PG,2024-10-31,43.0
PG,2024-11-30,43.0
PG,2024-12-31,43.0
PG,2025-01-31,42.0
PG,2025-02-28,43.0
PG,2025-03-31,41.0
PH,2002-01-31,11160.0
PH,2002-02-28,8664.0
PH,2002-03-31,10181.0
PH,2002-04-30,9351.0
PH,2002-05-31,10615.0
PH,2002-06-30,11356.0
PH,2002-07-31,11886.0
PH,2002-08-31,10610.0
PH,2002-09-30,10914.0
PH,2002-10-31,10997.0
PH,2002-11-30,10669.0
PH,2002-12-31,9672.0
PH,2003-01-31,11556.0
PH,2003-02-28,10911.0
PH,2003-03-31,12247.0
PH,2003-04-30,11950.0
PH,2003-05-31,10257.0
PH,2003-06-30,9137.0
PH,2003-07-31,11572.0
PH,2003-08-31,11031.0
PH,2003-09-30,10145.0
PH,2003-10-31,8344.0
PH,2003-11-30,9070.0
PH,2003-12-31,7929.0
PH,2004-01-31,6664.0
PH,2004-02-29,7218.0
PH,2004-03-31,9676.0
PH,2004-04-30,8569.0
PH,2004-05-31,8087.0
PH,2004-06-30,6924.0
PH,2004-07-31,7015.0
PH,2004-08-31,9291.0
PH,2004-09-30,9239.0
PH,2004-10-31,6889.0
PH,2004-11-30,8698.0
PH,2004-12-31,7677.0
PH,2005-01-31,9582.0
PH,2005-02-28,9479.0
PH,2005-03-31,8501.0
PH,2005-04-30,7468.0
PH,2005-05-31,6891.0
PH,2005-06-30,8467.0
PH,2005-07-31,7696.0
PH,2005-08-31,7039.0
PH,2005-09-30,5890.0
PH,2005-10-31,9331.0
PH,2005-11-30,9583.0
PH,2005-12-31,6430.0
PH,2006-01-31,7576.0
PH,2006-02-28,7967.0
PH,2006-03-31,6429.0
PH,2006-04-30,6581.0
PH,2006-05-31,8026.0
PH,2006-06-30,8086.0
PH,2006-07-31,6144.0
PH,2006-08-31,5898.0
PH,2006-09-30,8062.0
PH,2006-10-31,10418.0
PH,2006-11-30,8342.0
PH,2006-12-31,7032.0
PH,2007-01-31,5614.0
PH,2007-02-28,7151.0
PH,2007-03-31,9329.0
PH,2007-04-30,7270.0
PH,2007-05-31,8855.0
PH,2007-06-30,8984.0
PH,2007-07-31,8121.0
PH,2007-08-31,6879.0
PH,2007-09-30,6638.0
PH,2007-10-31,7223.0
PH,2007-11-30,7658.0
PH,2007-12-31,4691.0
PH,2008-01-31,3076.0
PH,2008-02-29,3610.0
PH,2008-03-31,3538.0
PH,2008-04-30,4623.0
PH,2008-05-31,1966.0
PH,2008-06-30,2043.0
PH,2008-07-31,2482.0
PH,2008-08-31,3758.0
PH,2008-09-30,3787.0
PH,2008-10-31,1966.0
PH,2008-11-30,3370.0
PH,2008-12-31,6717.0
PH,2009-01-31,6505.0
PH,2009-02-28,4573.0
PH,2009-03-31,5100.0
PH,2009-04-30,4570.0
PH,2009-05-31,2196.0
PH,2009-06-30,4970.0
PH,2009-07-31,3874.0
PH,2009-08-31,3442.0
PH,2009-09-30,4455.0
PH,2009-10-31,3916.0
PH,2009-11-30,4318.0
PH,2009-12-31,2708.0
PH,2010-01-31,2142.0
PH,2010-02-28,2737.0
PH,2010-03-31,3536.0
PH,2010-04-30,4002.0
PH,2010-05-31,4839.0
PH,2010-06-30,6338.0
PH,2010-07-31,3738.0
PH,2010-08-31,2962.0
PH,2010-09-30,2898.0
PH,2010-10-31,4924.0
PH,2010-11-30,3132.0
PH,2010-12-31,4213.0
PH,2011-01-31,3434.0
PH,2011-02-28,3904.0
PH,2011-03-31,5791.0
PH,2011-04-30,4508.0
PH,2011-05-31,2346.0
PH,2011-06-30,3499.0
PH,2011-07-31,3639.0
PH,2011-08-31,2997.0
PH,2011-09-30,2765.0
PH,2011-10-31,2968.0
PH,2011-11-30,2664.0
PH,2011-12-31,2829.0
PH,2012-01-31,7177.0
PH,2012-02-29,2133.0
PH,2012-03-31,3833.0
PH,2012-04-30,2590.0
PH,2012-05-31,4541.0
PH,2012-06-30,3498.0
PH,2012-07-31,3616.0
PH,2012-08-31,3616.0
PH,2012-09-30,2869.0
PH,2012-10-31,3130.0
PH,2012-11-30,5088.0
PH,2012-12-31,2267.0
PH,2013-01-31,1956.0
PH,2013-02-28,2751.0
PH,2013-03-31,2354.0
PH,2013-04-30,3948.0
PH,2013-05-31,3720.0
PH,2013-06-30,3855.0
PH,2013-07-31,2515.0
PH,2013-08-31,3386.0
PH,2013-09-30,3913.0
PH,2013-10-31,3063.0
PH,2013-11-30,3672.0
PH,2013-12-31,3032.0
PH,2014-01-31,4039.0
PH,2014-02-28,2525.0
PH,2014-03-31,3732.0
PH,2014-04-30,2726.0
PH,2014-05-31,4457.0
PH,2014-06-30,4082.0
PH,2014-07-31,3863.0
PH,2014-08-31,3457.0
PH,2014-09-30,4887.0
PH,2014-10-31,5085.0
PH,2014-11-30,4811.0
PH,2014-12-31,4457.0
PH,2015-01-31,4984.0
PH,2015-02-28,5518.0
PH,2015-03-31,2329.0
PH,2015-04-30,2542.0
PH,2015-05-31,4793.0
PH,2015-06-30,4462.0
PH,2015-07-31,4627.0
PH,2015-08-31,4916.0
PH,2015-09-30,4852.0
PH,2015-10-31,4897.0
PH,2015-11-30,3929.0
PH,2015-12-31,4604.0
PH,2016-01-31,5271.0
PH,2016-02-29,5590.0
PH,2016-03-31,4584.0
PH,2016-04-30,5139.0
PH,2016-05-31,5575.0
PH,2016-06-30,4176.0
PH,2016-07-31,4809.0
PH,2016-08-31,8984.0
PH,2016-09-30,5227.0
PH,2016-10-31,4725.0
PH,2016-11-30,5884.0
PH,2016-12-31,5342.0
PH,2017-01-31,6697.0
PH,2017-02-28,4636.0
PH,2017-03-31,4576.0
PH,2017-04-30,6110.0
PH,2017-05-31,5467.0
PH,2017-06-30,6805.0
PH,2017-07-31,6354.0
PH,2017-08-31,4948.0
PH,2017-09-30,5844.0
PH,2017-10-31,3794.0
PH,2017-11-30,5355.0
PH,2017-12-31,5521.0
PH,2018-01-31,4593.0
PH,2018-02-28,4844.0
PH,2018-03-31,6056.0
PH,2018-04-30,4516.0
PH,2018-05-31,6664.0
PH,2018-06-30,6906.0
PH,2018-07-31,4868.0
PH,2018-08-31,5069.0
PH,2018-09-30,6052.0
PH,2018-10-31,5533.0
PH,2018-11-30,6116.0
PH,2018-12-31,6469.0
PH,2019-01-31,6306.0
PH,2019-02-28,5831.0
PH,2019-03-31,6069.0
PH,2019-04-30,5462.0
PH,2019-05-31,6563.0
PH,2019-06-30,6263.0
PH,2019-07-31,5485.0
PH,2019-08-31,2754.0
PH,2019-09-30,4275.0
PH,2019-10-31,5472.0
PH,2019-11-30,5479.0
PH,2019-12-31,7303.0
PH,2020-01-31,6073.0
PH,2020-02-29,5122.0
PH,2020-03-31,5596.0
PH,2020-04-30,4544.0
PH,2020-05-31,5465.0
PH,2020-06-30,6130.0
PH,2020-07-31,6408.0
PH,2020-08-31,4359.0
PH,2020-09-30,4872.0
PH,2020-10-31,4953.0
PH,2020-11-30,3194.0
PH,2020-12-31,2328.0
PH,2021-01-31,1461.0
PH,2021-02-28,644.0
PH,2021-03-31,616.0
PH,2021-04-30,625.0
PH,2021-05-31,1865.0
PH,2021-06-30,2271.0
PH,2021-07-31,2350.0
PH,2021-08-31,2438.0
PH,2021-09-30,1865.0
PH,2021-10-31,3102.0
PH,2021-11-30,1307.0
PH,2021-12-31,3464.0
PH,2022-01-31,1649.0
PH,2022-02-28,2070.0
PH,2022-03-31,1177.0
PH,2022-04-30,984.0
PH,2022-05-31,2250.0
PH,2022-06-30,2149.0
PH,2022-07-31,1760.0
PH,2022-08-31,2290.0
PH,2022-09-30,2966.0
PH,2022-10-31,2531.0
PH,2022-11-30,1900.0
PH,2022-12-31,1572.0
PH,2023-01-31,2018.0
PH,2023-02-28,2378.0
PH,2023-03-31,2202.0
PH,2023-04-30,1970.0
PH,2023-05-31,4017.0
PH,2023-06-30,2697.0
PH,2023-07-31,2278.0
PH,2023-08-31,4687.0
PH,2023-09-30,1897.0
PH,2023-10-31,
PH,2023-11-30,
PH,2023-12-31,
PH,2024-01-31,1406.0
PH,2024-02-29,2877.0
PH,2024-03-31,1517.0
PH,2024-04-30,
PH,2024-05-31,
PH,2024-06-30,
PH,2024-07-31,
PH,2024-08-31,
PH,2024-09-30,
PH,2024-10-31,
PH,2024-11-30,
PH,2024-12-31,
PH,2025-01-31,
PH,2025-02-28,
PH,2025-03-31,
PL,2002-01-31,12661.66
PL,2002-02-28,13332.33
PL,2002-03-31,13022.79
PL,2002-04-30,12005.73
PL,2002-05-31,12499.52
PL,2002-06-30,11460.35
PL,2002-07-31,11150.81
PL,2002-08-31,11239.25
PL,2002-09-30,11865.7
PL,2002-10-31,13391.29
PL,2002-11-30,14003.0
PL,2002-12-31,14378.87
PL,2003-01-31,14821.07
PL,2003-02-28,14342.02
PL,2003-03-31,14179.88
PL,2003-04-30,15034.8
PL,2003-05-31,14577.86
PL,2003-06-30,15049.54
PL,2003-07-31,15425.41
PL,2003-08-31,15948.68
PL,2003-09-30,15587.55
PL,2003-10-31,15425.41
PL,2003-11-30,15808.65
PL,2003-12-31,18262.86
PL,2004-01-31,18388.15
PL,2004-02-29,17916.47
PL,2004-03-31,18587.14
PL,2004-04-30,18307.08
PL,2004-05-31,17901.73
PL,2004-06-30,18638.73
PL,2004-07-31,19604.2
PL,2004-08-31,19788.45
PL,2004-09-30,19869.52
PL,2004-10-31,19486.28
PL,2004-11-30,19213.59
PL,2004-12-31,18992.49
PL,2005-01-31,20142.21
PL,2005-02-28,20252.76
PL,2005-03-31,21004.5
PL,2005-04-30,22419.54
PL,2005-05-31,22566.94
PL,2005-06-30,21969.97
PL,2005-07-31,21888.9
PL,2005-08-31,21387.74
PL,2005-09-30,21571.99
PL,2005-10-31,21807.83
PL,2005-11-30,21645.69
PL,2005-12-31,21933.12
PL,2006-01-31,21520.4
PL,2006-02-28,22891.22
PL,2006-03-31,21196.12
PL,2006-04-30,19950.59
PL,2006-05-31,19744.23
PL,2006-06-30,20355.94
PL,2006-07-31,21122.42
PL,2006-08-31,20142.21
PL,2006-09-30,22507.98
PL,2006-10-31,21992.08
PL,2006-11-30,22021.56
PL,2006-12-31,22883.85
PL,2007-01-31,23436.6
PL,2007-02-28,22559.57
PL,2007-03-31,24365.22
PL,2007-04-30,25323.32
PL,2007-05-31,24755.83
PL,2007-06-30,28507.16
PL,2007-07-31,28647.19
PL,2007-08-31,27924.93
PL,2007-09-30,28691.41
PL,2007-10-31,31639.41
PL,2007-11-30,32767.02
PL,2007-12-31,33732.49
PL,2008-01-31,33349.25
PL,2008-02-29,32877.57
PL,2008-03-31,35353.89
PL,2008-04-30,35265.45
PL,2008-05-31,33960.96
PL,2008-06-30,33209.22
PL,2008-07-31,34115.73
PL,2008-08-31,35663.43
PL,2008-09-30,34476.86
PL,2008-10-31,33504.02
PL,2008-11-30,33680.9
PL,2008-12-31,34440.01
PL,2009-01-31,34019.92
PL,2009-02-28,33518.76
PL,2009-03-31,34211.54
PL,2009-04-30,34447.38
PL,2009-05-31,34498.97
PL,2009-06-30,37476.45
PL,2009-07-31,37454.34
PL,2009-08-31,36901.59
PL,2009-09-30,38721.98
PL,2009-10-31,37284.83
PL,2009-11-30,38478.77
PL,2009-12-31,36422.54
PL,2010-01-31,37668.07
PL,2010-02-28,37579.63
PL,2010-03-31,36614.16
PL,2010-04-30,37196.39
PL,2010-05-31,35538.14
PL,2010-06-30,36945.81
PL,2010-07-31,37395.38
PL,2010-08-31,38604.06
PL,2010-09-30,38161.86
PL,2010-10-31,37645.96
PL,2010-11-30,38014.46
PL,2010-12-31,38788.31
PL,2011-01-31,37874.43
PL,2011-02-28,35773.98
PL,2011-03-31,36407.8
PL,2011-04-30,36695.23
PL,2011-05-31,36503.61
PL,2011-06-30,37653.33
PL,2011-07-31,36105.63
PL,2011-08-31,37247.98
PL,2011-09-30,39385.28
PL,2011-10-31,37166.91
PL,2011-11-30,36311.99
PL,2011-12-31,38353.48
PL,2012-01-31,38095.53
PL,2012-02-29,37984.98
PL,2012-03-31,39274.73
PL,2012-04-30,39606.38
PL,2012-05-31,37704.92
PL,2012-06-30,36835.26
PL,2012-07-31,38530.36
PL,2012-08-31,37889.17
PL,2012-09-30,37189.02
PL,2012-10-31,36791.04
PL,2012-11-30,38301.89
PL,2012-12-31,38567.21
PL,2013-01-31,38397.7
PL,2013-02-28,39112.59
PL,2013-03-31,37476.45
PL,2013-04-30,39739.04
PL,2013-05-31,39201.03
PL,2013-06-30,36901.59
PL,2013-07-31,36820.52
PL,2013-08-31,36149.85
PL,2013-09-30,38066.05
PL,2013-10-31,37306.94
PL,2013-11-30,33452.43
PL,2013-12-31,36378.32
PL,2014-01-31,35457.07
PL,2014-02-28,35987.71
PL,2014-03-31,35796.09
PL,2014-04-30,36090.89
PL,2014-05-31,35589.73
PL,2014-06-30,35464.44
PL,2014-07-31,35995.08
PL,2014-08-31,35258.08
PL,2014-09-30,36437.28
PL,2014-10-31,37225.87
PL,2014-11-30,34631.63
PL,2014-12-31,37203.76
PL,2015-01-31,35140.16
PL,2015-02-28,33732.49
PL,2015-03-31,37203.76
PL,2015-04-30,35376.0
PL,2015-05-31,36982.66
PL,2015-06-30,37675.44
PL,2015-07-31,37719.66
PL,2015-08-31,38419.81
PL,2015-09-30,39193.66
PL,2015-10-31,39908.55
PL,2015-11-30,40291.79
PL,2015-12-31,45001.22
PL,2016-01-31,44514.8
PL,2016-02-29,44057.86
PL,2016-03-31,42045.85
PL,2016-04-30,43062.91
PL,2016-05-31,42480.68
PL,2016-06-30,40881.39
PL,2016-07-31,42547.01
PL,2016-08-31,41441.51
PL,2016-09-30,43976.79
PL,2016-10-31,44676.94
PL,2016-11-30,42532.27
PL,2016-12-31,41854.23
PL,2017-01-31,42362.76
PL,2017-02-28,42886.03
PL,2017-03-31,42687.04
PL,2017-04-30,42185.88
PL,2017-05-31,42237.47
PL,2017-06-30,43556.7
PL,2017-07-31,41913.19
PL,2017-08-31,41485.73
PL,2017-09-30,41640.5
PL,2017-10-31,40299.16
PL,2017-11-30,41581.54
PL,2017-12-31,43910.46
PL,2018-01-31,43298.75
PL,2018-02-28,45413.94
PL,2018-03-31,46548.92
PL,2018-04-30,47226.96
PL,2018-05-31,46136.2
PL,2018-06-30,47624.94
PL,2018-07-31,46828.98
PL,2018-08-31,46143.57
PL,2018-09-30,46335.19
PL,2018-10-31,45487.64
PL,2018-11-30,47978.7
PL,2018-12-31,47993.44
PL,2019-01-31,45119.14
PL,2019-02-28,49106.31
PL,2019-03-31,47868.15
PL,2019-04-30,45959.32
PL,2019-05-31,44964.37
PL,2019-06-30,44566.39
PL,2019-07-31,47529.13
PL,2019-08-31,45546.6
PL,2019-09-30,47109.04
PL,2019-10-31,46688.95
PL,2019-11-30,47890.26
PL,2019-12-31,48553.56
PL,2020-01-31,49334.78
PL,2020-02-29,48487.23
PL,2020-03-31,48509.34
PL,2020-04-30,48723.07
PL,2020-05-31,46585.77
PL,2020-06-30,46924.79
PL,2020-07-31,49850.68
PL,2020-08-31,48391.42
PL,2020-09-30,47661.79
PL,2020-10-31,49791.72
PL,2020-11-30,46880.57
PL,2020-12-31,48826.25
PL,2021-01-31,48958.91
PL,2021-02-28,48428.27
PL,2021-03-31,49180.01
PL,2021-04-30,46954.27
PL,2021-05-31,46431.0
PL,2021-06-30,45590.82
PL,2021-07-31,48509.34
PL,2021-08-31,46718.43
PL,2021-09-30,43519.85
PL,2021-10-31,45089.66
PL,2021-11-30,47212.22
PL,2021-12-31,45627.67
PL,2022-01-31,44809.6
PL,2022-02-28,45966.69
PL,2022-03-31,46386.78
PL,2022-04-30,47846.04
PL,2022-05-31,48207.17
PL,2022-06-30,45922.47
PL,2022-07-31,45716.11
PL,2022-08-31,43114.5
PL,2022-09-30,47182.74
PL,2022-10-31,44588.5
PL,2022-11-30,46629.99
PL,2022-12-31,48030.29
PL,2023-01-31,52783.94
PL,2023-02-28,48450.38
PL,2023-03-31,50735.08
PL,2023-04-30,50926.7
PL,2023-05-31,48973.65
PL,2023-06-30,49607.47
PL,2023-07-31,48103.99
PL,2023-08-31,48295.61
PL,2023-09-30,49894.9
PL,2023-10-31,48494.6
PL,2023-11-30,48568.3
PL,2023-12-31,49084.2
PL,2024-01-31,47831.3
PL,2024-02-29,52105.9
PL,2024-03-31,50410.8
PL,2024-04-30,52327.0
PL,2024-05-31,52621.8
PL,2024-06-30,51884.8
PL,2024-07-31,50705.6
PL,2024-08-31,49526.4
PL,2024-09-30,52548.1
PL,2024-10-31,51295.2
PL,2024-11-30,50558.2
PL,2024-12-31,50779.3
PL,2025-01-31,51074.1
PL,2025-02-28,48863.1
PL,2025-03-31,49452.7
PT,2002-01-31,8003.82
PT,2002-02-28,8188.07
PT,2002-03-31,7959.6
PT,2002-04-30,9190.39
PT,2002-05-31,7060.46
PT,2002-06-30,8703.97
PT,2002-07-31,9735.77
PT,2002-08-31,8504.98
PT,2002-09-30,7399.48
PT,2002-10-31,9463.08
PT,2002-11-30,8077.52
PT,2002-12-31,6890.95
PT,2003-01-31,5881.26
PT,2003-02-28,8151.22
PT,2003-03-31,9183.02
PT,2003-04-30,8578.68
PT,2003-05-31,9595.74
PT,2003-06-30,9109.32
PT,2003-07-31,9993.72
PT,2003-08-31,8350.21
PT,2003-09-30,7871.16
PT,2003-10-31,7885.9
PT,2003-11-30,7370.0
PT,2003-12-31,7030.98
PT,2004-01-31,5306.4
PT,2004-02-29,8446.02
PT,2004-03-31,8969.29
PT,2004-04-30,8630.27
PT,2004-05-31,8048.04
PT,2004-06-30,7709.02
PT,2004-07-31,7561.62
PT,2004-08-31,6846.73
PT,2004-09-30,8291.25
PT,2004-10-31,9205.13
PT,2004-11-30,9404.12
PT,2004-12-31,8261.77
PT,2005-01-31,8239.66
PT,2005-02-28,7856.42
PT,2005-03-31,9050.36
PT,2005-04-30,8202.81
PT,2005-05-31,8880.85
PT,2005-06-30,8873.48
PT,2005-07-31,9264.09
PT,2005-08-31,8313.36
PT,2005-09-30,8652.38
PT,2005-10-31,8770.3
PT,2005-11-30,8438.65
PT,2005-12-31,7709.02
PT,2006-01-31,7318.41
PT,2006-02-28,8070.15
PT,2006-03-31,7502.66
PT,2006-04-30,8777.67
PT,2006-05-31,7900.64
PT,2006-06-30,7804.83
PT,2006-07-31,7745.87
PT,2006-08-31,7900.64
PT,2006-09-30,7517.4
PT,2006-10-31,8556.57
PT,2006-11-30,8342.84
PT,2006-12-31,8556.57
PT,2007-01-31,7443.7
PT,2007-02-28,7642.69
PT,2007-03-31,8652.38
PT,2007-04-30,6124.47
PT,2007-05-31,8158.59
PT,2007-06-30,8807.15
PT,2007-07-31,6839.36
PT,2007-08-31,7532.14
PT,2007-09-30,7686.91
PT,2007-10-31,8011.19
PT,2007-11-30,8858.74
PT,2007-12-31,8961.92
PT,2008-01-31,8932.44
PT,2008-02-29,8888.22
PT,2008-03-31,8799.78
PT,2008-04-30,8814.52
PT,2008-05-31,8534.46
PT,2008-06-30,8674.49
PT,2008-07-31,8755.56
PT,2008-08-31,8202.81
PT,2008-09-30,8202.81
PT,2008-10-31,8740.82
PT,2008-11-30,9875.8
PT,2008-12-31,8276.51
PT,2009-01-31,10082.16
PT,2009-02-28,9035.62
PT,2009-03-31,9168.28
PT,2009-04-30,8003.82
PT,2009-05-31,8387.06
PT,2009-06-30,8283.88
PT,2009-07-31,8298.62
PT,2009-08-31,6515.08
PT,2009-09-30,6515.08
PT,2009-10-31,5667.53
PT,2009-11-30,7930.12
PT,2009-12-31,8468.13
PT,2010-01-31,6242.39
PT,2010-02-28,6662.48
PT,2010-03-31,6463.49
PT,2010-04-30,8143.85
PT,2010-05-31,8519.72
PT,2010-06-30,8070.15
PT,2010-07-31,5807.56
PT,2010-08-31,6795.14
PT,2010-09-30,5689.64
PT,2010-10-31,7392.11
PT,2010-11-30,5859.15
PT,2010-12-31,6183.43
PT,2011-01-31,8269.14
PT,2011-02-28,7384.74
PT,2011-03-31,7016.24
PT,2011-04-30,6920.43
PT,2011-05-31,8048.04
PT,2011-06-30,7229.97
PT,2011-07-31,6677.22
PT,2011-08-31,6721.44
PT,2011-09-30,6293.98
PT,2011-10-31,7760.61
PT,2011-11-30,6655.11
PT,2011-12-31,6419.27
PT,2012-01-31,8468.13
PT,2012-02-29,6087.62
PT,2012-03-31,7554.25
PT,2012-04-30,7414.22
PT,2012-05-31,6264.5
PT,2012-06-30,6876.21
PT,2012-07-31,6176.06
PT,2012-08-31,6434.01
PT,2012-09-30,7428.96
PT,2012-10-31,8379.69
PT,2012-11-30,6706.7
PT,2012-12-31,5851.78
PT,2013-01-31,7148.9
PT,2013-02-28,6176.06
PT,2013-03-31,6419.27
PT,2013-04-30,6839.36
PT,2013-05-31,5903.37
PT,2013-06-30,5350.62
PT,2013-07-31,5778.08
PT,2013-08-31,6824.62
PT,2013-09-30,7311.04
PT,2013-10-31,7878.53
PT,2013-11-30,8003.82
PT,2013-12-31,8033.3
PT,2014-01-31,7060.46
PT,2014-02-28,6773.03
PT,2014-03-31,5335.88
PT,2014-04-30,5615.94
PT,2014-05-31,5556.98
PT,2014-06-30,7134.16
PT,2014-07-31,7524.77
PT,2014-08-31,6699.33
PT,2014-09-30,6426.64
PT,2014-10-31,6831.99
PT,2014-11-30,6898.32
PT,2014-12-31,6094.99
PT,2015-01-31,5512.76
PT,2015-02-28,6345.57
PT,2015-03-31,5947.59
PT,2015-04-30,6551.93
PT,2015-05-31,7598.47
PT,2015-06-30,5446.43
PT,2015-07-31,6161.32
PT,2015-08-31,6868.84
PT,2015-09-30,6537.19
PT,2015-10-31,6330.83
PT,2015-11-30,6691.96
PT,2015-12-31,7097.31
PT,2016-01-31,7502.66
PT,2016-02-29,9345.16
PT,2016-03-31,7568.99
PT,2016-04-30,8261.77
PT,2016-05-31,7863.79
PT,2016-06-30,8932.44
PT,2016-07-31,7347.89
PT,2016-08-31,8254.4
PT,2016-09-30,7318.41
PT,2016-10-31,7163.64
PT,2016-11-30,8239.66
PT,2016-12-31,5807.56
PT,2017-01-31,8586.05
PT,2017-02-28,8984.03
PT,2017-03-31,10620.17
PT,2017-04-30,9006.14
PT,2017-05-31,6588.78
PT,2017-06-30,7377.37
PT,2017-07-31,7627.95
PT,2017-08-31,6854.1
PT,2017-09-30,7288.93
PT,2017-10-31,7517.4
PT,2017-11-30,8578.68
PT,2017-12-31,6190.8
PT,2018-01-31,6470.86
PT,2018-02-28,7598.47
PT,2018-03-31,7804.83
PT,2018-04-30,6109.73
PT,2018-05-31,7893.27
PT,2018-06-30,6986.76
PT,2018-07-31,7340.52
PT,2018-08-31,9101.95
PT,2018-09-30,5851.78
PT,2018-10-31,5041.08
PT,2018-11-30,8202.81
PT,2018-12-31,7008.87
PT,2019-01-31,8490.24
PT,2019-02-28,9020.88
PT,2019-03-31,7554.25
PT,2019-04-30,6876.21
PT,2019-05-31,6360.31
PT,2019-06-30,7001.5
PT,2019-07-31,5873.89
PT,2019-08-31,5431.69
PT,2019-09-30,8645.01
PT,2019-10-31,8821.89
PT,2019-11-30,6699.33
PT,2019-12-31,7355.26
PT,2020-01-31,7281.56
PT,2020-02-29,6094.99
PT,2020-03-31,8092.26
PT,2020-04-30,7944.86
PT,2020-05-31,8247.03
PT,2020-06-30,6662.48
PT,2020-07-31,7451.07
PT,2020-08-31,5070.56
PT,2020-09-30,6316.09
PT,2020-10-31,5461.17
PT,2020-11-30,6603.52
PT,2020-12-31,5984.44
PT,2021-01-31,5018.97
PT,2021-02-28,5092.67
PT,2021-03-31,4716.8
PT,2021-04-30,4156.68
PT,2021-05-31,4223.01
PT,2021-06-30,4761.02
PT,2021-07-31,4908.42
PT,2021-08-31,5380.1
PT,2021-09-30,4753.65
PT,2021-10-31,6529.82
PT,2021-11-30,6271.87
PT,2021-12-31,5004.23
PT,2022-01-31,4399.89
PT,2022-02-28,4451.48
PT,2022-03-31,5100.04
PT,2022-04-30,5100.04
PT,2022-05-31,4790.5
PT,2022-06-30,5100.04
PT,2022-07-31,5018.97
PT,2022-08-31,4053.5
PT,2022-09-30,4731.54
PT,2022-10-31,4289.34
PT,2022-11-30,5041.08
PT,2022-12-31,4429.37
PT,2023-01-31,3979.8
PT,2023-02-28,4223.01
PT,2023-03-31,4834.72
PT,2023-04-30,4878.94
PT,2023-05-31,4628.36
PT,2023-06-30,4503.07
PT,2023-07-31,4790.5
PT,2023-08-31,4326.19
PT,2023-09-30,4414.63
PT,2023-10-31,4156.68
PT,2023-11-30,5350.62
PT,2023-12-31,4377.78
PT,2024-01-31,4259.86
PT,2024-02-29,4009.28
PT,2024-03-31,4053.5
PT,2024-04-30,5114.78
PT,2024-05-31,5254.81
PT,2024-06-30,4215.64
PT,2024-07-31,4908.42
PT,2024-08-31,5114.78
PT,2024-09-30,5195.85
PT,2024-10-31,4414.63
PT,2024-11-30,4097.72
PT,2024-12-31,4340.93
PT,2025-01-31,4016.65
PT,2025-02-28,4326.19
PT,2025-03-31,5770.71
PY,2002-01-31,0.0
PY,2002-02-28,0.0
PY,2002-03-31,0.0
PY,2002-04-30,0.0
PY,2002-05-31,0.0
PY,2002-06-30,0.0
PY,2002-07-31,0.0
PY,2002-08-31,0.0
PY,2002-09-30,0.0
PY,2002-10-31,0.0
PY,2002-11-30,0.0
PY,2002-12-31,0.0
PY,2003-01-31,0.0
PY,2003-02-28,0.0
PY,2003-03-31,0.0
PY,2003-04-30,0.0
PY,2003-05-31,0.0
PY,2003-06-30,106.0
PY,2003-07-31,0.0
PY,2003-08-31,0.0
PY,2003-09-30,0.0
PY,2003-10-31,0.0
PY,2003-11-30,0.0
PY,2003-12-31,0.0
PY,2004-01-31,0.0
PY,2004-02-29,0.0
PY,2004-03-31,0.0
PY,2004-04-30,0.0
PY,2004-05-31,0.0
PY,2004-06-30,0.0
PY,2004-07-31,0.0
PY,2004-08-31,0.0
PY,2004-09-30,0.0
PY,2004-10-31,0.0
PY,2004-11-30,0.0
PY,2004-12-31,0.0
PY,2005-01-31,0.0
PY,2005-02-28,0.0
PY,2005-03-31,0.0
PY,2005-04-30,0.0
PY,2005-05-31,0.0
PY,2005-06-30,0.0
PY,2005-07-31,0.0
PY,2005-08-31,0.0
PY,2005-09-30,0.0
PY,2005-10-31,0.0
PY,2005-11-30,0.0
PY,2005-12-31,0.0
PY,2006-01-31,0.0
PY,2006-02-28,0.0
PY,2006-03-31,0.0
PY,2006-04-30,0.0
PY,2006-05-31,0.0
PY,2006-06-30,0.0
PY,2006-07-31,0.0
PY,2006-08-31,0.0
PY,2006-09-30,0.0
PY,2006-10-31,0.0
PY,2006-11-30,0.0
PY,2006-12-31,0.0
PY,2007-01-31,0.0
PY,2007-02-28,0.0
PY,2007-03-31,0.0
PY,2007-04-30,0.0
PY,2007-05-31,0.0
PY,2007-06-30,0.0
PY,2007-07-31,0.0
PY,2007-08-31,0.0
PY,2007-09-30,0.0
PY,2007-10-31,0.0
PY,2007-11-30,0.0
PY,2007-12-31,0.0
PY,2008-01-31,0.0
PY,2008-02-29,0.0
PY,2008-03-31,0.0
PY,2008-04-30,0.0
PY,2008-05-31,0.0
PY,2008-06-30,0.0
PY,2008-07-31,0.0
PY,2008-08-31,0.0
PY,2008-09-30,0.0
PY,2008-10-31,0.0
PY,2008-11-30,0.0
PY,2008-12-31,0.0
PY,2009-01-31,0.0
PY,2009-02-28,0.0
PY,2009-03-31,0.0
PY,2009-04-30,0.0
PY,2009-05-31,0.0
PY,2009-06-30,0.0
PY,2009-07-31,0.0
PY,2009-08-31,0.0
PY,2009-09-30,0.0
PY,2009-10-31,0.0
PY,2009-11-30,0.0
PY,2009-12-31,0.0
PY,2010-01-31,0.0
PY,2010-02-28,0.0
PY,2010-03-31,0.0
PY,2010-04-30,0.0
PY,2010-05-31,0.0
PY,2010-06-30,0.0
PY,2010-07-31,0.0
PY,2010-08-31,0.0
PY,2010-09-30,0.0
PY,2010-10-31,0.0
PY,2010-11-30,0.0
PY,2010-12-31,0.0
PY,2011-01-31,0.0
PY,2011-02-28,0.0
PY,2011-03-31,0.0
PY,2011-04-30,0.0
PY,2011-05-31,0.0
PY,2011-06-30,0.0
PY,2011-07-31,0.0
PY,2011-08-31,0.0
PY,2011-09-30,0.0
PY,2011-10-31,0.0
PY,2011-11-30,0.0
PY,2011-12-31,0.0
PY,2012-01-31,0.0
PY,2012-02-29,0.0
PY,2012-03-31,0.0
PY,2012-04-30,0.0
PY,2012-05-31,0.0
PY,2012-06-30,0.0
PY,2012-07-31,0.0
PY,2012-08-31,0.0
PY,2012-09-30,0.0
PY,2012-10-31,0.0
PY,2012-11-30,0.0
PY,2012-12-31,0.0
PY,2013-01-31,0.0
PY,2013-02-28,0.0
PY,2013-03-31,0.0
PY,2013-04-30,0.0
PY,2013-05-31,0.0
PY,2013-06-30,0.0
PY,2013-07-31,0.0
PY,2013-08-31,0.0
PY,2013-09-30,0.0
PY,2013-10-31,0.0
PY,2013-11-30,0.0
PY,2013-12-31,0.0
PY,2014-01-31,0.0
PY,2014-02-28,0.0
PY,2014-03-31,0.0
PY,2014-04-30,0.0
PY,2014-05-31,0.0
PY,2014-06-30,0.0
PY,2014-07-31,0.0
PY,2014-08-31,0.0
PY,2014-09-30,0.0
PY,2014-10-31,0.0
PY,2014-11-30,0.0
PY,2014-12-31,0.0
PY,2015-01-31,0.0
PY,2015-02-28,0.0
PY,2015-03-31,0.0
PY,2015-04-30,0.0
PY,2015-05-31,0.0
PY,2015-06-30,0.0
PY,2015-07-31,0.0
PY,2015-08-31,0.0
PY,2015-09-30,0.0
PY,2015-10-31,0.0
PY,2015-11-30,0.0
PY,2015-12-31,0.0
PY,2016-01-31,0.0
PY,2016-02-29,0.0
PY,2016-03-31,0.0
PY,2016-04-30,0.0
PY,2016-05-31,0.0
PY,2016-06-30,0.0
PY,2016-07-31,0.0
PY,2016-08-31,
PY,2016-09-30,
PY,2016-10-31,
PY,2016-11-30,
PY,2016-12-31,
PY,2017-01-31,
PY,2017-02-28,
PY,2017-03-31,
PY,2017-04-30,
PY,2017-05-31,
PY,2017-06-30,
PY,2017-07-31,
PY,2017-08-31,
PY,2017-09-30,
PY,2017-10-31,
PY,2017-11-30,
PY,2017-12-31,
PY,2018-01-31,
PY,2018-02-28,
PY,2018-03-31,
PY,2018-04-30,
PY,2018-05-31,
PY,2018-06-30,
PY,2018-07-31,
PY,2018-08-31,
PY,2018-09-30,
PY,2018-10-31,
PY,2018-11-30,
PY,2018-12-31,
PY,2019-01-31,
PY,2019-02-28,
PY,2019-03-31,
PY,2019-04-30,
PY,2019-05-31,
PY,2019-06-30,
PY,2019-07-31,
PY,2019-08-31,
PY,2019-09-30,
PY,2019-10-31,
PY,2019-11-30,
PY,2019-12-31,
PY,2020-01-31,
PY,2020-02-29,
PY,2020-03-31,
PY,2020-04-30,
PY,2020-05-31,
PY,2020-06-30,
PY,2020-07-31,
PY,2020-08-31,
PY,2020-09-30,
PY,2020-10-31,
PY,2020-11-30,
PY,2020-12-31,
PY,2021-01-31,
PY,2021-02-28,
PY,2021-03-31,
PY,2021-04-30,
PY,2021-05-31,
PY,2021-06-30,
PY,2021-07-31,
PY,2021-08-31,
PY,2021-09-30,
PY,2021-10-31,
PY,2021-11-30,
PY,2021-12-31,
PY,2022-01-31,
PY,2022-02-28,
PY,2022-03-31,
PY,2022-04-30,
PY,2022-05-31,
PY,2022-06-30,
PY,2022-07-31,
PY,2022-08-31,
PY,2022-09-30,
PY,2022-10-31,
PY,2022-11-30,
PY,2022-12-31,
PY,2023-01-31,
PY,2023-02-28,
PY,2023-03-31,
PY,2023-04-30,
PY,2023-05-31,
PY,2023-06-30,
PY,2023-07-31,
PY,2023-08-31,
PY,2023-09-30,
PY,2023-10-31,
PY,2023-11-30,
PY,2023-12-31,
PY,2024-01-31,
PY,2024-02-29,
PY,2024-03-31,
PY,2024-04-30,
PY,2024-05-31,
PY,2024-06-30,
PY,2024-07-31,
PY,2024-08-31,
PY,2024-09-30,
PY,2024-10-31,
PY,2024-11-30,
PY,2024-12-31,
PY,2025-01-31,
QA,2002-01-31,0.0
QA,2002-02-28,0.0
QA,2002-03-31,0.0
QA,2002-04-30,0.0
QA,2002-05-31,0.0
QA,2002-06-30,0.0
QA,2002-07-31,0.0
QA,2002-08-31,0.0
QA,2002-09-30,0.0
QA,2002-10-31,0.0
QA,2002-11-30,0.0
QA,2002-12-31,0.0
QA,2003-01-31,0.0
QA,2003-02-28,0.0
QA,2003-03-31,0.0
QA,2003-04-30,0.0
QA,2003-05-31,0.0
QA,2003-06-30,0.0
QA,2003-07-31,0.0
QA,2003-08-31,0.0
QA,2003-09-30,0.0
QA,2003-10-31,0.0
QA,2003-11-30,0.0
QA,2003-12-31,0.0
QA,2004-01-31,0.0
QA,2004-02-29,0.0
QA,2004-03-31,0.0
QA,2004-04-30,0.0
QA,2004-05-31,0.0
QA,2004-06-30,0.0
QA,2004-07-31,0.0
QA,2004-08-31,0.0
QA,2004-09-30,0.0
QA,2004-10-31,0.0
QA,2004-11-30,0.0
QA,2004-12-31,0.0
QA,2005-01-31,0.0
QA,2005-02-28,0.0
QA,2005-03-31,0.0
QA,2005-04-30,0.0
QA,2005-05-31,0.0
QA,2005-06-30,0.0
QA,2005-07-31,
QA,2005-08-31,
QA,2005-09-30,
QA,2005-10-31,
QA,2005-11-30,
QA,2005-12-31,
QA,2006-01-31,
QA,2006-02-28,0.0
QA,2006-03-31,0.0
QA,2006-04-30,0.0
QA,2006-05-31,0.0
QA,2006-06-30,0.0
QA,2006-07-31,0.0
QA,2006-08-31,0.0
QA,2006-09-30,0.0
QA,2006-10-31,
QA,2006-11-30,
QA,2006-12-31,
QA,2007-01-31,
QA,2007-02-28,
QA,2007-03-31,
QA,2007-04-30,
QA,2007-05-31,
QA,2007-06-30,
QA,2007-07-31,
QA,2007-08-31,
QA,2007-09-30,0.0
QA,2007-10-31,0.0
QA,2007-11-30,0.0
QA,2007-12-31,
QA,2008-01-31,0.0
QA,2008-02-29,0.0
QA,2008-03-31,
QA,2008-04-30,
QA,2008-05-31,
QA,2008-06-30,6224.0
QA,2008-07-31,6456.0
QA,2008-08-31,6566.0
QA,2008-09-30,6147.0
QA,2008-10-31,6046.0
QA,2008-11-30,6337.0
QA,2008-12-31,5939.0
QA,2009-01-31,6270.0
QA,2009-02-28,6054.0
QA,2009-03-31,6124.0
QA,2009-04-30,6998.0
QA,2009-05-31,6897.0
QA,2009-06-30,6627.0
QA,2009-07-31,6583.0
QA,2009-08-31,6842.0
QA,2009-09-30,6997.0
QA,2009-10-31,6176.0
QA,2009-11-30,6844.0
QA,2009-12-31,6495.0
QA,2010-01-31,6861.0
QA,2010-02-28,6602.0
QA,2010-03-31,6771.0
QA,2010-04-30,6567.0
QA,2010-05-31,6365.0
QA,2010-06-30,6683.0
QA,2010-07-31,6382.0
QA,2010-08-31,6251.0
QA,2010-09-30,6411.0
QA,2010-10-31,6540.0
QA,2010-11-30,6486.0
QA,2010-12-31,6393.0
QA,2011-01-31,6235.0
QA,2011-02-28,6320.0
QA,2011-03-31,5992.0
QA,2011-04-30,6200.0
QA,2011-05-31,6016.0
QA,2011-06-30,5892.0
QA,2011-07-31,6045.0
QA,2011-08-31,5888.0
QA,2011-09-30,5752.0
QA,2011-10-31,5913.0
QA,2011-11-30,5767.0
QA,2011-12-31,5825.0
QA,2012-01-31,5942.0
QA,2012-02-29,6180.0
QA,2012-03-31,6363.0
QA,2012-04-30,6145.0
QA,2012-05-31,6032.0
QA,2012-06-30,6274.0
QA,2012-07-31,5854.0
QA,2012-08-31,5931.0
QA,2012-09-30,6097.0
QA,2012-10-31,5958.0
QA,2012-11-30,5714.0
QA,2012-12-31,5267.0
QA,2013-01-31,5638.0
QA,2013-02-28,6093.0
QA,2013-03-31,5585.0
QA,2013-04-30,5923.0
QA,2013-05-31,6065.0
QA,2013-06-30,5646.0
QA,2013-07-31,5761.0
QA,2013-08-31,5820.0
QA,2013-09-30,5945.0
QA,2013-10-31,6054.0
QA,2013-11-30,5610.0
QA,2013-12-31,6071.0
QA,2014-01-31,6236.0
QA,2014-02-28,3236.0
QA,2014-03-31,3422.0
QA,2014-04-30,3036.0
QA,2014-05-31,2877.0
QA,2014-06-30,3473.0
QA,2014-07-31,3127.0
QA,2014-08-31,2879.0
QA,2014-09-30,1738.0
QA,2014-10-31,1108.0
QA,2014-11-30,305.0
QA,2014-12-31,1204.0
QA,2015-01-31,1354.0
QA,2015-02-28,957.0
QA,2015-03-31,1093.0
QA,2015-04-30,3799.0
QA,2015-05-31,5553.0
QA,2015-06-30,7216.0
QA,2015-07-31,5047.0
QA,2015-08-31,10358.0
QA,2015-09-30,13773.0
QA,2015-10-31,15627.0
QA,2015-11-30,16915.0
QA,2015-12-31,17544.0
QA,2016-01-31,19544.0
QA,2016-02-29,20974.0
QA,2016-03-31,23019.0
QA,2016-04-30,25180.0
QA,2016-05-31,26821.0
QA,2016-06-30,25594.0
QA,2016-07-31,25671.0
QA,2016-08-31,23994.0
QA,2016-09-30,22326.0
QA,2016-10-31,27819.0
QA,2016-11-30,27301.0
QA,2016-12-31,30039.0
QA,2017-01-31,31364.0
QA,2017-02-28,29712.0
QA,2017-03-31,25762.0
QA,2017-04-30,25626.0
QA,2017-05-31,26658.0
QA,2017-06-30,27901.0
QA,2017-07-31,26956.0
QA,2017-08-31,27628.0
QA,2017-09-30,26134.0
QA,2017-10-31,27219.0
QA,2017-11-30,27044.0
QA,2017-12-31,26681.0
QA,2018-01-31,27412.0
QA,2018-02-28,28004.0
QA,2018-03-31,30309.0
QA,2018-04-30,0.0
QA,2018-05-31,0.0
QA,2018-06-30,0.0
QA,2018-07-31,0.0
QA,2018-08-31,0.0
QA,2018-09-30,0.0
QA,2018-10-31,0.0
QA,2018-11-30,0.0
QA,2018-12-31,0.0
QA,2019-01-31,
QA,2019-02-28,
QA,2019-03-31,
QA,2019-04-30,
QA,2019-05-31,
QA,2019-06-30,
QA,2019-07-31,
QA,2019-08-31,
QA,2019-09-30,
QA,2019-10-31,
QA,2019-11-30,
QA,2019-12-31,
QA,2020-01-31,
QA,2020-02-29,
QA,2020-03-31,
QA,2020-04-30,
QA,2020-05-31,
QA,2020-06-30,
QA,2020-07-31,
QA,2020-08-31,
QA,2020-09-30,
QA,2020-10-31,
QA,2020-11-30,
QA,2020-12-31,
QA,2021-01-31,
QA,2021-02-28,
QA,2021-03-31,
QA,2021-04-30,
QA,2021-05-31,
QA,2021-06-30,
QA,2021-07-31,
QA,2021-08-31,
QA,2021-09-30,
QA,2021-10-31,
QA,2021-11-30,
QA,2021-12-31,
QA,2022-01-31,
QA,2022-02-28,
QA,2022-03-31,
QA,2022-04-30,
QA,2022-05-31,
QA,2022-06-30,
QA,2022-07-31,
QA,2022-08-31,
QA,2022-09-30,
QA,2022-10-31,
QA,2022-11-30,
QA,2022-12-31,
QA,2023-01-31,
QA,2023-02-28,
QA,2023-03-31,
QA,2023-04-30,
QA,2023-05-31,
QA,2023-06-30,
QA,2023-07-31,
QA,2023-08-31,
QA,2023-09-30,
QA,2023-10-31,
QA,2023-11-30,
QA,2023-12-31,
QA,2024-01-31,
QA,2024-02-29,
QA,2024-03-31,
QA,2024-04-30,
QA,2024-05-31,
QA,2024-06-30,
QA,2024-07-31,
QA,2024-08-31,
QA,2024-09-30,
QA,2024-10-31,
QA,2024-11-30,
QA,2024-12-31,
QA,2025-01-31,
QA,2025-02-28,
QA,2025-03-31,
RO,2002-01-31,
RO,2002-02-28,
RO,2002-03-31,
RO,2002-04-30,
RO,2002-05-31,
RO,2002-06-30,
RO,2002-07-31,
RO,2002-08-31,
RO,2002-09-30,
RO,2002-10-31,
RO,2002-11-30,
RO,2002-12-31,
RO,2003-01-31,3699.965
RO,2003-02-28,3812.54
RO,2003-03-31,3812.54
RO,2003-04-30,4457.97
RO,2003-05-31,4525.515
RO,2003-06-30,3587.39
RO,2003-07-31,3347.23
RO,2003-08-31,3347.23
RO,2003-09-30,3159.605
RO,2003-10-31,3692.46
RO,2003-11-30,3699.965
RO,2003-12-31,3429.785
RO,2004-01-31,2851.9
RO,2004-02-29,3144.595
RO,2004-03-31,2731.82
RO,2004-04-30,2506.67
RO,2004-05-31,2168.945
RO,2004-06-30,2604.235
RO,2004-07-31,2559.205
RO,2004-08-31,2836.89
RO,2004-09-30,2551.7
RO,2004-10-31,2596.73
RO,2004-11-30,3189.625
RO,2004-12-31,3647.43
RO,2005-01-31,4240.325
RO,2005-02-28,3257.17
RO,2005-03-31,2859.405
RO,2005-04-30,2971.98
RO,2005-05-31,2881.92
RO,2005-06-30,2484.155
RO,2005-07-31,3204.635
RO,2005-08-31,3287.19
RO,2005-09-30,2574.215
RO,2005-10-31,3017.01
RO,2005-11-30,4090.225
RO,2005-12-31,3452.3
RO,2006-01-31,2589.225
RO,2006-02-28,3414.775
RO,2006-03-31,2874.415
RO,2006-04-30,3467.31
RO,2006-05-31,3324.715
RO,2006-06-30,3002.0
RO,2006-07-31,2949.465
RO,2006-08-31,3272.18
RO,2006-09-30,2761.84
RO,2006-10-31,2581.72
RO,2006-11-30,2964.475
RO,2006-12-31,3234.655
RO,2007-01-31,3167.11
RO,2007-02-28,3227.15
RO,2007-03-31,2731.82
RO,2007-04-30,3835.055
RO,2007-05-31,3437.29
RO,2007-06-30,3549.865
RO,2007-07-31,3002.0
RO,2007-08-31,3317.21
RO,2007-09-30,3497.33
RO,2007-10-31,2686.79
RO,2007-11-30,2919.445
RO,2007-12-31,2769.345
RO,2008-01-31,3317.21
RO,2008-02-29,3384.755
RO,2008-03-31,3369.745
RO,2008-04-30,3654.935
RO,2008-05-31,3009.505
RO,2008-06-30,3429.785
RO,2008-07-31,3369.745
RO,2008-08-31,2731.82
RO,2008-09-30,2446.63
RO,2008-10-31,2881.92
RO,2008-11-30,2341.56
RO,2008-12-31,2754.335
RO,2009-01-31,3054.535
RO,2009-02-28,3407.27
RO,2009-03-31,3842.56
RO,2009-04-30,3579.885
RO,2009-05-31,3962.64
RO,2009-06-30,3692.46
RO,2009-07-31,3549.865
RO,2009-08-31,4923.28
RO,2009-09-30,5223.48
RO,2009-10-31,4833.22
RO,2009-11-30,5298.53
RO,2009-12-31,5418.61
RO,2010-01-31,6101.565
RO,2010-02-28,7264.84
RO,2010-03-31,6079.05
RO,2010-04-30,6979.65
RO,2010-05-31,5486.155
RO,2010-06-30,6514.34
RO,2010-07-31,7302.365
RO,2010-08-31,8585.72
RO,2010-09-30,6972.145
RO,2010-10-31,7542.525
RO,2010-11-30,6176.615
RO,2010-12-31,6521.845
RO,2011-01-31,5951.465
RO,2011-02-28,6409.27
RO,2011-03-31,6131.585
RO,2011-04-30,6206.635
RO,2011-05-31,5771.345
RO,2011-06-30,5163.44
RO,2011-07-31,4983.32
RO,2011-08-31,6656.935
RO,2011-09-30,6671.945
RO,2011-10-31,5718.81
RO,2011-11-30,5456.135
RO,2011-12-31,5005.835
RO,2012-01-31,7640.09
RO,2012-02-29,5568.71
RO,2012-03-31,5831.385
RO,2012-04-30,4427.95
RO,2012-05-31,6574.38
RO,2012-06-30,10116.74
RO,2012-07-31,9366.24
RO,2012-08-31,10829.715
RO,2012-09-30,9186.12
RO,2012-10-31,7640.09
RO,2012-11-30,6446.795
RO,2012-12-31,5538.69
RO,2013-01-31,5441.125
RO,2013-02-28,5988.99
RO,2013-03-31,7054.7
RO,2013-04-30,5891.425
RO,2013-05-31,5448.63
RO,2013-06-30,5155.935
RO,2013-07-31,5230.985
RO,2013-08-31,5981.485
RO,2013-09-30,5245.995
RO,2013-10-31,6536.855
RO,2013-11-30,6184.12
RO,2013-12-31,5185.955
RO,2014-01-31,5591.225
RO,2014-02-28,5418.61
RO,2014-03-31,5756.335
RO,2014-04-30,6071.545
RO,2014-05-31,6259.17
RO,2014-06-30,9914.105
RO,2014-07-31,9066.04
RO,2014-08-31,8870.91
RO,2014-09-30,7775.18
RO,2014-10-31,7910.27
RO,2014-11-30,7467.475
RO,2014-12-31,6529.35
RO,2015-01-31,7685.12
RO,2015-02-28,6236.655
RO,2015-03-31,7279.85
RO,2015-04-30,7347.395
RO,2015-05-31,8247.995
RO,2015-06-30,8645.76
RO,2015-07-31,7099.73
RO,2015-08-31,7482.485
RO,2015-09-30,8360.57
RO,2015-10-31,7812.705
RO,2015-11-30,8217.975
RO,2015-12-31,7610.07
RO,2016-01-31,6529.35
RO,2016-02-29,7107.235
RO,2016-03-31,6131.585
RO,2016-04-30,5133.42
RO,2016-05-31,6311.705
RO,2016-06-30,8758.335
RO,2016-07-31,8030.35
RO,2016-08-31,7962.805
RO,2016-09-30,7700.13
RO,2016-10-31,7114.74
RO,2016-11-30,7047.195
RO,2016-12-31,7362.405
RO,2017-01-31,7234.82
RO,2017-02-28,6619.41
RO,2017-03-31,7309.87
RO,2017-04-30,7129.75
RO,2017-05-31,8473.145
RO,2017-06-30,7977.815
RO,2017-07-31,7580.05
RO,2017-08-31,7625.08
RO,2017-09-30,6972.145
RO,2017-10-31,7099.73
RO,2017-11-30,6949.63
RO,2017-12-31,6071.545
RO,2018-01-31,5793.86
RO,2018-02-28,4863.24
RO,2018-03-31,5073.38
RO,2018-04-30,6874.58
RO,2018-05-31,9771.51
RO,2018-06-30,9186.12
RO,2018-07-31,8390.59
RO,2018-08-31,7865.24
RO,2018-09-30,6491.825
RO,2018-10-31,6987.155
RO,2018-11-30,7317.375
RO,2018-12-31,6499.33
RO,2019-01-31,6656.935
RO,2019-02-28,7069.71
RO,2019-03-31,6829.55
RO,2019-04-30,6446.795
RO,2019-05-31,7902.765
RO,2019-06-30,7077.215
RO,2019-07-31,6904.6
RO,2019-08-31,6957.135
RO,2019-09-30,6409.27
RO,2019-10-31,6544.36
RO,2019-11-30,7489.99
RO,2019-12-31,6559.37
RO,2020-01-31,6964.64
RO,2020-02-29,6664.44
RO,2020-03-31,7527.515
RO,2020-04-30,7692.625
RO,2020-05-31,7572.545
RO,2020-06-30,5861.405
RO,2020-07-31,6874.58
RO,2020-08-31,6994.66
RO,2020-09-30,6566.875
RO,2020-10-31,5681.285
RO,2020-11-30,5681.285
RO,2020-12-31,6364.24
RO,2021-01-31,7009.67
RO,2021-02-28,6656.935
RO,2021-03-31,6777.015
RO,2021-04-30,7339.89
RO,2021-05-31,7287.355
RO,2021-06-30,6799.53
RO,2021-07-31,8000.33
RO,2021-08-31,6882.085
RO,2021-09-30,6446.795
RO,2021-10-31,5381.085
RO,2021-11-30,6101.565
RO,2021-12-31,5996.495
RO,2022-01-31,6724.48
RO,2022-02-28,6356.735
RO,2022-03-31,5523.68
RO,2022-04-30,5523.68
RO,2022-05-31,7032.185
RO,2022-06-30,6852.065
RO,2022-07-31,7242.325
RO,2022-08-31,6574.38
RO,2022-09-30,7069.71
RO,2022-10-31,6379.25
RO,2022-11-30,7137.255
RO,2022-12-31,6649.43
RO,2023-01-31,6671.945
RO,2023-02-28,5868.91
RO,2023-03-31,6266.675
RO,2023-04-30,6116.575
RO,2023-05-31,8000.33
RO,2023-06-30,9231.15
RO,2023-07-31,7955.3
RO,2023-08-31,7377.415
RO,2023-09-30,7482.485
RO,2023-10-31,6544.36
RO,2023-11-30,5726.315
RO,2023-12-31,5636.255
RO,2024-01-31,6334.22
RO,2024-02-29,6972.145
RO,2024-03-31,6169.11
RO,2024-04-30,6762.005
RO,2024-05-31,6146.595
RO,2024-06-30,6004.0
RO,2024-07-31,6386.755
RO,2024-08-31,6109.07
RO,2024-09-30,6101.565
RO,2024-10-31,6034.02
RO,2024-11-30,6386.755
RO,2024-12-31,6199.13
RO,2025-01-31,6559.37
RO,2025-02-28,
RO,2025-03-31,
RS,2002-01-31,
RS,2002-02-28,
RS,2002-03-31,
RS,2002-04-30,
RS,2002-05-31,
RS,2002-06-30,
RS,2002-07-31,
RS,2002-08-31,
RS,2002-09-30,
RS,2002-10-31,
RS,2002-11-30,
RS,2002-12-31,
RS,2003-01-31,
RS,2003-02-28,
RS,2003-03-31,
RS,2003-04-30,
RS,2003-05-31,
RS,2003-06-30,
RS,2003-07-31,
RS,2003-08-31,
RS,2003-09-30,
RS,2003-10-31,
RS,2003-11-30,
RS,2003-12-31,
RS,2004-01-31,
RS,2004-02-29,
RS,2004-03-31,
RS,2004-04-30,
RS,2004-05-31,
RS,2004-06-30,
RS,2004-07-31,
RS,2004-08-31,
RS,2004-09-30,
RS,2004-10-31,
RS,2004-11-30,
RS,2004-12-31,
RS,2005-01-31,
RS,2005-02-28,
RS,2005-03-31,
RS,2005-04-30,
RS,2005-05-31,
RS,2005-06-30,
RS,2005-07-31,
RS,2005-08-31,
RS,2005-09-30,
RS,2005-10-31,
RS,2005-11-30,
RS,2005-12-31,
RS,2006-01-31,
RS,2006-02-28,
RS,2006-03-31,
RS,2006-04-30,
RS,2006-05-31,
RS,2006-06-30,
RS,2006-07-31,
RS,2006-08-31,
RS,2006-09-30,
RS,2006-10-31,
RS,2006-11-30,
RS,2006-12-31,
RS,2007-01-31,
RS,2007-02-28,
RS,2007-03-31,
RS,2007-04-30,
RS,2007-05-31,
RS,2007-06-30,
RS,2007-07-31,
RS,2007-08-31,
RS,2007-09-30,
RS,2007-10-31,
RS,2007-11-30,
RS,2007-12-31,
RS,2008-01-31,
RS,2008-02-29,
RS,2008-03-31,
RS,2008-04-30,
RS,2008-05-31,
RS,2008-06-30,
RS,2008-07-31,
RS,2008-08-31,
RS,2008-09-30,
RS,2008-10-31,
RS,2008-11-30,
RS,2008-12-31,
RS,2009-01-31,
RS,2009-02-28,
RS,2009-03-31,
RS,2009-04-30,
RS,2009-05-31,
RS,2009-06-30,
RS,2009-07-31,
RS,2009-08-31,
RS,2009-09-30,
RS,2009-10-31,
RS,2009-11-30,
RS,2009-12-31,
RS,2010-01-31,
RS,2010-02-28,
RS,2010-03-31,
RS,2010-04-30,
RS,2010-05-31,
RS,2010-06-30,
RS,2010-07-31,
RS,2010-08-31,
RS,2010-09-30,
RS,2010-10-31,
RS,2010-11-30,
RS,2010-12-31,
RS,2011-01-31,
RS,2011-02-28,
RS,2011-03-31,
RS,2011-04-30,
RS,2011-05-31,
RS,2011-06-30,
RS,2011-07-31,
RS,2011-08-31,
RS,2011-09-30,
RS,2011-10-31,
RS,2011-11-30,
RS,2011-12-31,
RS,2012-01-31,
RS,2012-02-29,
RS,2012-03-31,
RS,2012-04-30,
RS,2012-05-31,
RS,2012-06-30,
RS,2012-07-31,
RS,2012-08-31,
RS,2012-09-30,
RS,2012-10-31,
RS,2012-11-30,
RS,2012-12-31,
RS,2013-01-31,
RS,2013-02-28,
RS,2013-03-31,
RS,2013-04-30,
RS,2013-05-31,
RS,2013-06-30,
RS,2013-07-31,
RS,2013-08-31,
RS,2013-09-30,
RS,2013-10-31,
RS,2013-11-30,
RS,2013-12-31,
RS,2014-01-31,
RS,2014-02-28,
RS,2014-03-31,
RS,2014-04-30,
RS,2014-05-31,
RS,2014-06-30,
RS,2014-07-31,
RS,2014-08-31,
RS,2014-09-30,
RS,2014-10-31,
RS,2014-11-30,
RS,2014-12-31,
RS,2015-01-31,
RS,2015-02-28,
RS,2015-03-31,
RS,2015-04-30,
RS,2015-05-31,
RS,2015-06-30,
RS,2015-07-31,
RS,2015-08-31,
RS,2015-09-30,
RS,2015-10-31,
RS,2015-11-30,
RS,2015-12-31,
RS,2016-01-31,
RS,2016-02-29,
RS,2016-03-31,
RS,2016-04-30,
RS,2016-05-31,
RS,2016-06-30,
RS,2016-07-31,
RS,2016-08-31,
RS,2016-09-30,
RS,2016-10-31,
RS,2016-11-30,
RS,2016-12-31,
RS,2017-01-31,
RS,2017-02-28,
RS,2017-03-31,
RS,2017-04-30,
RS,2017-05-31,
RS,2017-06-30,
RS,2017-07-31,
RS,2017-08-31,
RS,2017-09-30,
RS,2017-10-31,
RS,2017-11-30,
RS,2017-12-31,
RS,2018-01-31,
RS,2018-02-28,
RS,2018-03-31,
RS,2018-04-30,
RS,2018-05-31,
RS,2018-06-30,
RS,2018-07-31,
RS,2018-08-31,
RS,2018-09-30,
RS,2018-10-31,
RS,2018-11-30,
RS,2018-12-31,
RS,2019-01-31,
RS,2019-02-28,
RS,2019-03-31,
RS,2019-04-30,
RS,2019-05-31,
RS,2019-06-30,
RS,2019-07-31,
RS,2019-08-31,
RS,2019-09-30,
RS,2019-10-31,
RS,2019-11-30,
RS,2019-12-31,
RS,2020-01-31,
RS,2020-02-29,
RS,2020-03-31,
RS,2020-04-30,
RS,2020-05-31,
RS,2020-06-30,
RS,2020-07-31,
RS,2020-08-31,
RS,2020-09-30,
RS,2020-10-31,
RS,2020-11-30,
RS,2020-12-31,
RS,2021-01-31,
RS,2021-02-28,
RS,2021-03-31,
RS,2021-04-30,
RS,2021-05-31,
RS,2021-06-30,
RS,2021-07-31,
RS,2021-08-31,
RS,2021-09-30,
RS,2021-10-31,
RS,2021-11-30,
RS,2021-12-31,
RS,2022-01-31,
RS,2022-02-28,
RS,2022-03-31,
RS,2022-04-30,
RS,2022-05-31,
RS,2022-06-30,
RS,2022-07-31,
RS,2022-08-31,
RS,2022-09-30,
RS,2022-10-31,
RS,2022-11-30,
RS,2022-12-31,
RS,2023-01-31,
RS,2023-02-28,
RS,2023-03-31,
RS,2023-04-30,
RS,2023-05-31,
RS,2023-06-30,
RS,2023-07-31,
RS,2023-08-31,
RS,2023-09-30,
RS,2023-10-31,
RS,2023-11-30,
RS,2023-12-31,
RS,2024-01-31,1979.1
RS,2024-02-29,1363.38
RS,2024-03-31,1964.44
RS,2024-04-30,2411.57
RS,2024-05-31,2001.09
RS,2024-06-30,1949.78
RS,2024-07-31,1913.13
RS,2024-08-31,1986.43
RS,2024-09-30,1957.11
RS,2024-10-31,2067.06
RS,2024-11-30,2052.4
RS,2024-12-31,2286.96
RS,2025-01-31,2169.68
RS,2025-02-28,2191.67
RS,2025-03-31,
RU,2002-01-31,431797.2
RU,2002-02-28,420820.4
RU,2002-03-31,445773.6
RU,2002-04-30,437005.8
RU,2002-05-31,444302.4
RU,2002-06-30,439948.6
RU,2002-07-31,445773.6
RU,2002-08-31,453926.9
RU,2002-09-30,449451.6
RU,2002-10-31,454662.6
RU,2002-11-30,454662.6
RU,2002-12-31,456134.0
RU,2003-01-31,470848.0
RU,2003-02-28,454662.6
RU,2003-03-31,475262.2
RU,2003-04-30,464163.6
RU,2003-05-31,476668.8
RU,2003-06-30,470112.3
RU,2003-07-31,478140.0
RU,2003-08-31,484024.8
RU,2003-09-30,471583.7
RU,2003-10-31,498001.2
RU,2003-11-30,482553.6
RU,2003-12-31,491447.6
RU,2004-01-31,492183.3
RU,2004-02-29,481818.0
RU,2004-03-31,503886.0
RU,2004-04-30,503886.0
RU,2004-05-31,500943.6
RU,2004-06-30,496530.0
RU,2004-07-31,504621.6
RU,2004-08-31,506897.3
RU,2004-09-30,500208.0
RU,2004-10-31,512047.2
RU,2004-11-30,506897.3
RU,2004-12-31,511311.5
RU,2005-01-31,509104.4
RU,2005-02-28,487769.1
RU,2005-03-31,511311.5
RU,2005-04-30,498736.8
RU,2005-05-31,506161.6
RU,2005-06-30,497265.6
RU,2005-07-31,507633.0
RU,2005-08-31,510575.8
RU,2005-09-30,505425.9
RU,2005-10-31,513448.8
RU,2005-11-30,510575.8
RU,2005-12-31,220710.0
RU,2006-01-31,222917.1
RU,2006-02-28,217031.5
RU,2006-03-31,215530.8
RU,2006-04-30,218502.9
RU,2006-05-31,216266.4
RU,2006-06-30,215530.8
RU,2006-07-31,214795.2
RU,2006-08-31,215530.8
RU,2006-09-30,214059.6
RU,2006-10-31,222917.1
RU,2006-11-30,224388.5
RU,2006-12-31,220710.0
RU,2007-01-31,224388.5
RU,2007-02-28,219238.6
RU,2007-03-31,219238.6
RU,2007-04-30,219974.3
RU,2007-05-31,214059.6
RU,2007-06-30,214795.2
RU,2007-07-31,211117.2
RU,2007-08-31,210381.6
RU,2007-09-30,210381.6
RU,2007-10-31,223652.8
RU,2007-11-30,219238.6
RU,2007-12-31,217767.2
RU,2008-01-31,219238.6
RU,2008-02-29,222917.1
RU,2008-03-31,222181.4
RU,2008-04-30,221445.7
RU,2008-05-31,223652.8
RU,2008-06-30,222181.4
RU,2008-07-31,222181.4
RU,2008-08-31,
RU,2008-09-30,228036.0
RU,2008-10-31,229507.2
RU,2008-11-30,230242.8
RU,2008-12-31,217767.2
RU,2009-01-31,
RU,2009-02-28,
RU,2009-03-31,
RU,2009-04-30,
RU,2009-05-31,
RU,2009-06-30,
RU,2009-07-31,
RU,2009-08-31,
RU,2009-09-30,
RU,2009-10-31,
RU,2009-11-30,
RU,2009-12-31,232449.6
RU,2010-01-31,
RU,2010-02-28,
RU,2010-03-31,
RU,2010-04-30,
RU,2010-05-31,
RU,2010-06-30,
RU,2010-07-31,
RU,2010-08-31,
RU,2010-09-30,
RU,2010-10-31,
RU,2010-11-30,
RU,2010-12-31,
RU,2011-01-31,
RU,2011-02-28,
RU,2011-03-31,
RU,2011-04-30,
RU,2011-05-31,
RU,2011-06-30,
RU,2011-07-31,
RU,2011-08-31,
RU,2011-09-30,
RU,2011-10-31,
RU,2011-11-30,
RU,2011-12-31,
RU,2012-01-31,
RU,2012-02-29,
RU,2012-03-31,
RU,2012-04-30,
RU,2012-05-31,
RU,2012-06-30,
RU,2012-07-31,
RU,2012-08-31,
RU,2012-09-30,
RU,2012-10-31,
RU,2012-11-30,
RU,2012-12-31,
RU,2013-01-31,
RU,2013-02-28,
RU,2013-03-31,
RU,2013-04-30,
RU,2013-05-31,
RU,2013-06-30,
RU,2013-07-31,
RU,2013-08-31,
RU,2013-09-30,
RU,2013-10-31,
RU,2013-11-30,
RU,2013-12-31,
RU,2014-01-31,
RU,2014-02-28,
RU,2014-03-31,
RU,2014-04-30,
RU,2014-05-31,
RU,2014-06-30,
RU,2014-07-31,
RU,2014-08-31,
RU,2014-09-30,
RU,2014-10-31,
RU,2014-11-30,
RU,2014-12-31,
RU,2015-01-31,
RU,2015-02-28,
RU,2015-03-31,
RU,2015-04-30,
RU,2015-05-31,
RU,2015-06-30,
RU,2015-07-31,
RU,2015-08-31,
RU,2015-09-30,
RU,2015-10-31,
RU,2015-11-30,
RU,2015-12-31,
RU,2016-01-31,
RU,2016-02-29,
RU,2016-03-31,
RU,2016-04-30,
RU,2016-05-31,
RU,2016-06-30,
RU,2016-07-31,
RU,2016-08-31,
RU,2016-09-30,
RU,2016-10-31,
RU,2016-11-30,
RU,2016-12-31,
RU,2017-01-31,
RU,2017-02-28,
RU,2017-03-31,
RU,2017-04-30,
RU,2017-05-31,
RU,2017-06-30,
RU,2017-07-31,
RU,2017-08-31,
RU,2017-09-30,
RU,2017-10-31,
RU,2017-11-30,
RU,2017-12-31,
RU,2018-01-31,
RU,2018-02-28,
RU,2018-03-31,
RU,2018-04-30,
RU,2018-05-31,
RU,2018-06-30,
RU,2018-07-31,
RU,2018-08-31,
RU,2018-09-30,
RU,2018-10-31,
RU,2018-11-30,
RU,2018-12-31,
RU,2019-01-31,
RU,2019-02-28,
RU,2019-03-31,
RU,2019-04-30,
RU,2019-05-31,
RU,2019-06-30,
RU,2019-07-31,
RU,2019-08-31,
RU,2019-09-30,
RU,2019-10-31,
RU,2019-11-30,
RU,2019-12-31,
RU,2020-01-31,
RU,2020-02-29,
RU,2020-03-31,
RU,2020-04-30,
RU,2020-05-31,
RU,2020-06-30,
RU,2020-07-31,
RU,2020-08-31,
RU,2020-09-30,
RU,2020-10-31,
RU,2020-11-30,
RU,2020-12-31,
RU,2021-01-31,
RU,2021-02-28,
RU,2021-03-31,
RU,2021-04-30,
RU,2021-05-31,
RU,2021-06-30,
RU,2021-07-31,
RU,2021-08-31,
RU,2021-09-30,
RU,2021-10-31,
RU,2021-11-30,
RU,2021-12-31,
RU,2022-01-31,
RU,2022-02-28,
RU,2022-03-31,
RU,2022-04-30,
RU,2022-05-31,
RU,2022-06-30,
RU,2022-07-31,
RU,2022-08-31,
RU,2022-09-30,
RU,2022-10-31,
RU,2022-11-30,
RU,2022-12-31,
RU,2023-01-31,
RU,2023-02-28,
RU,2023-03-31,
RU,2023-04-30,
RU,2023-05-31,
RU,2023-06-30,
RU,2023-07-31,
RU,2023-08-31,
RU,2023-09-30,
RU,2023-10-31,
RU,2023-11-30,
RU,2023-12-31,
RU,2024-01-31,
RU,2024-02-29,
RU,2024-03-31,
RU,2024-04-30,
RU,2024-05-31,
RU,2024-06-30,
RU,2024-07-31,
RU,2024-08-31,
RU,2024-09-30,
RU,2024-10-31,
RU,2024-11-30,
RU,2024-12-31,
RU,2025-01-31,
RU,2025-02-28,
RU,2025-03-31,
SA,2002-01-31,159477.0
SA,2002-02-28,158427.0
SA,2002-03-31,154838.0
SA,2002-04-30,157658.0
SA,2002-05-31,155186.0
SA,2002-06-30,154077.0
SA,2002-07-31,155822.0
SA,2002-08-31,159001.0
SA,2002-09-30,161164.0
SA,2002-10-31,159203.0
SA,2002-11-30,157237.0
SA,2002-12-31,156390.0
SA,2003-01-31,164587.0
SA,2003-02-28,161342.0
SA,2003-03-31,164503.0
SA,2003-04-30,164996.0
SA,2003-05-31,147596.0
SA,2003-06-30,150942.0
SA,2003-07-31,148124.0
SA,2003-08-31,147773.0
SA,2003-09-30,147240.0
SA,2003-10-31,143851.0
SA,2003-11-30,141467.0
SA,2003-12-31,149405.0
SA,2004-01-31,148596.0
SA,2004-02-29,145766.0
SA,2004-03-31,151629.0
SA,2004-04-30,149765.0
SA,2004-05-31,158611.0
SA,2004-06-30,154754.0
SA,2004-07-31,159883.0
SA,2004-08-31,166666.0
SA,2004-09-30,167644.0
SA,2004-10-31,166852.0
SA,2004-11-30,166666.0
SA,2004-12-31,165467.0
SA,2005-01-31,161233.0
SA,2005-02-28,162916.0
SA,2005-03-31,160994.0
SA,2005-04-30,162814.0
SA,2005-05-31,162558.0
SA,2005-06-30,160126.0
SA,2005-07-31,167789.0
SA,2005-08-31,163876.0
SA,2005-09-30,168752.0
SA,2005-10-31,173529.0
SA,2005-11-30,164493.0
SA,2005-12-31,164930.0
SA,2006-01-31,166491.0
SA,2006-02-28,176513.0
SA,2006-03-31,176639.0
SA,2006-04-30,178303.0
SA,2006-05-31,174270.0
SA,2006-06-30,186757.0
SA,2006-07-31,183047.0
SA,2006-08-31,184456.0
SA,2006-09-30,183409.0
SA,2006-10-31,176912.0
SA,2006-11-30,182187.0
SA,2006-12-31,180232.0
SA,2007-01-31,162811.0
SA,2007-02-28,167161.0
SA,2007-03-31,173760.0
SA,2007-04-30,176426.0
SA,2007-05-31,175045.0
SA,2007-06-30,174925.0
SA,2007-07-31,182306.0
SA,2007-08-31,179411.0
SA,2007-09-30,183676.0
SA,2007-10-31,185464.0
SA,2007-11-30,194126.0
SA,2007-12-31,187931.0
SA,2008-01-31,188875.0
SA,2008-02-29,186008.0
SA,2008-03-31,190576.0
SA,2008-04-30,192373.0
SA,2008-05-31,191931.0
SA,2008-06-30,196585.0
SA,2008-07-31,200326.0
SA,2008-08-31,192647.0
SA,2008-09-30,198637.0
SA,2008-10-31,202352.0
SA,2008-11-30,205029.0
SA,2008-12-31,206302.0
SA,2009-01-31,195194.0
SA,2009-02-28,194525.0
SA,2009-03-31,210368.0
SA,2009-04-30,210676.0
SA,2009-05-31,208597.0
SA,2009-06-30,217303.0
SA,2009-07-31,221495.0
SA,2009-08-31,226359.0
SA,2009-09-30,227738.0
SA,2009-10-31,231625.0
SA,2009-11-30,234948.0
SA,2009-12-31,233984.0
SA,2010-01-31,239144.0
SA,2010-02-28,238485.0
SA,2010-03-31,247504.0
SA,2010-04-30,258455.0
SA,2010-05-31,258312.0
SA,2010-06-30,257723.0
SA,2010-07-31,267881.0
SA,2010-08-31,272344.0
SA,2010-09-30,273757.0
SA,2010-10-31,277186.0
SA,2010-11-30,266394.0
SA,2010-12-31,270365.0
SA,2011-01-31,267922.0
SA,2011-02-28,257231.0
SA,2011-03-31,269441.0
SA,2011-04-30,257753.0
SA,2011-05-31,238631.0
SA,2011-06-30,236452.0
SA,2011-07-31,239829.0
SA,2011-08-31,234696.0
SA,2011-09-30,238112.0
SA,2011-10-31,233516.0
SA,2011-11-30,231426.0
SA,2011-12-31,240564.0
SA,2012-01-31,254637.0
SA,2012-02-29,266783.0
SA,2012-03-31,273622.0
SA,2012-04-30,284041.0
SA,2012-05-31,278438.0
SA,2012-06-30,272153.0
SA,2012-07-31,271418.0
SA,2012-08-31,269148.0
SA,2012-09-30,269314.0
SA,2012-10-31,273073.0
SA,2012-11-30,278889.0
SA,2012-12-31,276626.0
SA,2013-01-31,274615.0
SA,2013-02-28,271871.0
SA,2013-03-31,271259.0
SA,2013-04-30,276211.0
SA,2013-05-31,273055.0
SA,2013-06-30,275358.0
SA,2013-07-31,275673.0
SA,2013-08-31,278515.0
SA,2013-09-30,281935.0
SA,2013-10-31,283057.0
SA,2013-11-30,290662.0
SA,2013-12-31,287904.0
SA,2014-01-31,283654.0
SA,2014-02-28,284246.0
SA,2014-03-31,287660.0
SA,2014-04-30,283841.0
SA,2014-05-31,280800.0
SA,2014-06-30,279372.0
SA,2014-07-31,285646.0
SA,2014-08-31,285566.0
SA,2014-09-30,294527.0
SA,2014-10-31,301325.0
SA,2014-11-30,305846.0
SA,2014-12-31,308729.0
SA,2015-01-31,303351.0
SA,2015-02-28,300164.0
SA,2015-03-31,304405.0
SA,2015-04-30,304057.0
SA,2015-05-31,313304.0
SA,2015-06-30,319498.0
SA,2015-07-31,320232.0
SA,2015-08-31,326615.0
SA,2015-09-30,322715.0
SA,2015-10-31,329430.0
SA,2015-11-30,326907.0
SA,2015-12-31,325474.0
SA,2016-01-31,314119.0
SA,2016-02-29,305599.0
SA,2016-03-31,296659.0
SA,2016-04-30,290858.0
SA,2016-05-31,289175.0
SA,2016-06-30,289445.0
SA,2016-07-31,281463.0
SA,2016-08-31,281010.0
SA,2016-09-30,278688.0
SA,2016-10-31,276586.0
SA,2016-11-30,274366.0
SA,2016-12-31,272621.0
SA,2017-01-31,261963.0
SA,2017-02-28,264704.0
SA,2017-03-31,267854.0
SA,2017-04-30,263927.0
SA,2017-05-31,258803.0
SA,2017-06-30,256550.0
SA,2017-07-31,255706.0
SA,2017-08-31,254615.0
SA,2017-09-30,253271.0
SA,2017-10-31,255922.0
SA,2017-11-30,249718.0
SA,2017-12-31,245009.0
SA,2018-01-31,240808.0
SA,2018-02-28,236928.0
SA,2018-03-31,235421.0
SA,2018-04-30,234428.0
SA,2018-05-31,235370.0
SA,2018-06-30,234917.0
SA,2018-07-31,229409.0
SA,2018-08-31,226588.0
SA,2018-09-30,223804.0
SA,2018-10-31,217380.0
SA,2018-11-30,208218.0
SA,2018-12-31,205376.0
SA,2019-01-31,200834.0
SA,2019-02-28,204567.0
SA,2019-03-31,200968.0
SA,2019-04-30,193486.0
SA,2019-05-31,187723.0
SA,2019-06-30,187900.0
SA,2019-07-31,179796.0
SA,2019-08-31,172753.0
SA,2019-09-30,152482.0
SA,2019-10-31,168078.0
SA,2019-11-30,167013.0
SA,2019-12-31,155199.0
SA,2020-01-31,153968.0
SA,2020-02-29,153286.0
SA,2020-03-31,156249.0
SA,2020-04-30,143502.0
SA,2020-05-31,147561.0
SA,2020-06-30,153351.0
SA,2020-07-31,153767.0
SA,2020-08-31,145567.0
SA,2020-09-30,143983.0
SA,2020-10-31,144659.0
SA,2020-11-30,143432.0
SA,2020-12-31,140016.0
SA,2021-01-31,137207.0
SA,2021-02-28,134575.0
SA,2021-03-31,133338.0
SA,2021-04-30,134085.0
SA,2021-05-31,135775.0
SA,2021-06-30,135139.0
SA,2021-07-31,135105.0
SA,2021-08-31,133164.0
SA,2021-09-30,136542.0
SA,2021-10-31,136806.0
SA,2021-11-30,132378.0
SA,2021-12-31,134662.0
SA,2022-01-31,133742.0
SA,2022-02-28,137149.0
SA,2022-03-31,135847.0
SA,2022-04-30,139579.0
SA,2022-05-31,144421.0
SA,2022-06-30,141847.0
SA,2022-07-31,142058.0
SA,2022-08-31,141603.0
SA,2022-09-30,144774.0
SA,2022-10-31,148661.0
SA,2022-11-30,151625.0
SA,2022-12-31,148578.0
SA,2023-01-31,145654.0
SA,2023-02-28,151912.0
SA,2023-03-31,147420.0
SA,2023-04-30,149397.0
SA,2023-05-31,148241.0
SA,2023-06-30,149693.0
SA,2023-07-31,146731.0
SA,2023-08-31,150888.0
SA,2023-09-30,146247.0
SA,2023-10-31,149645.0
SA,2023-11-30,149789.0
SA,2023-12-31,149209.0
SA,2024-01-31,151823.0
SA,2024-02-29,145092.0
SA,2024-03-31,139285.0
SA,2024-04-30,145948.0
SA,2024-05-31,135945.0
SA,2024-06-30,134193.0
SA,2024-07-31,139553.0
SA,2024-08-31,136518.0
SA,2024-09-30,138612.0
SA,2024-10-31,141231.0
SA,2024-11-30,145131.0
SA,2024-12-31,147773.0
SA,2025-01-31,155926.0
SA,2025-02-28,145790.0
SA,2025-03-31,146366.0
SD,2002-01-31,
SD,2002-02-28,
SD,2002-03-31,
SD,2002-04-30,
SD,2002-05-31,
SD,2002-06-30,
SD,2002-07-31,
SD,2002-08-31,
SD,2002-09-30,
SD,2002-10-31,
SD,2002-11-30,
SD,2002-12-31,
SD,2003-01-31,
SD,2003-02-28,
SD,2003-03-31,
SD,2003-04-30,
SD,2003-05-31,
SD,2003-06-30,
SD,2003-07-31,
SD,2003-08-31,
SD,2003-09-30,
SD,2003-10-31,
SD,2003-11-30,
SD,2003-12-31,
SD,2004-01-31,
SD,2004-02-29,
SD,2004-03-31,
SD,2004-04-30,
SD,2004-05-31,
SD,2004-06-30,
SD,2004-07-31,
SD,2004-08-31,
SD,2004-09-30,
SD,2004-10-31,
SD,2004-11-30,
SD,2004-12-31,
SD,2005-01-31,
SD,2005-02-28,
SD,2005-03-31,
SD,2005-04-30,
SD,2005-05-31,
SD,2005-06-30,
SD,2005-07-31,
SD,2005-08-31,
SD,2005-09-30,
SD,2005-10-31,
SD,2005-11-30,
SD,2005-12-31,
SD,2006-01-31,
SD,2006-02-28,
SD,2006-03-31,
SD,2006-04-30,
SD,2006-05-31,
SD,2006-06-30,
SD,2006-07-31,
SD,2006-08-31,
SD,2006-09-30,
SD,2006-10-31,
SD,2006-11-30,
SD,2006-12-31,
SD,2007-01-31,
SD,2007-02-28,
SD,2007-03-31,
SD,2007-04-30,
SD,2007-05-31,
SD,2007-06-30,
SD,2007-07-31,
SD,2007-08-31,
SD,2007-09-30,
SD,2007-10-31,
SD,2007-11-30,
SD,2007-12-31,
SD,2008-01-31,
SD,2008-02-29,
SD,2008-03-31,
SD,2008-04-30,
SD,2008-05-31,
SD,2008-06-30,
SD,2008-07-31,
SD,2008-08-31,
SD,2008-09-30,
SD,2008-10-31,
SD,2008-11-30,
SD,2008-12-31,
SD,2009-01-31,
SD,2009-02-28,
SD,2009-03-31,
SD,2009-04-30,
SD,2009-05-31,
SD,2009-06-30,
SD,2009-07-31,
SD,2009-08-31,
SD,2009-09-30,
SD,2009-10-31,
SD,2009-11-30,
SD,2009-12-31,
SD,2010-01-31,
SD,2010-02-28,
SD,2010-03-31,
SD,2010-04-30,
SD,2010-05-31,
SD,2010-06-30,
SD,2010-07-31,
SD,2010-08-31,
SD,2010-09-30,
SD,2010-10-31,
SD,2010-11-30,
SD,2010-12-31,
SD,2011-01-31,
SD,2011-02-28,
SD,2011-03-31,
SD,2011-04-30,
SD,2011-05-31,
SD,2011-06-30,
SD,2011-07-31,
SD,2011-08-31,
SD,2011-09-30,
SD,2011-10-31,
SD,2011-11-30,
SD,2011-12-31,
SD,2012-01-31,
SD,2012-02-29,
SD,2012-03-31,
SD,2012-04-30,
SD,2012-05-31,
SD,2012-06-30,
SD,2012-07-31,
SD,2012-08-31,
SD,2012-09-30,
SD,2012-10-31,
SD,2012-11-30,
SD,2012-12-31,
SD,2013-01-31,
SD,2013-02-28,
SD,2013-03-31,
SD,2013-04-30,
SD,2013-05-31,
SD,2013-06-30,
SD,2013-07-31,
SD,2013-08-31,
SD,2013-09-30,
SD,2013-10-31,
SD,2013-11-30,
SD,2013-12-31,
SD,2014-01-31,
SD,2014-02-28,
SD,2014-03-31,
SD,2014-04-30,
SD,2014-05-31,
SD,2014-06-30,
SD,2014-07-31,
SD,2014-08-31,
SD,2014-09-30,
SD,2014-10-31,
SD,2014-11-30,
SD,2014-12-31,
SD,2015-01-31,
SD,2015-02-28,
SD,2015-03-31,
SD,2015-04-30,
SD,2015-05-31,
SD,2015-06-30,
SD,2015-07-31,
SD,2015-08-31,
SD,2015-09-30,
SD,2015-10-31,
SD,2015-11-30,
SD,2015-12-31,
SD,2016-01-31,
SD,2016-02-29,
SD,2016-03-31,
SD,2016-04-30,
SD,2016-05-31,
SD,2016-06-30,
SD,2016-07-31,
SD,2016-08-31,
SD,2016-09-30,
SD,2016-10-31,
SD,2016-11-30,
SD,2016-12-31,
SD,2017-01-31,
SD,2017-02-28,
SD,2017-03-31,
SD,2017-04-30,
SD,2017-05-31,
SD,2017-06-30,
SD,2017-07-31,
SD,2017-08-31,
SD,2017-09-30,
SD,2017-10-31,
SD,2017-11-30,
SD,2017-12-31,
SD,2018-01-31,
SD,2018-02-28,
SD,2018-03-31,
SD,2018-04-30,
SD,2018-05-31,
SD,2018-06-30,
SD,2018-07-31,
SD,2018-08-31,
SD,2018-09-30,
SD,2018-10-31,
SD,2018-11-30,
SD,2018-12-31,
SD,2019-01-31,
SD,2019-02-28,
SD,2019-03-31,
SD,2019-04-30,
SD,2019-05-31,
SD,2019-06-30,
SD,2019-07-31,
SD,2019-08-31,
SD,2019-09-30,
SD,2019-10-31,
SD,2019-11-30,
SD,2019-12-31,
SD,2020-01-31,
SD,2020-02-29,
SD,2020-03-31,
SD,2020-04-30,
SD,2020-05-31,
SD,2020-06-30,
SD,2020-07-31,
SD,2020-08-31,
SD,2020-09-30,
SD,2020-10-31,
SD,2020-11-30,
SD,2020-12-31,
SD,2021-01-31,
SD,2021-02-28,
SD,2021-03-31,
SD,2021-04-30,
SD,2021-05-31,
SD,2021-06-30,
SD,2021-07-31,
SD,2021-08-31,
SD,2021-09-30,
SD,2021-10-31,
SD,2021-11-30,
SD,2021-12-31,
SD,2022-01-31,
SD,2022-02-28,
SD,2022-03-31,
SD,2022-04-30,
SD,2022-05-31,
SD,2022-06-30,
SD,2022-07-31,
SD,2022-08-31,
SD,2022-09-30,
SD,2022-10-31,
SD,2022-11-30,
SD,2022-12-31,
SD,2023-01-31,
SD,2023-02-28,
SD,2023-03-31,
SD,2023-04-30,
SD,2023-05-31,
SD,2023-06-30,
SD,2023-07-31,
SD,2023-08-31,
SD,2023-09-30,
SD,2023-10-31,
SD,2023-11-30,
SD,2023-12-31,
SD,2024-01-31,
SD,2024-02-29,
SD,2024-03-31,
SD,2024-04-30,
SD,2024-05-31,
SD,2024-06-30,
SD,2024-07-31,
SD,2024-08-31,
SD,2024-09-30,
SD,2024-10-31,
SD,2024-11-30,
SD,2024-12-31,
SD,2025-01-31,
SD,2025-02-28,
SD,2025-03-31,
SE,2002-01-31,9905.28
SE,2002-02-28,12558.48
SE,2002-03-31,12160.5
SE,2002-04-30,11032.89
SE,2002-05-31,6831.99
SE,2002-06-30,8851.37
SE,2002-07-31,9573.63
SE,2002-08-31,8025.93
SE,2002-09-30,8165.96
SE,2002-10-31,7583.73
SE,2002-11-30,7959.6
SE,2002-12-31,8291.25
SE,2003-01-31,7679.54
SE,2003-02-28,10642.28
SE,2003-03-31,11703.56
SE,2003-04-30,10664.39
SE,2003-05-31,9816.84
SE,2003-06-30,10973.93
SE,2003-07-31,9905.28
SE,2003-08-31,9109.32
SE,2003-09-30,8821.89
SE,2003-10-31,9168.28
SE,2003-11-30,9743.14
SE,2003-12-31,11312.95
SE,2004-01-31,9912.65
SE,2004-02-29,9787.36
SE,2004-03-31,9345.16
SE,2004-04-30,10539.1
SE,2004-05-31,13332.33
SE,2004-06-30,8571.31
SE,2004-07-31,8984.03
SE,2004-08-31,8129.11
SE,2004-09-30,7834.31
SE,2004-10-31,8475.5
SE,2004-11-30,10015.83
SE,2004-12-31,11143.44
SE,2005-01-31,11784.63
SE,2005-02-28,11342.43
SE,2005-03-31,10487.51
SE,2005-04-30,13450.25
SE,2005-05-31,13870.34
SE,2005-06-30,11932.03
SE,2005-07-31,11607.75
SE,2005-08-31,9632.59
SE,2005-09-30,10362.22
SE,2005-10-31,8556.57
SE,2005-11-30,9153.54
SE,2005-12-31,11799.37
SE,2006-01-31,10760.2
SE,2006-02-28,13236.52
SE,2006-03-31,13509.21
SE,2006-04-30,12226.83
SE,2006-05-31,15196.94
SE,2006-06-30,12713.25
SE,2006-07-31,12381.6
SE,2006-08-31,9558.89
SE,2006-09-30,9875.8
SE,2006-10-31,11327.69
SE,2006-11-30,8984.03
SE,2006-12-31,7731.13
SE,2007-01-31,9448.34
SE,2007-02-28,9757.88
SE,2007-03-31,10421.18
SE,2007-04-30,12978.57
SE,2007-05-31,11379.28
SE,2007-06-30,9853.69
SE,2007-07-31,10074.79
SE,2007-08-31,7731.13
SE,2007-09-30,8305.99
SE,2007-10-31,8770.3
SE,2007-11-30,8305.99
SE,2007-12-31,7804.83
SE,2008-01-31,9706.29
SE,2008-02-29,10229.56
SE,2008-03-31,10679.13
SE,2008-04-30,11585.64
SE,2008-05-31,10340.11
SE,2008-06-30,9588.37
SE,2008-07-31,9669.44
SE,2008-08-31,10214.82
SE,2008-09-30,8040.67
SE,2008-10-31,8622.9
SE,2008-11-30,7045.72
SE,2008-12-31,10892.86
SE,2009-01-31,12374.23
SE,2009-02-28,13472.36
SE,2009-03-31,13214.41
SE,2009-04-30,13273.37
SE,2009-05-31,12543.74
SE,2009-06-30,12676.4
SE,2009-07-31,10723.35
SE,2009-08-31,9271.46
SE,2009-09-30,9323.05
SE,2009-10-31,7266.82
SE,2009-11-30,8195.44
SE,2009-12-31,8519.72
SE,2010-01-31,8084.89
SE,2010-02-28,10045.31
SE,2010-03-31,11342.43
SE,2010-04-30,11386.65
SE,2010-05-31,10848.64
SE,2010-06-30,8925.07
SE,2010-07-31,11534.05
SE,2010-08-31,8667.12
SE,2010-09-30,7723.76
SE,2010-10-31,8217.55
SE,2010-11-30,6212.91
SE,2010-12-31,7045.72
SE,2011-01-31,8261.77
SE,2011-02-28,9514.67
SE,2011-03-31,9337.79
SE,2011-04-30,8372.32
SE,2011-05-31,9278.83
SE,2011-06-30,6986.76
SE,2011-07-31,6714.07
SE,2011-08-31,6050.77
SE,2011-09-30,6161.32
SE,2011-10-31,6574.04
SE,2011-11-30,5726.49
SE,2011-12-31,7716.39
SE,2012-01-31,7097.31
SE,2012-02-29,7532.14
SE,2012-03-31,9735.77
SE,2012-04-30,9138.8
SE,2012-05-31,8387.06
SE,2012-06-30,7598.47
SE,2012-07-31,7613.21
SE,2012-08-31,7642.69
SE,2012-09-30,7679.54
SE,2012-10-31,7023.61
SE,2012-11-30,7436.33
SE,2012-12-31,6633.0
SE,2013-01-31,6448.75
SE,2013-02-28,7406.85
SE,2013-03-31,8571.31
SE,2013-04-30,7244.71
SE,2013-05-31,9241.98
SE,2013-06-30,8291.25
SE,2013-07-31,9536.78
SE,2013-08-31,5977.07
SE,2013-09-30,6456.12
SE,2013-10-31,9757.88
SE,2013-11-30,9241.98
SE,2013-12-31,8667.12
SE,2014-01-31,7679.54
SE,2014-02-28,8232.29
SE,2014-03-31,8578.68
SE,2014-04-30,7989.08
SE,2014-05-31,9020.88
SE,2014-06-30,7694.28
SE,2014-07-31,9116.69
SE,2014-08-31,7465.81
SE,2014-09-30,7193.12
SE,2014-10-31,7311.04
SE,2014-11-30,6588.78
SE,2014-12-31,7885.9
SE,2015-01-31,7244.71
SE,2015-02-28,8615.53
SE,2015-03-31,10288.52
SE,2015-04-30,10671.76
SE,2015-05-31,10170.6
SE,2015-06-30,7451.07
SE,2015-07-31,8129.11
SE,2015-08-31,5910.74
SE,2015-09-30,6942.54
SE,2015-10-31,8821.89
SE,2015-11-30,8615.53
SE,2015-12-31,8895.59
SE,2016-01-31,13752.42
SE,2016-02-29,12108.91
SE,2016-03-31,14224.1
SE,2016-04-30,13406.03
SE,2016-05-31,13826.12
SE,2016-06-30,12256.31
SE,2016-07-31,14415.72
SE,2016-08-31,13811.38
SE,2016-09-30,14120.92
SE,2016-10-31,10929.71
SE,2016-11-30,12440.56
SE,2016-12-31,13037.53
SE,2017-01-31,13280.74
SE,2017-02-28,13612.39
SE,2017-03-31,14415.72
SE,2017-04-30,14784.22
SE,2017-05-31,17267.91
SE,2017-06-30,17260.54
SE,2017-07-31,15049.54
SE,2017-08-31,14268.32
SE,2017-09-30,13266.0
SE,2017-10-31,12698.51
SE,2017-11-30,10981.3
SE,2017-12-31,8998.77
SE,2018-01-31,8726.08
SE,2018-02-28,8541.83
SE,2018-03-31,10472.77
SE,2018-04-30,11040.26
SE,2018-05-31,7826.94
SE,2018-06-30,9735.77
SE,2018-07-31,8188.07
SE,2018-08-31,8276.51
SE,2018-09-30,8025.93
SE,2018-10-31,9743.14
SE,2018-11-30,8357.58
SE,2018-12-31,9175.65
SE,2019-01-31,10067.42
SE,2019-02-28,9772.62
SE,2019-03-31,9595.74
SE,2019-04-30,13605.02
SE,2019-05-31,14452.57
SE,2019-06-30,9934.76
SE,2019-07-31,8755.56
SE,2019-08-31,10244.3
SE,2019-09-30,10119.01
SE,2019-10-31,10583.32
SE,2019-11-30,10458.03
SE,2019-12-31,9138.8
SE,2020-01-31,8718.71
SE,2020-02-29,7539.51
SE,2020-03-31,10892.86
SE,2020-04-30,14334.65
SE,2020-05-31,15874.98
SE,2020-06-30,17474.27
SE,2020-07-31,15263.27
SE,2020-08-31,15410.67
SE,2020-09-30,16648.83
SE,2020-10-31,14039.85
SE,2020-11-30,16044.49
SE,2020-12-31,17068.92
SE,2021-01-31,14946.36
SE,2021-02-28,12470.04
SE,2021-03-31,9146.17
SE,2021-04-30,9374.64
SE,2021-05-31,9573.63
SE,2021-06-30,9087.21
SE,2021-07-31,8129.11
SE,2021-08-31,7804.83
SE,2021-09-30,7296.3
SE,2021-10-31,7473.18
SE,2021-11-30,6618.26
SE,2021-12-31,6883.58
SE,2022-01-31,6633.0
SE,2022-02-28,7480.55
SE,2022-03-31,7458.44
SE,2022-04-30,7355.26
SE,2022-05-31,8895.59
SE,2022-06-30,7834.31
SE,2022-07-31,9389.38
SE,2022-08-31,8269.14
SE,2022-09-30,7428.96
SE,2022-10-31,7650.06
SE,2022-11-30,9197.76
SE,2022-12-31,10340.11
SE,2023-01-31,9647.33
SE,2023-02-28,8320.73
SE,2023-03-31,8932.44
SE,2023-04-30,8888.22
SE,2023-05-31,11069.74
SE,2023-06-30,10546.47
SE,2023-07-31,7819.57
SE,2023-08-31,7465.81
SE,2023-09-30,7937.49
SE,2023-10-31,10443.29
SE,2023-11-30,8232.29
SE,2023-12-31,8504.98
SE,2024-01-31,8622.9
SE,2024-02-29,9883.17
SE,2024-03-31,9079.84
SE,2024-04-30,9411.49
SE,2024-05-31,11482.46
SE,2024-06-30,8637.64
SE,2024-07-31,9352.53
SE,2024-08-31,9013.51
SE,2024-09-30,8335.47
SE,2024-10-31,9013.51
SE,2024-11-30,8984.03
SE,2024-12-31,10170.6
SE,2025-01-31,10030.57
SE,2025-02-28,7244.71
SE,2025-03-31,0.0
SG,2002-01-31,
SG,2002-02-28,
SG,2002-03-31,
SG,2002-04-30,
SG,2002-05-31,
SG,2002-06-30,
SG,2002-07-31,
SG,2002-08-31,
SG,2002-09-30,
SG,2002-10-31,
SG,2002-11-30,
SG,2002-12-31,
SG,2003-01-31,
SG,2003-02-28,
SG,2003-03-31,
SG,2003-04-30,
SG,2003-05-31,
SG,2003-06-30,
SG,2003-07-31,
SG,2003-08-31,
SG,2003-09-30,
SG,2003-10-31,
SG,2003-11-30,
SG,2003-12-31,
SG,2004-01-31,
SG,2004-02-29,
SG,2004-03-31,
SG,2004-04-30,
SG,2004-05-31,
SG,2004-06-30,
SG,2004-07-31,
SG,2004-08-31,
SG,2004-09-30,
SG,2004-10-31,
SG,2004-11-30,
SG,2004-12-31,
SG,2005-01-31,
SG,2005-02-28,
SG,2005-03-31,
SG,2005-04-30,
SG,2005-05-31,
SG,2005-06-30,
SG,2005-07-31,
SG,2005-08-31,
SG,2005-09-30,
SG,2005-10-31,
SG,2005-11-30,
SG,2005-12-31,
SG,2006-01-31,
SG,2006-02-28,
SG,2006-03-31,
SG,2006-04-30,
SG,2006-05-31,
SG,2006-06-30,
SG,2006-07-31,
SG,2006-08-31,
SG,2006-09-30,
SG,2006-10-31,
SG,2006-11-30,
SG,2006-12-31,
SG,2007-01-31,
SG,2007-02-28,
SG,2007-03-31,
SG,2007-04-30,
SG,2007-05-31,
SG,2007-06-30,
SG,2007-07-31,
SG,2007-08-31,
SG,2007-09-30,
SG,2007-10-31,
SG,2007-11-30,
SG,2007-12-31,
SG,2008-01-31,
SG,2008-02-29,
SG,2008-03-31,
SG,2008-04-30,
SG,2008-05-31,
SG,2008-06-30,
SG,2008-07-31,
SG,2008-08-31,
SG,2008-09-30,
SG,2008-10-31,
SG,2008-11-30,
SG,2008-12-31,
SG,2009-01-31,
SG,2009-02-28,
SG,2009-03-31,
SG,2009-04-30,
SG,2009-05-31,
SG,2009-06-30,
SG,2009-07-31,
SG,2009-08-31,
SG,2009-09-30,
SG,2009-10-31,
SG,2009-11-30,
SG,2009-12-31,
SG,2010-01-31,
SG,2010-02-28,
SG,2010-03-31,
SG,2010-04-30,
SG,2010-05-31,
SG,2010-06-30,
SG,2010-07-31,
SG,2010-08-31,
SG,2010-09-30,
SG,2010-10-31,
SG,2010-11-30,
SG,2010-12-31,
SG,2011-01-31,
SG,2011-02-28,
SG,2011-03-31,
SG,2011-04-30,
SG,2011-05-31,
SG,2011-06-30,
SG,2011-07-31,
SG,2011-08-31,
SG,2011-09-30,
SG,2011-10-31,
SG,2011-11-30,
SG,2011-12-31,
SG,2012-01-31,
SG,2012-02-29,
SG,2012-03-31,
SG,2012-04-30,
SG,2012-05-31,
SG,2012-06-30,
SG,2012-07-31,
SG,2012-08-31,
SG,2012-09-30,
SG,2012-10-31,
SG,2012-11-30,
SG,2012-12-31,
SG,2013-01-31,
SG,2013-02-28,
SG,2013-03-31,
SG,2013-04-30,
SG,2013-05-31,
SG,2013-06-30,
SG,2013-07-31,
SG,2013-08-31,
SG,2013-09-30,
SG,2013-10-31,
SG,2013-11-30,
SG,2013-12-31,
SG,2014-01-31,
SG,2014-02-28,
SG,2014-03-31,
SG,2014-04-30,
SG,2014-05-31,
SG,2014-06-30,
SG,2014-07-31,
SG,2014-08-31,
SG,2014-09-30,
SG,2014-10-31,
SG,2014-11-30,
SG,2014-12-31,
SG,2015-01-31,
SG,2015-02-28,
SG,2015-03-31,
SG,2015-04-30,
SG,2015-05-31,
SG,2015-06-30,
SG,2015-07-31,
SG,2015-08-31,
SG,2015-09-30,
SG,2015-10-31,
SG,2015-11-30,
SG,2015-12-31,
SG,2016-01-31,
SG,2016-02-29,
SG,2016-03-31,
SG,2016-04-30,
SG,2016-05-31,
SG,2016-06-30,
SG,2016-07-31,
SG,2016-08-31,
SG,2016-09-30,
SG,2016-10-31,
SG,2016-11-30,
SG,2016-12-31,
SG,2017-01-31,
SG,2017-02-28,
SG,2017-03-31,
SG,2017-04-30,
SG,2017-05-31,
SG,2017-06-30,
SG,2017-07-31,
SG,2017-08-31,
SG,2017-09-30,
SG,2017-10-31,
SG,2017-11-30,
SG,2017-12-31,
SG,2018-01-31,
SG,2018-02-28,
SG,2018-03-31,
SG,2018-04-30,
SG,2018-05-31,
SG,2018-06-30,
SG,2018-07-31,
SG,2018-08-31,
SG,2018-09-30,
SG,2018-10-31,
SG,2018-11-30,
SG,2018-12-31,
SG,2019-01-31,
SG,2019-02-28,
SG,2019-03-31,
SG,2019-04-30,
SG,2019-05-31,
SG,2019-06-30,
SG,2019-07-31,
SG,2019-08-31,
SG,2019-09-30,
SG,2019-10-31,
SG,2019-11-30,
SG,2019-12-31,
SG,2020-01-31,
SG,2020-02-29,
SG,2020-03-31,
SG,2020-04-30,
SG,2020-05-31,
SG,2020-06-30,
SG,2020-07-31,
SG,2020-08-31,
SG,2020-09-30,
SG,2020-10-31,
SG,2020-11-30,
SG,2020-12-31,
SG,2021-01-31,
SG,2021-02-28,
SG,2021-03-31,
SG,2021-04-30,
SG,2021-05-31,
SG,2021-06-30,
SG,2021-07-31,
SG,2021-08-31,
SG,2021-09-30,
SG,2021-10-31,
SG,2021-11-30,
SG,2021-12-31,
SG,2022-01-31,
SG,2022-02-28,
SG,2022-03-31,
SG,2022-04-30,
SG,2022-05-31,
SG,2022-06-30,
SG,2022-07-31,
SG,2022-08-31,
SG,2022-09-30,
SG,2022-10-31,
SG,2022-11-30,
SG,2022-12-31,
SG,2023-01-31,
SG,2023-02-28,
SG,2023-03-31,
SG,2023-04-30,
SG,2023-05-31,
SG,2023-06-30,
SG,2023-07-31,
SG,2023-08-31,
SG,2023-09-30,
SG,2023-10-31,
SG,2023-11-30,
SG,2023-12-31,
SG,2024-01-31,
SG,2024-02-29,
SG,2024-03-31,
SG,2024-04-30,
SG,2024-05-31,
SG,2024-06-30,
SG,2024-07-31,
SG,2024-08-31,
SG,2024-09-30,
SG,2024-10-31,
SG,2024-11-30,
SG,2024-12-31,
SG,2025-01-31,
SG,2025-02-28,
SG,2025-03-31,
SK,2002-01-31,2474.7
SK,2002-02-28,2095.02
SK,2002-03-31,1972.98
SK,2002-04-30,2156.04
SK,2002-05-31,2698.44
SK,2002-06-30,1878.06
SK,2002-07-31,1620.42
SK,2002-08-31,1572.96
SK,2002-09-30,1532.28
SK,2002-10-31,1335.66
SK,2002-11-30,1945.86
SK,2002-12-31,1844.16
SK,2003-01-31,1925.52
SK,2003-02-28,1837.38
SK,2003-03-31,1647.54
SK,2003-04-30,1742.46
SK,2003-05-31,1864.5
SK,2003-06-30,1898.4
SK,2003-07-31,1803.48
SK,2003-08-31,1783.14
SK,2003-09-30,1579.74
SK,2003-10-31,1457.7
SK,2003-11-30,1471.26
SK,2003-12-31,1593.3
SK,2004-01-31,1417.02
SK,2004-02-29,1857.72
SK,2004-03-31,1430.58
SK,2004-04-30,1505.16
SK,2004-05-31,1742.46
SK,2004-06-30,2061.12
SK,2004-07-31,2054.34
SK,2004-08-31,1939.08
SK,2004-09-30,2013.66
SK,2004-10-31,1627.2
SK,2004-11-30,2474.7
SK,2004-12-31,2827.26
SK,2005-01-31,1837.38
SK,2005-02-28,2264.52
SK,2005-03-31,1362.78
SK,2005-04-30,2596.74
SK,2005-05-31,2495.04
SK,2005-06-30,1959.42
SK,2005-07-31,1233.96
SK,2005-08-31,684.78
SK,2005-09-30,813.6
SK,2005-10-31,732.24
SK,2005-11-30,1491.6
SK,2005-12-31,2223.84
SK,2006-01-31,2434.02
SK,2006-02-28,3017.1
SK,2006-03-31,3267.96
SK,2006-04-30,3552.72
SK,2006-05-31,3152.7
SK,2006-06-30,2881.5
SK,2006-07-31,2766.24
SK,2006-08-31,2610.3
SK,2006-09-30,2379.78
SK,2006-10-31,3328.98
SK,2006-11-30,2596.74
SK,2006-12-31,2766.24
SK,2007-01-31,2176.38
SK,2007-02-28,1844.16
SK,2007-03-31,1850.94
SK,2007-04-30,1850.94
SK,2007-05-31,2427.24
SK,2007-06-30,2034.0
SK,2007-07-31,2067.9
SK,2007-08-31,2183.16
SK,2007-09-30,3227.28
SK,2007-10-31,3193.38
SK,2007-11-30,3186.6
SK,2007-12-31,3451.02
SK,2008-01-31,3423.9
SK,2008-02-29,3518.82
SK,2008-03-31,3471.36
SK,2008-04-30,4095.12
SK,2008-05-31,3803.58
SK,2008-06-30,3905.28
SK,2008-07-31,3695.1
SK,2008-08-31,3098.46
SK,2008-09-30,3091.68
SK,2008-10-31,3166.26
SK,2008-11-30,3213.72
SK,2008-12-31,3627.3
SK,2009-01-31,3876.62
SK,2009-02-28,4311.45
SK,2009-03-31,4259.86
SK,2009-04-30,3854.51
SK,2009-05-31,3876.62
SK,2009-06-30,4024.02
SK,2009-07-31,4171.42
SK,2009-08-31,3891.36
SK,2009-09-30,3839.77
SK,2009-10-31,3788.18
SK,2009-11-30,3788.18
SK,2009-12-31,3972.43
SK,2010-01-31,4687.32
SK,2010-02-28,4363.04
SK,2010-03-31,4082.98
SK,2010-04-30,4650.47
SK,2010-05-31,4090.35
SK,2010-06-30,4326.19
SK,2010-07-31,4326.19
SK,2010-08-31,3979.8
SK,2010-09-30,4053.5
SK,2010-10-31,3979.8
SK,2010-11-30,4186.16
SK,2010-12-31,4060.87
SK,2011-01-31,3987.17
SK,2011-02-28,4105.09
SK,2011-03-31,4186.16
SK,2011-04-30,4082.98
SK,2011-05-31,4082.98
SK,2011-06-30,4097.72
SK,2011-07-31,4001.91
SK,2011-08-31,4060.87
SK,2011-09-30,4024.02
SK,2011-10-31,3979.8
SK,2011-11-30,4311.45
SK,2011-12-31,4289.34
SK,2012-01-31,4053.5
SK,2012-02-29,4046.13
SK,2012-03-31,3920.84
SK,2012-04-30,4097.72
SK,2012-05-31,4606.25
SK,2012-06-30,3950.32
SK,2012-07-31,3928.21
SK,2012-08-31,4200.9
SK,2012-09-30,4348.3
SK,2012-10-31,3972.43
SK,2012-11-30,3957.69
SK,2012-12-31,4112.46
SK,2013-01-31,4090.35
SK,2013-02-28,4031.39
SK,2013-03-31,4097.72
SK,2013-04-30,4082.98
SK,2013-05-31,4075.61
SK,2013-06-30,4274.6
SK,2013-07-31,4178.79
SK,2013-08-31,4016.65
SK,2013-09-30,3942.95
SK,2013-10-31,4134.57
SK,2013-11-30,4230.38
SK,2013-12-31,4628.36
SK,2014-01-31,4554.66
SK,2014-02-28,4643.1
SK,2014-03-31,4451.48
SK,2014-04-30,4422.0
SK,2014-05-31,4488.33
SK,2014-06-30,4650.47
SK,2014-07-31,4606.25
SK,2014-08-31,4377.78
SK,2014-09-30,4510.44
SK,2014-10-31,4569.4
SK,2014-11-30,4436.74
SK,2014-12-31,5129.52
SK,2015-01-31,4473.59
SK,2015-02-28,4672.58
SK,2015-03-31,4886.31
SK,2015-04-30,4901.05
SK,2015-05-31,5004.23
SK,2015-06-30,5070.56
SK,2015-07-31,4849.46
SK,2015-08-31,4768.39
SK,2015-09-30,4731.54
SK,2015-10-31,4790.5
SK,2015-11-30,4716.8
SK,2015-12-31,4923.16
SK,2016-01-31,4768.39
SK,2016-02-29,4702.06
SK,2016-03-31,5313.77
SK,2016-04-30,5483.28
SK,2016-05-31,5335.88
SK,2016-06-30,5697.01
SK,2016-07-31,4923.16
SK,2016-08-31,5107.41
SK,2016-09-30,4945.27
SK,2016-10-31,5026.34
SK,2016-11-30,5085.3
SK,2016-12-31,5313.77
SK,2017-01-31,5240.07
SK,2017-02-28,5136.89
SK,2017-03-31,5638.05
SK,2017-04-30,5018.97
SK,2017-05-31,5335.88
SK,2017-06-30,5807.56
SK,2017-07-31,5350.62
SK,2017-08-31,5409.58
SK,2017-09-30,5077.93
SK,2017-10-31,5122.15
SK,2017-11-30,4812.61
SK,2017-12-31,5166.37
SK,2018-01-31,4930.53
SK,2018-02-28,4930.53
SK,2018-03-31,5217.96
SK,2018-04-30,5159.0
SK,2018-05-31,4657.84
SK,2018-06-30,5041.08
SK,2018-07-31,5328.51
SK,2018-08-31,4915.79
SK,2018-09-30,5018.97
SK,2018-10-31,4871.57
SK,2018-11-30,4996.86
SK,2018-12-31,5225.33
SK,2019-01-31,5004.23
SK,2019-02-28,4864.2
SK,2019-03-31,5026.34
SK,2019-04-30,4724.17
SK,2019-05-31,5077.93
SK,2019-06-30,4878.94
SK,2019-07-31,5321.14
SK,2019-08-31,5372.73
SK,2019-09-30,4982.12
SK,2019-10-31,5291.66
SK,2019-11-30,5181.11
SK,2019-12-31,5468.54
SK,2020-01-31,5225.33
SK,2020-02-29,5328.51
SK,2020-03-31,5667.53
SK,2020-04-30,5424.32
SK,2020-05-31,5851.78
SK,2020-06-30,5593.83
SK,2020-07-31,5844.41
SK,2020-08-31,5844.41
SK,2020-09-30,6028.66
SK,2020-10-31,6345.57
SK,2020-11-30,5999.18
SK,2020-12-31,6058.14
SK,2021-01-31,5984.44
SK,2021-02-28,5940.22
SK,2021-03-31,5372.73
SK,2021-04-30,5623.31
SK,2021-05-31,5792.82
SK,2021-06-30,5969.7
SK,2021-07-31,5785.45
SK,2021-08-31,5667.53
SK,2021-09-30,5711.75
SK,2021-10-31,5888.63
SK,2021-11-30,5726.49
SK,2021-12-31,5763.34
SK,2022-01-31,5711.75
SK,2022-02-28,5733.86
SK,2022-03-31,6161.32
SK,2022-04-30,6485.6
SK,2022-05-31,7038.35
SK,2022-06-30,6898.32
SK,2022-07-31,6492.97
SK,2022-08-31,6463.49
SK,2022-09-30,6684.59
SK,2022-10-31,6316.09
SK,2022-11-30,5932.85
SK,2022-12-31,6235.02
SK,2023-01-31,6927.8
SK,2023-02-28,6382.42
SK,2023-03-31,6596.15
SK,2023-04-30,6463.49
SK,2023-05-31,7325.78
SK,2023-06-30,6883.58
SK,2023-07-31,6463.49
SK,2023-08-31,7642.69
SK,2023-09-30,7126.79
SK,2023-10-31,7930.12
SK,2023-11-30,7303.67
SK,2023-12-31,7642.69
SK,2024-01-31,7311.04
SK,2024-02-29,8129.11
SK,2024-03-31,8423.91
SK,2024-04-30,7819.57
SK,2024-05-31,7428.96
SK,2024-06-30,6574.04
SK,2024-07-31,6463.49
SK,2024-08-31,6551.93
SK,2024-09-30,7908.01
SK,2024-10-31,8504.98
SK,2024-11-30,8364.95
SK,2024-12-31,7392.11
SK,2025-01-31,7900.64
SK,2025-02-28,8033.3
SK,2025-03-31,7767.98
SR,2002-01-31,0.0
SR,2002-02-28,0.0
SR,2002-03-31,0.0
SR,2002-04-30,0.0
SR,2002-05-31,0.0
SR,2002-06-30,0.0
SR,2002-07-31,0.0
SR,2002-08-31,0.0
SR,2002-09-30,0.0
SR,2002-10-31,0.0
SR,2002-11-30,0.0
SR,2002-12-31,0.0
SR,2003-01-31,0.0
SR,2003-02-28,0.0
SR,2003-03-31,0.0
SR,2003-04-30,0.0
SR,2003-05-31,0.0
SR,2003-06-30,0.0
SR,2003-07-31,0.0
SR,2003-08-31,0.0
SR,2003-09-30,0.0
SR,2003-10-31,0.0
SR,2003-11-30,0.0
SR,2003-12-31,0.0
SR,2004-01-31,0.0
SR,2004-02-29,0.0
SR,2004-03-31,0.0
SR,2004-04-30,0.0
SR,2004-05-31,0.0
SR,2004-06-30,0.0
SR,2004-07-31,0.0
SR,2004-08-31,0.0
SR,2004-09-30,0.0
SR,2004-10-31,0.0
SR,2004-11-30,0.0
SR,2004-12-31,0.0
SR,2005-01-31,0.0
SR,2005-02-28,0.0
SR,2005-03-31,0.0
SR,2005-04-30,0.0
SR,2005-05-31,0.0
SR,2005-06-30,0.0
SR,2005-07-31,0.0
SR,2005-08-31,0.0
SR,2005-09-30,0.0
SR,2005-10-31,0.0
SR,2005-11-30,0.0
SR,2005-12-31,0.0
SR,2006-01-31,0.0
SR,2006-02-28,0.0
SR,2006-03-31,0.0
SR,2006-04-30,0.0
SR,2006-05-31,0.0
SR,2006-06-30,0.0
SR,2006-07-31,0.0
SR,2006-08-31,0.0
SR,2006-09-30,0.0
SR,2006-10-31,0.0
SR,2006-11-30,0.0
SR,2006-12-31,0.0
SR,2007-01-31,0.0
SR,2007-02-28,0.0
SR,2007-03-31,0.0
SR,2007-04-30,0.0
SR,2007-05-31,0.0
SR,2007-06-30,0.0
SR,2007-07-31,0.0
SR,2007-08-31,0.0
SR,2007-09-30,0.0
SR,2007-10-31,0.0
SR,2007-11-30,0.0
SR,2007-12-31,0.0
SR,2008-01-31,0.0
SR,2008-02-29,0.0
SR,2008-03-31,0.0
SR,2008-04-30,0.0
SR,2008-05-31,0.0
SR,2008-06-30,0.0
SR,2008-07-31,0.0
SR,2008-08-31,0.0
SR,2008-09-30,0.0
SR,2008-10-31,0.0
SR,2008-11-30,0.0
SR,2008-12-31,0.0
SR,2009-01-31,0.0
SR,2009-02-28,0.0
SR,2009-03-31,0.0
SR,2009-04-30,0.0
SR,2009-05-31,0.0
SR,2009-06-30,0.0
SR,2009-07-31,0.0
SR,2009-08-31,0.0
SR,2009-09-30,0.0
SR,2009-10-31,0.0
SR,2009-11-30,0.0
SR,2009-12-31,0.0
SR,2010-01-31,0.0
SR,2010-02-28,0.0
SR,2010-03-31,0.0
SR,2010-04-30,0.0
SR,2010-05-31,0.0
SR,2010-06-30,0.0
SR,2010-07-31,0.0
SR,2010-08-31,0.0
SR,2010-09-30,0.0
SR,2010-10-31,0.0
SR,2010-11-30,0.0
SR,2010-12-31,0.0
SR,2011-01-31,0.0
SR,2011-02-28,0.0
SR,2011-03-31,0.0
SR,2011-04-30,0.0
SR,2011-05-31,0.0
SR,2011-06-30,0.0
SR,2011-07-31,0.0
SR,2011-08-31,0.0
SR,2011-09-30,0.0
SR,2011-10-31,0.0
SR,2011-11-30,0.0
SR,2011-12-31,0.0
SR,2012-01-31,0.0
SR,2012-02-29,0.0
SR,2012-03-31,0.0
SR,2012-04-30,0.0
SR,2012-05-31,0.0
SR,2012-06-30,0.0
SR,2012-07-31,0.0
SR,2012-08-31,0.0
SR,2012-09-30,0.0
SR,2012-10-31,0.0
SR,2012-11-30,0.0
SR,2012-12-31,0.0
SR,2013-01-31,0.0
SR,2013-02-28,0.0
SR,2013-03-31,0.0
SR,2013-04-30,0.0
SR,2013-05-31,0.0
SR,2013-06-30,0.0
SR,2013-07-31,0.0
SR,2013-08-31,0.0
SR,2013-09-30,0.0
SR,2013-10-31,0.0
SR,2013-11-30,0.0
SR,2013-12-31,0.0
SR,2014-01-31,0.0
SR,2014-02-28,0.0
SR,2014-03-31,0.0
SR,2014-04-30,0.0
SR,2014-05-31,0.0
SR,2014-06-30,0.0
SR,2014-07-31,0.0
SR,2014-08-31,0.0
SR,2014-09-30,0.0
SR,2014-10-31,0.0
SR,2014-11-30,0.0
SR,2014-12-31,0.0
SR,2015-01-31,0.0
SR,2015-02-28,0.0
SR,2015-03-31,0.0
SR,2015-04-30,0.0
SR,2015-05-31,0.0
SR,2015-06-30,0.0
SR,2015-07-31,0.0
SR,2015-08-31,0.0
SR,2015-09-30,0.0
SR,2015-10-31,0.0
SR,2015-11-30,0.0
SR,2015-12-31,0.0
SR,2016-01-31,0.0
SR,2016-02-29,0.0
SR,2016-03-31,0.0
SR,2016-04-30,0.0
SR,2016-05-31,0.0
SR,2016-06-30,0.0
SR,2016-07-31,0.0
SR,2016-08-31,
SR,2016-09-30,
SR,2016-10-31,
SR,2016-11-30,
SR,2016-12-31,
SR,2017-01-31,
SR,2017-02-28,
SR,2017-03-31,
SR,2017-04-30,
SR,2017-05-31,
SR,2017-06-30,
SR,2017-07-31,
SR,2017-08-31,
SR,2017-09-30,
SR,2017-10-31,
SR,2017-11-30,
SR,2017-12-31,
SR,2018-01-31,
SR,2018-02-28,
SR,2018-03-31,
SR,2018-04-30,
SR,2018-05-31,
SR,2018-06-30,
SR,2018-07-31,
SR,2018-08-31,
SR,2018-09-30,
SR,2018-10-31,
SR,2018-11-30,
SR,2018-12-31,
SR,2019-01-31,
SR,2019-02-28,
SR,2019-03-31,
SR,2019-04-30,
SR,2019-05-31,
SR,2019-06-30,
SR,2019-07-31,
SR,2019-08-31,
SR,2019-09-30,
SR,2019-10-31,
SR,2019-11-30,
SR,2019-12-31,
SR,2020-01-31,
SR,2020-02-29,
SR,2020-03-31,
SR,2020-04-30,
SR,2020-05-31,
SR,2020-06-30,
SR,2020-07-31,
SR,2020-08-31,
SR,2020-09-30,
SR,2020-10-31,
SR,2020-11-30,
SR,2020-12-31,
SR,2021-01-31,
SR,2021-02-28,
SR,2021-03-31,
SR,2021-04-30,
SR,2021-05-31,
SR,2021-06-30,
SR,2021-07-31,
SR,2021-08-31,
SR,2021-09-30,
SR,2021-10-31,
SR,2021-11-30,
SR,2021-12-31,
SR,2022-01-31,
SR,2022-02-28,
SR,2022-03-31,
SR,2022-04-30,
SR,2022-05-31,
SR,2022-06-30,
SR,2022-07-31,
SR,2022-08-31,
SR,2022-09-30,
SR,2022-10-31,
SR,2022-11-30,
SR,2022-12-31,
SR,2023-01-31,
SR,2023-02-28,
SR,2023-03-31,
SR,2023-04-30,
SR,2023-05-31,
SR,2023-06-30,
SR,2023-07-31,
SR,2023-08-31,
SR,2023-09-30,
SR,2023-10-31,
SR,2023-11-30,
SR,2023-12-31,
SR,2024-01-31,
SR,2024-02-29,
SR,2024-03-31,
SR,2024-04-30,
SR,2024-05-31,
SR,2024-06-30,
SR,2024-07-31,
SR,2024-08-31,
SR,2024-09-30,
SR,2024-10-31,
SR,2024-11-30,
SR,2024-12-31,
SR,2025-01-31,
SV,2002-01-31,573.0
SV,2002-02-28,780.0
SV,2002-03-31,510.0
SV,2002-04-30,439.0
SV,2002-05-31,514.0
SV,2002-06-30,371.0
SV,2002-07-31,476.0
SV,2002-08-31,426.0
SV,2002-09-30,704.0
SV,2002-10-31,538.0
SV,2002-11-30,686.0
SV,2002-12-31,177.0
SV,2003-01-31,242.0
SV,2003-02-28,570.0
SV,2003-03-31,710.0
SV,2003-04-30,364.0
SV,2003-05-31,311.0
SV,2003-06-30,228.0
SV,2003-07-31,222.0
SV,2003-08-31,217.0
SV,2003-09-30,560.0
SV,2003-10-31,684.0
SV,2003-11-30,537.0
SV,2003-12-31,371.0
SV,2004-01-31,402.0
SV,2004-02-29,705.0
SV,2004-03-31,479.0
SV,2004-04-30,0.0
SV,2004-05-31,0.0
SV,2004-06-30,0.0
SV,2004-07-31,0.0
SV,2004-08-31,0.0
SV,2004-09-30,0.0
SV,2004-10-31,0.0
SV,2004-11-30,0.0
SV,2004-12-31,0.0
SV,2005-01-31,486.0
SV,2005-02-28,348.0
SV,2005-03-31,682.0
SV,2005-04-30,561.0
SV,2005-05-31,392.0
SV,2005-06-30,543.0
SV,2005-07-31,344.0
SV,2005-08-31,575.0
SV,2005-09-30,769.0
SV,2005-10-31,669.0
SV,2005-11-30,396.0
SV,2005-12-31,200.0
SV,2006-01-31,304.0
SV,2006-02-28,396.0
SV,2006-03-31,625.0
SV,2006-04-30,394.0
SV,2006-05-31,305.0
SV,2006-06-30,632.0
SV,2006-07-31,504.0
SV,2006-08-31,504.0
SV,2006-09-30,437.0
SV,2006-10-31,261.0
SV,2006-11-30,364.0
SV,2006-12-31,182.0
SV,2007-01-31,554.0
SV,2007-02-28,427.0
SV,2007-03-31,461.0
SV,2007-04-30,375.0
SV,2007-05-31,469.0
SV,2007-06-30,504.0
SV,2007-07-31,423.0
SV,2007-08-31,214.0
SV,2007-09-30,185.0
SV,2007-10-31,191.0
SV,2007-11-30,297.0
SV,2007-12-31,356.0
SV,2008-01-31,522.0
SV,2008-02-29,579.0
SV,2008-03-31,334.0
SV,2008-04-30,362.0
SV,2008-05-31,441.0
SV,2008-06-30,342.0
SV,2008-07-31,265.0
SV,2008-08-31,204.0
SV,2008-09-30,560.0
SV,2008-10-31,456.0
SV,2008-11-30,309.0
SV,2008-12-31,217.0
SV,2009-01-31,366.0
SV,2009-02-28,250.0
SV,2009-03-31,483.0
SV,2009-04-30,348.0
SV,2009-05-31,243.0
SV,2009-06-30,156.0
SV,2009-07-31,381.0
SV,2009-08-31,293.0
SV,2009-09-30,412.0
SV,2009-10-31,206.0
SV,2009-11-30,382.0
SV,2009-12-31,178.0
SV,2010-01-31,348.0
SV,2010-02-28,294.0
SV,2010-03-31,153.0
SV,2010-04-30,400.0
SV,2010-05-31,264.0
SV,2010-06-30,462.0
SV,2010-07-31,495.0
SV,2010-08-31,456.0
SV,2010-09-30,346.0
SV,2010-10-31,248.0
SV,2010-11-30,221.0
SV,2010-12-31,461.0
SV,2011-01-31,288.0
SV,2011-02-28,188.0
SV,2011-03-31,433.0
SV,2011-04-30,351.0
SV,2011-05-31,406.0
SV,2011-06-30,360.0
SV,2011-07-31,284.0
SV,2011-08-31,236.0
SV,2011-09-30,265.0
SV,2011-10-31,303.0
SV,2011-11-30,432.0
SV,2011-12-31,424.0
SV,2012-01-31,0.0
SV,2012-02-29,0.0
SV,2012-03-31,0.0
SV,2012-04-30,0.0
SV,2012-05-31,0.0
SV,2012-06-30,0.0
SV,2012-07-31,0.0
SV,2012-08-31,0.0
SV,2012-09-30,0.0
SV,2012-10-31,0.0
SV,2012-11-30,0.0
SV,2012-12-31,0.0
SV,2013-01-31,77.0
SV,2013-02-28,82.0
SV,2013-03-31,77.0
SV,2013-04-30,75.0
SV,2013-05-31,76.0
SV,2013-06-30,77.0
SV,2013-07-31,0.0
SV,2013-08-31,0.0
SV,2013-09-30,0.0
SV,2013-10-31,0.0
SV,2013-11-30,0.0
SV,2013-12-31,0.0
SV,2014-01-31,0.0
SV,2014-02-28,0.0
SV,2014-03-31,0.0
SV,2014-04-30,0.0
SV,2014-05-31,0.0
SV,2014-06-30,0.0
SV,2014-07-31,0.0
SV,2014-08-31,0.0
SV,2014-09-30,0.0
SV,2014-10-31,0.0
SV,2014-11-30,0.0
SV,2014-12-31,0.0
SV,2015-01-31,0.0
SV,2015-02-28,0.0
SV,2015-03-31,0.0
SV,2015-04-30,0.0
SV,2015-05-31,0.0
SV,2015-06-30,0.0
SV,2015-07-31,0.0
SV,2015-08-31,0.0
SV,2015-09-30,0.0
SV,2015-10-31,0.0
SV,2015-11-30,0.0
SV,2015-12-31,0.0
SV,2016-01-31,0.0
SV,2016-02-29,0.0
SV,2016-03-31,0.0
SV,2016-04-30,0.0
SV,2016-05-31,0.0
SV,2016-06-30,0.0
SV,2016-07-31,0.0
SV,2016-08-31,
SV,2016-09-30,
SV,2016-10-31,
SV,2016-11-30,
SV,2016-12-31,
SV,2017-01-31,
SV,2017-02-28,
SV,2017-03-31,
SV,2017-04-30,
SV,2017-05-31,
SV,2017-06-30,
SV,2017-07-31,
SV,2017-08-31,
SV,2017-09-30,
SV,2017-10-31,
SV,2017-11-30,
SV,2017-12-31,
SV,2018-01-31,
SV,2018-02-28,
SV,2018-03-31,
SV,2018-04-30,
SV,2018-05-31,
SV,2018-06-30,
SV,2018-07-31,
SV,2018-08-31,
SV,2018-09-30,
SV,2018-10-31,
SV,2018-11-30,
SV,2018-12-31,
SV,2019-01-31,
SV,2019-02-28,
SV,2019-03-31,
SV,2019-04-30,
SV,2019-05-31,
SV,2019-06-30,
SV,2019-07-31,
SV,2019-08-31,
SV,2019-09-30,
SV,2019-10-31,
SV,2019-11-30,
SV,2019-12-31,
SV,2020-01-31,
SV,2020-02-29,
SV,2020-03-31,
SV,2020-04-30,
SV,2020-05-31,
SV,2020-06-30,
SV,2020-07-31,
SV,2020-08-31,
SV,2020-09-30,
SV,2020-10-31,
SV,2020-11-30,
SV,2020-12-31,
SV,2021-01-31,
SV,2021-02-28,
SV,2021-03-31,
SV,2021-04-30,
SV,2021-05-31,
SV,2021-06-30,
SV,2021-07-31,
SV,2021-08-31,
SV,2021-09-30,
SV,2021-10-31,
SV,2021-11-30,
SV,2021-12-31,
SV,2022-01-31,
SV,2022-02-28,
SV,2022-03-31,
SV,2022-04-30,
SV,2022-05-31,
SV,2022-06-30,
SV,2022-07-31,
SV,2022-08-31,
SV,2022-09-30,
SV,2022-10-31,
SV,2022-11-30,
SV,2022-12-31,
SV,2023-01-31,
SV,2023-02-28,
SV,2023-03-31,
SV,2023-04-30,
SV,2023-05-31,
SV,2023-06-30,
SV,2023-07-31,
SV,2023-08-31,
SV,2023-09-30,
SV,2023-10-31,
SV,2023-11-30,
SV,2023-12-31,
SV,2024-01-31,
SV,2024-02-29,
SV,2024-03-31,
SV,2024-04-30,
SV,2024-05-31,
SV,2024-06-30,
SV,2024-07-31,
SV,2024-08-31,
SV,2024-09-30,
SV,2024-10-31,
SV,2024-11-30,
SV,2024-12-31,
SV,2025-01-31,
SY,2002-01-31,
SY,2002-02-28,
SY,2002-03-31,
SY,2002-04-30,
SY,2002-05-31,
SY,2002-06-30,
SY,2002-07-31,
SY,2002-08-31,
SY,2002-09-30,
SY,2002-10-31,
SY,2002-11-30,
SY,2002-12-31,
SY,2003-01-31,
SY,2003-02-28,
SY,2003-03-31,
SY,2003-04-30,
SY,2003-05-31,
SY,2003-06-30,
SY,2003-07-31,
SY,2003-08-31,
SY,2003-09-30,
SY,2003-10-31,
SY,2003-11-30,
SY,2003-12-31,
SY,2004-01-31,
SY,2004-02-29,
SY,2004-03-31,
SY,2004-04-30,
SY,2004-05-31,
SY,2004-06-30,
SY,2004-07-31,
SY,2004-08-31,
SY,2004-09-30,
SY,2004-10-31,
SY,2004-11-30,
SY,2004-12-31,
SY,2005-01-31,
SY,2005-02-28,
SY,2005-03-31,
SY,2005-04-30,
SY,2005-05-31,
SY,2005-06-30,
SY,2005-07-31,
SY,2005-08-31,
SY,2005-09-30,
SY,2005-10-31,
SY,2005-11-30,
SY,2005-12-31,
SY,2006-01-31,
SY,2006-02-28,
SY,2006-03-31,
SY,2006-04-30,
SY,2006-05-31,
SY,2006-06-30,
SY,2006-07-31,
SY,2006-08-31,
SY,2006-09-30,
SY,2006-10-31,
SY,2006-11-30,
SY,2006-12-31,
SY,2007-01-31,
SY,2007-02-28,
SY,2007-03-31,
SY,2007-04-30,
SY,2007-05-31,
SY,2007-06-30,
SY,2007-07-31,
SY,2007-08-31,
SY,2007-09-30,
SY,2007-10-31,
SY,2007-11-30,
SY,2007-12-31,
SY,2008-01-31,
SY,2008-02-29,
SY,2008-03-31,
SY,2008-04-30,
SY,2008-05-31,
SY,2008-06-30,
SY,2008-07-31,
SY,2008-08-31,
SY,2008-09-30,
SY,2008-10-31,
SY,2008-11-30,
SY,2008-12-31,
SY,2009-01-31,
SY,2009-02-28,
SY,2009-03-31,
SY,2009-04-30,
SY,2009-05-31,
SY,2009-06-30,
SY,2009-07-31,
SY,2009-08-31,
SY,2009-09-30,
SY,2009-10-31,
SY,2009-11-30,
SY,2009-12-31,
SY,2010-01-31,
SY,2010-02-28,
SY,2010-03-31,
SY,2010-04-30,
SY,2010-05-31,
SY,2010-06-30,
SY,2010-07-31,
SY,2010-08-31,
SY,2010-09-30,
SY,2010-10-31,
SY,2010-11-30,
SY,2010-12-31,
SY,2011-01-31,
SY,2011-02-28,
SY,2011-03-31,
SY,2011-04-30,
SY,2011-05-31,
SY,2011-06-30,
SY,2011-07-31,
SY,2011-08-31,
SY,2011-09-30,
SY,2011-10-31,
SY,2011-11-30,
SY,2011-12-31,
SY,2012-01-31,
SY,2012-02-29,
SY,2012-03-31,
SY,2012-04-30,
SY,2012-05-31,
SY,2012-06-30,
SY,2012-07-31,
SY,2012-08-31,
SY,2012-09-30,
SY,2012-10-31,
SY,2012-11-30,
SY,2012-12-31,
SY,2013-01-31,
SY,2013-02-28,
SY,2013-03-31,
SY,2013-04-30,
SY,2013-05-31,
SY,2013-06-30,
SY,2013-07-31,
SY,2013-08-31,
SY,2013-09-30,
SY,2013-10-31,
SY,2013-11-30,
SY,2013-12-31,
SY,2014-01-31,
SY,2014-02-28,
SY,2014-03-31,
SY,2014-04-30,
SY,2014-05-31,
SY,2014-06-30,
SY,2014-07-31,
SY,2014-08-31,
SY,2014-09-30,
SY,2014-10-31,
SY,2014-11-30,
SY,2014-12-31,
SY,2015-01-31,
SY,2015-02-28,
SY,2015-03-31,
SY,2015-04-30,
SY,2015-05-31,
SY,2015-06-30,
SY,2015-07-31,
SY,2015-08-31,
SY,2015-09-30,
SY,2015-10-31,
SY,2015-11-30,
SY,2015-12-31,
SY,2016-01-31,
SY,2016-02-29,
SY,2016-03-31,
SY,2016-04-30,
SY,2016-05-31,
SY,2016-06-30,
SY,2016-07-31,
SY,2016-08-31,
SY,2016-09-30,
SY,2016-10-31,
SY,2016-11-30,
SY,2016-12-31,
SY,2017-01-31,
SY,2017-02-28,
SY,2017-03-31,
SY,2017-04-30,
SY,2017-05-31,
SY,2017-06-30,
SY,2017-07-31,
SY,2017-08-31,
SY,2017-09-30,
SY,2017-10-31,
SY,2017-11-30,
SY,2017-12-31,
SY,2018-01-31,
SY,2018-02-28,
SY,2018-03-31,
SY,2018-04-30,
SY,2018-05-31,
SY,2018-06-30,
SY,2018-07-31,
SY,2018-08-31,
SY,2018-09-30,
SY,2018-10-31,
SY,2018-11-30,
SY,2018-12-31,
SY,2019-01-31,
SY,2019-02-28,
SY,2019-03-31,
SY,2019-04-30,
SY,2019-05-31,
SY,2019-06-30,
SY,2019-07-31,
SY,2019-08-31,
SY,2019-09-30,
SY,2019-10-31,
SY,2019-11-30,
SY,2019-12-31,
SY,2020-01-31,
SY,2020-02-29,
SY,2020-03-31,
SY,2020-04-30,
SY,2020-05-31,
SY,2020-06-30,
SY,2020-07-31,
SY,2020-08-31,
SY,2020-09-30,
SY,2020-10-31,
SY,2020-11-30,
SY,2020-12-31,
SY,2021-01-31,
SY,2021-02-28,
SY,2021-03-31,
SY,2021-04-30,
SY,2021-05-31,
SY,2021-06-30,
SY,2021-07-31,
SY,2021-08-31,
SY,2021-09-30,
SY,2021-10-31,
SY,2021-11-30,
SY,2021-12-31,
SY,2022-01-31,
SY,2022-02-28,
SY,2022-03-31,
SY,2022-04-30,
SY,2022-05-31,
SY,2022-06-30,
SY,2022-07-31,
SY,2022-08-31,
SY,2022-09-30,
SY,2022-10-31,
SY,2022-11-30,
SY,2022-12-31,
SY,2023-01-31,
SY,2023-02-28,
SY,2023-03-31,
SY,2023-04-30,
SY,2023-05-31,
SY,2023-06-30,
SY,2023-07-31,
SY,2023-08-31,
SY,2023-09-30,
SY,2023-10-31,
SY,2023-11-30,
SY,2023-12-31,
SY,2024-01-31,
SY,2024-02-29,
SY,2024-03-31,
SY,2024-04-30,
SY,2024-05-31,
SY,2024-06-30,
SY,2024-07-31,
SY,2024-08-31,
SY,2024-09-30,
SY,2024-10-31,
SY,2024-11-30,
SY,2024-12-31,
SY,2025-01-31,
SY,2025-02-28,
SY,2025-03-31,
SZ,2002-01-31,
SZ,2002-02-28,
SZ,2002-03-31,
SZ,2002-04-30,
SZ,2002-05-31,
SZ,2002-06-30,
SZ,2002-07-31,
SZ,2002-08-31,
SZ,2002-09-30,
SZ,2002-10-31,
SZ,2002-11-30,
SZ,2002-12-31,
SZ,2003-01-31,
SZ,2003-02-28,
SZ,2003-03-31,
SZ,2003-04-30,
SZ,2003-05-31,
SZ,2003-06-30,
SZ,2003-07-31,
SZ,2003-08-31,
SZ,2003-09-30,
SZ,2003-10-31,
SZ,2003-11-30,
SZ,2003-12-31,
SZ,2004-01-31,
SZ,2004-02-29,
SZ,2004-03-31,
SZ,2004-04-30,
SZ,2004-05-31,
SZ,2004-06-30,
SZ,2004-07-31,
SZ,2004-08-31,
SZ,2004-09-30,
SZ,2004-10-31,
SZ,2004-11-30,
SZ,2004-12-31,
SZ,2005-01-31,
SZ,2005-02-28,
SZ,2005-03-31,
SZ,2005-04-30,
SZ,2005-05-31,
SZ,2005-06-30,
SZ,2005-07-31,
SZ,2005-08-31,
SZ,2005-09-30,
SZ,2005-10-31,
SZ,2005-11-30,
SZ,2005-12-31,
SZ,2006-01-31,
SZ,2006-02-28,
SZ,2006-03-31,
SZ,2006-04-30,
SZ,2006-05-31,
SZ,2006-06-30,
SZ,2006-07-31,
SZ,2006-08-31,
SZ,2006-09-30,
SZ,2006-10-31,
SZ,2006-11-30,
SZ,2006-12-31,
SZ,2007-01-31,
SZ,2007-02-28,
SZ,2007-03-31,
SZ,2007-04-30,
SZ,2007-05-31,
SZ,2007-06-30,
SZ,2007-07-31,
SZ,2007-08-31,
SZ,2007-09-30,
SZ,2007-10-31,
SZ,2007-11-30,
SZ,2007-12-31,
SZ,2008-01-31,
SZ,2008-02-29,
SZ,2008-03-31,
SZ,2008-04-30,
SZ,2008-05-31,
SZ,2008-06-30,
SZ,2008-07-31,
SZ,2008-08-31,
SZ,2008-09-30,
SZ,2008-10-31,
SZ,2008-11-30,
SZ,2008-12-31,
SZ,2009-01-31,
SZ,2009-02-28,
SZ,2009-03-31,
SZ,2009-04-30,
SZ,2009-05-31,
SZ,2009-06-30,
SZ,2009-07-31,
SZ,2009-08-31,
SZ,2009-09-30,
SZ,2009-10-31,
SZ,2009-11-30,
SZ,2009-12-31,
SZ,2010-01-31,
SZ,2010-02-28,
SZ,2010-03-31,
SZ,2010-04-30,
SZ,2010-05-31,
SZ,2010-06-30,
SZ,2010-07-31,
SZ,2010-08-31,
SZ,2010-09-30,
SZ,2010-10-31,
SZ,2010-11-30,
SZ,2010-12-31,
SZ,2011-01-31,
SZ,2011-02-28,
SZ,2011-03-31,
SZ,2011-04-30,
SZ,2011-05-31,
SZ,2011-06-30,
SZ,2011-07-31,
SZ,2011-08-31,
SZ,2011-09-30,
SZ,2011-10-31,
SZ,2011-11-30,
SZ,2011-12-31,
SZ,2012-01-31,
SZ,2012-02-29,
SZ,2012-03-31,
SZ,2012-04-30,
SZ,2012-05-31,
SZ,2012-06-30,
SZ,2012-07-31,
SZ,2012-08-31,
SZ,2012-09-30,
SZ,2012-10-31,
SZ,2012-11-30,
SZ,2012-12-31,
SZ,2013-01-31,
SZ,2013-02-28,
SZ,2013-03-31,
SZ,2013-04-30,
SZ,2013-05-31,
SZ,2013-06-30,
SZ,2013-07-31,
SZ,2013-08-31,
SZ,2013-09-30,
SZ,2013-10-31,
SZ,2013-11-30,
SZ,2013-12-31,
SZ,2014-01-31,
SZ,2014-02-28,
SZ,2014-03-31,
SZ,2014-04-30,
SZ,2014-05-31,
SZ,2014-06-30,
SZ,2014-07-31,
SZ,2014-08-31,
SZ,2014-09-30,
SZ,2014-10-31,
SZ,2014-11-30,
SZ,2014-12-31,
SZ,2015-01-31,
SZ,2015-02-28,
SZ,2015-03-31,
SZ,2015-04-30,
SZ,2015-05-31,
SZ,2015-06-30,
SZ,2015-07-31,
SZ,2015-08-31,
SZ,2015-09-30,
SZ,2015-10-31,
SZ,2015-11-30,
SZ,2015-12-31,
SZ,2016-01-31,
SZ,2016-02-29,
SZ,2016-03-31,
SZ,2016-04-30,
SZ,2016-05-31,
SZ,2016-06-30,
SZ,2016-07-31,
SZ,2016-08-31,
SZ,2016-09-30,
SZ,2016-10-31,
SZ,2016-11-30,
SZ,2016-12-31,
SZ,2017-01-31,
SZ,2017-02-28,
SZ,2017-03-31,
SZ,2017-04-30,
SZ,2017-05-31,
SZ,2017-06-30,
SZ,2017-07-31,
SZ,2017-08-31,
SZ,2017-09-30,
SZ,2017-10-31,
SZ,2017-11-30,
SZ,2017-12-31,
SZ,2018-01-31,
SZ,2018-02-28,
SZ,2018-03-31,
SZ,2018-04-30,
SZ,2018-05-31,
SZ,2018-06-30,
SZ,2018-07-31,
SZ,2018-08-31,
SZ,2018-09-30,
SZ,2018-10-31,
SZ,2018-11-30,
SZ,2018-12-31,
SZ,2019-01-31,
SZ,2019-02-28,
SZ,2019-03-31,
SZ,2019-04-30,
SZ,2019-05-31,
SZ,2019-06-30,
SZ,2019-07-31,
SZ,2019-08-31,
SZ,2019-09-30,
SZ,2019-10-31,
SZ,2019-11-30,
SZ,2019-12-31,
SZ,2020-01-31,
SZ,2020-02-29,
SZ,2020-03-31,
SZ,2020-04-30,
SZ,2020-05-31,
SZ,2020-06-30,
SZ,2020-07-31,
SZ,2020-08-31,
SZ,2020-09-30,
SZ,2020-10-31,
SZ,2020-11-30,
SZ,2020-12-31,
SZ,2021-01-31,
SZ,2021-02-28,
SZ,2021-03-31,
SZ,2021-04-30,
SZ,2021-05-31,
SZ,2021-06-30,
SZ,2021-07-31,
SZ,2021-08-31,
SZ,2021-09-30,
SZ,2021-10-31,
SZ,2021-11-30,
SZ,2021-12-31,
SZ,2022-01-31,
SZ,2022-02-28,
SZ,2022-03-31,
SZ,2022-04-30,
SZ,2022-05-31,
SZ,2022-06-30,
SZ,2022-07-31,
SZ,2022-08-31,
SZ,2022-09-30,
SZ,2022-10-31,
SZ,2022-11-30,
SZ,2022-12-31,
SZ,2023-01-31,
SZ,2023-02-28,
SZ,2023-03-31,
SZ,2023-04-30,
SZ,2023-05-31,
SZ,2023-06-30,
SZ,2023-07-31,
SZ,2023-08-31,
SZ,2023-09-30,
SZ,2023-10-31,
SZ,2023-11-30,
SZ,2023-12-31,
SZ,2024-01-31,
SZ,2024-02-29,
SZ,2024-03-31,
SZ,2024-04-30,
SZ,2024-05-31,
SZ,2024-06-30,
SZ,2024-07-31,
SZ,2024-08-31,
SZ,2024-09-30,
SZ,2024-10-31,
SZ,2024-11-30,
SZ,2024-12-31,
SZ,2025-01-31,
SZ,2025-02-28,
SZ,2025-03-31,
TH,2002-01-31,14604.061
TH,2002-02-28,14026.334
TH,2002-03-31,14995.75
TH,2002-04-30,16851.456
TH,2002-05-31,19221.192
TH,2002-06-30,17655.996
TH,2002-07-31,16207.824
TH,2002-08-31,15611.12
TH,2002-09-30,18026.545
TH,2002-10-31,16215.138
TH,2002-11-30,15491.052
TH,2002-12-31,15434.65
TH,2003-01-31,17938.789
TH,2003-02-28,16787.925
TH,2003-03-31,14862.048
TH,2003-04-30,14743.008
TH,2003-05-31,17378.064
TH,2003-06-30,15893.322
TH,2003-07-31,19455.24
TH,2003-08-31,19411.356
TH,2003-09-30,19467.206
TH,2003-10-31,17863.23
TH,2003-11-30,16446.937
TH,2003-12-31,14931.104
TH,2004-01-31,17838.846
TH,2004-02-29,15434.65
TH,2004-03-31,18775.038
TH,2004-04-30,17404.94
TH,2004-05-31,17075.855
TH,2004-06-30,18560.394
TH,2004-07-31,16290.505
TH,2004-08-31,17938.789
TH,2004-09-30,17931.476
TH,2004-10-31,16008.157
TH,2004-11-30,18636.072
TH,2004-12-31,19038.342
TH,2005-01-31,16963.485
TH,2005-02-28,18109.464
TH,2005-03-31,18587.415
TH,2005-04-30,15849.438
TH,2005-05-31,18372.768
TH,2005-06-30,17668.208
TH,2005-07-31,18838.288
TH,2005-08-31,19813.626
TH,2005-09-30,19216.505
TH,2005-10-31,19698.528
TH,2005-11-30,16729.856
TH,2005-12-31,17724.245
TH,2006-01-31,16158.835
TH,2006-02-28,14359.345
TH,2006-03-31,17358.688
TH,2006-04-30,16334.395
TH,2006-05-31,17241.455
TH,2006-06-30,17102.47
TH,2006-07-31,15366.714
TH,2006-08-31,17051.265
TH,2006-09-30,16761.396
TH,2006-10-31,16566.21
TH,2006-11-30,14276.928
TH,2006-12-31,14276.928
TH,2007-01-31,12347.72
TH,2007-02-28,16761.396
TH,2007-03-31,16912.656
TH,2007-04-30,18233.802
TH,2007-05-31,15900.636
TH,2007-06-30,15611.12
TH,2007-07-31,16970.8
TH,2007-08-31,20096.124
TH,2007-09-30,16510.496
TH,2007-10-31,16875.705
TH,2007-11-30,17253.726
TH,2007-12-31,18750.532
TH,2008-01-31,19862.108
TH,2008-02-29,17070.876
TH,2008-03-31,19862.108
TH,2008-04-30,17070.876
TH,2008-05-31,18221.665
TH,2008-06-30,17914.435
TH,2008-07-31,19969.072
TH,2008-08-31,21203.286
TH,2008-09-30,21668.419
TH,2008-10-31,22197.99
TH,2008-11-30,17899.776
TH,2008-12-31,22260.772
TH,2009-01-31,19089.54
TH,2009-02-28,16246.615
TH,2009-03-31,19681.974
TH,2009-04-30,20040.36
TH,2009-05-31,18618.898
TH,2009-06-30,21386.136
TH,2009-07-31,19340.24
TH,2009-08-31,18767.724
TH,2009-09-30,19989.162
TH,2009-10-31,19064.991
TH,2009-11-30,21549.99
TH,2009-12-31,17926.614
TH,2010-01-31,16851.456
TH,2010-02-28,19718.544
TH,2010-03-31,16824.912
TH,2010-04-30,21719.61
TH,2010-05-31,19077.52
TH,2010-06-30,21462.21
TH,2010-07-31,19152.747
TH,2010-08-31,19711.23
TH,2010-09-30,18189.918
TH,2010-10-31,16863.778
TH,2010-11-30,17509.716
TH,2010-12-31,20215.896
TH,2011-01-31,16656.255
TH,2011-02-28,18818.922
TH,2011-03-31,17894.911
TH,2011-04-30,19440.612
TH,2011-05-31,20562.465
TH,2011-06-30,18221.665
TH,2011-07-31,17222.115
TH,2011-08-31,18719.085
TH,2011-09-30,18436.073
TH,2011-10-31,17127.046
TH,2011-11-30,20618.166
TH,2011-12-31,16076.172
TH,2012-01-31,16988.099
TH,2012-02-29,17334.18
TH,2012-03-31,19969.072
TH,2012-04-30,20335.7
TH,2012-05-31,18523.829
TH,2012-06-30,20530.398
TH,2012-07-31,19869.421
TH,2012-08-31,19021.113
TH,2012-09-30,16598.24
TH,2012-10-31,19021.113
TH,2012-11-30,16385.6
TH,2012-12-31,14825.478
TH,2013-01-31,17536.574
TH,2013-02-28,15472.192
TH,2013-03-31,17763.277
TH,2013-04-30,17943.648
TH,2013-05-31,17958.325
TH,2013-06-30,19108.869
TH,2013-07-31,15774.141
TH,2013-08-31,18114.301
TH,2013-09-30,15354.185
TH,2013-10-31,17787.648
TH,2013-11-30,19535.694
TH,2013-12-31,18675.195
TH,2014-01-31,18599.502
TH,2014-02-28,22366.212
TH,2014-03-31,21353.96
TH,2014-04-30,20347.548
TH,2014-05-31,22373.526
TH,2014-06-30,20505.652
TH,2014-07-31,20113.5
TH,2014-08-31,19284.381
TH,2014-09-30,20378.544
TH,2014-10-31,23178.066
TH,2014-11-30,23555.173
TH,2014-12-31,20322.827
TH,2015-01-31,22480.162
TH,2015-02-28,16266.336
TH,2015-03-31,22076.67
TH,2015-04-30,20498.339
TH,2015-05-31,23126.868
TH,2015-06-30,23291.905
TH,2015-07-31,21127.257
TH,2015-08-31,20479.2
TH,2015-09-30,19618.096
TH,2015-10-31,23065.202
TH,2015-11-30,19937.964
TH,2015-12-31,20252.466
TH,2016-01-31,22870.878
TH,2016-02-29,22592.946
TH,2016-03-31,21883.488
TH,2016-04-30,26001.27
TH,2016-05-31,24158.142
TH,2016-06-30,22625.295
TH,2016-07-31,24963.168
TH,2016-08-31,21065.872
TH,2016-09-30,23932.176
TH,2016-10-31,21422.706
TH,2016-11-30,19674.66
TH,2016-12-31,20820.111
TH,2017-01-31,22360.096
TH,2017-02-28,22072.372
TH,2017-03-31,23321.157
TH,2017-04-30,22926.255
TH,2017-05-31,21686.01
TH,2017-06-30,23580.336
TH,2017-07-31,25354.171
TH,2017-08-31,22019.443
TH,2017-09-30,21637.77
TH,2017-10-31,22260.772
TH,2017-11-30,23543.766
TH,2017-12-31,18806.865
TH,2018-01-31,0.0
TH,2018-02-28,23397.486
TH,2018-03-31,20140.002
TH,2018-04-30,22385.093
TH,2018-05-31,22541.748
TH,2018-06-30,21549.99
TH,2018-07-31,23561.615
TH,2018-08-31,23247.07
TH,2018-09-30,20896.098
TH,2018-10-31,24662.808
TH,2018-11-30,21283.74
TH,2018-12-31,19718.544
TH,2019-01-31,23726.616
TH,2019-02-28,23591.738
TH,2019-03-31,24787.146
TH,2019-04-30,22209.581
TH,2019-05-31,22522.885
TH,2019-06-30,21939.0
TH,2019-07-31,0.0
TH,2019-08-31,23412.114
TH,2019-09-30,22007.826
TH,2019-10-31,20479.2
TH,2019-11-30,22542.896
TH,2019-12-31,21430.02
TH,2020-01-31,22900.134
TH,2020-02-29,22373.526
TH,2020-03-31,23554.3
TH,2020-04-30,33581.296
TH,2020-05-31,22417.41
TH,2020-06-30,25456.553
TH,2020-07-31,25906.188
TH,2020-08-31,23820.896
TH,2020-09-30,23536.452
TH,2020-10-31,22856.25
TH,2020-11-30,24399.504
TH,2020-12-31,20505.652
TH,2021-01-31,20881.47
TH,2021-02-28,23277.279
TH,2021-03-31,25277.584
TH,2021-04-30,0.0
TH,2021-05-31,25032.399
TH,2021-06-30,26831.397
TH,2021-07-31,0.0
TH,2021-08-31,25825.734
TH,2021-09-30,0.0
TH,2021-10-31,25076.277
TH,2021-11-30,0.0
TH,2021-12-31,0.0
TH,2022-01-31,20881.47
TH,2022-02-28,21617.228
TH,2022-03-31,22107.199
TH,2022-04-30,0.0
TH,2022-05-31,16529.64
TH,2022-06-30,0.0
TH,2022-07-31,22246.146
TH,2022-08-31,21525.102
TH,2022-09-30,23705.504
TH,2022-10-31,25120.155
TH,2022-11-30,23006.698
TH,2022-12-31,20491.026
TH,2023-01-31,20881.47
TH,2023-02-28,21617.228
TH,2023-03-31,22107.199
TH,2023-04-30,23711.988
TH,2023-05-31,24297.108
TH,2023-06-30,23610.448
TH,2023-07-31,24271.847
TH,2023-08-31,20372.275
TH,2023-09-30,23591.738
TH,2023-10-31,21525.102
TH,2023-11-30,26279.202
TH,2023-12-31,21756.175
TH,2024-01-31,23694.12
TH,2024-02-29,22493.625
TH,2024-03-31,25072.392
TH,2024-04-30,23064.195
TH,2024-05-31,24158.142
TH,2024-06-30,23781.065
TH,2024-07-31,22059.024
TH,2024-08-31,22497.864
TH,2024-09-30,22648.361
TH,2024-10-31,23642.929
TH,2024-11-30,23002.53
TH,2024-12-31,21674.345
TH,2025-01-31,19888.64
TH,2025-02-28,20534.904
TH,2025-03-31,20736.832
TJ,2002-01-31,
TJ,2002-02-28,
TJ,2002-03-31,
TJ,2002-04-30,
TJ,2002-05-31,
TJ,2002-06-30,
TJ,2002-07-31,
TJ,2002-08-31,
TJ,2002-09-30,
TJ,2002-10-31,
TJ,2002-11-30,
TJ,2002-12-31,
TJ,2003-01-31,
TJ,2003-02-28,
TJ,2003-03-31,
TJ,2003-04-30,
TJ,2003-05-31,
TJ,2003-06-30,
TJ,2003-07-31,
TJ,2003-08-31,
TJ,2003-09-30,
TJ,2003-10-31,
TJ,2003-11-30,
TJ,2003-12-31,
TJ,2004-01-31,
TJ,2004-02-29,
TJ,2004-03-31,
TJ,2004-04-30,
TJ,2004-05-31,
TJ,2004-06-30,
TJ,2004-07-31,
TJ,2004-08-31,
TJ,2004-09-30,
TJ,2004-10-31,
TJ,2004-11-30,
TJ,2004-12-31,
TJ,2005-01-31,
TJ,2005-02-28,
TJ,2005-03-31,
TJ,2005-04-30,
TJ,2005-05-31,
TJ,2005-06-30,
TJ,2005-07-31,
TJ,2005-08-31,
TJ,2005-09-30,
TJ,2005-10-31,
TJ,2005-11-30,
TJ,2005-12-31,
TJ,2006-01-31,
TJ,2006-02-28,
TJ,2006-03-31,
TJ,2006-04-30,
TJ,2006-05-31,
TJ,2006-06-30,
TJ,2006-07-31,
TJ,2006-08-31,
TJ,2006-09-30,
TJ,2006-10-31,
TJ,2006-11-30,
TJ,2006-12-31,
TJ,2007-01-31,
TJ,2007-02-28,
TJ,2007-03-31,
TJ,2007-04-30,
TJ,2007-05-31,
TJ,2007-06-30,
TJ,2007-07-31,
TJ,2007-08-31,
TJ,2007-09-30,
TJ,2007-10-31,
TJ,2007-11-30,
TJ,2007-12-31,
TJ,2008-01-31,
TJ,2008-02-29,
TJ,2008-03-31,
TJ,2008-04-30,
TJ,2008-05-31,
TJ,2008-06-30,
TJ,2008-07-31,
TJ,2008-08-31,
TJ,2008-09-30,
TJ,2008-10-31,
TJ,2008-11-30,
TJ,2008-12-31,
TJ,2009-01-31,
TJ,2009-02-28,
TJ,2009-03-31,
TJ,2009-04-30,
TJ,2009-05-31,
TJ,2009-06-30,
TJ,2009-07-31,
TJ,2009-08-31,
TJ,2009-09-30,
TJ,2009-10-31,
TJ,2009-11-30,
TJ,2009-12-31,
TJ,2010-01-31,
TJ,2010-02-28,
TJ,2010-03-31,
TJ,2010-04-30,
TJ,2010-05-31,
TJ,2010-06-30,
TJ,2010-07-31,
TJ,2010-08-31,
TJ,2010-09-30,
TJ,2010-10-31,
TJ,2010-11-30,
TJ,2010-12-31,
TJ,2011-01-31,
TJ,2011-02-28,
TJ,2011-03-31,
TJ,2011-04-30,
TJ,2011-05-31,
TJ,2011-06-30,
TJ,2011-07-31,
TJ,2011-08-31,
TJ,2011-09-30,
TJ,2011-10-31,
TJ,2011-11-30,
TJ,2011-12-31,
TJ,2012-01-31,
TJ,2012-02-29,
TJ,2012-03-31,
TJ,2012-04-30,
TJ,2012-05-31,
TJ,2012-06-30,
TJ,2012-07-31,
TJ,2012-08-31,
TJ,2012-09-30,
TJ,2012-10-31,
TJ,2012-11-30,
TJ,2012-12-31,
TJ,2013-01-31,
TJ,2013-02-28,
TJ,2013-03-31,
TJ,2013-04-30,
TJ,2013-05-31,
TJ,2013-06-30,
TJ,2013-07-31,
TJ,2013-08-31,
TJ,2013-09-30,
TJ,2013-10-31,
TJ,2013-11-30,
TJ,2013-12-31,
TJ,2014-01-31,
TJ,2014-02-28,
TJ,2014-03-31,
TJ,2014-04-30,
TJ,2014-05-31,
TJ,2014-06-30,
TJ,2014-07-31,
TJ,2014-08-31,
TJ,2014-09-30,
TJ,2014-10-31,
TJ,2014-11-30,
TJ,2014-12-31,
TJ,2015-01-31,
TJ,2015-02-28,
TJ,2015-03-31,
TJ,2015-04-30,
TJ,2015-05-31,
TJ,2015-06-30,
TJ,2015-07-31,
TJ,2015-08-31,
TJ,2015-09-30,
TJ,2015-10-31,
TJ,2015-11-30,
TJ,2015-12-31,
TJ,2016-01-31,
TJ,2016-02-29,
TJ,2016-03-31,
TJ,2016-04-30,
TJ,2016-05-31,
TJ,2016-06-30,
TJ,2016-07-31,
TJ,2016-08-31,
TJ,2016-09-30,
TJ,2016-10-31,
TJ,2016-11-30,
TJ,2016-12-31,
TJ,2017-01-31,
TJ,2017-02-28,
TJ,2017-03-31,
TJ,2017-04-30,
TJ,2017-05-31,
TJ,2017-06-30,
TJ,2017-07-31,
TJ,2017-08-31,
TJ,2017-09-30,
TJ,2017-10-31,
TJ,2017-11-30,
TJ,2017-12-31,
TJ,2018-01-31,
TJ,2018-02-28,
TJ,2018-03-31,
TJ,2018-04-30,
TJ,2018-05-31,
TJ,2018-06-30,
TJ,2018-07-31,
TJ,2018-08-31,
TJ,2018-09-30,
TJ,2018-10-31,
TJ,2018-11-30,
TJ,2018-12-31,
TJ,2019-01-31,
TJ,2019-02-28,
TJ,2019-03-31,
TJ,2019-04-30,
TJ,2019-05-31,
TJ,2019-06-30,
TJ,2019-07-31,
TJ,2019-08-31,
TJ,2019-09-30,
TJ,2019-10-31,
TJ,2019-11-30,
TJ,2019-12-31,
TJ,2020-01-31,
TJ,2020-02-29,
TJ,2020-03-31,
TJ,2020-04-30,
TJ,2020-05-31,
TJ,2020-06-30,
TJ,2020-07-31,
TJ,2020-08-31,
TJ,2020-09-30,
TJ,2020-10-31,
TJ,2020-11-30,
TJ,2020-12-31,
TJ,2021-01-31,
TJ,2021-02-28,
TJ,2021-03-31,
TJ,2021-04-30,
TJ,2021-05-31,
TJ,2021-06-30,
TJ,2021-07-31,
TJ,2021-08-31,
TJ,2021-09-30,
TJ,2021-10-31,
TJ,2021-11-30,
TJ,2021-12-31,
TJ,2022-01-31,
TJ,2022-02-28,
TJ,2022-03-31,
TJ,2022-04-30,
TJ,2022-05-31,
TJ,2022-06-30,
TJ,2022-07-31,
TJ,2022-08-31,
TJ,2022-09-30,
TJ,2022-10-31,
TJ,2022-11-30,
TJ,2022-12-31,
TJ,2023-01-31,
TJ,2023-02-28,
TJ,2023-03-31,
TJ,2023-04-30,
TJ,2023-05-31,
TJ,2023-06-30,
TJ,2023-07-31,
TJ,2023-08-31,
TJ,2023-09-30,
TJ,2023-10-31,
TJ,2023-11-30,
TJ,2023-12-31,
TJ,2024-01-31,
TJ,2024-02-29,
TJ,2024-03-31,
TJ,2024-04-30,
TJ,2024-05-31,
TJ,2024-06-30,
TJ,2024-07-31,
TJ,2024-08-31,
TJ,2024-09-30,
TJ,2024-10-31,
TJ,2024-11-30,
TJ,2024-12-31,
TJ,2025-01-31,
TJ,2025-02-28,
TJ,2025-03-31,
TN,2002-01-31,
TN,2002-02-28,
TN,2002-03-31,
TN,2002-04-30,
TN,2002-05-31,
TN,2002-06-30,
TN,2002-07-31,
TN,2002-08-31,
TN,2002-09-30,
TN,2002-10-31,
TN,2002-11-30,
TN,2002-12-31,
TN,2003-01-31,
TN,2003-02-28,
TN,2003-03-31,
TN,2003-04-30,
TN,2003-05-31,
TN,2003-06-30,
TN,2003-07-31,
TN,2003-08-31,
TN,2003-09-30,
TN,2003-10-31,
TN,2003-11-30,
TN,2003-12-31,
TN,2004-01-31,
TN,2004-02-29,
TN,2004-03-31,
TN,2004-04-30,
TN,2004-05-31,
TN,2004-06-30,
TN,2004-07-31,
TN,2004-08-31,
TN,2004-09-30,
TN,2004-10-31,
TN,2004-11-30,
TN,2004-12-31,
TN,2005-01-31,
TN,2005-02-28,
TN,2005-03-31,
TN,2005-04-30,
TN,2005-05-31,
TN,2005-06-30,
TN,2005-07-31,
TN,2005-08-31,
TN,2005-09-30,
TN,2005-10-31,
TN,2005-11-30,
TN,2005-12-31,
TN,2006-01-31,
TN,2006-02-28,
TN,2006-03-31,
TN,2006-04-30,
TN,2006-05-31,
TN,2006-06-30,
TN,2006-07-31,
TN,2006-08-31,
TN,2006-09-30,
TN,2006-10-31,
TN,2006-11-30,
TN,2006-12-31,
TN,2007-01-31,
TN,2007-02-28,
TN,2007-03-31,
TN,2007-04-30,
TN,2007-05-31,
TN,2007-06-30,
TN,2007-07-31,
TN,2007-08-31,
TN,2007-09-30,
TN,2007-10-31,
TN,2007-11-30,
TN,2007-12-31,
TN,2008-01-31,
TN,2008-02-29,
TN,2008-03-31,
TN,2008-04-30,
TN,2008-05-31,
TN,2008-06-30,
TN,2008-07-31,
TN,2008-08-31,
TN,2008-09-30,
TN,2008-10-31,
TN,2008-11-30,
TN,2008-12-31,
TN,2009-01-31,1230.4
TN,2009-02-28,1091.98
TN,2009-03-31,1030.46
TN,2009-04-30,907.42
TN,2009-05-31,1168.88
TN,2009-06-30,992.01
TN,2009-07-31,761.31
TN,2009-08-31,615.2
TN,2009-09-30,884.35
TN,2009-10-31,669.03
TN,2009-11-30,930.49
TN,2009-12-31,1215.02
TN,2010-01-31,722.86
TN,2010-02-28,638.27
TN,2010-03-31,638.27
TN,2010-04-30,638.27
TN,2010-05-31,645.96
TN,2010-06-30,645.96
TN,2010-07-31,645.96
TN,2010-08-31,645.96
TN,2010-09-30,645.96
TN,2010-10-31,645.96
TN,2010-11-30,645.96
TN,2010-12-31,653.65
TN,2011-01-31,661.34
TN,2011-02-28,661.34
TN,2011-03-31,661.34
TN,2011-04-30,661.34
TN,2011-05-31,661.34
TN,2011-06-30,661.34
TN,2011-07-31,1284.23
TN,2011-08-31,707.48
TN,2011-09-30,1115.05
TN,2011-10-31,1468.79
TN,2011-11-30,1330.37
TN,2011-12-31,799.76
TN,2012-01-31,1176.57
TN,2012-02-29,1076.6
TN,2012-03-31,892.04
TN,2012-04-30,1253.47
TN,2012-05-31,1538.0
TN,2012-06-30,922.8
TN,2012-07-31,845.9
TN,2012-08-31,1168.88
TN,2012-09-30,1068.91
TN,2012-10-31,1284.23
TN,2012-11-30,745.93
TN,2012-12-31,599.82
TN,2013-01-31,845.9
TN,2013-02-28,738.24
TN,2013-03-31,1038.15
TN,2013-04-30,1384.2
TN,2013-05-31,1637.97
TN,2013-06-30,1061.22
TN,2013-07-31,915.11
TN,2013-08-31,1430.34
TN,2013-09-30,1107.36
TN,2013-10-31,1368.82
TN,2013-11-30,738.24
TN,2013-12-31,592.13
TN,2014-01-31,553.68
TN,2014-02-28,1030.46
TN,2014-03-31,861.28
TN,2014-04-30,853.59
TN,2014-05-31,815.14
TN,2014-06-30,699.79
TN,2014-07-31,599.82
TN,2014-08-31,1084.29
TN,2014-09-30,876.66
TN,2014-10-31,692.1
TN,2014-11-30,999.7
TN,2014-12-31,922.8
TN,2015-01-31,1038.15
TN,2015-02-28,1261.16
TN,2015-03-31,1138.12
TN,2015-04-30,1084.29
TN,2015-05-31,699.79
TN,2015-06-30,661.34
TN,2015-07-31,1153.5
TN,2015-08-31,1238.09
TN,2015-09-30,784.38
TN,2015-10-31,815.14
TN,2015-11-30,999.7
TN,2015-12-31,992.01
TN,2016-01-31,945.87
TN,2016-02-29,961.25
TN,2016-03-31,1091.98
TN,2016-04-30,838.21
TN,2016-05-31,1238.09
TN,2016-06-30,807.45
TN,2016-07-31,838.21
TN,2016-08-31,930.49
TN,2016-09-30,945.87
TN,2016-10-31,907.42
TN,2016-11-30,1276.54
TN,2016-12-31,1184.26
TN,2017-01-31,615.2
TN,2017-02-28,792.07
TN,2017-03-31,1222.71
TN,2017-04-30,1399.58
TN,2017-05-31,1030.46
TN,2017-06-30,753.62
TN,2017-07-31,899.73
TN,2017-08-31,599.82
TN,2017-09-30,730.55
TN,2017-10-31,776.69
TN,2017-11-30,784.38
TN,2017-12-31,784.38
TN,2018-01-31,784.38
TN,2018-02-28,1245.78
TN,2018-03-31,984.32
TN,2018-04-30,776.69
TN,2018-05-31,899.73
TN,2018-06-30,876.66
TN,2018-07-31,853.59
TN,2018-08-31,876.66
TN,2018-09-30,938.18
TN,2018-10-31,1099.67
TN,2018-11-30,1184.26
TN,2018-12-31,346.05
TN,2019-01-31,192.25
TN,2019-02-28,192.25
TN,2019-03-31,192.25
TN,2019-04-30,192.25
TN,2019-05-31,192.25
TN,2019-06-30,192.25
TN,2019-07-31,192.25
TN,2019-08-31,215.32
TN,2019-09-30,223.01
TN,2019-10-31,469.09
TN,2019-11-30,1091.98
TN,2019-12-31,999.7
TN,2020-01-31,1061.22
TN,2020-02-29,653.65
TN,2020-03-31,645.96
TN,2020-04-30,1030.46
TN,2020-05-31,715.17
TN,2020-06-30,784.38
TN,2020-07-31,676.72
TN,2020-08-31,653.65
TN,2020-09-30,615.2
TN,2020-10-31,446.02
TN,2020-11-30,446.02
TN,2020-12-31,1099.67
TN,2021-01-31,992.01
TN,2021-02-28,1015.08
TN,2021-03-31,899.73
TN,2021-04-30,769.0
TN,2021-05-31,1122.74
TN,2021-06-30,1115.05
TN,2021-07-31,615.2
TN,2021-08-31,984.32
TN,2021-09-30,1345.75
TN,2021-10-31,776.69
TN,2021-11-30,1199.64
TN,2021-12-31,1091.98
TN,2022-01-31,976.63
TN,2022-02-28,1176.57
TN,2022-03-31,1068.91
TN,2022-04-30,1038.15
TN,2022-05-31,1022.77
TN,2022-06-30,1253.47
TN,2022-07-31,1030.46
TN,2022-08-31,569.06
TN,2022-09-30,615.2
TN,2022-10-31,884.35
TN,2022-11-30,1161.19
TN,2022-12-31,830.52
TN,2023-01-31,346.05
TN,2023-02-28,938.18
TN,2023-03-31,899.73
TN,2023-04-30,438.33
TN,2023-05-31,361.43
TN,2023-06-30,1084.29
TN,2023-07-31,968.94
TN,2023-08-31,784.38
TN,2023-09-30,807.45
TN,2023-10-31,822.83
TN,2023-11-30,707.48
TN,2023-12-31,1007.39
TN,2024-01-31,807.45
TN,2024-02-29,684.41
TN,2024-03-31,1045.84
TN,2024-04-30,899.73
TN,2024-05-31,715.17
TN,2024-06-30,822.83
TN,2024-07-31,707.48
TN,2024-08-31,515.23
TN,2024-09-30,515.23
TN,2024-10-31,276.84
TN,2024-11-30,276.84
TN,2024-12-31,299.91
TN,2025-01-31,
TN,2025-02-28,
TN,2025-03-31,
TR,2002-01-31,37454.34
TR,2002-02-28,38545.1
TR,2002-03-31,39274.73
TR,2002-04-30,37601.74
TR,2002-05-31,37550.15
TR,2002-06-30,38449.29
TR,2002-07-31,36592.05
TR,2002-08-31,36363.58
TR,2002-09-30,37837.58
TR,2002-10-31,37115.32
TR,2002-11-30,37594.37
TR,2002-12-31,36791.04
TR,2003-01-31,39282.1
TR,2003-02-28,38692.5
TR,2003-03-31,39053.63
TR,2003-04-30,39923.29
TR,2003-05-31,40770.84
TR,2003-06-30,39458.98
TR,2003-07-31,39245.25
TR,2003-08-31,39024.15
TR,2003-09-30,38581.95
TR,2003-10-31,40129.65
TR,2003-11-30,39259.99
TR,2003-12-31,36496.24
TR,2004-01-31,37675.44
TR,2004-02-29,39451.61
TR,2004-03-31,38464.03
TR,2004-04-30,40505.52
TR,2004-05-31,40011.73
TR,2004-06-30,39805.37
TR,2004-07-31,38935.71
TR,2004-08-31,39075.74
TR,2004-09-30,38663.02
TR,2004-10-31,37247.98
TR,2004-11-30,37542.78
TR,2004-12-31,37852.32
TR,2005-01-31,37844.95
TR,2005-02-28,36488.87
TR,2005-03-31,36997.4
TR,2005-04-30,37918.65
TR,2005-05-31,39422.13
TR,2005-06-30,38176.6
TR,2005-07-31,38854.64
TR,2005-08-31,37822.84
TR,2005-09-30,36157.22
TR,2005-10-31,36997.4
TR,2005-11-30,36002.45
TR,2005-12-31,36297.25
TR,2006-01-31,34425.27
TR,2006-02-28,34528.45
TR,2006-03-31,34410.53
TR,2006-04-30,34211.54
TR,2006-05-31,32767.02
TR,2006-06-30,35265.45
TR,2006-07-31,34963.28
TR,2006-08-31,33386.1
TR,2006-09-30,33010.23
TR,2006-10-31,32575.4
TR,2006-11-30,34218.91
TR,2006-12-31,34410.53
TR,2007-01-31,32840.72
TR,2007-02-28,33054.45
TR,2007-03-31,33172.37
TR,2007-04-30,34196.8
TR,2007-05-31,34624.26
TR,2007-06-30,33806.19
TR,2007-07-31,34137.84
TR,2007-08-31,33666.16
TR,2007-09-30,34100.99
TR,2007-10-31,34270.5
TR,2007-11-30,34196.8
TR,2007-12-31,33924.11
TR,2008-01-31,34506.34
TR,2008-02-29,34049.4
TR,2008-03-31,34432.64
TR,2008-04-30,34292.61
TR,2008-05-31,35656.06
TR,2008-06-30,35213.86
TR,2008-07-31,35574.99
TR,2008-08-31,35464.44
TR,2008-09-30,35737.13
TR,2008-10-31,35589.73
TR,2008-11-30,34815.88
TR,2008-12-31,34978.02
TR,2009-01-31,35508.66
TR,2009-02-28,34926.43
TR,2009-03-31,35560.25
TR,2009-04-30,35206.49
TR,2009-05-31,35294.93
TR,2009-06-30,35921.38
TR,2009-07-31,35656.06
TR,2009-08-31,35132.79
TR,2009-09-30,35029.61
TR,2009-10-31,34012.55
TR,2009-11-30,36068.78
TR,2009-12-31,35493.92
TR,2010-01-31,36149.85
TR,2010-02-28,35516.03
TR,2010-03-31,34911.69
TR,2010-04-30,35877.16
TR,2010-05-31,35007.5
TR,2010-06-30,35405.48
TR,2010-07-31,34845.36
TR,2010-08-31,35081.2
TR,2010-09-30,35449.7
TR,2010-10-31,34845.36
TR,2010-11-30,35044.35
TR,2010-12-31,34336.83
TR,2011-01-31,34727.44
TR,2011-02-28,34049.4
TR,2011-03-31,33179.74
TR,2011-04-30,32568.03
TR,2011-05-31,32929.16
TR,2011-06-30,32752.28
TR,2011-07-31,33349.25
TR,2011-08-31,32538.55
TR,2011-09-30,33047.08
TR,2011-10-31,33128.15
TR,2011-11-30,33636.68
TR,2011-12-31,31993.17
TR,2012-01-31,34351.57
TR,2012-02-29,33902.0
TR,2012-03-31,34248.39
TR,2012-04-30,34410.53
TR,2012-05-31,33946.22
TR,2012-06-30,35471.81
TR,2012-07-31,33924.11
TR,2012-08-31,35309.67
TR,2012-09-30,35051.72
TR,2012-10-31,34042.03
TR,2012-11-30,34248.39
TR,2012-12-31,34034.66
TR,2013-01-31,33703.01
TR,2013-02-28,34565.3
TR,2013-03-31,33776.71
TR,2013-04-30,35294.93
TR,2013-05-31,35825.57
TR,2013-06-30,35184.38
TR,2013-07-31,35479.18
TR,2013-08-31,35855.05
TR,2013-09-30,35773.98
TR,2013-10-31,34616.89
TR,2013-11-30,34948.54
TR,2013-12-31,34653.74
TR,2014-01-31,34513.71
TR,2014-02-28,34852.73
TR,2014-03-31,34388.42
TR,2014-04-30,34565.3
TR,2014-05-31,34322.09
TR,2014-06-30,34432.64
TR,2014-07-31,34336.83
TR,2014-08-31,34042.03
TR,2014-09-30,34491.6
TR,2014-10-31,35258.08
TR,2014-11-30,35000.13
TR,2014-12-31,35243.34
TR,2015-01-31,35376.0
TR,2015-02-28,35751.87
TR,2015-03-31,35516.03
TR,2015-04-30,35619.21
TR,2015-05-31,36547.83
TR,2015-06-30,37240.61
TR,2015-07-31,40166.5
TR,2015-08-31,39783.26
TR,2015-09-30,40490.78
TR,2015-10-31,40689.77
TR,2015-11-30,41154.08
TR,2015-12-31,41802.64
TR,2016-01-31,41213.04
TR,2016-02-29,41559.43
TR,2016-03-31,40100.17
TR,2016-04-30,40969.83
TR,2016-05-31,41205.67
TR,2016-06-30,40520.26
TR,2016-07-31,41677.35
TR,2016-08-31,42598.6
TR,2016-09-30,41353.07
TR,2016-10-31,41611.02
TR,2016-11-30,41891.08
TR,2016-12-31,43018.69
TR,2017-01-31,44551.65
TR,2017-02-28,43401.93
TR,2017-03-31,43895.72
TR,2017-04-30,44323.18
TR,2017-05-31,45155.99
TR,2017-06-30,43718.84
TR,2017-07-31,43903.09
TR,2017-08-31,44065.23
TR,2017-09-30,44861.19
TR,2017-10-31,44964.37
TR,2017-11-30,43763.06
TR,2017-12-31,44735.9
TR,2018-01-31,43401.93
TR,2018-02-28,43571.44
TR,2018-03-31,43387.19
TR,2018-04-30,44028.38
TR,2018-05-31,44168.41
TR,2018-06-30,44301.07
TR,2018-07-31,44426.36
TR,2018-08-31,43770.43
TR,2018-09-30,43880.98
TR,2018-10-31,45089.66
TR,2018-11-30,43645.14
TR,2018-12-31,44138.93
TR,2019-01-31,44883.3
TR,2019-02-28,45362.35
TR,2019-03-31,45892.99
TR,2019-04-30,45082.29
TR,2019-05-31,45951.95
TR,2019-06-30,45399.2
TR,2019-07-31,45988.8
TR,2019-08-31,46762.65
TR,2019-09-30,45612.93
TR,2019-10-31,46571.03
TR,2019-11-30,45856.14
TR,2019-12-31,46357.3
TR,2020-01-31,47020.6
TR,2020-02-29,46489.96
TR,2020-03-31,46814.24
TR,2020-04-30,47027.97
TR,2020-05-31,47352.25
TR,2020-06-30,45834.03
TR,2020-07-31,49747.5
TR,2020-08-31,44551.65
TR,2020-09-30,49482.18
TR,2020-10-31,47514.39
TR,2020-11-30,47706.01
TR,2020-12-31,45008.59
TR,2021-01-31,44396.88
TR,2021-02-28,43586.18
TR,2021-03-31,45030.7
TR,2021-04-30,45576.08
TR,2021-05-31,44949.63
TR,2021-06-30,46040.39
TR,2021-07-31,47086.93
TR,2021-08-31,46460.48
TR,2021-09-30,46674.21
TR,2021-10-31,46386.78
TR,2021-11-30,47602.83
TR,2021-12-31,47551.24
TR,2022-01-31,47005.86
TR,2022-02-28,46563.66
TR,2022-03-31,46114.09
TR,2022-04-30,47484.91
TR,2022-05-31,46637.36
TR,2022-06-30,48022.92
TR,2022-07-31,48494.6
TR,2022-08-31,47816.56
TR,2022-09-30,48870.47
TR,2022-10-31,49548.51
TR,2022-11-30,50005.45
TR,2022-12-31,49121.05
TR,2023-01-31,48081.88
TR,2023-02-28,48170.32
TR,2023-03-31,48656.74
TR,2023-04-30,46725.8
TR,2023-05-31,47411.21
TR,2023-06-30,50057.04
TR,2023-07-31,47470.17
TR,2023-08-31,45318.13
TR,2023-09-30,46298.34
TR,2023-10-31,45082.29
TR,2023-11-30,45192.84
TR,2023-12-31,45443.42
TR,2024-01-31,45207.58
TR,2024-02-29,44544.28
TR,2024-03-31,44485.32
TR,2024-04-30,44898.04
TR,2024-05-31,45074.92
TR,2024-06-30,45826.66
TR,2024-07-31,45472.9
TR,2024-08-31,45657.15
TR,2024-09-30,44920.15
TR,2024-10-31,46431.0
TR,2024-11-30,46394.15
TR,2024-12-31,47654.42
TR,2025-01-31,48995.76
TR,2025-02-28,49305.3
TR,2025-03-31,49511.66
TT,2002-01-31,0.0
TT,2002-02-28,0.0
TT,2002-03-31,0.0
TT,2002-04-30,0.0
TT,2002-05-31,0.0
TT,2002-06-30,0.0
TT,2002-07-31,0.0
TT,2002-08-31,0.0
TT,2002-09-30,0.0
TT,2002-10-31,0.0
TT,2002-11-30,0.0
TT,2002-12-31,0.0
TT,2003-01-31,0.0
TT,2003-02-28,0.0
TT,2003-03-31,0.0
TT,2003-04-30,0.0
TT,2003-05-31,0.0
TT,2003-06-30,0.0
TT,2003-07-31,0.0
TT,2003-08-31,0.0
TT,2003-09-30,0.0
TT,2003-10-31,0.0
TT,2003-11-30,1294.0
TT,2003-12-31,1973.0
TT,2004-01-31,1250.0
TT,2004-02-29,1299.0
TT,2004-03-31,1237.0
TT,2004-04-30,1034.0
TT,2004-05-31,1024.0
TT,2004-06-30,1017.0
TT,2004-07-31,1610.0
TT,2004-08-31,1506.0
TT,2004-09-30,1766.0
TT,2004-10-31,2051.0
TT,2004-11-30,1200.0
TT,2004-12-31,1566.0
TT,2005-01-31,1649.0
TT,2005-02-28,2220.0
TT,2005-03-31,1571.0
TT,2005-04-30,1866.0
TT,2005-05-31,1321.0
TT,2005-06-30,2001.0
TT,2005-07-31,1552.0
TT,2005-08-31,1595.0
TT,2005-09-30,1310.0
TT,2005-10-31,1360.0
TT,2005-11-30,1329.0
TT,2005-12-31,1165.0
TT,2006-01-31,1445.0
TT,2006-02-28,1342.0
TT,2006-03-31,1549.0
TT,2006-04-30,1767.0
TT,2006-05-31,1553.0
TT,2006-06-30,1744.0
TT,2006-07-31,2458.0
TT,2006-08-31,1245.0
TT,2006-09-30,1906.0
TT,2006-10-31,2019.0
TT,2006-11-30,1908.0
TT,2006-12-31,1160.0
TT,2007-01-31,1315.0
TT,2007-02-28,1639.0
TT,2007-03-31,1851.0
TT,2007-04-30,1890.0
TT,2007-05-31,1176.0
TT,2007-06-30,1259.0
TT,2007-07-31,1073.0
TT,2007-08-31,1794.0
TT,2007-09-30,1411.0
TT,2007-10-31,1903.0
TT,2007-11-30,1473.0
TT,2007-12-31,1072.0
TT,2008-01-31,1492.0
TT,2008-02-29,1963.0
TT,2008-03-31,1369.0
TT,2008-04-30,1614.0
TT,2008-05-31,1317.0
TT,2008-06-30,1392.0
TT,2008-07-31,1312.0
TT,2008-08-31,1198.0
TT,2008-09-30,1215.0
TT,2008-10-31,1392.0
TT,2008-11-30,1666.0
TT,2008-12-31,1312.0
TT,2009-01-31,1897.0
TT,2009-02-28,1529.0
TT,2009-03-31,1180.0
TT,2009-04-30,1119.0
TT,2009-05-31,1947.0
TT,2009-06-30,1904.0
TT,2009-07-31,1091.0
TT,2009-08-31,1115.0
TT,2009-09-30,1313.0
TT,2009-10-31,1322.0
TT,2009-11-30,1743.0
TT,2009-12-31,1804.0
TT,2010-01-31,951.0
TT,2010-02-28,1490.0
TT,2010-03-31,1299.0
TT,2010-04-30,1448.0
TT,2010-05-31,1145.0
TT,2010-06-30,1723.0
TT,2010-07-31,1936.0
TT,2010-08-31,1935.0
TT,2010-09-30,1732.0
TT,2010-10-31,1879.0
TT,2010-11-30,1372.0
TT,2010-12-31,1138.0
TT,2011-01-31,1147.0
TT,2011-02-28,955.0
TT,2011-03-31,1781.0
TT,2011-04-30,1214.0
TT,2011-05-31,899.0
TT,2011-06-30,899.0
TT,2011-07-31,1689.0
TT,2011-08-31,1490.0
TT,2011-09-30,1677.0
TT,2011-10-31,1513.0
TT,2011-11-30,1734.0
TT,2011-12-31,1734.0
TT,2012-01-31,1614.0
TT,2012-02-29,1511.0
TT,2012-03-31,1578.0
TT,2012-04-30,1860.0
TT,2012-05-31,1857.0
TT,2012-06-30,2135.0
TT,2012-07-31,1762.0
TT,2012-08-31,1779.0
TT,2012-09-30,2142.0
TT,2012-10-31,819.0
TT,2012-11-30,1072.0
TT,2012-12-31,1930.0
TT,2013-01-31,1883.0
TT,2013-02-28,953.0
TT,2013-03-31,1647.0
TT,2013-04-30,1186.0
TT,2013-05-31,1717.0
TT,2013-06-30,1687.0
TT,2013-07-31,2063.0
TT,2013-08-31,1475.0
TT,2013-09-30,1336.0
TT,2013-10-31,1491.0
TT,2013-11-30,1256.0
TT,2013-12-31,1381.0
TT,2014-01-31,1229.0
TT,2014-02-28,1230.0
TT,2014-03-31,1449.0
TT,2014-04-30,1438.0
TT,2014-05-31,1347.0
TT,2014-06-30,1444.0
TT,2014-07-31,1074.0
TT,2014-08-31,1531.0
TT,2014-09-30,1531.0
TT,2014-10-31,1292.0
TT,2014-11-30,1328.0
TT,2014-12-31,1418.0
TT,2015-01-31,938.0
TT,2015-02-28,1176.0
TT,2015-03-31,1352.0
TT,2015-04-30,1111.0
TT,2015-05-31,1167.0
TT,2015-06-30,1014.0
TT,2015-07-31,1192.0
TT,2015-08-31,1347.0
TT,2015-09-30,867.0
TT,2015-10-31,1382.0
TT,2015-11-30,0.0
TT,2015-12-31,0.0
TT,2016-01-31,0.0
TT,2016-02-29,1172.0
TT,2016-03-31,1651.0
TT,2016-04-30,1100.0
TT,2016-05-31,1077.0
TT,2016-06-30,894.0
TT,2016-07-31,1363.0
TT,2016-08-31,1396.0
TT,2016-09-30,1042.0
TT,2016-10-31,744.0
TT,2016-11-30,1301.0
TT,2016-12-31,1301.0
TT,2017-01-31,
TT,2017-02-28,
TT,2017-03-31,
TT,2017-04-30,
TT,2017-05-31,
TT,2017-06-30,
TT,2017-07-31,
TT,2017-08-31,
TT,2017-09-30,
TT,2017-10-31,
TT,2017-11-30,
TT,2017-12-31,
TT,2018-01-31,
TT,2018-02-28,
TT,2018-03-31,
TT,2018-04-30,
TT,2018-05-31,
TT,2018-06-30,
TT,2018-07-31,
TT,2018-08-31,
TT,2018-09-30,
TT,2018-10-31,
TT,2018-11-30,
TT,2018-12-31,
TT,2019-01-31,
TT,2019-02-28,
TT,2019-03-31,
TT,2019-04-30,
TT,2019-05-31,
TT,2019-06-30,
TT,2019-07-31,
TT,2019-08-31,
TT,2019-09-30,
TT,2019-10-31,
TT,2019-11-30,
TT,2019-12-31,
TT,2020-01-31,
TT,2020-02-29,
TT,2020-03-31,
TT,2020-04-30,
TT,2020-05-31,
TT,2020-06-30,
TT,2020-07-31,
TT,2020-08-31,
TT,2020-09-30,
TT,2020-10-31,
TT,2020-11-30,
TT,2020-12-31,
TT,2021-01-31,
TT,2021-02-28,
TT,2021-03-31,
TT,2021-04-30,
TT,2021-05-31,
TT,2021-06-30,
TT,2021-07-31,
TT,2021-08-31,
TT,2021-09-30,
TT,2021-10-31,
TT,2021-11-30,
TT,2021-12-31,
TT,2022-01-31,
TT,2022-02-28,
TT,2022-03-31,
TT,2022-04-30,
TT,2022-05-31,
TT,2022-06-30,
TT,2022-07-31,
TT,2022-08-31,
TT,2022-09-30,
TT,2022-10-31,
TT,2022-11-30,
TT,2022-12-31,
TT,2023-01-31,
TT,2023-02-28,
TT,2023-03-31,
TT,2023-04-30,
TT,2023-05-31,
TT,2023-06-30,
TT,2023-07-31,
TT,2023-08-31,
TT,2023-09-30,
TT,2023-10-31,
TT,2023-11-30,
TT,2023-12-31,
TT,2024-01-31,
TT,2024-02-29,
TT,2024-03-31,
TT,2024-04-30,
TT,2024-05-31,
TT,2024-06-30,
TT,2024-07-31,
TT,2024-08-31,
TT,2024-09-30,
TT,2024-10-31,
TT,2024-11-30,
TT,2024-12-31,
TT,2025-01-31,
TW,2002-01-31,19706.496
TW,2002-02-28,17089.574
TW,2002-03-31,15498.828
TW,2002-04-30,14635.776
TW,2002-05-31,21448.822
TW,2002-06-30,22769.76
TW,2002-07-31,23189.866
TW,2002-08-31,23510.934
TW,2002-09-30,23273.322
TW,2002-10-31,23480.883
TW,2002-11-30,18794.925
TW,2002-12-31,22102.613
TW,2003-01-31,19334.4
TW,2003-02-28,22912.58
TW,2003-03-31,18001.699
TW,2003-04-30,18259.596
TW,2003-05-31,22448.648
TW,2003-06-30,20650.51
TW,2003-07-31,25127.014
TW,2003-08-31,18108.672
TW,2003-09-30,23404.686
TW,2003-10-31,23248.242
TW,2003-11-30,20656.17
TW,2003-12-31,23729.844
TW,2004-01-31,22102.613
TW,2004-02-29,24908.074
TW,2004-03-31,22233.959
TW,2004-04-30,25360.55
TW,2004-05-31,25371.669
TW,2004-06-30,22404.86
TW,2004-07-31,26805.504
TW,2004-08-31,26845.663
TW,2004-09-30,25944.576
TW,2004-10-31,26692.426
TW,2004-11-30,24893.952
TW,2004-12-31,25612.47
TW,2005-01-31,22975.104
TW,2005-02-28,24397.214
TW,2005-03-31,25988.352
TW,2005-04-30,25951.872
TW,2005-05-31,23109.599
TW,2005-06-30,22541.55
TW,2005-07-31,24484.79
TW,2005-08-31,26101.369
TW,2005-09-30,25864.112
TW,2005-10-31,24893.478
TW,2005-11-30,24459.544
TW,2005-12-31,27725.102
TW,2006-01-31,25554.094
TW,2006-02-28,24586.962
TW,2006-03-31,27039.09
TW,2006-04-30,27586.44
TW,2006-05-31,30746.474
TW,2006-06-30,26561.08
TW,2006-07-31,25926.241
TW,2006-08-31,28717.63
TW,2006-09-30,31811.982
TW,2006-10-31,27673.728
TW,2006-11-30,30366.978
TW,2006-12-31,29775.84
TW,2007-01-31,30717.282
TW,2007-02-28,27152.137
TW,2007-03-31,27290.78
TW,2007-04-30,26871.236
TW,2007-05-31,26021.102
TW,2007-06-30,30340.926
TW,2007-07-31,27987.83
TW,2007-08-31,31384.397
TW,2007-09-30,29593.39
TW,2007-10-31,30739.176
TW,2007-11-30,26688.786
TW,2007-12-31,28166.841
TW,2008-01-31,25900.602
TW,2008-02-29,25050.601
TW,2008-03-31,29523.662
TW,2008-04-30,30114.719
TW,2008-05-31,25397.376
TW,2008-06-30,29060.636
TW,2008-07-31,28123.047
TW,2008-08-31,33154.814
TW,2008-09-30,30738.048
TW,2008-10-31,32858.391
TW,2008-11-30,32128.691
TW,2008-12-31,32629.358
TW,2009-01-31,29513.112
TW,2009-02-28,28184.876
TW,2009-03-31,21718.848
TW,2009-04-30,27133.824
TW,2009-05-31,25751.113
TW,2009-06-30,27123.084
TW,2009-07-31,25127.014
TW,2009-08-31,33296.211
TW,2009-09-30,25707.078
TW,2009-10-31,29184.702
TW,2009-11-30,22988.7
TW,2009-12-31,30180.392
TW,2010-01-31,30114.719
TW,2010-02-28,25152.759
TW,2010-03-31,26688.786
TW,2010-04-30,27298.077
TW,2010-05-31,27951.34
TW,2010-06-30,29020.169
TW,2010-07-31,33763.219
TW,2010-08-31,29695.562
TW,2010-09-30,29924.997
TW,2010-10-31,27210.672
TW,2010-11-30,31337.612
TW,2010-12-31,31274.942
TW,2011-01-31,25550.592
TW,2011-02-28,24612.781
TW,2011-03-31,27009.898
TW,2011-04-30,31147.864
TW,2011-05-31,28969.09
TW,2011-06-30,25700.034
TW,2011-07-31,26021.102
TW,2011-08-31,24820.498
TW,2011-09-30,25076.352
TW,2011-10-31,27768.89
TW,2011-11-30,20913.202
TW,2011-12-31,26170.752
TW,2012-01-31,27192.348
TW,2012-02-29,23222.236
TW,2012-03-31,22528.926
TW,2012-04-30,23763.072
TW,2012-05-31,26732.574
TW,2012-06-30,24554.405
TW,2012-07-31,23843.328
TW,2012-08-31,24076.8
TW,2012-09-30,23146.084
TW,2012-10-31,22390.264
TW,2012-11-30,27655.63
TW,2012-12-31,22952.21
TW,2013-01-31,22868.798
TW,2013-02-28,23510.934
TW,2013-03-31,24554.405
TW,2013-04-30,25849.728
TW,2013-05-31,22750.983
TW,2013-06-30,25145.462
TW,2013-07-31,22813.548
TW,2013-08-31,23919.566
TW,2013-09-30,25141.61
TW,2013-10-31,24984.477
TW,2013-11-30,21726.146
TW,2013-12-31,19599.742
TW,2014-01-31,23222.236
TW,2014-02-28,26214.528
TW,2014-03-31,27630.228
TW,2014-04-30,29385.019
TW,2014-05-31,26265.502
TW,2014-06-30,26090.35
TW,2014-07-31,24247.278
TW,2014-08-31,28472.894
TW,2014-09-30,26185.344
TW,2014-10-31,25397.376
TW,2014-11-30,26499.038
TW,2014-12-31,25342.481
TW,2015-01-31,26944.216
TW,2015-02-28,27283.483
TW,2015-03-31,27392.938
TW,2015-04-30,24346.752
TW,2015-05-31,25280.272
TW,2015-06-30,26845.663
TW,2015-07-31,27739.698
TW,2015-08-31,27228.838
TW,2015-09-30,29374.45
TW,2015-10-31,24360.724
TW,2015-11-30,26944.128
TW,2015-12-31,26907.648
TW,2016-01-31,30016.674
TW,2016-02-29,24510.623
TW,2016-03-31,26531.865
TW,2016-04-30,26670.546
TW,2016-05-31,26440.704
TW,2016-06-30,26166.915
TW,2016-07-31,25166.952
TW,2016-08-31,27064.573
TW,2016-09-30,25134.312
TW,2016-10-31,27152.137
TW,2016-11-30,25484.616
TW,2016-12-31,25918.944
TW,2017-01-31,27334.562
TW,2017-02-28,23820.672
TW,2017-03-31,24561.702
TW,2017-04-30,25849.728
TW,2017-05-31,22427.904
TW,2017-06-30,24656.563
TW,2017-07-31,26575.674
TW,2017-08-31,25769.238
TW,2017-09-30,25510.312
TW,2017-10-31,25484.616
TW,2017-11-30,27473.205
TW,2017-12-31,27648.333
TW,2018-01-31,24940.683
TW,2018-02-28,22543.522
TW,2018-03-31,25725.45
TW,2018-04-30,24229.36
TW,2018-05-31,25893.504
TW,2018-06-30,26167.042
TW,2018-07-31,25229.186
TW,2018-08-31,24638.048
TW,2018-09-30,24795.206
TW,2018-10-31,25316.762
TW,2018-11-30,24484.79
TW,2018-12-31,24291.713
TW,2019-01-31,26448.0
TW,2019-02-28,23667.414
TW,2019-03-31,26561.08
TW,2019-04-30,24838.988
TW,2019-05-31,27035.385
TW,2019-06-30,23536.05
TW,2019-07-31,24273.148
TW,2019-08-31,28411.114
TW,2019-09-30,24944.564
TW,2019-10-31,26108.666
TW,2019-11-30,22598.809
TW,2019-12-31,23707.152
TW,2020-01-31,21726.146
TW,2020-02-29,26196.23
TW,2020-03-31,27863.764
TW,2020-04-30,30406.599
TW,2020-05-31,26933.227
TW,2020-06-30,27352.904
TW,2020-07-31,28217.499
TW,2020-08-31,28305.063
TW,2020-09-30,26305.685
TW,2020-10-31,25827.622
TW,2020-11-30,26298.388
TW,2020-12-31,28203.336
TW,2021-01-31,31136.299
TW,2021-02-28,27699.412
TW,2021-03-31,29264.98
TW,2021-04-30,26838.366
TW,2021-05-31,27531.581
TW,2021-06-30,23185.746
TW,2021-07-31,24459.544
TW,2021-08-31,28811.904
TW,2021-09-30,27079.29
TW,2021-10-31,31201.972
TW,2021-11-30,29079.216
TW,2021-12-31,25908.096
TW,2022-01-31,26002.944
TW,2022-02-28,26316.672
TW,2022-03-31,28575.052
TW,2022-04-30,25335.184
TW,2022-05-31,26688.786
TW,2022-06-30,19949.998
TW,2022-07-31,23832.002
TW,2022-08-31,23522.304
TW,2022-09-30,24404.512
TW,2022-10-31,27082.878
TW,2022-11-30,30122.016
TW,2022-12-31,25882.459
TW,2023-01-31,25189.244
TW,2023-02-28,24681.836
TW,2023-03-31,24171.648
TW,2023-04-30,23839.299
TW,2023-05-31,27166.731
TW,2023-06-30,28542.478
TW,2023-07-31,25933.538
TW,2023-08-31,26517.298
TW,2023-09-30,29775.84
TW,2023-10-31,28951.166
TW,2023-11-30,26404.164
TW,2023-12-31,26203.41
TW,2024-01-31,28921.974
TW,2024-02-29,27940.213
TW,2024-03-31,25805.952
TW,2024-04-30,27002.6
TW,2024-05-31,26783.66
TW,2024-06-30,29020.169
TW,2024-07-31,26360.376
TW,2024-08-31,27586.44
TW,2024-09-30,30384.708
TW,2024-10-31,30428.49
TW,2024-11-30,27009.898
TW,2024-12-31,24849.69
TW,2025-01-31,25663.284
TW,2025-02-28,21499.908
TW,2025-03-31,23875.784
UA,2002-01-31,
UA,2002-02-28,
UA,2002-03-31,
UA,2002-04-30,
UA,2002-05-31,
UA,2002-06-30,
UA,2002-07-31,
UA,2002-08-31,
UA,2002-09-30,
UA,2002-10-31,
UA,2002-11-30,
UA,2002-12-31,
UA,2003-01-31,
UA,2003-02-28,
UA,2003-03-31,
UA,2003-04-30,
UA,2003-05-31,
UA,2003-06-30,
UA,2003-07-31,
UA,2003-08-31,
UA,2003-09-30,
UA,2003-10-31,
UA,2003-11-30,
UA,2003-12-31,
UA,2004-01-31,
UA,2004-02-29,
UA,2004-03-31,
UA,2004-04-30,
UA,2004-05-31,
UA,2004-06-30,
UA,2004-07-31,
UA,2004-08-31,
UA,2004-09-30,
UA,2004-10-31,
UA,2004-11-30,
UA,2004-12-31,
UA,2005-01-31,
UA,2005-02-28,
UA,2005-03-31,
UA,2005-04-30,
UA,2005-05-31,
UA,2005-06-30,
UA,2005-07-31,
UA,2005-08-31,
UA,2005-09-30,
UA,2005-10-31,
UA,2005-11-30,
UA,2005-12-31,
UA,2006-01-31,
UA,2006-02-28,
UA,2006-03-31,
UA,2006-04-30,
UA,2006-05-31,
UA,2006-06-30,
UA,2006-07-31,
UA,2006-08-31,
UA,2006-09-30,
UA,2006-10-31,
UA,2006-11-30,
UA,2006-12-31,
UA,2007-01-31,
UA,2007-02-28,
UA,2007-03-31,
UA,2007-04-30,
UA,2007-05-31,
UA,2007-06-30,
UA,2007-07-31,
UA,2007-08-31,
UA,2007-09-30,
UA,2007-10-31,
UA,2007-11-30,
UA,2007-12-31,
UA,2008-01-31,
UA,2008-02-29,
UA,2008-03-31,
UA,2008-04-30,
UA,2008-05-31,
UA,2008-06-30,
UA,2008-07-31,
UA,2008-08-31,
UA,2008-09-30,
UA,2008-10-31,
UA,2008-11-30,
UA,2008-12-31,
UA,2009-01-31,
UA,2009-02-28,
UA,2009-03-31,
UA,2009-04-30,
UA,2009-05-31,
UA,2009-06-30,
UA,2009-07-31,
UA,2009-08-31,
UA,2009-09-30,
UA,2009-10-31,
UA,2009-11-30,
UA,2009-12-31,
UA,2010-01-31,
UA,2010-02-28,
UA,2010-03-31,
UA,2010-04-30,
UA,2010-05-31,
UA,2010-06-30,
UA,2010-07-31,
UA,2010-08-31,
UA,2010-09-30,
UA,2010-10-31,
UA,2010-11-30,
UA,2010-12-31,
UA,2011-01-31,
UA,2011-02-28,
UA,2011-03-31,2527.91
UA,2011-04-30,2719.53
UA,2011-05-31,3699.74
UA,2011-06-30,2837.45
UA,2011-07-31,2911.15
UA,2011-08-31,2807.97
UA,2011-09-30,3272.28
UA,2011-10-31,2771.12
UA,2011-11-30,2409.99
UA,2011-12-31,2166.78
UA,2012-01-31,2070.97
UA,2012-02-29,2063.6
UA,2012-03-31,1827.76
UA,2012-04-30,1827.76
UA,2012-05-31,1798.28
UA,2012-06-30,1916.2
UA,2012-07-31,2078.34
UA,2012-08-31,1871.98
UA,2012-09-30,1923.57
UA,2012-10-31,1916.2
UA,2012-11-30,1687.73
UA,2012-12-31,1695.1
UA,2013-01-31,2233.11
UA,2013-02-28,2321.55
UA,2013-03-31,2299.44
UA,2013-04-30,2247.85
UA,2013-05-31,2196.26
UA,2013-06-30,2321.55
UA,2013-07-31,2100.45
UA,2013-08-31,2019.38
UA,2013-09-30,1783.54
UA,2013-10-31,1967.79
UA,2013-11-30,1761.43
UA,2013-12-31,1702.47
UA,2014-01-31,1518.22
UA,2014-02-28,1591.92
UA,2014-03-31,1348.71
UA,2014-04-30,1127.61
UA,2014-05-31,1267.64
UA,2014-06-30,1061.28
UA,2014-07-31,928.62
UA,2014-08-31,1053.91
UA,2014-09-30,1068.65
UA,2014-10-31,1076.02
UA,2014-11-30,958.1
UA,2014-12-31,1009.69
UA,2015-01-31,862.29
UA,2015-02-28,869.66
UA,2015-03-31,810.7
UA,2015-04-30,891.77
UA,2015-05-31,891.77
UA,2015-06-30,818.07
UA,2015-07-31,877.03
UA,2015-08-31,788.59
UA,2015-09-30,869.66
UA,2015-10-31,825.44
UA,2015-11-30,825.44
UA,2015-12-31,840.18
UA,2016-01-31,744.37
UA,2016-02-29,751.74
UA,2016-03-31,766.48
UA,2016-04-30,943.36
UA,2016-05-31,751.74
UA,2016-06-30,803.33
UA,2016-07-31,825.44
UA,2016-08-31,700.15
UA,2016-09-30,700.15
UA,2016-10-31,722.26
UA,2016-11-30,648.56
UA,2016-12-31,751.74
UA,2017-01-31,
UA,2017-02-28,
UA,2017-03-31,
UA,2017-04-30,
UA,2017-05-31,
UA,2017-06-30,
UA,2017-07-31,
UA,2017-08-31,
UA,2017-09-30,
UA,2017-10-31,
UA,2017-11-30,
UA,2017-12-31,
UA,2018-01-31,
UA,2018-02-28,
UA,2018-03-31,
UA,2018-04-30,
UA,2018-05-31,
UA,2018-06-30,
UA,2018-07-31,
UA,2018-08-31,
UA,2018-09-30,
UA,2018-10-31,
UA,2018-11-30,
UA,2018-12-31,
UA,2019-01-31,
UA,2019-02-28,
UA,2019-03-31,
UA,2019-04-30,
UA,2019-05-31,
UA,2019-06-30,
UA,2019-07-31,
UA,2019-08-31,
UA,2019-09-30,
UA,2019-10-31,
UA,2019-11-30,
UA,2019-12-31,
UA,2020-01-31,
UA,2020-02-29,
UA,2020-03-31,
UA,2020-04-30,
UA,2020-05-31,
UA,2020-06-30,
UA,2020-07-31,
UA,2020-08-31,
UA,2020-09-30,
UA,2020-10-31,
UA,2020-11-30,
UA,2020-12-31,
UA,2021-01-31,
UA,2021-02-28,
UA,2021-03-31,
UA,2021-04-30,
UA,2021-05-31,
UA,2021-06-30,
UA,2021-07-31,
UA,2021-08-31,
UA,2021-09-30,
UA,2021-10-31,
UA,2021-11-30,
UA,2021-12-31,
UA,2022-01-31,
UA,2022-02-28,
UA,2022-03-31,
UA,2022-04-30,
UA,2022-05-31,
UA,2022-06-30,
UA,2022-07-31,
UA,2022-08-31,
UA,2022-09-30,
UA,2022-10-31,
UA,2022-11-30,
UA,2022-12-31,
UA,2023-01-31,
UA,2023-02-28,
UA,2023-03-31,
UA,2023-04-30,
UA,2023-05-31,
UA,2023-06-30,
UA,2023-07-31,
UA,2023-08-31,
UA,2023-09-30,
UA,2023-10-31,
UA,2023-11-30,
UA,2023-12-31,
UA,2024-01-31,
UA,2024-02-29,
UA,2024-03-31,
UA,2024-04-30,
UA,2024-05-31,
UA,2024-06-30,
UA,2024-07-31,
UA,2024-08-31,
UA,2024-09-30,
UA,2024-10-31,
UA,2024-11-30,
UA,2024-12-31,
UA,2025-01-31,
UA,2025-02-28,
UA,2025-03-31,
US,2002-01-31,787774.0
US,2002-02-28,802419.0
US,2002-03-31,808272.0
US,2002-04-30,809567.0
US,2002-05-31,816316.0
US,2002-06-30,810626.0
US,2002-07-31,806563.0
US,2002-08-31,804276.0
US,2002-09-30,790964.0
US,2002-10-31,807399.0
US,2002-11-30,809072.0
US,2002-12-31,805601.0
US,2003-01-31,807703.0
US,2003-02-28,807688.0
US,2003-03-31,813290.0
US,2003-04-30,819550.0
US,2003-05-31,819432.0
US,2003-06-30,825833.0
US,2003-07-31,827860.0
US,2003-08-31,829192.0
US,2003-09-30,839500.0
US,2003-10-31,853205.0
US,2003-11-30,845198.0
US,2003-12-31,841284.0
US,2004-01-31,846286.0
US,2004-02-29,859236.0
US,2004-03-31,875731.0
US,2004-04-30,884455.0
US,2004-05-31,889717.0
US,2004-06-30,886838.0
US,2004-07-31,884722.0
US,2004-08-31,878054.0
US,2004-09-30,874702.0
US,2004-10-31,884670.0
US,2004-11-30,887415.0
US,2004-12-31,887482.0
US,2005-01-31,875087.0
US,2005-02-28,889872.0
US,2005-03-31,906433.0
US,2005-04-30,921159.0
US,2005-05-31,925274.0
US,2005-06-30,921951.0
US,2005-07-31,917511.0
US,2005-08-31,914004.0
US,2005-09-30,903592.0
US,2005-10-31,905242.0
US,2005-11-30,908172.0
US,2005-12-31,906115.0
US,2006-01-31,903059.0
US,2006-02-28,916919.0
US,2006-03-31,917371.0
US,2006-04-30,923498.0
US,2006-05-31,920116.0
US,2006-06-30,916542.0
US,2006-07-31,912043.0
US,2006-08-31,911021.0
US,2006-09-30,911761.0
US,2006-10-31,917570.0
US,2006-11-30,914218.0
US,2006-12-31,895881.0
US,2007-01-31,906974.0
US,2007-02-28,902844.0
US,2007-03-31,912043.0
US,2007-04-30,920316.0
US,2007-05-31,929048.0
US,2007-06-30,931408.0
US,2007-07-31,917696.0
US,2007-08-31,907543.0
US,2007-09-30,906678.0
US,2007-10-31,903940.0
US,2007-11-30,900906.0
US,2007-12-31,890242.0
US,2008-01-31,899825.0
US,2008-02-29,903562.0
US,2008-03-31,914662.0
US,2008-04-30,919221.0
US,2008-05-31,910577.0
US,2008-06-30,905856.0
US,2008-07-31,906174.0
US,2008-08-31,911421.0
US,2008-09-30,907003.0
US,2008-10-31,911347.0
US,2008-11-30,915395.0
US,2008-12-31,914980.0
US,2009-01-31,935656.0
US,2009-02-28,938823.0
US,2009-03-31,953571.0
US,2009-04-30,960180.0
US,2009-05-31,957730.0
US,2009-06-30,951721.0
US,2009-07-31,949746.0
US,2009-08-31,944418.0
US,2009-09-30,944580.0
US,2009-10-31,943271.0
US,2009-11-30,947762.0
US,2009-12-31,939807.0
US,2010-01-31,942908.0
US,2010-02-28,946282.0
US,2010-03-31,957301.0
US,2010-04-30,960187.0
US,2010-05-31,958108.0
US,2010-06-30,962311.0
US,2010-07-31,956946.0
US,2010-08-31,957109.0
US,2010-09-30,957930.0
US,2010-10-31,962525.0
US,2010-11-30,951670.0
US,2010-12-31,940237.0
US,2011-01-31,949346.0
US,2011-02-28,949043.0
US,2011-03-31,959484.0
US,2011-04-30,963672.0
US,2011-05-31,964553.0
US,2011-06-30,958722.0
US,2011-07-31,942590.0
US,2011-08-31,922551.0
US,2011-09-30,909312.0
US,2011-10-31,915765.0
US,2011-11-30,913944.0
US,2011-12-31,908291.0
US,2012-01-31,911295.0
US,2012-02-29,915528.0
US,2012-03-31,928656.0
US,2012-04-30,933273.0
US,2012-05-31,938875.0
US,2012-06-30,937839.0
US,2012-07-31,928397.0
US,2012-08-31,923661.0
US,2012-09-30,925496.0
US,2012-10-31,930217.0
US,2012-11-30,933858.0
US,2012-12-31,923535.0
US,2013-01-31,932208.0
US,2013-02-28,936677.0
US,2013-03-31,942212.0
US,2013-04-30,944314.0
US,2013-05-31,940355.0
US,2013-06-30,929277.0
US,2013-07-31,925044.0
US,2013-08-31,926080.0
US,2013-09-30,926147.0
US,2013-10-31,934398.0
US,2013-11-30,929144.0
US,2013-12-31,916024.0
US,2014-01-31,933251.0
US,2014-02-28,938794.0
US,2014-03-31,948835.0
US,2014-04-30,955532.0
US,2014-05-31,954311.0
US,2014-06-30,943996.0
US,2014-07-31,928781.0
US,2014-08-31,921011.0
US,2014-09-30,921581.0
US,2014-10-31,942538.0
US,2014-11-30,947022.0
US,2014-12-31,953046.0
US,2015-01-31,981048.0
US,2015-02-28,1006711.0
US,2015-03-31,1034091.0
US,2015-04-30,1043259.0
US,2015-05-31,1040270.0
US,2015-06-30,1032433.0
US,2015-07-31,1019705.0
US,2015-08-31,1022169.0
US,2015-09-30,1025137.0
US,2015-10-31,1050859.0
US,2015-11-30,1051288.0
US,2015-12-31,1045235.0
US,2016-01-31,1052102.0
US,2016-02-29,1071809.0
US,2016-03-31,1076212.0
US,2016-04-30,1080977.0
US,2016-05-31,1083678.0
US,2016-06-30,1072660.0
US,2016-07-31,1064705.0
US,2016-08-31,1058304.0
US,2016-09-30,1045724.0
US,2016-10-31,1066473.0
US,2016-11-30,1066281.0
US,2016-12-31,1063217.0
US,2017-01-31,1083338.0
US,2017-02-28,1102652.0
US,2017-03-31,1112324.0
US,2017-04-30,1095548.0
US,2017-05-31,1084270.0
US,2017-06-30,1063017.0
US,2017-07-31,1044702.0
US,2017-08-31,1020075.0
US,2017-09-30,1017108.0
US,2017-10-31,1001449.0
US,2017-11-30,987042.0
US,2017-12-31,955976.0
US,2018-01-31,955222.0
US,2018-02-28,960061.0
US,2018-03-31,961149.0
US,2018-04-30,971265.0
US,2018-05-31,965685.0
US,2018-06-30,947089.0
US,2018-07-31,942205.0
US,2018-08-31,940385.0
US,2018-09-30,947392.0
US,2018-10-31,958552.0
US,2018-11-30,969415.0
US,2018-12-31,962178.0
US,2019-01-31,969185.0
US,2019-02-28,972101.0
US,2019-03-31,975061.0
US,2019-04-30,984022.0
US,2019-05-31,992170.0
US,2019-06-30,975572.0
US,2019-07-31,953660.0
US,2019-08-31,942257.0
US,2019-09-30,933281.0
US,2019-10-31,947392.0
US,2019-11-30,943900.0
US,2019-12-31,929906.0
US,2020-01-31,939807.0
US,2020-02-29,951196.0
US,2020-03-31,980026.0
US,2020-04-30,1032988.0
US,2020-05-31,1037362.0
US,2020-06-30,1056846.0
US,2020-07-31,1045065.0
US,2020-08-31,1022932.0
US,2020-09-30,1010696.0
US,2020-10-31,1002993.0
US,2020-11-30,1009338.0
US,2020-12-31,992984.0
US,2021-01-31,995862.0
US,2021-02-28,1013489.0
US,2021-03-31,1019757.0
US,2021-04-30,1003743.0
US,2021-05-31,983867.0
US,2021-06-30,947178.0
US,2021-07-31,936596.0
US,2021-08-31,916912.0
US,2021-09-30,911702.0
US,2021-10-31,920826.0
US,2021-11-30,909031.0
US,2021-12-31,888696.0
US,2022-01-31,876182.0
US,2022-02-28,861589.0
US,2022-03-31,843119.0
US,2022-04-30,829651.0
US,2022-05-31,800051.0
US,2022-06-30,775187.0
US,2022-07-31,756583.0
US,2022-08-31,728256.0
US,2022-09-30,708661.0
US,2022-10-31,701646.0
US,2022-11-30,668405.0
US,2022-12-31,665223.0
US,2023-01-31,694734.0
US,2023-02-28,707285.0
US,2023-03-31,702526.0
US,2023-04-30,689525.0
US,2023-05-31,681096.0
US,2023-06-30,667806.0
US,2023-07-31,653154.0
US,2023-08-31,633544.0
US,2023-09-30,634646.0
US,2023-10-31,643252.0
US,2023-11-30,659962.0
US,2023-12-31,647308.0
US,2024-01-31,652110.0
US,2024-02-29,674799.0
US,2024-03-31,675398.0
US,2024-04-30,695015.0
US,2024-05-31,688977.0
US,2024-06-30,677477.0
US,2024-07-31,666895.0
US,2024-08-31,661264.0
US,2024-09-30,663121.0
US,2024-10-31,675109.0
US,2024-11-30,677366.0
US,2024-12-31,671557.0
US,2025-01-31,678106.0
US,2025-02-28,689362.0
US,2025-03-31,702091.0
UY,2002-01-31,0.0
UY,2002-02-28,0.0
UY,2002-03-31,0.0
UY,2002-04-30,0.0
UY,2002-05-31,0.0
UY,2002-06-30,0.0
UY,2002-07-31,0.0
UY,2002-08-31,0.0
UY,2002-09-30,0.0
UY,2002-10-31,0.0
UY,2002-11-30,0.0
UY,2002-12-31,0.0
UY,2003-01-31,0.0
UY,2003-02-28,0.0
UY,2003-03-31,0.0
UY,2003-04-30,0.0
UY,2003-05-31,0.0
UY,2003-06-30,0.0
UY,2003-07-31,0.0
UY,2003-08-31,0.0
UY,2003-09-30,0.0
UY,2003-10-31,0.0
UY,2003-11-30,0.0
UY,2003-12-31,0.0
UY,2004-01-31,0.0
UY,2004-02-29,0.0
UY,2004-03-31,0.0
UY,2004-04-30,0.0
UY,2004-05-31,0.0
UY,2004-06-30,0.0
UY,2004-07-31,0.0
UY,2004-08-31,0.0
UY,2004-09-30,0.0
UY,2004-10-31,0.0
UY,2004-11-30,0.0
UY,2004-12-31,0.0
UY,2005-01-31,0.0
UY,2005-02-28,0.0
UY,2005-03-31,0.0
UY,2005-04-30,0.0
UY,2005-05-31,0.0
UY,2005-06-30,0.0
UY,2005-07-31,0.0
UY,2005-08-31,0.0
UY,2005-09-30,0.0
UY,2005-10-31,0.0
UY,2005-11-30,0.0
UY,2005-12-31,0.0
UY,2006-01-31,0.0
UY,2006-02-28,0.0
UY,2006-03-31,0.0
UY,2006-04-30,0.0
UY,2006-05-31,0.0
UY,2006-06-30,0.0
UY,2006-07-31,0.0
UY,2006-08-31,0.0
UY,2006-09-30,0.0
UY,2006-10-31,0.0
UY,2006-11-30,0.0
UY,2006-12-31,0.0
UY,2007-01-31,0.0
UY,2007-02-28,0.0
UY,2007-03-31,0.0
UY,2007-04-30,0.0
UY,2007-05-31,0.0
UY,2007-06-30,0.0
UY,2007-07-31,0.0
UY,2007-08-31,0.0
UY,2007-09-30,0.0
UY,2007-10-31,0.0
UY,2007-11-30,0.0
UY,2007-12-31,0.0
UY,2008-01-31,0.0
UY,2008-02-29,0.0
UY,2008-03-31,0.0
UY,2008-04-30,0.0
UY,2008-05-31,0.0
UY,2008-06-30,0.0
UY,2008-07-31,0.0
UY,2008-08-31,0.0
UY,2008-09-30,0.0
UY,2008-10-31,0.0
UY,2008-11-30,0.0
UY,2008-12-31,0.0
UY,2009-01-31,0.0
UY,2009-02-28,0.0
UY,2009-03-31,0.0
UY,2009-04-30,0.0
UY,2009-05-31,0.0
UY,2009-06-30,0.0
UY,2009-07-31,0.0
UY,2009-08-31,0.0
UY,2009-09-30,0.0
UY,2009-10-31,0.0
UY,2009-11-30,0.0
UY,2009-12-31,0.0
UY,2010-01-31,0.0
UY,2010-02-28,0.0
UY,2010-03-31,0.0
UY,2010-04-30,0.0
UY,2010-05-31,0.0
UY,2010-06-30,0.0
UY,2010-07-31,0.0
UY,2010-08-31,0.0
UY,2010-09-30,0.0
UY,2010-10-31,0.0
UY,2010-11-30,0.0
UY,2010-12-31,0.0
UY,2011-01-31,0.0
UY,2011-02-28,0.0
UY,2011-03-31,0.0
UY,2011-04-30,0.0
UY,2011-05-31,0.0
UY,2011-06-30,0.0
UY,2011-07-31,0.0
UY,2011-08-31,0.0
UY,2011-09-30,0.0
UY,2011-10-31,0.0
UY,2011-11-30,0.0
UY,2011-12-31,0.0
UY,2012-01-31,0.0
UY,2012-02-29,0.0
UY,2012-03-31,0.0
UY,2012-04-30,0.0
UY,2012-05-31,0.0
UY,2012-06-30,0.0
UY,2012-07-31,0.0
UY,2012-08-31,0.0
UY,2012-09-30,0.0
UY,2012-10-31,0.0
UY,2012-11-30,0.0
UY,2012-12-31,0.0
UY,2013-01-31,2875.0
UY,2013-02-28,2606.0
UY,2013-03-31,2292.0
UY,2013-04-30,2106.0
UY,2013-05-31,2939.0
UY,2013-06-30,2398.0
UY,2013-07-31,2045.0
UY,2013-08-31,1658.0
UY,2013-09-30,2792.0
UY,2013-10-31,2404.0
UY,2013-11-30,2184.0
UY,2013-12-31,1930.0
UY,2014-01-31,2366.0
UY,2014-02-28,1253.0
UY,2014-03-31,2955.0
UY,2014-04-30,2955.0
UY,2014-05-31,2516.0
UY,2014-06-30,2836.0
UY,2014-07-31,2562.0
UY,2014-08-31,1450.0
UY,2014-09-30,1292.0
UY,2014-10-31,1900.0
UY,2014-11-30,2332.0
UY,2014-12-31,1685.0
UY,2015-01-31,2312.0
UY,2015-02-28,2217.0
UY,2015-03-31,2600.0
UY,2015-04-30,2708.0
UY,2015-05-31,2095.0
UY,2015-06-30,2456.0
UY,2015-07-31,2541.0
UY,2015-08-31,1732.0
UY,2015-09-30,1531.0
UY,2015-10-31,2306.0
UY,2015-11-30,2022.0
UY,2015-12-31,2710.0
UY,2016-01-31,2398.0
UY,2016-02-29,1560.0
UY,2016-03-31,2265.0
UY,2016-04-30,1932.0
UY,2016-05-31,1648.0
UY,2016-06-30,1981.0
UY,2016-07-31,1981.0
UY,2016-08-31,1671.0
UY,2016-09-30,2827.0
UY,2016-10-31,1397.0
UY,2016-11-30,2198.0
UY,2016-12-31,2443.0
UY,2017-01-31,1544.0
UY,2017-02-28,1074.0
UY,2017-03-31,1080.0
UY,2017-04-30,1081.0
UY,2017-05-31,1069.0
UY,2017-06-30,1070.0
UY,2017-07-31,1071.0
UY,2017-08-31,1075.0
UY,2017-09-30,1671.0
UY,2017-10-31,2523.0
UY,2017-11-30,1456.0
UY,2017-12-31,2104.0
UY,2018-01-31,1749.0
UY,2018-02-28,1882.0
UY,2018-03-31,2054.0
UY,2018-04-30,1576.0
UY,2018-05-31,2484.0
UY,2018-06-30,2038.0
UY,2018-07-31,1678.0
UY,2018-08-31,1415.0
UY,2018-09-30,1878.0
UY,2018-10-31,2425.0
UY,2018-11-30,1576.0
UY,2018-12-31,2093.0
UY,2019-01-31,1669.0
UY,2019-02-28,1497.0
UY,2019-03-31,1267.0
UY,2019-04-30,2249.0
UY,2019-05-31,1916.0
UY,2019-06-30,1649.0
UY,2019-07-31,1283.0
UY,2019-08-31,1560.0
UY,2019-09-30,1886.0
UY,2019-10-31,2445.0
UY,2019-11-30,1936.0
UY,2019-12-31,1844.0
UY,2020-01-31,2020.0
UY,2020-02-29,1413.0
UY,2020-03-31,1778.0
UY,2020-04-30,2695.0
UY,2020-05-31,2459.0
UY,2020-06-30,2279.0
UY,2020-07-31,2009.0
UY,2020-08-31,1793.0
UY,2020-09-30,1355.0
UY,2020-10-31,1832.0
UY,2020-11-30,1461.0
UY,2020-12-31,2409.0
UY,2021-01-31,2096.0
UY,2021-02-28,1899.0
UY,2021-03-31,1608.0
UY,2021-04-30,2179.0
UY,2021-05-31,1816.0
UY,2021-06-30,1484.0
UY,2021-07-31,1877.0
UY,2021-08-31,1479.0
UY,2021-09-30,1089.0
UY,2021-10-31,1600.0
UY,2021-11-30,1262.0
UY,2021-12-31,1867.0
UY,2022-01-31,2471.0
UY,2022-02-28,2211.0
UY,2022-03-31,1675.0
UY,2022-04-30,1377.0
UY,2022-05-31,1730.0
UY,2022-06-30,2221.0
UY,2022-07-31,1830.0
UY,2022-08-31,1470.0
UY,2022-09-30,1292.0
UY,2022-10-31,1733.0
UY,2022-11-30,1101.0
UY,2022-12-31,1660.0
UY,2023-01-31,1935.0
UY,2023-02-28,1601.0
UY,2023-03-31,1160.0
UY,2023-04-30,1564.0
UY,2023-05-31,1665.0
UY,2023-06-30,1331.0
UY,2023-07-31,2048.0
UY,2023-08-31,846.0
UY,2023-09-30,1355.0
UY,2023-10-31,893.0
UY,2023-11-30,893.0
UY,2023-12-31,893.0
UY,2024-01-31,893.0
UY,2024-02-29,893.0
UY,2024-03-31,904.0
UY,2024-04-30,1898.0
UY,2024-05-31,2794.0
UY,2024-06-30,1822.0
UY,2024-07-31,1853.0
UY,2024-08-31,1951.0
UY,2024-09-30,1646.0
UY,2024-10-31,1717.0
UY,2024-11-30,2452.0
UY,2024-12-31,1782.0
UY,2025-01-31,
VE,2002-01-31,
VE,2002-02-28,
VE,2002-03-31,
VE,2002-04-30,
VE,2002-05-31,
VE,2002-06-30,
VE,2002-07-31,
VE,2002-08-31,
VE,2002-09-30,
VE,2002-10-31,
VE,2002-11-30,
VE,2002-12-31,
VE,2003-01-31,
VE,2003-02-28,
VE,2003-03-31,
VE,2003-04-30,
VE,2003-05-31,
VE,2003-06-30,
VE,2003-07-31,
VE,2003-08-31,
VE,2003-09-30,
VE,2003-10-31,
VE,2003-11-30,
VE,2003-12-31,
VE,2004-01-31,41974.0
VE,2004-02-29,44602.0
VE,2004-03-31,42377.0
VE,2004-04-30,41550.0
VE,2004-05-31,46190.0
VE,2004-06-30,46350.0
VE,2004-07-31,41757.0
VE,2004-08-31,43245.0
VE,2004-09-30,44910.0
VE,2004-10-31,45477.0
VE,2004-11-30,49230.0
VE,2004-12-31,50375.0
VE,2005-01-31,58094.0
VE,2005-02-28,52920.0
VE,2005-03-31,52049.0
VE,2005-04-30,52680.0
VE,2005-05-31,
VE,2005-06-30,
VE,2005-07-31,
VE,2005-08-31,
VE,2005-09-30,
VE,2005-10-31,
VE,2005-11-30,
VE,2005-12-31,
VE,2006-01-31,38595.0
VE,2006-02-28,32788.0
VE,2006-03-31,35371.0
VE,2006-04-30,34740.0
VE,2006-05-31,35929.0
VE,2006-06-30,35310.0
VE,2006-07-31,33759.0
VE,2006-08-31,36549.0
VE,2006-09-30,30300.0
VE,2006-10-31,32023.0
VE,2006-11-30,30030.0
VE,2006-12-31,30690.0
VE,2007-01-31,39153.0
VE,2007-02-28,28728.0
VE,2007-03-31,30008.0
VE,2007-04-30,25980.0
VE,2007-05-31,32302.0
VE,2007-06-30,35490.0
VE,2007-07-31,35464.0
VE,2007-08-31,36239.0
VE,2007-09-30,32520.0
VE,2007-10-31,36270.0
VE,2007-11-30,35280.0
VE,2007-12-31,36239.0
VE,2008-01-31,39525.0
VE,2008-02-29,41006.0
VE,2008-03-31,40145.0
VE,2008-04-30,33720.0
VE,2008-05-31,35402.0
VE,2008-06-30,
VE,2008-07-31,
VE,2008-08-31,36115.0
VE,2008-09-30,32820.0
VE,2008-10-31,28117.0
VE,2008-11-30,
VE,2008-12-31,
VE,2009-01-31,34379.0
VE,2009-02-28,28560.0
VE,2009-03-31,30520.0
VE,2009-04-30,
VE,2009-05-31,32178.0
VE,2009-06-30,31800.0
VE,2009-07-31,33201.0
VE,2009-08-31,29450.0
VE,2009-09-30,27630.0
VE,2009-10-31,
VE,2009-11-30,30540.0
VE,2009-12-31,
VE,2010-01-31,30442.0
VE,2010-02-28,25816.0
VE,2010-03-31,29977.0
VE,2010-04-30,28770.0
VE,2010-05-31,28458.0
VE,2010-06-30,30780.0
VE,2010-07-31,29915.0
VE,2010-08-31,29357.0
VE,2010-09-30,31800.0
VE,2010-10-31,29698.0
VE,2010-11-30,28620.0
VE,2010-12-31,29140.0
VE,2011-01-31,26443.0
VE,2011-02-28,26572.0
VE,2011-03-31,28799.0
VE,2011-04-30,29100.0
VE,2011-05-31,29729.0
VE,2011-06-30,30780.0
VE,2011-07-31,28830.0
VE,2011-08-31,27466.0
VE,2011-09-30,27840.0
VE,2011-10-31,31124.0
VE,2011-11-30,31050.0
VE,2011-12-31,33015.0
VE,2012-01-31,31248.0
VE,2012-02-29,27028.0
VE,2012-03-31,28117.0
VE,2012-04-30,27930.0
VE,2012-05-31,30535.0
VE,2012-06-30,31260.0
VE,2012-07-31,30504.0
VE,2012-08-31,32984.0
VE,2012-09-30,29430.0
VE,2012-10-31,28892.0
VE,2012-11-30,29250.0
VE,2012-12-31,30349.0
VE,2013-01-31,28427.0
VE,2013-02-28,26684.0
VE,2013-03-31,28737.0
VE,2013-04-30,
VE,2013-05-31,29326.0
VE,2013-06-30,27690.0
VE,2013-07-31,24990.0
VE,2013-08-31,29295.0
VE,2013-09-30,28140.0
VE,2013-10-31,
VE,2013-11-30,
VE,2013-12-31,
VE,2014-01-31,30070.0
VE,2014-02-28,26236.0
VE,2014-03-31,28892.0
VE,2014-04-30,28650.0
VE,2014-05-31,28117.0
VE,2014-06-30,26790.0
VE,2014-07-31,26908.0
VE,2014-08-31,26071.0
VE,2014-09-30,26310.0
VE,2014-10-31,27497.0
VE,2014-11-30,26820.0
VE,2014-12-31,27466.0
VE,2015-01-31,27559.0
VE,2015-02-28,24892.0
VE,2015-03-31,27528.0
VE,2015-04-30,
VE,2015-05-31,26598.0
VE,2015-06-30,28920.0
VE,2015-07-31,28582.0
VE,2015-08-31,27342.0
VE,2015-09-30,26670.0
VE,2015-10-31,29512.0
VE,2015-11-30,29130.0
VE,2015-12-31,28954.0
VE,2016-01-31,31217.0
VE,2016-02-29,27057.0
VE,2016-03-31,31775.0
VE,2016-04-30,28140.0
VE,2016-05-31,29078.0
VE,2016-06-30,32940.0
VE,2016-07-31,28520.0
VE,2016-08-31,30256.0
VE,2016-09-30,31590.0
VE,2016-10-31,33914.0
VE,2016-11-30,33750.0
VE,2016-12-31,30411.0
VE,2017-01-31,
VE,2017-02-28,
VE,2017-03-31,
VE,2017-04-30,
VE,2017-05-31,
VE,2017-06-30,
VE,2017-07-31,
VE,2017-08-31,
VE,2017-09-30,
VE,2017-10-31,
VE,2017-11-30,
VE,2017-12-31,
VE,2018-01-31,
VE,2018-02-28,
VE,2018-03-31,
VE,2018-04-30,
VE,2018-05-31,
VE,2018-06-30,
VE,2018-07-31,
VE,2018-08-31,
VE,2018-09-30,
VE,2018-10-31,
VE,2018-11-30,
VE,2018-12-31,
VE,2019-01-31,
VE,2019-02-28,
VE,2019-03-31,
VE,2019-04-30,
VE,2019-05-31,
VE,2019-06-30,
VE,2019-07-31,
VE,2019-08-31,
VE,2019-09-30,
VE,2019-10-31,
VE,2019-11-30,
VE,2019-12-31,
VE,2020-01-31,
VE,2020-02-29,
VE,2020-03-31,
VE,2020-04-30,
VE,2020-05-31,
VE,2020-06-30,
VE,2020-07-31,
VE,2020-08-31,
VE,2020-09-30,
VE,2020-10-31,
VE,2020-11-30,
VE,2020-12-31,
VE,2021-01-31,
VE,2021-02-28,
VE,2021-03-31,
VE,2021-04-30,
VE,2021-05-31,
VE,2021-06-30,
VE,2021-07-31,
VE,2021-08-31,
VE,2021-09-30,
VE,2021-10-31,
VE,2021-11-30,
VE,2021-12-31,
VE,2022-01-31,24986.0
VE,2022-02-28,26600.0
VE,2022-03-31,29233.0
VE,2022-04-30,26850.0
VE,2022-05-31,21638.0
VE,2022-06-30,0.0
VE,2022-07-31,24583.0
VE,2022-08-31,23591.0
VE,2022-09-30,18750.0
VE,2022-10-31,0.0
VE,2022-11-30,22980.0
VE,2022-12-31,21452.0
VE,2023-01-31,21452.0
VE,2023-02-28,22848.0
VE,2023-03-31,23312.0
VE,2023-04-30,22560.0
VE,2023-05-31,21566.0
VE,2023-06-30,22500.0
VE,2023-07-31,23095.0
VE,2023-08-31,22424.0
VE,2023-09-30,20318.0
VE,2023-10-31,17937.0
VE,2023-11-30,17730.0
VE,2023-12-31,17794.0
VE,2024-01-31,18321.0
VE,2024-02-29,20648.0
VE,2024-03-31,21080.0
VE,2024-04-30,21591.0
VE,2024-05-31,22444.0
VE,2024-06-30,20430.0
VE,2024-07-31,20336.0
VE,2024-08-31,20553.0
VE,2024-09-30,20460.0
VE,2024-10-31,20088.0
VE,2024-11-30,16500.0
VE,2024-12-31,20243.0
VE,2025-01-31,19778.0
VE,2025-02-28,
VE,2025-03-31,
VN,2002-01-31,
VN,2002-02-28,
VN,2002-03-31,
VN,2002-04-30,
VN,2002-05-31,
VN,2002-06-30,
VN,2002-07-31,
VN,2002-08-31,
VN,2002-09-30,
VN,2002-10-31,
VN,2002-11-30,
VN,2002-12-31,
VN,2003-01-31,
VN,2003-02-28,
VN,2003-03-31,
VN,2003-04-30,
VN,2003-05-31,
VN,2003-06-30,
VN,2003-07-31,
VN,2003-08-31,
VN,2003-09-30,
VN,2003-10-31,
VN,2003-11-30,
VN,2003-12-31,
VN,2004-01-31,
VN,2004-02-29,
VN,2004-03-31,
VN,2004-04-30,
VN,2004-05-31,
VN,2004-06-30,
VN,2004-07-31,
VN,2004-08-31,
VN,2004-09-30,
VN,2004-10-31,
VN,2004-11-30,
VN,2004-12-31,
VN,2005-01-31,
VN,2005-02-28,
VN,2005-03-31,
VN,2005-04-30,
VN,2005-05-31,
VN,2005-06-30,
VN,2005-07-31,
VN,2005-08-31,
VN,2005-09-30,
VN,2005-10-31,
VN,2005-11-30,
VN,2005-12-31,
VN,2006-01-31,
VN,2006-02-28,
VN,2006-03-31,
VN,2006-04-30,
VN,2006-05-31,
VN,2006-06-30,
VN,2006-07-31,
VN,2006-08-31,
VN,2006-09-30,
VN,2006-10-31,
VN,2006-11-30,
VN,2006-12-31,
VN,2007-01-31,
VN,2007-02-28,
VN,2007-03-31,
VN,2007-04-30,
VN,2007-05-31,
VN,2007-06-30,
VN,2007-07-31,
VN,2007-08-31,
VN,2007-09-30,
VN,2007-10-31,
VN,2007-11-30,
VN,2007-12-31,
VN,2008-01-31,
VN,2008-02-29,
VN,2008-03-31,
VN,2008-04-30,
VN,2008-05-31,
VN,2008-06-30,
VN,2008-07-31,
VN,2008-08-31,
VN,2008-09-30,
VN,2008-10-31,
VN,2008-11-30,
VN,2008-12-31,
VN,2009-01-31,
VN,2009-02-28,
VN,2009-03-31,
VN,2009-04-30,
VN,2009-05-31,
VN,2009-06-30,
VN,2009-07-31,
VN,2009-08-31,
VN,2009-09-30,
VN,2009-10-31,
VN,2009-11-30,
VN,2009-12-31,
VN,2010-01-31,
VN,2010-02-28,
VN,2010-03-31,
VN,2010-04-30,
VN,2010-05-31,
VN,2010-06-30,
VN,2010-07-31,
VN,2010-08-31,
VN,2010-09-30,
VN,2010-10-31,
VN,2010-11-30,
VN,2010-12-31,
VN,2011-01-31,
VN,2011-02-28,
VN,2011-03-31,
VN,2011-04-30,
VN,2011-05-31,
VN,2011-06-30,
VN,2011-07-31,
VN,2011-08-31,
VN,2011-09-30,
VN,2011-10-31,
VN,2011-11-30,
VN,2011-12-31,
VN,2012-01-31,
VN,2012-02-29,
VN,2012-03-31,
VN,2012-04-30,
VN,2012-05-31,
VN,2012-06-30,
VN,2012-07-31,
VN,2012-08-31,
VN,2012-09-30,
VN,2012-10-31,
VN,2012-11-30,
VN,2012-12-31,
VN,2013-01-31,
VN,2013-02-28,
VN,2013-03-31,
VN,2013-04-30,
VN,2013-05-31,
VN,2013-06-30,
VN,2013-07-31,
VN,2013-08-31,
VN,2013-09-30,
VN,2013-10-31,
VN,2013-11-30,
VN,2013-12-31,
VN,2014-01-31,
VN,2014-02-28,
VN,2014-03-31,
VN,2014-04-30,
VN,2014-05-31,
VN,2014-06-30,
VN,2014-07-31,
VN,2014-08-31,
VN,2014-09-30,
VN,2014-10-31,
VN,2014-11-30,
VN,2014-12-31,
VN,2015-01-31,
VN,2015-02-28,
VN,2015-03-31,
VN,2015-04-30,
VN,2015-05-31,
VN,2015-06-30,
VN,2015-07-31,
VN,2015-08-31,
VN,2015-09-30,
VN,2015-10-31,
VN,2015-11-30,
VN,2015-12-31,
VN,2016-01-31,
VN,2016-02-29,
VN,2016-03-31,
VN,2016-04-30,
VN,2016-05-31,
VN,2016-06-30,
VN,2016-07-31,
VN,2016-08-31,
VN,2016-09-30,
VN,2016-10-31,
VN,2016-11-30,
VN,2016-12-31,
VN,2017-01-31,
VN,2017-02-28,
VN,2017-03-31,
VN,2017-04-30,
VN,2017-05-31,
VN,2017-06-30,
VN,2017-07-31,
VN,2017-08-31,
VN,2017-09-30,
VN,2017-10-31,
VN,2017-11-30,
VN,2017-12-31,
VN,2018-01-31,
VN,2018-02-28,
VN,2018-03-31,
VN,2018-04-30,
VN,2018-05-31,
VN,2018-06-30,
VN,2018-07-31,
VN,2018-08-31,
VN,2018-09-30,
VN,2018-10-31,
VN,2018-11-30,
VN,2018-12-31,
VN,2019-01-31,
VN,2019-02-28,
VN,2019-03-31,
VN,2019-04-30,
VN,2019-05-31,
VN,2019-06-30,
VN,2019-07-31,
VN,2019-08-31,
VN,2019-09-30,
VN,2019-10-31,
VN,2019-11-30,
VN,2019-12-31,
VN,2020-01-31,
VN,2020-02-29,
VN,2020-03-31,
VN,2020-04-30,
VN,2020-05-31,
VN,2020-06-30,
VN,2020-07-31,
VN,2020-08-31,
VN,2020-09-30,
VN,2020-10-31,
VN,2020-11-30,
VN,2020-12-31,
VN,2021-01-31,
VN,2021-02-28,
VN,2021-03-31,
VN,2021-04-30,
VN,2021-05-31,
VN,2021-06-30,
VN,2021-07-31,
VN,2021-08-31,
VN,2021-09-30,
VN,2021-10-31,
VN,2021-11-30,
VN,2021-12-31,
VN,2022-01-31,
VN,2022-02-28,
VN,2022-03-31,
VN,2022-04-30,
VN,2022-05-31,
VN,2022-06-30,
VN,2022-07-31,
VN,2022-08-31,
VN,2022-09-30,
VN,2022-10-31,
VN,2022-11-30,
VN,2022-12-31,
VN,2023-01-31,
VN,2023-02-28,
VN,2023-03-31,
VN,2023-04-30,
VN,2023-05-31,
VN,2023-06-30,
VN,2023-07-31,
VN,2023-08-31,
VN,2023-09-30,
VN,2023-10-31,
VN,2023-11-30,
VN,2023-12-31,
VN,2024-01-31,
VN,2024-02-29,
VN,2024-03-31,
VN,2024-04-30,
VN,2024-05-31,
VN,2024-06-30,
VN,2024-07-31,
VN,2024-08-31,
VN,2024-09-30,
VN,2024-10-31,
VN,2024-11-30,
VN,2024-12-31,
VN,2025-01-31,
VN,2025-02-28,
VN,2025-03-31,
YE,2002-01-31,
YE,2002-02-28,
YE,2002-03-31,
YE,2002-04-30,
YE,2002-05-31,
YE,2002-06-30,
YE,2002-07-31,
YE,2002-08-31,
YE,2002-09-30,
YE,2002-10-31,
YE,2002-11-30,
YE,2002-12-31,
YE,2003-01-31,
YE,2003-02-28,
YE,2003-03-31,
YE,2003-04-30,
YE,2003-05-31,
YE,2003-06-30,
YE,2003-07-31,
YE,2003-08-31,
YE,2003-09-30,
YE,2003-10-31,
YE,2003-11-30,
YE,2003-12-31,
YE,2004-01-31,
YE,2004-02-29,
YE,2004-03-31,
YE,2004-04-30,
YE,2004-05-31,
YE,2004-06-30,
YE,2004-07-31,
YE,2004-08-31,
YE,2004-09-30,
YE,2004-10-31,
YE,2004-11-30,
YE,2004-12-31,
YE,2005-01-31,
YE,2005-02-28,
YE,2005-03-31,
YE,2005-04-30,
YE,2005-05-31,
YE,2005-06-30,
YE,2005-07-31,
YE,2005-08-31,
YE,2005-09-30,
YE,2005-10-31,
YE,2005-11-30,
YE,2005-12-31,
YE,2006-01-31,
YE,2006-02-28,
YE,2006-03-31,
YE,2006-04-30,
YE,2006-05-31,
YE,2006-06-30,
YE,2006-07-31,
YE,2006-08-31,
YE,2006-09-30,
YE,2006-10-31,
YE,2006-11-30,
YE,2006-12-31,
YE,2007-01-31,
YE,2007-02-28,
YE,2007-03-31,
YE,2007-04-30,
YE,2007-05-31,
YE,2007-06-30,
YE,2007-07-31,
YE,2007-08-31,
YE,2007-09-30,
YE,2007-10-31,
YE,2007-11-30,
YE,2007-12-31,
YE,2008-01-31,
YE,2008-02-29,
YE,2008-03-31,
YE,2008-04-30,
YE,2008-05-31,
YE,2008-06-30,
YE,2008-07-31,
YE,2008-08-31,
YE,2008-09-30,
YE,2008-10-31,
YE,2008-11-30,
YE,2008-12-31,
YE,2009-01-31,
YE,2009-02-28,
YE,2009-03-31,
YE,2009-04-30,
YE,2009-05-31,
YE,2009-06-30,
YE,2009-07-31,
YE,2009-08-31,
YE,2009-09-30,
YE,2009-10-31,
YE,2009-11-30,
YE,2009-12-31,
YE,2010-01-31,
YE,2010-02-28,
YE,2010-03-31,
YE,2010-04-30,
YE,2010-05-31,
YE,2010-06-30,
YE,2010-07-31,
YE,2010-08-31,
YE,2010-09-30,
YE,2010-10-31,
YE,2010-11-30,
YE,2010-12-31,
YE,2011-01-31,
YE,2011-02-28,
YE,2011-03-31,
YE,2011-04-30,
YE,2011-05-31,
YE,2011-06-30,
YE,2011-07-31,
YE,2011-08-31,
YE,2011-09-30,
YE,2011-10-31,
YE,2011-11-30,
YE,2011-12-31,
YE,2012-01-31,
YE,2012-02-29,
YE,2012-03-31,
YE,2012-04-30,
YE,2012-05-31,
YE,2012-06-30,
YE,2012-07-31,
YE,2012-08-31,
YE,2012-09-30,
YE,2012-10-31,
YE,2012-11-30,
YE,2012-12-31,
YE,2013-01-31,
YE,2013-02-28,
YE,2013-03-31,
YE,2013-04-30,
YE,2013-05-31,
YE,2013-06-30,
YE,2013-07-31,
YE,2013-08-31,
YE,2013-09-30,
YE,2013-10-31,
YE,2013-11-30,
YE,2013-12-31,
YE,2014-01-31,
YE,2014-02-28,
YE,2014-03-31,
YE,2014-04-30,
YE,2014-05-31,
YE,2014-06-30,
YE,2014-07-31,
YE,2014-08-31,
YE,2014-09-30,
YE,2014-10-31,
YE,2014-11-30,
YE,2014-12-31,
YE,2015-01-31,
YE,2015-02-28,
YE,2015-03-31,
YE,2015-04-30,
YE,2015-05-31,
YE,2015-06-30,
YE,2015-07-31,
YE,2015-08-31,
YE,2015-09-30,
YE,2015-10-31,
YE,2015-11-30,
YE,2015-12-31,
YE,2016-01-31,
YE,2016-02-29,
YE,2016-03-31,
YE,2016-04-30,
YE,2016-05-31,
YE,2016-06-30,
YE,2016-07-31,
YE,2016-08-31,
YE,2016-09-30,
YE,2016-10-31,
YE,2016-11-30,
YE,2016-12-31,
YE,2017-01-31,
YE,2017-02-28,
YE,2017-03-31,
YE,2017-04-30,
YE,2017-05-31,
YE,2017-06-30,
YE,2017-07-31,
YE,2017-08-31,
YE,2017-09-30,
YE,2017-10-31,
YE,2017-11-30,
YE,2017-12-31,
YE,2018-01-31,
YE,2018-02-28,
YE,2018-03-31,
YE,2018-04-30,
YE,2018-05-31,
YE,2018-06-30,
YE,2018-07-31,
YE,2018-08-31,
YE,2018-09-30,
YE,2018-10-31,
YE,2018-11-30,
YE,2018-12-31,
YE,2019-01-31,
YE,2019-02-28,
YE,2019-03-31,
YE,2019-04-30,
YE,2019-05-31,
YE,2019-06-30,
YE,2019-07-31,
YE,2019-08-31,
YE,2019-09-30,
YE,2019-10-31,
YE,2019-11-30,
YE,2019-12-31,
YE,2020-01-31,
YE,2020-02-29,
YE,2020-03-31,
YE,2020-04-30,
YE,2020-05-31,
YE,2020-06-30,
YE,2020-07-31,
YE,2020-08-31,
YE,2020-09-30,
YE,2020-10-31,
YE,2020-11-30,
YE,2020-12-31,
YE,2021-01-31,
YE,2021-02-28,
YE,2021-03-31,
YE,2021-04-30,
YE,2021-05-31,
YE,2021-06-30,
YE,2021-07-31,
YE,2021-08-31,
YE,2021-09-30,
YE,2021-10-31,
YE,2021-11-30,
YE,2021-12-31,
YE,2022-01-31,
YE,2022-02-28,
YE,2022-03-31,
YE,2022-04-30,
YE,2022-05-31,
YE,2022-06-30,
YE,2022-07-31,
YE,2022-08-31,
YE,2022-09-30,
YE,2022-10-31,
YE,2022-11-30,
YE,2022-12-31,
YE,2023-01-31,
YE,2023-02-28,
YE,2023-03-31,
YE,2023-04-30,
YE,2023-05-31,
YE,2023-06-30,
YE,2023-07-31,
YE,2023-08-31,
YE,2023-09-30,
YE,2023-10-31,
YE,2023-11-30,
YE,2023-12-31,
YE,2024-01-31,
YE,2024-02-29,
YE,2024-03-31,
YE,2024-04-30,
YE,2024-05-31,
YE,2024-06-30,
YE,2024-07-31,
YE,2024-08-31,
YE,2024-09-30,
YE,2024-10-31,
YE,2024-11-30,
YE,2024-12-31,
YE,2025-01-31,
YE,2025-02-28,
YE,2025-03-31,
ZA,2002-01-31,10218.94
ZA,2002-02-28,10500.43
ZA,2002-03-31,12146.72
ZA,2002-04-30,9135.63
ZA,2002-05-31,11276.66
ZA,2002-06-30,7804.95
ZA,2002-07-31,8299.69
ZA,2002-08-31,11447.26
ZA,2002-09-30,14714.25
ZA,2002-10-31,10850.16
ZA,2002-11-30,9835.09
ZA,2002-12-31,8239.98
ZA,2003-01-31,7139.61
ZA,2003-02-28,9715.67
ZA,2003-03-31,9144.16
ZA,2003-04-30,8734.72
ZA,2003-05-31,9690.08
ZA,2003-06-30,9886.27
ZA,2003-07-31,8120.56
ZA,2003-08-31,7779.36
ZA,2003-09-30,7156.67
ZA,2003-10-31,8632.36
ZA,2003-11-30,7608.76
ZA,2003-12-31,9715.67
ZA,2004-01-31,12291.73
ZA,2004-02-29,14134.21
ZA,2004-03-31,10355.42
ZA,2004-04-30,8112.03
ZA,2004-05-31,8572.65
ZA,2004-06-30,8657.95
ZA,2004-07-31,7898.78
ZA,2004-08-31,10986.64
ZA,2004-09-30,10227.47
ZA,2004-10-31,11302.25
ZA,2004-11-30,10491.9
ZA,2004-12-31,9664.49
ZA,2005-01-31,11583.74
ZA,2005-02-28,9698.61
ZA,2005-03-31,8094.97
ZA,2005-04-30,9323.29
ZA,2005-05-31,10261.59
ZA,2005-06-30,13349.45
ZA,2005-07-31,10858.69
ZA,2005-08-31,12044.36
ZA,2005-09-30,11421.67
ZA,2005-10-31,12163.78
ZA,2005-11-30,14091.56
ZA,2005-12-31,13272.68
ZA,2006-01-31,12257.61
ZA,2006-02-28,13178.85
ZA,2006-03-31,12991.19
ZA,2006-04-30,14603.36
ZA,2006-05-31,16096.11
ZA,2006-06-30,14543.65
ZA,2006-07-31,13127.67
ZA,2006-08-31,12240.55
ZA,2006-09-30,12249.08
ZA,2006-10-31,12138.19
ZA,2006-11-30,11634.92
ZA,2006-12-31,12530.57
ZA,2007-01-31,12078.48
ZA,2007-02-28,11131.65
ZA,2007-03-31,13793.01
ZA,2007-04-30,12291.73
ZA,2007-05-31,15294.29
ZA,2007-06-30,14782.49
ZA,2007-07-31,13741.83
ZA,2007-08-31,13579.76
ZA,2007-09-30,11106.06
ZA,2007-10-31,11942.0
ZA,2007-11-30,13741.83
ZA,2007-12-31,14014.79
ZA,2008-01-31,11720.22
ZA,2008-02-29,11856.7
ZA,2008-03-31,14202.45
ZA,2008-04-30,13903.9
ZA,2008-05-31,13366.51
ZA,2008-06-30,13502.99
ZA,2008-07-31,13315.33
ZA,2008-08-31,12718.23
ZA,2008-09-30,13050.9
ZA,2008-10-31,16957.64
ZA,2008-11-30,13878.31
ZA,2008-12-31,12479.39
ZA,2009-01-31,12044.36
ZA,2009-02-28,10943.99
ZA,2009-03-31,12786.47
ZA,2009-04-30,15226.05
ZA,2009-05-31,15703.73
ZA,2009-06-30,12479.39
ZA,2009-07-31,10415.13
ZA,2009-08-31,12564.69
ZA,2009-09-30,12445.27
ZA,2009-10-31,11481.38
ZA,2009-11-30,13835.66
ZA,2009-12-31,10363.95
ZA,2010-01-31,11728.75
ZA,2010-02-28,8180.27
ZA,2010-03-31,10798.98
ZA,2010-04-30,7608.76
ZA,2010-05-31,10346.89
ZA,2010-06-30,10816.04
ZA,2010-07-31,10295.71
ZA,2010-08-31,9442.71
ZA,2010-09-30,11617.86
ZA,2010-10-31,14492.47
ZA,2010-11-30,13119.14
ZA,2010-12-31,9766.85
ZA,2011-01-31,7062.84
ZA,2011-02-28,11012.23
ZA,2011-03-31,10193.35
ZA,2011-04-30,11890.82
ZA,2011-05-31,11677.57
ZA,2011-06-30,10244.53
ZA,2011-07-31,9963.04
ZA,2011-08-31,12752.35
ZA,2011-09-30,13938.02
ZA,2011-10-31,14927.5
ZA,2011-11-30,13869.78
ZA,2011-12-31,8564.12
ZA,2012-01-31,11319.31
ZA,2012-02-29,9997.16
ZA,2012-03-31,11421.67
ZA,2012-04-30,12377.03
ZA,2012-05-31,11404.61
ZA,2012-06-30,12991.19
ZA,2012-07-31,12641.46
ZA,2012-08-31,13963.61
ZA,2012-09-30,11054.88
ZA,2012-10-31,9459.77
ZA,2012-11-30,8922.38
ZA,2012-12-31,12385.56
ZA,2013-01-31,9920.39
ZA,2013-02-28,10619.85
ZA,2013-03-31,12658.52
ZA,2013-04-30,10833.1
ZA,2013-05-31,10713.68
ZA,2013-06-30,12129.66
ZA,2013-07-31,3070.8
ZA,2013-08-31,9783.91
ZA,2013-09-30,8299.69
ZA,2013-10-31,9843.62
ZA,2013-11-30,10491.9
ZA,2013-12-31,10150.7
ZA,2014-01-31,8495.88
ZA,2014-02-28,10790.45
ZA,2014-03-31,12052.89
ZA,2014-04-30,13392.1
ZA,2014-05-31,9894.8
ZA,2014-06-30,10466.31
ZA,2014-07-31,10278.65
ZA,2014-08-31,10645.44
ZA,2014-09-30,11046.35
ZA,2014-10-31,11046.35
ZA,2014-11-30,10108.05
ZA,2014-12-31,9903.33
ZA,2015-01-31,8120.56
ZA,2015-02-28,9835.09
ZA,2015-03-31,11140.18
ZA,2015-04-30,11515.5
ZA,2015-05-31,9237.99
ZA,2015-06-30,10218.94
ZA,2015-07-31,10244.53
ZA,2015-08-31,8973.56
ZA,2015-09-30,9272.11
ZA,2015-10-31,13554.17
ZA,2015-11-30,12795.0
ZA,2015-12-31,12795.0
ZA,2016-01-31,
ZA,2016-02-29,
ZA,2016-03-31,
ZA,2016-04-30,
ZA,2016-05-31,
ZA,2016-06-30,
ZA,2016-07-31,
ZA,2016-08-31,
ZA,2016-09-30,
ZA,2016-10-31,
ZA,2016-11-30,
ZA,2016-12-31,
ZA,2017-01-31,12232.02
ZA,2017-02-28,11276.66
ZA,2017-03-31,13639.47
ZA,2017-04-30,16096.11
ZA,2017-05-31,12726.76
ZA,2017-06-30,15567.25
ZA,2017-07-31,15823.15
ZA,2017-08-31,16369.07
ZA,2017-09-30,14040.38
ZA,2017-10-31,14910.44
ZA,2017-11-30,14262.16
ZA,2017-12-31,15243.11
ZA,2018-01-31,14083.03
ZA,2018-02-28,12189.37
ZA,2018-03-31,15865.8
ZA,2018-04-30,16266.71
ZA,2018-05-31,12726.76
ZA,2018-06-30,16292.3
ZA,2018-07-31,14415.7
ZA,2018-08-31,14083.03
ZA,2018-09-30,13340.92
ZA,2018-10-31,14142.74
ZA,2018-11-30,15567.25
ZA,2018-12-31,13016.78
ZA,2019-01-31,13025.31
ZA,2019-02-28,13443.28
ZA,2019-03-31,11822.58
ZA,2019-04-30,13468.87
ZA,2019-05-31,14526.59
ZA,2019-06-30,15703.73
ZA,2019-07-31,11924.94
ZA,2019-08-31,10432.19
ZA,2019-09-30,12905.89
ZA,2019-10-31,12308.79
ZA,2019-11-30,9945.98
ZA,2019-12-31,9920.39
ZA,2020-01-31,12752.35
ZA,2020-02-29,10747.8
ZA,2020-03-31,9971.57
ZA,2020-04-30,16428.78
ZA,2020-05-31,19926.08
ZA,2020-06-30,17435.32
ZA,2020-07-31,18893.95
ZA,2020-08-31,17955.65
ZA,2020-09-30,17068.53
ZA,2020-10-31,18075.07
ZA,2020-11-30,17588.86
ZA,2020-12-31,17614.45
ZA,2021-01-31,18305.38
ZA,2021-02-28,17827.7
ZA,2021-03-31,14159.8
ZA,2021-04-30,12829.12
ZA,2021-05-31,12931.48
ZA,2021-06-30,13204.44
ZA,2021-07-31,12701.17
ZA,2021-08-31,9988.63
ZA,2021-09-30,10082.46
ZA,2021-10-31,9579.19
ZA,2021-11-30,9894.8
ZA,2021-12-31,8854.14
ZA,2022-01-31,9536.54
ZA,2022-02-28,9681.55
ZA,2022-03-31,9374.47
ZA,2022-04-30,8120.56
ZA,2022-05-31,9425.65
ZA,2022-06-30,8197.33
ZA,2022-07-31,9272.11
ZA,2022-08-31,7830.54
ZA,2022-09-30,7813.48
ZA,2022-10-31,10176.29
ZA,2022-11-30,10005.69
ZA,2022-12-31,10108.05
ZA,2023-01-31,10688.09
ZA,2023-02-28,10867.22
ZA,2023-03-31,9570.66
ZA,2023-04-30,10082.46
ZA,2023-05-31,8274.1
ZA,2023-06-30,9766.85
ZA,2023-07-31,10321.3
ZA,2023-08-31,9852.15
ZA,2023-09-30,10108.05
ZA,2023-10-31,10577.2
ZA,2023-11-30,7557.58
ZA,2023-12-31,11353.43
ZA,2024-01-31,7975.55
ZA,2024-02-29,7984.08
ZA,2024-03-31,3906.74
ZA,2024-04-30,8470.29
ZA,2024-05-31,6559.57
ZA,2024-06-30,7446.69
ZA,2024-07-31,
ZA,2024-08-31,
ZA,2024-09-30,
ZA,2024-10-31,
ZA,2024-11-30,
ZA,2024-12-31,
ZA,2025-01-31,
ZA,2025-02-28,
ZA,2025-03-31,
